,X1,X2,Label,f
0,0.08882825120255353,0.33292127194436527,0,-2.89759651284137e-06
1,0.27621975111214264,0.2899889119854978,0,-1.0789767271581444e-05
2,0.2140898929189494,0.3678225320852274,0,-7.069587831371016e-06
3,0.16854239489433456,0.5620888225059623,0,-6.497743346432573e-07
4,0.30397696843649263,0.20818659178350088,0,0.000967468867422639
5,0.08507443571763264,0.04550537113816142,0,0.0001105892117838391
6,0.2986030156894292,0.45491221723380587,0,-6.880311726685539e-06
7,0.2959298694931978,0.3823737329710486,0,-1.2946730318559559e-05
8,0.15375845907708768,0.019772286819517836,2,0.005409331484700213
9,0.17507588389359907,0.3639584641777697,0,-5.011117568580486e-06
10,0.15090425998307824,0.21134621791516225,0,-1.5242955739997332e-05
11,0.14445123822332576,0.4426376084293457,0,-1.686488189973113e-06
12,0.295690142183193,0.4991585889888253,0,-4.3244025845098805e-06
13,0.18061223578841454,0.0343015940013825,3,0.007394169999373171
14,0.15656510221249723,0.16552943857657967,0,-7.645437402960267e-06
15,0.18728377350027803,0.3140141379381071,0,-9.151390691693272e-06
16,0.17153210304491642,0.45802614778941825,0,-1.8946510453434128e-06
17,0.32401556575887974,0.21365173387484748,0,0.0014717858845187982
18,0.11880969886820708,0.23630642175632932,0,-9.976367201026102e-06
19,0.026507101529236632,0.46727980284021275,0,-4.059870459663271e-07
20,0.12769422910858721,0.2628933543159772,0,-8.460451528763843e-06
21,0.1657896620830764,0.5388296502763527,0,-7.976797421875523e-07
22,0.106999384836753,0.5223039826584545,0,-5.232164609020828e-07
23,0.3325152572543979,0.3084353403408166,0,3.435212677118566e-05
24,0.17073824529693174,0.3260480811335717,0,-6.96858219162642e-06
25,0.22338259811719754,0.3129732029226805,0,-1.2649076717592879e-05
26,0.0812169238773757,0.47796530359349887,0,-6.301109490908291e-07
27,0.028403343448829263,0.07620968230630278,0,-1.5742041199454333e-05
28,0.14159823693452428,0.24416442792532647,0,-1.138172469847229e-05
29,0.21858733413255493,0.39781367092741243,0,-5.507544461925174e-06
30,0.19600442009786406,0.04916161736613273,3,0.0070315352892228915
31,0.11685382773259849,0.03173007691472855,0,0.000875040642874325
32,0.025752557208872626,0.5661569749992227,0,-1.4990890277469425e-07
33,0.11178650551894775,0.18485056500630476,0,-1.4250486317771126e-05
34,0.15068270325397934,0.21429730531319183,0,-1.502375027953176e-05
35,0.11025282906729306,0.16585204727317943,0,-1.5514593964728006e-05
36,0.20492643362792004,0.3842475728127589,0,-5.5040645786141146e-06
37,0.2932699815686492,0.2978721679998793,0,-5.889794439655358e-06
38,0.18731941218656445,0.3395999163244487,0,-7.173973967441314e-06
39,0.23755117903950412,0.4555539770743325,0,-3.747915286479691e-06
40,0.22537089077887096,0.023720838568017943,9,0.020010093126801205
41,0.16181328557724808,0.1426824976543333,0,2.903908541802688e-05
42,0.07770266601739836,0.27488389853402584,0,-4.623283221038445e-06
43,0.10564559772314047,0.595936825274936,0,-2.471962221949718e-07
44,0.2546140191745123,0.026034879058712646,9,0.02181668921935438
45,0.026010752395063945,0.5962751273467258,0,-1.1121113896891088e-07
46,0.21566743158140783,0.40003678284088473,0,-5.23530740548818e-06
47,0.12720871109871051,0.5182473080891576,0,-6.667048486673799e-07
48,0.17863132964001344,0.5943106952016607,0,-5.206908404335379e-07
49,0.11304011506195358,0.057575622162794236,0,0.00023977481973070855
50,0.05816197829504245,0.2829728330018812,0,-3.513467588670154e-06
51,0.10848296447287448,0.5953059956252427,0,-2.559097075442101e-07
52,0.18363441198823807,0.3205855945508114,0,-8.312237630794961e-06
53,0.022344852859742612,0.5865794248903278,0,-1.1812776032470794e-07
54,0.010184451048884113,0.11156031710920886,0,-1.1516233726138539e-05
55,0.07999662954687595,0.4742791933146879,0,-6.458509589812132e-07
56,0.06583565239147349,0.09933050717406074,0,-1.5138648888215546e-05
57,0.33220292040997657,0.12621849203702093,3,0.007559665080506482
58,0.3006467962793128,0.17981276024255682,1,0.00217117971253624
59,0.3150433119028963,0.47009440354205395,0,-6.961728815286958e-06
60,0.18339196403628902,0.02868227057716539,4,0.009406255558274634
61,0.3412373084415111,0.244933013448084,0,0.0008962262151377913
62,0.15593124589707769,0.3680295737749855,0,-3.981407554923881e-06
63,0.07956928957492594,0.21078098069571286,0,-8.79157639178388e-06
64,0.020865078086075017,0.5889770741625538,0,-1.1363697150157198e-07
65,0.09714869002622427,0.5402545959148024,0,-3.9628364201290166e-07
66,0.1636412073914334,0.008217932709610354,4,0.010568200214403502
67,0.255405555337426,0.4902461501876456,0,-3.167800962550178e-06
68,0.100262231233737,0.060789036364889255,0,0.00010930108486180151
69,0.13683505931367604,0.4840902720110557,0,-1.0327514199885088e-06
70,0.2502707232162746,0.022705139095060466,9,0.022651346951356087
71,0.11009266784722993,0.3052764931028145,0,-4.713444489754707e-06
72,0.3477657024136074,0.17479930077091657,2,0.004861327596417815
73,0.2582738329035826,0.05918804176600771,6,0.014082539788258824
74,0.033846774957555226,0.37136348718964035,0,-1.139961544249904e-06
75,0.10756484964033244,0.4064165822637497,0,-1.676282317236471e-06
76,0.0343542469125338,0.41670497343261365,0,-7.280999603876383e-07
77,0.16221972460142842,0.48596943983117963,0,-1.3057967952964526e-06
78,0.2690146801677024,0.018752346770104043,9,0.024344607770726816
79,0.2249191801673543,0.16482893162921972,0,0.0002691178100364192
80,0.33814043369371255,0.47391088515606433,0,-8.37350386735997e-06
81,0.08749615899604517,0.2509879230990544,0,-6.443806139596576e-06
82,0.170704928067806,0.43875173197259176,0,-2.278138455162965e-06
83,0.13492357705643182,0.442850153662059,0,-1.5302691303043322e-06
84,0.03366639148065763,0.3542716161256166,0,-1.3499712690938066e-06
85,0.2849618786131384,0.4511017915939126,0,-6.253223869963186e-06
86,0.11147372386969362,0.36552483704437205,0,-2.6225204921012307e-06
87,0.22293256689737637,0.34844405189964217,0,-9.248822766655488e-06
88,0.025477468507677237,0.38240938719201084,0,-9.389021311352281e-07
89,0.11011526161422186,0.3869953633343306,0,-2.0878277527556318e-06
90,0.28048100681358534,0.4622389392958239,0,-5.363637251863764e-06
91,0.2428848198945497,0.06089150629486619,5,0.012219113242670993
92,0.026059072114424573,0.31265793741910614,0,-1.8966939870628982e-06
93,0.14922547952093232,0.4605621576743837,0,-1.4786384423730187e-06
94,0.12722953927913733,0.08633425222100959,0,0.0001161679678220207
95,0.3169412371660555,0.416202829972776,0,-1.1666669215733654e-05
96,0.10799441113450368,0.40438295944814096,0,-1.718054719504582e-06
97,0.1270289966690907,0.33457408875398276,0,-4.167942092188552e-06
98,0.13294447388574523,0.23581594749530732,0,-1.135347648733837e-05
99,0.31401211663312617,0.4113739058647094,0,-1.1855216906724162e-05
100,0.21744693498377132,0.28074569078998785,0,-1.5049595816404216e-05
101,0.15200635565434564,0.30605327466181365,0,-7.057108915062366e-06
102,0.06422141495418865,0.2560179424003554,0,-4.877657135295509e-06
103,0.3074887933647755,0.5791746779775119,0,-2.1903602199983143e-06
104,0.22177856875146212,0.4652016306218477,0,-2.9100946890188897e-06
105,0.23207007434179322,0.17346598834079086,0,0.0002498270722734835
106,0.01692810157702719,0.16582222720679024,0,-7.432743371579105e-06
107,0.0018703931546411754,0.44893625556998346,0,-3.813239334033553e-07
108,0.023178922173204258,0.3666282343226449,0,-1.0744351070424385e-06
109,0.12326374260791052,0.3502472937265138,0,-3.434906694427651e-06
110,0.295089064111503,0.44571127511319164,0,-7.271121350869798e-06
111,0.04573574493415983,0.41531286726106553,0,-8.271914241413684e-07
112,0.033480112899349566,0.5681833837699031,0,-1.5869023623372237e-07
113,0.1394741636991225,0.46607618512715343,0,-1.269564533525133e-06
114,0.33048172428981054,0.44230002379030064,0,-1.0453463571113482e-05
115,0.09481374116501426,0.34595692199347955,0,-2.7004580952339877e-06
116,0.2551821030656715,0.16044421256882974,0,0.0010399817051651421
117,0.05568191843036189,0.5779225332957115,0,-1.7970666534656643e-07
118,0.25924935266184723,0.45550115288735554,0,-4.649685767282455e-06
119,0.17591954851130545,0.3606449481287366,0,-5.221310654696494e-06
120,0.2652557899536735,0.55333866504852,0,-1.8612868269180998e-06
121,0.3176686281385231,0.3414380350039417,0,-1.4089719177877851e-05
122,0.2848772379465627,0.497941374781664,0,-3.932193812980445e-06
123,0.02004204568115661,0.4027098335221442,0,-7.25910051833259e-07
124,0.26414291367820886,0.3631366582792471,0,-1.1706522913973535e-05
125,0.1109614743989843,0.3466707475551497,0,-3.149334293557744e-06
126,0.3470282167862373,0.014343333796361057,9,0.024370858375043304
127,0.17567967583290486,0.360294333950965,0,-5.227052094750869e-06
128,0.14835712930715342,0.25867761287974717,0,-1.0635967907415798e-05
129,0.27178185766271995,0.08676546649576722,4,0.010196161628990045
130,0.33048957931645395,0.30062791766385416,0,5.081371221603242e-05
131,0.29372081808277656,0.06952448251436728,6,0.013207509040026637
132,0.03806633022340375,0.266514831166388,0,-3.3892233916213655e-06
133,0.13348197738798132,0.18164049302531962,0,-1.5759603442139817e-05
134,0.28753914812877057,0.4073958456120487,0,-9.729724995118686e-06
135,0.12553556397772467,0.20388627615916116,0,-1.3762133616700213e-05
136,0.015695207268992133,0.49657165828880206,0,-2.718922128398262e-07
137,0.2434725207847373,0.19200183264109358,0,0.00017790398551750615
138,0.304712833969163,0.21397977095629894,0,0.0008081854324334891
139,0.13174562181121188,0.2278044634696,0,-1.2023384160516156e-05
140,0.22548154304701307,0.5849330237363519,0,-9.127854980187727e-07
141,0.21312547503471874,0.24843106086020988,0,-1.545840300799807e-05
142,0.0756094531962338,0.4825688275441313,0,-5.689902066612551e-07
143,0.2467902946101107,0.3892751619760197,0,-7.87352835488255e-06
144,0.29962540254533865,0.5031823881980296,0,-4.320153175424082e-06
145,0.3402146634066318,0.2848652821161765,0,0.00018651974892358082
146,0.28862629445104165,0.5042000702857833,0,-3.834878393480437e-06
147,0.12008470725560814,0.4920021363714907,0,-8.072608369360714e-07
148,0.19101065472884765,0.5459019118435348,0,-9.559722983624229e-07
149,0.020472888773205154,0.45357593364862897,0,-4.3837812874840324e-07
150,0.2626201005309476,0.2699374820973888,0,-7.368014980063845e-06
151,0.2241940838906379,0.26358265417969323,0,-1.571597902419582e-05
152,0.06580234452923747,0.09287144576995425,0,-1.4175646276189507e-05
153,0.12260493752371052,0.512178984424418,0,-6.765861358235038e-07
154,0.3263581470992557,0.19360533446118477,1,0.0026906729880420087
155,0.1915408768613629,0.2650700255486821,0,-1.4201774037690963e-05
156,0.07962419345012242,0.3812775322493047,0,-1.6306391183196812e-06
157,0.00903836483031119,0.09664853561067081,0,-1.2877039741458792e-05
158,0.2325636577399132,0.09684706108131737,2,0.004334275828003233
159,0.14748469279949214,0.010264567701345961,2,0.006174185991677827
160,0.1462046399972952,0.3736318160645898,0,-3.4184128697668013e-06
161,0.14867486248382203,0.05336823950716907,0,0.0012785073610888642
162,0.19593494979425108,0.2568164737437092,0,-1.5217812701176301e-05
163,0.03385106818387179,0.0654001320971502,0,-1.4886952605580446e-05
164,0.06079965190756748,0.4675444565747998,0,-5.703182508333436e-07
165,0.22308890490131458,0.03126703774345543,7,0.017198501333688578
166,0.3042121915191985,0.4686016017583524,0,-6.357938933562815e-06
167,0.32831505085811835,0.12603700246043315,3,0.007605640928760257
168,0.3064780528427378,0.10203466591769077,4,0.009524716302872964
169,0.14016500787673486,0.17493785737564624,0,-1.5325784214271547e-05
170,0.21788369921345585,0.061394417964782705,3,0.008257721404956174
171,0.0012163582439650654,0.22362716744828862,0,-3.6008618612127062e-06
172,0.25530223937431645,0.16693127699601878,0,0.0008201496774228449
173,0.1606545274591855,0.4297665089177051,0,-2.254435404783504e-06
174,0.3305988129085679,0.04097393589262983,7,0.016462105467505015
175,0.12510219653704865,0.45058989660182747,0,-1.2840769959348914e-06
176,0.058233865418524794,0.31787614763721606,0,-2.4819842640359737e-06
177,0.2672132655263134,0.4578280392865055,0,-4.915742208019066e-06
178,0.12277847948513114,0.564842342887433,0,-4.002923078169532e-07
179,0.2888051696976497,0.35783616205898927,0,-1.459216587646986e-05
180,0.2725636524979647,0.19423858806999694,0,0.0005398242924395891
181,0.04876093230041476,0.4713144756212493,0,-4.869963056413545e-07
182,0.16032050630939632,0.5379182598461897,0,-7.622127458385234e-07
183,0.11911258865054625,0.2753865143059175,0,-6.9101519781612755e-06
184,0.31846329181992006,0.17779680843918025,1,0.0033562359924187066
185,0.2301107810535105,0.07210487717751164,3,0.008014440503872018
186,0.14403401398469565,0.23311827786496087,0,-1.2713561498295984e-05
187,0.165028733517156,0.32586587729972777,0,-6.604215026774797e-06
188,0.3082962452467929,0.03896389271305887,8,0.01788601755294315
189,0.025863651533268944,0.10549628378665578,0,-1.3651372951465304e-05
190,0.2828224559573195,0.5933973425688504,0,-1.486044353483059e-06
191,0.3136515947854504,0.34065436696285795,0,-1.4680814004094073e-05
192,0.13417571370138562,0.5426962896297487,0,-5.597208497177817e-07
193,0.0780745471239083,0.2916242634864857,0,-3.929323751959419e-06
194,0.258665480295198,0.05021320064678827,7,0.015962888683947015
195,0.2245597425056591,0.11221061782035398,0,0.002092763870775944
196,0.07944133709694254,0.44463866076538233,0,-8.638591279452055e-07
197,0.1474113113052307,0.5415062803391093,0,-6.46438931257334e-07
198,0.1836670115269722,0.5103222280885096,0,-1.2679386811652104e-06
199,0.2107455011575373,0.3575119593859189,0,-7.562615504930524e-06
200,0.21917302846916237,0.3417042656304259,0,-9.508564761098252e-06
201,0.21137044203158606,0.3757353263176377,0,-6.374280744398936e-06
202,0.10242242762563804,0.2308689362931844,0,-9.01953135576242e-06
203,0.3484984873366218,0.3293966751137267,0,2.2453528071748726e-05
204,0.05135373386121352,0.5893472286291597,0,-1.535230554426663e-07
205,0.08762414855152625,0.05543569472683905,0,7.326307879528888e-05
206,0.2138217840569958,0.2789887767560362,0,-1.490833063361685e-05
207,0.29269790278940105,0.18811952830039988,0,0.0013418392209385503
208,0.25080192123983286,0.24131798175642527,0,9.145794046452823e-06
209,0.25525705507590557,0.11682542064960616,1,0.00425858313639021
210,0.12716043387099477,0.3935485188521582,0,-2.317937401423848e-06
211,0.1456843903003756,0.2059195591334231,0,-1.5255925623772553e-05
212,0.0071684308976139805,0.45562468929580763,0,-3.760385493924115e-07
213,0.0920832101472194,0.5477899889885811,0,-3.4939173999367843e-07
214,0.05136274159531585,0.23391116191286987,0,-5.3457313632168335e-06
215,0.27048439007234776,0.11845197212777336,2,0.005557215083286621
216,0.01844164828362585,0.14062914731119727,0,-9.56951296979803e-06
217,0.20449076441377848,0.13494933803968162,0,0.000415174600294791
218,0.198424779231291,0.23532952414191538,0,-1.5555291938712817e-05
219,0.015929104961175156,0.029196768261268956,0,-9.596137362905299e-06
220,0.24869910737119416,0.5184920118086882,0,-2.2352364968359373e-06
221,0.19713202324305318,0.07163138149180379,1,0.0035455275537373885
222,0.21791900308198328,0.11371562548307243,0,0.0015909306307666296
223,0.3097692434322011,0.5626386927118807,0,-2.6428640224494724e-06
224,0.020572297083784344,0.11451913076950006,0,-1.2247934168103124e-05
225,0.27177582549474466,0.15874478952246712,0,0.001877913185000199
226,0.238581458998054,0.2816702011249263,0,-1.5827522768843015e-05
227,0.1658870395630805,0.41650223398475905,0,-2.7115395572830344e-06
228,0.22648751541949136,0.5663165814736983,0,-1.110592666482932e-06
229,0.3383566927412777,0.26530395264568946,0,0.0003902508501248445
230,0.23259431801000752,0.010413337713719462,9,0.025721238041530377
231,0.28261153253194704,0.4003664385828052,0,-9.919794131603336e-06
232,0.07719131105309571,0.061371179385295856,0,2.31952537205411e-05
233,0.32632228803184976,0.4676144239547496,0,-7.94703767570539e-06
234,0.2917122475142205,0.33162594575677845,0,-1.5816097298437372e-05
235,0.09579000065446333,0.05408979886737229,0,0.00012312949199704316
236,0.17410411454854777,0.2037318541486662,0,-1.4758203752061227e-05
237,0.2134510784334497,0.10331203986176185,0,0.0019903719251510173
238,0.20510656785759257,0.041513169343579,4,0.010653660665054705
239,0.33575161701095696,0.10436229777052954,4,0.008763693735161402
240,0.10697524459950744,0.18402704521742996,0,-1.3886304806562862e-05
241,0.05281312230200938,0.5583822159191988,0,-2.1231503798973005e-07
242,0.13624288167304585,0.32157055269527257,0,-5.194212181850306e-06
243,0.34404802699157877,0.10468117824156284,3,0.00841332237332428
244,0.053258827446910746,0.551109097500008,0,-2.293507872822124e-07
245,0.03717049379234454,0.34650494376535274,0,-1.510925891123677e-06
246,0.09882383959252122,0.3141082700954188,0,-3.860892623911383e-06
247,0.21384486529184132,0.5543001625228957,0,-1.103930200458244e-06
248,0.29143205908538183,0.2357306344588226,0,0.0002035576293337085
249,0.13030283127384673,0.4185372158615442,0,-1.8632919822440416e-06
250,0.21077720732933206,0.42683063061489496,0,-3.823598692809392e-06
251,0.28024591438900265,0.08723540874998294,4,0.01062485825816541
252,0.04794374594404506,0.2084844670461672,0,-6.6358376500226455e-06
253,0.19353648258879028,0.4950218527383948,0,-1.6303707677193642e-06
254,0.038966796365023766,0.18994711844452422,0,-7.282594340075814e-06
255,0.11769599718615859,0.5651306965245383,0,-3.7938892721404134e-07
256,0.061837818300663316,0.3355294193882076,0,-2.156882588300439e-06
257,0.17583008938594413,0.2725162899949577,0,-1.195344488358238e-05
258,0.016622717579087926,0.08005649829468553,0,-1.5039271670386704e-05
259,0.049612591309817954,0.21800010085043478,0,-6.145406380777132e-06
260,0.05813177048810066,0.5935105032620532,0,-1.5757771824639322e-07
261,0.19281731628788618,0.4313778647663659,0,-3.05656337457391e-06
262,0.24851309840812932,0.08329653354189372,3,0.008453273427312856
263,0.010802550294909763,0.5533601916858075,0,-1.4673872524425345e-07
264,0.1985601295979813,0.3467251181513505,0,-7.463352029702709e-06
265,0.10014702113200966,0.0391168109091784,0,0.00031202500663431084
266,0.03482903653881654,0.04625659577031855,0,-8.664797716312977e-06
267,0.16100501683646573,0.25796350999145806,0,-1.1929258629863062e-05
268,0.31789105197577483,0.32076338034027946,0,-4.938135438609551e-06
269,0.2338378214601,0.4740845019171539,0,-3.003001562464636e-06
270,0.09553991842398193,0.5824422813962646,0,-2.5575090464947664e-07
271,0.32813465848667467,0.5311384010213634,0,-4.340560300843602e-06
272,0.1861362517956014,0.4891149440211715,0,-1.6064381523682985e-06
273,0.192993875562927,0.03378026359988919,4,0.010167721692397097
274,0.12901620460584978,0.3179866148444067,0,-5.011051125178864e-06
275,0.254995663846545,0.3430490558596742,0,-1.2795504144346475e-05
276,0.14855409599826783,0.5044571212174833,0,-9.470310461539935e-07
277,0.33062137712496664,0.05742725521116738,6,0.013466095169932548
278,0.303165912662649,0.45008153276823004,0,-7.534304228012771e-06
279,0.31950202466233407,0.5071676010155279,0,-5.054235696180308e-06
280,0.1899677704699294,0.3671336980828873,0,-5.624020007730251e-06
281,0.21970403941231173,0.5298457274650784,0,-1.4944881809873204e-06
282,0.2323294838001268,0.2353026663526853,0,-4.0505577290981255e-06
283,0.22082123532977949,0.254020513269546,0,-1.528026418952136e-05
284,0.2311691940487052,0.36600591450056374,0,-8.471873421248328e-06
285,0.034449494790610775,0.573471135829223,0,-1.5198175141398475e-07
286,0.23150475947153723,0.21244611024549875,0,2.686192443791807e-05
287,0.23619879702272775,0.5888232974167302,0,-9.770558531998604e-07
288,0.2136919462565101,0.13819217380617602,0,0.0005266312242258359
289,0.05065910355082954,0.01406825795363169,0,9.52243462520596e-05
290,0.01650962494316073,0.08104317566846332,0,-1.4959330446456274e-05
291,0.26285585493552466,0.051531429702354754,7,0.01588252785394399
292,0.07433147360460934,0.17875347272980482,0,-1.1211940287862405e-05
293,0.18900623249847798,0.14265023111670777,0,0.00014671917210665913
294,0.27785561191755725,0.14653893123118972,1,0.003184599520584726
295,0.005701871402276765,0.35068970850379877,0,-1.0582289317019651e-06
296,0.3377890775328223,0.12839451679806987,3,0.007353174039726627
297,0.10400398893216181,0.29874480148040095,0,-4.734649385590301e-06
298,0.31108158672842784,0.46595982671004205,0,-6.97420972546659e-06
299,0.2355028317848795,0.41131031568979864,0,-5.693986507947568e-06
300,0.09053385372267375,0.027655613721636028,0,0.0003409729204201308
301,0.05518569158353542,0.5265028724980465,0,-2.99033418729091e-07
302,0.05593434140678852,0.19976869532840874,0,-7.800034954655539e-06
303,0.2673148881726502,0.35422771573454614,0,-1.2906242401516079e-05
304,0.2645002065238958,0.13897250094658417,1,0.0028372077451773075
305,0.22022185206410774,0.038466062617247984,6,0.014515385530504472
306,0.03386549239923242,0.2432062897835222,0,-4.0996780964987085e-06
307,0.31317110053384023,0.503242846634856,0,-4.936234900018539e-06
308,0.11459334534527538,0.25231147880015764,0,-8.262333820854851e-06
309,0.17397625875577044,0.3636562642385726,0,-4.971837380229098e-06
310,0.19171052523156332,0.5671155658773105,0,-7.786943649414845e-07
311,0.07397046396581165,0.448562355786289,0,-7.864603815577944e-07
312,0.13011634239504563,0.06430469844492004,0,0.00037915420274578916
313,0.021008829504107672,0.5471432959843383,0,-1.7291080108580915e-07
314,0.17348788766925596,0.3039439151149855,0,-8.840234554732984e-06
315,0.266244098927484,0.20044952188895374,0,0.00032703050207820195
316,0.23484062181503654,0.5932567951829683,0,-9.22115342540073e-07
317,0.026832701071996964,0.07513523563415574,0,-1.573631847997712e-05
318,0.15395775371316453,0.12058302418332327,0,7.566764433778947e-05
319,0.02170496555806684,0.5333228731136496,0,-1.999229080229583e-07
320,0.31273959735015017,0.058221689406473695,6,0.014185718115349088
321,0.1264869396082763,0.5678250543650364,0,-4.0318632305198697e-07
322,0.001600160015454205,0.5542985505803685,0,-1.3260057639515107e-07
323,0.17526624415806397,0.4435529477426376,0,-2.272495293473467e-06
324,0.29020391376204974,0.22727036886573376,0,0.0002798012806534074
325,0.00873571976371379,0.030311319831274997,0,-1.2804711834360658e-05
326,0.236139313852969,0.5654856601439919,0,-1.233052253770306e-06
327,0.04339057563883063,0.2675821295742238,0,-3.535877148778688e-06
328,0.3361877206378871,0.13266475594005428,3,0.007142462343018799
329,0.07366095836181331,0.5513279676079803,0,-2.8057307617343224e-07
330,0.30393164800289174,0.1638343732434439,1,0.0035539605809477097
331,0.13413854823801374,0.20137272760869956,0,-1.4745528521726074e-05
332,0.10018188558731755,0.40491057639113387,0,-1.580815944268852e-06
333,0.01089351102822475,0.38159497460962216,0,-8.182606840709052e-07
334,0.2599469557670604,0.08341183787680281,4,0.00973035861029298
335,0.23841877434672712,0.5104646044326323,0,-2.1859877687257205e-06
336,0.14615774557463218,0.15988518506807534,0,-1.011975104802225e-05
337,0.07441948962225427,0.1491951561641726,0,-1.4099539688151353e-05
338,0.26710899785644837,0.3715560379432449,0,-1.117257217973069e-05
339,0.013686501214350649,0.5519414692083704,0,-1.531855295551841e-07
340,0.09737250232359915,0.4921320454529692,0,-6.426285454420113e-07
341,0.10679435883968293,0.47145641445301995,0,-8.681688341100004e-07
342,0.1533914515960415,0.026560018683930674,1,0.004198983565205731
343,0.06921586616691472,0.3507869775572933,0,-1.993378973352651e-06
344,0.32769512511973103,0.338020408360778,0,-9.589065525055057e-06
345,0.23561714694358232,0.23597388274350856,0,-1.8799871086973792e-06
346,0.1686586290427815,0.14310651810416897,0,4.616535928488391e-05
347,0.18833577603710966,0.3748188850418025,0,-5.130087386828336e-06
348,0.2019610275914669,0.45551330254753,0,-2.631367668333192e-06
349,0.28054610309373196,0.22630709377662175,0,0.00019332087172749016
350,0.30087520762778763,0.46324215966855253,0,-6.485473622954553e-06
351,0.043415798844614314,0.48713377655593465,0,-3.941293750990219e-07
352,0.23358952495377716,0.5459613463561409,0,-1.4611369918420326e-06
353,0.10506901204383987,0.3888218808262723,0,-1.9494019744132133e-06
354,0.21529905130836052,0.26130058375523885,0,-1.581993286277954e-05
355,0.32756995828527896,0.22203124448980519,0,0.0012542281420243897
356,0.11010931902907352,0.5065251461947241,0,-6.319609306554166e-07
357,0.2811149069099422,0.247227888296091,0,6.90641406941707e-05
358,0.16481887323355368,0.2284123627352639,0,-1.5025638573072556e-05
359,0.11382604794104782,0.2867339319648708,0,-5.873070472553041e-06
360,0.01439013251473551,0.14320480705326413,0,-8.998635973813765e-06
361,0.3325304930141952,0.11910870676952583,3,0.007976717468478105
362,0.07286586562650224,0.3422003023335218,0,-2.2525221764769177e-06
363,0.07185535273447922,0.32606702065999843,0,-2.619831130718291e-06
364,0.1828715901107818,0.24889573591832892,0,-1.4841013537358667e-05
365,0.3179170727099771,0.5822402770059616,0,-2.35684341154036e-06
366,0.20338096481036216,0.3398852514403506,0,-8.344135612826287e-06
367,0.0073883561969074855,0.3022378823621419,0,-1.746908700439921e-06
368,0.23481430262445094,0.29767212836018114,0,-1.5083049593128174e-05
369,0.11012867371237735,0.42960820658552706,0,-1.3638791289266348e-06
370,0.21714285347202308,0.5701400680504091,0,-9.737799335979295e-07
371,0.2328705775989719,0.2960391008896561,0,-1.506017754122157e-05
372,0.1870528428252075,0.34297766965796517,0,-6.92475830666893e-06
373,0.061780194587609236,0.3755395183973798,0,-1.4451109018236735e-06
374,0.3460848641009009,0.20447337842844193,1,0.0029847205345263665
375,0.23482266394638374,0.5971130779110913,0,-8.870832460334895e-07
376,0.26773475938259406,0.3321978763380734,0,-1.4964903934222473e-05
377,0.058327744187073614,0.15553195755262977,0,-1.1920925694115965e-05
378,0.17244438979577356,0.5237729222567266,0,-9.90958545910555e-07
379,0.1728053677279778,0.16340126518536452,0,1.0441269462574616e-05
380,0.3077976721054432,0.02696850786772349,9,0.021006482046237143
381,0.3433587024098222,0.26881567774861864,0,0.0004094874247491398
382,0.20069926967808163,0.1245518467673551,0,0.0005500926466188394
383,0.037250454329607795,0.18817476374038813,0,-7.286690702585918e-06
384,0.25032375559956277,0.38031598558000057,0,-8.863913037438967e-06
385,0.10195146971181215,0.3395055956799637,0,-3.092342832721724e-06
386,0.15421507028638692,0.23659048685606499,0,-1.3372077280291966e-05
387,0.18437107874871497,0.59894146885151,0,-5.264462503659594e-07
388,0.24968912609608404,0.286292661183475,0,-1.5602798020318305e-05
389,0.266039580205088,0.313291314782877,0,-1.584122013820354e-05
390,0.02105252873253593,0.12274731447379306,0,-1.1483892595029143e-05
391,0.15763520799571148,0.5312027484204835,0,-7.935892704111509e-07
392,0.32572802935500916,0.25258420894305744,0,0.0004009459981551399
393,0.156200735944667,0.39993262701567617,0,-2.904878498447355e-06
394,0.20226546744573898,0.4294449102501334,0,-3.423180198276957e-06
395,0.03831607432368475,0.25035609778963763,0,-3.990869731167866e-06
396,0.1678337224236331,0.5513777228327992,0,-7.181281654805675e-07
397,0.0563319702380877,0.23664282319269186,0,-5.46474711492801e-06
398,0.2678177592650612,0.5905539312453707,0,-1.3164045120767989e-06
399,0.3078132497102891,0.1701509630354044,1,0.0032933371238566818
400,0.15224722414983594,0.20198143617837508,0,-1.5736335218155104e-05
401,0.09693762098487979,0.34708904645645666,0,-2.727242162516322e-06
402,0.18165232207352042,0.5508133267294985,0,-8.290023176456753e-07
403,0.24605713823568878,0.4364267276511047,0,-4.930241990849557e-06
404,0.004691631856247124,0.3743844352707409,0,-8.266083323030759e-07
405,0.22296499162696898,0.5973928335449625,0,-7.858932879771761e-07
406,0.32630375970415226,0.3485052150227444,0,-1.377579426987786e-05
407,0.3260243708590289,0.41721634268764246,0,-1.246635351998293e-05
408,0.29392691390377435,0.5379526172257296,0,-2.887826236811818e-06
409,0.07561086649396927,0.2687183217240494,0,-4.813961998941593e-06
410,0.1533015446481088,0.0010550553026062114,4,0.010016713547669589
411,0.10188088496871775,0.27860080458427267,0,-5.657924858358896e-06
412,0.03210905274862422,0.13205091869885024,0,-1.165440948962173e-05
413,0.2864159517111302,0.30855274695939744,0,-1.359495449526714e-05
414,0.040742135719517424,0.44263733731300803,0,-5.987999816515922e-07
415,0.2531396607354628,0.35770025565432234,0,-1.1164954384378772e-05
416,0.1961164747695646,0.5986924698690379,0,-5.934044513810164e-07
417,0.25617344627966265,0.4403898562352849,0,-5.238242693288429e-06
418,0.07171316277483869,0.2427069598127688,0,-5.988433472655444e-06
419,0.12653375465948263,0.08705685864335985,0,0.00010783687929613485
420,0.29778140320342344,0.1081179722508449,4,0.008755310819477438
421,0.08440517351502767,0.4495166295104991,0,-8.645441474508051e-07
422,0.2839518234491933,0.486341072896156,0,-4.37231864420079e-06
423,0.03734036419494463,0.17512835547384098,0,-8.265807471147871e-06
424,0.09571058466942942,0.009182429562007498,0,0.0009444439175443115
425,0.28386684630725245,0.5593112229854554,0,-2.1108670975352117e-06
426,0.18444496903815844,0.18057898243005485,0,3.0178765280698683e-06
427,0.027427401866534622,0.5621949907358822,0,-1.5859869231449796e-07
428,0.158391997080596,0.5691666907296935,0,-5.470420541688881e-07
429,0.19119619123394863,0.5154501072624335,0,-1.2985671515861922e-06
430,0.2948284923453826,0.38034965492838585,0,-1.3038506400204149e-05
431,0.21855684767625935,0.3800651915879272,0,-6.553661112626641e-06
432,0.30460586793723693,0.553718152473947,0,-2.7441931122927303e-06
433,0.2557731492138441,0.40380825110318486,0,-7.46276892588183e-06
434,0.11116579790280055,0.2583746482730312,0,-7.544929377555958e-06
435,0.19265582865406786,0.27452611985365,0,-1.3415504155689221e-05
436,0.28583319320201916,0.5224711968820653,0,-3.1092622154802574e-06
437,0.02136380180443723,0.10290068591786457,0,-1.3469358555872638e-05
438,0.07314746177446221,0.5396229813574601,0,-3.1379892693426806e-07
439,0.3295576939273474,0.14873357285447933,2,0.006098911161350039
440,0.20439030785218135,0.3835701462521141,0,-5.511802302961549e-06
441,0.08634913023592052,0.08187386287574738,0,4.66472444736662e-06
442,0.17164526880826897,0.25895161953149776,0,-1.2885152942240601e-05
443,0.005025825251521087,0.24107102830144547,0,-3.1431210892973892e-06
444,0.09092591390578068,0.40858367811259333,0,-1.3893311370542255e-06
445,0.09508785610555008,0.5429070621492935,0,-3.780500806650783e-07
446,0.06866377775248869,0.04173049140011393,0,5.348940792343191e-05
447,0.22665783684050486,0.5024872545799343,0,-2.1054330932557843e-06
448,0.3444554859555413,0.5982243623720964,0,-2.616857170126467e-06
449,0.28472994138744434,0.3321104297151541,0,-1.5852429326023503e-05
450,0.13940552581934806,0.3606339684706375,0,-3.6366178128643085e-06
451,0.20768136071527846,0.1810256864020692,0,4.801042907195788e-05
452,0.04884261628796707,0.0633883576197103,0,-1.0240148170949616e-05
453,0.1100919503171939,0.2590537059826173,0,-7.418584541875452e-06
454,0.18399023929777777,0.41196390063369076,0,-3.397445469496267e-06
455,0.0689847266671342,0.3139536182839175,0,-2.8731765592925386e-06
456,0.1365238483684106,0.08159779122634689,0,0.00023038982223336365
457,0.28876458400780575,0.30439555360875203,0,-1.1607662552253098e-05
458,0.3372411825486698,0.27070778676723195,0,0.00030154724204264595
459,0.15409321235758963,0.1160901158466704,0,9.792997002174009e-05
460,0.12779735478421056,0.4134877359256418,0,-1.9113484016178757e-06
461,0.0023928049440873787,0.010678616868326562,0,-6.7545494662347196e-06
462,0.0004275061036317917,0.43003743466978694,0,-4.5405591107658853e-07
463,0.27193623271038425,0.10371947167811946,3,0.007688694648286518
464,0.08551062504072311,0.5530644456088898,0,-3.103848753080499e-07
465,0.13260082504247403,0.3968741127652525,0,-2.3672120257858063e-06
466,0.3348429161822701,0.23703603307269375,0,0.0009579372455418533
467,0.0469310661146469,0.5724184892377399,0,-1.7398339045444688e-07
468,0.33175608028376447,0.46786452616931007,0,-8.348250348277087e-06
469,0.18217423895544155,0.33024348905352413,0,-7.4728248420848456e-06
470,0.05719524184552992,0.21855168637368508,0,-6.58244017710323e-06
471,0.009156424644519228,0.4715919621508845,0,-3.269739191540739e-07
472,0.230821185457778,0.4975889487817473,0,-2.3046920417089534e-06
473,0.18401163442677093,0.2836058570530315,0,-1.1664884532241445e-05
474,0.15823785983361982,0.2548092063502196,0,-1.1968063782690741e-05
475,0.22818900125810535,0.2251114963850613,0,1.5854941839331394e-06
476,0.21126837161756828,0.03740970878586514,6,0.013094881115496929
477,0.19643587071227683,0.036776080916481164,4,0.010100025005688037
478,0.10889395476722107,0.2614560715162637,0,-7.1648477881110635e-06
479,0.13387277270844827,0.1414614379077915,0,-6.667948458259953e-06
480,0.34243261266549235,0.09257367340110335,4,0.009246134994688395
481,0.34820338786272437,0.25710251117721467,0,0.000739048240524132
482,0.20681433034914568,0.3239146574564184,0,-9.996371825105772e-06
483,0.11378414550552855,0.41576841632638983,0,-1.6244559192267335e-06
484,0.10726991452658248,0.22403701523461644,0,-1.0044497506662493e-05
485,0.16045418895573915,0.5707381777984706,0,-5.497147161736321e-07
486,0.3059127607242431,0.46588512107232805,0,-6.63788891544587e-06
487,0.32403270420688324,0.42376193724114314,0,-1.1618662756075512e-05
488,0.0005136502803352205,0.23494964364404508,0,-3.1941224274641603e-06
489,0.12160829824632803,0.27411155064522086,0,-7.167423239459383e-06
490,0.16309480459582631,0.4207775511372376,0,-2.5269308706214802e-06
491,0.216485015864906,0.5318129221162935,0,-1.4190802952418297e-06
492,0.03337858919149573,0.061715593677983,0,-1.4389088067989301e-05
493,0.1951757353237959,0.30215936128735466,0,-1.0944394504368836e-05
494,0.16664135990411957,0.15776382238588615,0,9.754294647276396e-06
495,0.07364865829313699,0.2613766810721571,0,-5.077436256440995e-06
496,0.2955262938836566,0.1756730009714435,0,0.0021482731087160956
497,0.20745082918279353,0.35934103971691667,0,-7.198026056919981e-06
498,0.27347819477951446,0.39314080654152694,0,-9.750499323050773e-06
499,0.28500297911446204,0.012468408844856381,9,0.026564039369612137
500,0.0430018012239275,0.36571944624491287,0,-1.3216150433515763e-06
501,0.21651572952260845,0.2710121958110205,0,-1.5587949648708915e-05
502,0.25654372218050003,0.48076697281378633,0,-3.5212665699698483e-06
503,0.20310284919109745,0.08049917520638684,1,0.0031573210442007505
504,0.12655229341225283,0.3050109428588225,0,-5.5595511262302744e-06
505,0.31889311840678003,0.15936919417797032,2,0.004858712707519575
506,0.10161382477419563,0.5484032862484057,0,-3.8192952659548074e-07
507,0.31858740573273875,0.36088477252376294,0,-1.5900164259912492e-05
508,0.02271067448046104,0.5400776617613383,0,-1.88751463895428e-07
509,0.17011140805351763,0.2776662416064125,0,-1.089468572392557e-05
510,0.34121116873430213,0.21908331367829553,0,0.001935332798842058
511,0.2577924112155848,0.24093598642899694,0,2.1397869827311417e-05
512,0.13969973427957363,0.4337105246175441,0,-1.7585000072108626e-06
513,0.06589801711908583,0.25515490086011133,0,-5.001744196150828e-06
514,0.30785476983955123,0.17374549444316956,1,0.003018546714659178
515,0.0013966338904257136,0.490164309346514,0,-2.5129851302198785e-07
516,0.18870740755504176,0.09670725714372616,0,0.0010582397687978235
517,0.003943070730403664,0.4992461569702268,0,-2.3539444770052473e-07
518,0.26352976859771593,0.5118846554935423,0,-2.7677753742779943e-06
519,0.07352974279528358,0.4764210846664347,0,-5.9262891264796e-07
520,0.12993340454989122,0.06570224821468185,0,0.0003535411186524955
521,0.2653166200026194,0.3585515232508925,0,-1.2277320263804327e-05
522,0.06483496929633,0.3028932035701924,0,-3.078463463757145e-06
523,0.05808087274963785,0.49375914021624495,0,-4.2705021658453716e-07
524,0.10761552887508662,0.42955394475194153,0,-1.3308095224719562e-06
525,0.2704225229635705,0.12001431848986388,2,0.005355659497111145
526,0.18573408901906097,0.014534841875184256,6,0.014579259714350973
527,0.3377460921753555,0.08404322908812036,4,0.010120656146941963
528,0.12668736569895217,0.20681868677727683,0,-1.3592435691043756e-05
529,0.11568455727961197,0.10823346890018164,0,8.330785588262163e-06
530,0.09995715251465213,0.346373235408155,0,-2.830722431953961e-06
531,0.24951676588185157,0.5991370437931399,0,-1.0065767252632953e-06
532,0.19911037242231397,0.5556209375871771,0,-9.404833953736726e-07
533,0.0077416367054597805,0.5509695923339428,0,-1.4576300473863938e-07
534,0.3258312939034561,0.5925277165997832,0,-2.301186764718466e-06
535,0.2303562080924871,0.06729049930387909,4,0.009030233949610682
536,0.15296049437331474,0.5593573038075781,0,-5.715693519449329e-07
537,0.005936820695860289,0.25628180659016847,0,-2.725094088960926e-06
538,0.12929924568592974,0.5711948457305484,0,-4.0092867433798905e-07
539,0.10480759799836391,0.32530916981369046,0,-3.6651321469711256e-06
540,0.05241671795003186,0.5046484721490916,0,-3.619254487534154e-07
541,0.14463387682171583,0.10286119630826844,0,0.00012030184670210188
542,0.07786132707255858,0.24145025012430565,0,-6.438599137274358e-06
543,0.30794592978797586,0.5732142773410992,0,-2.335295267104843e-06
544,0.15683763612488225,0.14374623618790922,0,1.674134972195534e-05
545,0.2677220676288653,0.5110904666003131,0,-2.908676571146427e-06
546,0.21354798623552046,0.5048200089793717,0,-1.8048768252862022e-06
547,0.32471459497948885,0.11224032395424312,3,0.008562719008251958
548,0.3316190623640665,0.1070046671759743,4,0.008739457034766671
549,0.17394224481584936,0.3069273020453473,0,-8.632110523085216e-06
550,0.29951348846686254,0.574271247583218,0,-2.1245975723558703e-06
551,0.2727993354647739,0.13403002088113045,1,0.003974995622647767
552,0.2739428407140182,0.2897098480181577,0,-1.1575137696193767e-05
553,0.056572238242782395,0.22606971935825876,0,-6.07830439480353e-06
554,0.23873618917351588,0.4097134677468237,0,-5.9704771578751425e-06
555,0.23193809646964222,0.44660501043185,0,-3.874916567777723e-06
556,0.20654844473087908,0.21547803892843098,0,-7.915961753651204e-06
557,0.001988982548979928,0.3543140845734155,0,-9.834077276664258e-07
558,0.30605542996087726,0.03790863313096233,8,0.018213197869563578
559,0.2293000036605161,0.3117699285226424,0,-1.335123863646118e-05
560,0.27124602039676027,0.4226065620351392,0,-7.22395329698658e-06
561,0.238290535872224,0.5859342964547184,0,-1.0268946633671438e-06
562,0.14222296685073776,0.24504132810991808,0,-1.1357044847291767e-05
563,0.11944708898972162,0.48762469540337466,0,-8.38027220378643e-07
564,0.11003925729534046,0.15442338426532334,0,-1.576071967741353e-05
565,0.001842060520530192,0.30081714778552554,0,-1.6764286461531674e-06
566,0.0827612059519069,0.08109473344769906,0,1.4618594572216138e-06
567,0.0710936089839959,0.5413562608209084,0,-3.0214518593024726e-07
568,0.04885194347102094,0.5601371786541978,0,-2.005286031258474e-07
569,0.06104004770631827,0.13052830608043367,0,-1.4564178993316569e-05
570,0.06158029150640644,0.4515449666465204,0,-6.74505297334455e-07
571,0.2746378125916425,0.15560094728617288,1,0.0022498772855544286
572,0.27410066228797947,0.5913929536998229,0,-1.3898245544223592e-06
573,0.2552347199922477,0.38602097429743176,0,-8.796974335587228e-06
574,0.22015841657629218,0.04084909378420796,6,0.013814633471763269
575,0.26854399718911154,0.21759390088682856,0,0.00016858393976689636
576,0.29496634685426526,0.17858158326663046,0,0.0019401881385969237
577,0.12489173930287709,0.47732101732746246,0,-9.808632771655815e-07
578,0.2673942651319374,0.030240008312275267,9,0.020899769734572027
579,0.0010982476896476967,0.02979894372253622,0,-1.4441684294646896e-05
580,0.17242613568906778,0.09510000385512547,0,0.000597603635173081
581,0.1654381954270353,0.5816855475197547,0,-5.178534691235062e-07
582,0.19273367722435936,0.42017229135099327,0,-3.4150147996593664e-06
583,0.07359554055148293,0.596600973856131,0,-1.7829917822302588e-07
584,0.24726008142745634,0.49471326487299166,0,-2.7938330395612825e-06
585,0.3155625568265347,0.3552920663826079,0,-1.584266082978497e-05
586,0.3049990746480897,0.29473370338610266,0,9.016519240700148e-06
587,0.06049580921008229,0.2605140760321679,0,-4.496022965611703e-06
588,0.19080728300471558,0.29245514217598173,0,-1.1462108786819974e-05
589,0.3215879724622448,0.27919107382188724,0,0.00010373271004838557
590,0.2996018769795859,0.19305190579991433,0,0.001404475006926111
591,0.05330907172695104,0.2803086376919415,0,-3.4378775960555033e-06
592,0.05943816360115908,0.040036770468478776,0,3.15510915987051e-05
593,0.005999235271583158,0.5422378415692715,0,-1.5631798150901767e-07
594,0.32774703547860273,0.3098737610086944,0,2.0906680097081885e-05
595,0.054660825813294005,0.5565770687930867,0,-2.2020904916746352e-07
596,0.25671602507630104,0.522144177475581,0,-2.3344105864305936e-06
597,0.10812612629937365,0.01885243930695721,0,0.0010474748608877255
598,0.01349040459701114,0.067137777174079,0,-1.559441827595358e-05
599,0.33696962810206244,0.5181451256518288,0,-5.386107877325171e-06
600,0.3382627329980864,0.3480840730655876,0,-9.43074907435079e-06
601,0.32118379702279937,0.4494469924704182,0,-8.992068500512508e-06
602,0.26095342645221026,0.4091743026904621,0,-7.448438067084303e-06
603,0.12763638048300932,0.06837003201806859,0,0.0002831576814476092
604,0.19863901234302564,0.4751348836784535,0,-2.092641824711925e-06
605,0.21481002052557824,0.553523675270833,0,-1.1232986067923533e-06
606,0.05883562450359937,0.5445589834125287,0,-2.589029536145565e-07
607,0.18423904713493133,0.5635721654459214,0,-7.488017221365723e-07
608,0.26053542096662036,0.21649490251283668,0,0.00012173598211093634
609,0.33819317317278647,0.5050786611133986,0,-6.198411783742936e-06
610,0.2866014212752484,0.20511060244508686,0,0.0005953917247114968
611,0.33282309766577434,0.30746579128797197,0,3.7610106283599855e-05
612,0.34245300277193,0.22095244879214423,0,0.0018945161812764322
613,0.12717507741494344,0.33348253559591917,0,-4.21951627556838e-06
614,0.2726851377355046,0.3375468108752635,0,-1.4934248472924939e-05
615,0.12629677266945086,0.2967245589571767,0,-6.01667024994397e-06
616,0.3051635901479189,0.5512692951716327,0,-2.8277193065685933e-06
617,0.1748666983598004,0.21363488356865012,0,-1.5637988007998755e-05
618,0.04267925574833893,0.15806601902040365,0,-1.0179467183627081e-05
619,0.08139738524663138,0.009985575909895439,0,0.0005001520904762003
620,0.3342146603023527,0.05901418910437075,6,0.013054418710829681
621,0.10897865833052164,0.16078700163483098,0,-1.5667663686422708e-05
622,0.33744357198281866,0.5953765320458381,0,-2.5108089942011055e-06
623,0.005269904410660114,0.03460589633679101,0,-1.4549407697825679e-05
624,0.24068079175826632,0.02223170245721948,9,0.022206152050136225
625,0.18528315740518705,0.5160959817072508,0,-1.2162836664717266e-06
626,0.002489545085253497,0.08197414834045365,0,-1.3667746656078735e-05
627,0.2847452903089129,0.22536070913329703,0,0.00024188978251360094
628,0.014408077594196765,0.4138521429155242,0,-6.138367030330591e-07
629,0.09544937176766655,0.23311019064059973,0,-8.269336330427138e-06
630,0.003200181287098036,0.20376309834286935,0,-4.47478269778569e-06
631,0.14834313876942898,0.027191227490208213,1,0.003454077500622796
632,0.14344449229852743,0.42700719195223746,0,-1.9519238457040617e-06
633,0.2330878148824301,0.0429910515241187,7,0.015297620688904378
634,0.02252746276480792,0.549376355317397,0,-1.7167712059630732e-07
635,0.310124225977964,0.2814182761341617,0,4.863249909455663e-05
636,0.23746898676072792,0.19554982804192614,0,0.00011207108159083086
637,0.30135109164598334,0.2667864639004301,0,6.998790758222711e-05
638,0.16973449477355282,0.1108690882118983,0,0.00026917739184758097
639,0.20444697598570716,0.1299136532400055,0,0.0005120726293162913
640,0.310535087464276,0.023394662373455333,9,0.022028247134586447
641,0.18631445711801933,0.16137194306127642,0,4.3659517730024715e-05
642,0.23574378918827493,0.5960462623934523,0,-9.048732581866386e-07
643,0.05082493052123166,0.4454463923377005,0,-6.439005199396674e-07
644,0.1859334250989768,0.03938614690273807,3,0.0072819912645448685
645,0.2585899089968274,0.4533540109544468,0,-4.718832374287481e-06
646,0.03996729435044893,0.4158517169534976,0,-7.766843976110709e-07
647,0.0017141074347461148,0.545825732355631,0,-1.4448946793113476e-07
648,0.08722955381774668,0.3985335772281668,0,-1.4805203388523861e-06
649,0.04526680133521735,0.41082975805107363,0,-8.610743050839904e-07
650,0.1597866470876798,0.44269910226220616,0,-1.964098550646814e-06
651,0.12653855160436245,0.2412639901197496,0,-1.0228649219253838e-05
652,0.14634008072502402,0.09203475949675743,0,0.00022226473707850184
653,0.029604654613049324,0.2797547931324857,0,-2.7296972844439937e-06
654,0.29482261245220764,0.5537088969358944,0,-2.489746421775046e-06
655,0.26464453791918296,0.37894271426345966,0,-1.024013876555425e-05
656,0.2238842728824372,0.22298717281425756,0,-5.750711215963839e-07
657,0.28405825506419047,0.11874852782353756,3,0.0067227171737290195
658,0.3381159892994601,0.05736814005404436,6,0.013099279113012454
659,0.1587362718733466,0.06556525083839512,0,0.001158257605324309
660,0.24336125077393975,0.0003837954440194968,9,0.030912305257602815
661,0.04306496534425308,0.1225820415028833,0,-1.3660613197457574e-05
662,0.267300649882204,0.05336110584646065,7,0.015673789652535488
663,0.1804831019220197,0.1839938651370861,0,-4.016039617955688e-06
664,0.1104317756462847,0.16027285124769056,0,-1.5721978801557757e-05
665,0.010409150637563251,0.07948535095681282,0,-1.4602313589648154e-05
666,0.3120746443462066,0.31312275449305554,0,-3.4429710111380895e-06
667,0.02444044321580134,0.24183468358012952,0,-3.784393654451122e-06
668,0.2984152539125318,0.16580765764474603,1,0.0030266418012893158
669,0.3469643448226534,0.5813844687952183,0,-3.173648997901778e-06
670,0.15118254841082848,0.42700291186494704,0,-2.1086467229839295e-06
671,0.34858954651809,0.361612927757155,0,-1.0979451981652364e-05
672,0.26972793317700805,0.05316354777372394,7,0.015775626802505566
673,0.3415894437836103,0.07269570412196848,5,0.010991430198235865
674,0.01599075744218237,0.06656235843837725,0,-1.569314618665499e-05
675,0.12401263199545892,0.544789284829469,0,-4.952368675424091e-07
676,0.1948034844467753,0.032853506591538184,4,0.010838949563083176
677,0.2905074931457435,0.10229382698718788,4,0.009138339426586255
678,0.24539243532169325,0.05643932344502667,6,0.013509916834444639
679,0.275301263981598,0.2969889865073178,0,-1.3438596136583556e-05
680,0.2655609858128257,0.1602960590646746,0,0.0014750598233971336
681,0.09070784473709206,0.19707016849135134,0,-1.102240490572461e-05
682,0.0979979524588662,0.1977364066342665,0,-1.166563565018721e-05
683,0.009180607809651707,0.13448421660692472,0,-9.298509128341037e-06
684,0.15236049117298017,0.2283955815176406,0,-1.3976069858979197e-05
685,0.2069269363548722,0.01766910861824611,8,0.01879660321434973
686,0.15133997656009576,0.22511321374503093,0,-1.4183340534352528e-05
687,0.15400835032132662,0.3810969074964696,0,-3.4294891661293667e-06
688,0.1922034911186596,0.07956764821761812,1,0.0022886826472300133
689,0.08369650292350428,0.009585995594306573,0,0.0005617201527412844
690,0.09866937457975108,0.33703883332234014,0,-3.067445980498935e-06
691,0.09913711766924636,0.10415853405826699,0,-4.692706229458488e-06
692,0.015204702376079631,0.5789657778648462,0,-1.1869734675909448e-07
693,0.22970350677896384,0.4937975965494239,0,-2.3671162273715873e-06
694,0.20521740479360476,0.44010564808274105,0,-3.1697865943445374e-06
695,0.07953139164452856,0.5552718717595191,0,-2.860095860599859e-07
696,0.17862158769999043,0.5762154209846666,0,-6.238993869330798e-07
697,0.08113353233449541,0.5257084105012471,0,-3.9058715885212115e-07
698,0.29034679929938934,0.38452431042467966,0,-1.2177541802938964e-05
699,0.19613081545505662,0.4555290202388149,0,-2.4824654471280287e-06
700,0.1974681803040494,0.3979890710930032,0,-4.463161316988499e-06
701,0.23113763042324578,0.3449043350641528,0,-1.029706984866057e-05
702,0.08795722507348386,0.5231982460202762,0,-4.2876020346354077e-07
703,0.18525431578523974,0.4024653577274845,0,-3.781791160805438e-06
704,0.08628976612741984,0.5853995905449242,0,-2.2638864299549003e-07
705,0.06302686378454231,0.20315087807289772,0,-8.081239237395014e-06
706,0.30239820127671907,0.45461607797819925,0,-7.158241851805605e-06
707,0.11065451398894538,0.5617630299530489,0,-3.657404289011804e-07
708,0.2867275222985707,0.021846662791490057,9,0.023173244818621857
709,0.22698627316017517,0.10041948239894857,1,0.003338790064241986
710,0.34959623573602044,0.2471452671683475,0,0.0010673440112190422
711,0.2603946873909214,0.04773835219066096,7,0.016578455536196027
712,0.13684505363630173,0.21280017112634655,0,-1.3985122051930768e-05
713,0.24197290752191303,0.40476770960294695,0,-6.468279727313237e-06
714,0.2788327163724589,0.06403290958339876,6,0.01402574193702863
715,0.30316993497903416,0.40092628125822294,0,-1.1818996716358178e-05
716,0.06512598675865668,0.5121188474652324,0,-3.8133297327093537e-07
717,0.03180088230118514,0.3697876021188597,0,-1.134643327160875e-06
718,0.13277699694275408,0.3270514270558241,0,-4.754314206959201e-06
719,0.2899628531054605,0.3872414634895155,0,-1.1869662142116393e-05
720,0.10033099285888979,0.22487073785109582,0,-9.354019280366971e-06
721,0.09674705621537094,0.07918400320891096,0,2.672295837795913e-05
722,0.02498566437047222,0.330140565598787,0,-1.575612478819887e-06
723,0.04136899855350163,0.2436914388143111,0,-4.3954142006397955e-06
724,0.2716024035601467,0.3855799259108616,0,-1.0268078395895033e-05
725,0.028417929026841086,0.24430084771884444,0,-3.841585750743184e-06
726,0.19685489256164676,0.0756316799955081,1,0.00306519556684244
727,0.07712316784888254,0.5209698899963348,0,-3.9346167234204134e-07
728,0.31506981149479457,0.3629303648393699,0,-1.5865773937465315e-05
729,0.3105078512133657,0.009923791520583536,9,0.027268882655074028
730,0.28210599451109675,0.09403901930242901,4,0.00978446240765623
731,0.2759643439287999,0.4076815377213685,0,-8.715688473711686e-06
732,0.18103034577299848,0.1319056416365876,0,0.0001691149822319709
733,0.2201807283110196,0.14268990949436747,0,0.0005663302776634033
734,0.0006949875461814303,0.057193521991758596,0,-1.546702799356642e-05
735,0.30614862015994526,0.06577081830154068,6,0.01339651349748559
736,0.33138507503947634,0.3892809910883344,0,-1.543556492234528e-05
737,0.010853197088560978,0.2724343398379592,0,-2.4357319872491458e-06
738,0.08296405308676782,0.388247083453751,0,-1.5724624285849811e-06
739,0.10222951014435738,0.4188324958879736,0,-1.4038331216022914e-06
740,0.12265851502246632,0.08485623567601293,0,9.878206015842405e-05
741,0.34285399978622266,0.5819567605260676,0,-3.0292506945164716e-06
742,0.1455616734691332,0.05602313934657039,0,0.0010179625043172853
743,0.2567489879967021,0.2533061329207977,0,1.5646798543096395e-06
744,0.2621978640186592,0.4833775086400466,0,-3.6291441985604437e-06
745,0.03203113694186799,0.18724873980833248,0,-6.9901072344867805e-06
746,0.23719442756802722,0.5048869949260522,0,-2.283192322532294e-06
747,0.2336219861979831,0.07783101446846578,3,0.007441507314534266
748,0.25269293818840755,0.1003820834044397,2,0.006160745251112183
749,0.1928621361240236,0.5924046840649956,0,-6.117125411474525e-07
750,0.22459455770084036,0.34727387597291687,0,-9.494440299526476e-06
751,0.009145063837098821,0.08805128944721016,0,-1.3721974559517702e-05
752,0.32312800806516084,0.3245353132609931,0,-3.883977168629545e-06
753,0.12333090789516686,0.3934507963130125,0,-2.2332547186412837e-06
754,0.13985821970891119,0.06456420133758291,0,0.0005671182639743549
755,0.2186399585906835,0.25959977101151593,0,-1.5765490891126758e-05
756,0.32178398664421387,0.5026770453870824,0,-5.403507183061552e-06
757,0.15054441979823927,0.4593195715823447,0,-1.5169554181105652e-06
758,0.20036828706371954,0.3316547346317869,0,-8.766664878122226e-06
759,0.21837985346529232,0.3929299696037687,0,-5.767163889856767e-06
760,0.17733587736653592,0.5536923109515207,0,-7.715135768913709e-07
761,0.25884071438476575,0.40930284580384213,0,-7.289322877155342e-06
762,0.10568424704098328,0.14122455389106173,0,-1.5363181058052508e-05
763,0.05516081505307279,0.035733206575163386,0,3.166253520365899e-05
764,0.19506844482626717,0.5720915568061828,0,-7.661528527291454e-07
765,0.29013046381726776,0.501800459008892,0,-3.986552386495073e-06
766,0.10658901540244575,0.5091581702403475,0,-5.942784048809805e-07
767,0.08912882558314832,0.10724493787086724,0,-1.1763415118545586e-05
768,0.1515102675943043,0.3908239496957523,0,-3.036050303169444e-06
769,0.03202035128970395,0.26719903369498665,0,-3.169468915667455e-06
770,0.09427972839914373,0.1401540854907839,0,-1.5762920410165933e-05
771,0.1945204743932558,0.3828975047090855,0,-5.034242433879226e-06
772,0.3425024496463543,0.47372134991667275,0,-8.740560056489631e-06
773,0.2692449844932588,0.40702562604319426,0,-8.230691519893484e-06
774,0.019463774392030717,0.2022421566617407,0,-5.3356349610725165e-06
775,0.18838951094181292,0.5504713927738387,0,-8.89699585648489e-07
776,0.2191748921367637,0.28158362729411834,0,-1.5114191471251942e-05
777,0.14633544664024592,0.1690172769015623,0,-1.3299070387686112e-05
778,0.25766977447160916,0.20791264990582983,0,0.00016143079468603565
779,0.23431295839556238,0.2685645894749405,0,-1.5401555595874372e-05
780,0.2514853489786419,0.3280391207290459,0,-1.3916078573826372e-05
781,0.007307268469501926,0.35074950771117963,0,-1.0746924945694807e-06
782,0.11639209209612292,0.31523162171186825,0,-4.545143047494846e-06
783,0.06583666678991848,0.5765182159456782,0,-2.0170235310246613e-07
784,0.12610992986446054,0.4269981346860308,0,-1.642038966002064e-06
785,0.1889989827148566,0.3600772960715867,0,-5.971203755897669e-06
786,0.29822255383049284,0.5805021211173227,0,-1.970882554357561e-06
787,0.20918839273027554,0.0015405337877714808,9,0.026059632606146337
788,0.25787588492880265,0.5341794437383088,0,-2.0940754619073593e-06
789,0.02334967684199458,0.24389566482969005,0,-3.6675117923389814e-06
790,0.3002319583423398,0.22473521855674816,0,0.0004603986684485751
791,0.2184971439818284,0.5319664582255494,0,-1.4456327395206231e-06
792,0.05854992174266332,0.4238867781789769,0,-8.62884792806258e-07
793,0.08512934536384795,0.16219714961232762,0,-1.3887111103959797e-05
794,0.3425185222237372,0.5712160061012965,0,-3.3603037717130286e-06
795,0.2300060985964057,0.5039816079569528,0,-2.1446383256171624e-06
796,0.06435394722564045,0.4004765129995848,0,-1.1555375735523138e-06
797,0.1165574237414402,0.12514508472767358,0,-7.228338926238895e-06
798,0.24811102930735332,0.40743853651537865,0,-6.6898913093129615e-06
799,0.19719348063047706,0.27481785312036494,0,-1.3822085704002427e-05
800,0.16922722900407516,0.2761711085666929,0,-1.0953341584152382e-05
801,0.038030200617122985,0.40936069776967093,0,-8.128879489312511e-07
802,0.19984198599046557,0.3417018029514773,0,-7.929335279705998e-06
803,0.16044196448457773,0.5884381559531475,0,-4.604918465151547e-07
804,0.16496364799875105,0.4584036642856156,0,-1.7678004564371228e-06
805,0.1291250332156992,0.0579192051893368,0,0.0004803178098624533
806,0.15966186323991677,0.5488432490374767,0,-6.788598621814322e-07
807,0.050541537933964806,0.5922530805433447,0,-1.479213053499318e-07
808,0.25905903254807344,0.4252532021442973,0,-6.254094278099163e-06
809,0.19148489250160652,0.06308956469801759,1,0.003977666069573691
810,0.1627077393655984,0.1168082144361311,0,0.00014648219791866247
811,0.06367225135527972,0.5961984467943547,0,-1.6212665187739726e-07
812,0.0002296321880265295,0.32710261365939225,0,-1.2684256790940843e-06
813,0.31572061770338816,0.38350330907729263,0,-1.4697844638028008e-05
814,0.2331097950957596,0.11596446984969952,1,0.002407725645148364
815,0.16208427968071037,0.13267593913089432,0,5.9413939435881126e-05
816,0.001144387832354271,0.30244862616824764,0,-1.6378590484515957e-06
817,0.1119467588169838,0.41891983091898405,0,-1.5454758330850942e-06
818,0.2976543261042327,0.23038928973824946,0,0.0003318454896177712
819,0.30150693519962574,0.21936576749374048,0,0.0005932481233720842
820,0.25658653532641035,0.23382807338650693,0,3.4747025494278365e-05
821,0.33739803687004216,0.09497647917981819,4,0.009308013059837066
822,0.05426596913033918,0.39178735065852904,0,-1.1396323103000904e-06
823,0.25869591924299007,0.3849391365420968,0,-9.178385554220768e-06
824,0.18981911780665348,0.14791689631596477,0,0.00011709150090235994
825,0.08150133151927803,0.3442597248881919,0,-2.4051748247545526e-06
826,0.15725901849050428,0.35997579926021933,0,-4.3703986365617085e-06
827,0.15886413951406791,0.5290513345672307,0,-8.20853600002899e-07
828,0.06105848366428272,0.18055490571681468,0,-9.804079322188915e-06
829,0.005515500888157004,0.18111920774744666,0,-5.727618770465774e-06
830,0.11627565063397367,0.07385756903958236,0,0.00012650294362175836
831,0.3408273796904993,0.2540841802056914,0,0.0006461883021588697
832,0.34116871639203217,0.16712626555032709,2,0.005163689611754997
833,0.21466484006092096,0.3385959220968602,0,-9.387188124129285e-06
834,0.34871575029580043,0.3944563133906906,0,-1.5930285832044758e-05
835,0.16340717569766508,0.5719567441836659,0,-5.593047895216712e-07
836,0.18472868617883065,0.5280810791083895,0,-1.0729882900470669e-06
837,0.26980820961530705,0.38813518591409174,0,-9.871268133949847e-06
838,0.049608816419853125,0.23223560632670753,0,-5.341716109194945e-06
839,0.27783046779689896,0.08411330797110876,5,0.010954843577178179
840,0.24385369989896277,0.003832502247492586,9,0.02935919526029079
841,0.20335097345511324,0.5660025507490841,0,-8.844097080821825e-07
842,0.3185938900927314,0.4100792605213737,0,-1.2438936139484748e-05
843,0.3383730142610411,0.3708577453507243,0,-1.5447429518363188e-05
844,0.34014899770636314,0.4599455137747657,0,-9.721258334206912e-06
845,0.20734779088364094,0.3767830863730739,0,-6.06590449285929e-06
846,0.0023042072188214358,0.5098329993919145,0,-2.083092504358076e-07
847,0.0073391098430728935,0.3960931436190129,0,-6.831398692621225e-07
848,0.10079396664422434,0.2671230926821575,0,-6.266071815967881e-06
849,0.00018238738029526246,0.055972637506357545,0,-1.5501757583803107e-05
850,0.024661037920325066,0.1567725691543322,0,-8.723411979950059e-06
851,0.048632039180523313,0.5226978660050295,0,-2.90948517483135e-07
852,0.01096275359377995,0.30755261749784363,0,-1.7167184107379746e-06
853,0.29784300025863086,0.383669384323276,0,-1.3007602780685469e-05
854,0.03844555406484223,0.4674636286429647,0,-4.5656547123306075e-07
855,0.20882913285676152,0.1711952980731448,0,9.189052683139058e-05
856,0.21474640013090632,0.5333820372012248,0,-1.372974622804801e-06
857,0.12083353799472486,0.4209152720908184,0,-1.6554655083414702e-06
858,0.17164078751799886,0.1754848260978632,0,-4.211274050804504e-06
859,0.13539350531790698,0.3344214764173448,0,-4.535188980875007e-06
860,0.03912322550598532,0.26572327294094017,0,-3.4522018713139446e-06
861,0.07763725112235988,0.007566215559011446,0,0.00047253408811877507
862,0.11997075374796687,0.06009285548432277,0,0.00029262588508863896
863,0.011098080975970403,0.12052665810785756,0,-1.0739496105932341e-05
864,0.17693676667274733,0.4779835106492728,0,-1.6380339821335782e-06
865,0.16457069417734052,0.3246252397205162,0,-6.654885033645005e-06
866,0.2920386027720838,0.4132535081410032,0,-9.607923242153314e-06
867,0.260118686440192,0.14044772297664737,1,0.0024061805542752936
868,0.3496735232122461,0.15576477606595115,2,0.005871906294363865
869,0.1780254469762775,0.4878212854567967,0,-1.500842287606411e-06
870,0.2104765230093152,0.23919290894260228,0,-1.4686792329320079e-05
871,0.16302807140951242,0.026780056366896333,2,0.00568268074025387
872,0.19264623684358737,0.45262772413327124,0,-2.4682168682314396e-06
873,0.002293765749416204,0.2437901565018221,0,-2.9768308054308474e-06
874,0.16729367101971165,0.5240563502133533,0,-9.386370061890829e-07
875,0.2850756085091575,0.13453723184708202,2,0.004963417587342741
876,0.14889886376280992,0.365047953443633,0,-3.824616281513922e-06
877,0.24157655165752903,0.5770593709215164,0,-1.1595609198504347e-06
878,0.1638455181734241,0.01348284916734117,4,0.009016096376355854
879,0.1752339691119032,0.15450688091190443,0,3.253620146776822e-05
880,0.07768567571225704,0.4013033698561166,0,-1.3092025532821957e-06
881,0.2906082745639725,0.1764304600756135,0,0.001838535920057292
882,0.3249951528059193,0.33530651734793937,0,-9.55921820632401e-06
883,0.07652960213716602,0.3776393029474634,0,-1.6395932634019472e-06
884,0.28031462742210245,0.3671892781035541,0,-1.2907305169651158e-05
885,0.1665190488197577,0.19121154181248326,0,-1.383048873068215e-05
886,0.15875988191894413,0.585062791469117,0,-4.6836731319261476e-07
887,0.1937173452517895,0.194275275178782,0,-1.6153544408972634e-06
888,0.22342088965706922,0.435916358403138,0,-3.960283146009907e-06
889,0.3055531533818146,0.40339164160959284,0,-1.1810249244364814e-05
890,0.026935825040072796,0.4647552213326502,0,-4.181537118828276e-07
891,0.13665380591886173,0.2683812083973432,0,-8.741131035096825e-06
892,0.1541560177932569,0.5699444081095197,0,-5.203285034754095e-07
893,0.06438742431494833,0.2426099742383184,0,-5.577845984646125e-06
894,0.23298669798540841,0.4461972571788633,0,-3.931372618423626e-06
895,0.2760804439341404,0.5584526836716088,0,-1.9700839476555687e-06
896,0.08433539384447683,0.3561046517110168,0,-2.1980417176734615e-06
897,0.24733814605678886,0.4147397097066842,0,-6.182349605967825e-06
898,0.2974384093778962,0.2620343309604514,0,7.37592021689328e-05
899,0.1295530522131002,0.2577550254375511,0,-9.03622048675732e-06
900,0.3028532406455228,0.15905630300342286,1,0.00389126189387902
901,0.20911525003943776,0.295423344502885,0,-1.2977382284870432e-05
902,0.00683194470346542,0.26375384855058664,0,-2.5518608182515684e-06
903,0.053160362319756765,0.38927069319764535,0,-1.155840488219163e-06
904,0.12197541313800075,0.23350482877459589,0,-1.0526701484502947e-05
905,0.006057028708248069,0.05590153281429073,0,-1.570974570946101e-05
906,0.21266185810519436,0.40765557015369697,0,-4.713129150295701e-06
907,0.34468690848043704,0.030923448797326312,8,0.018392249198515908
908,0.1227254186338143,0.5330332659949434,0,-5.49899650829966e-07
909,0.1836344591540782,0.11972323021592601,0,0.0003328812165230706
910,0.13198756876810636,0.22457928849333567,0,-1.2367291926005852e-05
911,0.11778997347409391,0.4045197924452892,0,-1.8918943575636668e-06
912,0.2334101807480986,0.06502553777652177,4,0.009983085228815632
913,0.02182336106714075,0.35688343364496905,0,-1.1684663006794876e-06
914,0.22651214532168087,0.021204911060470486,9,0.021031682977250006
915,0.2783046805632997,0.19087194793217038,0,0.0007573130151147793
916,0.15275768906156145,0.5166838841912675,0,-8.739688776948564e-07
917,0.3186002016475701,0.43648562225340043,0,-9.898707440079945e-06
918,0.3075415854999161,0.037195734745028616,8,0.018319915053208843
919,0.11615421629789827,0.05327127293768306,0,0.0003360203439214648
920,0.14022241978044753,0.1883544848011333,0,-1.5762324572782163e-05
921,0.18235256483232737,0.4454180588888869,0,-2.393831891412904e-06
922,0.1198496264826861,0.27522154302534824,0,-6.970905583081653e-06
923,0.07628134005220112,0.5325841735749355,0,-3.4738617163162513e-07
924,0.10005568503104663,0.2931130230634334,0,-4.814600402327636e-06
925,0.07492858993722776,0.23753965201581553,0,-6.5007024386267815e-06
926,0.12164609298968626,0.34673228345742424,0,-3.5005633123642956e-06
927,0.16415232385553263,0.5973624792056776,0,-4.370737114068928e-07
928,0.3453038331908861,0.23538707919452742,0,0.001356655509064185
929,0.20347828855037176,0.21447747126468866,0,-9.044408724257185e-06
930,0.2999971174874134,0.017375610763259417,9,0.024420685215189083
931,0.2764352807395152,0.22288831052419125,0,0.00018829959671192158
932,0.32597892618099394,0.2545794015583104,0,0.0003741027050044317
933,0.22976206569089483,0.5495786478395184,0,-1.3564610946812457e-06
934,0.3117057743252348,0.5042537400355187,0,-4.816904998544122e-06
935,0.11122273858919791,0.0594485698910274,0,0.00020163292742924425
936,0.17052178364573808,0.3854569168066609,0,-3.86954570600562e-06
937,0.25687259107204424,0.2645887699680319,0,-7.562966210110342e-06
938,0.08061163626520074,0.479104549507147,0,-6.192192100135202e-07
939,0.33623949229192773,0.5778745434976437,0,-2.9542513929767134e-06
940,0.08186229430183627,0.5862353038647545,0,-2.1479392982858493e-07
941,0.0989795132577411,0.28426104584597406,0,-5.199805995126551e-06
942,0.013794583922710183,0.42393565442508974,0,-5.515695859570985e-07
943,0.1596945537730706,0.35773098191738595,0,-4.577998167593088e-06
944,0.32689618029440215,0.22252075563913612,0,0.0012113564186548719
945,0.05624695573269727,0.23178227707189522,0,-5.728089641717178e-06
946,0.13616342700500444,0.35796860259393315,0,-3.615991204242771e-06
947,0.26351200613719505,0.4807913698193078,0,-3.7726998015795682e-06
948,0.2545995256232804,0.1673598306677989,0,0.000786703437885966
949,0.10290866320702599,0.24522708014486375,0,-7.908870975357805e-06
950,0.23216234598453706,0.4521650900756214,0,-3.6744809946642776e-06
951,0.3044276293626951,0.3075940560429225,0,-4.990096072816373e-06
952,0.10054356717983629,0.14395866232305266,0,-1.574408498533493e-05
953,0.05406892755770296,0.5043210411889177,0,-3.691542774179098e-07
954,0.2548039435005396,0.1637229840289748,0,0.0009090031806732423
955,0.3496748198984845,0.5922111489538576,0,-2.9267342764799967e-06
956,0.34305042884151915,0.5679022544076352,0,-3.491462692665088e-06
957,0.3321655868685174,0.500036478047845,0,-6.139945638963247e-06
958,0.15888307897245096,0.12462398577574078,0,7.932238774862742e-05
959,0.29824972731002325,0.32238320571466234,0,-1.409355595660876e-05
960,0.17874001205575593,0.5445279044642113,0,-8.574803543321942e-07
961,0.278206800187689,0.011042500627123553,9,0.027180565866821292
962,0.06464641898731201,0.42247604005059425,0,-9.300808128968093e-07
963,0.2573162811857432,0.5785602350966957,0,-1.3364861858523635e-06
964,0.15960465852149158,0.14954574502944062,0,1.1639090428474372e-05
965,0.18723908790315627,0.016235286702613226,6,0.0143664854436368
966,0.0821398256284145,0.462535795300635,0,-7.42036656209914e-07
967,0.25401149122769734,0.17464564538194052,0,0.0005800942078383809
968,0.12319114804332006,0.3254021274156919,0,-4.395059367281275e-06
969,0.07295070272724027,0.5805229465582724,0,-2.0805420667478358e-07
970,0.06360367326586212,0.576575685232599,0,-1.971403476753553e-07
971,0.3432371007764945,0.02242605068095873,9,0.021216542078706654
972,0.1620650963115381,0.46356867668345986,0,-1.6310003044635188e-06
973,0.000200131828594724,0.30236697081430136,0,-1.6238119871659727e-06
974,0.23573953290301045,0.5062562025912771,0,-2.2197600055756148e-06
975,0.005597717207177116,0.44504446129796965,0,-4.114969119656488e-07
976,0.28058125146789686,0.11254993236115513,3,0.007227531953620027
977,0.12763186323644893,0.03854180077385065,0,0.0010198634134309986
978,0.07390160345518895,0.25233058857074847,0,-5.565772548991277e-06
979,0.32830408182429527,0.3803277226966683,0,-1.5742252737480625e-05
980,0.12244898781942935,0.47534807893884146,0,-9.763024553608153e-07
981,0.2821603723168729,0.47535938766828684,0,-4.789727220010103e-06
982,0.08410743600720091,0.53507653829445,0,-3.6638063762939885e-07
983,0.27356283819611804,0.4280510212931339,0,-7.007815631541438e-06
984,0.3495224101194216,0.1514867620696364,2,0.006069717588515673
985,0.11254927446786384,0.3162834587539382,0,-4.329833698687182e-06
986,0.056767306989902816,0.2084916837520741,0,-7.228732226694701e-06
987,0.21758175792414047,0.4796414499640246,0,-2.416311895897128e-06
988,0.2249979958919117,0.36005495185108555,0,-8.455418445457242e-06
989,0.18735867714447516,0.42825600034617484,0,-2.986459410508947e-06
990,0.27696402792747815,0.39722666826504316,0,-9.696133070290277e-06
991,0.309403872985667,0.22736805091794624,0,0.0005817936475167832
992,0.006983371528506043,0.5291232278861558,0,-1.7998395094776632e-07
993,0.3214091736485717,0.24219633766471732,0,0.0005107935287406375
994,0.08809525175897162,0.47254167474120407,0,-7.125267393293909e-07
995,0.26800428727274894,0.4272645690102909,0,-6.690930699385219e-06
996,0.1914703590704825,0.42949039167239117,0,-3.0731693172495283e-06
997,0.31366356852748584,0.06222340480066408,6,0.013579273870499257
998,0.039637345788348474,0.11488055990832037,0,-1.4060143093418263e-05
999,0.26813209204631394,0.1586299113201495,0,0.0016902544472128633
1000,0.3206751984408163,0.33231135361545017,0,-1.015695752273126e-05
1001,0.16550193970450938,0.16738199650540128,0,-2.5434574027856384e-06
1002,0.24651014811424452,0.2963962694885313,0,-1.5772761405566727e-05
1003,0.11091070197199467,0.1959552865984448,0,-1.3117335664025758e-05
1004,0.20900083438879655,0.12391039719624164,0,0.0007811584406689445
1005,0.23993643871196227,0.2270123350597418,0,1.4717672453058984e-05
1006,0.25522680592504254,0.08279645660399686,4,0.009338673889362119
1007,0.09874666292949531,0.2519647475806939,0,-7.120589749641e-06
1008,0.13869682457005358,0.5423299147281176,0,-5.877141819560782e-07
1009,0.1013982603827487,0.2336324948209193,0,-8.704546798027199e-06
1010,0.2649669743811496,0.4214234057129761,0,-6.876608964661184e-06
1011,0.34112344334395917,0.5151574140632265,0,-5.7779046692660065e-06
1012,0.08753823727021978,0.25701217865847087,0,-6.0770619113084574e-06
1013,0.06624258575891184,0.46607684893526835,0,-6.11081259904655e-07
1014,0.14673997835109687,0.3770486007123109,0,-3.3215973812302204e-06
1015,0.05511399694935817,0.4439306458157688,0,-6.823470681145071e-07
1016,0.22225048386273982,0.40517425716902894,0,-5.309802397505049e-06
1017,0.07353093888119655,0.44378186618838217,0,-8.213544058847873e-07
1018,0.18862834835263925,0.35994417878001495,0,-5.957335954707529e-06
1019,0.2343476940169685,0.3670119162168148,0,-8.647033974949573e-06
1020,0.177229768828709,0.2609494249522378,0,-1.3237482094240725e-05
1021,0.18957856957413127,0.5672839155324139,0,-7.610178601741425e-07
1022,0.09550364381927161,0.4098424763435656,0,-1.4361101751872928e-06
1023,0.1553331214361239,0.11847289361385199,0,9.19436980661009e-05
1024,0.2404502113930653,0.39725274095085117,0,-6.857673768526903e-06
1025,0.1955256970777498,0.20844166935272374,0,-9.95504684758042e-06
1026,0.3007420543204625,0.43120069598674204,0,-8.813755529850498e-06
1027,0.33217827314743376,0.33915934570589357,0,-7.824390947422445e-06
1028,0.11343860458612591,0.19191959530747763,0,-1.3751205991447311e-05
1029,0.18096126623830336,0.1803590793503336,0,-3.942676078747074e-07
1030,0.041327925141148206,0.5478713350233795,0,-2.102842576078138e-07
1031,0.3063914214002432,0.3644215638917026,0,-1.5420492050437455e-05
1032,0.24016201564248663,0.42525047290616674,0,-5.195316351547696e-06
1033,0.22465984013131396,0.11422496309908078,0,0.001956972766744944
1034,0.2248607462748109,0.3171491505858661,0,-1.2380349336686059e-05
1035,0.02170035441443706,0.1396413491886995,0,-9.948701223790397e-06
1036,0.2648906453873285,0.5918309489871048,0,-1.2623132149350941e-06
1037,0.207511081786963,0.5636911354046443,0,-9.434513270006461e-07
1038,0.06639811796549915,0.3373495740792532,0,-2.216616292696878e-06
1039,0.13867778174707177,0.3404145722871169,0,-4.4146233466442954e-06
1040,0.2613308017662101,0.48614734332209053,0,-3.500120877157086e-06
1041,0.3459945656966627,0.21406171576423416,1,0.0024188304198465727
1042,0.1257743498047393,0.4775576816506266,0,-9.872055176833039e-07
1043,0.26790945711777164,0.4840683176949634,0,-3.814594650937693e-06
1044,0.248114100073639,0.5359488099242768,0,-1.8666095375439273e-06
1045,0.08625257424360651,0.30885790400590335,0,-3.5901339549227648e-06
1046,0.13529803176516594,0.08911230434530208,0,0.00015140484920332902
1047,0.11176398240416612,0.1308075137604881,0,-1.2135016896302615e-05
1048,0.21170296873872743,0.36238387204011296,0,-7.282071143688949e-06
1049,0.28252771945336497,0.3877440507657405,0,-1.1094316583126987e-05
1050,0.03599359365417442,0.29437913294926105,0,-2.514021471848605e-06
1051,0.11769635641656762,0.40881098225464824,0,-1.8107799340275084e-06
1052,0.11946867462586527,0.5309756741575402,0,-5.433709581831372e-07
1053,0.30364319832270387,0.4401025124609332,0,-8.327132009262518e-06
1054,0.3199309846828202,0.03603228674192298,8,0.018086151094140492
1055,0.1425608852023317,0.35937391188310613,0,-3.7998540695651387e-06
1056,0.19490964761791257,0.5972260735432046,0,-5.949589590088401e-07
1057,0.06561760067460486,0.5716991156985565,0,-2.1119777051029976e-07
1058,0.04001008581439043,0.4420215215449562,0,-5.981094396696154e-07
1059,0.1024496130522074,0.3894532548509485,0,-1.8871622582541527e-06
1060,0.23898724607607835,0.09724536943140731,2,0.005012802416904705
1061,0.2727775006576342,0.41433755816420675,0,-7.938372634557179e-06
1062,0.3302792754983686,0.20754248162671765,0,0.0020513717989087727
1063,0.08699587757118005,0.05874596664985172,0,5.774014820574552e-05
1064,0.1625976981930553,0.05854060911839254,0,0.001763003905505168
1065,0.17525963327714386,0.2007186474655557,0,-1.4015708532895545e-05
1066,0.07488390827190736,0.341307297436568,0,-2.3189268493523854e-06
1067,0.1623507775203321,0.5128132913496893,0,-9.997464280181697e-07
1068,0.12360936135015824,0.12921072434543865,0,-5.241766817658668e-06
1069,0.008204687307769942,0.1553232460880034,0,-7.561773885318752e-06
1070,0.24424881339406143,0.2248576534952338,0,2.717277742556296e-05
1071,0.04111524530508656,0.13475083336075946,0,-1.227645984860975e-05
1072,0.3263676325207791,0.17925475798058377,1,0.003695679052867269
1073,0.16179903128944628,0.2945759812491073,0,-8.651115334848758e-06
1074,0.010719627575828044,0.429563923824905,0,-5.056120709989934e-07
1075,0.3338615181448309,0.21781882669135913,0,0.0016832836450945262
1076,0.2738800592220732,0.4423896006799312,0,-6.111474997950301e-06
1077,0.046656107859680954,0.3340400886713337,0,-1.8814161505736211e-06
1078,0.14898442484295887,0.07553311546930008,0,0.000519953629775271
1079,0.16644220558094436,0.04846567036378584,1,0.002949583142740803
1080,0.017766928303419492,0.2554757768118175,0,-3.090973868853336e-06
1081,0.20179565740162414,0.40712180954240246,0,-4.254813023998704e-06
1082,0.347164805535646,0.518414847726024,0,-5.937075987900247e-06
1083,0.17016298624632578,0.43148091170897124,0,-2.4365313721505853e-06
1084,0.15669823338553343,0.2508668083604267,0,-1.2206536704434726e-05
1085,0.2947793172863303,0.14041125659104,2,0.005097691948155104
1086,0.19491276715999908,0.4372683091453973,0,-2.942886255085859e-06
1087,0.05211185587858707,0.20001379193822597,0,-7.501132456798915e-06
1088,0.1939522216148787,0.4117753359350006,0,-3.758160058779177e-06
1089,0.18183502251013586,0.5105070042161504,0,-1.242671775966069e-06
1090,0.2439940272105046,0.34446735463508604,0,-1.1565691907809847e-05
1091,0.049688598026519926,0.5530501584396037,0,-2.1706187026320746e-07
1092,0.1888162544001732,0.41205107692334314,0,-3.561366017927684e-06
1093,0.1530422120698647,0.5142009311999948,0,-8.984856912819792e-07
1094,0.04136553665810315,0.5261677590031136,0,-2.6135191693221795e-07
1095,0.0072160980124671365,0.18769725019273814,0,-5.458711903293838e-06
1096,0.15578020484629487,0.1445360570116664,0,1.3591005489147144e-05
1097,0.1688737725547497,0.2708977332841609,0,-1.142965168277521e-05
1098,0.21015006659616975,0.4842581609865157,0,-2.1426730976163274e-06
1099,0.1817703127017115,0.5753105985590854,0,-6.496709561294261e-07
1100,0.09370045359427565,0.11923371691640791,0,-1.3889484919082347e-05
1101,0.12865924141288873,0.3863414878216989,0,-2.5284424210422282e-06
1102,0.1992563265013176,0.5712972660739197,0,-8.052234264114168e-07
1103,0.06620143395470636,0.571614908128945,0,-2.1261184599037495e-07
1104,0.06650055982672973,0.14753234472248358,0,-1.3513145710268296e-05
1105,0.11051815728444858,0.5060769397299947,0,-6.373963203088325e-07
1106,0.31830618703508035,0.4063712086411196,0,-1.2780336600287712e-05
1107,0.21634191209027967,0.5506727513812182,0,-1.1735748651900145e-06
1108,0.23893959595091946,0.14050908885988594,0,0.0012318930727060373
1109,0.15219947806210132,0.15071525242994363,0,7.634236850146698e-07
1110,0.02568654588938799,0.27908934425750853,0,-2.642591572091951e-06
1111,0.09101977989659199,0.35969148662331424,0,-2.2669106633355704e-06
1112,0.30305314921790827,0.05648763937917669,6,0.014828786047610332
1113,0.023471461910825525,0.44084460955856014,0,-5.130356942994901e-07
1114,0.1939287550226115,0.42506088562367456,0,-3.291501890277941e-06
1115,0.09991833632907078,0.4673708494390342,0,-8.443621915982134e-07
1116,0.027891404458479038,0.37856257043514685,0,-9.995316466539973e-07
1117,0.06302881255836103,0.34136248615692544,0,-2.0590899138293143e-06
1118,0.19052308536053172,0.15696679014653353,0,7.436203007021249e-05
1119,0.3015956307116939,0.014946597434380293,9,0.025310769835924216
1120,0.19709368689480308,0.23097694904733382,0,-1.5311412015522716e-05
1121,0.1745010413926713,0.44696169502124533,0,-2.179721425405435e-06
1122,0.33965152829207157,0.3592077589639619,0,-1.3162407128752925e-05
1123,0.07584565101542814,0.2771252238802626,0,-4.439144506307304e-06
1124,0.11741314560589149,0.29606249459460643,0,-5.549969655405438e-06
1125,0.04495626954557075,0.04176231182576422,0,3.3480982019135148e-06
1126,0.07222504265217844,0.3214392809655621,0,-2.7538471035153176e-06
1127,0.15141893253631183,0.4078633253093786,0,-2.558902803975225e-06
1128,0.057101950234126966,0.013374311676719453,0,0.00013866332669257864
1129,0.026982732509455258,0.37849290679769443,0,-9.911913384424352e-07
1130,0.12818750121042313,0.508627609242689,0,-7.412277809180567e-07
1131,0.19170340204393838,0.29250903361368363,0,-1.1544391320947927e-05
1132,0.32627551731231563,0.22853463534539012,0,0.0009776273767110207
1133,0.14970151967230116,0.37586242323415125,0,-3.461608149747685e-06
1134,0.2538313047571997,0.0037317919777640983,9,0.0299084847587141
1135,0.11423275140259039,0.18021900689355666,0,-1.4844884553842901e-05
1136,0.0044563820242704,0.11936708687179577,0,-1.0227313725568545e-05
1137,0.3015283744673861,0.3998228905491948,0,-1.176620578885939e-05
1138,0.05135415194410617,0.49629698339688744,0,-3.8929538873540403e-07
1139,0.26950782034563076,0.18376565864857405,0,0.0007228254480591815
1140,0.06908327966955205,0.27003409023958475,0,-4.454077860589479e-06
1141,0.22473458783060496,0.4369318216166652,0,-3.971932174963486e-06
1142,0.25446686370184257,0.5165227206770094,0,-2.414481983459297e-06
1143,0.06316029688085148,0.04701980672825634,0,2.4020308547337023e-05
1144,0.06628801184452723,0.044074801631384705,0,3.8861559246909666e-05
1145,0.2528582535946539,0.33358962561071165,0,-1.3516506434069642e-05
1146,0.06584251226701858,0.18832051808066427,0,-9.538663186734018e-06
1147,0.23127126330589312,0.251634533374468,0,-1.2908552493236004e-05
1148,0.10571145874947052,0.3470068230277133,0,-2.9788770098790405e-06
1149,0.2285128291756222,0.5102557551800291,0,-1.984573325539877e-06
1150,0.03897374823712889,0.39359931849505875,0,-9.606596515854307e-07
1151,0.1804165230288342,0.048603975713138015,2,0.0046219666931913836
1152,0.03775289050739085,0.4963314211318604,0,-3.397265637201786e-07
1153,0.26542734307571336,0.23905667815887113,0,4.4260380971673364e-05
1154,0.23848218255514056,0.2884024217359919,0,-1.576773613821646e-05
1155,0.12057511723692924,0.5575310355676043,0,-4.212822324349875e-07
1156,0.06020562526509728,0.22500551972755495,0,-6.364346278558574e-06
1157,0.062486938489480635,0.14133501136035156,0,-1.3722082587596597e-05
1158,0.15160102960627492,0.01702588806556544,2,0.005557913398816309
1159,0.11747042198397091,0.4296965773234218,0,-1.4662900087122787e-06
1160,0.23485248007941864,0.3193965702741964,0,-1.314681159104356e-05
1161,0.1664941617191175,0.06654964387796314,0,0.0014943179201438546
1162,0.3198066932698792,0.32183290887978916,0,-4.323343058416223e-06
1163,0.20762931601837034,0.16833358828736722,0,0.00010057671181316231
1164,0.06702512823690991,0.28064075639130565,0,-3.927350761433651e-06
1165,0.34408018493350945,0.24260978487223545,0,0.0010515089592952227
1166,0.18281250139847968,0.31400381884664164,0,-8.777707756262486e-06
1167,0.1611586397385891,0.534429292371763,0,-7.959028200406416e-07
1168,0.32541954008624163,0.002257860707794834,9,0.031050089267880155
1169,0.15674496453083644,0.554230459881136,0,-6.247989194804292e-07
1170,0.2965860585583253,0.10122399781357949,4,0.009468036794836081
1171,0.3310298613918714,0.18519779057561772,1,0.0035136297253677263
1172,0.32953807212468117,0.11614728104073199,3,0.008217646536016539
1173,0.3228864773127968,0.06751746112699239,5,0.012491824863595657
1174,0.014065545789697568,0.09033248419084773,0,-1.3968454803851815e-05
1175,0.22908811807009577,0.35831299184643645,0,-8.932408341178178e-06
1176,0.07218624308905856,0.5059897149866881,0,-4.350562569886007e-07
1177,0.060802476358835726,0.5778951836063586,0,-1.8918840261345542e-07
1178,0.2567802871317576,0.41344944756992624,0,-6.863819988569257e-06
1179,0.14550417498018808,0.13536452604762808,0,1.1968430345528538e-05
1180,0.15400553526871705,0.5099616765969714,0,-9.464448133777965e-07
1181,0.06402543124136838,0.5761934266740923,0,-1.9873073420883316e-07
1182,0.28956651735073813,0.043857422661274854,8,0.017486267033163843
1183,0.013056141319579556,0.17702485824847286,0,-6.419921591267617e-06
1184,0.21852670667851926,0.009769563958017336,9,0.024150979227259083
1185,0.04552494017281415,0.4368864812887289,0,-6.652779603405281e-07
1186,0.09395355387518659,0.14748025824684233,0,-1.560364077694474e-05
1187,0.013028016526897723,0.3521731017934891,0,-1.1218079067255232e-06
1188,0.12146479846720298,0.0874991007496605,0,7.986635063688266e-05
1189,0.06786518350593139,0.06916511563587148,0,-1.428080755460845e-06
1190,0.340844364872585,0.2843466155266425,0,0.00019603741764572628
1191,0.3331445709002901,0.08744771559708232,4,0.010056251260367272
1192,0.10169393232298116,0.15630441841470175,0,-1.5559234932887747e-05
1193,0.2662002327237068,0.4744065173895292,0,-4.128694826821512e-06
1194,0.32626771793428533,0.19362274497477686,1,0.002684734783468023
1195,0.01632502652927274,0.24188329162186173,0,-3.4891400271888958e-06
1196,0.014688346536118472,0.5222963445551355,0,-2.0811785682635673e-07
1197,0.10629168269977497,0.21444579078819678,0,-1.0848509515247466e-05
1198,0.09052133639380233,0.4027578071703356,0,-1.4667161964500582e-06
1199,0.3153120090697445,0.15499941009861323,2,0.005036115928446346
1200,0.1689822098985831,0.30298788953553607,0,-8.550108763417612e-06
1201,0.2271047405046134,0.04180792972677148,6,0.01473036363223392
1202,0.23636851593545713,0.29565045718547556,0,-1.5327354201482645e-05
1203,0.07416635696558427,0.06154365401706327,0,1.6998213493819773e-05
1204,0.2045441078106717,0.3233485609993865,0,-9.84276280227322e-06
1205,0.10899948768300359,0.2594485386708162,0,-7.3128806876734715e-06
1206,0.05329212148821823,0.00025086481211742393,0,0.00021950409539368674
1207,0.0832759964880655,0.004981804442176129,0,0.0006726485265636142
1208,0.015707195459789384,0.5123863108479252,0,-2.3214940275759807e-07
1209,0.32546281066587884,0.4505061565164399,0,-9.265154303507175e-06
1210,0.25121295365627655,0.404082039723145,0,-7.122784131119331e-06
1211,0.12807248136666108,0.5173866737005257,0,-6.782914856337055e-07
1212,0.2749143007987249,0.06356721561086566,6,0.01403124853533024
1213,0.0518769844700993,0.2403563570850169,0,-5.0413137362109825e-06
1214,0.3205210927257985,0.31647392122502627,0,1.1284086480464503e-06
1215,0.07149940086866613,0.35010973629002073,0,-2.0531758450523856e-06
1216,0.2956802250390492,0.3042165088168635,0,-8.370630409934366e-06
1217,0.042917682081886926,0.5266018388896632,0,-2.6428567745825e-07
1218,0.004779697950505323,0.42700719689167427,0,-4.888224851679135e-07
1219,0.33671166644169787,0.5158295130884072,0,-5.496545504892174e-06
1220,0.07471262115556726,0.5203525981852685,0,-3.864807922926948e-07
1221,0.01787082462376999,0.327728008570275,0,-1.503376272322537e-06
1222,0.020401650628026444,0.18719862268341259,0,-6.244133950121665e-06
1223,0.24115547873537185,0.4194305771291862,0,-5.556516692346706e-06
1224,0.06576432673681878,0.3309172343469184,0,-2.348832132178163e-06
1225,0.16904877597646534,0.05615294724120077,1,0.0024320721295199737
1226,0.08393234983096812,0.029738433278399867,0,0.00022925324129164832
1227,0.04340926031461617,0.38864239225358305,0,-1.0551979832289207e-06
1228,0.340161315202493,0.1398553279258638,3,0.006715452814204716
1229,0.08863570383281864,0.08338352969534561,0,5.620527503256385e-06
1230,0.18720883995172297,0.21994859686795412,0,-1.517984628644291e-05
1231,0.29703116794546586,0.1409413488616918,2,0.005207172751026796
1232,0.018125305495602487,0.33436171187702335,0,-1.4104867324065998e-06
1233,0.3125308505318787,0.3352273112120346,0,-1.3832810705317015e-05
1234,0.1626579707506423,0.35154403698371456,0,-5.012160847224579e-06
1235,0.34520097399252636,0.4978140655418405,0,-7.1220164354828615e-06
1236,0.2398275411801175,0.48035967477775066,0,-2.9940657862173813e-06
1237,0.2702409123947987,0.46010233688612506,0,-4.952152569448719e-06
1238,0.1831581407816846,0.41399874200640957,0,-3.301787754561252e-06
1239,0.1932391449096147,0.4993025166500047,0,-1.5574595636403273e-06
1240,0.24324612637501664,0.20532402118197915,0,9.023949578326358e-05
1241,0.264953540027343,0.17328113437862305,0,0.0009105035167105856
1242,0.0779169239727315,0.22990148552182665,0,-7.2084537769620115e-06
1243,0.20420694663419595,0.01179468168173472,9,0.02049565377423906
1244,0.018741251373452145,0.5749431188316981,0,-1.280128506771897e-07
1245,0.23432268818949817,0.02442698607806242,9,0.020906001221828573
1246,0.25015592991068203,0.1553275451980822,0,0.0010543704456973187
1247,0.18837313090665642,0.5532909335918127,0,-8.64827796059168e-07
1248,0.046986234755314646,0.033549023045589266,0,1.8723805155728155e-05
1249,0.2648450691737079,0.03467259828594644,9,0.019724990187319602
1250,0.29096938439000036,0.11326409794989306,3,0.007862515201541317
1251,0.03293410964928443,0.1740950924044973,0,-8.004573562888062e-06
1252,0.06378331358415075,0.13323924767069878,0,-1.4566698465945177e-05
1253,0.3156769292251934,0.5014965905985393,0,-5.147856818263063e-06
1254,0.1745993317009643,0.5750563435171185,0,-6.063322271990709e-07
1255,0.29276955467071103,0.427658380438432,0,-8.454635564099383e-06
1256,0.18083738802972907,0.20399728953854543,0,-1.3503467106883327e-05
1257,0.1193483140349183,0.3657811556128819,0,-2.829395631111952e-06
1258,0.22256179453638053,0.40472552396275735,0,-5.349755960262521e-06
1259,0.18980037303151107,0.008413851284496654,8,0.018163305427161384
1260,0.020033977632496702,0.20485274028661052,0,-5.2291328628877545e-06
1261,0.2142329348850558,0.5025263864831961,0,-1.8593797327342208e-06
1262,0.12044571785202296,0.5041371045787538,0,-7.176005220456765e-07
1263,0.16893714768428453,0.3134139575920473,0,-7.737783684748564e-06
1264,0.2710834858349099,0.3891729318498595,0,-9.892387323547358e-06
1265,0.04499307883585509,0.5454149673514881,0,-2.235494498415996e-07
1266,0.07500243031539568,0.2504294335502518,0,-5.732729612138749e-06
1267,0.19782311794794644,0.46966147255691326,0,-2.1923452064979517e-06
1268,0.01778363698375399,0.1868428418798705,0,-6.1073430127591945e-06
1269,0.045692970644886755,0.3572948428150199,0,-1.4769127055874345e-06
1270,0.12137477905762763,0.5967757559664848,0,-2.868220744131135e-07
1271,0.13816460411926612,0.4087955931271869,0,-2.2213435400894376e-06
1272,0.24362697082917167,0.2871391711627375,0,-1.583644346407987e-05
1273,0.08493492819128472,0.2727315482004307,0,-5.073165529582168e-06
1274,0.09138777393450204,0.20613464458183375,0,-1.0232065472404982e-05
1275,0.18229842109558794,0.3973829609008683,0,-3.862908746077677e-06
1276,0.2915488916934266,0.2788717971065852,0,1.2979331941853958e-05
1277,0.18756789852818398,0.12939771710482456,0,0.0002566519658208296
1278,0.2984740283947832,0.05933617442561085,6,0.014542424444575265
1279,0.2668620590957443,0.5405886035425274,0,-2.1482443090305056e-06
1280,0.2846051989178892,0.16531166028252403,1,0.0021933289590386393
1281,0.07686525812366757,0.41843331653881716,0,-1.0941262709291323e-06
1282,0.3285160073355915,0.2855944918506032,0,0.00010550101306800091
1283,0.1487915875535483,0.34376890675088145,0,-4.719956071696041e-06
1284,0.22695733382031952,0.21575902050596413,0,1.2207666469250724e-05
1285,0.2360303603294892,0.2002003052921495,0,8.106533385978225e-05
1286,0.24929288819285056,0.020958757105305592,9,0.023161881774451252
1287,0.33851240075255706,0.2298142059961044,0,0.0013369893227227006
1288,0.3220912068378954,0.39561835499918874,0,-1.418943064789536e-05
1289,0.18392176506693234,0.18252766887211055,0,3.6292374682570826e-07
1290,0.005280565915891816,0.3406742281214292,0,-1.1647791620848387e-06
1291,0.19099310227828833,0.19601219529317723,0,-5.244061188011897e-06
1292,0.12827707306384417,0.23662653987748328,0,-1.0826345240333486e-05
1293,0.2488242938551436,0.17563826173156757,0,0.0004559740653196321
1294,0.30718397460559776,0.4729776214969043,0,-6.270653173196732e-06
1295,0.3232409701148059,0.4673930132588297,0,-7.732843091277764e-06
1296,0.11036347372924725,0.24692377877952887,0,-8.354325479067973e-06
1297,0.2635859599054057,0.4382228176782031,0,-5.756013322972661e-06
1298,0.32347468030751936,0.499712535098398,0,-5.656884572923005e-06
1299,0.18071664213078525,0.31267801209103824,0,-8.714669069958569e-06
1300,0.16497013182821318,0.14376869020753785,0,3.4027079910319435e-05
1301,0.2824614457829036,0.5129241452964979,0,-3.3069542121996984e-06
1302,0.19278840467216604,0.197278958123727,0,-4.8674875997986496e-06
1303,0.31781379674446125,0.03261978754514603,8,0.01904215933825522
1304,0.09041525706184265,0.44516172576308205,0,-9.588751354513618e-07
1305,0.21980962895409337,0.39078603291438335,0,-5.973162167778617e-06
1306,0.021349290484354393,0.2098452258191281,0,-5.042332778504379e-06
1307,0.08186935888937415,0.5228696786142251,0,-4.047971384726955e-07
1308,0.33643512541624593,0.4016065580947154,0,-1.4913221131955896e-05
1309,0.20082518107322278,0.241656386754185,0,-1.5745143397395225e-05
1310,0.3434109506871513,0.23080191134946446,0,0.0014766285707720167
1311,0.19609486165244394,0.3720340632280255,0,-5.691639581580307e-06
1312,0.010667596820795999,0.11713931616546741,0,-1.1021847590326469e-05
1313,0.20271802380222298,0.01094571594016298,9,0.020496125063212047
1314,0.21179989846624103,0.2533185012224178,0,-1.5774400541937666e-05
1315,0.038621860200597484,0.17173778085037553,0,-8.63982979452264e-06
1316,0.2766242333039922,0.06667740629189135,6,0.013561110043985759
1317,0.09912320110747702,0.1124472978838449,0,-9.776105406211965e-06
1318,0.06355739643076568,0.5525853297013609,0,-2.5047313126533463e-07
1319,0.3176847754972029,0.25100196231509087,0,0.0003136434929824231
1320,0.16028452691178824,0.21577225793261623,0,-1.552746604301065e-05
1321,0.017159323108200536,0.5597950487041768,0,-1.4661448009916282e-07
1322,0.047574237411083374,0.22674083922067648,0,-5.5273928649724745e-06
1323,0.3016508009859882,0.5996272919312026,0,-1.6846803063133658e-06
1324,0.22703808819395058,0.26564642012237644,0,-1.568453408482566e-05
1325,0.17049921437557009,0.24836519045247785,0,-1.3802579860708513e-05
1326,0.15560316478037747,0.44635764666754246,0,-1.8161853954839672e-06
1327,0.28727600156738314,0.3178929340185205,0,-1.5124275498303257e-05
1328,0.18600368362867156,0.5328762692144151,0,-1.0358593379058658e-06
1329,0.09687232891268019,0.12338182992552238,0,-1.4097929067166591e-05
1330,0.2583434624501011,0.24159889848902832,0,2.116026157972941e-05
1331,0.2774569002951914,0.5893482237787983,0,-1.4667980940361384e-06
1332,0.11776165792002014,0.40871890553126017,0,-1.8136285451718306e-06
1333,0.03767573768718946,0.4481341274492692,0,-5.49678375021718e-07
1334,0.28135341292329036,0.30067020414624657,0,-1.2807551597541902e-05
1335,0.19862160471974988,0.520259529749393,0,-1.3327908441780059e-06
1336,0.255689465459042,0.05979856427974699,6,0.013767302171892806
1337,0.09729860053253239,0.19215222171539661,0,-1.2148195614835542e-05
1338,0.13668731804207235,0.3872315818426325,0,-2.7148549371339557e-06
1339,0.06114139002889803,0.5208029523832354,0,-3.3597529372254064e-07
1340,0.32616304566821525,0.19983622739210502,1,0.0022919349299307915
1341,0.20851553187017097,0.4802016838453622,0,-2.1952168942452603e-06
1342,0.042527301408378765,0.13565300251876225,0,-1.2326873398333061e-05
1343,0.2619705414687847,0.06815129157636714,5,0.012623724268349205
1344,0.062185332474264554,0.0366283431337872,0,4.900481015329742e-05
1345,0.25614824495337957,0.4534272496223073,0,-4.602919508054042e-06
1346,0.16539781830837305,0.5289625857049429,0,-8.769511405736335e-07
1347,0.05118028856722062,0.07483654762227132,0,-1.3401389995844701e-05
1348,0.1764603851217324,0.19176043885993124,0,-1.0925048140214301e-05
1349,0.296188498662035,0.21933992846963252,0,0.0004889343259061227
1350,0.16474443745371148,0.39219508345562915,0,-3.416461285063755e-06
1351,0.3381838233484538,0.34456049051920806,0,-7.526945597860913e-06
1352,0.27826873124124984,0.5104711316245262,0,-3.250444459393076e-06
1353,0.12477868523054426,0.04467259752107091,0,0.0007044490170257124
1354,0.34009189026195363,0.515200952722536,0,-5.71730188748931e-06
1355,0.14699061767209942,0.0701809790210668,0,0.0006006488986342169
1356,0.24445499292917922,0.4317074769422716,0,-5.0848447343081225e-06
1357,0.2805051446479131,0.4543668660365099,0,-5.797540384641016e-06
1358,0.18100889114732713,0.3470652393125263,0,-6.2737017253354e-06
1359,0.16636993216029397,0.01906015997710959,3,0.008095043303988948
1360,0.12709841147747025,0.4757647341804595,0,-1.018436131441685e-06
1361,0.2173476692847666,0.030976215107416237,7,0.016280477617308723
1362,0.23612264521135207,0.22282440879158424,0,1.544513289492538e-05
1363,0.17203692838956416,0.5409744006483014,0,-8.309932914398412e-07
1364,0.2878706953911418,0.006605203221035505,9,0.02907400140745596
1365,0.3490218150510952,0.38479712762824547,0,-1.57215246009696e-05
1366,0.1259522569107246,0.2961570465262254,0,-6.029892975316275e-06
1367,0.20059058925814574,0.08289198513645228,1,0.0026842896711342336
1368,0.3200834118367982,0.5340720036501314,0,-3.892587219855971e-06
1369,0.17125646914777018,0.5272688083170719,0,-9.456418526928503e-07
1370,0.05936751264161235,0.1066760265928813,0,-1.5749938580501115e-05
1371,0.3431412431473681,0.02467922199832353,9,0.0204271075722699
1372,0.2567961952752318,0.14801834949530177,0,0.0017011827819980586
1373,0.2124788445833556,0.3723846932358424,0,-6.657845734977449e-06
1374,0.3443888339185872,0.5947350631738159,0,-2.707776541794543e-06
1375,0.3267972368529659,0.4878970059187121,0,-6.561371708182737e-06
1376,0.24308187530742148,0.2664977908426909,0,-1.374566012715794e-05
1377,0.08714949191936495,0.21470435421684034,0,-9.097057944855446e-06
1378,0.02001443999730593,0.33134512624229057,0,-1.4813579917586674e-06
1379,0.05521604790119052,0.24660155841498926,0,-4.898139693698777e-06
1380,0.2736876766940508,0.16966040041769423,0,0.0013847891213229322
1381,0.07066899275364072,0.07578825940734124,0,-4.6559129133922825e-06
1382,0.2024130320663181,0.2768612933799303,0,-1.4117097829207858e-05
1383,0.3006813113172219,0.18105912098332505,0,0.002095705694542011
1384,0.016919074614888306,0.08823537452125092,0,-1.4411906264422176e-05
1385,0.19732977853132308,0.5304691198847667,0,-1.1880615397729521e-06
1386,0.2687484814335225,0.06799561646884057,6,0.013060068425480806
1387,0.27137452534157686,0.4450146741296002,0,-5.811565297785139e-06
1388,0.06036169387441911,0.37611856527129617,0,-1.4165633523702133e-06
1389,0.321507530932191,0.18132422182497324,1,0.0032711487410018625
1390,0.32477543953304844,0.5094564786631048,0,-5.204754120054787e-06
1391,0.04510436082416494,0.5161262585629033,0,-2.9995301465799813e-07
1392,0.21974142677910052,0.5959979745292419,0,-7.717018570843173e-07
1393,0.05463634533300377,0.12638455121374287,0,-1.4371290328962979e-05
1394,0.2732995809181788,0.06358704666668888,6,0.013986857195351405
1395,0.15259538410930937,0.19413108431557513,0,-1.5728702630682094e-05
1396,0.042483685575737146,0.3967593095271619,0,-9.639875758134072e-07
1397,0.2779531032780458,0.5910707174005715,0,-1.4489152729241669e-06
1398,0.34436102850118855,0.3776502317451637,0,-1.5532990184827845e-05
1399,0.2774362334205416,0.21073999830912232,0,0.0003342432238825364
1400,0.006726476856104346,0.2662664136271997,0,-2.486006557184874e-06
1401,0.27580727681462286,0.5418081979676242,0,-2.3200793176343136e-06
1402,0.2193565341569669,0.5137643282202911,0,-1.7489925877327996e-06
1403,0.20587827526301117,0.07401859381168978,1,0.004251434717170296
1404,0.008941472022402712,0.16456961347031393,0,-6.964044574795424e-06
1405,0.013077041121188654,0.13230730138752891,0,-9.833263091407025e-06
1406,0.054823164129456925,0.19251871631064962,0,-8.271305260553945e-06
1407,0.3358955359300561,0.33167753360634833,0,1.0161764384473465e-06
1408,0.007214597051499388,0.48979782375614234,0,-2.673145865240295e-07
1409,0.07077245279969131,0.08566017980565806,0,-1.0431723298254714e-05
1410,0.1511292680447267,0.23518530242208394,0,-1.3208516149985535e-05
1411,0.0038454816556122927,0.37643333351434644,0,-8.030287952662693e-07
1412,0.31670805747402836,0.38620165086223474,0,-1.4551291521782419e-05
1413,0.10875263910057587,0.40413413512660556,0,-1.7354158245228929e-06
1414,0.15630673094970113,0.34509496412667073,0,-5.0176208566949095e-06
1415,0.28149610404931846,0.4408004540379201,0,-6.685701301491429e-06
1416,0.30185665779194515,0.26028812476264995,0,0.00010209542416237501
1417,0.26988271304632094,0.03432726775965511,9,0.019857937996454033
1418,0.1921237126049966,0.20711984901226946,0,-1.0863703575641701e-05
1419,0.17693187941961114,0.4320814747872346,0,-2.5909987156443553e-06
1420,0.29478984146379017,0.22144976968553975,0,0.000426710842808933
1421,0.29264951359156344,0.44173688188492355,0,-7.380264981350076e-06
1422,0.30299422081960736,0.5332853671801375,0,-3.3108901568804715e-06
1423,0.10032951447354645,0.4917982284802773,0,-6.640997489642616e-07
1424,0.02308605670344606,0.4915812441716496,0,-3.07703880867391e-07
1425,0.0025038836750346624,0.5600190070114154,0,-1.2636388996133298e-07
1426,0.17805814646522847,0.2851254854046306,0,-1.093980447415024e-05
1427,0.3001509959213559,0.18567224388694098,0,0.0018001360226592089
1428,0.17248084293972107,0.31166353787596485,0,-8.139359568334132e-06
1429,0.29193197731338,0.10953521728690575,3,0.008351161097990273
1430,0.21601477626700272,0.4712902657163283,0,-2.5857448322534933e-06
1431,0.27939843472573106,0.38719143642239606,0,-1.0847670709860946e-05
1432,0.3291677354812623,0.3826221836573507,0,-1.5679289871301397e-05
1433,0.007241454542648306,0.2934199418149425,0,-1.9050657027036426e-06
1434,0.16134552861533363,0.11203553704865876,0,0.00017333425095812505
1435,0.10388184060806639,0.015633349274978104,0,0.0010077540780921471
1436,0.13607780267627465,0.584058242462428,0,-3.77224281936324e-07
1437,0.1293434353603931,0.20220505806977532,0,-1.4267061562436487e-05
1438,0.12828539758285207,0.0274967946791397,0,0.0016341748584533498
1439,0.18642106281243806,0.25662120309099007,0,-1.4496165480232823e-05
1440,0.33646288639924404,0.43666243343193195,0,-1.1568922206378841e-05
1441,0.041511084848423335,0.22817226487018838,0,-5.133470293553934e-06
1442,0.3214197101374562,0.22943881330561133,0,0.0008128008284056131
1443,0.3241114745150412,0.06126852329150096,6,0.013235918701485954
1444,0.12592078257660974,0.5846154453026836,0,-3.389497027791631e-07
1445,0.17035358001328357,0.17222994460679653,0,-2.5795240182272332e-06
1446,0.2277580680242868,0.022036871477313057,9,0.020913862330562766
1447,0.1369122555719901,0.4875590044154715,0,-9.98316926608119e-07
1448,0.33833563496455993,0.015301894877026333,9,0.02419666072374109
1449,0.3460317514113006,0.2849361595820076,0,0.0002370183228943977
1450,0.34899833597935914,0.5588852542615195,0,-4.051301894694915e-06
1451,0.1473045722853053,0.5249512310532379,0,-7.619990649361577e-07
1452,0.23230379777637955,0.014324893009811412,9,0.02419296579916472
1453,0.17028248771252236,0.5702299452000151,0,-6.094727064045358e-07
1454,0.053662825057224604,0.01118598911981865,0,0.00013016752370057096
1455,0.03362569124331743,0.5877678320905823,0,-1.3065590866636668e-07
1456,0.1928017409144463,0.3090541992451582,0,-1.0076472291322241e-05
1457,0.26702316044612767,0.08048743238883305,4,0.010848558350288636
1458,0.0907667627094586,0.5858028072185423,0,-2.3578777371501033e-07
1459,0.34763627925744706,0.20651492347697356,1,0.002932050547609915
1460,0.06518529741829014,0.26040153766164015,0,-4.7150762447370175e-06
1461,0.00771753807130841,0.4573973445439043,0,-3.7146354390025124e-07
1462,0.29245278451116424,0.2263984129070599,0,0.0003181241256515211
1463,0.13745153465935459,0.0023643950018312765,2,0.005897177776743003
1464,0.18580848330864136,0.3598260812047281,0,-5.801547789178854e-06
1465,0.1150169004022744,0.315418618432459,0,-4.475322641032521e-06
1466,0.1601033998167187,0.08088589438579553,0,0.0006554614065193827
1467,0.17921014887796205,0.08168175195254003,0,0.0013326778469861583
1468,0.12723641907914926,0.5353695123813303,0,-5.619516243573028e-07
1469,0.3288563858485456,0.4665814459838813,0,-8.221621383132413e-06
1470,0.07511181810622145,0.49793286674108805,0,-4.855386616113029e-07
1471,0.1327009744339932,0.55558513397585,0,-4.848478917243542e-07
1472,0.08257100970184912,0.21510014666294922,0,-8.68281408760327e-06
1473,0.06662183242857976,0.37201701208165644,0,-1.5710435124880917e-06
1474,0.07973454503377717,0.33653783926206565,0,-2.552625454100874e-06
1475,0.03437870109288588,0.19785949168587494,0,-6.44908450334522e-06
1476,0.28101913345753565,0.17714178322568572,0,0.0013519071644183002
1477,0.03070852346084809,0.42736605038815506,0,-6.310698770801743e-07
1478,0.18610118318274432,0.49358030575948375,0,-1.5357780650048075e-06
1479,0.09159830792947042,0.4430407353218496,0,-9.910661616933696e-07
1480,0.2773188928273321,0.24318671030136302,0,7.036376564044029e-05
1481,0.051263889505057135,0.4116519011857386,0,-9.067392674320115e-07
1482,0.3420491232660806,0.3199342442757608,0,2.9164755366232458e-05
1483,0.06424080375668233,0.2694394310008006,0,-4.270356805728305e-06
1484,0.22574493402413845,0.3041452282530062,0,-1.37447124439044e-05
1485,0.2301998429059349,0.25177735982475846,0,-1.3243389511622384e-05
1486,0.25540837000930333,0.5950158910218245,0,-1.1124074261996124e-06
1487,0.2261979935119287,0.29840574098788225,0,-1.4317570239454513e-05
1488,0.33904735595817603,0.22741472246148844,0,0.001456298980823111
1489,0.2612675770745108,0.5766165932129624,0,-1.4174777542719585e-06
1490,0.34061643163041305,0.3587499989510582,0,-1.2753439772863307e-05
1491,0.16148157695426818,0.43101379922580213,0,-2.244958203580784e-06
1492,0.0312992463111629,0.5262614526359921,0,-2.3612994064018047e-07
1493,0.3099988242989061,0.425900789109628,0,-1.0081272067061992e-05
1494,0.34740603524620844,0.4662695782602645,0,-9.802704168772915e-06
1495,0.28427490326213184,0.3820688704528523,0,-1.1820080844577466e-05
1496,0.26395246902289626,0.1894752313757321,0,0.00046965520172766146
1497,0.2585056990983167,0.10855217683424469,2,0.005643296216200502
1498,0.04820203827604438,0.27345965009526774,0,-3.4983067283675482e-06
1499,0.31040995545201877,0.4889238227894664,0,-5.53352849629823e-06
1500,0.026790801333301587,0.10194053223006605,0,-1.4069874959911942e-05
1501,0.2774729239709382,0.10664767687702152,3,0.007757925512516273
1502,0.05087072267753371,0.005807945694258243,0,0.0001486421950237078
1503,0.23872658944982966,0.10069548470949308,2,0.004520493564035995
1504,0.2051343288463951,0.07579273432943652,1,0.003928148482085458
1505,0.12063908107477951,0.059098428420700184,0,0.00031539769330091573
1506,0.11217664701156904,0.5644054742063156,0,-3.6165843976849274e-07
1507,0.21599422044507974,0.26550761860480004,0,-1.576734837510251e-05
1508,0.29031503751634996,0.3393587926571748,0,-1.5820621122992003e-05
1509,0.3018490906474197,0.5910137345976291,0,-1.8397181731261263e-06
1510,0.010626404264152138,0.4946496484009607,0,-2.6348359119157167e-07
1511,0.18783541426014108,0.33740152842475785,0,-7.364765737838191e-06
1512,0.32239518252240323,0.5645079776930676,0,-2.9413017838974046e-06
1513,0.3023574033017424,0.15004318291795526,2,0.004683026561354232
1514,0.3493111317121557,0.2664560763878147,0,0.0005515662228349098
1515,0.02560427820147665,0.11669230169396255,0,-1.2530980600941063e-05
1516,0.1286927017022793,0.5597673935606499,0,-4.467479070159425e-07
1517,0.23338594067893248,0.01821618432178147,9,0.022898840681443704
1518,0.0811245124563652,0.5863040650520215,0,-2.1307052178610647e-07
1519,0.04365304366111918,0.14979104185980066,0,-1.1050262872516641e-05
1520,0.15946380557857293,0.4389762431691859,0,-2.0319843884774258e-06
1521,0.28905818065303246,0.37116417781333755,0,-1.3376231449947295e-05
1522,0.31840377464446484,0.4758538525803904,0,-6.800591132726049e-06
1523,0.18263845486117034,0.5314545237512159,0,-1.0159866866282626e-06
1524,0.1643804738974506,0.11863358687690781,0,0.00014519169295555256
1525,0.3293439512456519,0.16985241003828508,2,0.004550569215867596
1526,0.035916768837676236,0.2150922629062486,0,-5.5276999478020635e-06
1527,0.2923408402131935,0.47207883141515333,0,-5.469862614151843e-06
1528,0.29681539236526383,0.019907766323049535,9,0.023594866293636517
1529,0.23248761915959612,0.37249185687957204,0,-8.065325254846446e-06
1530,0.15343471260230704,0.03116468512082586,1,0.0035573624475195623
1531,0.31800468011152905,0.46353398395686163,0,-7.632318892489874e-06
1532,0.3119553875959192,0.33474408321603,0,-1.3851599573086468e-05
1533,0.15664739593633686,0.4183502363245499,0,-2.427774466542199e-06
1534,0.014236897670531556,0.4586434105402651,0,-3.9155077217907063e-07
1535,0.09605387324292197,0.5861579002905057,0,-2.4769093085509326e-07
1536,0.08537635504156557,0.10347544699225043,0,-1.175009256447016e-05
1537,0.1535510118580182,0.00020777885914340376,4,0.01036417758018755
1538,0.34083646566145126,0.13913251346918912,3,0.00674721107418128
1539,0.26876188255450256,0.011589081677144031,9,0.026939818527850126
1540,0.04812570419042839,0.5848806448700713,0,-1.554420801121496e-07
1541,0.06907768594817114,0.21876633424349173,0,-7.3712334634143505e-06
1542,0.02637176970816634,0.31139685331809064,0,-1.9267557729827086e-06
1543,0.047471111962023055,0.27874806044359574,0,-3.2946094610373483e-06
1544,0.04142604440999417,0.42270993650009,0,-7.358491051568614e-07
1545,0.23577525273279568,0.15212458090237238,0,0.0007075355506961994
1546,0.24351327440278342,0.4897199244188818,0,-2.8290393107405025e-06
1547,0.28556633363227074,0.1569351093593764,1,0.0028664375763254248
1548,0.06129799657508201,0.3919852528445631,0,-1.2201196498668616e-06
1549,0.1277676551982488,0.23141754880235596,0,-1.1278653743660151e-05
1550,0.027052848730585947,0.25793021592943294,0,-3.308567232274675e-06
1551,0.07650058937781155,0.16683464995466327,0,-1.259955055383756e-05
1552,0.2425800312565556,0.23740664173242787,0,3.719309867145364e-06
1553,0.28392202234736363,0.03755194592281701,8,0.01896905876338629
1554,0.24744706188682994,0.007663380746450076,9,0.02792476562520408
1555,0.3395655760466708,0.20079455140207542,1,0.0029045809127951072
1556,0.2675344447102208,0.1991561130879351,0,0.00036381454182644006
1557,0.09736743719221036,0.25704544906409804,0,-6.687247178090796e-06
1558,0.23869811295356316,0.2801146938484578,0,-1.5797212895953374e-05
1559,0.007446194816106876,0.19163358426983548,0,-5.262564839508645e-06
1560,0.15608792996954196,0.5133398272849017,0,-9.342305677560299e-07
1561,0.08229591729079297,0.06434675928351534,0,2.780573861171747e-05
1562,0.014742294228130969,0.20777471187510885,0,-4.821200636367997e-06
1563,0.07354354949954618,0.11090823816283647,0,-1.548292270963213e-05
1564,0.05597720322353372,0.5225279071626092,0,-3.1362866237105803e-07
1565,0.21693218329121802,0.07056624054094122,2,0.00630747652727748
1566,0.06466490758622215,0.09658403174910253,0,-1.4951487602783269e-05
1567,0.06969437285450042,0.5627978783973789,0,-2.4045243352098995e-07
1568,0.3368548836043736,0.48357657450104274,0,-7.541066431212429e-06
1569,0.2816590663128421,0.5128248456511023,0,-3.2839283271948396e-06
1570,0.3097003216514574,0.037478979155522715,8,0.018168227814158673
1571,0.0876179672796629,0.2622667634904116,0,-5.775742021919177e-06
1572,0.04615926663318584,0.4996316897392284,0,-3.5748915446494995e-07
1573,0.24452849334542923,0.25752382885607566,0,-1.0258069562771566e-05
1574,0.2575378587783798,0.0119034490326962,9,0.02663107756142553
1575,0.12749348363719967,0.3789452491400182,0,-2.690781881834528e-06
1576,0.23821649056706842,0.4106292203740305,0,-5.88694586405036e-06
1577,0.08476884974953203,0.04271590923174662,0,0.00012599812972659158
1578,0.12488582386463766,0.5765254110372553,0,-3.637305068314832e-07
1579,0.048046145751729885,0.3579949183172852,0,-1.5014807635983e-06
1580,0.15863457073966053,0.39809292762284615,0,-3.031283537114898e-06
1581,0.22082031103263763,0.5479788667242026,0,-1.2606982029490567e-06
1582,0.16578173069059918,0.08119421774055986,0,0.0008122724790946739
1583,0.22805823745704257,0.2892492739337541,0,-1.5200225081550007e-05
1584,0.26364536722198584,0.42333969166170676,0,-6.6634261712502675e-06
1585,0.07394244218168428,0.11518783176268214,0,-1.5679146353156655e-05
1586,0.2932533007860854,0.16127008138272206,1,0.0030431492835455284
1587,0.177348935904563,0.370449393434246,0,-4.805938246904615e-06
1588,0.00926807166472679,0.32805456762670154,0,-1.3751097749701662e-06
1589,0.2972305857290588,0.5489249147511865,0,-2.674885017759116e-06
1590,0.09533380491355278,0.08343928830382374,0,1.5494221676622887e-05
1591,0.23766365307905832,0.35152507415467116,0,-1.0286832106100855e-05
1592,0.24037390888202284,0.2844962415909741,0,-1.5838078965864233e-05
1593,0.025519748918590306,0.19683147272001078,0,-5.973260394290927e-06
1594,0.2128943031122164,0.2215521672551937,0,-7.797793673834489e-06
1595,0.259310469813498,0.24284887999399363,0,2.057807175026322e-05
1596,0.23638581293018485,0.37451203751135653,0,-8.21029520025652e-06
1597,0.1760528239362426,0.23600918425620332,0,-1.5276391241253395e-05
1598,0.2007055227793625,0.029265050477608565,6,0.013297233990705402
1599,0.13885032110454654,0.2574904498018534,0,-9.869736175098022e-06
