,X1,X2,Label,f
0,0.11577888262801243,0.07107048245762627,0,0.00014221670412040735
1,0.03537827782774905,0.2993902326003419,0,-2.3766550045977138e-06
2,0.11076658399059085,0.567357309006532,0,-3.4622985408007775e-07
3,0.2686849669835931,0.3089524567360858,0,-1.5798370648782534e-05
4,0.3064387534092842,0.13769887392259123,5,0.006131518994340616
5,0.036578645460623456,0.09084341075613271,0,-1.556950623149134e-05
6,0.29144947616104283,0.09690498456514975,9,0.009814318378104961
7,0.33698302099981536,0.33990574142468666,0,-5.219833122827691e-06
8,0.31099391797170967,0.41560735126214,0,-1.1145127722635705e-05
9,0.1956399890615618,0.18971622293077822,0,5.3348334862462205e-06
10,0.25328833422425273,0.4292306309059894,0,-5.6839968824973824e-06
11,0.23140502561056903,0.15724809564651757,0,0.0004864571110554516
12,0.21209251955825636,0.19322313017194773,0,2.70520844129118e-05
13,0.06826349353605254,0.16210973490335875,0,-1.2252154163918816e-05
14,0.14406284632247013,0.43711306090643026,0,-1.7753357762145259e-06
15,0.3460175922584526,0.23722865487865433,1,0.0013091022977883623
16,0.2881623521381946,0.46365023433058905,0,-5.70437280068868e-06
17,0.1679656311722855,0.29204096520672196,0,-9.383553110767995e-06
18,0.06603440027304977,0.25785968938370246,0,-4.876147532261452e-06
19,0.27996403770611444,0.35554065052139255,0,-1.4004122244967377e-05
20,0.08509345137583298,0.23279381083798056,0,-7.5123151545919386e-06
21,0.11857650288388892,0.197727822659888,0,-1.3687006229832505e-05
22,0.03661341926675141,0.5794725885346739,0,-1.4625649556338496e-07
23,0.14778800209655482,0.19360478778887508,0,-1.57832403006645e-05
24,0.17573135824539574,0.4040403465465643,0,-3.386654465386424e-06
25,0.018043196031357255,0.203265737916324,0,-5.208421112356141e-06
26,0.07950148763273826,0.23996764604967993,0,-6.6378269523964925e-06
27,0.16224148704327382,0.3806103179421038,0,-3.7401171709336753e-06
28,0.31931271349609747,0.4182268677582065,0,-1.1700301276792122e-05
29,0.3144497671065835,0.50894132832567,0,-4.724702333323822e-06
30,0.21245305266404307,0.2982529096382015,0,-1.3027002222738836e-05
31,0.07366598497623457,0.19707800170562964,0,-9.455782378986397e-06
32,0.2954092664157911,0.47965359197122603,0,-5.23150975914881e-06
33,0.0048593350568542915,0.37620325237209623,0,-8.130714471851177e-07
34,0.011695512623196834,0.3424705213669939,0,-1.2197488397831078e-06
35,0.03565151451764339,0.44060850415966807,0,-5.807781459997753e-07
36,0.21355355008077975,0.4446684974273326,0,-3.2907316802634267e-06
37,0.2640455755918999,0.30880363188152665,0,-1.5859276515911177e-05
38,0.16109188497244725,0.5463598830666896,0,-7.059332342285492e-07
39,0.016412651470827648,0.3974045305890849,0,-7.382063489411202e-07
40,0.09908952722473838,0.2860444201746853,0,-5.114480072344399e-06
41,0.14971537371258467,0.3313255038770772,0,-5.387159688232923e-06
42,0.15799883247656252,0.07009213195947717,0,0.0009384778136944367
43,0.10235845828785473,0.5679374250867489,0,-3.1650499505210494e-07
44,0.3103732781072573,0.4911106718373567,0,-5.413549443770297e-06
45,0.2469246284811877,0.4618530128916991,0,-3.86352079568063e-06
46,0.2908440190063944,0.5592266578937332,0,-2.2647407745049744e-06
47,0.30084274578069986,0.24212868412333366,0,0.00022958481776412496
48,0.15104454365455788,0.3603231941258617,0,-4.094998224524638e-06
49,0.11054928268942112,0.5946753010232363,0,-2.628978509903914e-07
50,0.29076109482014023,0.013690401058698343,19,0.026007266389349724
51,0.05130035001977183,0.11283443238847661,0,-1.5168957295481657e-05
52,0.11243708000739643,0.23979362478854954,0,-9.110417145630217e-06
53,0.205249412619831,0.5203152937828383,0,-1.423110317927223e-06
54,0.1740175652906562,0.3179028704405515,0,-7.781062517632434e-06
55,0.27441181020473876,0.3455201961610695,0,-1.4411823600389743e-05
56,0.30197839417803884,0.4986116210157093,0,-4.62705227823032e-06
57,0.11661526083213865,0.24242484689769866,0,-9.242035366411421e-06
58,0.3430041369767994,0.4629785017742391,0,-9.704606733508628e-06
59,0.07684649981465215,0.14074808687956467,0,-1.5002993757841612e-05
60,0.13485076918362968,0.5269179971807141,0,-6.598069898757263e-07
61,0.05404258761261793,0.21641291472211513,0,-6.517860623066236e-06
62,0.21895423886192314,0.164765499477708,0,0.00020734138916725627
63,0.04559514521583503,0.016023424928050468,0,6.3537365188065e-05
64,0.28615550374455795,0.4731608227414765,0,-5.0919577078146565e-06
65,0.3222168102876808,0.41286980661128797,0,-1.2521131984991166e-05
66,0.1779836852165432,0.5477763325976628,0,-8.23835203665524e-07
67,0.15961150927109458,0.07824475791463305,0,0.0007169212933390761
68,0.11198022092496843,0.2656042592850465,0,-7.0911124732401936e-06
69,0.34284171697228794,0.43917371868259997,0,-1.1949534836866964e-05
70,0.16674325543440563,0.39944401249373324,0,-3.242137737068537e-06
71,0.2701480449595507,0.5852169233997246,0,-1.421178116782128e-06
72,0.18786022676735048,0.41575401600042766,0,-3.3998906243103496e-06
73,0.25791437518361043,0.29929626863049497,0,-1.581614772782409e-05
74,0.3123355960679916,0.08126304447282208,10,0.011415746710625273
75,0.2947154398216926,0.01968779312070965,19,0.023720607590629335
76,0.3073889230016274,0.2104404404668921,0,0.0009985466608686
77,0.3239772238913863,0.3086767225579554,0,1.634159461422922e-05
78,0.17529420003993282,0.24259305105142023,0,-1.4739216470003205e-05
79,0.20035208135663835,0.12369677323758196,0,0.0005619990001942205
80,0.20961800223091553,0.07328027310820137,4,0.004830884709904124
81,0.19348252334366908,0.10180725292878227,0,0.0010370458445545648
82,0.055345674988101216,0.42281837315145165,0,-8.446848391833534e-07
83,0.09387158078646693,0.3297066025340881,0,-3.14620913776419e-06
84,0.12404785366277431,0.35527929982766754,0,-3.2924542625371363e-06
85,0.043022498238526365,0.5045444056278745,0,-3.2985325973912923e-07
86,0.05001640559139778,0.32425316668111903,0,-2.145487210341625e-06
87,0.021299778944978268,0.11869680968681062,0,-1.1906297314658472e-05
88,0.21406218060583895,0.5948590759150895,0,-7.375318021454552e-07
89,0.013217367198807322,0.3783337385106177,0,-8.652378412132701e-07
90,0.14013233169265057,0.31156503862962454,0,-5.956126241349733e-06
91,0.3169975989984567,0.25950173076344296,0,0.00021251406448512172
92,0.08588861541660733,0.13903229992598592,0,-1.5617446295393714e-05
93,0.13275867097672645,0.27354922577268,0,-8.021334625453501e-06
94,0.006074817442505481,0.38885167408582005,0,-7.252251948942034e-07
95,0.07930503251992282,0.19135050435711856,0,-1.048476294254048e-05
96,0.30893918189229175,0.07458837786478063,11,0.012233394136025696
97,0.18239843744227402,0.5143075230887262,0,-1.2030885915017372e-06
98,0.19341218912165084,0.2796716908791223,0,-1.298495002188682e-05
99,0.27696865415964683,0.31133665653795184,0,-1.5484429448024436e-05
100,0.11003668203881568,0.3606396505499104,0,-2.714435660611971e-06
101,0.11715148368527144,0.34574267302372347,0,-3.380644179663214e-06
102,0.249853584709589,0.013666795069787607,19,0.025701514748677528
103,0.14599463524543146,0.3390083137783032,0,-4.812949066108644e-06
104,0.32839881267658283,0.06735007424138507,11,0.012250323055698474
105,0.2174618456899696,0.16290816878793685,0,0.00021119247265298844
106,0.015707105726564124,0.10375165123496559,0,-1.2833447541450746e-05
107,0.09382441898393375,0.5896331383734765,0,-2.3396370127838036e-07
108,0.27897741367857526,0.5602729625175082,0,-1.99125551542213e-06
109,0.04873118658770163,0.16306114977795985,0,-1.0276181780028299e-05
110,0.21772072917305305,0.5456462222470843,0,-1.2511452894604118e-06
111,0.03426834301421246,0.4999054867138564,0,-3.16586103980369e-07
112,0.013718093661531565,0.10917225417892182,0,-1.2099280379272436e-05
113,0.22608580376880277,0.13691185627456817,0,0.0008915109811082211
114,0.18546929725838474,0.4656470264538834,0,-2.0175687828593785e-06
115,0.016563939213776063,0.050764170206086125,0,-1.519375394084471e-05
116,0.2991772006774301,0.06236345286895055,12,0.014079587425293381
117,0.0364937287117195,0.2650597264003637,0,-3.385319664115582e-06
118,0.0003052821508234937,0.3967713358475278,0,-6.324828910896727e-07
119,0.05760531967167528,0.2680252857110525,0,-4.054717293387875e-06
120,0.02041370860966503,0.1472393882809147,0,-9.16675340020231e-06
121,0.3363882859347349,0.4944048415724881,0,-6.759638366408662e-06
122,0.1279508379385391,0.08727719322056823,0,0.00011477828680730853
123,0.08585066859195865,0.04162053563500023,0,0.0001408164174737897
124,0.3254370042836494,0.1457065018442899,5,0.006215379027494635
125,0.012870713929561961,0.25240221996162576,0,-3.035435784873793e-06
126,0.027931856960778316,0.24309498146215416,0,-3.869228326518043e-06
127,0.08778012151261681,0.37362140256412973,0,-1.9096169359722587e-06
128,0.06723433815465385,0.4029643585638492,0,-1.160039094925246e-06
129,0.07403945374347772,0.3124212782505921,0,-3.0681585334373734e-06
130,0.06946013680410452,0.04486180693550388,0,4.584294048347171e-05
131,0.14201810077356933,0.4663511878942237,0,-1.298638599217708e-06
132,0.15108179665087476,0.42930278426091484,0,-2.0586744427104266e-06
133,0.0294781163826497,0.26314021028186246,0,-3.2178681465067273e-06
134,0.19793021506614103,0.5543295986785828,0,-9.415494815307059e-07
135,0.2839135786745446,0.2328394684316623,0,0.00016632822991628987
136,0.15128853534496814,0.47009347333408597,0,-1.3722202648189561e-06
137,0.2933682638728459,0.2882688283977019,0,2.762233573545745e-06
138,0.19969950668517608,0.5537847738601196,0,-9.635561551877627e-07
139,0.3285438519034217,0.5365698783483351,0,-4.129324164882277e-06
140,0.02379776128703367,0.013007032809136088,0,1.4128161361702926e-05
141,0.3249127549739647,0.258317979249796,0,0.00030875805800608996
142,0.30426058110566817,0.10017951157041545,8,0.009692982755797023
143,0.06321679884295535,0.09451381201990385,0,-1.4868575286735237e-05
144,0.0010604711943316635,0.3561858787135522,0,-9.56262393786094e-07
145,0.0883628524880066,0.02940510412371451,0,0.0002855770963375397
146,0.2149585683836957,0.04728349209177347,10,0.011077407192487333
147,0.24392716630368905,0.14940172043564207,0,0.00105591581082371
148,0.345517705500038,0.4767795546487535,0,-8.736241564822411e-06
149,0.06385592169570543,0.4360123385103518,0,-8.059520046167976e-07
150,0.0008131024300775724,0.3221838918402647,0,-1.34015114370619e-06
151,0.15089390643468795,0.20360763371022916,0,-1.564526280714997e-05
152,0.20387008384658434,0.20414724733216688,0,-1.4598132255295942e-06
153,0.13152090886759557,0.32093703622290787,0,-4.98877966769857e-06
154,0.12412408525830514,0.33529205996998096,0,-4.020671638994653e-06
155,0.139173755907812,0.008421526563094672,4,0.005020022654069506
156,0.2646096382918482,0.49137178216586874,0,-3.4326651474989076e-06
157,0.058361995654581826,0.30111383296351796,0,-2.9378693546742987e-06
158,0.32365676669043036,0.3141807656361308,0,7.470952262792588e-06
159,0.20072412738207854,0.018328468967330334,15,0.017101899684905296
160,0.10776058098372107,0.20661143131793727,0,-1.175146715846633e-05
161,0.3185582880184081,0.052676478641908206,13,0.014791490966564848
162,0.27205589367900607,0.4331615789326581,0,-6.570902670828207e-06
163,0.007848598397827743,0.04179422182274006,0,-1.516563846688614e-05
164,0.11405914532516662,0.4976174701231867,0,-7.186226861780976e-07
165,0.18004806967071946,0.5397798690312584,0,-9.109842817046651e-07
166,0.24140727869215353,0.09786296626868249,4,0.0052089542591273455
167,0.11000284589991874,0.15426926143817082,0,-1.575950309770496e-05
168,0.278720351154875,0.40010018989035595,0,-9.59660794876155e-06
169,0.14461546411658066,0.27505608324186637,0,-8.846305491342261e-06
170,0.09538363585355866,0.5901648035305533,0,-2.3637529750506895e-07
171,0.04565198399212936,0.006472664177340159,0,0.00010970563290799426
172,0.09325701681386221,0.3062400043567585,0,-3.950666024550098e-06
173,0.23071933491411759,0.07194253795052727,7,0.008138028925156674
174,0.3010621432105078,0.29491244657977933,0,3.81666786949648e-06
175,0.10225195343539828,0.22639773256969745,0,-9.38795626560848e-06
176,0.14181450202275186,0.4866484181952645,0,-1.0579749378031133e-06
177,0.34142182892205447,0.4393930906886578,0,-1.178739019328403e-05
178,0.2748734392713526,0.03462444037400274,18,0.019778492910802404
179,0.054012684738095854,0.29163751832285933,0,-3.092238929250412e-06
180,0.036323843353401,0.39338256638404073,0,-9.375979171199997e-07
181,0.29108636649151043,0.3808426841345233,0,-1.2618077691201586e-05
182,0.1381475754141936,0.17166677015846404,0,-1.520121904911857e-05
183,0.24218005509947102,0.12694358221087546,2,0.002200914117589097
184,0.3405489548340005,0.3233477393266253,0,1.9139019613189905e-05
185,0.33081250060148343,0.01406698504343391,19,0.024943602995115017
186,0.040116600059047616,0.09896375551085798,0,-1.5337744120825693e-05
187,0.24357585708221546,0.5953349877049237,0,-9.854008319854338e-07
188,0.296026535559713,0.3328873347474317,0,-1.5689373184446346e-05
189,0.03912167694871977,0.32328989912469913,0,-1.9430407248103117e-06
190,0.1961838486055808,0.29548115021525534,0,-1.1691668085114898e-05
191,0.09079839496137149,0.1958718560322583,0,-1.1146582810245153e-05
192,0.24643704616758724,0.35900616519291695,0,-1.0404889158929123e-05
193,0.34269293811109375,0.09078490714449121,8,0.009360666821043351
194,0.10883928673470503,0.22930068155959274,0,-9.711314635859142e-06
195,0.24506895563773823,0.2617655527509469,0,-1.1770713686835811e-05
196,0.046620289683935265,0.5763408799716032,0,-1.6677282187623742e-07
197,0.30395077781315216,0.08858047050375818,9,0.010851699381757594
198,0.31207945317680974,0.13973714645746427,5,0.006223753522547966
199,0.3039639704339718,0.5483736674568715,0,-2.8760574619752475e-06
200,0.041465714331536396,0.17129638557590068,0,-8.910740398527155e-06
201,0.2132382620716764,0.16069940734983168,0,0.00019314329470505922
202,0.228591673846204,0.3244164658128879,0,-1.2028094361281205e-05
203,0.20710331667006074,0.08388442038354123,2,0.003186026424754343
204,0.027855652621234232,0.09595328283188369,0,-1.4681350530552156e-05
205,0.3426066243248598,0.5127324044973336,0,-6.003787495394717e-06
206,0.22120383917145517,0.46957944455508893,0,-2.769808201531907e-06
207,0.09957579000064251,0.369150619552899,0,-2.2462690440240506e-06
208,0.34385158925211495,0.3827510853286759,0,-1.5858063133217864e-05
209,0.061783894804169064,0.4774229166015801,0,-5.217785617528208e-07
210,0.33448897197055727,0.5535366808421274,0,-3.70003730408019e-06
211,0.24004696083894309,0.5973623212028042,0,-9.322239374770243e-07
212,0.1801352131464818,0.2734132430021029,0,-1.2290732666273538e-05
213,0.09474725517130773,0.06669711368950723,0,5.682580685968316e-05
214,0.34194829300997714,0.20058515514843647,2,0.0030321788916177015
215,0.006629857041177694,0.11957646077796777,0,-1.040915488638006e-05
216,0.26574605277343016,0.35020062345556097,0,-1.3149845652907906e-05
217,0.09456074917148075,0.46774297551793476,0,-7.974057144626782e-07
218,0.2906200012804389,0.5779536884958637,0,-1.8741806176747283e-06
219,0.2541941884404064,0.1648080782809115,0,0.0008539948071627881
220,0.14036459784690003,0.13815306827040286,0,1.6363829442280192e-06
221,0.23033200414599478,0.2550467376260169,0,-1.3996624908777161e-05
222,0.18448870909964046,0.04792700479354086,4,0.0053378034436772255
223,0.22277906638840758,0.5723770290022853,0,-1.0073327728957002e-06
224,0.17791093820003848,0.3774734035910456,0,-4.507614587991122e-06
225,0.003790069198809548,0.4449464964710625,0,-4.045289567415366e-07
226,0.11977199014721367,0.23241045649127176,0,-1.0423308771757101e-05
227,0.1313819584424835,0.5632075665735068,0,-4.4338853197715904e-07
228,0.2053395781337877,0.5331707670093495,0,-1.2526213767455606e-06
229,0.22577493891924325,0.22513891176984466,0,-8.47381350170836e-07
230,0.16419712348435642,0.36323865153232643,0,-4.532187106262966e-06
231,0.2794883320141492,0.5152544206201327,0,-3.1369008022473367e-06
232,0.2417051922918325,0.4103213303484608,0,-6.110004851710489e-06
233,0.04179675944144519,0.1980087649517048,0,-6.922084742752132e-06
234,0.19152627887310564,0.4512721844128792,0,-2.474084038169966e-06
235,0.17101938330760588,0.5931540976462549,0,-4.882047889837011e-07
236,0.3329152650220346,0.043069962202576924,14,0.015902476528720566
237,0.14387702767050572,0.4978203909848381,0,-9.658418366465988e-07
238,0.3483712013777348,0.40214284091582186,0,-1.567304160811454e-05
239,0.34761642028379913,0.2592179048976243,0,0.0006741947350925473
240,0.2735698085978552,0.17590710818524508,1,0.0011099706696675515
241,0.04145208967639991,0.3992545699587943,0,-9.305956020274331e-07
242,0.1257213105419274,0.07296156202817883,0,0.00020953421776382554
243,0.04606402890388727,0.3736209073481064,0,-1.2591472948540434e-06
244,0.20633339476904822,0.5274496976154034,0,-1.3395641591012996e-06
245,0.10151744419422375,0.37990935009222493,0,-2.056791290552048e-06
246,0.27930323700201165,0.36473769273014983,0,-1.3050324298844018e-05
247,0.09994542550259036,0.22640282563147043,0,-9.18887901157032e-06
248,0.16292991619610736,0.2776223980087238,0,-1.0225373447483772e-05
249,0.3152727264981853,0.5684797078107623,0,-2.6336052277025262e-06
250,0.037309549373401724,0.4974298823316247,0,-3.3453058762815765e-07
251,0.07442697895242752,0.2720313774967152,0,-4.604131886224606e-06
252,0.3255813158979616,0.03448339934244,16,0.01823153948409685
253,0.16902959580133228,0.5788935596989858,0,-5.519520651801683e-07
254,0.14097943619323042,0.03683742970785522,1,0.0018320294127820783
255,0.28675715265379126,0.4626708569617261,0,-5.680727053670486e-06
256,0.2019484223869697,0.16839726226460597,0,7.361263135986802e-05
257,0.1357411582267947,0.11056354358382033,0,4.609707574107357e-05
258,0.14283263352389142,0.39855031817391323,0,-2.5779213539486542e-06
259,0.20553151800587977,0.11575619327725707,0,0.0009444592832962976
260,0.07711098972371394,0.08210392892526867,0,-4.582073530271196e-06
261,0.24590269352933888,0.5497988430343853,0,-1.5898982760283575e-06
262,0.2653845124965598,0.019393244426744994,19,0.024108527185681586
263,0.16236837036103796,0.18586018831683376,0,-1.354020033509866e-05
264,0.04189136072215455,0.020315166792610317,0,3.739088421188595e-05
265,0.2993179528871522,0.4282601671479744,0,-8.940452715905998e-06
266,0.3357942591563117,0.015435128084733817,19,0.02421296945321554
267,0.34390045172017397,0.12214672708407805,6,0.0075181275093800775
268,0.21547096248737338,0.06045337159435451,7,0.00804978559038317
269,0.16086770061919659,0.07510451370757236,0,0.0008572448122189333
270,0.04880418832836247,0.13882775963366992,0,-1.2633841299634539e-05
271,0.007116792346261718,0.0337069407801599,0,-1.4045263278077198e-05
272,0.1470124516365952,0.11005411332396717,0,9.295862063194268e-05
273,0.17918612660055308,0.5223092655722874,0,-1.0755552848725063e-06
274,0.30163964407903154,0.30998484354886296,0,-8.316043207948205e-06
275,0.22222578910035024,0.2655432516623598,0,-1.5816462856057724e-05
276,0.06953852241503783,0.2357637634222879,0,-6.275359920411229e-06
277,0.06291280037449652,0.4853707985403306,0,-4.873788761331138e-07
278,0.1423042149096912,0.4373928920728304,0,-1.7395824756188657e-06
279,0.19330112040353925,0.3239717606678379,0,-8.818893768179591e-06
280,0.1502412642237321,0.009894541703295423,6,0.006819865662584864
281,0.020510882985924298,0.007499577163134718,0,1.8067762713261142e-05
282,0.09781293633459699,0.01199394508677154,0,0.0009153804267857988
283,0.2292862733327461,0.09441149417156647,3,0.004282066966478431
284,0.12430606938434427,0.4920481421175096,0,-8.416238964437901e-07
285,0.20569291498552755,0.5284425046042619,0,-1.3178870375709987e-06
286,0.18105685485039452,0.24341980415593753,0,-1.511479980326655e-05
287,0.3207205048605706,0.37372610085358354,0,-1.569596398670179e-05
288,0.26248779195024513,0.33468343818497964,0,-1.4315825057908339e-05
289,0.24476055156790522,0.45751976439612474,0,-3.9479945935260756e-06
290,0.24565690171512838,0.3071660029397376,0,-1.518024344736599e-05
291,0.2588333101148817,0.2683655975301412,0,-8.623305817796912e-06
292,0.2820252891323352,0.36111435798828423,0,-1.3670408614971596e-05
293,0.26854948302346454,0.3096543993084156,0,-1.582119347858086e-05
294,0.3335965267282173,0.44067598100455113,0,-1.0901356932673836e-05
295,0.16576308430117997,0.0567064621995744,1,0.0021205575234422573
296,0.2468567242257001,0.2299296172364071,0,2.1878184710853407e-05
297,0.15919359568907016,0.3918857620347537,0,-3.2428681368225456e-06
298,0.11410782700544496,0.5503836439827368,0,-4.2419580756519563e-07
299,0.0630260310922399,0.23258896273274574,0,-6.07387863091812e-06
300,0.2424222405909837,0.0025194046022501524,19,0.029856183138333398
301,0.00014431234240178115,0.1310691517651404,0,-8.823548309521381e-06
302,0.07615031170343389,0.2582082594924647,0,-5.369875414248075e-06
303,0.22522168278947063,0.534357346362024,0,-1.50942557760462e-06
304,0.27721208781972345,0.5898785200150136,0,-1.4554874309902379e-06
305,0.33946793886011584,0.4975837801162661,0,-6.75248573535587e-06
306,0.27394759509960337,0.036067418201136923,17,0.019433715547994068
307,0.33359631139664214,0.14331041186926943,6,0.006518945809187632
308,0.04005756249548317,0.2979767863949731,0,-2.525634837843947e-06
309,0.22384154943470638,0.4109737829424398,0,-5.0933402948456335e-06
310,0.22827304045436667,0.1805107597435711,0,0.00015148171873763126
311,0.14566367205956882,0.41252932735040804,0,-2.306196451881389e-06
312,0.18536753927257021,0.29165416020937046,0,-1.1013281798020365e-05
313,0.325165877009553,0.08105837180823805,10,0.010957818925198648
314,0.023813384245296786,0.37538760469410004,0,-9.905914495705988e-07
315,0.21878590469645542,0.22615944170506444,0,-7.052967795467101e-06
316,0.30450720045571383,0.47489919250002377,0,-5.9947066666827465e-06
317,0.1565625373136314,0.36678287104500196,0,-4.056422491189724e-06
318,0.33076465581544345,0.15116087535337425,5,0.0059581315380074175
319,0.12817473274642108,0.03071552595573841,1,0.0014308472879262474
320,0.3442744563310272,0.1628463311325652,5,0.0054784111779753696
321,0.1712471987382491,0.259707497012212,0,-1.2770918460386713e-05
322,0.13255690064259884,0.596187230205207,0,-3.2259654446823425e-07
323,0.343056477159694,0.429378361451074,0,-1.2948130786992322e-05
324,0.04374655302474401,0.576624278796521,0,-1.6159520787075074e-07
325,0.019853407536302374,0.3422553999338069,0,-1.3261413443334391e-06
326,0.09484024387909523,0.11166747380596606,0,-1.129009180107597e-05
327,0.06803881615958936,0.5072985900180066,0,-4.119762679785367e-07
328,0.29531508989975935,0.32965220973531306,0,-1.551615288619494e-05
329,0.15309018827133405,0.14974955401112292,0,2.7646765075803298e-06
330,0.19517189668778945,0.4120930872225845,0,-3.791956770490356e-06
331,0.11195627526665776,0.019663138112434475,1,0.0011816191396537522
332,0.12280070035969728,0.4257965505125555,0,-1.6078902750871892e-06
333,0.252327024964469,0.06711143727565516,11,0.011983374503707908
334,0.17432304282355418,0.517678080202947,0,-1.0731552466652019e-06
335,0.0997140017039756,0.3666509058894423,0,-2.306246170922999e-06
336,0.34939489437702304,0.1882066686124171,3,0.00411762014133141
337,0.22148513416834653,0.3936653744651099,0,-5.902713727326839e-06
338,0.25101596656571,0.28025416043906887,0,-1.485501595327857e-05
339,0.20600260010382446,0.5390752397895164,0,-1.1886624392092813e-06
340,0.14718002690503001,0.3251710636894087,0,-5.5831805972557895e-06
341,0.31015845570922923,0.2767870009566165,0,6.45899916605709e-05
342,0.04958387749768627,0.33542806359217575,0,-1.910525100302656e-06
343,0.059320131880742,0.5740191114057174,0,-1.9377500272632232e-07
344,0.33478882505276586,0.42037781908677535,0,-1.3022960011520703e-05
345,0.3422899134625375,0.35457082806902557,0,-1.06154329500952e-05
346,0.06776971527522643,0.4071851216555108,0,-1.1180636110041547e-06
347,0.11395051220435053,0.1697213049706738,0,-1.5506696613295294e-05
348,0.23656282981989404,0.4610622427754065,0,-3.5132126809989453e-06
349,0.3001562900870442,0.0762428783480451,11,0.012261492410013786
350,0.20439676056754932,0.26624256349891723,0,-1.5152693834314474e-05
351,0.1252545156310006,0.5975215694657966,0,-2.959364971156087e-07
352,0.02532843909860715,0.5292800861128546,0,-2.1584366147316938e-07
353,0.24138575177630733,0.1698689018742664,0,0.00043022504897088926
354,0.3309884130752128,0.05774587166874372,12,0.013400587564238096
355,0.34323253267972315,0.05975908766265614,11,0.012490821324263995
356,0.04498184420716148,0.23122804515899104,0,-5.1543564221262094e-06
357,0.028192353311826356,0.33912621258690934,0,-1.4871118661277916e-06
358,0.11721025094538065,0.44486167562860873,0,-1.2567488482689763e-06
359,0.27688475465413676,0.49178493246763255,0,-3.861809628756709e-06
360,0.2578113599628109,0.129701825798494,2,0.0031397590416107892
361,0.30669671130615145,0.18901015423185138,1,0.0019392213678221931
362,0.19009759531927703,0.25934189320861095,0,-1.4577525214572906e-05
363,0.1385446145114792,0.39889120635860864,0,-2.4616507493350045e-06
364,0.3202834325958811,0.018054085504093643,19,0.023611334389856416
365,0.026866239387556067,0.10756064967460865,0,-1.3549806851390463e-05
366,0.06442851694868959,0.1707615633527733,0,-1.10288821129963e-05
367,0.18466279243606104,0.1719245645761716,0,1.5607023243642405e-05
368,0.024083141622000752,0.47849974915723104,0,-3.542173793424115e-07
369,0.05622420609947482,0.17938501976432084,0,-9.479902392893779e-06
370,0.3083098925012655,0.4474562408350379,0,-8.11579003351812e-06
371,0.269152153528822,0.12692096832731273,4,0.0044191702874232285
372,0.11061151105087316,0.5447373675163169,0,-4.334352945072022e-07
373,0.1732070852196296,0.09343206492579771,0,0.0006608812055385878
374,0.34339293993905,0.31299297991355995,0,5.15393521033986e-05
375,0.30443176809391537,0.2116959442917347,0,0.0008683947753798396
376,0.08931634134826633,0.35335061951399094,0,-2.374454252666733e-06
377,0.1763984436958087,0.14864351908401507,0,5.2979629617323544e-05
378,0.14161974626860255,0.1882120354890571,0,-1.57781006288665e-05
379,0.2995139624183503,0.3474236504770119,0,-1.5853230553107847e-05
380,0.10191062742695706,0.23193970477896209,0,-8.886864604436893e-06
381,0.19284201062346776,0.004809591289375592,18,0.02058993929729107
382,0.043079429763057425,0.5071670480263386,0,-3.2149776884114365e-07
383,0.021070641538004958,0.5938076155128625,0,-1.0850082214153087e-07
384,0.29915063835041816,0.29775983463808026,0,-1.127831954886854e-06
385,0.34223474052574404,0.0612311046111023,11,0.012336469366775923
386,0.33338728427890446,0.13545822513584163,6,0.006998665742794919
387,0.18418890955188275,0.08906881274455569,1,0.0012039326667982928
388,0.34697628950689585,0.40577288358283586,0,-1.5382153801938446e-05
389,0.09803705861493127,0.2301107657275396,0,-8.718171245305498e-06
390,0.20737370252244586,0.0905416278809787,2,0.0025581394531028713
391,0.19361219903172844,0.4214842817657911,0,-3.4002342507711024e-06
392,0.031123227848915035,0.07449175811299318,0,-1.5724781780193662e-05
393,0.23026230537290684,0.12317133258819055,1,0.0017157418299851616
394,0.040549331640310396,0.0748088338949936,0,-1.5206942663543064e-05
395,0.0013679160002178226,0.3561083601091741,0,-9.599474965580143e-07
396,0.18424488158326224,0.507196609980727,0,-1.3157476335645738e-06
397,0.2510431851511747,0.004857982022238771,19,0.02928971566822194
398,0.2957525770197883,0.17191079139941304,2,0.0024094115510592223
399,0.2599357309282615,0.3481048594208375,0,-1.2782971581552262e-05
400,0.08072073145569131,0.5971456856345556,0,-1.9040959953217264e-07
401,0.3243483340652981,0.15631593492206156,4,0.0053660004159723045
402,0.041354618941527706,0.13242939650507216,0,-1.2530494611238695e-05
403,0.28728968808615796,0.3953913720214843,0,-1.0816204021396597e-05
404,0.07866262448434651,0.16367219314770412,0,-1.3125003338733165e-05
405,0.27836433897445095,0.07397142541151873,11,0.012473384449789463
406,0.026407986594830183,0.5384061148574599,0,-1.9915413943322542e-07
407,0.036602938384394546,0.5035922355449135,0,-3.1232609273100214e-07
408,0.1944220645114259,0.5169405146227507,0,-1.3212138629905026e-06
409,0.3483598786784103,0.25585673650056556,0,0.0007748235255378983
410,0.19497844083868493,0.3235973096360264,0,-8.989945241373214e-06
411,0.324091739825014,0.5425279670034553,0,-3.723692825588545e-06
412,0.3231960485719713,0.31635602300596694,0,4.170820894499524e-06
413,0.28143231756368,0.5102351444896892,0,-3.3621951664033594e-06
414,0.29699130687813574,0.440890006571489,0,-7.757411820871655e-06
415,0.0017504573778352294,0.054897072719046515,0,-1.5613700734230706e-05
416,0.2635462131733217,0.24264637892849705,0,2.9906657826167322e-05
417,0.013674675509251132,0.4131742791510718,0,-6.1350063003073e-07
418,0.25097789721300434,0.1424855444829966,1,0.0017107070888582132
419,0.1506191473070144,0.09337552466826264,0,0.0002538955556101904
420,0.01850601069459619,0.4682806973253667,0,-3.710694174868797e-07
421,0.15566717629918186,0.38694719002357825,0,-3.289060192243856e-06
422,0.052844011183966075,0.14348095981296702,0,-1.2572536991897694e-05
423,0.19683325174616131,0.5546795982097487,0,-9.280450091086673e-07
424,0.05805661130462262,0.23076840257632508,0,-5.8892868788429195e-06
425,0.1204984548125511,0.44908979365654544,0,-1.2449325867871447e-06
426,0.34337144613673093,0.5455116578977965,0,-4.37601621362235e-06
427,0.08736379573579893,0.4455461605435639,0,-9.265305783710157e-07
428,0.31592232193541697,0.5325648600254106,0,-3.7915938211704956e-06
429,0.13692188070688915,0.526729467642636,0,-6.748632995728054e-07
430,0.13165481797595774,0.16718415829065378,0,-1.5383619275090448e-05
431,0.07052932848745487,0.011697056151055162,0,0.00028615576807130183
432,0.10658445649440666,0.2420764052503127,0,-8.439936326772437e-06
433,0.32691010318725294,0.2622792731467585,0,0.00028377111304250563
434,0.0266369206299201,0.19362964741805455,0,-6.231734349333028e-06
435,0.29678934079561786,0.0430440118288631,16,0.017441298181399896
436,0.21267212002892213,0.3103527047054056,0,-1.184773450225763e-05
437,0.010601312866432466,0.40913253160391666,0,-6.194902827462345e-07
438,0.06487120042808683,0.41710620071511245,0,-9.835904730218368e-07
439,0.21649862883837495,0.03523179165603485,13,0.014789832461824377
440,0.20080553658089914,0.15363736085373972,0,0.00015112148624778994
441,0.16578021722413552,0.26487893954820296,0,-1.1717141827030305e-05
442,0.1650730217898328,0.03024235772075996,4,0.005378484664782548
443,0.28590488157853927,0.35102506315809134,0,-1.4914612784764585e-05
444,0.1091505864519744,0.43588840679675267,0,-1.2684326387008914e-06
445,0.1407291629048134,0.2257793483811553,0,-1.3112535964706104e-05
446,0.12237539423950748,0.16225637686822372,0,-1.5649760121616504e-05
447,0.32916889206669997,0.05299283825849699,13,0.014233072205792875
448,0.07862247106067549,0.44027035599941206,0,-8.950789037697528e-07
449,0.2758561193731539,0.038906452994631954,17,0.018763838399799868
450,0.10473081204533717,0.2539543011593993,0,-7.400500318374457e-06
451,0.22934033004906126,0.412972564106694,0,-5.271928548557115e-06
452,0.18036962747293137,0.07772992132493017,1,0.001618209890131945
453,0.29987394541819457,0.4043730099577599,0,-1.1159176907672318e-05
454,0.22736630879648817,0.5243053766030017,0,-1.7050283870841901e-06
455,0.15750877860974197,0.490716825112129,0,-1.188075791071204e-06
456,0.035145969751406075,0.23665298985863784,0,-4.431480091439026e-06
457,0.1222394098367848,0.5501845303600977,0,-4.6099246908362466e-07
458,0.11386864266512127,0.25523657733551236,0,-7.979733364150929e-06
459,0.0035691500212436163,0.48711566788223,0,-2.6476178796369873e-07
460,0.2728447431670489,0.300869039377964,0,-1.472609525775817e-05
461,0.07201792884592628,0.39838585860096537,0,-1.2737897068143346e-06
462,0.08651251642063466,0.5743809037848057,0,-2.5332192717012095e-07
463,0.23715492409427713,0.46060709211612916,0,-3.550004866339969e-06
464,0.14737124730719253,0.379501227215807,0,-3.2617902911403757e-06
465,0.32389400272581126,0.39792200386883864,0,-1.4143009851917698e-05
466,0.23086619817974147,0.5354825998568329,0,-1.5789869079304056e-06
467,0.02557310394217553,0.3676096142771797,0,-1.0896920274734596e-06
468,0.10323721943068831,0.07238985825991441,0,6.719818722550055e-05
469,0.15271373301379984,0.14785944469548798,0,4.546759729712321e-06
470,0.06329089157805416,0.5276107336945657,0,-3.206755662484204e-07
471,0.06981456722891535,0.056478992530767665,0,1.8350098581417154e-05
472,0.07780973876510791,0.4353559427243346,0,-9.325620054864811e-07
473,0.16496978453240405,0.35287840214122446,0,-5.060639742746854e-06
474,0.25776475269732857,0.5930470463836325,0,-1.1615006324331705e-06
475,0.0008820910106465129,0.21655835888526148,0,-3.8506351335985926e-06
476,0.16260623188002526,0.022575685131026525,5,0.006467662094441585
477,0.03828555900400731,0.03700258376489742,0,1.2449087981232711e-06
478,0.16377525666404444,0.4073633980482513,0,-2.908648373240611e-06
479,0.2607750223179492,0.22483071921945114,0,7.94438834989248e-05
480,0.3117235876695385,0.23288054416106274,0,0.0005131937800313647
481,0.1784576610634015,0.0702434242074204,1,0.0020038635411932823
482,0.311518818669896,0.5559682788367376,0,-2.8743597424960994e-06
483,0.14099667081863482,0.20548111017086645,0,-1.495927191986798e-05
484,0.08270944023824013,0.25476281455131883,0,-5.925483016136398e-06
485,0.03572969720051333,0.5964854782790405,0,-1.222916586373972e-07
486,0.2514460556893838,0.482625249666116,0,-3.28586491667253e-06
487,0.2928595145688074,0.1765082144240471,1,0.0019516603455244056
488,0.12462286271787344,0.3433846594845042,0,-3.727991582626124e-06
489,0.15638917618418752,0.30167860284433917,0,-7.679467340635778e-06
490,0.10302014391056614,0.29142387272008147,0,-5.0413936609603185e-06
491,0.26768576621995943,0.34673813272923343,0,-1.3676190965600183e-05
492,0.08795036316537204,0.5448860436909105,0,-3.4514315242193705e-07
493,0.13377030139106905,0.19331766587959592,0,-1.529845051494764e-05
494,0.2942669190836567,0.4938684903488909,0,-4.49375486057444e-06
495,0.15335226310715705,0.3867281969381457,0,-3.2211749208476062e-06
496,0.08676439573470246,0.199568087559363,0,-1.0412899405400925e-05
497,0.06806374933405024,0.3064736611554724,0,-3.0675491143858133e-06
498,0.11969523228261407,0.21648585563664696,0,-1.1952932608232428e-05
499,0.04787692832644182,0.07612872660153973,0,-1.4382329001966567e-05
500,0.2761554901296731,0.06839749133198673,12,0.013274105830263313
501,0.31102334968840123,0.38290990044022605,0,-1.4339797381565845e-05
502,0.34885693650089894,0.3098085480445532,0,8.381259450687395e-05
503,0.17315820294493123,0.4980118691868761,0,-1.291221221051099e-06
504,0.07506090869064527,0.4436942109198705,0,-8.347313543119843e-07
505,0.11861039324998046,0.3837998024547129,0,-2.3461784838138814e-06
506,0.16544041527103184,0.4787880656751403,0,-1.4488123750081882e-06
507,0.056472968695264164,0.31944985597552805,0,-2.400734934765639e-06
508,0.2609829268873576,0.012978292902531519,19,0.026303489923667423
509,0.08203944924870665,0.39952323986416516,0,-1.3919203042863233e-06
510,0.07666964536241674,0.2545430873926595,0,-5.5961109914305064e-06
511,0.14687736492730027,0.46045656536474433,0,-1.4459164068484566e-06
512,0.3354483354219031,0.5810849402491908,0,-2.8387260327672268e-06
513,0.1717030091280108,0.15431085228823244,0,2.4894544360399597e-05
514,0.25031208128795346,0.34216865887325076,0,-1.2417936281480877e-05
515,0.20091185441672008,0.10338050842299111,1,0.0012836346997830836
516,0.04703568229254519,0.5953931414475304,0,-1.3841588007249348e-07
517,0.3229459959501649,0.3933320945695681,0,-1.4472800752384998e-05
518,0.0686385401793891,0.4598719770875249,0,-6.659431567498368e-07
519,0.012891147266732083,0.5268716689613092,0,-1.9527307451059457e-07
520,0.09749190461258339,0.47805268760539554,0,-7.406612245460106e-07
521,0.2567473026737003,0.5558856313841798,0,-1.6669337014391968e-06
522,0.33706099326960326,0.44412342097994356,0,-1.090200024897073e-05
523,0.2893689835918617,0.48941864064840623,0,-4.474397277408542e-06
524,0.14129148403986977,0.43865624153635857,0,-1.7004835367306414e-06
525,2.5136619808602267e-05,0.4129108736358503,0,-5.367128104532186e-07
526,0.09257429685662387,0.1680595044477092,0,-1.4032922555500139e-05
527,0.14844246736892575,0.41091859262236946,0,-2.4094425738760996e-06
528,0.29106865070612575,0.5264753309801564,0,-3.1472582277777496e-06
529,0.11689205875401242,0.06264805847851397,0,0.00022594267535742745
530,0.3130282866943865,0.14542407847525016,5,0.005758650100507262
531,0.21965379842352087,0.0740124330242938,5,0.006102615765773518
532,0.26121080452943246,0.44643860332859586,0,-5.185516116036725e-06
533,0.32945843496066457,0.57418475016368,0,-2.865080804550163e-06
534,0.012558950500459952,0.15900087239953267,0,-7.610859864453412e-06
535,0.09033310279549625,0.4737829749643886,0,-7.196407920687167e-07
536,0.18722078684683197,0.2659091188483103,0,-1.3722480464309389e-05
537,0.30358068515877934,0.48244968206297684,0,-5.515238406234821e-06
538,0.1302558482624422,0.26770999952619456,0,-8.280923231307454e-06
539,0.14327074640949045,0.585091664772079,0,-4.01145332242387e-07
540,0.32664141589811235,0.22110137471940214,1,0.0012577123470548831
541,0.17372820871115252,0.02471762819391694,7,0.008281581429374503
542,0.34611900002372925,0.19016836795046813,3,0.003876549914289886
543,0.30737371972619953,0.15624021455924814,4,0.004445549355651054
544,0.15669339328480614,0.06777363376903467,0,0.000979318948186597
545,0.20556037724779322,0.181936090231833,0,3.913976401928846e-05
546,0.04911332837020142,0.5078834236125114,0,-3.3903217183281796e-07
547,0.20175651278434809,0.3598134211268726,0,-6.780483682731871e-06
548,0.29353710885434625,0.5584920452305981,0,-2.3434470829090055e-06
549,0.09095728960818227,0.027146874678738685,0,0.00035549665829395983
550,0.15909034028462776,0.0446312509577045,2,0.002631974505741009
551,0.3010837450725921,0.5065618464492243,0,-4.238352178308005e-06
552,0.34582019917777373,0.2965694849054967,0,0.0001399752068872569
553,0.3477436476774785,0.21808521483272347,2,0.0022755120359782602
554,0.010668858794756562,0.5861840421424613,0,-1.055394586195702e-07
555,0.224207472327259,0.10475853194288558,2,0.0026688159938648205
556,0.3471554693596929,0.023090576339368684,19,0.020835305676460216
557,0.13463286137022337,0.12326580930822421,0,1.4107330332207669e-05
558,0.10338731428211444,0.37391009835805367,0,-2.224970014574208e-06
559,0.035547414289085234,0.34554742645015013,0,-1.5009343065974221e-06
560,0.20582625981482797,0.552285048064959,0,-1.0397798607431956e-06
561,0.13267069744924914,0.06701934274387415,0,0.00037576050475601313
562,0.132484905811741,0.34544060200566823,0,-3.949243699620134e-06
563,0.049642740057739304,0.08844639578888136,0,-1.5562267727149906e-05
564,0.04678765720500153,0.06463989960518154,0,-1.1599586166301148e-05
565,0.018587432477633323,0.2719681227075344,0,-2.643383155410687e-06
566,0.33948288584109304,0.38327842794618955,0,-1.5932664217183187e-05
567,0.06140362241608917,0.5431492617181191,0,-2.6940042715751264e-07
568,0.22889745641052395,0.13407030467397127,1,0.001099874712669806
569,0.21541988963438874,0.27796953173717465,0,-1.5103823898968681e-05
570,0.1680727614707955,0.4809194958765589,0,-1.456018566127895e-06
571,0.09764240330253607,0.1386995044691297,0,-1.568236570646357e-05
572,0.20222826171271693,0.39619198516542375,0,-4.762559169209932e-06
573,0.2907082625420477,0.2955154323449614,0,-6.003692883446786e-06
574,0.17232140903590656,0.4307736511203832,0,-2.5071655315957703e-06
575,0.21958198098675627,0.541447262350015,0,-1.329233134916815e-06
576,0.339780255493225,0.050231104043735826,13,0.0141826106606912
577,0.16816081376843484,0.1230967524213824,0,0.0001399208379781271
578,0.11990410578776685,0.3719811026977394,0,-2.6743671055070214e-06
579,0.32623788593473096,0.4201478023925594,0,-1.2195079041688784e-05
580,0.031066395924765542,0.052589618939083246,0,-1.280241303350905e-05
581,0.22308286738091032,0.49252417825865,0,-2.2443293281093104e-06
582,0.16176384072700623,0.10269029816054114,0,0.00027357518254418845
583,0.07050353828024236,0.2141804001470969,0,-7.810306122067648e-06
584,0.30876517022966204,0.29818081554481063,0,9.373081600058768e-06
585,0.29661625987454815,0.014255197863307733,19,0.025684867394202764
586,0.2595509397677263,0.01497867208182093,19,0.02553966041402152
587,0.15317087016588635,0.20678013213920265,0,-1.5610642587620214e-05
588,0.13021765911191185,0.5960282510468485,0,-3.156502899824434e-07
589,0.12356340105627271,0.3709371523978548,0,-2.80275773762078e-06
590,0.06509335003429208,0.217259348873076,0,-7.197088105700235e-06
591,0.04308280791284464,0.14560050481991982,0,-1.1401029319776423e-05
592,0.1858740542214892,0.01028189891348219,14,0.016264846498856598
593,0.03054181513487074,0.44714158256116376,0,-5.169785391491203e-07
594,0.2642065620149702,0.5739030378360005,0,-1.499766190457287e-06
595,0.3464482894446402,0.29913497944978773,0,0.0001275586604370442
596,0.05319839904228743,0.509572402458124,0,-3.4723695692689587e-07
597,0.343556775884151,0.26306620782400625,0,0.000512191201030641
598,0.19468411674649228,0.14994349196210546,0,0.00013471956525054686
599,0.31708554572094744,0.5278156697893116,0,-4.021101769707909e-06
600,0.2684329899932452,0.4510845381808367,0,-5.3181862043277565e-06
601,0.29426359268603014,0.2551445131829942,0,9.070110028667214e-05
602,0.29925243105434524,0.106500061004639,8,0.008971829672222108
603,0.172980415611922,0.521393552842438,0,-1.0202587245616699e-06
604,0.2723397977991407,0.5912775933485644,0,-1.3672070808831147e-06
605,0.14635647805943627,0.029945572086090763,2,0.0029063042530577217
606,0.2421173889118033,0.4905349182854767,0,-2.767393940018709e-06
607,0.18288409775416645,0.5793353568154839,0,-6.310224946012609e-07
608,0.13111842336770638,0.13427633363681474,0,-3.383800565756756e-06
609,0.12886156318872932,0.1834560498308472,0,-1.5563746851995138e-05
610,0.18405415372839912,0.1873024880467469,0,-3.835221689764784e-06
611,0.07332855439185357,0.23854811006181775,0,-6.337118781180618e-06
612,0.19963547571411516,0.24753674933957615,0,-1.5791472463334943e-05
613,0.2552237349423143,0.5140626576440415,0,-2.493250718779857e-06
614,0.21000956192350628,0.3376393235364863,0,-9.070586936889124e-06
615,0.11390260228807379,0.5884294237864837,0,-2.893702935599317e-07
616,0.30525177948834537,0.024460640903580976,19,0.021857815187247758
617,0.017291866731861075,0.2605564169210709,0,-2.9243066632985383e-06
618,0.30156621240289394,0.12013608230868467,7,0.007640055789714967
619,0.14434246974287523,0.23141925177121575,0,-1.2912263152181723e-05
620,0.002411387870349729,0.28434303255146903,0,-1.9877606945611633e-06
621,0.2490971579226999,0.1685086264700659,0,0.00061371221944371
622,0.2612438511320443,0.3978652018015895,0,-8.323613069087597e-06
623,0.2571596401863646,0.3421176147191681,0,-1.3101826140856546e-05
624,0.0312610504902294,0.025752364952742534,0,6.255201696890199e-06
625,0.2928108052824986,0.49093296702687794,0,-4.560357203570277e-06
626,0.06065683895606368,0.5988044652106241,0,-1.5326993969126516e-07
627,0.212411728417683,0.4658659284292036,0,-2.6333852323904672e-06
628,0.1786027244051765,0.39301631996584413,0,-3.889068634978062e-06
629,0.020847019074177246,0.041958561473022904,0,-1.2672655786776238e-05
630,0.20620305459120783,0.05391572436505809,7,0.007840434504578152
631,0.10109535193872261,0.21493215855967998,0,-1.0314782471350138e-05
632,0.00020227006603810714,0.174395564555083,0,-5.807982488326748e-06
633,0.01872717667216681,0.03986864426552372,0,-1.2680429362716487e-05
634,0.08435842103687227,0.12917355394170554,0,-1.575565635616148e-05
635,0.3071546347692823,0.10288053169564317,8,0.009447705524460764
636,0.07407679528639344,0.3400356048760072,0,-2.3297394102774058e-06
637,0.14873693526314533,0.031934622771505335,2,0.0029350946160125587
638,0.07924868305099868,0.3132927850002446,0,-3.203589195866874e-06
639,0.02696584290070521,0.5541152135305601,0,-1.7115387617377243e-07
640,0.06347879437147366,0.524427330300621,0,-3.3166979105914946e-07
641,0.16886276848349377,0.15699693756075422,0,1.4408946274472993e-05
642,0.20612437769416314,0.23237696829982088,0,-1.4246128496405364e-05
643,0.33439724271317395,0.1223690572683892,7,0.007749504124359142
644,0.23829435458918677,0.5783726833236279,0,-1.10757032039596e-06
645,0.20959187226544804,0.2672999893893202,0,-1.541810532086271e-05
646,0.10201413734972849,0.5337619573861657,0,-4.439181614674433e-07
647,0.15460971667059473,0.0208821462806523,4,0.005346950474796691
648,0.05222887538838108,0.142708064532476,0,-1.2588256551130983e-05
649,0.005919159906922261,0.5325841290529957,0,-1.7202297807218188e-07
650,0.07696589283938914,0.3554181951125391,0,-2.056268755892425e-06
651,0.2928404360619865,0.250650396239909,0,0.00010662739291155462
652,0.3441380896680965,0.10158968451028712,7,0.008588674780269794
653,0.06038757849631099,0.2999611757678656,0,-3.032451041373019e-06
654,0.12005526086061943,0.24001392396343837,0,-9.754461604969638e-06
655,0.24556653197648518,0.04331422864765026,15,0.016636558983551552
656,0.029117792606906095,0.029796587136678432,0,-7.158410545624462e-07
657,0.18660694446221945,0.08904977592841203,1,0.0013176877612141125
658,0.31924677214662917,0.4904943866184312,0,-5.942091937323509e-06
659,0.3007219913162979,0.2886207905253367,0,1.182846447752845e-05
660,0.1545169309996626,0.3845322588820985,0,-3.3308598165693265e-06
661,0.05736371407468652,0.18273038419398283,0,-9.28804526454014e-06
662,0.29591351688245215,0.4172075295664072,0,-9.599958404369067e-06
663,0.15250310040138396,0.5868321705415227,0,-4.3228962382781363e-07
664,0.32979156480671157,0.42305674210534205,0,-1.2258433063078423e-05
665,0.19452256420706576,0.2616877784628295,0,-1.4749715204938126e-05
666,0.1496954355054774,0.4152214910333922,0,-2.3371007679261327e-06
667,0.27628882465481036,0.4670188758473448,0,-4.909006338483575e-06
668,0.03294520366215463,0.30380910172406533,0,-2.2194758368327855e-06
669,0.3232723061316724,0.3509894514888785,0,-1.4824180145378016e-05
670,0.26065886306762753,0.00020416702838033096,19,0.031826409557463804
671,0.1286998326608961,0.2624443283482559,0,-8.577559841530708e-06
672,0.013610869423439352,0.40135606867730556,0,-6.900212417420918e-07
673,0.33542976251420337,0.44662433352611913,0,-1.0510519293659203e-05
674,0.2968737700972103,0.22686802667183964,0,0.0003717847960757411
675,0.28271036142111067,0.439253494148171,0,-6.867635201223358e-06
676,0.1800503547330862,0.2953560363108338,0,-1.0165711064778349e-05
677,0.3327088734617009,0.5481008337351625,0,-3.837289785175172e-06
678,0.07393409629441267,0.5162826836015317,0,-3.994165537449441e-07
679,0.013933571736165062,0.35512847729899627,0,-1.0990390678749625e-06
680,0.29385965981059986,0.30275189405291375,0,-8.552630030981738e-06
681,0.18869489073872278,0.32508199951430444,0,-8.356022865921908e-06
682,0.12693793599383366,0.17095357382124482,0,-1.5763992192598922e-05
683,0.3297833708647335,0.3442624784824399,0,-1.1426413870774908e-05
684,0.1345438368072848,0.4399154946556257,0,-1.5698639881830178e-06
685,0.1292829936644726,0.33166999969974537,0,-4.38693063892728e-06
686,0.18620287579871078,0.13293407101422333,0,0.00020503834972126814
687,0.051733565508040126,0.08198979382460181,0,-1.4712833189400295e-05
688,0.13237517768583315,0.09768384391144465,0,8.270393048408628e-05
689,0.20485257598139994,0.17339849296259394,0,6.494124213013106e-05
690,0.3469960814317908,0.31362852689238,0,6.12702096919505e-05
691,0.34080876852152686,0.5425182052264773,0,-4.395089725292282e-06
692,0.31837929535749054,0.2553461228983251,0,0.0002691255795904534
693,0.006127732153060106,0.07052492192842731,0,-1.4970092494239316e-05
694,0.2268907446947864,0.06299447759255113,8,0.009404846945661448
695,0.29531946450404806,0.32038303931472617,0,-1.4271876591810527e-05
696,0.1999101748357727,0.4906544119414692,0,-1.8149053273812605e-06
697,0.3163617796744439,0.28767499754078313,0,4.8148899736772784e-05
698,0.11139975451700466,0.5250704659682273,0,-5.318021493124818e-07
699,0.12570410422957295,0.47179878549498044,0,-1.0449842938460987e-06
700,0.34828076138853614,0.5646387839914604,0,-3.7989113819217606e-06
701,0.04346509208490711,0.40655528181668155,0,-8.826493646420122e-07
702,0.0007164437190292804,0.03185128022927488,0,-1.4821136471720686e-05
703,0.27971667805701067,0.09558374157279738,8,0.009437382072772359
704,0.012727923647619327,0.17039034735631078,0,-6.827364936087843e-06
705,0.2850365121091785,0.17537234816696848,1,0.0016198792429795356
706,0.22131527012991117,0.36104305935593467,0,-8.088725441397073e-06
707,0.11061042870655223,0.03261296720406339,0,0.0006519417581277291
708,0.07630171123705742,0.10626994609246505,0,-1.468685649576657e-05
709,0.15190035323727344,0.326914732242684,0,-5.748771201578785e-06
710,0.3472651075122159,0.5425562981167775,0,-4.68302411308082e-06
711,0.046222628060325906,0.490982110008243,0,-3.9003322354773433e-07
712,0.017672112278335938,0.5387954624123054,0,-1.8180262656806828e-07
713,0.3001628118389445,0.2063525889038684,0,0.0009109022947025896
714,0.12642132936263625,0.2753938073522279,0,-7.415789076970686e-06
715,0.11914446913125346,0.49447211236847444,0,-7.802090558086222e-07
716,0.23467998683681046,0.5199114986388432,0,-1.9163447659324683e-06
717,0.07526662961050172,0.1610608052202528,0,-1.3048383263630796e-05
718,0.1392784268094014,0.5882921165456494,0,-3.7332928317587444e-07
719,0.1549153392438811,0.4955414443817525,0,-1.1031991491262245e-06
720,0.322895672588779,0.1838194451397476,2,0.003169432321549571
721,0.2616992145252159,0.16707499546150298,0,0.001021560343781217
722,0.26254606476352543,0.3445887153807999,0,-1.3387241179725304e-05
723,0.1635897317065458,0.4260866198554545,0,-2.4082991555637067e-06
724,0.3348533648845978,0.2934696281379772,0,9.666535745787546e-05
725,0.06348874285703086,0.17945238158998458,0,-1.0124004379427361e-05
726,0.14670463335008319,0.21685783101672618,0,-1.4502453542117414e-05
727,0.2963885244781661,0.336726286971689,0,-1.5834649677070145e-05
728,0.23584992186621215,0.48500162200970587,0,-2.7475713252605137e-06
729,0.07105554241669519,0.48088858504010307,0,-5.529046843421701e-07
730,0.28670792008805773,0.08920559489689195,9,0.010613542359680483
731,0.3492320359697367,0.2478209100441284,0,0.0010341684888498892
732,0.006985429466055881,0.46149673801887736,0,-3.539458386455971e-07
733,0.12493002175238895,0.20081224985075816,0,-1.3993100216957415e-05
734,0.308567945677186,0.2554689579262875,0,0.0001766702624936775
735,0.1957188819523746,0.5221302032950882,0,-1.270755506803009e-06
736,0.014306959759111459,0.5450136674532325,0,-1.651947021360068e-07
737,0.3102271540998564,0.13203172893893267,6,0.006844655799778904
738,0.12154385258313342,0.15026735934690172,0,-1.4536477751444772e-05
739,0.1723207607677496,0.4042354237661322,0,-3.2673047366637594e-06
740,0.1091758221066058,0.08886946281368924,0,3.306444221594762e-05
741,0.07636828454290648,0.06199360321784792,0,2.0276533348492314e-05
742,0.05129139824149895,0.5833619522644611,0,-1.6289073949797258e-07
743,0.02791763533894624,0.12252434221747227,0,-1.2181694602975627e-05
744,0.10376462551546695,0.40050280594556725,0,-1.7121686078717081e-06
745,0.1463130995216008,0.13851542180231197,0,8.47687550277839e-06
746,0.2749260262529076,0.18332136487027645,0,0.0008896845264761307
747,0.12516584331266467,0.4031479426914724,0,-2.0644799046530288e-06
748,0.1675089524555305,0.5762862305667266,0,-5.579958500623508e-07
749,0.2156094434280163,0.19185280485394576,0,3.911185946495644e-05
750,0.05434794766359186,0.221573469847779,0,-6.215433771423625e-06
751,0.2703884178567511,0.46007075717359247,0,-4.960917785878772e-06
752,0.2618386169301205,0.09065253609433588,8,0.008709007482918104
753,0.31901049588574,0.2118947633818526,1,0.0013517499933501
754,0.05726934754126565,0.3449266340825641,0,-1.87603673175844e-06
755,0.1997031065298651,0.2703328056331732,0,-1.4458293397158463e-05
756,0.11853638002068691,0.008786148292444661,2,0.0023603823675790443
757,0.02253316591079995,0.449672162169178,0,-4.653077715403239e-07
758,0.030624165679058866,0.03496075094361057,0,-3.936624414980225e-06
759,0.20928932454488006,0.33393140253148107,0,-9.326593579256331e-06
760,0.1590500613838742,0.139018336981566,0,3.126212313210988e-05
761,0.24450810391991445,0.11897255306998424,2,0.0030450206005383186
762,0.20361497585924626,0.36561843727364135,0,-6.524229845026344e-06
763,0.10267753078633587,0.47959093448408335,0,-7.681170644861466e-07
764,0.21067704318848346,0.5055461029521324,0,-1.7412491445257564e-06
765,0.19451135218076188,0.3826237058098502,0,-5.047441849007012e-06
766,0.2365107839577182,0.31234369255840605,0,-1.3985425555671488e-05
767,0.03813938338842354,0.5167121734832583,0,-2.7816030066187374e-07
768,0.12673309730123722,0.24286596076046071,0,-1.009935608063296e-05
769,0.1424317788015815,0.0498939872582129,1,0.0011535397695354047
770,0.25902402111430034,0.4618800802474257,0,-4.354818570532654e-06
771,0.26700203385261,0.5393074243852843,0,-2.1789485002590436e-06
772,0.3382746178771289,0.36961569935940125,0,-1.533310644153788e-05
773,0.031111853374695228,0.15481875304559434,0,-9.434958210383327e-06
774,0.1917150145136663,0.573501619034406,0,-7.305618207811597e-07
775,0.3457375986045381,0.05179682264010403,12,0.013612381172271516
776,0.19079494899879296,0.44166578647963095,0,-2.703352218584327e-06
777,0.21160946298413985,0.23568464313322557,0,-1.380303517743817e-05
778,0.1703870076511471,0.5150952202778605,0,-1.0588061745848994e-06
779,0.2368444199546873,0.46460782507610093,0,-3.4007811474301953e-06
780,0.18349215017672485,0.2029253198854446,0,-1.2459056414625906e-05
781,0.12837778404205616,0.5123730480319993,0,-7.153392998330013e-07
782,0.04747613018607056,0.2649746071593258,0,-3.7794323557511466e-06
783,0.24298018624730716,0.009696159403692617,19,0.026847257914461096
784,0.21772397587625958,0.30691614298513414,0,-1.2689794780962014e-05
785,0.014478788734926844,0.16589559366537313,0,-7.253906993465559e-06
786,0.0149106444618666,0.23007482404251242,0,-3.869747755615641e-06
787,0.09228905559438318,0.3552576161977455,0,-2.3997621330828276e-06
788,0.18813339962330133,0.2239431929415035,0,-1.546553984441609e-05
789,0.17615228732775523,0.40578982485809095,0,-3.3420772148353035e-06
790,0.29315024335908413,0.3026322036472416,0,-8.866245070831604e-06
791,0.29169413829202295,0.1624629369515978,2,0.0028441996622488386
792,0.16907516953092763,0.4093759174562224,0,-3.0053381716464817e-06
793,0.06410616564592234,0.36137011611062214,0,-1.7041288669703635e-06
794,0.005016766663338201,0.27649344800024145,0,-2.2066008708942704e-06
795,0.19859729265982778,0.37047611959458465,0,-5.9232253003028534e-06
796,0.09684334086478147,0.4159679150180726,0,-1.368991829475274e-06
797,0.04069654873720338,0.5269719999844543,0,-2.5753184890514373e-07
798,0.15354832070709945,0.501053258804525,0,-1.0299003458343048e-06
799,0.26052222559523724,0.45634496502999256,0,-4.669358344400336e-06
800,0.05506120645458911,0.09129132003608138,0,-1.5390811374488772e-05
801,0.08518663183716632,0.21877421604586283,0,-8.596189758254166e-06
802,0.34105298942574597,0.049413170558552454,13,0.014267104043081933
803,0.07710612888755211,0.5770256836137857,0,-2.2458898319946108e-07
804,0.26907362404542323,0.3344156837754296,0,-1.4896385055007728e-05
805,0.20893062512436472,0.4310958192668818,0,-3.598021476426969e-06
806,0.32405386807356046,0.33775837973190687,0,-1.107926415377821e-05
807,0.3482574182785099,0.5611433725509134,0,-3.9323887435370665e-06
808,0.33507099049277095,0.31037163143550367,0,3.5773149836214546e-05
809,0.14532447755308392,0.06477628717527,0,0.0007036942851190929
810,0.025357213751272,0.0333296713754682,0,-6.5743770717155044e-06
811,0.2219589982820025,0.5678946762057963,0,-1.0449135111383547e-06
812,0.13106118925714155,0.43632309724490337,0,-1.5716745713848622e-06
813,0.005810855163568784,0.5260952647254227,0,-1.833567753644361e-07
814,0.024455493557743707,0.5533791121595836,0,-1.6814856430072741e-07
815,0.2877451343908503,0.5293728691053997,0,-2.9581891426439235e-06
816,0.22474723000880042,0.1467255247216172,0,0.0005749282675435377
817,0.11075444573836349,0.4176639045729354,0,-1.546486556020146e-06
818,0.03639528271851214,0.19296163307045985,0,-6.898727490922761e-06
819,0.06520975081641602,0.026773614121501987,0,0.00010483940652049697
820,0.16564630340602435,0.10947543931549009,0,0.00023880048955632108
821,0.02162186913258741,0.21666114878239245,0,-4.7259004633323855e-06
822,0.17991762462218633,0.26315115980364817,0,-1.3284614940379795e-05
823,0.1334790478726171,0.28028004931932693,0,-7.571761304789985e-06
824,0.2345310730824228,0.2944654090821018,0,-1.528510695885033e-05
825,0.07143709023261277,0.5603828541232323,0,-2.50654930839366e-07
826,0.26319369528929815,0.20767361325333691,0,0.00020949585046968757
827,0.2384506302380438,0.2987250220248495,0,-1.5263313469336205e-05
828,0.03202794049504551,0.22114419088677884,0,-5.010864505642319e-06
829,0.2724559534703253,0.4804202699768031,0,-4.137994160946598e-06
830,0.05794156411310786,0.32888343022619076,0,-2.21707223880431e-06
831,0.126630102790741,0.15970756218792773,0,-1.5141587397478917e-05
832,0.20477031797475118,0.38511115176419874,0,-5.4490102435568545e-06
833,0.2976319747427513,0.1633497790357127,2,0.0031708472105693706
834,0.01697107788376752,0.1223996274203072,0,-1.1121637295510678e-05
835,0.04831437802939237,0.227149440527865,0,-5.545439084170904e-06
836,0.2926723358028302,0.428772686693018,0,-8.358066432640842e-06
837,0.24576026967838474,0.17972171420544483,0,0.00033978630411673913
838,0.09059040173409562,0.02466556403393667,0,0.00039080487379825936
839,0.07975423883745514,0.14704149312563086,0,-1.4743516003772211e-05
840,0.22655001084733845,0.38000674286980923,0,-7.086510779345407e-06
841,0.07437044191976461,0.3467630359855198,0,-2.184695902795738e-06
842,0.06176899198392465,0.45937870715690554,0,-6.248615271982331e-07
843,0.10673955910915117,0.450078776114155,0,-1.0744765672090525e-06
844,0.25201259306976415,0.5577574819436705,0,-1.5605905007900486e-06
845,0.015336495711986314,0.21876680679259258,0,-4.348619566066213e-06
846,0.31290833566227805,0.363276286117512,0,-1.5795450442062058e-05
847,0.0728802442639083,0.08812726014154537,0,-1.0593242088954623e-05
848,0.03712308222446095,0.30133715836533553,0,-2.3718126992347377e-06
849,0.1781517595247025,0.022154057278815076,9,0.010024099418647786
850,0.2670909997787353,0.019889698904652687,19,0.02395891318527615
851,0.05989341347998014,0.06253978431687054,0,-2.606691212429183e-06
852,0.011484809832107984,0.5784134039385374,0,-1.150010123036736e-07
853,0.31253724500879926,0.24318502281104307,0,0.00035276824037534376
854,0.08504938075243086,0.19048451205287292,0,-1.1112504695244193e-05
855,0.2164229604572763,0.18487861215036985,0,6.459430712663292e-05
856,0.1323173947731668,0.3336725834840645,0,-4.4318730679464175e-06
857,0.13770556338226403,0.57370660975038,0,-4.252177872731757e-07
858,0.15600905871098222,0.0726974790676607,0,0.0007799120679211193
859,0.05311837455245459,0.23486693812162074,0,-5.387989387828389e-06
860,0.3134072029910258,0.12099818000744379,7,0.007907292273050596
861,0.21824206525361545,0.07376739419359181,5,0.005941482629546951
862,0.02176094403516507,0.19370462128698274,0,-5.9365383565171946e-06
863,0.24497526830049157,0.4087627474019556,0,-6.405356859425822e-06
864,0.1539202609925296,0.4177951920192542,0,-2.3757883433835424e-06
865,0.13118910091733346,0.4118904150267952,0,-2.0089462652058815e-06
866,0.12337883833800094,0.5418496009504088,0,-5.067930491992497e-07
867,0.216561809042918,0.361979276198804,0,-7.660430144388373e-06
868,0.06732844919135272,0.05098638307443326,0,2.4409384580382605e-05
869,0.18140566613719675,0.560443932046192,0,-7.510489670345204e-07
870,0.22585663484670485,0.13150097482483822,1,0.0010867982456424115
871,0.09031326222282508,0.3136741134081393,0,-3.563001160252523e-06
872,0.3324815327048835,0.06098400453332095,11,0.012864501092699281
873,0.24233836992285776,0.4279538688383313,0,-5.168061150978311e-06
874,0.06453750224797007,0.26190921866208094,0,-4.615401973559739e-06
875,0.09234033528304329,0.4451282021079343,0,-9.778127981955624e-07
876,0.0304336120212289,0.5164560338665173,0,-2.5821387520400593e-07
877,0.23131798295956754,0.4503506231815798,0,-3.7102117919089944e-06
878,0.1539299947918326,0.4394183535297326,0,-1.91438113591705e-06
879,0.24022625202960002,0.5489954789299817,0,-1.5145007169388339e-06
880,0.014787880087113446,0.07807881851226973,0,-1.504955347186865e-05
881,0.025287197437815656,0.12998852204904446,0,-1.1191001090450443e-05
882,0.216202234252876,0.5379139255179958,0,-1.3313630944864038e-06
883,0.18183433006121452,0.16714261922867665,0,1.920564297943335e-05
884,0.15303235987303176,0.09540934333771087,0,0.0002578735688462089
885,0.046079215816313523,0.5232134143312743,0,-2.821652107137163e-07
886,0.1883569492670299,0.1891926147324758,0,-1.816441803265947e-06
887,0.10940757892863397,0.12094310819882605,0,-8.902205870620018e-06
888,0.31039902383861884,0.1831563272694108,2,0.0025011409129013203
889,0.20158037574203092,0.2937352858715737,0,-1.2398298952656754e-05
890,0.021939912090409824,0.32519171794774343,0,-1.6059289136701116e-06
891,0.2802763292203522,0.23092233219133046,0,0.0001540912233811223
892,0.13244904527181722,0.09031678868702717,0,0.000123504279895399
893,0.006949451115852095,0.3695517077727359,0,-8.873231604394518e-07
894,0.22595314889626078,0.3711297949367084,0,-7.676537447995764e-06
895,0.17783845514412508,0.2918345437756365,0,-1.028690102165681e-05
896,0.11879772050567926,0.3159660690835118,0,-4.620939896983623e-06
897,0.33716472245275125,0.044441425643802046,14,0.015416111786697152
898,0.1353840762019481,0.252897737425684,0,-9.972151434863891e-06
899,0.12808160942943989,0.495102989592486,0,-8.476625015158106e-07
900,0.24223126606202622,0.3798500884731038,0,-8.248894932368535e-06
901,0.08284362564878262,0.23111037325355704,0,-7.471645488953725e-06
902,0.22124782421920813,0.4590769405109059,0,-3.077134850856988e-06
903,0.15403324185628997,0.2027336400868127,0,-1.5758217666130065e-05
904,0.2932466636703748,0.10426987421959555,8,0.009019036529108135
905,0.19317487871158964,0.07785098509880421,2,0.0025150159952193915
906,0.10533579656004821,0.06594848633627264,0,0.00010853947743483686
907,0.02345264811756793,0.05071878640376863,0,-1.4185806407795034e-05
908,0.08155980794460613,0.47824408899301457,0,-6.305121223629348e-07
909,0.10541777588317491,0.5458369198508974,0,-4.0702904836956974e-07
910,0.25507369291808996,0.368818684254906,0,-1.0293585299360678e-05
911,0.1141558883649816,0.5541693793132588,0,-4.0863394137005067e-07
912,0.19815183895579516,0.4090291620551623,0,-4.026714341065304e-06
913,0.036315208698712284,0.15711248421948712,0,-9.690774369903387e-06
914,0.19411984174067456,0.2763847615310836,0,-1.337689833020232e-05
915,0.1988632401664758,0.3234679901164499,0,-9.331877193420126e-06
916,0.08396770203435097,0.15705949119938936,0,-1.4250384724855075e-05
917,0.10845280542385526,0.4928831469749132,0,-7.124410742732084e-07
918,0.285277194438638,0.3349466274993438,0,-1.5800471494901445e-05
919,0.04346638264540763,0.5954336949207751,0,-1.3351388166029144e-07
920,0.22440186235360154,0.35381318244341686,0,-8.917757042505364e-06
921,0.11106213417074016,0.09083437638490559,0,3.28296611291241e-05
922,0.3002354515897113,0.316099293221685,0,-1.1760720091199003e-05
923,0.013640451548357612,0.5755381200859979,0,-1.209318316822335e-07
924,0.3414478365067295,0.46668449131797535,0,-9.24427140749131e-06
925,0.21137144518021148,0.3824976714497693,0,-5.965512090057859e-06
926,0.10905181376213473,0.006000193703684231,1,0.0018324823032230526
927,0.21252421697621315,0.0720904833786002,4,0.005410221701237214
928,0.19635684519575522,0.33188926885107345,0,-8.422707041824766e-06
929,0.03484505698811256,0.03484622179518515,0,-6.620496025294917e-08
930,0.3187624376961065,0.3418981971380531,0,-1.395711415628431e-05
931,0.14819723419575295,0.15747924686962478,0,-7.793282825873767e-06
932,0.057758321955988616,0.1119375223238628,0,-1.5573875827344512e-05
933,0.2924064842188652,0.0008318317593829505,19,0.031988229674606274
934,0.13857145459229925,0.15039121393622715,0,-9.15785262847018e-06
935,0.2868186797090324,0.3689727329020435,0,-1.3371944465685694e-05
936,0.2233197815328374,0.4933537402428296,0,-2.231072139528396e-06
937,0.0072110687492052735,0.402459532937687,0,-6.401859451994428e-07
938,0.16388629170469585,0.194905233965639,0,-1.4937917940744208e-05
939,0.29255322692525726,0.5286455280056164,0,-3.125701422969417e-06
940,0.14577340375506737,0.1633314068217814,0,-1.1699444619937343e-05
941,0.17665525961905906,0.3634559643725714,0,-5.115219054138163e-06
942,0.005307826829269752,0.4200161586962438,0,-5.269914026910806e-07
943,0.12656231834109438,0.36968977957405136,0,-2.9239427202498692e-06
944,0.20212431922765484,0.03216034678049171,11,0.012711948406462757
945,0.32363403991741213,0.5463824585370547,0,-3.5672802721154757e-06
946,0.1859236256060245,0.08812206515654313,1,0.0013316954013566648
947,0.0435814918366657,0.4124166322403222,0,-8.333726312542812e-07
948,0.036593452165384004,0.007111966912115397,0,6.331912652384771e-05
949,0.2878208549849095,0.008943970500612042,19,0.028016404221554887
950,0.2734502909005571,0.03792662647428191,17,0.01899731669963585
951,0.34103511462787284,0.25393862693019625,0,0.0006540191099815132
952,0.3466948509176976,0.06715927876819658,10,0.011349234180941092
953,0.24262076094573404,0.1675948005495789,0,0.0004960259471436982
954,0.3493907794421838,0.3645685027428318,0,-1.182183295911403e-05
955,0.031238290183996053,0.5630860656200793,0,-1.632908882207768e-07
956,0.25768087739401113,0.3982347951262463,0,-8.018197500427627e-06
957,0.12164336224463733,0.454752285241038,0,-1.1899338955244515e-06
958,0.14137315092854863,0.5489868445826093,0,-5.647580656501736e-07
959,0.12126188113509133,0.0009978872920566983,3,0.003531643405031757
960,0.03580481045855036,0.5783182911082326,0,-1.4676426932562853e-07
961,0.2836189361513876,0.37311128189854753,0,-1.2646094652694391e-05
962,0.02965695637820011,0.5876248623637644,0,-1.2575727200605807e-07
963,0.2672085065883799,0.04263563197402038,16,0.017890816020866354
964,0.3374396320537269,0.2770367774801569,0,0.00023343899910454515
965,0.3236573558850936,0.5566679610202565,0,-3.220608000611123e-06
966,0.17123388525542144,0.23636382604869774,0,-1.4910499795623956e-05
967,0.33612866480942266,0.34241249903463494,0,-7.448273127682746e-06
968,0.01262450449561664,0.5039796491454885,0,-2.448516087803702e-07
969,0.03338259532386538,0.3006728451343174,0,-2.3001370096386367e-06
970,0.1818557443380553,0.40743732678091327,0,-3.4795489943692534e-06
971,0.24254135880363445,0.4108087487868165,0,-6.13081281714487e-06
972,0.12818266154842453,0.39015443952652074,0,-2.422433491726584e-06
973,0.21099104472619193,0.35586638362706446,0,-7.701415547866682e-06
974,0.12104868009616536,0.34078741026707954,0,-3.6921208513683722e-06
975,0.2815072745328163,0.10871140590501689,7,0.007798505520956774
976,0.28984224964699457,0.5995219179947656,0,-1.499159567515099e-06
977,0.03663599964428807,0.5671261223321932,0,-1.655130295894416e-07
978,0.22878997227045017,0.05701311070313333,10,0.01108144290137822
979,0.30746366704735606,0.25960151621219324,0,0.000138494580608719
980,0.03434163091598868,0.24021797241908635,0,-4.243302045042608e-06
981,0.3104749559931175,0.45058136699097967,0,-8.041272407130071e-06
982,0.18180979461769134,0.544994115963404,0,-8.800479496381137e-07
983,0.2693975789219332,0.3992381362360216,0,-8.872363450702559e-06
984,0.20827558307647376,0.29438969487276345,0,-1.2996705365130974e-05
985,0.06372813281299383,0.4969398033110869,0,-4.376844514622509e-07
986,0.302216508014003,0.02211858683689789,19,0.022704894333059864
987,0.2923147117005871,0.5783914061340839,0,-1.8977889313049213e-06
988,0.026428155014115304,0.4927212018610306,0,-3.1454361964336124e-07
989,0.3466111954019358,0.25685379968345895,0,0.000708453202012704
990,0.2125673272181597,0.5605059872564134,0,-1.0243808757327778e-06
991,0.30918350100139513,0.49447997434292057,0,-5.175472955163106e-06
992,0.2333689694364333,0.556851909245887,0,-1.3075547504886967e-06
993,0.008476780903612985,0.31194127241334185,0,-1.6027486374238054e-06
994,0.020243940522094248,0.10813777005085787,0,-1.2847856537848262e-05
995,0.30036957045471535,0.5450998583385913,0,-2.8671356095804598e-06
996,0.27729105134242565,0.5313717172833521,0,-2.6131992907280735e-06
997,0.2853886854544928,0.438053166820131,0,-7.130643609676396e-06
998,0.09658831054116032,0.16370400013426836,0,-1.4756443769780955e-05
999,0.27905811211091563,0.353150121864176,0,-1.4141954126332025e-05
1000,0.13502690916043436,0.2699718695850122,0,-8.479769985148383e-06
1001,0.09105305499595884,0.45163718415552345,0,-9.044993118643107e-07
1002,0.03834340336572131,0.5139663516960685,0,-2.8648700687465317e-07
1003,0.08738585730223908,0.05243010486419281,0,8.58736900862492e-05
1004,0.2952782200829548,0.3387212671946831,0,-1.5884627762654338e-05
1005,0.07478911430319439,0.2538486825656509,0,-5.531209429122235e-06
1006,0.10919594087955997,0.1709931599892044,0,-1.515111824186118e-05
1007,0.2538184944036109,0.574341209042065,0,-1.3462551394537618e-06
1008,0.3044941182458001,0.019032828864104002,19,0.023703378094988063
1009,0.033285972474752484,0.23727870915748103,0,-4.323516855194295e-06
1010,0.22125877238240804,0.501762553153953,0,-2.0095960967938363e-06
1011,0.02988443177223278,0.4576557190832201,0,-4.62337819187684e-07
1012,0.2956470525022635,0.5854849060171656,0,-1.8276563376235033e-06
1013,0.2940574621655537,0.1672850947410222,2,0.0026332832456314064
1014,0.0411192486091614,0.44616713379040024,0,-5.802142255158424e-07
1015,0.05839913318993743,0.3366459053242174,0,-2.0610016404820387e-06
1016,0.04843806916308119,0.17687997709974168,0,-9.026627390354044e-06
1017,0.30522251734200934,0.41417197419117663,0,-1.0730829819659246e-05
1018,0.2526515345855819,0.24197544158309958,0,1.0849546398010388e-05
1019,0.1873821106526493,0.011381288634685705,14,0.016258489615052576
1020,0.10331989160061572,0.34765912564955237,0,-2.889862037220811e-06
1021,0.02065752384971792,0.5537370894054329,0,-1.6131027437601346e-07
1022,0.2910150435456009,0.10949406805381327,7,0.00830867997897245
1023,0.2463487998538883,0.48068620705065374,0,-3.184397618843592e-06
1024,0.2138874471270936,0.010500027353533347,19,0.023046976887898005
1025,0.19681074264714105,0.376327710076761,0,-5.494406436256931e-06
1026,0.27335244337627335,0.013801182848480776,19,0.026108703435635688
1027,0.2288815030261819,0.00898577803345304,19,0.025894630019708705
1028,0.08513664368442006,0.04756668734856293,0,9.93177805835693e-05
1029,0.013815421548274141,0.1142829028114602,0,-1.1604840606877543e-05
1030,0.0004814506785187411,0.5808653290269371,0,-1.0053463279793104e-07
1031,0.08758271063116899,0.47210042399282126,0,-7.120238800431409e-07
1032,0.04589726476909004,0.11535005663056125,0,-1.456822687060308e-05
1033,0.18439300564260871,0.26450088321098914,0,-1.3587061308262878e-05
1034,0.0016725783600465892,0.379121826138135,0,-7.649426167135496e-07
1035,0.3458651918146008,0.2524321075836899,0,0.0008045832087916585
1036,0.10907379189691238,0.1814925353150389,0,-1.4308031470460988e-05
1037,0.23678055209612303,0.5833486097105247,0,-1.0380281977513292e-06
1038,0.21844282316233377,0.4035887758236023,0,-5.194967243078962e-06
1039,0.34718263407306366,0.4314795491246339,0,-1.3148362482915212e-05
1040,0.13831810836709393,0.03687708990655991,1,0.0016540657271538546
1041,0.2746884562519643,0.5179966929039558,0,-2.9099397025754463e-06
1042,0.3059038984594225,0.44468444894712694,0,-8.144694533398618e-06
1043,0.09315735634838257,0.25157062915949485,0,-6.770609955629304e-06
1044,0.18213595380329262,0.07397548255500164,1,0.0019850099817196945
1045,0.22363941148920727,0.4469953807910539,0,-3.5544762367249423e-06
1046,0.2518672025174578,0.3920744997119783,0,-8.045952814322907e-06
1047,0.13796440179511665,0.12474882114816063,0,1.7277606231913076e-05
1048,0.20440564286898372,0.4520324298978283,0,-2.7915578993687447e-06
1049,0.05580832667928347,0.5614465401155452,0,-2.1216088968790331e-07
1050,0.18183345043141322,0.11515400835304646,0,0.0003763526578480589
1051,0.05757453654059046,0.13408015660758285,0,-1.3942191422025894e-05
1052,0.28033726730656255,0.30378731658850017,0,-1.3880532422770425e-05
1053,0.33117999578250334,0.13020502633276124,6,0.007326720436126217
1054,0.021686470236875775,0.09979751433330299,0,-1.3795784995600235e-05
1055,0.19186106234004446,0.3045927796398544,0,-1.0401565406969625e-05
1056,0.1480794097339341,0.0668258053622363,0,0.0007225822498584761
1057,0.17936064968218637,0.06608742175396344,2,0.002411701465031433
1058,0.12627056244319604,0.2012891097262979,0,-1.4072420433396434e-05
1059,0.06585780881170422,0.0627223395965244,0,3.187439966317208e-06
1060,0.06487595587575555,0.10415946931083038,0,-1.5592935928771352e-05
1061,0.01650616857859854,0.4754461661781173,0,-3.385793926725186e-07
1062,0.3486705542757411,0.301773592304237,0,0.00012461199724251478
1063,0.19164397088379456,0.10297634000809942,0,0.0009239206810766947
1064,0.16646732237715497,0.05883729616115243,1,0.0020065374426259707
1065,0.21639244329725288,0.16462037255951129,0,0.0001857223901874654
1066,0.1736110871481676,0.04574243430532188,3,0.0041219162425965095
1067,0.02645732778903577,0.10728208803150514,0,-1.3537342056339725e-05
1068,0.10585818005527806,0.4461396011148918,0,-1.1078481724600294e-06
1069,0.07779295756519221,0.06677585017482608,0,1.41673464461052e-05
1070,0.2727508481333021,0.4635736183448449,0,-4.904945822133521e-06
1071,0.1751639086963966,0.3114028765526362,0,-8.37008416659269e-06
1072,0.2025599150113548,0.5718787340053959,0,-8.273900809218621e-07
1073,0.049687591379672984,0.4322004603349114,0,-7.267907588201078e-07
1074,0.0052629930618082015,0.15745889981136524,0,-7.200081762279728e-06
1075,0.27131869386992125,0.47983299079843494,0,-4.115554990252547e-06
1076,0.15780091154594228,0.41269159479771145,0,-2.5986163770927344e-06
1077,0.3393823413486364,0.14317403075297475,6,0.006541221694565857
1078,0.07094795595279262,0.2560549724667246,0,-5.210939750160176e-06
1079,0.21055058555653153,0.3883832138638857,0,-5.584725985285197e-06
1080,0.06414097078921133,0.4507561061967211,0,-6.9745747717219e-07
1081,0.10758448254297981,0.25966887939403893,0,-7.198232871817637e-06
1082,0.19994583988552234,0.4872903426904712,0,-1.8776218144376456e-06
1083,0.03655516339532148,0.1867949127023151,0,-7.335143096614878e-06
1084,0.19379826506414874,0.30080193823214924,0,-1.0942755549597685e-05
1085,0.2527009555128869,0.29871102619180817,0,-1.5845591980564573e-05
1086,0.0760895493323887,0.308138153241231,0,-3.268121649636979e-06
1087,0.2127556704241867,0.08053317899201695,3,0.004197786061126761
1088,0.2611262646466824,0.3110987370583131,0,-1.5778040871628988e-05
1089,0.22871501554000911,0.17872930205536647,0,0.00016850768069292017
1090,0.28043672568246714,0.5670791067939427,0,-1.887617514544999e-06
1091,0.10208138797008127,0.34086061813046425,0,-3.054774079704907e-06
1092,0.34628628920886073,0.28310723793053144,0,0.0002585594480505606
1093,0.3147359966363957,0.2550321798158916,0,0.0002347901125877307
1094,0.21544025964877903,0.2516045443025642,0,-1.5526033619968673e-05
1095,0.24460615939645675,0.5081129363957009,0,-2.3802741669065226e-06
1096,0.025787923823244185,0.29263212371623976,0,-2.310609920018172e-06
1097,0.1949509311120166,0.47110452689126714,0,-2.0999599644884715e-06
1098,0.042314725335170056,0.5053183110581163,0,-3.25004647567547e-07
1099,0.07494443599934826,0.1639271475395826,0,-1.2733677822126072e-05
1100,0.16744747804893195,0.5610903919511697,0,-6.491594270321079e-07
1101,0.04003595738314015,0.4341831816353621,0,-6.470431491457453e-07
1102,0.2060778799817672,0.2767871340019019,0,-1.4451003371734782e-05
1103,0.33661260136020804,0.4778911242301643,0,-7.945667398404272e-06
1104,0.1216363134443228,0.3849821837862347,0,-2.3896667115394035e-06
1105,0.24822294068390457,0.3019419503223454,0,-1.563364488690091e-05
1106,0.1427785789865636,0.2036302787083524,0,-1.5215649524109757e-05
1107,0.17011874648924347,0.06471333710791101,1,0.0018316445778110777
1108,0.04105139069433375,0.3312679265161301,0,-1.829022564436186e-06
1109,0.2495512542300781,0.26065084515094683,0,-9.381282666399866e-06
1110,0.13295312887545152,0.5113298457781377,0,-7.566250600875406e-07
1111,0.1834718459995556,0.10975607404237717,0,0.0005074178466334939
1112,0.16809148301243723,0.08155450492273912,0,0.0008766107024755675
1113,0.023344649977992515,0.3274665765417612,0,-1.5919960546200377e-06
1114,0.3055644406165306,0.10587051343229727,8,0.009154936607863833
1115,0.34008084171858255,0.3109166250508349,0,4.793332439351479e-05
1116,0.08044559917769716,0.49458883031249207,0,-5.295170156829678e-07
1117,0.2246114379031176,0.5803928855718353,0,-9.469139789600845e-07
1118,0.12116468448030356,0.21249611189599382,0,-1.249415995834058e-05
1119,0.27794982531910595,0.31499992024355944,0,-1.5671589556671463e-05
1120,0.2326892233242511,0.010119618155103581,19,0.025846911360167826
1121,0.0747276197298233,0.23333127865331224,0,-6.759903539239721e-06
1122,0.020455491051145584,0.11377066911234013,0,-1.2310597476424656e-05
1123,0.18362834952430657,0.3750690945104264,0,-4.884977542135463e-06
1124,0.12729354316647157,0.38536091247567555,0,-2.5187932420343368e-06
1125,0.2698170888292545,0.09708896855256317,7,0.00846706760783362
1126,0.24934113021664084,0.5543439304296395,0,-1.5722968355733179e-06
1127,0.3111443218646739,0.1499950216644877,4,0.005244859260433137
1128,0.01981906745969196,0.5259478013048985,0,-2.1120787875844161e-07
1129,0.3428048830410239,0.3886449396873794,0,-1.5923394916520174e-05
1130,0.10018801108907527,0.1947936245244176,0,-1.2172357813726202e-05
1131,0.04721830490622715,0.09482955525544609,0,-1.574570218582823e-05
1132,0.11793806334716396,0.26728633288090226,0,-7.3899943394570525e-06
1133,0.04940923826507049,0.38098567478323525,0,-1.2094982317594847e-06
1134,0.1544530287644942,0.02863161820019362,3,0.004037750196325508
1135,0.28786124702576316,0.4966794180783413,0,-4.10142775064534e-06
1136,0.028870595984267708,0.020596424034779126,0,1.0125643176074668e-05
1137,0.24606103158876574,0.4326796315231218,0,-5.11661670284296e-06
1138,0.2424949217136927,0.4808407708010621,0,-3.0598896987167714e-06
1139,0.15937150296927635,0.499863025116276,0,-1.1046028641447929e-06
1140,0.21101939117873394,0.06424580976765881,6,0.006557339160275388
1141,0.2799412920691049,0.3425300120493157,0,-1.5106852631523608e-05
1142,0.2810405381937206,0.32048540042199253,0,-1.57863810388709e-05
1143,0.12548151407044603,0.07056467216257412,0,0.00023196601978488107
1144,0.10308984984970192,0.1495053768542409,0,-1.576490253107212e-05
1145,0.33957735734939865,0.05302888750154806,12,0.013710943020741665
1146,0.07392773939636538,0.47763141168918677,0,-5.878315254859636e-07
1147,0.20090344154804035,0.5326232107021541,0,-1.2049623505110644e-06
1148,0.1874913470042402,0.5046434311099558,0,-1.3942018510648223e-06
1149,0.19996197401229462,0.503543285382644,0,-1.5963784560654916e-06
1150,0.16807790452582982,0.5144509659381249,0,-1.0413692223316558e-06
1151,0.2483831542179565,0.22799632413833187,0,2.9292666355257174e-05
1152,0.029737509429564643,0.2090075993816202,0,-5.522947828470732e-06
1153,0.24165759487790886,0.5030231904735907,0,-2.4318717362187775e-06
1154,0.1638222010195555,0.27533065581119737,0,-1.0521372230626278e-05
1155,0.30509421354719707,0.402860794266514,0,-1.1817483615569372e-05
1156,0.1596177820494347,0.5456118647733825,0,-7.008434870635329e-07
1157,0.270328084302341,0.2123314692285247,0,0.00023199218748149198
1158,0.1325891571106692,0.09591337605695649,0,9.235935229805642e-05
1159,0.11931499823127943,0.06143437857305662,0,0.00026717606773943287
1160,0.24555087520309818,0.5520829918225023,0,-1.548572177212537e-06
1161,0.29603064807580975,0.20320948249215456,0,0.0008878754605860521
1162,0.10033359037378893,0.5513109843673806,0,-3.662718718328816e-07
1163,0.2764601222678709,0.07666046826310391,11,0.012000392955980285
1164,0.0779350530181244,0.1187492332025425,0,-1.5665223726827188e-05
1165,0.021667174993261634,0.2757341077653875,0,-2.625243188216925e-06
1166,0.003969156528443546,0.18280077846055434,0,-5.548426387649687e-06
1167,0.21991203795908293,0.37645326027963016,0,-6.878438811353649e-06
1168,0.3473388119480515,0.12194776857765552,6,0.0074156171748106245
1169,0.28776699706720804,0.4903854915916097,0,-4.361950124088146e-06
1170,0.32951987348687944,0.5761177292275728,0,-2.812083153433416e-06
1171,0.2833941782185929,0.56763593547545,0,-1.9333036274465205e-06
1172,0.15708886973139952,0.2474417168306002,0,-1.258551007482816e-05
1173,0.11713456211233793,0.05631354318677004,0,0.0003059860385066497
1174,0.28421731753193624,0.31009495083957445,0,-1.4390955427840448e-05
1175,0.2458147962396487,0.2784718483482763,0,-1.526804800930339e-05
1176,0.18771216285345033,0.5942586469188531,0,-5.70390559473529e-07
1177,0.32650046253384135,0.2034728223647017,1,0.002097633633928409
1178,0.039693906111739646,0.4049739475421446,0,-8.635700229107337e-07
1179,0.32526003877800275,0.18325031274502915,3,0.0033424939973588637
1180,0.08024247053724057,0.5360467803829462,0,-3.491047040821856e-07
1181,0.33034441870424447,0.5238822250361409,0,-4.767420337840848e-06
1182,0.21605877026428927,0.22194740395224116,0,-6.0536038563529e-06
1183,0.143322893623385,0.5351060592293008,0,-6.615978980912104e-07
1184,0.20074180502714817,0.2755345989521842,0,-1.4085663528591463e-05
1185,0.024942037629548944,0.0012466228180630257,0,4.362239174235496e-05
1186,0.32996461099136765,0.06161773653619002,11,0.012903334991113659
1187,0.022212249492993205,0.5935917324630151,0,-1.0998239355619034e-07
1188,0.3034430210415088,0.24999856220389519,0,0.00018077190295631387
1189,0.2293973889286894,0.4073713700778865,0,-5.57457197426182e-06
1190,0.31157467188988197,0.2896609669406936,0,3.0189662074215847e-05
1191,0.04180154269015862,0.5507624736312988,0,-2.0526053686888014e-07
1192,0.05373957606926253,0.29577648281724456,0,-2.959079643421211e-06
1193,0.2305757642223628,0.5428603977537718,0,-1.46250024145916e-06
1194,0.34233065851625627,0.5625012426011538,0,-3.658110918154623e-06
1195,0.09280412005086805,0.5110515621887995,0,-5.081426292995236e-07
1196,0.30961713392513324,0.23517438910159863,0,0.00043441205013691086
1197,0.21402037704179006,0.4971081614019503,0,-1.958664326051492e-06
1198,0.161617178188512,0.3673169118609822,0,-4.242455412417133e-06
1199,0.33428563840203385,0.0025522176406077347,19,0.030783833013965707
1200,0.3239374364814225,0.4039994992531781,0,-1.3569172956147803e-05
1201,0.019339274766163095,0.0740500992216117,0,-1.555040830500761e-05
1202,0.13535751903268795,0.059373398757220516,0,0.000586351485707291
1203,0.11751139369414958,0.3305356180218189,0,-3.947542721230488e-06
1204,0.21359690490693778,0.5171996748506744,0,-1.5956156862924106e-06
1205,0.2130680381993454,0.3160247222481148,0,-1.1329755007922155e-05
1206,0.19143586827334239,0.1439729527209875,0,0.00015460378342042544
1207,0.32728177730876445,0.45248668568320444,0,-9.25077043289322e-06
1208,0.15687638313237307,0.5113657545498171,0,-9.603818477132693e-07
1209,0.08819445525693924,0.16516675044374518,0,-1.3895703124377508e-05
1210,0.007094991204712886,0.34549579787956847,0,-1.1302572981197413e-06
1211,0.026869317703184473,0.4915245049682591,0,-3.1973620513307843e-07
1212,0.20235741129947274,0.5727909573536984,0,-8.182229752844148e-07
1213,0.016843097899724463,0.25821310976210987,0,-2.9801331677717256e-06
1214,0.18071659111982194,0.12068181813545802,0,0.0002809822746274377
1215,0.09176719577462857,0.08165296216233262,0,1.2558847729290662e-05
1216,0.11445606883339825,0.06455806686811125,0,0.00018390602659972796
1217,0.007526283910341763,0.39548106665496624,0,-6.886202372365795e-07
1218,0.08036906321846113,0.1884703037991336,0,-1.0857381764764525e-05
1219,0.08221127981657722,0.33046793036435734,0,-2.7799119958590014e-06
1220,0.344475859975136,0.42481837448838233,0,-1.3538031832494312e-05
1221,0.07479439878455166,0.033008298394008914,0,0.00012474437401413334
1222,0.21723757464667615,0.14690266877752178,0,0.0004227722932653195
1223,0.2544408200243798,0.001108045583086903,19,0.031155590699492853
1224,0.17108457872651833,0.282653727074262,0,-1.0514313095432088e-05
1225,0.023809835722770706,0.2067342185621031,0,-5.3276901105301534e-06
1226,0.2567361985396724,0.26730061024074525,0,-9.157071191302464e-06
1227,0.3213829175129334,0.5566086839136488,0,-3.150467515984599e-06
1228,0.22803124388899446,0.39678906030458116,0,-6.103494991103879e-06
1229,0.027578646277282664,0.4642992056700205,0,-4.227708143779642e-07
1230,0.31457494256462737,0.565174188750031,0,-2.703087804655889e-06
1231,0.3367973064794458,0.4566748252219705,0,-9.714960638740381e-06
1232,0.09898893503683515,0.05840687221318048,0,0.00011597026411434086
1233,0.22217483053607412,0.18963619579315755,0,6.812148921294786e-05
1234,0.26059423675631443,0.20632213039021036,0,0.00019855705695365547
1235,0.07094370707379938,0.5897546065196124,0,-1.8594289724027456e-07
1236,0.33097930395422626,0.04423485587737379,14,0.01575290094121463
1237,0.2885633624255361,0.03322402190324225,18,0.0199018360854033
1238,0.10808435103809377,0.4590514453001868,0,-9.955560816036212e-07
1239,0.30008124055138685,0.21537380851460014,0,0.0006550103277030325
1240,0.341626530631757,0.2135660803331321,2,0.0022471014303394863
1241,0.3344801580964547,0.40412600955844363,0,-1.4537321533436539e-05
1242,0.07620534224322588,0.20858535405988124,0,-8.69581043920246e-06
1243,0.1576386079930316,0.4383094750296041,0,-2.008663774075747e-06
1244,0.33256463127965225,0.45903148667647375,0,-9.141305694344791e-06
1245,0.06587575048141725,0.43914976479706713,0,-7.969751918907943e-07
1246,0.19709096627312334,0.08951503777025702,1,0.0018826798616937116
1247,0.30991123047316765,0.11528525510979287,7,0.00834691207347377
1248,0.11023422358285913,0.3494419209803182,0,-3.041360989748706e-06
1249,0.11970535775780726,0.23347273947750516,0,-1.031833728944226e-05
1250,0.18729159991540575,0.5518128200003876,0,-8.682801749612642e-07
1251,0.1515442899323477,0.23064452195080176,0,-1.3687843968841419e-05
1252,0.3142903170085235,0.27770558980929116,0,7.703934745272857e-05
1253,0.21969900450670643,0.17688172534173932,0,0.00011945509166815332
1254,0.26696813998230945,0.593868483849623,0,-1.2627612314592709e-06
1255,0.05630580064644471,0.5952122624672617,0,-1.521190892709514e-07
1256,0.15910671116126215,0.3011901384396836,0,-7.918930949416374e-06
1257,0.23939641669396297,0.07467818686211973,8,0.0088624557137919
1258,0.059863815193144675,0.3309368595978561,0,-2.2141138318808694e-06
1259,0.18391235748760368,0.10002810984301637,0,0.0007713108383703356
1260,0.20947349421583264,0.07583113605679388,4,0.004442652063876364
1261,0.18390533677530757,0.3649064796329393,0,-5.4160158704420145e-06
1262,0.2811243233964614,0.32323346916185036,0,-1.5855242006888104e-05
1263,0.28901720553586097,0.4302405875814743,0,-7.960572776324837e-06
1264,0.3061502608795688,0.4782001091053517,0,-5.897629288656356e-06
1265,0.1612674806547731,0.5140075262373819,0,-9.772559727710694e-07
1266,0.19177840741662422,0.5360111474487566,0,-1.0634521857825093e-06
1267,0.17960738676292504,0.058942702524784195,2,0.00314745871330614
1268,0.010059278919229546,0.15717498352857634,0,-7.561839013520079e-06
1269,0.045653462047505464,0.4389056162307973,0,-6.528177646035858e-07
1270,0.0786887079074123,0.32457930159082043,0,-2.846487251585414e-06
1271,0.040786941626758715,0.2368880630466936,0,-4.675360905140083e-06
1272,0.07864895022220884,0.03610059481187997,0,0.0001295782084278972
1273,0.0771446611138711,0.28819953693742756,0,-4.028120201730904e-06
1274,0.20662057372746467,0.2843912612484126,0,-1.380705069755334e-05
1275,0.143125579807483,0.20793943936659404,0,-1.49344712049194e-05
1276,0.18063806767283547,0.45914441890381125,0,-2.051729164040209e-06
1277,0.27788566937836406,0.26225080179271126,0,1.8440490437814854e-05
1278,0.13029464032896207,0.06089379548453502,0,0.00044372607365156567
1279,0.1713246546002212,0.4579061201814292,0,-1.8930036699591358e-06
1280,0.13600812911521237,0.43626561960846616,0,-1.6521628373744157e-06
1281,0.30580793956118013,0.28415106931441086,0,2.9860201209469305e-05
1282,0.14795260699186308,0.13046780006585756,0,2.5626742069483066e-05
1283,6.856898051033067e-06,0.19255804719523695,0,-4.844978750602567e-06
1284,0.2757793645496016,0.5093805143981065,0,-3.205632844070388e-06
1285,0.19219323617634235,0.051493452542108,5,0.0059207323769348156
1286,0.09683374689436415,0.28230094970232167,0,-5.190444965662432e-06
1287,0.30187248074140693,0.3677203158090715,0,-1.4857252470059533e-05
1288,0.01394172335409256,0.19770408108795198,0,-5.284348528521179e-06
1289,0.23422277373120354,0.39740249345017886,0,-6.445188874098837e-06
1290,0.0340158792869292,0.1482623149768756,0,-1.0285610187145353e-05
1291,0.21536202537284824,0.5715842579083668,0,-9.429157690660502e-07
1292,0.11811750277371943,0.11411988825049003,0,3.848379959470371e-06
1293,0.030915962708324873,0.4314440476344586,0,-6.071099279327535e-07
1294,0.3077179982429862,0.49805903238459237,0,-4.923838523498748e-06
1295,0.2580673087362091,0.14630637223107887,1,0.001874015801144851
1296,0.09299312903237122,0.09106496283103561,0,1.6837371499499003e-06
1297,0.17251573295025008,0.43536538881110104,0,-2.399438686026138e-06
1298,0.284537677421,0.4734327926021694,0,-4.997888626606848e-06
1299,0.303786836154438,0.10461410843825647,8,0.00925464413977747
1300,0.09829363477216342,0.2846844695054686,0,-5.143150378088278e-06
1301,0.009441381863943547,0.382925171286743,0,-7.958209361442244e-07
1302,0.014704953797509378,0.38091249307807845,0,-8.558350743040282e-07
1303,0.32517721805098776,0.5570279311652818,0,-3.2579203821094475e-06
1304,0.26696583169152716,0.19401022483837366,0,0.00043953402856785674
1305,0.03962885903994398,0.03351717213001439,0,7.0222105849449785e-06
1306,0.15672423031930977,0.3223998053871576,0,-6.300163011894804e-06
1307,0.12575151986008418,0.4791549649931165,0,-9.713431203366563e-07
1308,0.3416106330148808,0.4578712317240683,0,-1.0039852702695865e-05
1309,0.2346565780331125,0.08420210974832695,5,0.0064650547762199325
1310,0.2589620257723034,0.5422717022811043,0,-1.952473880281589e-06
1311,0.19519446970458523,0.03454762616719107,9,0.010444074897807382
1312,0.17931177077100996,0.5474641302306785,0,-8.374385535419924e-07
1313,0.22482880353287593,0.5049643927778683,0,-2.016854252053037e-06
1314,0.1616047341100898,0.2267749457835918,0,-1.4907356054546469e-05
1315,0.294945894231617,0.24865536419118975,0,0.0001305001368162879
1316,0.048414325139174846,0.33049293003773234,0,-1.983821807404497e-06
1317,0.20573292926897638,0.24191574108600192,0,-1.551484179079452e-05
1318,0.2706374173394223,0.41129683259768923,0,-8.007485961094919e-06
1319,0.07972380707023131,0.33856761272663394,0,-2.5011357452026162e-06
1320,0.21838897580206518,0.5892044065255471,0,-8.148652243087382e-07
1321,0.2958028560670297,0.21070259820793458,0,0.0006704087389966827
1322,0.3407118785957777,0.5944785230153533,0,-2.6171808377944593e-06
1323,0.1419083539012775,0.5245392867242047,0,-7.25015235885241e-07
1324,0.32855116605441925,0.49201641280585434,0,-6.411195714596873e-06
1325,0.17016071848319508,0.1066891684322298,0,0.00033070576856052944
1326,0.2786451085748188,0.5929675779452985,0,-1.4315507185438554e-06
1327,0.2804212178566198,0.43953390617424415,0,-6.698391017327022e-06
1328,0.1960407173132093,0.5916250372372943,0,-6.36372151227209e-07
1329,0.3078369616845356,0.551454788024148,0,-2.8985785431340835e-06
1330,0.08123360980950432,0.05612500651726597,0,4.722865374759756e-05
1331,0.30840692436880285,0.11145509923568549,7,0.008669854261165245
1332,0.29513130488444234,0.18462842157532275,1,0.0016153956125154246
1333,0.21001281730843838,0.038655569851557645,11,0.012472119767812928
1334,0.06110907887588561,0.27108203977770684,0,-4.072594191759423e-06
1335,0.33925360309698815,0.24052304922063814,0,0.0009758015246510596
1336,0.33670534681284287,0.05099096621862082,13,0.014200820974350539
1337,0.010753317545956247,0.4095070033377356,0,-6.181127132516734e-07
1338,0.2572522001870471,0.5084839074693862,0,-2.689832394313815e-06
1339,0.03953944801366053,0.26409468981411394,0,-3.52325211446495e-06
1340,0.19322801882138382,0.4095018229437828,0,-3.816620274672061e-06
1341,0.160273976496083,0.005700822575475439,9,0.010455650728999228
1342,0.15269684505572886,0.4384953853816445,0,-1.908496727922356e-06
1343,0.2942244036082833,0.15095035423738026,3,0.0040141429793905566
1344,0.038159103676667555,0.09289659606826381,0,-1.554929753185755e-05
1345,0.1346970020955858,0.23580688503965866,0,-1.1525202574370136e-05
1346,0.16575185101829287,0.3979196761382746,0,-3.259471242327232e-06
1347,0.20776828504834116,0.15032234650152818,0,0.00024347407833608676
1348,0.06412031374979871,0.20826981296426852,0,-7.77564174922121e-06
1349,0.18124386357076183,0.5051226245490217,0,-1.3036806866030652e-06
1350,0.14004125658086233,0.0653224957631592,0,0.0005533216315661865
1351,0.14413203514491202,0.3463619554513601,0,-4.392634368608078e-06
1352,0.26663084407862064,0.3366553210981181,0,-1.4507279863914668e-05
1353,0.21748918169422277,0.4646969629093938,0,-2.8024975613697276e-06
1354,0.056037613642816,0.05028182651469768,0,6.473052999167804e-06
1355,0.2788384052453536,0.24540720786542053,0,6.745777645163813e-05
1356,0.22925416858241632,0.002612182954112119,19,0.02866107289458354
1357,0.2838606419787664,0.1361378156699722,4,0.0046895799242410085
1358,0.1896396900849793,0.3153553117019219,0,-9.237828229769816e-06
1359,0.24804126187150316,0.09885202465150475,5,0.005845849889508973
1360,0.17011351516984305,0.40989373455374895,0,-3.0209263848472783e-06
1361,0.26692327800346466,0.5306272497851827,0,-2.374398903145568e-06
1362,0.2100583846072357,0.462846590500474,0,-2.651079456288905e-06
1363,0.11039647742424472,0.36959759288464855,0,-2.4911039305945005e-06
1364,0.2499369701498312,0.3279983991529238,0,-1.3773599678150109e-05
1365,0.17998085685033433,0.45039634295570835,0,-2.224486655094056e-06
1366,0.005091992364897429,0.5075018742445758,0,-2.1924371301923566e-07
1367,0.32466427743636017,0.5595531195246155,0,-3.160789044303563e-06
1368,0.2919397812105137,0.38759356059045197,0,-1.2030337394158661e-05
1369,0.27948759884839675,0.06643361026975143,12,0.01365407777052312
1370,0.10529898976091652,0.25431283301035834,0,-7.415427709293389e-06
1371,0.04754179269277851,0.028374584923791968,0,3.1096808826730556e-05
1372,0.14600851627747266,0.04485617755289095,1,0.0016171769109412691
1373,0.005130522299382045,0.18862618050236682,0,-5.298775132587081e-06
1374,0.22351819038266574,0.3549098038221773,0,-8.753546871299612e-06
1375,0.22360531683698256,0.4108947003639597,0,-5.085458692432922e-06
1376,0.055724381855007485,0.23817252684035475,0,-5.3507241094468e-06
1377,0.30382264497666994,0.40012776190287924,0,-1.1962652818532901e-05
1378,0.0012656797433623578,0.14709516138140385,0,-7.65670581157413e-06
1379,0.15845701901699252,0.13694702615134471,0,3.5006151490157295e-05
1380,0.1095626651400143,0.04609127785021936,0,0.0003464430372629408
1381,0.12174001359229873,0.19677460970008442,0,-1.4071393630098939e-05
1382,0.3054002844518077,0.1950601405747518,1,0.0015580682414160403
1383,0.2523796231377724,0.11121829396957668,4,0.004644939892800761
1384,0.21803498716428482,0.1259734888206089,0,0.0010102882788939162
1385,0.23709874883769494,0.5083732723070371,0,-2.2029564611512994e-06
1386,0.2432336028483587,0.09802418752869665,4,0.005400389527907021
1387,0.25160410444310627,0.40383183411021645,0,-7.167116915736844e-06
1388,0.14201536734667466,0.10312153972143485,0,0.00010355905466404375
1389,0.27391456226949973,0.22507961038503663,0,0.00015151965594451065
1390,0.29986501436211566,0.0881231022648822,10,0.010925106454516812
1391,0.000818550723800665,0.07663940223824339,0,-1.4010795152830342e-05
1392,0.27827659183299425,0.19406579284818815,0,0.0006708365708144712
1393,0.2132947436036944,0.17633775233595833,0,8.819970179275027e-05
1394,0.024867142112370726,0.5872975663704867,0,-1.2027502067918241e-07
1395,0.3442801997919305,0.07802004368476134,9,0.010327196448997522
1396,0.09545032368114847,0.2676430519815551,0,-5.916238266510835e-06
1397,0.34689333018083246,0.3901795465115027,0,-1.5940366985386246e-05
1398,0.07485680692936733,0.36742959672668846,0,-1.785685573566073e-06
1399,0.27527970122847434,0.269231740575165,0,4.189066678991351e-06
1400,0.26665483999178413,0.07491650275375668,10,0.011755021821947032
1401,0.12247307777209471,0.5329855683983858,0,-5.487775600658589e-07
1402,0.33492250479725216,0.394171466613908,0,-1.5349359535138374e-05
1403,0.11922150441712899,0.06040535085820193,0,0.00027891343335093634
1404,0.31478045719065056,0.36954300350458097,0,-1.5608650192729172e-05
1405,0.13657695043966933,0.5208907304396213,0,-7.129762167290538e-07
1406,0.1755177988002936,0.21395229945227714,0,-1.5621424571452826e-05
1407,0.10178189850887423,0.2930188583049462,0,-4.902069452956497e-06
1408,0.05362187065754051,0.37701136963710397,0,-1.3125986125532686e-06
1409,0.127914048067521,0.4261592010513224,0,-1.6859494035952986e-06
1410,0.004109056531462057,0.3437133449522743,0,-1.116772133891711e-06
1411,0.31459376316650395,0.14176134340270838,5,0.006155895615451129
1412,0.2401378944799922,0.2930622821942664,0,-1.566479009787065e-05
1413,0.06296177193807294,0.18913131920312728,0,-9.218321761479277e-06
1414,0.21795057953571595,0.37240783125726273,0,-7.019440728241262e-06
1415,0.018700844881247597,0.008241439735024891,0,1.3594465323722454e-05
1416,0.015070715314282156,0.17534106676998948,0,-6.6559056465584256e-06
1417,0.17689254574089108,0.5842788158274392,0,-5.657238874182653e-07
1418,0.019967818814615665,0.24452341375432474,0,-3.5240361077334592e-06
1419,0.2992396561733816,0.2488092900559581,0,0.0001581696474357506
1420,0.289118878891403,0.4225827310710883,0,-8.570255538441836e-06
1421,0.14970349770902455,0.14052921727591422,0,1.0430866789051229e-05
1422,0.02657769064140271,0.03893084878295516,0,-9.145565847660718e-06
1423,0.23679893735441052,0.04014609886357174,15,0.016545543125931383
1424,0.31247585369324504,0.4070323795172423,0,-1.2134251899824036e-05
1425,0.11108738293194803,0.18817057369136514,0,-1.388293112802299e-05
1426,0.15279525423325588,0.3511217907696038,0,-4.565430534485929e-06
1427,0.05140026996636071,0.30791709288837943,0,-2.5608993323728017e-06
1428,0.22334702329295078,0.36535140389102894,0,-7.914231333137529e-06
1429,0.14618727961192252,0.17985035211390069,0,-1.522492770281493e-05
1430,0.2805526421347089,0.3407583874018812,0,-1.5274477619958283e-05
1431,0.27961741995995865,0.3555292733257532,0,-1.397277680844853e-05
1432,0.01251783226639273,0.5408073493695583,0,-1.692395156230395e-07
1433,0.11344821882755408,0.1846104159049197,0,-1.4417741385978421e-05
1434,0.09319208954218342,0.46803852065963636,0,-7.842607998012589e-07
1435,0.09581956749518929,0.5075942398840628,0,-5.420976499877529e-07
1436,0.3278962973755934,0.594889622182174,0,-2.2942525444322862e-06
1437,0.2269143136530943,0.312514966057303,0,-1.3044055288314848e-05
1438,0.19780572413232,0.014784514274117621,16,0.017733554556617737
1439,0.09057138075881535,0.07125485571826602,0,3.092609820638473e-05
1440,0.26938237933339315,0.4644967318229575,0,-4.701222554766923e-06
1441,0.06199190274347078,0.5720982208971489,0,-2.0287529460152196e-07
1442,0.2936205840329918,0.2561933795906457,0,8.288233978642969e-05
1443,0.2951836648568869,0.29611605894823173,0,-3.1196496136738546e-06
1444,0.2905463826306313,0.49433048448467826,0,-4.31145142012805e-06
1445,0.20603074594994628,0.008152550945923065,19,0.0224344457619441
1446,0.0012803233246240608,0.5127995445762794,0,-2.0016265495943658e-07
1447,0.010379327785037328,0.09794394862693369,0,-1.2881398586580875e-05
1448,0.22475174242893337,0.061881427152830557,8,0.009300832319245278
1449,0.07244103067356218,0.5630775373434297,0,-2.4644968239639564e-07
1450,0.1144403732074636,0.4695536356290351,0,-9.550393728506016e-07
1451,0.20041537662257147,0.5731202296839758,0,-7.99879570393169e-07
1452,0.031867303446163786,0.34199699645143194,0,-1.4990531320042625e-06
1453,0.30616998157113984,0.1868906141970804,1,0.002035331416181746
1454,0.11950220108698766,0.2853351278666841,0,-6.294673306839147e-06
1455,0.34396412920945735,0.1600829947038408,5,0.005629605398019695
1456,0.29348335749193116,0.0837582699247507,10,0.011413050248341093
1457,0.3125397927733488,0.5569867393153859,0,-2.8743558908674916e-06
1458,0.2283585425410372,0.06113465281166954,9,0.010056603186072518
1459,0.1546016358794179,0.13141022051110615,0,3.966903251101356e-05
1460,0.31649946249210276,0.398006175349293,0,-1.3429683306252178e-05
1461,0.04146894488008572,0.12732646982219362,0,-1.3046195937634597e-05
1462,0.20590189712385476,0.0489528815884332,8,0.008918410983853993
1463,0.05063221847589083,0.27225757549086027,0,-3.6271117608771076e-06
1464,0.22735309537661622,0.05638783321614551,10,0.010996552082810333
1465,0.24496872556025995,0.07211415970322206,9,0.010122329636276295
1466,0.25304466717306984,0.4267671764244519,0,-5.809542159137625e-06
1467,0.28957067364640626,0.23423285141694072,0,0.00020076358604555444
1468,0.07806982759012025,0.5596286305656635,0,-2.698489159337727e-07
1469,0.04825456648730181,0.24094487586496594,0,-4.83567407334014e-06
1470,0.2143395704361824,0.2711083922687783,0,-1.5471965474512226e-05
1471,0.2891473341203737,0.05405336683193589,14,0.015611975990845229
1472,0.0859613663676056,0.15794991981541848,0,-1.4347759305500396e-05
1473,0.17223742244469925,0.12620058648462235,0,0.00014641617680485539
1474,0.12942284620592545,0.4538068877163957,0,-1.2982367939721063e-06
1475,0.24288963983295248,0.29312457487057136,0,-1.576099763882967e-05
1476,0.16181968157507642,0.5144446839532061,0,-9.783716988673125e-07
1477,0.0856248740434795,0.19254436957974846,0,-1.0969657090416666e-05
1478,0.03826417944396703,0.03181902392587497,0,7.479171762839e-06
1479,0.0884933502686806,0.2611330440442576,0,-5.8909279855490976e-06
1480,0.040148582906758816,0.166890618727448,0,-9.171893673962498e-06
1481,0.16767734057403255,0.3022838568045571,0,-8.501860128861612e-06
1482,0.09229604946900455,0.31137942049557077,0,-3.717971778479507e-06
1483,0.18454737957850056,0.27407738595348485,0,-1.2662432619544248e-05
1484,0.19741348483278992,0.40651205897822246,0,-4.098626857575809e-06
1485,0.33609788113186684,0.5810129003234691,0,-2.8591820563020107e-06
1486,0.3216569618140718,0.4702139332226993,0,-7.41211358005599e-06
1487,0.023374550124658153,0.19671965838548297,0,-5.855210268249704e-06
1488,0.028792027467055985,0.13029087495424954,0,-1.150218798922003e-05
1489,0.04095655207532384,0.15793800943693367,0,-1.0033756642074732e-05
1490,0.10179038287122623,0.08307612725308748,0,2.929941678304629e-05
1491,0.20769191961612857,0.4816558383150151,0,-2.145866865777101e-06
1492,0.13552187749642414,0.23626307021787774,0,-1.156118273759366e-05
1493,0.21703468902185008,0.333652284755889,0,-1.0038163521423252e-05
1494,0.21301213738650202,0.3028290356435726,0,-1.2628607280448078e-05
1495,0.2171707475867077,0.18190548062807538,0,8.001784031981151e-05
1496,0.10664866830187335,0.3799832320955543,0,-2.163229682788811e-06
1497,0.08906927240389795,0.5788276856579077,0,-2.4857102044170667e-07
1498,0.07992291628433133,0.5114381070968783,0,-4.4508223328141385e-07
1499,0.13495125325918117,0.3834838136440148,0,-2.7700046768905782e-06
1500,0.03616114175891072,0.4750820160055381,0,-4.135307980812742e-07
1501,0.09704285496284946,0.01995266318897928,0,0.0006333439241447105
1502,0.14232225658064837,0.21750311233366615,0,-1.4055949108559413e-05
1503,0.04659363894586785,0.3043033200761855,0,-2.5307248953858358e-06
1504,0.23618496720765855,0.16790133711214797,0,0.0003784503101632852
1505,0.08020205252914134,0.25642614105994704,0,-5.687490714191002e-06
1506,0.24846261115725649,0.3128632454614292,0,-1.4968662062364478e-05
1507,0.07824918637494276,0.18787040183705997,0,-1.0713185847542902e-05
1508,0.11981642756983858,0.4225484656416465,0,-1.6122104099149023e-06
1509,0.1940583552901291,0.12812014071715533,0,0.0003598313006898037
1510,0.056726338282359526,0.23604024228136314,0,-5.518718875677724e-06
1511,0.22892583856964122,0.5911450352602863,0,-8.878163049912274e-07
1512,0.31836031124231523,0.292919519983852,0,3.8676585934757636e-05
1513,0.13356186675430365,0.45384812912621,0,-1.3524379009819138e-06
1514,0.22283904398508586,0.3307287138407667,0,-1.08518414045253e-05
1515,0.26501285633572946,0.27407021007423377,0,-8.408111056140963e-06
1516,0.27922927420602633,0.4041348933789961,0,-9.288551215990766e-06
1517,0.053558853425625295,0.15107921131058477,0,-1.1890309546337515e-05
1518,0.12049517148041795,0.5162334038841495,0,-6.361623196793485e-07
1519,0.10629161928232288,0.14512365846598876,0,-1.5589393501323766e-05
1520,0.19899870376805393,0.4148981134295064,0,-3.83041295324894e-06
1521,0.26565754199591096,0.18311436061713685,0,0.0006440037873236328
1522,0.033392828740326806,0.4797147108891277,0,-3.840429284331572e-07
1523,0.14058247564871693,0.19022246816080757,0,-1.573473653858298e-05
1524,0.07786458435619735,0.13971174773696535,0,-1.514752976855844e-05
1525,0.2566618066601404,0.5022094403344818,0,-2.8468540283890155e-06
1526,0.14220591073395625,0.2522604336148136,0,-1.0662169500351946e-05
1527,0.3137841197930116,0.008396921937648206,19,0.02793055301451651
1528,0.18795295336610682,0.08922124699112666,1,0.0013752604192955712
1529,0.11424837782857508,0.0006241193771570507,2,0.002764847338311962
1530,0.157745340352839,0.1593371875764775,0,-2.2294913385292708e-06
1531,0.290964077679265,0.49601610617870023,0,-4.257458962448644e-06
1532,0.3360554898572526,0.2616098367185959,0,0.0004137354897090039
1533,0.32676104239124765,0.4430244487821638,0,-1.0043735648955452e-05
1534,0.04756567202219935,0.3633288929093368,0,-1.416697757535936e-06
1535,0.19020722411205276,0.35012065794408637,0,-6.660578275504913e-06
1536,0.2162538919739022,0.2978436965686926,0,-1.343909427749942e-05
1537,0.2319350167739546,0.2952351508317704,0,-1.5050421827311255e-05
1538,0.0856396838924144,0.5678279162951356,0,-2.6813002622457707e-07
1539,0.03350419703025389,0.4207825218545484,0,-6.930997826036143e-07
1540,0.23737878009945507,0.48675063468422186,0,-2.741449203545445e-06
1541,0.16112339379080243,0.18391660148531244,0,-1.3361997399567593e-05
1542,0.06176707021697609,0.07102437534663217,0,-7.462673938522664e-06
1543,0.19536990791434494,0.29503482142651183,0,-1.1655661671555694e-05
1544,0.12817560643703224,0.20051212709998897,0,-1.4313771495890263e-05
1545,0.24500486750727343,0.0725118899249558,9,0.010047566741496143
1546,0.08669052155200496,0.41495422129719045,0,-1.249627639189868e-06
1547,0.28519889692404077,0.5652909379636369,0,-2.015047544217088e-06
1548,0.09829550599225519,0.1142597355304682,0,-1.0951482952162981e-05
1549,0.1028393727578958,0.5201328581443141,0,-5.129431670387922e-07
1550,0.09485333917546009,0.016566505832256294,0,0.0006675321763394829
1551,0.0709430284947545,0.13356347461708293,0,-1.5094473865498039e-05
1552,0.17291144866935837,0.44619528162362987,0,-2.161932608294184e-06
1553,0.26992854239447456,0.2809742973026452,0,-9.494641321593898e-06
1554,0.2906738139074583,0.3172802227474894,0,-1.4542156324670828e-05
1555,0.08285668904672444,0.5890558329213569,0,-2.1090457091007152e-07
1556,0.027908105588201306,0.27059633455843163,0,-2.9408261914946436e-06
1557,0.034619164402197464,0.46483402478762587,0,-4.511535612516819e-07
1558,0.21843566957691468,0.18915832686447143,0,5.616913056818004e-05
1559,0.01828405167083956,0.2093199967057982,0,-4.91730283277415e-06
1560,0.08270819497031343,0.4370301739608885,0,-9.630541642601201e-07
1561,0.22779607206149793,0.034440632092602994,15,0.016963544256548498
1562,0.18942122193162733,0.4233938140136576,0,-3.1998838269726e-06
1563,0.24280742900779725,0.48104090940407046,0,-3.063299264059855e-06
1564,0.048298554272107753,0.5051593038612927,0,-3.455708124297525e-07
1565,0.12292044891742014,0.08869051218551235,0,8.101149104566724e-05
1566,0.1144353181026769,0.5601554000330019,0,-3.8596740483988363e-07
1567,0.20030049734594646,0.3725553698612644,0,-5.901161715746108e-06
1568,0.1917103617105236,0.20871285976816786,0,-1.165201514286107e-05
1569,0.12529805555988577,0.2799572664366815,0,-7.018668976906794e-06
1570,0.1834774630196931,0.03288928467406096,7,0.008321958323291885
1571,0.25549705120057953,0.3510591222130985,0,-1.2048170490769557e-05
1572,0.3462056233308103,0.13753580798495407,6,0.0067461147206876095
1573,0.13050681393037303,0.48089732645647354,0,-1.00097727942962e-06
1574,0.23238840724461296,0.581297210008039,0,-1.0141078638713612e-06
1575,0.20257307967405805,0.17012246214816978,0,6.901931813978833e-05
1576,0.3483938667971109,0.23858008102335013,1,0.0013390506402642642
1577,0.3348965618622683,0.48305399064663623,0,-7.437854698041021e-06
1578,0.1895795325586523,0.22876085025065318,0,-1.567152680505775e-05
1579,0.22602550297263668,0.49868623252763494,0,-2.173171902812893e-06
1580,0.04322935369792383,0.518125159144014,0,-2.885617198052289e-07
1581,0.3352966776098081,0.2565426497006246,0,0.0004883324152770566
1582,0.22051725904605698,0.46407030786634523,0,-2.90640097661253e-06
1583,0.29140999918578897,0.3425200674632918,0,-1.5757627349657996e-05
1584,0.19945532914636444,0.17804804991187287,0,3.349210143211769e-05
1585,0.134166557471898,0.5077598840611302,0,-7.93678171836813e-07
1586,0.3273725469303135,0.16545116286685405,4,0.004791987333968218
1587,0.21704062113871983,0.3620168632996184,0,-7.692907264141729e-06
1588,0.13470201327710316,0.4294036944942224,0,-1.7465412378914009e-06
1589,0.04739108034204137,0.47576504827753635,0,-4.594682316288127e-07
1590,0.17610468832569906,0.12927214052714162,0,0.00015182837020957397
1591,0.03296335744963822,0.2835877385056395,0,-2.716698294375345e-06
1592,0.32431470382719974,0.10476604382564048,8,0.00909366726796739
1593,0.14824785066501125,0.19231347710572702,0,-1.5775172476339215e-05
1594,0.077950639815042,0.5127467715362114,0,-4.307276787761678e-07
1595,0.11097438979770856,0.05398384255114825,0,0.0002577092257989451
1596,0.03374803105882032,0.3384627764820349,0,-1.5824036784771814e-06
1597,0.15801141424740908,0.02821152461070171,4,0.004610947585011107
1598,0.0012303621218607951,0.008691283777827819,0,-6.20516072977845e-06
1599,0.0928946445511476,0.23901085983130932,0,-7.626915590454805e-06
1600,0.15899878684568905,0.185124234474393,0,-1.4119364981220519e-05
1601,0.2094877905712599,0.5262039471909364,0,-1.3997140456739265e-06
1602,0.030350892193564415,0.38927974886585814,0,-9.202902352710148e-07
1603,0.12962367073661077,0.1378540767755421,0,-7.0608458467356455e-06
1604,0.04364610056139389,0.20488367634525756,0,-6.591221632814363e-06
1605,0.31077098556027033,0.5220035398008002,0,-4.001751782110184e-06
1606,0.32619950830036504,0.4559597204790784,0,-8.865483328414921e-06
1607,0.06704619964246582,0.415910671753313,0,-1.0172759910474898e-06
1608,0.33025749403378674,0.04351076409733148,14,0.015935756618305437
1609,0.03818364116288812,0.07397225337501842,0,-1.5348240386695032e-05
1610,0.22477622528322477,0.0004887320467103828,19,0.029102903856284206
1611,0.29579143980708655,0.00225184589676386,19,0.03122421806716126
1612,0.23986349565157308,0.4303725388433178,0,-4.924164987763603e-06
1613,0.05909274151096033,0.3645420782297998,0,-1.5703448090338468e-06
1614,0.03859049763841001,0.4849843217140377,0,-3.8374429746240475e-07
1615,0.2604223140500598,0.4976522843942782,0,-3.092857479439496e-06
1616,0.15383123644478316,0.24754625571301136,0,-1.2252069358540155e-05
1617,0.2588702062220623,0.5477384054388713,0,-1.8470007773551044e-06
1618,0.22176239755742885,0.4373557344118406,0,-3.840231103763971e-06
1619,0.26704979088900693,0.3610426822801041,0,-1.2201472854720823e-05
1620,0.18558444453713807,0.3276739340625112,0,-7.914302004111613e-06
1621,0.1166445873448002,0.5792350401805137,0,-3.2604225029504713e-07
1622,0.02030936770803214,0.08351220733588167,0,-1.5055476545004186e-05
1623,0.06768728613114404,0.41869731226258167,0,-9.95676381170326e-07
1624,0.008801141503748843,0.5838932419306709,0,-1.0598895120900941e-07
1625,0.12936413599309368,0.5808196067648723,0,-3.6437728847417825e-07
1626,0.04511546891038623,0.1690880926574318,0,-9.410281346942112e-06
1627,0.11966084783883048,0.16118266519130708,0,-1.57084859218673e-05
1628,0.2731814270699098,0.585426990690139,0,-1.461753107884924e-06
1629,0.23027501067134454,0.2659229635467963,0,-1.550893262572735e-05
1630,0.17259078342672785,0.3480796405282864,0,-5.719699070635074e-06
1631,0.20890253285301263,0.25699735151109027,0,-1.5793149657696408e-05
1632,0.16609626911368236,0.4956382778421527,0,-1.2322487467507997e-06
1633,0.04174011504706835,0.3060177036568464,0,-2.370177990088513e-06
1634,0.21310063082884936,0.15868276556896027,0,0.00021081578699364077
1635,0.013698644192917752,0.30029551172971297,0,-1.8969879674068861e-06
1636,0.05055779768484192,0.4427012440263634,0,-6.600572814324889e-07
1637,0.19709160009142165,0.30257623061090033,0,-1.108812003264823e-05
1638,0.06669880775286806,0.36555675867216914,0,-1.6771350679936133e-06
1639,0.24493156460233315,0.2136059192217241,0,6.19414757700137e-05
1640,0.15264253832624033,0.5411493183427395,0,-6.835311849323148e-07
1641,0.2411829064539709,0.5347027839708435,0,-1.7637879510219136e-06
1642,0.16734544113690492,0.4015809995577731,0,-3.192862011190409e-06
1643,0.29137448818084805,0.06572587991625058,12,0.013763585125449855
1644,0.09219641345734361,0.2964736438906313,0,-4.30790892624938e-06
1645,0.16321686711406275,0.008137767199870648,9,0.010477579610479478
1646,0.24215362612279712,0.5676729016477264,0,-1.2809804785637972e-06
1647,0.30742318026532345,0.5214608406236263,0,-3.892017492861433e-06
1648,0.25662270237268614,0.39874563685869746,0,-7.898956441884678e-06
1649,0.2886446527940032,0.054780612579256614,14,0.015498483263030723
1650,0.2653281281086946,0.486492604033369,0,-3.6294188198594705e-06
1651,0.10459591703513514,0.39646833507288026,0,-1.7974735406226756e-06
1652,0.175404155780587,0.5545980359753689,0,-7.499576966695777e-07
1653,0.13688718487305582,0.230788759874409,0,-1.2236430955856333e-05
1654,0.31166676287964445,0.23702602762978275,0,0.00043619444365796826
1655,0.015324735067773486,0.28968860169649746,0,-2.1436234488228303e-06
1656,0.27830774168854683,0.33088698135401795,0,-1.5694697822548493e-05
1657,0.009432213452345628,0.1705177506015768,0,-6.603570950965746e-06
1658,0.31830245602874907,0.3923867857765145,0,-1.413841985535643e-05
1659,0.3388912664104585,0.03165319473393478,16,0.018425832636693687
1660,0.1787865667809104,0.43269442234681565,0,-2.6232284992021697e-06
1661,0.16799073338515536,0.19808899679422418,0,-1.4817149025664991e-05
1662,0.2334120310275473,0.4572517240021022,0,-3.536626184756705e-06
1663,0.28000341465754297,0.5875685217001968,0,-1.5315189282724248e-06
1664,0.2420811494559363,0.09553408260714076,5,0.0056258711139665265
1665,0.1599697643057506,0.47787083032435096,0,-1.3844734455036093e-06
1666,0.15532820489764224,0.32595152049619563,0,-6.001974180526269e-06
1667,0.31481481947934015,0.2631000598392067,0,0.00016432960296388233
1668,0.04592933212675266,0.19278692924034813,0,-7.577585294780492e-06
1669,0.18420563365878387,0.4676141662183087,0,-1.9535238810292312e-06
1670,0.08380441121629627,0.028841127224005624,0,0.00023772215822829096
1671,0.0823222287042289,0.08877062071578765,0,-5.672622609694701e-06
1672,0.13779946331039672,0.11613701836133455,0,3.595123771151886e-05
1673,0.1145634258890291,0.24516569316409878,0,-8.83740416682342e-06
1674,0.2763077945935961,0.04376923346138952,16,0.017703282104579558
1675,0.19139790080308697,0.19685803378954378,0,-5.564827457677998e-06
1676,0.073057056636936,0.2211146442708689,0,-7.487781897709862e-06
1677,0.32592191088818473,0.08785051760420955,9,0.010329214392720538
1678,0.006582324882221751,0.497558442680319,0,-2.457967242001059e-07
1679,0.021262765681098694,0.4503033482246066,0,-4.5654955775474085e-07
1680,0.014954099687980187,0.4131979363825152,0,-6.212447501497915e-07
1681,0.3000929149356492,0.5657524545993771,0,-2.3266444988769295e-06
1682,0.03623354964721334,0.5286171428219518,0,-2.422846402876234e-07
1683,0.32334479466029153,0.2285728579721115,0,0.0008909281575485583
1684,0.21535104297539706,0.4176370576994127,0,-4.383959525096556e-06
1685,0.15445661365075017,0.08355001964285333,0,0.00046391934818511683
1686,0.1786967275225644,0.4321314469879441,0,-2.6356532413025506e-06
1687,0.11211748751576579,0.007642204034129962,1,0.001932517852042177
1688,0.06584536263524243,0.39286414519679974,0,-1.2656290345757318e-06
1689,0.2001794852813067,0.5846225479124783,0,-7.113075066128164e-07
1690,0.14881231680221269,0.36504523068765704,0,-3.821432646121099e-06
1691,0.019592457477799256,0.10215942872762414,0,-1.3369949879256005e-05
1692,0.2709997314296778,0.10755070371272131,6,0.007060785092091183
1693,0.10337870006941555,0.38048801257461184,0,-2.0832631033983966e-06
1694,0.01108870497379219,0.04000771367364642,0,-1.448134750955978e-05
1695,0.32820562872135206,0.3897675677825207,0,-1.5187741731738579e-05
1696,0.0031869912746260664,0.06948138234232608,0,-1.482662603619996e-05
1697,0.09445238417389427,0.15625061122453424,0,-1.5150859175436963e-05
1698,0.04510452077624568,0.36131302228330997,0,-1.4104468172058055e-06
1699,0.12225559618309056,0.04295330973610665,0,0.0006824989148874799
1700,0.3191030006813725,0.3198171096841189,0,-3.267039195456304e-06
1701,0.21426703574560552,0.36384298276978116,0,-7.359841759118485e-06
1702,0.2495834068769869,0.5372871524271859,0,-1.8689944421777223e-06
1703,0.20066132670124087,0.4219640584774977,0,-3.6296868112949994e-06
1704,0.028692457607053072,0.3904495106766748,0,-8.946456184991074e-07
1705,0.32833540222860497,0.46728628294725333,0,-8.126283536897645e-06
1706,0.2004188739596219,0.06073154701598862,5,0.005553949836654074
1707,0.09610278115230692,0.0010743806809393464,1,0.0013418169997070314
1708,0.05546381820515916,0.4745946048109116,0,-5.039129065297125e-07
1709,0.031388414646448606,0.35807954641252376,0,-1.2703112019084331e-06
1710,0.10118627652195164,0.3230568173408136,0,-3.615699835110388e-06
1711,0.05592923265855688,0.23507346896409298,0,-5.528017584433177e-06
1712,0.22891194944441914,0.44048637765138016,0,-3.9962378739649895e-06
1713,0.32171249375313166,0.44563660116692555,0,-9.362917338142843e-06
1714,0.11718967274047869,0.2826828155600249,0,-6.315893702333775e-06
1715,0.3133607401618876,0.4400022647267699,0,-9.131369214429391e-06
1716,0.036247053412668755,0.5150678496524832,0,-2.774772091571232e-07
1717,0.061630344335153325,0.5928991282727102,0,-1.641820671448134e-07
1718,0.32010813835701535,0.1703091567740244,3,0.004033360747692869
1719,0.18405297418147093,0.3643020663878767,0,-5.456332199848276e-06
1720,0.08892085192145444,0.26760919397298355,0,-5.550343958436586e-06
1721,0.3043920986458437,0.4507678684670039,0,-7.5733182769098944e-06
1722,0.24267184965393251,0.1656600717699382,0,0.0005375222911256094
1723,0.3301881926726036,0.22184318725138016,1,0.0013575229553983994
1724,0.2366542911019376,0.40571755616758015,0,-6.084001831811657e-06
1725,0.21732681551472494,0.5854257298385122,0,-8.373160583189248e-07
1726,0.2600844768805994,0.5352534452667331,0,-2.117839049506018e-06
1727,0.3283190899336768,0.460807050391982,0,-8.640205256339832e-06
1728,0.15020763230981338,0.5223966990406592,0,-8.046990793526398e-07
1729,0.30804701441872423,0.5544250257728142,0,-2.819840115065156e-06
1730,0.1641607688222271,0.13361337500247356,0,6.359116210504603e-05
1731,0.035049079967443685,0.5016990892607174,0,-3.133930167825569e-07
1732,0.06439373657609702,0.11375296811108143,0,-1.5723288948643707e-05
1733,0.10334714443657061,0.3686458054678881,0,-2.3441706981518774e-06
1734,0.1431451134743217,0.0804768326357246,0,0.00032648435591795574
1735,0.11342638778764341,0.40576584238491165,0,-1.7888652290648818e-06
1736,0.23599650042247858,0.3792092907731148,0,-7.820813926821554e-06
1737,0.1393152466820174,0.26456947379937296,0,-9.286333412249871e-06
1738,0.13195035381657805,0.5515579367541534,0,-5.010018131311095e-07
1739,0.2932151382888406,0.21180513782219207,0,0.0005862592303731776
1740,0.02115197033533198,0.2275261554794867,0,-4.2229988648857e-06
1741,0.31529741877590417,0.13822495223790818,5,0.006490656001732859
1742,0.2640086901177758,0.5253859899384424,0,-2.4303694034433266e-06
1743,0.267439383514181,0.0910695861735645,8,0.00917801255189763
1744,0.1916469962226727,0.451019737313641,0,-2.4833145784429683e-06
1745,0.05105937496877991,0.5757893382587066,0,-1.7529789199715327e-07
1746,0.04685167041140926,0.2985141077239271,0,-2.6882406042389707e-06
1747,0.056725046894097124,0.423825864720472,0,-8.478173796251623e-07
1748,0.07148783150663618,0.24299505061739765,0,-5.9583267680412385e-06
1749,0.2894091085690722,0.1969143752165932,0,0.0008906479559933273
1750,0.2514357944823844,0.12502532511335177,2,0.003053185433654367
1751,0.2654372542396328,0.00961137017621203,19,0.02769258907534734
1752,0.3098223345813877,0.023502583239107765,19,0.022016408519948443
1753,0.1506070484295094,0.029983408121338772,3,0.003370126669871421
1754,0.3162527050754092,0.5265448195843652,0,-4.0387396975758014e-06
1755,0.07130089011979042,0.46201675109388857,0,-6.69376091531456e-07
1756,0.10160685764517033,0.5834214223521436,0,-2.6907757290200883e-07
1757,0.27606623859802665,0.5691352303797554,0,-1.770399496092059e-06
1758,0.260700021950481,0.47921318508633615,0,-3.726907021508521e-06
1759,0.009966458676272565,0.2925791457539805,0,-1.97412431520873e-06
1760,0.21565502303872391,0.18958477962856177,0,4.583213380077007e-05
1761,0.19147765760339455,0.27090814603091556,0,-1.3651060988623022e-05
1762,0.1344342766253492,0.5034647154607661,0,-8.307239596153744e-07
1763,0.09330206753877374,0.5016730482920952,0,-5.608846868432881e-07
1764,0.3303008148437684,0.3103077710711344,0,2.507426854885636e-05
1765,0.11053165686428282,0.20882942609974933,0,-1.1805540711020413e-05
1766,0.11546541600946113,0.402741191400281,0,-1.8816674129103456e-06
1767,0.04714272240540509,0.36206226307701594,0,-1.4287050309462184e-06
1768,0.2644614121259361,0.051617659544848024,14,0.015926676618353963
1769,0.3071596306435798,0.35633186193744165,0,-1.5828184088664934e-05
1770,0.16077693513116434,0.10896195205943156,0,0.0001955308817567912
1771,0.11773553331505002,0.02861204146647864,0,0.001031594621780372
1772,0.3292802809591435,0.22950891556947525,0,0.0010372289889480704
1773,0.21190143582776874,0.5036474006971308,0,-1.7964075211671149e-06
1774,0.28918788521071864,0.10974622546252186,7,0.008177786164034561
1775,0.27091290263334306,0.09114964729448861,8,0.009458710837678594
1776,0.11671541291593089,0.40258742151115073,0,-1.9082145035652166e-06
1777,0.07121371189612309,0.25077512560868714,0,-5.5041821146241285e-06
1778,0.048733534154196345,0.5846175974155009,0,-1.568005815100182e-07
1779,0.26669633069755655,0.29986765458112574,0,-1.53586929604268e-05
1780,0.07703715708156496,0.13614945475168821,0,-1.5322210024022933e-05
1781,0.04859117147424285,0.02745730250842493,0,3.6126460879082476e-05
1782,0.2788926762074253,0.1157998300483177,6,0.0066679760472515715
1783,0.03174945108835118,0.1379818910955718,0,-1.1042573621923231e-05
1784,0.03571115782678933,0.30220107830409004,0,-2.3185378121646326e-06
1785,0.20076391567085466,0.26491533843798315,0,-1.4985440761621994e-05
1786,0.24867777823178228,0.5074119000730085,0,-2.49622753925922e-06
1787,0.20783065224679237,0.03615479507964596,11,0.012750452009690058
1788,0.04545763482620954,0.38404172620989574,0,-1.1277072681099344e-06
1789,0.06811443687956298,0.14464579615029657,0,-1.3938760025372465e-05
1790,0.0263203772355856,0.13515622647770678,0,-1.0794180520680835e-05
1791,0.33377661010234544,0.5768524460511432,0,-2.9122990220727255e-06
1792,0.08477939603672068,0.4705460276496112,0,-7.032134096239582e-07
1793,0.2264866758448444,0.2500361899210896,0,-1.3725012608874812e-05
1794,0.19685297516551944,0.4799159819722612,0,-1.9598103926084884e-06
1795,0.1847063103914016,0.3982930160195196,0,-3.920721906811275e-06
1796,0.09294143935985844,0.05213009348280488,0,0.00011769523807936075
1797,0.23176246487263522,0.023218301644000138,19,0.021015311679543562
1798,0.02600831265097528,0.34714441093062076,0,-1.3429412961708956e-06
1799,0.07625652330700358,0.10977571696868942,0,-1.514771316571911e-05
1800,0.05556985602178084,0.5645108128299339,0,-2.0526892890608018e-07
1801,0.31940394803202826,0.5486229139963876,0,-3.345007092009917e-06
1802,0.0993715320685276,0.33222102887321675,0,-3.2410269941131478e-06
1803,0.3089033266682718,0.04996652252713143,14,0.015677239382274877
1804,0.20562339903357238,0.05369306928813187,7,0.007785184330964533
1805,0.01574564041480313,0.31756461054460156,0,-1.6292062075075042e-06
1806,0.0029216643814135353,0.16425961311938134,0,-6.5877571201475245e-06
1807,0.2614116324684156,0.24741048942803642,0,1.600451845386565e-05
1808,0.3492045381991262,0.39323620481355387,0,-1.5943168941854392e-05
1809,0.15234011731091399,0.1213979204287193,0,6.56687927747157e-05
1810,0.33794297908814935,0.3555202340927548,0,-1.2565266437199683e-05
1811,0.2771754177458835,0.5342774745081112,0,-2.53556997322262e-06
1812,0.31149453953204675,0.01297242071851834,19,0.025899176138141564
1813,0.2692989097318565,0.2597424650200388,0,8.854048212471979e-06
1814,0.1729279612598092,0.09941461652016419,0,0.0005089709018489516
1815,0.13398274050841757,0.1379037286253933,0,-4.019440899125393e-06
1816,0.15919234360117632,0.13605602490324556,0,3.9376295820625764e-05
1817,0.1213609350181173,0.4654709107131345,0,-1.065998016552812e-06
1818,0.34684812083059374,0.5695761617458026,0,-3.565699470520244e-06
1819,0.25825830698199176,0.06069222914586714,12,0.01378146705499343
1820,0.20773608133235422,0.2714226363991234,0,-1.502043607628136e-05
1821,0.17152702573608464,0.14941881422101166,0,3.6198515083060515e-05
1822,0.0013605939644487529,0.19045946454583373,0,-5.013394419026641e-06
1823,0.0041016718702373885,0.5171683378779317,0,-1.9708352541864523e-07
1824,0.06262587098273599,0.20551895490137398,0,-7.8700597304416e-06
1825,0.2811763357075549,0.5927299321321794,0,-1.4716346953943245e-06
1826,0.2958565100996199,0.025331371774052622,19,0.021872073633165443
1827,0.23240968458248,0.08216761540569459,5,0.006503257216827948
1828,0.16032873438242667,0.1463599855799575,0,1.8277776071721425e-05
1829,0.20553373063625008,0.1314553797072346,0,0.0005017910313354519
1830,0.15239558982815224,0.34319999147697594,0,-4.91884275982236e-06
1831,0.09660467608408035,0.4848549561255162,0,-6.858547749353706e-07
1832,0.27871728131322954,0.01828241043029648,19,0.02447233130127766
1833,0.32899972578013575,0.18304426737501478,3,0.0035603899304957813
1834,0.011372005317968347,0.5470273944457344,0,-1.5722363472144618e-07
1835,0.048888241288377994,0.5780799283202258,0,-1.676528495258959e-07
1836,0.18714702457469023,0.5649596497825957,0,-7.602341438662489e-07
1837,0.2819418243002831,0.22764927194179305,0,0.0001934391202342898
1838,0.2683959017895298,0.3387261906635527,0,-1.44805614596411e-05
1839,0.07100440185932158,0.04337152120470735,0,5.588600483810826e-05
1840,0.2807459587969385,0.16588717967144267,1,0.0019370614173781786
1841,0.09597956344234776,0.4488511855260892,0,-9.769449805269382e-07
1842,0.15766048231958205,0.4651256541942801,0,-1.5367652361328685e-06
1843,0.04554469509267398,0.19033037646763254,0,-7.730138371361072e-06
1844,0.06478287093627239,0.29347102155323196,0,-3.3799911487486686e-06
1845,0.3286042113505321,0.4188818699174109,0,-1.2557012603357238e-05
1846,0.1538351685132299,0.3775400250022204,0,-3.5470980025910723e-06
1847,0.2771641335991798,0.34577150081460656,0,-1.4628616157234305e-05
1848,0.09034625419766626,0.17417198513602603,0,-1.3239387146546127e-05
1849,0.03240922404538668,0.3631118165195898,0,-1.2203556871372152e-06
1850,0.12664953396581424,0.5617335935919446,0,-4.2920433005914285e-07
1851,0.20832629576280526,0.4086876748873685,0,-4.469200652475902e-06
1852,0.29712269677172864,0.46194795699716895,0,-6.33212774251231e-06
1853,0.0833410325696017,0.5567990293707142,0,-2.925984045660283e-07
1854,0.11994425851808482,0.3737645187726047,0,-2.628221183058916e-06
1855,0.27776503522677737,0.37272726543386225,0,-1.2102530767331735e-05
1856,0.1518814192038227,0.007902208683108203,7,0.007672329418219032
1857,0.19869394838079074,0.3094974907745879,0,-1.0580769605854385e-05
1858,0.2804186122140547,0.4633084871766121,0,-5.304053734693013e-06
1859,0.03831240552786149,0.34159309336944355,0,-1.6051668047816252e-06
1860,0.1426129299717564,0.3741361640110504,0,-3.281856357724528e-06
1861,0.252546292584059,0.46544908249461286,0,-3.941639727217283e-06
1862,0.27011051977788475,0.03271673620808872,18,0.02026428748728553
1863,0.32882101587385804,0.23491440076367398,0,0.0008533111657354499
1864,0.08704073265030403,0.029542271819499064,0,0.0002671589160476591
1865,0.015618587058359506,0.5426429340942879,0,-1.7138870907043646e-07
1866,0.0417465472900715,0.27136914400792295,0,-3.3496373599115576e-06
1867,0.07452201882156988,0.12957340483276958,0,-1.553691578295201e-05
1868,0.27621597850988483,0.47032826680597495,0,-4.747314392600901e-06
1869,0.0811804327604445,0.361013150006421,0,-2.0279815633791887e-06
1870,0.030971622434344506,0.4678801238312744,0,-4.219612103567799e-07
1871,0.042890345020387,0.04517947355569613,0,-2.240649269259053e-06
1872,0.13553313991182478,0.2809644582089393,0,-7.671936159443327e-06
1873,0.2834249379110651,0.3965549787870421,0,-1.0343703815039497e-05
1874,0.196950886878916,0.1267173887552752,0,0.00043131343842321625
1875,0.1366365308123669,0.013283817211944337,3,0.003846795117289718
1876,0.046871354595319464,0.5242101681237669,0,-2.8158588517609743e-07
1877,0.31251280148346205,0.2058472003284139,1,0.0013583593337256395
1878,0.1581128679646589,0.1057009310480977,0,0.00020155307200955236
1879,0.2884253819366012,0.3712724932264039,0,-1.3303684772701727e-05
1880,0.00889024221726633,0.466967563916466,0,-3.4153996711281956e-07
1881,0.2517134564226304,0.3006400740244628,0,-1.580003579890229e-05
1882,0.12388558330761483,0.2668701580045515,0,-7.855859112526016e-06
1883,0.05697632884796146,0.5277746911295101,0,-3.0058246454663075e-07
1884,0.20360732385998567,0.0944631551386873,1,0.0019650241854815326
1885,0.2298413439331786,0.07712967452378479,6,0.0070264175605951945
1886,0.044907877010526065,0.4812173402244447,0,-4.244293543574389e-07
1887,0.22457436231204814,0.3614736036815921,0,-8.308967346207757e-06
1888,0.0993009199872304,0.542062795686799,0,-3.976377639350182e-07
1889,0.1507149746430165,0.17372904106877002,0,-1.339451886570863e-05
1890,0.01184490395602713,0.19579568866334307,0,-5.274638664176854e-06
1891,0.22518813422990974,0.27531033749121153,0,-1.5755715521800742e-05
1892,0.14612598198282575,0.39426387625788023,0,-2.7804072076736174e-06
1893,0.013485048567384571,0.4112407362963641,0,-6.242943420145068e-07
1894,0.05756931004480875,0.23576748044561122,0,-5.579696463237695e-06
1895,0.061157401707482385,0.008337344691832204,0,0.0002166729325201217
1896,0.18424974119219867,0.5390345092830238,0,-9.571049262230384e-07
1897,0.30708342501243185,0.5415509333579864,0,-3.1755657229706456e-06
1898,0.28372989694309614,0.10039373354758915,8,0.009033335288703226
1899,0.12623335857233456,0.4509706084600275,0,-1.293724635410556e-06
1900,0.302582779981684,0.5865867295752688,0,-1.937019769323795e-06
1901,0.09472219818156785,0.19577042622123958,0,-1.1537633043900848e-05
1902,0.10327548206066559,0.15994540532592688,0,-1.5460282117141247e-05
1903,0.21212665284654736,0.07181996787701554,4,0.00539851761823478
1904,0.16386530500625415,0.023988338314205392,5,0.006406143712782842
1905,0.19729501620821044,0.36311292039478565,0,-6.286217561910101e-06
1906,0.04694164215824523,0.5049265658175004,0,-3.41713218722473e-07
1907,0.29241311185155616,0.4393982166006991,0,-7.53148823664548e-06
1908,0.08492972384110196,0.18873253315955232,0,-1.1270478062404308e-05
1909,0.09635858979452731,0.11768967941165288,0,-1.2826282921643303e-05
1910,0.01834357208436506,0.3992759566278745,0,-7.386304262705846e-07
1911,0.10856220789349871,0.3043757097358565,0,-4.684226479762909e-06
1912,0.18273013610008068,0.2927993905994718,0,-1.0653238563617252e-05
1913,0.044206924265312884,0.09891779423613374,0,-1.5550599659107484e-05
1914,0.31516108646864865,0.03325178981406596,17,0.01898421088297209
1915,0.06770449179483501,0.35741101208229475,0,-1.8377565614716625e-06
1916,0.15174332418262884,0.5685523808529559,0,-5.150645719138833e-07
1917,0.14094849145832083,0.12828395877298135,0,1.6243810493303317e-05
1918,0.15027143399150122,0.5575960050757437,0,-5.663154050286786e-07
1919,0.04589301556322864,0.0018360626441776828,0,0.0001414366201284362
1920,0.2920145342888875,0.19316215853290444,1,0.001107350533671202
1921,0.08434250134049333,0.5301432621192503,0,-3.858124537520163e-07
1922,0.09922963461929574,0.36690351297892515,0,-2.289346170552214e-06
1923,0.18892687201305622,0.07341508944275388,2,0.002558267327895671
1924,0.18663995541082218,0.5834141766345433,0,-6.289479500145554e-07
1925,0.04158013557203121,0.348385159984614,0,-1.5495388934825563e-06
1926,0.11778669523076803,0.5597240111803563,0,-4.008276093242195e-07
1927,0.3252688527571949,0.28208267846258,0,0.00010740926605595305
1928,0.055657982492829126,0.5829107088340506,0,-1.7092179604522476e-07
1929,0.14635386037365467,0.5278874067477977,0,-7.32963533713389e-07
1930,0.03655366125039253,0.010856996807743057,0,4.9808629825418945e-05
1931,0.30107895608612056,0.5342789996254071,0,-3.2164396723580503e-06
1932,0.22826822876439298,0.2921079967346954,0,-1.501007355341051e-05
1933,0.24957980829188778,0.16032420128070646,0,0.0008572368171015922
1934,0.34533980409244197,0.15023755744196435,5,0.006153936609045333
1935,0.00021115485267423348,0.13692612389357695,0,-8.353824588873692e-06
1936,0.11472493568576769,0.35346812812744005,0,-3.0552708753511563e-06
1937,0.28974206931777025,0.2788027952714465,0,1.0366716174526591e-05
1938,0.30673060523155776,0.4660355405715711,0,-6.681063736025756e-06
1939,0.017135084130055888,0.5823252519688774,0,-1.1701077805056446e-07
1940,0.3274437809919839,0.2772831179052871,0,0.00015013205271719807
1941,0.0515549373970942,0.5245154651247566,0,-2.9417210707325656e-07
1942,0.3198752621405156,0.054811884978894665,13,0.014385495487121976
1943,0.2896046322393571,0.3858422378866232,0,-1.1972952405095334e-05
1944,0.0661958150808317,0.48631877928232303,0,-4.988726623119266e-07
1945,0.3293268227675802,0.5814180261634664,0,-2.6621161681948427e-06
1946,0.137984461414093,0.3846399886879945,0,-2.8222453608744837e-06
1947,0.0057418521225845506,0.23794660220498462,0,-3.2658191906293045e-06
1948,0.11810462863865419,0.2887639637352457,0,-6.003843074519773e-06
1949,0.1436345258676392,0.1785330734332125,0,-1.534059357795634e-05
1950,0.09271156329135496,0.48397205805161747,0,-6.655533002721313e-07
1951,0.2277180018300619,0.21182162692928888,0,2.0402142293676898e-05
1952,0.24196420113815248,0.5820661477808691,0,-1.107227257427145e-06
1953,0.29081635045362114,0.26273196111373376,0,4.7965301516938396e-05
1954,0.3232257931421271,0.10713677357005137,8,0.008948607401498278
1955,0.26953921442853845,0.5264477455882137,0,-2.5409300716894827e-06
1956,0.14043970233191883,0.2945169781556431,0,-7.056536446267065e-06
1957,0.0742560819119828,0.17048854871234476,0,-1.2014894792165766e-05
1958,0.1367694767163506,0.11976359668043814,0,2.4810342851867564e-05
1959,0.026126130050070438,0.08536349624207511,0,-1.5314974823748327e-05
1960,0.2507126676999854,0.289680418335535,0,-1.572909992650266e-05
1961,0.17217675123338855,0.08434272679690184,0,0.0009187133924144634
1962,0.1941714884072253,0.40575713362688065,0,-3.998777904776727e-06
1963,0.06010130587610426,0.29184586573661825,0,-3.2787542557579666e-06
1964,0.14635898468664268,0.09448638550339317,0,0.00019816169669834209
1965,0.04731138857192382,0.3223026109509886,0,-2.129445201598534e-06
1966,0.30167987741813185,0.04980662746689219,14,0.015986531842597178
1967,0.2866534991474771,0.2355928241381221,0,0.00016563614749296742
1968,0.13915615420091632,0.45079544519724624,0,-1.4744157303817572e-06
1969,0.057862500519129965,0.21194747925972446,0,-7.065125520170493e-06
1970,0.16481788921637314,0.20896346979425315,0,-1.578521459125345e-05
1971,0.14882668736126947,0.13201439000695195,0,2.4157042120064336e-05
1972,0.20297591837785736,0.392586591183354,0,-4.972271985091505e-06
1973,0.2765345513516085,0.5494737660207215,0,-2.164722533830186e-06
1974,0.11496284654652193,0.39881203250561675,0,-1.94723438500177e-06
1975,0.1094003830745307,0.3195607969977251,0,-4.062140424927187e-06
1976,0.18866351265603687,0.43345365526812846,0,-2.872612983556769e-06
1977,0.19451653459547413,0.3547573305624145,0,-6.6387417569229855e-06
1978,0.09334839798500902,0.23499124121819379,0,-7.961352587045195e-06
1979,0.19378175291569957,0.4750048819956446,0,-1.996289898721931e-06
1980,0.20974761754775104,0.042323284573080586,10,0.011383361905034167
1981,0.007789338267344969,0.1771213208408094,0,-6.0916626609062746e-06
1982,0.06223087049504335,0.02728922249478791,0,8.658982766654794e-05
1983,0.34392271049283196,0.4987217498873765,0,-6.972864202876696e-06
1984,0.0834135049802805,0.25281049266381433,0,-6.082025312898904e-06
1985,0.13462069935513157,0.12281756386891667,0,1.4843106849415466e-05
1986,0.04315273901047289,0.42539463363352953,0,-7.288189729610031e-07
1987,0.3089515829095031,0.21637966986646084,0,0.0008544159818414636
1988,0.16215084171447935,0.1843983360030916,0,-1.3221438408179527e-05
1989,0.1718076048975653,0.0954743733729783,0,0.0005737378953629286
1990,0.07721016974118035,0.09590562897599728,0,-1.1948079401002818e-05
1991,0.19042313390534754,0.19677794731491766,0,-6.180273975479541e-06
1992,0.252081935810245,0.2144141546471219,0,8.816869726638955e-05
1993,0.24210426837343485,0.5118686025048986,0,-2.236196584404001e-06
1994,0.22460086998501536,0.30656969714997334,0,-1.3400885173590227e-05
1995,0.2400248276956026,0.45795105949688913,0,-3.750560948359384e-06
1996,0.19644886684207907,0.532314550226687,0,-1.1561364455950563e-06
1997,0.29784013710302065,0.07594006130812433,11,0.012333720865447845
1998,0.1580900826524703,0.35621313379079184,0,-4.574204259869905e-06
1999,0.27644338850591055,0.543364937954522,0,-2.2988133287307933e-06
