,X1,X2,Label,f
0,0.10540520598523126,0.33541035388516044,0,-3.333948083549011e-06
1,0.1334294624936973,0.15013120741012667,0,-1.1339825458553857e-05
2,0.19483844343434406,0.17211769302402138,0,3.7069544487447276e-05
3,0.10050413072838262,0.16963654320224292,0,-1.4591418371508224e-05
4,0.320185208089467,0.4594932859109242,0,-8.100553236603022e-06
5,0.3474928209301816,0.06795057798572066,2,0.011214635326598766
6,0.32969022535240233,0.03037092332238653,4,0.01917444043959458
7,0.2766363604203505,0.009740870064034249,4,0.027717604898735752
8,0.30374498206380973,0.004958255203331256,4,0.029770132609363717
9,0.26619289092240583,0.002222508358636306,4,0.030985160672015444
10,0.3200852965928089,0.048168234503761884,3,0.015505802840677093
11,0.2815025460397321,0.002333133788148735,4,0.031142929290075932
12,0.28195460239764986,0.02382455947204823,4,0.022637307278814973
13,0.2829448746779488,0.0054396609069303735,4,0.029628347254481255
14,0.3121725147983822,0.0008476139013805506,4,0.03196632186815826
15,0.34516331221122803,0.025924924800021842,4,0.01993041964553814
16,0.2669086263980857,0.008592334063299508,4,0.028132909370504593
17,0.3078282345081925,0.02281384414739763,4,0.02230585714992583
18,0.29202603900879337,0.006985455590286772,4,0.028873367685249417
19,0.33506875921993784,0.03397606684749577,4,0.017953581105626035
20,0.24408171014643942,0.007264209417280262,4,0.02790123715174051
21,0.2761681641647251,0.0026550603599207294,4,0.030934421702704235
22,0.29073425008148385,0.0029749658787577397,4,0.030846890843999573
23,0.2640150045747901,0.0005238921412377417,4,0.03176712007608475
24,0.3484729233516542,0.07311134637499024,2,0.01059507194322404
25,0.33736505811190765,0.008713626401967755,4,0.027321058921702925
26,0.34964519430556273,0.07573388918074883,2,0.01027076986100063
27,0.34871352491842683,0.07204144518785058,2,0.010695078479853605
28,0.3263157353593203,0.012757319679328576,4,0.025639294014653115
29,0.33908280880508135,0.0624134029645492,2,0.012337686461937385
30,0.2935819457419312,0.028970278576676018,4,0.020885619234147175
31,0.3458732578183857,0.05036302912224465,3,0.013857724658914545
32,0.34497756092934523,0.05849232512609794,2,0.01258464424820169
33,0.32834780017174525,0.03776060723685672,3,0.017300608154255402
34,0.2530897544121312,0.009051638026697353,4,0.027608629388505095
35,0.2566857195366798,0.004839969651436831,4,0.02951584710702232
36,0.3425543339710225,0.04160339804293901,3,0.015765027872202502
37,0.2800780517256737,0.020069136191837356,4,0.02385588296391695
38,0.2793372947717937,0.0061150834782130944,4,0.029307575760752682
39,0.3296452371494668,0.03998151080382476,3,0.016727382918788454
40,0.3495906070043911,0.046569082883509645,3,0.014389890258669885
41,0.2507586386983548,0.0016099102318505379,4,0.03075275921881462
42,0.2833718452358527,0.0003144781505349456,4,0.03221244223998603
43,0.3404307033088507,0.03929650154341789,3,0.016388811611237623
44,0.34282022817304486,0.06848220717105451,2,0.011393114534771587
45,0.33835631221836693,0.04223394799398254,3,0.01582424268060338
46,0.2947017802220875,0.02318514402987607,4,0.022566288422639465
47,0.3480697165354761,0.002770727272604953,4,0.030479868783968585
48,0.3405518486361994,0.06156506879876513,2,0.012376830348950662
49,0.34951734341160795,0.047811339719134024,3,0.014151598934375061
50,0.34054998813961523,0.03823510469505751,3,0.016634966998777142
51,0.22705624355805862,0.0008412784217891523,4,0.029219978071710728
52,0.3238741877760668,0.006740715993233802,4,0.02859194401383624
53,0.27319310893244836,0.02157912480363068,4,0.0234220541122847
54,0.33133703104388007,0.014006030446316278,4,0.02495614659163763
55,0.33903967625510184,0.05887802492150435,2,0.012830336806914191
56,0.34943742211664297,0.007599911050892805,4,0.027658456161966327
57,0.31714608113276943,0.008459114896551934,4,0.02784221321971882
58,0.260890196780989,0.012975135441079276,4,0.02630285748831285
59,0.3199725187602197,0.016122988520235956,4,0.0243791002212397
60,0.25074274487743103,0.00820485576805861,4,0.027858138351474934
61,0.34006938070008697,0.06473925286187543,2,0.011986060986319285
62,0.2378324351249505,0.0008848015438628655,4,0.030269472732955646
63,0.24513880275671834,0.008381849828402406,4,0.027505039828733112
64,0.2902188226437432,0.005939966568260041,4,0.029377531507495367
65,0.2313577977140995,0.002724398199222738,4,0.028834480907106146
66,0.3453993769858488,0.020436530612779568,4,0.021882667951564617
67,0.2902184214262273,0.015095572720546114,4,0.025471682292246868
68,0.24583566713036867,0.0016746042425793218,4,0.030459778111196212
69,0.3110452893233495,0.02716033375286323,4,0.020835274514154182
70,0.33662073618179184,0.04145022614180411,3,0.016076841003278428
71,0.3143803318011485,0.03164236595525549,4,0.019440241861954036
72,0.3271452792728958,0.04584341897047742,3,0.015613994561388263
73,0.34774772219913413,0.06959157324688696,2,0.011013047366420777
74,0.28770023423222096,0.006934842647347058,4,0.028921896655204136
75,0.30604408409858047,0.006886899810821155,4,0.028779783684453466
76,0.3473493256750237,0.030760567968784416,4,0.018329052826368382
77,0.314126030564137,0.03437270232881713,4,0.01873986121335875
78,0.31283808920625217,0.017454503469200116,4,0.024056845550438754
79,0.28528586844221443,0.020071534883985928,4,0.02378069255644477
80,0.3112201752840522,0.010849428424378638,4,0.026834517155683444
81,0.34070201577279785,0.005275066876084256,4,0.029110191323505695
82,0.3441794250430736,0.06513997946957385,2,0.011725172011652175
83,0.3230402703207477,0.04397735083053995,3,0.016177021439310026
84,0.26690520710864135,0.0035875595030643364,4,0.030349356615675775
85,0.2804565529468014,0.01228628770488712,4,0.026672223313015494
86,0.30215232829125255,0.03224748340096109,4,0.019737275120477998
87,0.323355772364424,0.052192627933540355,3,0.014647019538557592
88,0.31268821350649983,0.03132552623969326,4,0.019591658371079953
89,0.23782629067238728,0.0044113317687411975,4,0.02867613369093955
90,0.2990344065937945,0.03562868186656944,4,0.019002698813052932
91,0.28910085734666185,0.009675329952661026,4,0.02768681156257548
92,0.26696269395551475,0.004556021473887508,4,0.02990100443961096
93,0.3486233886722241,0.06678339901043615,2,0.011294959850121383
94,0.34172365473087507,0.050491676895248826,3,0.014040135869053142
95,0.28560558552423143,0.029041073322033432,4,0.021063781645603376
96,0.29166420034308727,0.09324441773069711,2,0.010254922813978076
97,0.03870111936869131,0.5970796588978254,0,-1.252294740742136e-07
98,0.2224016899240119,0.052583674276958425,2,0.01108463972703044
99,0.057603643603746035,0.4158283339722966,0,-9.264953612869691e-07
100,0.2195604739430307,0.29207290625480936,0,-1.4290862903904737e-05
101,0.27382608161011895,0.08689073958323575,2,0.010316156814216491
102,0.20845556214371747,0.3157000707973688,0,-1.0916630259330013e-05
103,0.22275876664029462,0.3391715424446246,0,-1.0055614317290257e-05
104,0.07825675361147552,0.4303635244829097,0,-9.846818451181477e-07
105,0.3162640187389564,0.1077233615420984,2,0.00900497015558525
106,0.2632113491085305,0.31357205601503146,0,-1.5767575769131435e-05
107,0.18698901745760235,0.023863291581308406,2,0.0116969343350613
108,0.2456119064573003,0.09517804562930036,1,0.006107516789786808
109,0.2879586366243238,0.11922055213073325,1,0.006959353078327445
110,0.31764396417538787,0.1973135352218764,0,0.00201311508586781
111,0.11865835247616928,0.5246821341435618,0,-5.740017181682696e-07
112,0.3352406379867501,0.08556786463465756,2,0.010112921194923916
113,0.33884167871379484,0.026594179867436972,4,0.01995620977853165
114,0.3213006803217915,0.29649734837879155,0,3.68219298380294e-05
115,0.027237636514541905,0.4938095054487258,0,-3.1366506865174996e-07
116,0.15053050894016268,0.39869995277368797,0,-2.7793176979327467e-06
117,0.31755462897006803,0.030066639651256753,4,0.019749171676593957
118,0.042845012274832533,0.4130988414882946,0,-8.216409227035356e-07
119,0.19117199040375235,0.2810651682791569,0,-1.2625150202111921e-05
120,0.021826374761938827,0.3063818763925575,0,-1.935917263219508e-06
121,0.19390805843613104,0.31828661287599447,0,-9.352431752536768e-06
122,0.035312451802521676,0.3847141987060641,0,-1.0122146715546677e-06
123,0.32303971723813024,0.1946032135245819,0,0.002451164660664483
124,0.25028219989526884,0.3013773458235844,0,-1.5737520002757144e-05
125,0.07092682968785928,0.46211904167017914,0,-6.661984197388233e-07
126,0.23248862143014717,0.33091196757275043,0,-1.1770096381008844e-05
127,0.3098586146499831,0.14089179940640342,1,0.006010227150556462
128,0.31902793090551934,0.2724384459734787,0,0.00012819366797534138
129,0.010798649100296404,0.4191568066014213,0,-5.615091411523565e-07
130,0.03296841786986423,0.028589517973931586,0,4.8135650367260484e-06
131,0.24335332111871472,0.2287622843479822,0,1.7536283435233477e-05
132,0.20926526742126894,0.07851488369485027,0,0.004054640411026137
133,0.04838670540780507,0.5875475450722799,0,-1.5174654863458021e-07
134,0.04155464433565903,0.4463844180085194,0,-5.814781603638645e-07
135,0.23288621370386675,0.04224997356270892,3,0.015470008195420335
136,0.207799269875656,0.3554431844322906,0,-7.49943540811179e-06
137,0.30971678245207696,0.005293329945409364,4,0.029538537020885547
138,0.29986903604918874,0.051421894299367894,3,0.01576821945363004
139,0.03585373762550297,0.5661338329222695,0,-1.658624528688507e-07
140,0.293578076765327,0.23085683528105455,0,0.0002759029823310498
141,0.02505102422898159,0.467909210329979,0,-3.976143784185438e-07
142,0.026339361334778707,0.44779869875945794,0,-4.924796318659242e-07
143,0.17028735657759525,0.4245444120841213,0,-2.6145146035363737e-06
144,0.27741319713137996,0.007946790943720305,4,0.02848371439236519
145,0.28115201609653945,0.1203749910348901,1,0.006284601449644722
146,0.12600112400035296,0.5149430770781596,0,-6.808418154786263e-07
147,0.18107867325672491,0.2947472900650484,0,-1.0316610085674267e-05
148,0.015928026489279067,0.04289659549056657,0,-1.4124412489971718e-05
149,0.03796683108788023,0.04161949795750801,0,-3.3963067491341067e-06
150,0.224250684741806,0.076563576492817,1,0.006322273345048646
151,0.3417548863080902,0.005913772333210332,4,0.028733467478158616
152,0.3419435360650832,0.14872971314431518,1,0.006237495989659644
153,0.07473302442232635,0.5670551252621792,0,-2.4232358602918076e-07
154,0.016947562071201155,0.46296708171523543,0,-3.8527477930159294e-07
155,0.17106661417489472,0.5280865483427177,0,-9.361662155147567e-07
156,0.24515326019460343,0.18170486577656023,0,0.00030428495768034176
157,0.18131569024070351,0.5695882405589672,0,-6.848114339170264e-07
158,0.2775648757947724,0.11062111125038405,1,0.00723138622890655
159,0.038157835191948375,0.02914190101662479,0,1.1210809550221299e-05
160,0.016576611759694986,0.4890354247209166,0,-2.9576689641985493e-07
161,0.27002919465680547,0.14794972680259952,0,0.0025080043982149513
162,0.22040228403316833,0.2881684180833672,0,-1.4700145458926367e-05
163,0.17076704442637788,0.377399112536578,0,-4.202597732651833e-06
164,0.052706891082953275,0.3941652016601989,0,-1.0956640482599364e-06
165,0.1778323606003168,0.005216012856266516,3,0.015916641287901222
166,0.10386473226666061,0.5546992726031696,0,-3.6677793183865734e-07
167,0.2744373352049295,0.11533843460703419,1,0.006330830457705991
168,0.22930518412791362,0.016812648822814524,4,0.022944682748825312
169,0.06005571634088402,0.5839051262714221,0,-1.7682962885991513e-07
170,0.3126335982808735,0.1923182685672845,0,0.0020491028326676476
171,0.02842666412848878,0.3869384475100321,0,-9.24156155867044e-07
172,0.21088792508649748,0.0560310951680097,1,0.00821156853475595
173,0.037315144207327476,0.30204541815778724,0,-2.3596088589437205e-06
174,0.3293989046923826,0.18483326361091235,0,0.003453728992003638
175,0.31022966725047574,0.20511932493167687,0,0.0013007596169303658
176,0.3348517513686309,0.17170445761229156,1,0.004654132507255054
177,0.14286353580441322,0.4393776106821703,0,-1.714959171247992e-06
178,0.11845752365625338,0.41463945232800886,0,-1.7213330953780073e-06
179,0.1989171199151127,0.5578422212022569,0,-9.180551475447811e-07
180,0.03655930293070442,0.5931290480752521,0,-1.2751821813869843e-07
181,0.06491118853090976,0.47980662727208834,0,-5.256524905864558e-07
182,0.03360951875802163,0.5444447273953383,0,-2.0146774421058384e-07
183,0.3135722393558609,0.11392197024685091,1,0.008503375789542909
184,0.2759073988599425,0.2976400049098007,0,-1.3452442736028255e-05
185,0.24366193772135114,0.1726160586197318,0,0.00042056837485937056
186,0.29562289463284835,0.09414841001693049,2,0.010232406537230423
187,0.2854815185955807,0.01897626503775285,4,0.024148017652953584
188,0.06594089608813361,0.504277553463985,0,-4.15807571112242e-07
189,0.3380745791358981,0.23576216859082424,0,0.0010986749984475592
190,0.15476684041284422,0.5309202171483514,0,-7.733698864374613e-07
191,0.28138305630317695,0.0073200100352372455,4,0.02876335129975862
192,0.1677485309977428,0.47441521301840656,0,-1.5488099531249453e-06
193,0.29468848160596306,0.11527447585884365,1,0.007836485430106482
194,0.34089816975994874,0.16640279098191596,1,0.005202027134801273
195,0.005283069743508444,0.38793452012822327,0,-7.26141084035029e-07
196,0.32834061012652194,0.17908637340537192,0,0.0038135377974345065
197,0.27460119932061905,0.240032738754657,0,7.236996827028051e-05
198,0.22594348420152274,0.3297464160563749,0,-1.1244663314756818e-05
199,0.005503943140836687,0.4673563259092348,0,-3.2889853890307495e-07
200,0.006024001485664718,0.41642313148339155,0,-5.501923939294297e-07
201,0.1814338703016957,0.0458278564140532,1,0.0052284648363589556
202,0.2600678575715153,0.09506746424108507,1,0.007812486393075333
203,0.1639976489118885,0.5146375709543869,0,-9.979472255632578e-07
204,0.1775851934448036,0.5953678517263237,0,-5.098636405652462e-07
205,0.04255190304674625,0.5907427362557036,0,-1.3865375158074664e-07
206,0.0370961943035489,0.36320224575459176,0,-1.277680303393583e-06
207,0.015388011920128588,0.5930810505503289,0,-1.0326079376157541e-07
208,0.035086691072307385,0.5399327817513455,0,-2.138988211286502e-07
209,0.2639380768283965,0.22060910853979615,0,0.00011699349376652221
210,0.3003656314177452,0.17006701267067179,0,0.002825581969212969
211,0.2286421874305103,0.23321826427246792,0,-5.231797257108917e-06
212,0.30256818320813966,0.24374661794743213,0,0.0002300891680408135
213,0.06186474960229704,0.4528256783311271,0,-6.678168272778817e-07
214,0.01234485885688464,0.39493761694669643,0,-7.265143191419085e-07
215,0.33138525095472415,0.18208625646709345,0,0.0037532346599225925
216,0.3003368144657542,0.08358550355953254,2,0.011419395559312893
217,0.11311646422976901,0.013301536090793232,0,0.00160148166571823
218,0.07554743877326271,0.42219083014146536,0,-1.040006140839139e-06
219,0.023346661833939786,0.3250770611636307,0,-1.6305144573186336e-06
220,0.04496275557451927,0.37734526182012557,0,-1.1998536222653206e-06
221,0.29710557516745695,0.23712305040982373,0,0.0002439588371778969
222,0.28004784216412576,0.22281423824341645,0,0.00022138313942055972
223,0.332411489439366,0.10076051218337678,2,0.009118318158981304
224,0.3259682910516505,0.1976191037695437,0,0.002416238927988022
225,0.030672733330032714,0.5966318596068495,0,-1.1609766883410113e-07
226,0.3400609511002768,0.13708939467254824,1,0.006861569115075722
227,0.1871791501971093,0.032378618910238556,2,0.009256012810833424
228,0.3228171319495233,0.10372387682833989,2,0.009204769216654262
229,0.22786276953175907,0.32353785154964454,0,-1.2043102560853508e-05
230,0.1049445115718715,0.525452338367404,0,-4.967040159213207e-07
231,0.25945854424144654,0.22028028852866527,0,9.483893240946293e-05
232,0.2555939203984892,0.2843315075922657,0,-1.4791962410842687e-05
233,0.0731238648229487,0.41693612651767425,0,-1.0699010498136184e-06
234,0.046239878949495605,0.03293461355778028,0,1.8480172992250972e-05
235,0.0019057889331791755,0.44682993720655656,0,-3.895786242650354e-07
236,0.001984201742857683,0.5122455367696912,0,-2.02694906480255e-07
237,0.057127061479762695,0.45939753981337167,0,-5.964414206319962e-07
238,0.3051175123923964,0.3039817562463922,0,-1.4539734866893401e-06
239,0.07298220462905139,0.46400709159453385,0,-6.67296522313832e-07
240,0.31207648034231317,0.10970832818603331,2,0.008852884447854406
241,0.223305069431517,0.2866021177619707,0,-1.5050084486749567e-05
242,0.3494437604364171,0.04897316045546853,3,0.013935740928805953
243,0.13195497662288622,0.5739115437988435,0,-4.0066881253278677e-07
244,0.11591151400339178,0.5340971150606721,0,-5.08294725111694e-07
245,0.22117160853064247,0.06135361958774923,2,0.008820506755970384
246,0.24836451727678333,0.23914055628158698,0,8.827471935029803e-06
247,0.03137872552212548,0.35250193273414376,0,-1.343033252534893e-06
248,0.22237312124471006,0.07302775165621456,1,0.006675513589969917
249,0.1450657136180432,0.44160506060531934,0,-1.7144634250626979e-06
250,0.23388941210657002,0.32740605686937513,0,-1.2256249748783216e-05
251,0.25740109927223853,0.052363249509704446,3,0.015432873996969805
252,0.11796882719527685,0.5515864760251195,0,-4.3559845719713884e-07
253,0.12127493973429444,0.465943010759241,0,-1.060067629276783e-06
254,0.08137350394273228,0.43424681041614793,0,-9.771231340204747e-07
255,0.2583445424619303,0.05409799161042139,3,0.015125472246036662
256,0.13114516868451645,0.5320007241560611,0,-6.043342739854891e-07
257,0.3437514763204858,0.061207679762964484,2,0.012262166631179499
258,0.029973911739616235,0.5368946044819114,0,-2.0951887375619033e-07
259,0.16323062615910217,0.03374369625577952,1,0.004493606704243669
260,0.24638369904082094,0.16613678835973145,0,0.0006081479975896673
261,0.32766546827456633,0.11946516157727083,1,0.008036502948111961
262,0.2987346398489516,0.16927348862512984,0,0.0027817585154630282
263,0.16142490340161336,0.4107822791734237,0,-2.7460224573928425e-06
264,0.10619956546421964,0.5880534027890204,0,-2.6895534688626513e-07
265,0.23429787963139703,0.08707205888495008,1,0.005948579860900504
266,0.20293073726142766,0.2829441508765642,0,-1.3593514297641187e-05
267,0.30476298678322916,0.17342300354132426,0,0.002850954086832952
268,0.1219546050851878,0.4117965599899654,0,-1.833837920319473e-06
269,0.10587904493295261,0.5239810347734485,0,-5.087915753526162e-07
270,0.3471333066508032,0.011676232930036556,4,0.02561703097760165
271,0.0733440626742065,0.5040604629484103,0,-4.4868922157814664e-07
272,0.01901583038612184,0.5112158154987938,0,-2.4277543277963867e-07
273,0.15329902579458418,0.005695994070288465,1,0.008610720147816091
274,0.3432596321480056,0.257625584413696,0,0.0006177596892694201
275,0.26174524376286157,0.08664004969317862,2,0.009361556341368883
276,0.26271693605491037,0.11998882194537386,1,0.00461404344783789
277,0.32452229781818526,0.24552255789500688,0,0.0005035931141628416
278,0.04423895356740059,0.5037715713196812,0,-3.364758700039271e-07
279,0.009153253474572319,0.36688919343513937,0,-9.315467380171419e-07
280,0.01494844753415665,0.03753315039468627,0,-1.3093833432554424e-05
281,0.13418640209930477,0.5215899194141075,0,-6.913112387949827e-07
282,0.0660388392340769,0.5183917602245878,0,-3.6142789125128747e-07
283,0.2734314368408351,0.01790637868870007,4,0.02463292643871214
284,0.004737872081950884,0.34824248356804954,0,-1.074050752698901e-06
285,0.023342202593688313,0.3675651517773257,0,-1.0661539258059312e-06
286,0.00960426675925291,0.5014562862007772,0,-2.436456606026641e-07
287,0.01496711750960071,0.5513328755166591,0,-1.5610490480421927e-07
288,0.09045692965501914,0.0023553975671303904,0,0.001012570645679759
289,0.09317071184135653,0.5668134695982162,0,-2.920211592790381e-07
290,0.20710818837081219,0.3039691703767357,0,-1.1929957609290396e-05
291,0.025463101278144606,0.36515708616570824,0,-1.1155179692845629e-06
292,0.29927123548963086,0.21369919569111237,0,0.0006775028790077752
293,0.2873697391367333,0.21458547704581957,0,0.00042251104808918024
294,0.1511139988791934,0.4126538315410091,0,-2.431966269920735e-06
295,0.33155191836066356,0.23916258671946852,0,0.0008046068925461565
296,0.15021594062221102,0.42285940945281403,0,-2.1766845499971742e-06
297,0.09548420692552666,0.566936391252112,0,-2.9847935516685284e-07
298,0.20192830302008138,0.028940412972745674,3,0.013684678467800386
299,0.1318051119765291,0.49333831635244735,0,-8.954272007682159e-07
300,0.32800309019246593,0.2458569437672618,0,0.0005625219649962923
301,0.03967853808505152,0.4666545808444127,0,-4.659777676735813e-07
302,0.25868590824883664,0.2425428860991533,0,1.9984072570413614e-05
303,0.05459390733130823,0.449203664231715,0,-6.4394675312623e-07
304,0.16188656458892592,0.46904197898864514,0,-1.541419150346488e-06
305,0.20139005924448117,0.30306783504231355,0,-1.1457016664202806e-05
306,0.058147032440368604,0.5899466250508958,0,-1.6331963233773583e-07
307,0.25629473151972265,0.010750901274347358,4,0.02704144451690416
308,0.2523754697619889,0.04116216273096744,4,0.017677342888960588
309,0.22427972379874997,0.2908553646786484,0,-1.4797171219111835e-05
310,0.08282537579606,0.006455778431603883,0,0.0006195272548080334
311,0.2269257103864342,0.5960993048847021,0,-8.282180251027174e-07
312,0.3064880753153308,0.21288067810250486,0,0.0008911925635022816
313,0.07925976841139643,0.4753497866247971,0,-6.342890247837692e-07
314,0.30266885346279643,0.0026781271622815517,4,0.030976433380714635
315,0.09471435357128549,0.027173764619248208,0,0.0004188769330776576
316,0.007888028329982505,0.4405449540379642,0,-4.403963719349542e-07
317,0.13694609469377195,0.4902178684246529,0,-9.724552928751708e-07
318,0.25024113017635363,0.18369187085807961,0,0.0003451744387485201
319,0.01249913051751958,0.4815539480666506,0,-3.0602104465754994e-07
320,0.147140423229606,0.5522763092184751,0,-5.788738671474235e-07
321,0.045174942491914574,0.49543077263080815,0,-3.691790314767197e-07
322,0.2350402453798087,0.025086158130225522,4,0.020770214063362897
323,0.02034877964121841,0.5232687216437194,0,-2.1809367484350606e-07
324,0.17926586389972465,0.04669307521025423,1,0.004759558002176475
325,0.18483065102765436,0.29142543877029975,0,-1.0983785622010188e-05
326,0.10794666282840992,0.4280120798796026,0,-1.3559574841673876e-06
327,0.09880710738607862,0.5889662372479512,0,-2.4754551536195894e-07
328,0.329882626071714,0.15914368219414324,1,0.0053648648171434376
329,0.3052774580018168,0.029800199730796062,4,0.02028281269009977
330,0.02908320578865531,0.005472205314616718,0,4.333531699409579e-05
331,0.2913225469036973,0.10380165513092661,2,0.00899456031677827
332,0.12716902521377468,0.4860836061507242,0,-9.192465830637727e-07
333,0.265904411786276,0.2886189315438869,0,-1.3657747262935051e-05
334,0.058000009465494155,0.005189802203463795,0,0.00021679098437690601
335,0.0107943573644817,0.00880610157787578,0,2.0747317140975586e-06
336,0.12355284279404194,0.44291962537491564,0,-1.365140474217017e-06
337,0.03358800551715513,0.4766809203750075,0,-3.9664483251823624e-07
338,0.2427096748284703,0.027950318102098443,4,0.020583878670850476
339,0.2628503895283365,0.210328424401259,0,0.0001826729719323018
340,0.2425615460531732,0.2696588229056791,0,-1.4492220774672525e-05
341,0.2902867549535324,0.14467437107760306,0,0.004322304695502198
342,0.15619180947678052,0.4059450467553243,0,-2.7354506888986153e-06
343,0.05987949503382882,0.5020732090180855,0,-4.0010502766087153e-07
344,0.3000636264813297,0.11073159839582442,1,0.00855354902451612
345,0.2364204710058712,0.022200449628967476,4,0.02184507295657893
346,0.24364238985507766,0.16458759026986225,0,0.0005825357300500561
347,0.10211952336357245,0.5283467645647303,0,-4.691121704634321e-07
348,0.19487842969463515,0.2938711922024738,0,-1.1721923582765805e-05
349,0.12142239457452857,0.594372460018326,0,-2.939381134827652e-07
350,0.061244200931728776,0.5992536128508513,0,-1.534808545853681e-07
351,0.24319624103064683,0.5986616572596141,0,-9.495655533460546e-07
352,0.05004849484961356,0.39419338630354855,0,-1.0666578878943634e-06
353,0.3476209923441771,0.07727677584588825,2,0.010226549683701878
354,0.20780021411186378,0.03449884605184795,3,0.013243117924570889
355,0.07332181639534804,0.49986477026956444,0,-4.678107578164613e-07
356,0.2661046164791442,0.2223429660545408,0,0.00011927551285705064
357,0.16066862846566332,0.5469922836089267,0,-6.985259096477745e-07
358,0.33284481678354844,0.012043712626343683,4,0.025801786817643002
359,0.31792462015245787,0.1991288812077731,0,0.00192555101147848
360,0.2010885557536189,0.034987527014103084,2,0.011629953122603096
361,0.01637733851233184,0.5571713261132939,0,-1.493409376231212e-07
362,0.10660458643088924,0.42976392509221717,0,-1.314683505151574e-06
363,0.2398647814023786,0.02344490253884135,4,0.021748683324079074
364,0.031621889022777946,0.3565675673011877,0,-1.292671040984288e-06
365,0.2446997907194873,0.19114546315844166,0,0.00019575960933712773
366,0.18376932092672538,0.36104375604293315,0,-5.618733812383276e-06
367,0.2948244777875303,0.24634019824806427,0,0.00014510478274543063
368,0.20611907040829747,0.3254301507502791,0,-9.79694898797589e-06
369,0.038321768168523625,0.48224945235247063,0,-3.9332664276558415e-07
370,0.3018941545126084,0.16836103626518584,0,0.003053584626358024
371,0.2101016009593007,0.0016825013023342716,4,0.026175810584789773
372,0.09449774869160006,0.5633462050718732,0,-3.06356691902756e-07
373,0.21863031175045422,0.5937419145900588,0,-7.806024098467494e-07
374,0.015067822028585115,0.48415141163150655,0,-3.059247878505405e-07
375,0.09626942360881438,0.44830417431606,0,-9.851501022381672e-07
376,0.017185463390596994,0.34762637118913564,0,-1.2237588881451338e-06
377,0.3052304833127496,0.032374603893333596,4,0.0195945369652744
378,0.15082324528225902,0.015383356060492001,1,0.005742357642770249
379,0.27625762512775803,0.31277475171607694,0,-1.5637475839894474e-05
380,0.21220563409516066,0.327179701876176,0,-1.0189703184263083e-05
381,0.26110346394030753,0.1361022935093307,0,0.0028267526990387727
382,0.2069494823018969,0.05187455155453815,1,0.008432129694993242
383,0.26785898013977744,0.1603051759778023,0,0.0015847302822260987
384,0.32593677428193585,0.00759208106338044,4,0.028117788752421418
385,0.14695180720732504,0.5605686000451039,0,-5.318099563482942e-07
386,0.05837055988724985,0.4656014476941655,0,-5.675696966038737e-07
387,0.28483438610543965,0.16995555797749856,0,0.0019136160433327258
388,0.3041548984882683,0.17640565742496686,0,0.002599350242800756
389,0.2726618710601636,0.16027578538175039,0,0.0018343040488814873
390,0.0031043058486806413,0.40458838820267445,0,-6.015117506901789e-07
391,0.051655483488181025,0.4968345611437868,0,-3.88375418402782e-07
392,0.23867995807055586,0.13383696812260523,0,0.0015529825258826537
393,0.016350147611040394,0.024026846361730653,0,-6.365484858432134e-06
394,0.28751749871740656,0.024247459284276046,4,0.02240602333048654
395,0.03045245180271101,0.038904437070742565,0,-6.894476045439224e-06
396,0.0777025668588878,0.009607045318092658,0,0.00043312995065385103
397,0.23607307948795514,0.11584532276424495,0,0.0026425639293291207
398,0.1271342049159715,0.43528881747054243,0,-1.5269734266099693e-06
399,0.3429172412650134,0.05152071363046444,3,0.013800458065573593
400,0.15824689820817903,0.5859857043949905,0,-4.6169443274064067e-07
401,0.24475444779821826,0.15182615631515098,0,0.0009933336643232502
402,0.03826507283828086,0.5295684730071565,0,-2.4491034750662764e-07
403,0.3235876752654166,0.23114488442302394,0,0.0008217299267395721
404,0.018880160769559333,0.37076451343373945,0,-9.875773207244194e-07
405,0.09239102900965557,0.022821872748843536,0,0.0004586174144928017
406,0.23772767504457723,0.08436682772822382,1,0.00685061312205781
407,0.2824602543989088,0.09947063217050438,2,0.009079518005798473
408,0.03203060740899011,0.41362710382848517,0,-7.336312817192487e-07
409,0.29716896989896674,0.20124133909915337,0,0.0009880801170668624
410,0.14741390956982947,0.4047929722733146,0,-2.5353083609919894e-06
411,0.026983644403662032,0.32380748459444864,0,-1.7124099698881002e-06
412,0.19004652725513044,0.31912490168654056,0,-8.952256118853619e-06
413,0.05352215620072752,0.5369340518350801,0,-2.64973641532164e-07
414,0.2945565530687188,0.06517160680883001,3,0.01379161697510136
415,0.2669592822897868,0.09534213276062081,1,0.0084695031849781
416,0.25715998385573724,0.07892306493930153,2,0.010238195651179564
417,0.03856618490623115,0.5121015161733662,0,-2.925297828730793e-07
418,0.27983590126890096,0.21164781573185643,0,0.0003544059859709043
419,0.22197211599670302,0.08920486623032722,0,0.004129141508082166
420,0.22427047748503678,0.2480924460650784,0,-1.3781432969053884e-05
421,0.015263369035429502,0.3129790779684063,0,-1.6974296688334858e-06
422,0.17218675339484552,0.5109166167896566,0,-1.1239856383968345e-06
423,0.2927367789376354,0.1167037560329396,1,0.007566527732234699
424,0.18968573945079983,0.5676281735210543,0,-7.592146021972497e-07
425,0.07100609811815638,0.43250490542974535,0,-8.965030409146803e-07
426,0.14642993817784677,0.5402686139625261,0,-6.481075829051403e-07
427,0.2264642807419189,0.04298975055694358,3,0.014299462600163588
428,0.28463453287950696,0.2372753778411925,0,0.00013927651812665424
429,0.34155902444307806,0.2477730079882147,0,0.0008231554656399325
430,0.2774654658597562,0.05761691157780599,3,0.015080703696357977
431,0.1444254964321901,0.5586282341648884,0,-5.287237375699362e-07
432,0.3254314449329503,0.30183883065941014,0,3.352560770291042e-05
433,0.260552609813123,0.29812263244617504,0,-1.5674819168681827e-05
434,0.12461343503921538,0.504133628463657,0,-7.481171630803874e-07
435,0.3109434633752915,0.06802808418765521,2,0.01293668143865324
436,0.15637577106110284,0.4140467434367638,0,-2.5275320749302137e-06
437,0.14098172429203565,0.02062065366170709,0,0.0034081336105715393
438,0.30007374296922446,0.13612126871228655,1,0.005910389761871689
439,0.07541750691401446,0.5494961636140322,0,-2.908171807912156e-07
440,0.28011608699476176,0.14704516300744844,0,0.0033101114926781692
441,0.2468276606967941,0.023073805070851466,4,0.022355908770783414
442,0.31273461998256463,0.19180896799687444,0,0.0020840694188982325
443,0.04256269260642846,0.5660901677279173,0,-1.774357664780407e-07
444,0.2132555320369,0.3441999331061168,0,-8.792470218961995e-06
445,0.08346072624652393,0.47031790349142577,0,-6.955988131643591e-07
446,0.08782591811313777,0.43769409848731883,0,-1.006841586427126e-06
447,0.17828228731841667,0.35080879034959717,0,-5.888142695659578e-06
448,0.11134662391609092,0.4807557485362821,0,-8.278689674984943e-07
449,0.03964372784342299,0.38130251610141835,0,-1.0936404380684347e-06
450,0.11475331818034107,0.011196295132892331,0,0.001856851108266979
451,0.06362035922885945,0.5432815635234571,0,-2.750673499589206e-07
452,0.1655024852332287,0.4867124929191949,0,-1.339299221531592e-06
453,0.21013477188146,0.5939695435968628,0,-7.155188906395808e-07
454,0.3082787661300279,0.22577023102970606,0,0.0005935294207325265
455,0.02618980676916217,0.40637752087113477,0,-7.44087632265741e-07
456,0.2798300127240766,0.07680737048192371,2,0.012096812159168252
457,0.0055147254829267245,0.3734084391449682,0,-8.416064548076935e-07
458,0.25725269693850866,0.1455832047295003,0,0.0018725899331585559
459,0.03527262563662581,0.4811110106419395,0,-3.8589610535286825e-07
460,0.3302352381637641,0.1556825179944968,1,0.005625970517535975
461,0.3035074229271484,0.2046197291483159,0,0.0010773471491139703
462,0.3232660810538657,0.05584532814279686,3,0.014064326255000982
463,0.1913953100136953,0.04964183103707118,1,0.006138417646487689
464,0.14662152377673554,0.5484389982226284,0,-5.984084911250498e-07
465,0.3490362000623404,0.1443199791546282,1,0.006394394914557691
466,0.25508502921077636,0.09050193252349233,1,0.007997739385056761
467,0.0786181793538202,0.4552681828866893,0,-7.703940702136099e-07
468,0.09619501352200102,0.5374002811552571,0,-4.038924289638549e-07
469,0.08412220825098798,0.4454414843681176,0,-8.979591760065312e-07
470,0.11800259379466692,0.5141319134020146,0,-6.337023580726978e-07
471,0.339163422174352,0.08575779040556286,2,0.009912159087985047
472,0.17888601037696872,0.32629228409703354,0,-7.52124816443464e-06
473,0.07158185160975299,0.4356236704884067,0,-8.739876421344291e-07
474,0.25715213067077847,0.12941994477996308,0,0.003112276171914001
475,0.23090704646801322,0.09417088418376603,1,0.0044965247878633085
476,0.05897056236817685,0.4208455783628437,0,-8.932726191268577e-07
477,0.06216613818547245,0.01744598090813556,0,0.00014561087811880983
478,0.3027104556091116,0.2063765301974281,0,0.000988888995889878
479,0.33622588219899224,0.2186085934861857,0,0.0017448350794637773
480,0.06170812966449867,0.5295279735862353,0,-3.0965225230244787e-07
481,0.30514944394961047,0.013445583833925823,4,0.02583988503229608
482,0.014064183810035949,0.4982900260455386,0,-2.6294092057327804e-07
483,0.08062574544642169,0.5351137871590039,0,-3.5372835477500353e-07
484,0.10207235982770602,0.5842995058607996,0,-2.67968074724283e-07
485,0.02701578481791023,0.32189791675411383,0,-1.745969783345022e-06
486,0.0821728957561919,0.4717682274302673,0,-6.768231943134578e-07
487,0.2003757351187005,0.5561085650319963,0,-9.478029635479116e-07
488,0.011235205407181247,0.40795866156745547,0,-6.307865495530778e-07
489,0.062148553150852756,0.3982105893242844,0,-1.1562694523559685e-06
490,0.180105911370887,0.35785601715527177,0,-5.592881810337949e-06
491,0.06811355237233419,0.48102801739500417,0,-5.361476141610603e-07
492,0.18633533361713667,0.03828471640132327,1,0.007610151507056657
493,0.21437304241027821,0.00885778139891065,4,0.023816227627833787
494,0.023521077902288155,0.5128754604091994,0,-2.497709560822117e-07
495,0.2240299210930227,0.3234703260304978,0,-1.1671712856538688e-05
496,0.004186881567148068,0.3125386326669058,0,-1.5263922904152612e-06
497,0.0004568248854827208,0.3133336715075927,0,-1.4589341086708757e-06
498,0.09114513183664132,0.4759795364727927,0,-7.09738643821073e-07
499,0.34459183035802465,0.20463415268538432,0,0.002906273422691991
500,0.16351441257707877,0.4200571813054797,0,-2.5558396919311495e-06
501,0.29547338591062683,0.022436322136034886,4,0.02278579493417415
502,0.038372499120229976,0.36613480585950525,0,-1.25667795919999e-06
503,0.046525711727271615,0.552085006067828,0,-2.1235129989601963e-07
504,0.0011609202854165473,0.5335991836560363,0,-1.6238077739590051e-07
505,0.12838498597880732,0.5055888091267315,0,-7.656036649372614e-07
506,0.024152565690995064,0.4974301662883858,0,-2.9333138106387716e-07
507,0.1684210836578561,0.4021439848790814,0,-3.2091612717671534e-06
508,0.3028692415794544,0.1909046663475352,0,0.001651775261583093
509,0.0005395846558383871,0.5009075195120949,0,-2.2377679017528104e-07
510,0.3013401878261174,0.2341861384421144,0,0.0003284018514601524
511,0.240965145245423,0.08758668413365385,1,0.006735429705078856
512,0.12754610290984797,0.4369581041552814,0,-1.5078907302253368e-06
513,0.21194474037798633,0.2843285949194039,0,-1.430296652175034e-05
514,0.2736025187620211,0.18629766697393718,0,0.0007607040358648056
515,0.31004744207677454,0.03423082755782614,4,0.018938308796399392
516,0.2507924157790939,0.13911947288435675,0,0.0019066836762929528
517,0.18607299691179974,0.3439171365710607,0,-6.796814736459186e-06
518,0.3096533338343018,0.22041029911453544,0,0.0007577811773632719
519,0.30572493334715584,0.10704837403851253,2,0.009044837460813306
520,0.3063070937389737,0.1671501329998951,0,0.003436862687511903
521,0.0117699367125448,0.36618263347938035,0,-9.629957517797426e-07
522,0.2633477630693736,0.14481669769401304,0,0.002297334415771091
523,0.014279489129508187,0.5338818381271117,0,-1.845955149885124e-07
524,0.15890242961567164,0.4572633118950402,0,-1.683137678304616e-06
525,0.26094713663253166,0.09495837114291751,1,0.007924114100321036
526,0.25908224168663524,0.14524189021962788,0,0.0020014159090051046
527,0.016763108893555378,0.2940825769942601,0,-2.081208736396927e-06
528,0.3127980259452279,0.2687881330068215,0,0.00011388068272044222
529,0.33614694494543873,0.07190094756354183,2,0.011351061463461189
530,0.3172729257647013,0.09537557574566963,2,0.009989214938773
531,0.07469220233409796,0.4719152988952521,0,-6.271799397074072e-07
532,0.328320372953555,0.1928547732952068,0,0.002844235194868536
533,0.11056799039738362,0.539208136174465,0,-4.5787550717608595e-07
534,0.3160269259243446,0.12986259237553668,1,0.007218736120491341
535,0.08194429998290598,0.4801911353506041,0,-6.207339602127134e-07
536,0.033884326207408055,0.5266397912646448,0,-2.413916542292326e-07
537,0.2744944725279664,0.14406260685186695,0,0.0031492473084493103
538,0.12740902313118735,0.5675903174812885,0,-4.0787181582465834e-07
539,0.30097861489319866,0.23654573723900807,0,0.00029335473995053293
540,0.2280119489358987,0.24482121571653637,0,-1.173262871630652e-05
541,0.25715769846247916,0.3163612843863919,0,-1.5335971571177658e-05
542,0.04067042910778735,0.5377756334075432,0,-2.310994305921783e-07
543,0.16222026981145887,0.44519008438237967,0,-1.962889194106289e-06
544,0.24432142227783216,0.26929359753859783,0,-1.4091362992136328e-05
545,0.31993834203297783,0.15910795759335358,1,0.0049349969830898045
546,0.12827331684439391,0.5142792150421436,0,-7.01102480319916e-07
547,0.03445417053046164,0.5530807068554114,0,-1.8636515744609864e-07
548,0.09647412121164026,0.4815311962717738,0,-7.081086982729837e-07
549,0.3134846403310926,0.18429116405623627,0,0.0026001505867420784
550,0.019659104783717254,0.5495214747992683,0,-1.6658600744835196e-07
551,0.020311595475043957,0.42327724909423237,0,-5.925593948014056e-07
552,0.08837018742618187,0.5557466264577421,0,-3.1092441688524405e-07
553,0.22077312023985338,0.01938054743343859,4,0.020820219439109475
554,0.21308840225077305,0.5924142247262988,0,-7.484727803061891e-07
555,0.2792436524476504,0.11688780852124851,1,0.0065591130522732015
556,0.2554860519573762,0.14121484084233796,0,0.0020513226450247024
557,0.17199341725888637,0.014223768402943192,2,0.01089150274807203
558,0.07436289586206339,0.5451607894382741,0,-3.005201236763705e-07
559,0.09751013271807979,0.4101591202150747,0,-1.4605353972241529e-06
560,0.23576456341479923,0.03917391284934328,3,0.01668566824562451
561,0.013528074766809799,0.28470965296395145,0,-2.212919879614273e-06
562,0.1915109155229579,0.35750811456031734,0,-6.27596436664873e-06
563,0.07865408098760143,0.45745098516062904,0,-7.540314521183781e-07
564,0.16405682585904124,0.3966858912912893,0,-3.2446183723311598e-06
565,0.006779964657888327,0.5727751888304519,0,-1.1608501067654376e-07
566,0.3316493988807557,0.07053309979273059,2,0.011723914158584111
567,0.16678077133036556,0.5078239587378308,0,-1.0983902071267075e-06
568,0.02684177156377915,0.011708264727312633,0,2.2185949744029168e-05
569,0.2853259105656113,0.25728691908076534,0,4.816690712364364e-05
570,0.043535108490047714,0.4210943939647123,0,-7.637532567767757e-07
571,0.2607651647201949,0.2940827526415023,0,-1.536152990775293e-05
572,0.20976590030385497,0.3221457218062453,0,-1.0430689981709363e-05
573,0.03643747511499117,0.41172038144835266,0,-7.81401849189239e-07
574,0.28277738879428754,0.025871367394959377,4,0.022013127646056636
575,0.17626067665021655,0.36732694823908746,0,-4.903851933149973e-06
576,0.3468143227313264,0.20780935687589058,0,0.0028177584617906527
577,0.33733885997207735,0.05116788280352791,3,0.0141386868744868
578,0.13283919452831167,0.41857282313875893,0,-1.910367514909024e-06
579,0.19189955624365396,0.3635679221248784,0,-5.936332514583726e-06
580,0.18491896320341109,0.5753885213144826,0,-6.698912087446233e-07
581,0.29789870798893625,0.012987063094845291,4,0.026171341437744987
582,0.31305795713545137,0.15812328554496066,1,0.004634703732873961
583,0.037284122527930105,0.005932408212853746,0,7.085236641269777e-05
584,0.33883235058503824,0.20173994927960748,0,0.0028098208303239695
585,0.0816163591712908,0.012974300355209398,0,0.00044285529255271017
586,0.2898232381369982,0.2908634245727061,0,-3.139009336385866e-06
587,0.27744105786755285,0.11052599296090979,1,0.007233540034812891
588,0.3056476372201576,0.061202291978529284,3,0.014036167328155333
589,0.28800612511180834,0.09764297758875114,2,0.009597864407862651
590,0.24386694151130722,0.29786727907718813,0,-1.5619419089053995e-05
591,0.12249461950145125,0.46321847698950613,0,-1.1026868919386743e-06
592,0.0022063172741171033,0.5403756929126899,0,-1.53334723818941e-07
593,0.3389093927378711,0.13438150788442058,1,0.007017636795300564
594,0.20163420919862085,0.04684400279405225,1,0.008600431865594562
595,0.29481277531233435,0.00489595188670619,4,0.029864093356517126
596,0.01368198111404506,0.44078704384070333,0,-4.655095752312708e-07
597,0.21877506567700847,0.5973139445498955,0,-7.543057584737531e-07
598,0.27089974815810997,0.10564189259676243,1,0.007319759851463952
599,0.19058103384048097,0.3027657750367922,0,-1.0452869609927083e-05
600,0.11954454421520552,0.41701316884768763,0,-1.6993085370443165e-06
601,0.299327775310454,0.05322167022914632,3,0.015481738872072664
602,0.28003156642054083,0.26035116194088354,0,2.6493525531234167e-05
603,0.007933046659816274,0.3237012865008681,0,-1.4172567818040206e-06
604,0.3488331331805119,0.2833688958304037,0,0.00028285792047542274
605,0.05032876913123433,0.4714573286222998,0,-4.939762835731116e-07
606,0.2614393903258733,0.13129523330447856,0,0.0032873964384012417
607,0.017878352409980577,0.5187423935792033,0,-2.2262964255747976e-07
608,0.3327388505153355,0.145653769321151,1,0.006361726622519245
609,0.065615624770462,0.5454292461870603,0,-2.74641780225892e-07
610,0.25174830184793423,0.29175161870164457,0,-1.5770006548861686e-05
611,0.0641552386157363,0.4704475927348123,0,-5.728807138468755e-07
612,0.06260371683997133,0.5232408085363014,0,-3.327078784293973e-07
613,0.13957928255724328,0.5016758035389228,0,-8.902908590987194e-07
614,0.24950502697140048,0.038200891208917516,4,0.018235525562404566
615,0.1676316326105716,0.5912189282487612,0,-4.811915106320673e-07
616,0.04016668673250859,0.5787039032373766,0,-1.5271004565992625e-07
617,0.05585541881095943,0.5988382559055055,0,-1.4604372999975617e-07
618,0.19972734828878397,0.3091369078070654,0,-1.0712224363015895e-05
619,0.2489747419165476,0.0033530261634575342,4,0.029861805680473908
620,0.27135854147481464,0.07025322278753555,2,0.012801035879566642
621,0.2675070654343735,0.1840612624905689,0,0.0006646014052419643
622,0.2207730590919664,0.591239246917961,0,-8.17678939502101e-07
623,0.15145650255170592,0.48086393443948483,0,-1.2342113635774325e-06
624,0.2223988590442233,0.2689385432272796,0,-1.5820736294295547e-05
625,0.2771572592502802,0.08588769862627388,2,0.01066240146074619
626,0.2144638361273517,0.274643448133283,0,-1.5266339080278394e-05
627,0.23646866511040712,0.27523074773094564,0,-1.570278772472867e-05
628,0.32540057241426273,0.061962651229486077,3,0.013079820938148162
629,0.2592202893720514,0.17840260374978945,0,0.0006089327115458849
630,0.14293050295141832,0.02910086109314773,0,0.002653492856643788
631,0.1074974169591913,0.5715451746210853,0,-3.2136605552337007e-07
632,0.24597583949356952,0.25784506934683976,0,-9.738550007053786e-06
633,0.2981254749984806,0.301465552158738,0,-5.043353986262138e-06
634,0.18381704007480287,0.3060795189590317,0,-9.539186540885945e-06
635,0.027242273874977595,0.4680308305983223,0,-4.059194150566339e-07
636,0.21482269184470357,0.0652238107570085,1,0.006974483104416394
637,0.25084326350162706,0.27792126449856813,0,-1.4510513919244681e-05
638,0.005825456168257988,0.32424238580541076,0,-1.3802490889416708e-06
639,0.32932396973051264,0.15753836384975947,1,0.005462503302145033
640,0.0788128971618333,0.5344780621613447,0,-3.495971494473776e-07
641,0.13224640296152007,0.4113414220855042,0,-2.041416385761225e-06
642,0.28688816643907245,0.2820956407815291,0,2.5371134288101487e-06
643,0.1953253018649149,0.36707867416490525,0,-5.930946042132859e-06
644,0.18893281127547337,0.2902464680748385,0,-1.1495182507689924e-05
645,0.34432151186770804,0.12940025557735335,1,0.007162634889702799
646,0.28027850209024147,0.25581216714653426,0,3.8116674192552764e-05
647,0.0649489329194077,0.4912762056098077,0,-4.6886982217549943e-07
648,0.22436501391203248,0.029165246014931007,4,0.018069602324472314
649,0.2969628475231324,0.07123742660963317,2,0.012933647384465737
650,0.2576348922209675,0.028582204068276135,4,0.021181907403613653
651,0.01657986924162974,0.43535008250150503,0,-5.059556476066458e-07
652,0.07997934651713161,0.4270831196361154,0,-1.0351690427312698e-06
653,0.11040344992097692,0.46851555092934716,0,-9.268823916557615e-07
654,0.02852314183987317,0.4951869283616889,0,-3.133724850522307e-07
655,0.14585790396828016,0.5247931764463702,0,-7.522611070620341e-07
656,0.07357143731140174,0.44284284874936314,0,-8.294382145133473e-07
657,0.053047472378854835,0.4262985832985841,0,-7.97284031785728e-07
658,0.06159240213024083,0.458521091533916,0,-6.29132715353172e-07
659,0.2481648795834567,0.5970200783892022,0,-1.0143325984268867e-06
660,0.032609538367142234,0.5324350338503382,0,-2.249179533651689e-07
661,0.15316342365953056,0.5048211738424158,0,-9.88020047921454e-07
662,0.2491805099413448,0.27245968468413145,0,-1.3733692807605658e-05
663,0.3418496106085571,0.26094473306466903,0,0.000521958603693807
664,0.27196483073171446,0.1595776312280809,0,0.0018381302637748072
665,0.26897691564537773,0.24077220298226612,0,4.968440169947013e-05
666,0.16108317543046186,0.3926775724408552,0,-3.278442910326834e-06
667,0.08831430763030107,0.025348013544792214,0,0.00034271596185346157
668,0.3402553696057484,0.1306356306147216,1,0.007191188678662902
669,0.1658048786154524,0.45225968113103254,0,-1.8955881892736354e-06
670,0.06197759014783633,0.5734959125143249,0,-2.000309149902785e-07
671,0.20093720756894248,0.055394103184419556,1,0.0066191810979104645
672,0.3223095773497174,0.2361569036632012,0,0.000659300505563293
673,0.02600594252989062,0.4764986894090642,0,-3.6838474163898875e-07
674,0.21295837520213887,0.2606275139365539,0,-1.5802003961654442e-05
675,0.31296959096868493,0.0757169897137745,2,0.011973646736652443
676,0.017227659593359628,0.5237280484514968,0,-2.1043015557582395e-07
677,0.2109974453065729,0.2636188404978335,0,-1.566639282711302e-05
678,0.02372625415832875,0.5874817993908134,0,-1.1869322188185712e-07
679,0.06013044666749913,0.4135869600567123,0,-9.717078945239202e-07
680,0.16931426412777936,0.525429563895306,0,-9.446999768028057e-07
681,0.10675129651904344,0.011053022480193186,0,0.0013649917036681737
682,0.3438828994884512,0.22197154379762452,0,0.0019046199209587953
683,0.009942150436532678,0.04988051018298236,0,-1.5611977537333717e-05
684,0.12006094048542218,0.41413436544849763,0,-1.7579507538132098e-06
685,0.18073707756197535,0.5369090026971064,0,-9.439805356767995e-07
686,0.25752512065889366,0.10842655252599691,1,0.005555329145169997
687,0.17666983937373287,0.5430009903914659,0,-8.528656612303445e-07
688,0.000255089717338669,0.34427126305308614,0,-1.0686193227926647e-06
689,0.07026747505491969,0.5492256672863092,0,-2.7698538554126187e-07
690,0.2356007058114217,0.09054373311891592,1,0.005576026567322353
691,0.052658042858446774,0.5272336934168635,0,-2.8945537743560915e-07
692,0.16137813629874337,0.5242443215614011,0,-8.831566497216875e-07
693,0.13060192335827506,0.5151311372364556,0,-7.11506525145663e-07
694,0.15604013157034147,0.44184560343638013,0,-1.9082547082598117e-06
695,0.17759302172889974,0.3826516908347363,0,-4.268244858944871e-06
696,0.3139228750187553,0.25706986541922866,0,0.00020752395746238922
697,0.31554631891422236,0.30226557682502514,0,1.3252398696422525e-05
698,0.2876867936828199,0.2645595570224427,0,3.426779635768748e-05
699,0.1957155473890756,0.5805739398258214,0,-7.084157036420106e-07
700,0.2916813949010653,0.1350406445754568,1,0.005433291926562645
701,0.0636857149014789,0.459929948086328,0,-6.334370365999224e-07
702,0.24853619546777356,0.08755108561479308,1,0.007710309785763434
703,0.3259752055062046,0.08133732921191492,2,0.010897240640253691
704,0.2152036042500762,0.5913689582799492,0,-7.724707597642284e-07
705,0.25058503521590375,0.22899460640086217,0,3.207662846410688e-05
706,0.2708961196873847,0.1245207377117024,1,0.004855923649092504
707,0.04645547878337319,0.45476069467320795,0,-5.615849094031348e-07
708,0.29254968443098633,0.19564260580057982,0,0.0010337584731186257
709,0.30955842669348543,0.06193287152556404,3,0.013786601887008096
710,0.2738314443536165,0.002061521171819,4,0.031199980025404937
711,0.15049268982110686,0.518282652670861,0,-8.408800190395553e-07
712,0.2528933467733086,0.007890595565350033,4,0.028075009326153415
713,0.21342686574828035,0.28544622567333916,0,-1.4335314693061456e-05
714,0.2172976709663808,0.060316074729320455,1,0.008390296939832804
715,0.22617747213552042,0.02928478922187741,4,0.018308914054426403
716,0.21593148977806326,0.595227270354638,0,-7.486585066723252e-07
717,0.21696602181782434,0.04911196776685512,2,0.010981474080628571
718,0.17464037329246535,0.5111461073989498,0,-1.1492094844500003e-06
719,0.2240574803552557,0.319110685154276,0,-1.2105637134701618e-05
720,0.29857773853329495,0.10037156461891358,2,0.009604346184536271
721,0.01060457612053766,0.5145397157291914,0,-2.1591289968616968e-07
722,0.291069155543696,0.04082250112759278,4,0.01807754531560344
723,0.0651090415995866,0.4515370533152022,0,-6.987552915473744e-07
724,0.14904315028635753,0.48458552422643447,0,-1.1608319349847984e-06
725,0.2873899008282529,0.23690163973873302,0,0.00016110067190537984
726,0.13961837544990374,0.4010576944242135,0,-2.4348885093058106e-06
727,0.02121982580376812,0.32726054371298635,0,-1.561786405588013e-06
728,0.0037620770451270436,0.46317692517459563,0,-3.3701991253997295e-07
729,0.2806033099526221,0.16835682506557695,0,0.0017836007099280053
730,0.06438075301040784,0.43430949703373883,0,-8.241008191423745e-07
731,0.018931320241696286,0.3187920057596983,0,-1.6613561326495974e-06
732,0.1792858567792099,0.5231318943427413,0,-1.0678080828071168e-06
733,0.12438047401582335,0.42647495814970277,0,-1.6224027410811053e-06
734,0.22083189103623743,0.2448065911225461,0,-1.3806271171624682e-05
735,0.2511105740755985,0.007783418141795201,4,0.028047146584103996
736,0.20679726328702563,0.058453102003121524,1,0.006994567818346726
737,0.17129756158946868,0.3997446219111804,0,-3.382283959978282e-06
738,0.004383203274983823,0.3614418581731381,0,-9.379228840749232e-07
739,0.2931988377304686,0.09398428167201117,2,0.010204256269396457
740,0.060044375405157106,0.5337864366560097,0,-2.9185267277997903e-07
741,0.09243199912791622,0.5142605909779563,0,-4.90270500369465e-07
742,0.13105362862222017,0.009400771293931992,0,0.0036522805878242202
743,0.009117543964194424,0.38265262260906435,0,-7.954155602242745e-07
744,0.23380014664085255,0.26567761478095037,0,-1.5160566091046921e-05
745,0.251694034018462,0.2008065106749805,0,0.00017148183416142013
746,0.23603094773634295,0.11072579521381631,0,0.0031116136152576465
747,0.11244240131392447,0.5407119878473636,0,-4.5956320145887463e-07
748,0.22968006193837603,0.22867074645231755,0,-5.365949120675875e-07
749,0.21679287446143564,0.28733833657522073,0,-1.4464619530046824e-05
750,0.051522366209980075,0.5255626110647917,0,-2.9101314082756423e-07
751,0.24099481200187767,0.2757640006274857,0,-1.5456286302333796e-05
752,0.19257618519157166,0.3106941874726111,0,-9.90703800292053e-06
753,0.24616148938735227,0.21114780607905154,0,7.662952646334285e-05
754,0.22642695539256483,0.2926606567094954,0,-1.4824595207550228e-05
755,0.16584965153122083,0.48201275428764956,0,-1.4085949699014207e-06
756,0.008557611983691931,0.4442305053067493,0,-4.27309720095488e-07
757,0.2679331144524931,0.17910106384705277,0,0.000814457617054017
758,0.31861577938078994,0.29739702813502883,0,2.8269405574944637e-05
759,0.31055907550490036,0.20490380160198257,0,0.0013225744526606132
760,0.16611671139325268,0.4940991881619545,0,-1.2516108754685718e-06
761,0.17451363820360696,0.5419999221545599,0,-8.431031883384348e-07
762,0.22113055187883152,0.011822784935785258,4,0.02373144541292712
763,0.2405676048502606,0.26076478574908996,0,-1.2895368852849029e-05
764,0.20970216417505885,0.33651691240901355,0,-9.13990872272738e-06
765,0.010690604030799584,0.5774480162963153,0,-1.1519898285205535e-07
766,0.17782163140419902,0.30276964288763725,0,-9.30615066943446e-06
767,0.3117078762747792,0.11083160677799891,2,0.008755124981994595
768,0.07784477527146481,0.5512140449893074,0,-2.9287854978783365e-07
769,0.3093868900762969,0.21754937589430481,0,0.0008317177029348641
770,0.10902366977521837,0.486208726984892,0,-7.659646532938716e-07
771,0.13682164924863605,0.017360310007713875,0,0.003323431023489475
772,0.2833113569697721,0.21135427846520766,0,0.00041134671190821146
773,0.2656126035368925,0.24668953804057622,0,2.5391449626508722e-05
774,0.07733964317347014,0.0077494649008905975,0,0.00046272139237166855
775,0.10588021762212836,0.5704452645080329,0,-3.1971506586622793e-07
776,0.24766611221807844,0.13501587603382342,0,0.0019874530298707887
777,0.2739209003053924,0.30985860741948046,0,-1.5596415705654156e-05
778,0.3244524140100966,0.123281212959125,1,0.00780609971626745
779,0.33268992595208396,0.06957995622292784,2,0.011779827072863366
780,0.003049875403206017,0.38424928669471914,0,-7.367781602113573e-07
781,0.17096373522139194,0.49953093290091577,0,-1.2442118700348998e-06
782,0.2754727569524526,0.1032695644822414,1,0.008059074326377357
783,0.17018243335875982,0.41306092643569997,0,-2.9289701932775477e-06
784,0.2886044686919227,0.06414681887584492,3,0.014023531959323337
785,0.09119679875375435,0.5179750364310128,0,-4.6660329951919664e-07
786,0.20060220493947023,0.5796276339853584,0,-7.508935891298825e-07
787,0.23940446722996692,0.20367345365340467,0,8.034012686079095e-05
788,0.22757032756668732,0.03262905042700017,4,0.01747653908747143
789,0.29140980515645637,0.059991715000752066,3,0.014611334555508488
790,0.2650206316244223,0.031143512178236875,4,0.020636104978643623
791,0.16878112209808543,0.3985528407367857,0,-3.338078640042591e-06
792,0.2507426536805723,0.28100319993786876,0,-1.499572894454274e-05
793,0.3325287744097566,0.21385437099529667,0,0.0018209866065523807
794,0.2852408198395553,0.00465937127293189,4,0.030003255463369738
795,0.07912162818920382,0.4194305355405263,0,-1.107954965567084e-06
796,0.23686183205011005,0.25581537825834816,0,-1.2502177943589756e-05
797,0.11847906835237836,0.5949296988016958,0,-2.838388264190774e-07
798,0.3458269265168005,0.2159352363171281,0,0.002307223829431124
799,0.03135520037991917,0.43701125899902143,0,-5.767602536251453e-07
800,0.25876453406363253,0.21235357496882337,0,0.000137194783259879
801,0.07738530828314158,0.5583708167314788,0,-2.71402676795051e-07
802,0.023405456757086416,0.3144132541436763,0,-1.8149824069018657e-06
803,0.3160207904779633,0.2610534287714144,0,0.00019021697999833741
804,0.17636912616799064,0.29418813998047466,0,-9.937205173560458e-06
805,0.3318784087107163,0.17528546185095165,0,0.004268689665557246
806,0.332007248426539,0.20416672128241112,0,0.0023263504845233646
807,0.3160766155005255,0.1172048307311517,1,0.008248682626648058
808,0.32249045449252695,0.20791491057648726,0,0.0016774719756400393
809,0.3400398744160589,0.2579006789958053,0,0.0005482897750387978
810,0.12289366036733124,0.019366385763416427,0,0.0018351341077971115
811,0.26531312995000467,0.25660093654919114,0,7.771995342296598e-06
812,0.11771655077547749,0.46204445881216527,0,-1.0637358438344098e-06
813,0.16115101704107893,0.42886653424369425,0,-2.2860837900393827e-06
814,0.28534253463495646,0.27856021535946907,0,4.881924458935181e-06
815,0.12526768337857974,0.4984609208750112,0,-7.969668509685336e-07
816,0.16135192595747325,0.42400222603306426,0,-2.404708719788529e-06
817,0.1607534412277402,0.0042634777416304115,2,0.011070823120559969
818,0.29569560427521374,0.11045083011715844,1,0.008421716187810428
819,0.3230997833944974,0.004825928874447993,4,0.029622634623698393
820,0.23752335835850774,0.05667223138082292,2,0.012474673977235737
821,0.2637979448303573,0.162243985180909,0,0.0013027342961092528
822,0.29293799394438436,0.15570332916572546,0,0.003489174477815422
823,0.259970232398044,0.31662432401942214,0,-1.548929813673645e-05
824,0.20186320705866834,0.2998223468258064,0,-1.1822458255416286e-05
825,0.21137653300439802,0.03265854895825611,3,0.014567162061784949
826,0.15420654978571652,0.5493653552294496,0,-6.395306701933262e-07
827,0.3074480607277874,0.2017349633370192,0,0.0013368378808303236
828,0.05983575854417099,0.4638272351767073,0,-5.86245501585649e-07
829,0.2807046229837115,0.13696547637483483,1,0.0043388017990446705
830,0.25753659761689296,0.2867068892760725,0,-1.4860537785834372e-05
831,0.16212571924480657,0.5000140433450861,0,-1.1336764784004332e-06
832,0.24602959495533763,0.2999184350236778,0,-1.5625232150806734e-05
833,0.1352572346373192,0.018451764776566515,0,0.003014787490805695
834,0.11756661914359352,0.01769360074506636,0,0.0015968374575411081
835,0.13998780754672582,0.012030410171511699,1,0.0045245920222212336
836,0.019113211928040094,0.4580636522252366,0,-4.1348590781631197e-07
837,0.19141991863701804,0.05637413808623652,1,0.0049574992355246265
838,0.31744464067024675,0.20979080625984933,0,0.0013812113253431372
839,0.2751970619612625,0.11933229517319303,1,0.005888951856734228
840,0.30263579847479494,0.03476617638384267,4,0.01908520502081149
841,0.16062353714689306,0.5951864957784561,0,-4.3122532730543576e-07
842,0.3428677813146638,0.12695118606232197,1,0.007315937510076264
843,0.1471361677560407,0.5365793928184595,0,-6.772196142203753e-07
844,0.14055985644413582,0.4787640433676569,0,-1.1305013516749778e-06
845,0.25569176606726174,0.26505280835939915,0,-8.50558766185707e-06
846,0.036143234916870035,0.5868007723055605,0,-1.3528515925598233e-07
847,0.03006285128154506,0.5029540894796084,0,-2.944479002205521e-07
848,0.3046009821134052,0.22066127907719757,0,0.0006307706548373011
849,0.1929570324762492,0.3704573441585416,0,-5.605171690541665e-06
850,0.21773790885338026,0.30934192164282215,0,-1.2449903086046427e-05
851,0.037466739007068504,0.4566579183563953,0,-5.037146778848124e-07
852,0.3050698053426073,0.23958344873976295,0,0.0003046354513176732
853,0.2546253260839423,0.25322408069138647,0,-4.78407349098631e-07
854,0.010614022768496628,0.2997012948626399,0,-1.8504137825627095e-06
855,0.07989511284190547,0.5602043670270572,0,-2.732355786439539e-07
856,0.25993113430767245,0.3088646643956175,0,-1.580465128899091e-05
857,0.15421355703507214,0.4581537241586438,0,-1.5919718364900235e-06
858,0.06095370882095889,0.5484624140911066,0,-2.543153173934857e-07
859,0.25151212278990287,0.09913530671599224,1,0.006209882440449587
860,0.2520956648219156,0.17906782936764107,0,0.0004508585511754338
861,0.03909503687828988,0.5367102290577332,0,-2.2992795860568878e-07
862,0.17201663203382653,0.38106508733469646,0,-4.102761911454878e-06
863,0.2795048070410336,0.06569052628071644,3,0.013771035982582874
864,0.12432556564271359,0.43786606291929164,0,-1.4469978245921364e-06
865,0.34142961247132014,0.2384445106651208,0,0.0011114948564864503
866,0.24698586619773208,0.2127751789792138,0,7.315514039069556e-05
867,0.2883824846187271,0.018408331230235997,4,0.024295107202799277
868,0.1223547442718889,0.5159016715674446,0,-6.502376393820272e-07
869,0.022092628786600246,0.40231518748940237,0,-7.438617612489561e-07
870,0.10317548346693416,0.4266540225324126,0,-1.3105600934505065e-06
871,0.27507176464430433,0.0563545717414875,3,0.015278098678591867
872,0.13211082704453536,0.4455521778284119,0,-1.448256028800915e-06
873,0.18947571029660645,0.2937791992038856,0,-1.1203854339673455e-05
874,0.16559122653506697,0.004526848321724275,2,0.01240515383454212
875,0.001200398623987244,0.03660698741168589,0,-1.530710755602311e-05
876,0.06531802102550575,0.554866723418354,0,-2.4916685902573555e-07
877,0.2509058611907742,0.26101152148197604,0,-8.875117983989158e-06
878,0.27509250756522713,0.04211486755106679,4,0.018057922103440396
879,0.02086910629470705,0.5631755149498003,0,-1.4709232580616794e-07
880,0.320298043533567,0.01885429111641912,4,0.023307191515884694
881,0.0301277719833817,0.38520930605888004,0,-9.563862617049384e-07
882,0.22402153632776206,0.00826254648240482,4,0.025585881012457297
883,0.051763838461227646,0.5637277863844035,0,-1.9916550756764544e-07
884,0.3072330380003373,0.21984059553791355,0,0.0007124413803622982
885,0.2565173644047822,0.16902900648643926,0,0.0007913612451951627
886,0.33891347295332963,0.1410360405742574,1,0.006659840930441008
887,0.3136795065489399,0.25926858497910565,0,0.00018614690102346067
888,0.030231137662555294,0.48587695988532315,0,-3.498664901802752e-07
889,0.24031390698490174,0.28763797982189093,0,-1.5823120139411627e-05
890,0.0169283302191187,0.022308676697015684,0,-4.726445589910408e-06
891,0.29584459061942775,0.019217594648930553,4,0.023857328982783123
892,0.3237319215858449,0.2784689558356398,0,0.00011936252068780476
893,0.20400756330478495,0.036771915384799195,2,0.011748859793450932
894,0.2102297629799329,0.26062804221055325,0,-1.5741237309914697e-05
895,0.3012536260962826,0.19812543180069372,0,0.0012496130121567486
896,0.0818361929329392,0.40860683344086246,0,-1.2685054771695867e-06
897,0.14417731900938863,0.5016929642104677,0,-9.319489342529381e-07
898,0.33224671720887383,0.20867343582608638,0,0.0020816124989344736
899,0.33565819971267824,0.30199620309004527,0,6.33852714178575e-05
900,0.15336997162488905,0.5650678900136626,0,-5.420582563038831e-07
901,0.23365920830529902,0.06681403190866661,2,0.009635962274622928
902,0.21430982090529016,0.05212077657939279,2,0.009738008052263273
903,0.2602241722235852,0.03182256698987988,4,0.02036709622791823
904,0.06028972686737502,0.5517959674473984,0,-2.443516559167181e-07
905,0.01739976644003977,0.3799945108162172,0,-8.872925426088623e-07
906,0.2158344612966379,0.2847430542178247,0,-1.4604886097117868e-05
907,0.01919169729471268,0.48958210792649204,0,-3.019397958970885e-07
908,0.0028979880148962463,0.5559544547539111,0,-1.32124895604156e-07
909,0.23229098746365684,0.3101653690744227,0,-1.3793826710488132e-05
910,0.018704739893253268,0.590474102164488,0,-1.0955850671613837e-07
911,0.3450729759546718,0.18482441161514113,0,0.004173204012806316
912,0.3074090546441717,0.1000171038074376,2,0.009714706853421557
913,0.060256218953128424,0.4287533707833599,0,-8.360256626125867e-07
914,0.30559895717212054,0.1507639801747325,1,0.004832209423280665
915,0.031013172141473307,0.5768257818129784,0,-1.420088948853862e-07
916,0.017954914201214315,0.31254757033913005,0,-1.7512040292211147e-06
917,0.1275637039482741,0.46695744608486484,0,-1.1173628192143387e-06
918,0.27590407761665287,0.2838342400243693,0,-7.850814749541387e-06
919,0.13804673779499108,0.0224351218705064,0,0.0028657853098953663
920,0.10663387294481019,0.5843531042491404,0,-2.8030654400522033e-07
921,0.28560087440332826,0.2697661192303595,0,1.856417773068007e-05
922,0.25308501576329756,0.2571642392150289,0,-5.0991551090256845e-06
923,0.33061117653413885,0.2586861312566496,0,0.0003787763166338837
924,0.16574274816741313,0.006589636840832935,2,0.011712012604639605
925,0.17473537651885251,0.4097747547082804,0,-3.166929071418607e-06
926,0.21038970771484555,0.5738031181015176,0,-8.775858748693242e-07
927,0.33764238581903094,0.13775867946297346,1,0.006847012418086417
928,0.3365463594905727,0.13404053252648054,1,0.0070621072445977385
929,0.19280104597815775,0.013325401035354421,3,0.016992543523667535
930,0.01252017577011491,0.041072421564203605,0,-1.4418623149230116e-05
931,0.3131811542787089,0.1850612636573618,0,0.0025313863828141455
932,0.3020688812333301,0.06404173041621632,3,0.013760316338037908
933,0.3460421636521963,0.17849568216973424,1,0.004597776918742229
934,0.06718966294906,0.5908030441314082,0,-1.7723235123654571e-07
935,0.25038401443241814,0.209315912302947,0,0.00010578808867697601
936,0.3283758848984744,0.18998073860932968,0,0.0030402826986972854
937,0.07286580492740621,0.4103302990932259,0,-1.1400117313025915e-06
938,0.25534780561294856,0.19213351179588697,0,0.0002972750889332039
939,0.231810968215257,0.24833052191969573,0,-1.1643167438469684e-05
940,0.23714895047751297,0.22872477533242214,0,7.934854788831738e-06
941,0.23734585207643255,0.09652628241639281,1,0.004921228231396851
942,0.09351943040799626,0.45914151074112747,0,-8.600348717183453e-07
943,0.2185056666291074,0.5793953299465548,0,-8.998742933883413e-07
944,0.042978168080074444,0.4319281941435973,0,-6.815359055487138e-07
945,0.00528972227805837,0.4999045760032982,0,-2.3701683530612654e-07
946,0.08455779975914272,0.5336069963722809,0,-3.734803398193127e-07
947,0.2376145359918218,0.2252415254230391,0,1.3857237172574357e-05
948,0.18846534549369787,0.5534955813184941,0,-8.638547755103866e-07
949,0.2979387629084955,0.020014664326340387,4,0.023530189742001887
950,0.059549059495390154,0.4394354167241678,0,-7.46042693106952e-07
951,0.08824396370280013,0.5276231389361705,0,-4.1137864996768447e-07
952,0.21721614032685269,0.3323893367705546,0,-1.0170324799480113e-05
953,0.060748914358762285,0.5714364305491206,0,-2.0170262578389062e-07
954,0.1835227059526187,0.0025148129559877525,4,0.018864324727126187
955,0.0011747103284992025,0.45283481199478876,0,-3.6420412476129513e-07
956,0.15058241998353974,0.44264802348526044,0,-1.7926959940317863e-06
957,0.3068066398790532,0.02068695064238929,4,0.02305518618815626
958,0.2042857155869241,0.5811188966921338,0,-7.674829693563377e-07
959,0.18646849477077632,0.35427480972099484,0,-6.166353475624865e-06
960,0.1650400148827548,0.44833315087827685,0,-1.956460128395981e-06
961,0.23740619654079223,0.206725036794572,0,6.0059472835954014e-05
962,0.15638439112825284,0.47364867247449766,0,-1.393399376048317e-06
963,0.34636709551929307,0.26442913667875284,0,0.0005369226279288346
964,0.18271394911405983,0.3919706659558574,0,-4.0934139580245585e-06
965,0.2007939426553781,0.2962490409168163,0,-1.2070556467027252e-05
966,0.2758131117586598,0.1427601228056268,0,0.0033683212873882656
967,0.1597581378532291,0.48910532929148137,0,-1.2347839873593525e-06
968,0.03423468920925136,0.394182945691819,0,-9.109171197973608e-07
969,0.02843768898501424,0.36450148042564423,0,-1.1567137654935182e-06
970,0.017711183078348167,0.45234193020651464,0,-4.317447590804256e-07
971,0.011102100698898415,0.3097199594073963,0,-1.682265379968851e-06
972,0.23411903956970695,0.3070854667784527,0,-1.4248837535829522e-05
973,0.20326223112875574,0.32687584476114445,0,-9.417113136593518e-06
974,0.017469721606897547,0.4429156639133447,0,-4.7327828953565824e-07
975,0.047013992018420735,0.5922698596005278,0,-1.427761929813351e-07
976,0.1216131755080865,0.573458759737081,0,-3.629989806741435e-07
977,0.2282290770775123,0.2711162065092046,0,-1.581585163902389e-05
978,0.2658887406117361,0.30640929351344043,0,-1.580262205097961e-05
979,0.2570391284271409,0.012669715542023507,4,0.026327144430765632
980,0.14974636012198836,0.48886874092640203,0,-1.1200049838289344e-06
981,0.1722742671028876,0.024506500315209435,1,0.008015116993749937
982,0.08991976731672674,0.5773221217823852,0,-2.5449403996396763e-07
983,0.22700824198690744,0.2516549389838976,0,-1.3972585187602451e-05
984,0.13499442847292348,0.00023431745917898428,1,0.005868281059399352
985,0.13079947621462024,0.45092285863186043,0,-1.3547009353544827e-06
986,0.26002873300736223,0.1138999748345185,1,0.005096239381945746
987,0.08140528958159662,0.4763253117010942,0,-6.417354176380633e-07
988,0.0092415118920737,0.3099974203945315,0,-1.6467248643452227e-06
989,0.18702442977398487,0.5557592717820526,0,-8.324645925420787e-07
990,0.33014421985678805,0.03586306892078933,4,0.017683512737204917
991,0.19312589567198485,0.3130815104383104,0,-9.741877927164552e-06
992,0.3420224900117752,0.08600958689790558,2,0.009753750895994817
993,0.01349553696826325,0.3453608859429408,0,-1.2065007691911054e-06
994,0.036623341266931425,0.4279808777480859,0,-6.653731330373949e-07
995,0.136216379864303,0.5250996197458268,0,-6.811370156137521e-07
996,0.16255359957602744,0.5362711334353139,0,-7.923364008846775e-07
997,0.16217385859821007,0.5044307862369202,0,-1.0852264959313742e-06
998,0.04279368438070516,0.016414876315240055,0,5.200641525863728e-05
999,0.31029342686043354,0.297649704200079,0,1.2401087503919084e-05
1000,0.06301662349088959,0.47924729388042187,0,-5.186928231123125e-07
1001,0.12276885037845353,0.5038874162932443,0,-7.362757604891807e-07
1002,0.18757068935872745,0.005670726687973825,4,0.018692120515314405
1003,0.043239058997066,0.006435305793674198,0,9.652232253918887e-05
1004,0.02288390146591643,0.3562397999912853,0,-1.1885329997611553e-06
1005,0.037714519939410024,0.45954048025639194,0,-4.906151330400971e-07
1006,0.24293818376286536,0.2433979377443084,0,-2.057419777888852e-06
1007,0.09439494559313605,0.45529306056228275,0,-9.016226196494952e-07
1008,0.04311243925814173,0.4373112700682863,0,-6.466862865537771e-07
1009,0.21584835256484566,0.33436082537734446,0,-9.866706988597006e-06
1010,0.249176465441147,0.24701888301298236,0,3.424791868835396e-07
1011,0.0376632242190337,0.3941986698338298,0,-9.425021001175187e-07
1012,0.13325455690512011,0.5877260891653276,0,-3.535322081776515e-07
1013,0.3233027021703794,0.04504320940246249,3,0.015951417388222658
1014,0.001320493577228606,0.517886196272669,0,-1.903121833097251e-07
1015,0.2517354034738782,0.10987486386378116,1,0.004746795398011995
1016,0.056178475375450364,0.5089508545143773,0,-3.599580355516904e-07
1017,0.15715999382780302,0.461721046266275,0,-1.5820431485201853e-06
1018,0.2292262118055744,0.3331970538949047,0,-1.1227634800758208e-05
1019,0.27321646928886834,0.24468286743352444,0,5.047758752617876e-05
1020,0.2826901786677692,0.23178543486755615,0,0.00016527494676003956
1021,0.0021064804197821543,0.04828355664588755,0,-1.5749017130862648e-05
1022,0.03971770307077163,0.4137754816765113,0,-7.910035610334058e-07
1023,0.30280304849574224,0.28996589939579337,0,1.2918826895733916e-05
1024,0.2140218970996145,0.2552129885534907,0,-1.5767732726098634e-05
1025,0.23691882784802903,0.07678484517177986,1,0.008106874680512048
1026,0.31033413516924924,0.1812810636183992,0,0.0026244765801194145
1027,0.04727266774465398,0.5269754500603614,0,-2.750061943164733e-07
1028,0.10810132995488499,0.47131923819038624,0,-8.807796412284621e-07
1029,0.22766135873287213,0.5832153777782454,0,-9.490137668317343e-07
1030,0.11457585218479636,0.559613084470535,0,-3.8861109826206707e-07
1031,0.30739711603987613,0.10379570669360648,2,0.00936357590797733
1032,0.2450134750979677,0.10025427707239153,1,0.005291253305082045
1033,0.005034302637314525,0.02178851221032129,0,-1.1139546823430137e-05
1034,0.2458844128012856,0.32388633278593976,0,-1.3779833847627368e-05
1035,0.18408408336192678,0.3318127455424819,0,-7.497112173802999e-06
1036,0.2203358726202167,0.30615896342582927,0,-1.3023286230261324e-05
1037,0.34856434609106374,0.2645528587420258,0,0.000575997905459465
1038,0.10121059250393026,0.5630040927960583,0,-3.287204033852743e-07
1039,0.29395241082814183,0.23916730986380755,0,0.0001946511015319495
1040,0.14876383732903542,0.49565497555646837,0,-1.036320777237737e-06
1041,0.056960464734637395,0.4921113187702455,0,-4.293142201909811e-07
1042,0.1584820191688479,0.3963605622070081,0,-3.0794411840303445e-06
1043,0.15440751208769518,0.4022488478158152,0,-2.788243288560073e-06
1044,0.10534508202140666,0.5683489366464941,0,-3.2474773660613486e-07
1045,0.10581836935580231,0.41207920133194986,0,-1.556660582873464e-06
1046,0.08932664960722103,0.49827953753917664,0,-5.576601772771251e-07
1047,0.054517790557274265,0.5153164406675909,0,-3.322030215357263e-07
1048,0.26036923608227475,0.006602357751247706,4,0.028852510301595934
1049,0.0701485720531492,0.4785281703318314,0,-5.610056384420387e-07
1050,0.2462392565675541,0.30786804325775446,0,-1.5171944282849341e-05
1051,0.3363597538742583,0.24061858002204217,0,0.0008908182832901909
1052,0.11561709587344461,0.5620083743838932,0,-3.833792672660693e-07
1053,0.046552128279909996,0.5478882117878315,0,-2.215111639423737e-07
1054,0.2511739324152063,0.022109706121105993,4,0.02287979275103633
1055,0.31687504122534615,0.11428973797093195,1,0.008482092479496878
1056,0.1599364852604508,0.027951617335702013,1,0.004951779107729268
1057,0.29989683571677245,0.14832041578579577,1,0.004676923685932524
1058,0.07273338721862796,0.013482087995627959,0,0.0002914680148889333
1059,0.31721203078885823,0.034684316612303895,4,0.0185347335691016
1060,0.26356991644423744,0.19061554869574254,0,0.00044181697776762564
1061,0.34842197133768993,0.18298345910096042,1,0.004399001357742938
1062,0.1779418362229597,0.042834449518438726,1,0.00520430444805345
1063,0.20520796739990213,0.3204846358773486,0,-1.0163344637928653e-05
1064,0.24583050660527733,0.17414095938399812,0,0.0004306112442272111
1065,0.003166299974400804,0.33092552243927453,0,-1.2571987302563307e-06
1066,0.223710315146031,0.09413012112373542,0,0.0037149259231137174
1067,0.08834804368193969,0.41981060137088655,0,-1.2102661123109737e-06
1068,0.19215492013290314,0.5697338467868787,0,-7.619460670511022e-07
1069,0.03016525009795557,0.3682055856172375,0,-1.134056192979949e-06
1070,0.24227300601581042,0.1439268385152655,0,0.001219447050254101
1071,0.24296478507459032,0.1388219803223055,0,0.0014996759612412763
1072,0.028946882497051622,0.5683098198481956,0,-1.5147306905445345e-07
1073,0.04090570531009477,0.5326235566251278,0,-2.4389016452916113e-07
1074,0.32311229833792027,0.02470978464084564,4,0.021161789555386067
1075,0.21690712863589018,0.29515582454931194,0,-1.3760348416888226e-05
1076,0.13050987481319448,0.5907143139333552,0,-3.338490337807682e-07
1077,0.349254328869309,0.18333110128987187,1,0.0044033102373920935
1078,0.03199358102584133,0.520717853547086,0,-2.513265135650938e-07
1079,0.2432994248578569,0.28546137854806863,0,-1.5817607625449367e-05
1080,0.2890692119021332,0.1757580996374886,0,0.0017980141699045712
1081,0.1795282279059154,0.03357069298342075,1,0.007346431580659613
1082,0.14584316347808948,0.5146896207064642,0,-8.321056454066372e-07
1083,0.34670274857448014,0.014351839752577755,4,0.024376247391565155
1084,0.1310630237385447,0.5454263013693289,0,-5.279819247955403e-07
1085,0.3145601008993125,0.23909302243687938,0,0.0004481446825759572
1086,0.2136713501897032,0.2820632555123707,0,-1.464833387016622e-05
1087,0.33320216837105143,0.09531509682453398,2,0.00946165353111659
1088,0.01139110767716104,0.34342748471260004,0,-1.2044660728607644e-06
1089,0.2262944778760702,0.32584934729201304,0,-1.1659951185564064e-05
1090,0.29595797185133105,0.15491256525407854,0,0.0037764427988501853
1091,0.18522286602220156,0.5902314427439306,0,-5.7925366915466e-07
1092,0.05028103055934123,0.3974233057358109,0,-1.0351609669752737e-06
1093,0.011857214561575721,0.4173816551046841,0,-5.776415497238492e-07
1094,0.26206992650077726,0.12561011686057302,0,0.003917731694085162
1095,0.20745654798168323,0.043682223507484116,2,0.010553327711964327
1096,0.2684798031671535,0.06911889857697592,2,0.012853430617559643
1097,0.2095394150537777,0.32923972252874856,0,-9.76139750939839e-06
1098,0.11063922368848497,0.5270549878656057,0,-5.174088206644306e-07
1099,0.29680992091620784,0.19115738924878883,0,0.0013746774370909285
1100,0.1031843689167404,0.5712345990681905,0,-3.08776063860014e-07
1101,0.27282068331394904,0.12911264193029895,1,0.004505888343099331
1102,0.04179401020594603,0.48296542925769315,0,-4.0430232642319355e-07
1103,0.2900154563312667,0.021813213851881952,4,0.023116915770482735
1104,0.06857716161528946,0.4688204305160918,0,-6.085692940884979e-07
1105,0.07009677116169574,0.4665705437225429,0,-6.319339886787883e-07
1106,0.06837913317776344,0.5414557949903497,0,-2.9377135576690544e-07
1107,0.26757525522706993,0.07250401934230959,2,0.012224196712974932
1108,0.20668834285974969,0.3316639315423407,0,-9.298281322631992e-06
1109,0.00027602454951590125,0.35235140677158033,0,-9.858833193912925e-07
1110,0.3441572627001832,0.30753345405693844,0,7.401449449888628e-05
1111,0.1972404600912665,0.5993007567411975,0,-5.964604182775723e-07
1112,0.03270295631220087,0.45352387669680577,0,-4.955987737767519e-07
1113,0.08147366644184448,0.5903126767760224,0,-2.0541355908624347e-07
1114,0.3043803876192245,0.04618218900793933,3,0.016550767466900623
1115,0.18694794232149112,0.36345151576126655,0,-5.661186372223881e-06
1116,0.025027787786756343,0.29783284897577667,0,-2.177040677191384e-06
1117,0.21259558429048406,0.30780031357243376,0,-1.2092995000574596e-05
1118,0.34471833036751814,0.2769404442849241,0,0.0003129814139612245
1119,0.3364764889658527,0.019959680324444107,4,0.022366798687333607
1120,0.01187570703094019,0.529644507110874,0,-1.8801603776527776e-07
1121,0.2819741324539188,0.10589237765583148,1,0.008201158242792297
1122,0.11980431496031556,0.026246159925616786,0,0.001234136192322778
1123,0.2512758037637087,0.08042123233713054,2,0.009312030877886365
1124,0.15333466860030853,0.5099431041216284,0,-9.403025638003078e-07
1125,0.1401196969161944,0.47235316437842106,0,-1.20004930231497e-06
1126,0.3180608994566705,0.15930639915975767,1,0.0048192986310091595
1127,0.3086119459022383,0.21975946628827434,0,0.0007489162301234614
1128,0.0603765369504488,0.012466221269128868,0,0.00017084694854343135
1129,0.252918464076501,0.015784254561079097,4,0.02506220580531266
1130,0.11066741370396829,0.012092267308477367,0,0.001527613510399871
1131,0.15432859824834774,0.4184566896544153,0,-2.369771695918173e-06
1132,0.20989863707721274,0.2884062631542843,0,-1.37366593547669e-05
1133,0.28187495493311115,0.189592651448658,0,0.0008985212645703531
1134,0.10871647937172395,0.017488067051794638,0,0.0011346869209173807
1135,0.29551951823647776,0.02426268286580366,4,0.022207638134251462
1136,0.29508078499970314,0.10435815945936706,2,0.009076129246297169
1137,0.009647815494499792,0.5464336422599766,0,-1.5545911975270418e-07
1138,0.041652773809956856,0.4649377816078268,0,-4.834871769884985e-07
1139,0.08905758230350978,0.5609757520982883,0,-2.971167559923996e-07
1140,0.09757518190717304,0.5328632865950124,0,-4.2850360281357297e-07
1141,0.05581250827789645,0.5943374629137541,0,-1.5270141119433386e-07
1142,0.3008282963805791,0.26049928049106735,0,9.586580203051612e-05
1143,0.13264226698566134,0.5828573912442047,0,-3.689071176804046e-07
1144,0.09045252524682121,0.5895187406590284,0,-2.2647528873035117e-07
1145,0.3019199148949511,0.20128374946038366,0,0.0011477072887933176
1146,0.26379937568804923,0.12857846430411196,0,0.003758918904979899
1147,0.18671798080871888,0.02716787964222331,2,0.010617007921667272
1148,0.005815222178942519,0.008174016003444237,0,-2.2300831933568422e-06
1149,0.33513842909176084,0.034481695584188454,4,0.017817532879464627
1150,0.2616557755391452,0.1254499566239802,0,0.0038974260135610024
1151,0.012996435210627776,0.44927971512530057,0,-4.2468989320688304e-07
1152,0.24955562345919663,0.03446851087441909,4,0.01921514073475152
1153,0.1797418368971103,0.36223099666444264,0,-5.337507202384297e-06
1154,0.20919890343232986,0.003985037954260667,4,0.02493994325343485
1155,0.20605710871839555,0.04344894597818619,2,0.01033173247710993
1156,0.2694445887592213,0.2169988485538097,0,0.00018056245257439316
1157,0.2088200427461247,0.2868548292775765,0,-1.3781741298311512e-05
1158,0.005006776430300724,0.46997795362418254,0,-3.1880092592453386e-07
1159,0.05319257776595768,0.4369339225768399,0,-7.178871568928255e-07
1160,0.1825315084026215,0.31969365712976333,0,-8.295774200104114e-06
1161,0.3305735032573772,0.05752769475710581,3,0.013453524805901689
1162,0.12457712698797911,0.4686605714049821,0,-1.0662289571916609e-06
1163,0.2665761475242505,0.12283986706247807,1,0.004647586897870914
1164,0.3007615537363354,0.27805272379165785,0,3.260304421034387e-05
1165,0.3047221770010852,0.14326773838422027,1,0.00549116725762322
1166,0.1334274949816732,0.4724713146102921,0,-1.121176988863551e-06
1167,0.2602172846535425,0.06798912802664972,2,0.012523102279965604
1168,0.32299589204537854,0.23637753265911912,0,0.0006694927305272503
1169,0.3336403773896259,0.2155155803703482,0,0.0017861875548275989
1170,0.18166624129730763,0.3178870765845245,0,-8.37042997564802e-06
1171,0.010402917598218847,0.3555114506188889,0,-1.0569012453564147e-06
1172,0.16789715983573036,0.5363805079475911,0,-8.348329608531538e-07
1173,0.09437611713586228,0.5165272833932327,0,-4.886789129077e-07
1174,0.2612398037681567,0.20049335669333027,0,0.00026500754070174373
1175,0.0932616092633846,0.5418005585096441,0,-3.7534806306537606e-07
1176,0.042663472528566324,0.512587636069717,0,-3.0327226994388996e-07
1177,0.30848467391781953,0.14186823874534218,1,0.0058459847173190456
1178,0.03600444598660202,0.5749293053601167,0,-1.521262931984368e-07
1179,0.09331825019167175,0.007479003333800808,0,0.0009193137437829985
1180,0.2558390900933484,0.2758893951106249,0,-1.29132512427219e-05
1181,0.11623267854701633,0.5675875722466416,0,-3.6481215208868707e-07
1182,0.16452971367287533,0.5365109108823994,0,-8.061859114916822e-07
1183,0.13268240758033778,0.020214397231590603,0,0.002565346735751686
1184,0.228340501048643,0.1027617919411792,0,0.0032204155002979527
1185,0.01959229830195962,0.5865840961057643,0,-1.1491861384085256e-07
1186,0.3291603249232136,0.08504324002898117,2,0.010430694545081555
1187,0.21906945786073803,0.05931106162653087,2,0.008914584371616161
1188,0.3143022268500025,0.017631904947190385,4,0.02394786427067269
1189,0.21234094650459492,0.3288985213496504,0,-1.0044626589562499e-05
1190,0.009774644252744678,0.0598874872433033,0,-1.5703921398659287e-05
1191,0.20073589177087103,0.3361979386749699,0,-8.427543029142544e-06
1192,0.2874578897543075,0.012807777012415044,4,0.026401878626783223
1193,0.28976143579492614,0.24070630059070433,0,0.00015009220802967316
1194,0.2452574988614527,0.17863491899005565,0,0.0003485611883461468
1195,0.16656137819405178,0.3859674734979801,0,-3.7013894480110505e-06
1196,0.1848730156929093,0.548443905770834,0,-8.7660650861803e-07
1197,0.06167884731626979,0.5321614610164369,0,-3.0151603011948476e-07
1198,0.02673022370626834,0.4747721886139027,0,-3.775214546847474e-07
1199,0.03401742608657016,0.0031571792759740175,0,6.885706227245699e-05
1200,0.2740033972974601,0.203174702568848,0,0.00039866847997287126
1201,0.20019904369206692,0.011373372458640375,4,0.019707613058384574
1202,0.321100090813015,0.25167730921570075,0,0.00034864107510557726
1203,0.013413135795079002,0.35126319724696764,0,-1.136423630807354e-06
1204,0.011996508102053887,0.3627309607740804,0,-9.990711551334542e-07
1205,0.27152189078921996,0.09786122984526936,1,0.008502103533340683
1206,0.0008028447033967762,0.34858930523703174,0,-1.0290775847260036e-06
1207,0.12388976437693398,0.4949718447422253,0,-8.139858724630191e-07
1208,0.05374560523000271,0.5196427363265064,0,-3.1569347170048596e-07
1209,0.12504737070684022,0.5888226111887798,0,-3.22164176872368e-07
1210,0.22579386289908296,0.2721499753839835,0,-1.582441049778597e-05
1211,0.34097810486686,0.05111367088332058,3,0.013967616293912032
1212,0.3279145977706377,0.22425893057733592,0,0.0011804719926583828
1213,0.19627307695926258,0.29520285715031475,0,-1.1727846515778076e-05
1214,0.1444164241914328,0.4169312105229662,0,-2.1797005022784197e-06
1215,0.19390373904792613,0.37262577907150446,0,-5.537978733058884e-06
1216,0.17790946043673594,0.5717067694092237,0,-6.480456777366015e-07
1217,0.09754715579611453,0.5431469849474163,0,-3.8652119150565387e-07
1218,0.0425690262482115,0.01395750158577569,0,5.9932397749485056e-05
1219,0.1818388753404311,0.5964833777148985,0,-5.260785597105626e-07
1220,0.17123418161810416,0.549190125340684,0,-7.593511380927001e-07
1221,0.17403767642635914,0.3738330526282515,0,-4.4975527256728375e-06
1222,0.19688164799962724,0.024293835671488084,3,0.01402395361832062
1223,0.15227132303496754,0.4555655098344833,0,-1.6023370033861585e-06
1224,0.10264567817312661,0.004223341934526066,0,0.001531267968870744
1225,0.22001766081182006,0.07605818977850343,1,0.005808181870620247
1226,0.24971463006399722,0.309129258347481,0,-1.5321150191581378e-05
1227,0.005701422619577963,0.5055987474183121,0,-2.2482065291304914e-07
1228,0.22967561029540595,0.283679741548171,0,-1.56145432947119e-05
1229,0.15883061829134845,0.4541425832340992,0,-1.73521977806782e-06
1230,0.3294918909309054,0.1908356483902648,0,0.0030417474738925593
1231,0.2804468840549975,0.26642353522244194,0,1.550944227008615e-05
1232,0.24673504562020598,0.037877944880925836,4,0.018121134164572443
1233,0.3420728020942016,0.12086248292277836,1,0.007636848527418933
1234,0.18791266074614996,0.5768212370982396,0,-6.803935998446734e-07
1235,0.1374849039968745,0.4300474623122601,0,-1.784203111407491e-06
1236,0.031235576945218748,0.44514286155900573,0,-5.310827460947092e-07
1237,0.011697250894285537,0.02055144974533337,0,-7.126369873884125e-06
1238,0.26362452165774536,0.009303701944554627,4,0.027789185706534363
1239,0.18109560610316652,0.38678704318435475,0,-4.241201192646358e-06
1240,0.13896474507892906,0.018330934729585045,0,0.003457793357230217
1241,0.2879300331995001,0.2991385359504772,0,-9.705288943834028e-06
1242,0.3366607186802624,0.0887840792435021,2,0.009791978432893849
1243,0.10876916173181879,0.4446554297458169,0,-1.1575680864371935e-06
1244,0.055165517190235804,0.47124669984903905,0,-5.195183776481083e-07
1245,0.007032388916049978,0.38181916455838893,0,-7.855387845696122e-07
1246,0.13071847280837268,0.5405654493016957,0,-5.523747760164597e-07
1247,0.03269556577903555,0.47851804933487113,0,-3.859685973878848e-07
1248,0.10677135346826497,0.5543685315961469,0,-3.788305617420251e-07
1249,0.008216362394619857,0.4425490362525765,0,-4.330765846573529e-07
1250,0.05149446557188213,0.4930190613982949,0,-4.028314920048383e-07
1251,0.2705002102682818,0.19886341902259885,0,0.0004142872436165284
1252,0.031897788690458576,0.5916725609878053,0,-1.2350243365070971e-07
1253,0.10221651271104876,0.41548919490657676,0,-1.4513586618650725e-06
1254,0.24018807303345238,0.2085464214709477,0,6.344092945832624e-05
1255,0.14846485302429668,0.47037104412261865,0,-1.3303919202993877e-06
1256,0.05358677631170132,0.40628924005354666,0,-9.79141061209859e-07
1257,0.1570526992270901,0.5378094473041711,0,-7.385529614584638e-07
1258,0.0003006234142787223,0.30658255264769824,0,-1.5583665327064347e-06
1259,0.0012563857054671956,0.30077164155432795,0,-1.6674108014699775e-06
1260,0.1357346614401793,0.5323770172367479,0,-6.302942946287323e-07
1261,0.1070569180943318,0.023177868622652698,0,0.0008378175503970773
1262,0.13786086150695692,0.49663175415038124,0,-9.204168933723375e-07
1263,0.1585492241218517,0.3863527805324566,0,-3.404856522610245e-06
1264,0.2944934400160744,0.04386292649036254,3,0.01734833912346188
1265,0.32465341827257527,0.15112953386100947,1,0.005780645621948822
1266,0.02645900884346364,0.003990162059322532,0,4.001646251975187e-05
1267,0.044868706494576985,0.5914614632183863,0,-1.4088361075465534e-07
1268,0.267203218574678,0.12246371863650425,1,0.00475132829714297
1269,0.0994435687996478,0.42505611357951106,0,-1.2829640089817111e-06
1270,0.02055939442494232,0.3150351438270516,0,-1.7532019100925593e-06
1271,0.3460161963048207,0.0986166775168631,2,0.008683422109211351
1272,0.10214831850115558,0.4284770556743626,0,-1.273760884817071e-06
1273,0.09945121554876937,0.5930692418166953,0,-2.3912783873542936e-07
1274,0.2756180850552547,0.04988848729074968,3,0.016478186862132677
1275,0.09992580950721625,0.5304121860108603,0,-4.4956591429629686e-07
1276,0.18274935574847004,0.3688163907243773,0,-5.151823818811881e-06
1277,0.11939933961608629,0.4623290586445088,0,-1.0786837809539774e-06
1278,0.1511764812077395,0.5487328143340752,0,-6.244115457398355e-07
1279,0.08956299397038624,0.5497401383724778,0,-3.341282024750999e-07
1280,0.07405440457032253,0.5433694122252544,0,-3.050107482102586e-07
1281,0.0716805521611283,0.5726180408313456,0,-2.2232940603593362e-07
1282,0.2013260617302621,0.5685424785381268,0,-8.449845049010896e-07
1283,0.09876433611595452,0.4626399891668031,0,-8.751216381691393e-07
1284,0.267543970347805,0.04930268079417355,3,0.01648719795822691
1285,0.14834257191063663,0.533958421398623,0,-7.036255135586153e-07
1286,0.035325985448934956,0.35740010206878187,0,-1.3302651956299774e-06
1287,0.21021848902126403,0.06895208067708594,1,0.0056000851202341944
1288,0.16338872622821551,0.0008040507146195308,3,0.013125014528575075
1289,0.19025158431189615,0.018016929842356068,3,0.01453019922540998
1290,0.22608329181217585,0.09565695037374312,0,0.003782685491018705
1291,0.3198317307276799,0.16016036440840467,1,0.004842635215829719
1292,0.11492097825729232,0.5245786501976752,0,-5.53548571912528e-07
1293,0.31378863777224725,0.1036820500546221,2,0.0093567995682839
1294,0.02445937642441138,0.3628001240872869,0,-1.1307268342112892e-06
1295,0.04553742022308591,0.5050622778921918,0,-3.3649694311108695e-07
1296,0.020144142768372772,0.025999644535163367,0,-5.086817794155385e-06
1297,0.09251048803161115,0.018194397442074718,0,0.0005638081372091412
1298,0.2247138066449587,0.07742158999730488,1,0.006240298507521825
1299,0.04361529429535568,0.5852908173735667,0,-1.4798629619913334e-07
1300,0.32506448936652704,0.04827478035282015,3,0.015252694137734817
1301,0.2949158741141372,0.1424247430316897,1,0.004901206726252914
1302,0.26085671383649167,0.21551566248852158,0,0.0001298409278386937
1303,0.07895364298721144,0.4170937186334162,0,-1.1322461001185335e-06
1304,0.27000413316955096,0.0817106115699631,2,0.01086437321752949
1305,0.049943221018530104,0.4484133079413925,0,-6.195973967827246e-07
1306,0.30285599033920285,0.02956153443629453,4,0.02043259094449134
1307,0.30413870150517375,0.06496263534388735,3,0.013570426946937232
1308,0.020166921373169333,0.45239395491749523,0,-4.422366236445651e-07
1309,0.3389068650246081,0.1338386753306551,1,0.007046415379933483
1310,0.025777357810171684,0.5666672145708469,0,-1.491829220073679e-07
1311,0.10075764899125232,0.021334299435250604,0,0.0006977355698380271
1312,0.20169519967557614,0.06384223718973146,1,0.0052199999337155046
1313,0.14174339013102105,0.5747209143413557,0,-4.382432216188933e-07
1314,0.0882017794384369,0.583845499067389,0,-2.3436708742796577e-07
1315,0.17808227756006276,0.3196028663231564,0,-7.958732137288621e-06
1316,0.2568952358803425,0.3118617046692819,0,-1.5577620518904963e-05
1317,0.03492690802608279,0.3613241473074435,0,-1.2739978575255172e-06
1318,0.3480719459233226,0.11313717572113041,1,0.00780180126909813
1319,0.21281309603217338,0.037121232349061756,3,0.0134943353435514
1320,0.34157686228953826,0.10425476537938394,1,0.008541414656619912
1321,0.01231218625202029,0.2829606766722771,0,-2.2247663379771288e-06
1322,0.10656953427462089,0.007842630525130477,0,0.0015438992292787677
1323,0.01580034194341373,0.02000208777522956,0,-3.8029477720534216e-06
1324,0.014111037302224745,0.36123857921635777,0,-1.0357380091285138e-06
1325,0.22465589289179777,0.296226944600559,0,-1.4374230437626764e-05
1326,0.03878325070481858,0.4210744344985031,0,-7.284967488514317e-07
1327,0.14146200251778773,0.026800584031433327,0,0.0027463311197228144
1328,0.33266722114337705,0.2312218796570097,0,0.0010850643208895293
1329,0.3384420880592022,0.20495707966503696,0,0.0025938992086857464
1330,0.06039489967208625,0.46032940591481286,0,-6.105132421894059e-07
1331,0.2443127165557567,0.007597447987245626,4,0.027777409768947263
1332,0.3237440380913814,0.2728424037695382,0,0.00015624193242097645
1333,0.025303640463452765,0.5782568179315674,0,-1.3223056703303003e-07
1334,0.3181454559763825,0.20174085877079537,0,0.0017959295762643448
1335,0.23676150197424098,0.27988786994718223,0,-1.5826393023685737e-05
1336,0.3172835189705578,0.26476971985596476,0,0.00016987985218326723
1337,0.3017871848312675,0.3035633208167236,0,-3.892386038700754e-06
1338,0.23502138778375892,0.30892343658198995,0,-1.416381847802859e-05
1339,0.3357300448775149,0.16438858379161944,1,0.005189906454453794
1340,0.2532675781365278,0.21885305776113603,0,7.350746534274688e-05
1341,0.26662252548866483,0.05971287551009412,3,0.01444286855854962
1342,0.11751564088268589,0.43924625933104056,0,-1.3333804194825051e-06
1343,0.12580352210206575,0.4286798033190597,0,-1.609737698283267e-06
1344,0.22779474847216735,0.029913777075686987,4,0.018347114815208374
1345,0.27454777074928977,0.002322544591789044,4,0.03107990056813798
1346,0.09833793713684555,0.5605336066494258,0,-3.274136918126537e-07
1347,0.0750014475262802,0.540483460556844,0,-3.169246445042042e-07
1348,0.02150516178894335,0.4318180417198758,0,-5.505775449768593e-07
1349,0.22259446777007624,0.005207595080329391,4,0.026685439272745495
1350,0.1995240379034631,0.3595120366701277,0,-6.654412809674157e-06
1351,0.1705364716608861,0.3687795594949829,0,-4.567672162111101e-06
1352,0.09836081243176786,0.5130080775910659,0,-5.267295256592239e-07
1353,0.17023724990514216,0.04172598241999785,0,0.004256415185286396
1354,0.2573396684710199,0.15797876740369046,0,0.0012237184330037318
1355,0.2576376662542825,0.1377475493956467,0,0.0024423392778963964
1356,0.34553325006187013,0.1976582866710271,0,0.0033807579859010685
1357,0.31608154871396904,0.2585398136041045,0,0.00021323557633052924
1358,0.11356966376995771,0.4818449146153933,0,-8.372814818417957e-07
1359,0.31392953069741053,0.01626654518815227,4,0.024487813005759508
1360,0.1322556063333713,0.030020474170628052,0,0.0017214144963331641
1361,0.15104516952561417,0.4375838126957559,0,-1.8944869441480456e-06
1362,0.23286436440110195,0.08209918147053122,1,0.006577361034012335
1363,0.274673811582973,0.1473640707485996,0,0.0028795072925306225
1364,0.2895727429347339,0.057339555035253294,3,0.01506118770733502
1365,0.34343633173573584,0.04893713133823241,3,0.014237146183847842
1366,0.24875860680702722,0.07912110173255146,2,0.0092472074857703
1367,0.3111635330046023,0.05576070077826406,3,0.01462523659364308
1368,0.15278642062518238,0.4027815873293548,0,-2.7290177880949242e-06
1369,0.14377956703589775,0.03149149295464817,0,0.002498183310764518
1370,0.027580193484440907,0.36673601333599803,0,-1.1215103522000379e-06
1371,0.2627623520611925,0.023259173340812844,4,0.02285029831039916
1372,0.2889921504748485,0.12112012108547669,1,0.00680830005198563
1373,0.2737361790047269,0.1788766409476664,0,0.001003828667592394
1374,0.2779351981663498,0.3034178697253673,0,-1.4296315491793265e-05
1375,0.044251847458799516,0.39243077914783914,0,-1.0245602935202567e-06
1376,0.19405166080931782,0.27698916636104154,0,-1.3311322658751991e-05
1377,0.03160409727425352,0.5597905299348277,0,-1.6937954188412653e-07
1378,0.030037005785376793,0.5890313548559258,0,-1.244725554282626e-07
1379,0.2259455656222171,0.0957503049734128,0,0.003757378296543551
1380,0.18561591420849421,0.5328489082629885,0,-1.0321406754102374e-06
1381,0.3105661574439485,0.0981398680843677,2,0.009867766591420952
1382,0.05490351028661552,0.410455529883145,0,-9.516208107697173e-07
1383,0.2946595051450927,0.08573510234687015,2,0.011185399441994922
1384,0.30552187085315663,0.13702769451823757,1,0.006146277560440927
1385,0.020115103778024113,0.36594659963368176,0,-1.0491802031437806e-06
1386,0.2370976942809927,0.1042389864589381,0,0.003911020062607116
1387,0.2681188195279036,0.2714164007181357,0,-4.672894390776651e-06
1388,0.03741858772565606,0.3050503774929636,0,-2.29219394335283e-06
1389,0.2516019733768551,0.19142382458057913,0,0.0002616907523658953
1390,0.09567685947129939,0.5024335099878606,0,-5.699939304206388e-07
1391,0.1646946835295834,0.38614477396070446,0,-3.6269379947735354e-06
1392,0.28905966933806126,0.02445298148627124,4,0.02230984223523935
1393,0.16678977416866284,0.3986078042000733,0,-3.270795038944017e-06
1394,0.2739855752956021,0.09484822194640505,2,0.00914579837961646
1395,0.04936142852554823,0.3832705145536983,0,-1.1816163220288527e-06
1396,0.12333522514497373,0.47816916262675585,0,-9.57583864183521e-07
1397,0.006564277306831117,0.5859442870537221,0,-1.0154269490146535e-07
1398,0.21884662051280118,0.33330758177115394,0,-1.0235571019736747e-05
1399,0.29015515039120243,0.1254215227808767,1,0.00639255669322743
1400,0.08941057845659033,0.4456882856366659,0,-9.443188270028759e-07
1401,0.29935626201001464,0.2117837051313618,0,0.0007292106558299265
1402,0.2536382491690584,0.22529571842975596,0,5.10327922004263e-05
1403,0.29283307734003605,0.23457854822015115,0,0.00022758900336976618
1404,0.303775904322029,0.19731430430516708,0,0.0013839380276260689
1405,0.34313255126097775,0.08649796062334525,2,0.009661083382057376
1406,0.3463991437743136,0.17780591438675217,1,0.0046497222382812006
1407,0.21648392947565892,0.28033020990637153,0,-1.5008972832776544e-05
1408,0.30119826718894316,0.2500171982526142,0,0.0001633794007357585
1409,0.06838372584566317,0.5538634333587639,0,-2.595045908364985e-07
1410,0.16235643849046744,0.5065315267824698,0,-1.0646095304398123e-06
1411,0.3184497328913817,0.10155844150891302,2,0.009462870116329602
1412,0.20540841077592034,0.34355940073905933,0,-8.2141351848064e-06
1413,0.32215280455392425,0.09060533059929718,2,0.010240467685678158
1414,0.04660051253568294,0.5228846026394204,0,-2.845723884593145e-07
1415,0.05232951069481,0.5548420085523622,0,-2.189059496770875e-07
1416,0.16157769712829367,0.5083285364229245,0,-1.0375569378391928e-06
1417,0.24658902657233855,0.22883245370744631,0,2.357580350819191e-05
1418,0.2963816954726301,0.06835558215791798,3,0.013321110266518324
1419,0.23016619328882146,0.32790088616973995,0,-1.1838625660428638e-05
1420,0.18018416520131345,0.3764271593080701,0,-4.658293911478202e-06
1421,0.2573743917653083,0.12223515516035015,0,0.0038525800916554523
1422,0.3034379361848998,0.20914376230174156,0,0.0009194735463679656
1423,0.0268306554510137,0.5849841193130769,0,-1.255279822831122e-07
1424,0.034697993641694874,0.49592977586831316,0,-3.3084279828263356e-07
1425,0.3459384576141879,0.14349577066509547,1,0.006475157723862174
1426,0.030487833487431042,0.03135130032308038,0,-8.962835541231129e-07
1427,0.26331912242309913,0.15399121404134167,0,0.001702840719547836
1428,0.09614407151488508,0.027864349864930454,0,0.00043240517458428953
1429,0.009994144902072554,0.4937088879893702,0,-2.642994125073446e-07
1430,0.3027573472384972,0.15835465311733984,0,0.003946615871716266
1431,0.027075384050193933,0.4015464126601506,0,-7.878543628525108e-07
1432,0.0562354917182365,0.5508839963007915,0,-2.3680443447203512e-07
1433,0.3016726152160353,0.12488765547255584,1,0.007158486337493273
1434,0.0159288748670267,0.05257426037772042,0,-1.541192222663117e-05
1435,0.24143624257967974,0.24063752476276795,0,-8.835089943508485e-07
1436,0.16022986383254312,0.5600683853104155,0,-6.102364467514806e-07
1437,0.039681670601991785,0.40699501675180727,0,-8.461895293413797e-07
1438,0.18643536626608384,0.34926251330593333,0,-6.474319172402912e-06
1439,0.020049825899265274,0.3778672312743632,0,-9.306807809379686e-07
1440,0.27481139364582924,0.30647230625636057,0,-1.5218275347289884e-05
1441,0.33490802329489355,0.10318547992102038,2,0.008868598715036754
1442,0.16517592581184357,0.01970578865190199,1,0.007665661292948115
1443,0.0026410876902479394,0.40698105474073326,0,-5.845794044449843e-07
1444,0.18668111650975477,0.31650337585649524,0,-8.890646624577955e-06
1445,0.29083576263424393,0.07955823961198487,2,0.011916154334901074
1446,0.02584182696002439,0.04835856836443169,0,-1.3081253630357035e-05
1447,0.242731048701112,0.10558117127813038,1,0.004334683700893105
1448,0.07685865784066712,0.4522859045732707,0,-7.798892267285334e-07
1449,0.34962358372611857,0.2682805986405668,0,0.0005217001603511292
1450,0.31362749325179523,0.27136208819077745,0,0.00010416808399180523
1451,0.013477494146308822,0.33770913315349893,0,-1.3021918175536725e-06
1452,0.25493794597655306,0.2879298480731434,0,-1.5319026885143905e-05
1453,0.2944480179692409,0.12949376627984066,1,0.006239784901479301
1454,0.14205050721923207,0.4016768090300454,0,-2.4792750209479854e-06
1455,0.050853392168931456,0.010611123024525958,0,0.00011592310013721975
1456,0.16746774909236148,0.5327593833383423,0,-8.61910024960269e-07
1457,0.20630094101851262,0.02305034778650958,3,0.016683640498619538
1458,0.07238019923552377,0.02854759548922976,0,0.00013871708108886477
1459,0.22280724260944018,0.0475583084664851,2,0.012444462057577299
1460,0.05100799274126264,0.03565100004025734,0,2.2486011025984963e-05
1461,0.33310117565562275,0.0911692454256216,2,0.009768934677199598
1462,0.25863990255001024,0.03240355058334749,4,0.020169976228912877
1463,0.12469408065881195,0.5448659124546091,0,-4.982361097310218e-07
1464,0.23893696146644255,0.3169590256075358,0,-1.3778884919758809e-05
1465,0.15983645527920207,0.4806723736297639,0,-1.3444473601018625e-06
1466,0.032104515753929995,0.46705516670746666,0,-4.3029840514079294e-07
1467,0.0976329793387353,0.5031396457564463,0,-5.771477350725706e-07
1468,0.06012403019729883,0.5190460937500102,0,-3.3847313244295685e-07
1469,0.07035122761041097,0.5939874501278295,0,-1.7718508235262706e-07
1470,0.26810497159975794,0.056614038945880574,3,0.015076333197180448
1471,0.13989547133881328,0.5893188391438453,0,-3.717996649874126e-07
1472,0.23591078752316164,0.0999341393615246,0,0.0043092357732437804
1473,0.05349106565347189,0.5330823791052418,0,-2.7529293685156053e-07
1474,0.30017088560906896,0.21107191987260235,0,0.0007696074952694899
1475,0.002787905173465846,0.5483332018178595,0,-1.4243123312333934e-07
1476,0.03448687728481642,0.30770529452791806,0,-2.1678336232711466e-06
1477,0.06315743356543178,0.5603552440316272,0,-2.3082494442444168e-07
1478,0.13207272726662767,0.4959818306602345,0,-8.744025583202408e-07
1479,0.1173050164898151,0.5842574790759955,0,-3.1212378596541246e-07
1480,0.31545376964696686,0.2683597311196329,0,0.0001320161558010417
1481,0.26891329294149213,0.28378446023422427,0,-1.1199538657184492e-05
1482,0.22385018996654604,0.03276194177149022,3,0.01685793516606007
1483,0.31877787371368665,0.061175455018950525,3,0.013497849403602536
1484,0.2858546905920685,0.2836372852369274,0,-1.3425153590267455e-07
1485,0.11897576526272954,0.48405080868322825,0,-8.644381821655064e-07
1486,0.19791365699082106,0.5886276826781401,0,-6.681053453916081e-07
1487,0.3289442704546815,0.21067835959187656,0,0.001823756390011805
1488,0.17716150126990327,0.5291051489593431,0,-9.848031148765636e-07
1489,0.28772566024124796,0.17969693155365055,0,0.0015241510751019473
1490,0.24995498881806127,0.1262388212734707,0,0.002824419841505227
1491,0.27172218629867856,0.17459279445290576,0,0.001093751339779234
1492,0.15048151737970747,0.4940463829430532,0,-1.0713347491562422e-06
1493,0.3352512640284213,0.24379959779306443,0,0.0007720442137783267
1494,0.18619179983937847,0.37555747880616497,0,-4.986099026483794e-06
1495,0.2421253427393238,0.29588925380372566,0,-1.5629491083437494e-05
1496,0.273390525078566,0.04990073156584532,3,0.01646210069414181
1497,0.0464714388383548,0.5706181980304931,0,-1.7633251058776851e-07
1498,0.3432389413057006,0.13621544356406756,1,0.006861247469986434
1499,0.07186251342311659,0.4388647254507257,0,-8.484922769494536e-07
1500,0.2467906078736194,0.014540441573966122,4,0.025233699225435984
1501,0.21801764941468324,0.011729247892030573,4,0.02327441213653127
1502,0.15716127930370594,0.40430228362838905,0,-2.8076629069688076e-06
1503,0.21999455928055378,0.33700291173512836,0,-1.0001962217180614e-05
1504,0.0355452479509974,0.39584543118154275,0,-9.077036474694576e-07
1505,0.03696475183646866,0.5464297865664797,0,-2.0423953892416885e-07
1506,0.1757833660580199,0.36498854495527716,0,-4.995076212470727e-06
1507,0.34288306894037285,0.19079787399083162,0,0.0037017463568492018
1508,0.2959801134275529,0.0031218351252189744,4,0.03076423995359025
1509,0.2536354615945945,0.19415495361359272,0,0.0002531138424431726
1510,0.2720256570416957,0.16903094103843005,0,0.0013422578989677424
1511,0.32057953514406556,0.2214224335135395,0,0.001040284122264852
1512,0.2568905819763919,0.15292778421300465,0,0.0014411233726595854
1513,0.05293511289376778,0.41974605893227035,0,-8.503176496300333e-07
1514,0.03463134997291394,0.41810099543146917,0,-7.199965988258955e-07
1515,0.19927068022692218,0.27306649921637316,0,-1.4176897229741407e-05
1516,0.34396579306468006,0.14934877881954678,1,0.006202852186940342
1517,0.02884196749391381,0.4201206054114996,0,-6.659565983424997e-07
1518,0.2535949731497422,0.2802769794680635,0,-1.4447884644584442e-05
1519,0.3308418274410394,0.18498955918352256,0,0.0035185525991077884
1520,0.20131229007138524,0.011715618671492858,4,0.019840548990019247
1521,0.24404926457602996,0.24028782835510937,0,2.0993464749948057e-06
1522,0.33156541894258346,0.0346386417868064,4,0.017932579911365393
1523,0.26322313643169787,0.29585874283681424,0,-1.5298871531297172e-05
1524,0.03403530677036759,0.4302756728318783,0,-6.336841991132048e-07
1525,0.007836545591396966,0.4293638683494445,0,-4.922416582109135e-07
1526,0.029465972268754043,0.046749733672268576,0,-1.1365392098405917e-05
1527,0.07932276301124985,0.5618784340826959,0,-2.671681050354835e-07
1528,0.2797061069783882,0.10921903783979299,1,0.007593125142849052
1529,0.061457177251543475,0.418735541418683,0,-9.352591299752295e-07
1530,0.017756881253509722,0.3345153369113883,0,-1.403149759652457e-06
1531,0.032826734954737924,0.4499551790640734,0,-5.142395560146475e-07
1532,0.22987474112413264,0.24064623477139296,0,-9.084735584385358e-06
1533,0.301559912453829,0.08739036988054202,2,0.01099616539274977
1534,0.004396596711478268,0.47897815586490095,0,-2.895912714452501e-07
1535,0.034761044367660573,0.4832665136744692,0,-3.757423061395802e-07
1536,0.20811587831749534,0.036433770760327444,2,0.012727893582857275
1537,0.01603205650548153,0.39475456224028177,0,-7.551528818673172e-07
1538,0.1505643851663823,0.4622207300137368,0,-1.473888128054982e-06
1539,0.028435660286092276,0.5076539934584914,0,-2.764002406283351e-07
1540,0.0993035563636131,0.567841651210577,0,-3.0728936868075263e-07
1541,0.10570408171471357,0.48038221142776644,0,-7.854449342886222e-07
1542,0.2458543864243951,0.19446987748617875,0,0.00017671095567011006
1543,0.16965572383636565,0.5028530662891835,0,-1.1879581598682181e-06
1544,0.013573402319847416,0.5888843641310997,0,-1.0575203099000927e-07
1545,0.013743476434108743,0.005777313631366687,0,9.717224126129136e-06
1546,0.029761167166257686,0.538736352295968,0,-2.0525878611065802e-07
1547,0.2791630178222463,0.16656584024601032,0,0.0018115495824569088
1548,0.1809262275410165,0.5296073346983359,0,-1.0173890064112838e-06
1549,0.26687174420350346,0.14289125347634218,0,0.00268575808267153
1550,0.08200993442935069,0.019085451495615843,0,0.00034312321511777985
1551,0.2575868131567899,0.15137535315153888,0,0.001555155202132723
1552,0.11061227579280478,0.48710410087459016,0,-7.712750166917022e-07
1553,0.33649492203080966,0.10412844084638717,2,0.008750313410160299
1554,0.2218770318333618,0.09011028046149049,0,0.004004308492587664
1555,0.34532084428006166,0.267068506464694,0,0.00046955146572764484
1556,0.14288566381560897,0.4097936286585286,0,-2.3053309131247167e-06
1557,0.3346275194363691,0.15405199039167722,1,0.005848397062543625
1558,0.11411412294605057,0.41663142922768376,0,-1.6158154690555704e-06
1559,0.25078620622425324,0.13736651263343738,0,0.0020214752091162673
1560,0.0033709376951379117,0.3393400117387225,0,-1.1581195330874962e-06
1561,0.15138798248350627,0.5988703359797762,0,-3.7902071220587697e-07
1562,0.12272907835108232,0.4855739300661629,0,-8.838818453699956e-07
1563,0.34269223917234287,0.2534079090201805,0,0.0007034959318055693
1564,0.22324452975709821,0.5823066447315888,0,-9.163847096610057e-07
1565,0.3487886044935095,0.12360936585749566,1,0.00729185918737381
1566,0.20842003973775047,0.07594126114781966,0,0.0042979394819614766
1567,0.006648724113457125,0.060680620807638204,0,-1.5579245619701706e-05
1568,0.13950775963960707,0.42286247099947283,0,-1.956113129513105e-06
1569,0.19790227884470538,0.3245321712654299,0,-9.157966030527848e-06
1570,0.06170242708999514,0.48430717508814114,0,-4.866714153706757e-07
1571,0.2371492281353277,0.24676476185416604,0,-8.512425803791031e-06
1572,0.18644642263824324,0.32701029371931745,0,-8.030488678023485e-06
1573,0.019516778652813982,0.4084269087458017,0,-6.819870419018768e-07
1574,0.2922825471220904,0.056926310590324825,3,0.015074235935163388
1575,0.15058106111358072,0.4922828417796305,0,-1.0914759157737047e-06
1576,0.28787643938440777,0.1533202904148892,0,0.0033316727280723545
1577,0.24565277643162917,0.26771871302813366,0,-1.3424903502710641e-05
1578,0.3368715836372035,0.26359926263270783,0,0.00039470748983482553
1579,0.2935261354533392,0.024365360093400512,4,0.02222857986917381
1580,0.3365476746233991,0.1996507307219881,0,0.0028280572758180517
1581,0.08085759176557011,0.4892193439116384,0,-5.610288315647558e-07
1582,0.017233408634423457,0.4696089192683758,0,-3.6154800227019177e-07
1583,0.2672172562940897,0.2867027028749641,0,-1.279468091616966e-05
1584,0.13987067368679088,0.4813602608533197,0,-1.0939823848877408e-06
1585,0.3198550891646666,0.25869176142604755,0,0.00024801953469872934
1586,0.2941771802388107,0.18958347126380284,0,0.0013371530051384357
1587,0.2638064231573773,0.15964529034789163,0,0.001426434428759729
1588,0.19785095240127484,0.316045546535575,0,-9.899071191545507e-06
1589,0.04180231328602868,0.5984495746441227,0,-1.2741195941973493e-07
1590,0.10874449546329064,0.42576375779372305,0,-1.3978697598182881e-06
1591,0.08379697372054111,0.014068440876410402,0,0.0004640219345889011
1592,0.10181187093953713,0.45693036174525103,0,-9.551633208491244e-07
1593,0.32027161600690535,0.12126155825980908,1,0.007951304686855794
1594,0.12159479200515358,0.5078227868674047,0,-6.996164738001012e-07
1595,0.03411858944205424,0.5582246775140953,0,-1.7642874418465072e-07
1596,0.28214754207842546,0.13451521490409618,1,0.004721822740548381
1597,0.012794395609537261,0.0011050736898965694,0,1.5706917580709722e-05
1598,0.2921142592781518,0.16945462810841233,0,0.0023602564433045643
1599,0.34036235133481835,0.2530944176639778,0,0.0006590164343500023
