,X1,X2,Label,f
0,0.324076288002765,0.1183850127693688,7,0.008147079575997177
1,0.13650037200467066,0.09080554634746203,0,0.0001476320685756281
2,0.015887642312300918,0.21551639123490748,0,-4.515867550494024e-06
3,0.1468477498464855,0.4932352009380837,0,-1.0415849971384378e-06
4,0.19269803742028668,0.5371270084774554,0,-1.0613503504187303e-06
5,0.2626487667342631,0.49260602173168816,0,-3.3252535103042046e-06
6,0.016232297810100358,0.13572110093801718,0,-9.809743002811934e-06
7,0.21417774017542707,0.06349624884096468,6,0.00720889803489771
8,0.34783911275556323,0.3764993273470483,0,-1.5036355842348383e-05
9,0.3058449347452021,0.40079999132967814,0,-1.2096291235852843e-05
10,0.3140873804944909,0.48034860960355374,0,-6.240797425486352e-06
11,0.27767643609615483,0.19070994690541845,0,0.0007451516994472578
12,0.16531174945479502,0.3857106005407708,0,-3.6650660078958706e-06
13,0.1498672599616313,0.5257245920644359,0,-7.757232625747932e-07
14,0.16420687162966877,0.012740576123258495,8,0.00932092604067387
15,0.11049628592320641,0.41573605264530683,0,-1.5725213291591115e-06
16,0.16974100470957693,0.393942176379273,0,-3.52855983878506e-06
17,0.34289025026788783,0.12197371128517392,6,0.0075572930808753365
18,0.13700181259628483,0.17125472377758147,0,-1.5273866873471183e-05
19,0.34064054718849684,0.18294700455765134,3,0.004121906205189773
20,0.18264904512069094,0.5903550556447756,0,-5.638640083087312e-07
21,0.24116520032072677,0.37630418209802835,0,-8.445661769633666e-06
22,0.3447321311474028,0.046577625277761346,13,0.01462329386944768
23,0.3050352745360591,0.5221836656664757,0,-3.7736548817532606e-06
24,0.24356798516005462,0.3513520026103345,0,-1.0857228410688182e-05
25,0.33856451992858866,0.4121292780558627,0,-1.4184221800289608e-05
26,0.3319177359424009,0.3944051339921494,0,-1.5120448498581438e-05
27,0.32249782789392567,0.29452608095206373,0,4.557223940413039e-05
28,0.32444043073234297,0.4476705507624332,0,-9.422589295436449e-06
29,0.3025594619427405,0.5761056302638491,0,-2.150303172426682e-06
30,0.14643656250556245,0.5619790840295804,0,-5.216717393727975e-07
31,0.30774014219581447,0.36032515180312136,0,-1.570814168152422e-05
32,0.16839944276480667,0.16316049087933307,0,4.838889982640759e-06
33,0.26382908704466906,0.25375694943116783,0,9.710720401264574e-06
34,0.11300803138678496,0.08705833918132862,0,4.918822033825516e-05
35,0.13700835871911723,0.1267889393913982,0,1.2209625148347459e-05
36,0.20151268528621413,0.47095495685525024,0,-2.2452886594227287e-06
37,0.055609679220941496,0.5391713044100179,0,-2.645706902009551e-07
38,0.3117773914654149,0.4803806645823142,0,-6.0995981578424285e-06
39,0.08324371041150655,0.536439148169127,0,-3.5831816270912815e-07
40,0.3231198260885267,0.31705510511564056,0,3.2729848109188207e-06
41,0.019421374451957473,0.5681966053499496,0,-1.3788067313165824e-07
42,0.16714340585161555,0.26389996351277434,0,-1.1948109112915275e-05
43,0.27687588783049194,0.03196791023955672,18,0.020428719948757612
44,0.33419105762889334,0.27602315162513585,0,0.00021312525697485043
45,0.15948072514027054,0.522160708549349,0,-8.848300065961108e-07
46,0.1632763009795992,0.5419735115242127,0,-7.538431664041995e-07
47,0.17670046838373574,0.30616897014801964,0,-8.921981471334924e-06
48,0.032790984965892035,0.5504700957021533,0,-1.8814264653398302e-07
49,0.3275949352853012,0.2607762729136083,0,0.0003101884872268638
50,0.3270452231666954,0.409158704704179,0,-1.3368133906342606e-05
51,0.1133596293134866,0.522935503029743,0,-5.54013828681658e-07
52,0.19705404813159602,0.4830418115359342,0,-1.9033566954408237e-06
53,0.034932964507705944,0.4537849223927627,0,-5.054407446740355e-07
54,0.17776496023724728,0.2648890853380629,0,-1.2902150847271307e-05
55,0.18150715912590712,0.2435992640671221,0,-1.5133837160513081e-05
56,0.16883015395797038,0.4312993919627535,0,-2.4087352173527258e-06
57,0.08248852683442226,0.36459030820145344,0,-1.9824786227154182e-06
58,0.2863861089177152,0.3352262585778109,0,-1.582322847364291e-05
59,0.29711761217485394,0.3320924901880594,0,-1.5568708739564637e-05
60,0.1606879895843888,0.5625289217869286,0,-5.981354646228579e-07
61,0.06888343679426401,0.023603414005267154,0,0.00014945113789908884
62,0.2505842972230291,0.18206718474083652,0,0.00037485361288688103
63,0.21304752204883082,0.5181798283454317,0,-1.571425583477098e-06
64,0.29247069819074206,0.3780262354584342,0,-1.3035598056170426e-05
65,0.043648202332938146,0.001467759956071224,0,0.0001285166995477991
66,0.21186473823606713,0.32843166837702326,0,-1.004387361030448e-05
67,0.27155365553045785,0.4214760600822691,0,-7.325074424605673e-06
68,0.1688417470783011,0.14536365446953256,0,4.0032941229863125e-05
69,0.2916123676938756,0.3426990977165536,0,-1.5758565083834164e-05
70,0.2343226044178361,0.38909845567311324,0,-6.9951019654985335e-06
71,0.28008609473778645,0.2901733692402914,0,-9.081253554019611e-06
72,0.30185304903554994,0.24452721524925425,0,0.00021566755690561012
73,0.21046116889016211,0.24363090268622578,0,-1.526067871904298e-05
74,0.3221668779085862,0.5349622033238359,0,-3.938830101433229e-06
75,0.26071737861429656,0.38254400676592915,0,-9.56142970509389e-06
76,0.10618342573684697,0.5355470126507665,0,-4.54602847268098e-07
77,0.09086147702258801,0.33773974518689004,0,-2.818073958870193e-06
78,0.015513865415126293,0.05858077643026196,0,-1.5717014535070713e-05
79,0.21301905995508155,0.2675202150241474,0,-1.5586734482540563e-05
80,0.05171052967817577,0.3078099560341629,0,-2.5715858542125606e-06
81,0.20496814520659223,0.06546022777858884,5,0.005424478693141064
82,0.3340058054351314,0.40426957316679046,0,-1.4483019815727786e-05
83,0.16149189894231153,0.22561547120896808,0,-1.4986433292740166e-05
84,0.11766021440078181,0.4175966648845879,0,-1.6579524252761492e-06
85,0.18323587258804516,0.24680898556886316,0,-1.502774721514697e-05
86,0.17356664301168834,0.29162740749239024,0,-9.915865923407972e-06
87,0.016444112058154325,0.47036536575741905,0,-3.5600542478699006e-07
88,0.17228438865144427,0.09650482132027012,0,0.0005602960746042783
89,0.16940381444599215,0.3851032520438564,0,-3.8403078191807365e-06
90,0.13844282877945485,0.3096386848393228,0,-5.970181593749564e-06
91,0.23141173731568662,0.5998846013049635,0,-8.339690173696097e-07
92,0.2549032683891263,0.24484108861487025,0,9.8919181917955e-06
93,0.32597943263133417,0.5683746453450079,0,-2.932749429515608e-06
94,0.06129273703440095,0.3445234173369582,0,-1.960794684051517e-06
95,0.00569038606831011,0.25402615181186816,0,-2.780313247917222e-06
96,0.1813260924853043,0.21150477154576738,0,-1.4850332149707674e-05
97,0.29965184994394556,0.13837516800708122,5,0.005651614124890653
98,0.18803638900627292,0.05741942655594483,4,0.004332762830277755
99,0.18363949843626015,0.4767284543441169,0,-1.7734166543953648e-06
100,0.34829415293457616,0.5709085383655986,0,-3.5695894239050843e-06
101,0.13967810555909602,0.01234982399307527,4,0.0044248548958410626
102,0.24485934548643357,0.11403477276206758,3,0.0035731113365710778
103,0.2708536319266629,0.540422572987805,0,-2.239123377470155e-06
104,0.3247635858290576,0.24078437044045964,0,0.0006059031014152244
105,0.25350091524653356,0.4817564745422093,0,-3.38285314436257e-06
106,0.27308641538515427,0.5204292058329008,0,-2.7952401875178185e-06
107,0.0709545156549797,0.22952466160777035,0,-6.7624699975073045e-06
108,0.30307237671929527,0.4713709155203791,0,-6.11933909836522e-06
109,0.03191790165984673,0.2903725786150493,0,-2.5124056808154697e-06
110,0.043441178940883916,0.4148539906295178,0,-8.121680920842624e-07
111,0.07792524608835774,0.2514006856191895,0,-5.843627391196365e-06
112,0.03316279729955964,0.49941653434788735,0,-3.146439673047089e-07
113,0.2653535208363846,0.08569874010904678,9,0.00985450769651929
114,0.062234458964189505,0.5811748200006235,0,-1.8572185964862638e-07
115,0.15565069918007823,0.14912379353716756,0,6.6331340925998e-06
116,0.15659749879138696,0.2838781551821059,0,-9.10995324298491e-06
117,0.3033461020121857,0.15073497242433007,4,0.00468494817756775
118,0.14131900464454433,0.07178990669828793,0,0.0004422379346631687
119,0.025293330605077134,0.01676706811699011,0,1.0516788365607609e-05
120,0.09515093027469596,0.06967723054690907,0,4.809670812623404e-05
121,0.26641989681994793,0.08034091156251548,9,0.010826760047893043
122,0.08527377667459496,0.08410601773961195,0,9.203062952912939e-07
123,0.3102461412338678,0.08394694135936251,10,0.011205516588277353
124,0.18718798103984852,0.44547751518677803,0,-2.510537279768423e-06
125,0.059033828567442985,0.15409137747358834,0,-1.213326038058752e-05
126,0.2969800149468653,0.18234183040958613,1,0.0018274837067531748
127,0.18378547738345355,0.32937484415801216,0,-7.653197533279704e-06
128,0.05925783656330551,0.050926102734112175,0,1.0060309423498509e-05
129,0.10421660598431648,0.07586146659343053,0,5.7664118323331014e-05
130,0.18578838942972145,0.3604073225651198,0,-5.767330498893034e-06
131,0.052818737936258686,0.1519688823843004,0,-1.1729741634515951e-05
132,0.10714165957329529,0.45272932564331536,0,-1.0505844833492424e-06
133,0.06479896307282335,0.4643287834028803,0,-6.129554460504331e-07
134,0.34894152142841106,0.26301747289165817,0,0.0006161388076838941
135,0.007730779767018358,0.5589116717492156,0,-1.346197342244574e-07
136,0.16240520254862345,0.09454501332142884,0,0.0004037149356210343
137,0.015220293070651479,0.05319197249093233,0,-1.5504779405711587e-05
138,0.04090058772019229,0.3753901156330025,0,-1.1748970499176179e-06
139,0.11664584454610978,0.45484683153549615,0,-1.1309545307102696e-06
140,0.13260510940306583,0.3571745851630707,0,-3.517987533770672e-06
141,0.17980247044716907,0.05221731160365257,3,0.004008708157548435
142,0.265329504375069,0.37754204496916643,0,-1.0433672991624056e-05
143,0.017037210449449596,0.4251933495316787,0,-5.626076991355574e-07
144,0.2058740205043576,0.06013572755858758,6,0.006513548854014279
145,0.053281445576284614,0.5090670038139178,0,-3.4928589204679264e-07
146,0.3000442067668084,0.19120987894544833,1,0.00150968158977494
147,0.07815694780154743,0.2985517595570025,0,-3.6704854211269844e-06
148,0.0006708018987137298,0.4943720640930438,0,-2.3920324783292307e-07
149,0.22811613718414178,0.5131458378925112,0,-1.9204753333476594e-06
150,0.3170145145989326,0.046802436708089076,14,0.01590002082859281
151,0.20918324857227386,0.2500053500307518,0,-1.5752471363989894e-05
152,0.3080131553237668,0.02051064985333595,19,0.023080856536726403
153,0.17614450524442632,0.2136520759992991,0,-1.5569167495708278e-05
154,0.18430243166529922,0.19656165097279488,0,-9.58310507806284e-06
155,0.032874445472053634,0.1415683794939224,0,-1.0806947786349818e-05
156,0.2853490942978471,0.1480045671414894,3,0.00362085617245755
157,0.26897255645314533,0.1271569967743426,4,0.004376350727554072
158,0.24892730860497672,0.113925007125071,3,0.003973591481554887
159,0.30979676361836955,0.3113608628675193,0,-3.828375321114514e-06
160,0.1748402426384921,0.4683185021373108,0,-1.766813968823593e-06
161,0.18973451805114172,0.023634801961695005,11,0.012460730318226467
162,0.007244168573616433,0.12113419356873024,0,-1.032140769692615e-05
163,0.1474260277140395,0.11523880570626992,0,7.093299414060739e-05
164,0.17697379425884877,0.49035708804200134,0,-1.4480027734282522e-06
165,0.3435374312378552,0.42798660824309714,0,-1.3134093958889519e-05
166,0.1050582881706229,0.22310615747623763,0,-9.928541682459169e-06
167,0.29240420323435373,0.2508452844424046,0,0.00010328730353798872
168,0.04818342577416345,0.14260142271003964,0,-1.219801450503505e-05
169,0.06091799472058916,0.029880744623384924,0,6.911379992720068e-05
170,0.21682979479635958,0.3891315138399185,0,-5.896294187864111e-06
171,0.22298125469103872,0.5218097472643558,0,-1.673284204886003e-06
172,0.0032293722961566295,0.5814807979565618,0,-1.0269863376594879e-07
173,0.19637258535469226,0.30014225836587927,0,-1.1254220851299975e-05
174,0.17667998448145592,0.12694068772506065,0,0.00017483357613426218
175,0.1958021468418578,0.2545814309620387,0,-1.5352268709874553e-05
176,0.05511648337461097,0.06767996969625197,0,-9.29691188498699e-06
177,0.12237924316243563,0.43798806862600087,0,-1.4174282287673651e-06
178,0.3148990650763589,0.5305598801032053,0,-3.828913973243592e-06
179,0.033481148261067746,0.20773526654274901,0,-5.802417508594866e-06
180,0.13830363386814992,0.5680998322905062,0,-4.524315681847913e-07
181,0.24045282199442986,0.248431052920426,0,-7.5903850252772665e-06
182,0.19930769458090042,0.28310663948222453,0,-1.322617704524762e-05
183,0.040303877499917956,0.1601798156674545,0,-9.772527324270932e-06
184,0.2539897500454318,0.2587396871716965,0,-5.592116797912046e-06
185,0.2533609489426081,0.3133562144240533,0,-1.528399792131132e-05
186,0.3452502645386168,0.23760279595117698,1,0.0012682441163591538
187,0.11777745607879013,0.31042427539852047,0,-4.832843846996424e-06
188,0.24869377534487475,0.5686029583834368,0,-1.354681776787401e-06
189,0.2651903580429298,0.4634650900251972,0,-4.556678528413489e-06
190,0.2586233293865313,0.568189723346847,0,-1.5018987035128518e-06
191,0.25288185299618887,0.20516612958612318,0,0.0001471790799044819
192,0.13667683956021984,0.566522074781104,0,-4.522207578279612e-07
193,0.054279883315568996,0.11591605123272206,0,-1.5162068019736998e-05
194,0.12968558132392466,0.50741963116694,0,-7.61540470796378e-07
195,0.33899795390148413,0.2887235131781895,0,0.0001483668366889494
196,0.11112015923724138,0.47593350859190353,0,-8.668025882276852e-07
197,0.2555442584269501,0.2301068314758362,0,4.2054596651153845e-05
198,0.003976007534029363,0.13153500773954194,0,-9.105786760933288e-06
199,0.09751160418952669,0.5395516817590121,0,-4.0052780428733234e-07
200,0.01520900369870421,0.08119700016605254,0,-1.4849476205548569e-05
201,0.30064509106136383,0.26736392850389246,0,6.506624863094193e-05
202,0.18308411417767417,0.4501956748340822,0,-2.298991238288218e-06
203,0.31503259386458715,0.3547296045168244,0,-1.584092039503707e-05
204,0.029323847625598403,0.001692495823256146,0,5.651800446263891e-05
205,0.11494399304795337,0.1603701080550427,0,-1.5769129001647507e-05
206,0.28212080390360705,0.4574961666196292,0,-5.711607237711087e-06
207,0.1796770080802659,0.5277913820666909,0,-1.0231922977915122e-06
208,0.2694686971937291,0.08380147433886029,9,0.010493212888507077
209,0.054739757520754675,0.470170944830972,0,-5.229087956966096e-07
210,0.027839527430634458,0.3903925946265193,0,-8.875612873722454e-07
211,0.061855559774922284,0.39187725640392973,0,-1.2282573162306792e-06
212,0.10537598842360049,0.27424110173770827,0,-6.111781776692133e-06
213,0.0827050351585107,0.43153550987700057,0,-1.017413225397826e-06
214,0.24282407877758838,0.09791963982436569,4,0.005367182117379127
215,0.1059188533177102,0.08927345493344216,0,2.4565481717804344e-05
216,0.26023430539361475,0.017599863271602456,19,0.024635781056682963
217,0.11539016622183708,0.33229881667285577,0,-3.7979852033871357e-06
218,0.1765326939299225,0.08071680671314896,1,0.001252247293021601
219,0.2923473027229894,0.45237701464255664,0,-6.636658998507464e-06
220,0.042093432313577955,0.12801569280376374,0,-1.3039761667973733e-05
221,0.137950722072769,0.3790738834372463,0,-2.982438207725383e-06
222,0.03553698416720211,0.08987343380072958,0,-1.556647787688642e-05
223,0.33857066433129096,0.24083985137550926,0,0.0009461032323382788
224,0.3384460868038849,0.565893565314297,0,-3.4027956276765762e-06
225,0.13397194919093341,0.25646143188229914,0,-9.527941009086813e-06
226,0.3372499536680594,0.5713467518258569,0,-3.184752101332996e-06
227,0.32545327273448327,0.5571697119864376,0,-3.262258531046283e-06
228,0.0951668349002197,0.3499466796127239,0,-2.6041505615869774e-06
229,0.11189983608010821,0.5228165351104916,0,-5.466468127194947e-07
230,0.1952681767713008,0.5841377830173726,0,-6.805718687775327e-07
231,0.3232196727069025,0.4842243352921729,0,-6.568147448511257e-06
232,0.1604303846994465,0.51976585408557,0,-9.149044765244653e-07
233,0.34301599532829635,0.19450941702252467,3,0.003468098386506423
234,0.07070947620972304,0.4684665947405276,0,-6.238714207177554e-07
235,0.22971277274931415,0.43050715907337767,0,-4.447927733717533e-06
236,0.027267365914944483,0.48033651316164916,0,-3.5901010050721077e-07
237,0.00586239686991144,0.3239793935147648,0,-1.384393691159298e-06
238,0.24214220557394997,0.524020098622001,0,-1.9813295991309728e-06
239,0.09030945768313359,0.24322182192115427,0,-7.142648409276995e-06
240,0.3025653635366868,0.31762630094334054,0,-1.147401877782184e-05
241,0.1109727472788367,0.04232796153580889,0,0.0004353467754752155
242,0.24868125971787275,0.3163410277793231,0,-1.4708555993622441e-05
243,0.0935008146227606,0.19596824406024152,0,-1.1399134409560458e-05
244,0.25636937933972237,0.4195911370756083,0,-6.439069850625603e-06
245,0.009016352713735526,0.5691059916991976,0,-1.2314404756556384e-07
246,0.2600338064284713,0.28153884318950895,0,-1.3332180732885133e-05
247,0.2587521490368353,0.48611920901274164,0,-3.41251438651185e-06
248,0.2112571983494844,0.2174611633413111,0,-6.230879014420928e-06
249,0.16275805253250253,0.4242744484195608,0,-2.4320340707523515e-06
250,0.034430507302013975,0.4311763009707938,0,-6.304867522948737e-07
251,0.12862959211063899,0.3526151526213834,0,-3.538751670207829e-06
252,0.06667193596876309,0.4755442614827083,0,-5.582726498150941e-07
253,0.13755191911811526,0.26292278997668744,0,-9.27656003191286e-06
254,0.17680395978173102,0.42195405982104345,0,-2.8629678305855432e-06
255,0.06731568411831702,0.07066974200946494,0,-3.235386177711615e-06
256,0.2929819506437517,0.2754486615574964,0,2.1548706092258414e-05
257,0.3190428084637824,0.09552655007543984,9,0.009931977850135769
258,0.23925760107857394,0.3033703532177909,0,-1.4990103126699226e-05
259,0.019746499562606084,0.09160388577290487,0,-1.4364667072872592e-05
260,0.33193388766597776,0.44342985570699855,0,-1.0483238449746589e-05
261,0.19174537117162474,0.4363154346646722,0,-2.8787539048384067e-06
262,0.07078352916046285,0.06969491154820985,0,9.121477814922928e-07
263,0.1356043223022023,0.37604929503816914,0,-3.002806802878835e-06
264,0.052608464294673855,0.3838835476586262,0,-1.2131007390397008e-06
265,0.292751763026996,0.11445569512011561,7,0.00782535878546192
266,0.0892240577032778,0.06395885668540195,0,4.756226307737138e-05
267,0.29531915888861704,0.45901177597444315,0,-6.402976909970763e-06
268,0.17889678578487014,0.41767766029513964,0,-3.050684166562432e-06
269,0.2983269642279926,0.46722548712049067,0,-6.0842361359281e-06
270,0.34566459939929783,0.32841601410713767,0,1.902690009361233e-05
271,0.2910157917760919,0.15475299324817426,3,0.003434036151611926
272,0.13022897093261634,0.006858501068600175,3,0.003902825526637892
273,0.30080571728999517,0.5195023832747487,0,-3.7163690411677828e-06
274,0.061537644737215305,0.016511840322854486,0,0.00014790592255668102
275,0.18844686352144824,0.0982714049448904,0,0.0009853644353483573
276,0.22717478104209698,0.5377267963508667,0,-1.4881497966915437e-06
277,0.25605475535809,0.1505468214844438,1,0.001523750212282928
278,0.08178203850483488,0.459580206035182,0,-7.615681733743203e-07
279,0.3271343041059889,0.44078095165389614,0,-1.0284187300139232e-05
280,0.027893640407915657,0.548920812867433,0,-1.819576473190858e-07
281,0.2591630009243229,0.015404204789834751,19,0.02537888746732849
282,0.2132101909295594,0.13417644495411693,0,0.0006088923437683666
283,0.03558961337624424,0.5695205408726279,0,-1.5991686573212266e-07
284,0.0951660725528537,0.2924671123466674,0,-4.616600572904724e-06
285,0.3140705060267105,0.44007189095345145,0,-9.185841773336185e-06
286,0.26140828448198605,0.03037723196939792,19,0.020781327164825565
287,0.19614108491165613,0.4760907852121196,0,-2.0217603159171008e-06
288,0.3261664233099385,0.558205407203589,0,-3.251726506384553e-06
289,0.07280311595883565,0.5118272048928884,0,-4.1292379253117834e-07
290,0.003424567900802505,0.25114982887197296,0,-2.797373716171742e-06
291,0.06603086477037307,0.5292378185796638,0,-3.2425333906820145e-07
292,0.15803688826562093,0.016525133282626746,6,0.006907597770783063
293,0.18664123918968095,0.3107575924824155,0,-9.376570086310955e-06
294,0.12166713489829883,0.1002085540832854,0,3.5791241322390466e-05
295,0.1636379214625128,0.04681629698868119,2,0.0028451289096832004
296,0.33849737732423557,0.42975934767741514,0,-1.2456153903604622e-05
297,0.18432077817986078,0.30673676178109943,0,-9.525593588361414e-06
298,0.17645698144866548,0.36451522519837093,0,-5.052013956027931e-06
299,0.08887864992396476,0.5782499961265254,0,-2.4953560272248816e-07
300,0.04298883719967614,0.3716604396253243,0,-1.2452372379123318e-06
301,0.1778104347510636,0.02436598241185448,8,0.009308457211613313
302,0.25229006156941086,0.0023959114414161763,19,0.03045594574438546
303,0.23794127026718867,0.03391400211768005,16,0.018407720084619977
304,0.2823558155420338,0.13707842593523537,4,0.004464554532274928
305,0.19160532554607174,0.14010717323971836,0,0.00018772295954832117
306,0.27283114458928975,0.01531037927780754,19,0.025550676853965174
307,0.06475579711833371,0.5759774343796391,0,-2.006185592391316e-07
308,0.08800367896878825,0.42842197447349245,0,-1.1066110448712693e-06
309,0.34774563731017555,0.5302194077529149,0,-5.315854881694372e-06
310,0.059742900445430916,0.4112566121819416,0,-9.907737546293057e-07
311,0.25116112980699334,0.2511776837520838,0,-1.7592231220538461e-06
312,0.09507717321555695,0.004708702967564693,1,0.0011084753941345503
313,0.10385059145176084,0.0597951419010287,0,0.00013844090839991747
314,0.09823009164353198,0.39031445444044766,0,-1.7938375416193835e-06
315,0.24464867478860028,0.2751247180770527,0,-1.5010867641625579e-05
316,0.253910031409435,0.3222951896032394,0,-1.4647911772998857e-05
317,0.12728532309943957,0.2890643608806641,0,-6.548334942188157e-06
318,0.34459396071564913,0.5834540841964507,0,-3.0364418324108618e-06
319,0.30427174945632174,0.254887203774722,0,0.00014955246881059249
320,0.0754067100083616,0.49664287891385633,0,-4.932930367530058e-07
321,0.11695622836957605,0.3399279219838072,0,-3.5753653125582647e-06
322,0.09918679666055694,0.5556524369543228,0,-3.4671777167465654e-07
323,0.20621953504953477,0.16995543851427944,0,8.545118083302219e-05
324,0.09313457944979187,0.13772258662557216,0,-1.5756512235928356e-05
325,0.15443807113528413,0.13236194431948903,0,3.661351808135756e-05
326,0.2144646575367483,0.10701903451186963,1,0.0018030075207912278
327,0.202220217454562,0.13079542970419783,0,0.0004508326120572903
328,0.2884851003103549,0.05993064139013686,13,0.014666663861820192
329,0.2578943364869597,0.2794212608069789,0,-1.3329827172595676e-05
330,0.2664143053087376,0.35553047043972713,0,-1.2687368744994353e-05
331,0.14932492595593713,0.23865240427111162,0,-1.268858149402786e-05
332,0.07890458865839708,0.08029604756382447,0,-1.5599614579839388e-06
333,0.005323211289915735,0.015248358655912675,0,-7.776399881737792e-06
334,0.037327431843269566,0.02186848950003255,0,2.2796432288031065e-05
335,0.058872316263713226,0.15254829032137784,0,-1.2270264309186797e-05
336,0.03157635021248748,0.4856646255158091,0,-3.5535310430102836e-07
337,0.026109266571606324,0.12883812473337533,0,-1.1382425531004461e-05
338,0.22921264306704509,0.4287083410727261,0,-4.505671999481132e-06
339,0.02872248286056914,0.4378771712067901,0,-5.569472636396922e-07
340,0.2548047001162556,0.592110060941946,0,-1.1383180971672882e-06
341,0.1148891693178463,0.4025533531090638,0,-1.8743940322485508e-06
342,0.1436799352119594,0.3182714274628122,0,-5.7736214687295135e-06
343,0.14315749051347096,0.4227753267291358,0,-2.0304136470768527e-06
344,0.013583397683015369,0.320282929825038,0,-1.5516618487228425e-06
345,0.20847609921339122,0.008337374811768949,19,0.022882945304540304
346,0.24878725098841767,0.0979776789829599,5,0.006063731924539889
347,0.3104120278950066,0.0644749736264978,12,0.013410220148585018
348,0.08564929377634928,0.4482334442566141,0,-8.866554959364831e-07
349,0.005387795062687456,0.13638469281988533,0,-8.817132806213225e-06
350,0.3060455777242285,0.11347826926287041,7,0.008440726693893733
351,0.20564977913063634,0.39978391204515545,0,-4.754174998889578e-06
352,0.09236924880807261,0.3922708576297669,0,-1.6591496103930926e-06
353,0.05800559345545611,0.16127949292125224,0,-1.1325535974661454e-05
354,0.06029936759036351,0.26149952262672127,0,-4.4435942634794555e-06
355,0.23236809267267922,0.023429323435370162,19,0.021015424923081134
356,0.23391115967578457,0.35720240118685836,0,-9.43891738713909e-06
357,0.3207785884345666,0.5094295338245102,0,-5.0050436189815375e-06
358,0.2948474053067124,0.18760954082672046,1,0.001455702270777696
359,0.024824723228153604,0.0011527817549833008,0,4.3552652244701255e-05
360,0.23596869193219774,0.44458336719432523,0,-4.114922735758672e-06
361,0.04751282425048693,0.01896214310208304,0,5.963276493596981e-05
362,0.08659131513795126,0.26705192372491166,0,-5.454366504933449e-06
363,0.29107263781459747,0.04372263020422187,16,0.017474603445220935
364,0.11300977792940349,0.3681248191943538,0,-2.594746259242164e-06
365,0.2853076382363358,0.46077442320379297,0,-5.705990373543476e-06
366,0.0497765834144406,0.3500481726160234,0,-1.653956383482034e-06
367,0.31923525592449,0.5532007708075918,0,-3.190477205563897e-06
368,0.03490908863323804,0.29534609964070974,0,-2.463067497640071e-06
369,0.14912488264817583,0.08227819981250599,0,0.0003908580135097531
370,0.05733731382050524,0.09792707909204657,0,-1.5649468590909844e-05
371,0.20339811072995995,0.23496913914980203,0,-1.5070366757942102e-05
372,0.2994221933752451,0.29955748852663583,0,-2.5010949208097727e-06
373,0.20219872688810628,0.4749797528484258,0,-2.1716108519232957e-06
374,0.09511762458744698,0.0015366931836466868,1,0.0012655240032591604
375,0.26063164489579327,0.07368161976207274,10,0.01151135955526199
376,0.2689103520712197,0.2614526991346025,0,6.0473644576513455e-06
377,0.24670399106439186,0.008878374739870808,19,0.027390875983201522
378,0.2623486400522078,0.4150512192285813,0,-7.132296879365747e-06
379,0.31004930889508414,0.0649782321539305,12,0.013358239477477723
380,0.04525962583652564,0.2252641043458331,0,-5.482065642716924e-06
381,0.15600366861266257,0.34935318151962763,0,-4.796074877900186e-06
382,0.1913968223077523,0.5210592310700405,0,-1.2302166833129058e-06
383,0.3472429433443478,0.20494031032727902,2,0.0030088980003686776
384,0.1765200807060782,0.43691646932481476,0,-2.4587684876549756e-06
385,0.19008321855800703,0.2910915308552306,0,-1.1524853900396003e-05
386,0.18989708662508872,0.09634373373813399,1,0.0011223218205569335
387,0.030848827713901333,0.08830590757063154,0,-1.5416121008839064e-05
388,0.16781862643066736,0.20593582460833387,0,-1.5596900683003546e-05
389,0.08469114244790016,0.07853938099296677,0,6.820364861496849e-06
390,0.11588710622825894,0.42713745351392535,0,-1.480699119827401e-06
391,0.10706105990658249,0.10287893404648234,0,4.158311626819579e-06
392,0.0680697655510955,0.00573496337095214,0,0.0003361229194398766
393,0.17693316824176933,0.5234146627627628,0,-1.0400828403174815e-06
394,0.05330376739248216,0.4662551312755443,0,-5.360469596667648e-07
395,0.0389620934323859,0.15341816654583726,0,-1.0265668712054688e-05
396,0.13699540627873097,0.2084346925741059,0,-1.4391944978344271e-05
397,0.05383883509923505,0.4086118017081357,0,-9.590752135073507e-07
398,0.1892616907827625,0.2508982640036959,0,-1.5165968958659714e-05
399,0.2720020027227636,0.23444766448299714,0,8.567902868430884e-05
400,0.12157060961930634,0.3710690626374974,0,-2.74403010879032e-06
401,0.008343303409391278,0.21295989922740452,0,-4.297992453721199e-06
402,0.028062821626490052,0.4952059239613852,0,-3.118756310035283e-07
403,0.0020282943955196695,0.12794893986928893,0,-9.24599000354081e-06
404,0.15408888613421304,0.24598948324843167,0,-1.2432264521544961e-05
405,0.0825999178702799,0.19316368514076945,0,-1.0623497641596396e-05
406,0.2926146313064089,0.44071897496785056,0,-7.450623544583676e-06
407,0.3075583931893918,0.5217961580539848,0,-3.884264861706368e-06
408,0.18425493167041354,0.011660134924901366,14,0.015253645514434947
409,0.10123298731754417,0.03963861166668385,0,0.0003199157445162694
410,0.03906256784596923,0.26412702466405785,0,-3.5054401988589306e-06
411,0.05515896711953269,0.5972626723946489,0,-1.4733447632160583e-07
412,0.10052507390945374,0.49900331914428914,0,-6.191445465454063e-07
413,0.23245878287537033,0.17527786922546099,0,0.00023424783320174857
414,0.2399557160426204,0.5183744912876805,0,-2.051093498543992e-06
415,0.14290912718362112,0.01578290628418697,4,0.004357730147061861
416,0.042565171058482676,0.20227850416452095,0,-6.690046219233953e-06
417,0.0454678403136633,0.3648976640874642,0,-1.3657399895100595e-06
418,0.029476573547487655,0.3209193362089378,0,-1.8069857695258782e-06
419,0.29931457098746406,0.4292579269108941,0,-8.856873458519506e-06
420,0.34518445191010283,0.5494071617125434,0,-4.286259878448179e-06
421,0.07996240708955302,0.0549155803362032,0,4.7058091276332395e-05
422,0.20808049205434487,0.5140395014545712,0,-1.5586453648641773e-06
423,0.0774560441720335,0.3434967435188397,0,-2.3277267526796095e-06
424,0.12461669993617615,0.1288294150898189,0,-4.195487422968073e-06
425,0.25149395618444587,0.47656453197700155,0,-3.492084841368882e-06
426,0.13956115386438986,0.019758750908625087,3,0.0033474765857322434
427,0.06745955218629332,0.5699915326124112,0,-2.188238708971961e-07
428,0.014053504530159177,0.21219255694265868,0,-4.583207920955399e-06
429,0.12528815777325003,0.2073637490725135,0,-1.3405158484505414e-05
430,0.30541290815513983,0.4943428706712665,0,-4.993379147606703e-06
431,0.03591912165943813,0.1363328980511846,0,-1.1607645815870436e-05
432,0.294367074360842,0.12831083752973774,5,0.006364208549492185
433,0.2866634304483548,0.2897122515439287,0,-4.6929292640675855e-06
434,0.2189686700416763,0.14288195074718504,0,0.0005356655774723868
435,0.21923551799835977,0.41026297086907554,0,-4.901280050482311e-06
436,0.2381195309691561,0.5681208892865218,0,-1.2249562375071969e-06
437,0.33267016124416837,0.1121333733780518,7,0.008390557881274609
438,0.09181454793161972,0.2300902780661751,0,-8.221542046210964e-06
439,0.2177746766731296,0.24889571945466757,0,-1.5040183320929602e-05
440,0.3350778194771117,0.38943401272627,0,-1.5637777576894735e-05
441,0.027051605118363103,0.20601991073190104,0,-5.5395781063073335e-06
442,0.05579196659974572,0.057391798534954505,0,-1.659337677097839e-06
443,0.2992567614061659,0.1645649767287393,2,0.0031813601284622337
444,0.23715758390230465,0.5292768883816127,0,-1.7887979687224018e-06
445,0.011075931548227795,0.265365480267065,0,-2.619713788924116e-06
446,0.08301203373811858,0.5514485522502021,0,-3.0766712499965065e-07
447,0.10713306112605066,0.3025337604069714,0,-4.703544693137782e-06
448,0.22244484822447902,0.18917482367501376,0,7.106478412183933e-05
449,0.271403865567896,0.18375544465905308,0,0.0007738802774045243
450,0.25108638618660933,0.230558540812834,0,2.951985693635915e-05
451,0.10965002223826904,0.5313752986399926,0,-4.906617912905556e-07
452,0.14886315123927477,0.468477443616192,0,-1.361217044582763e-06
453,0.11277224511375199,0.3442464298207199,0,-3.2850949165494083e-06
454,0.12130864249467613,0.1003632472964165,0,3.445442829673058e-05
455,0.017475830704600154,0.04689624304269051,0,-1.4566445917237367e-05
456,0.061617821491606765,0.5131629032654949,0,-3.6437905588561635e-07
457,0.3222834880188153,0.3742004052476199,0,-1.5743394493303704e-05
458,0.1526812353535078,0.41800731846261296,0,-2.3416521477922796e-06
459,0.2761468905626324,0.5861799015854953,0,-1.4943374176700417e-06
460,0.10434338301305927,0.5443419378938138,0,-4.087505043302909e-07
461,0.34001082473372457,0.04899256218790025,13,0.014395296672980494
462,0.028707281705565815,0.3503646076036101,0,-1.3359207915602413e-06
463,0.0638952918313548,0.19415759083926376,0,-8.87224387937941e-06
464,0.25865252450364407,0.08003489748529942,9,0.010190757179375077
465,0.3329513564037663,0.3535116196301272,0,-1.3399427539199796e-05
466,0.1924079185104168,0.5604324233952098,0,-8.383186010882824e-07
467,0.24073922929148955,0.036028335559560816,16,0.018097704796802276
468,0.047749412018122044,0.1816922786549315,0,-8.571676016664739e-06
469,0.13015033284056288,0.08587745076203968,0,0.0001379825676027584
470,0.057398618847204534,0.10281100875381328,0,-1.5752691930611942e-05
471,0.06077800410549707,0.530141667053105,0,-3.0491202360184293e-07
472,0.27601077707766597,0.05805622103008454,13,0.014989704399155954
473,0.17674015006334562,0.25725477847866157,0,-1.3548991590659378e-05
474,0.26684774782189613,0.10335584426199688,6,0.0072560636793663315
475,0.1337048106360087,0.44611043198046235,0,-1.4632919013004635e-06
476,0.1527946238466019,0.19446022702683396,0,-1.5732489320438695e-05
477,0.23498220882278548,0.38063521293766617,0,-7.639839261291432e-06
478,0.3135147539569181,0.4677643133656574,0,-7.016418517012243e-06
479,0.10029176051823019,0.3289073600649653,0,-3.380716651785702e-06
480,0.3297795529332012,0.25508510531782125,0,0.0004227461681768586
481,0.22986198838118385,0.5844771279982452,0,-9.579225745625672e-07
482,0.3383162355632979,0.40494635869608975,0,-1.4794381664467774e-05
483,0.2719077343518122,0.4094794253926868,0,-8.246510213477172e-06
484,0.18300466027928836,0.32350076478226325,0,-8.036259354294027e-06
485,0.21440172557029388,0.25125952753347724,0,-1.5571550834210903e-05
486,0.17281899137019513,0.4150745741298797,0,-2.947085347744088e-06
487,0.3396727149592813,0.1727789471446974,4,0.004758327986758721
488,0.10639048207594735,0.16499217634208654,0,-1.535362694442252e-05
489,0.00814366640340058,0.1963455529683032,0,-5.0577412893175984e-06
490,0.30919162374532294,0.38338828228534927,0,-1.4129039810813019e-05
491,0.2737663316202635,0.2431793705364958,0,5.732303800141827e-05
492,0.040630752538456515,0.20206791017532627,0,-6.578636814557054e-06
493,0.18546789604749442,0.3635311694412273,0,-5.575035933341981e-06
494,0.1088761659319526,0.24609738253552763,0,-8.302233807286819e-06
495,0.2360107548539989,0.42758781300259907,0,-4.872813839240659e-06
496,0.07464527701342707,0.010822495474536087,0,0.00035849342449932413
497,0.21347415129501304,0.0503746334117805,9,0.010010041599235726
498,0.3298708231107999,0.5719559581363449,0,-2.9415267912998933e-06
499,0.22883931791236126,0.0950655069761337,3,0.0041495770374047085
500,0.08086864386073993,0.03242787441085819,0,0.00017407873247058935
501,0.10570657500798963,0.4659779637273046,0,-9.071463452731915e-07
502,0.32611893788644875,0.05961539633261645,12,0.013369407395842857
503,0.031726973183227154,0.08606250416420465,0,-1.556646299019064e-05
504,0.15035835215663582,0.41757053672482713,0,-2.298042015595726e-06
505,0.05175200148129532,0.5369038389439706,0,-2.6040862908062053e-07
506,0.2740122019997256,0.3840052519709229,0,-1.0640048075887909e-05
507,0.19557040908320247,0.15145588769372134,0,0.00013044215672707358
508,0.09735588509618939,0.047175067042924644,0,0.00018810110724536554
509,0.2945743210511486,0.5098316324697777,0,-3.846382185419617e-06
510,0.2439371767119706,0.4420687635099451,0,-4.565499957606236e-06
511,0.3281169963195642,0.2584802645417017,0,0.0003473730817840214
512,0.07708169159343342,0.25083486831728025,0,-5.8277575594787865e-06
513,0.04785618340493645,0.38992154798603257,0,-1.0890976782735562e-06
514,0.2541598330561901,0.21694545366794898,0,8.582614895403011e-05
515,0.0037172418974208473,0.39812471289196893,0,-6.456154326529261e-07
516,0.3027704920367681,0.0006831040814296863,19,0.032083495440683396
517,0.33548896856531335,0.5637608213709445,0,-3.375242551077096e-06
518,0.0906797688462475,0.20333984267395966,0,-1.0425730603108895e-05
519,0.1394341291809479,0.24995787627296934,0,-1.0618358903880039e-05
520,0.05190774639993653,0.18292641434500065,0,-8.810782581549936e-06
521,0.21037564550418478,0.4435416172587146,0,-3.224344345438083e-06
522,0.0012638259605157907,0.49909041582993746,0,-2.295348631449773e-07
523,0.19990993988996764,0.12785052300313585,0,0.00046432206259848475
524,0.31134481172214307,0.14479625321180933,5,0.005728640723522001
525,0.2229977416836591,0.06276198641724044,8,0.008818214748558866
526,0.22076395618116784,0.2510782074273425,0,-1.4940834385296394e-05
527,0.06652523927208805,0.5153871397208329,0,-3.742656533521418e-07
528,0.11346158402556444,0.127977850802724,0,-1.036994115040426e-05
529,0.13542754129360318,0.3850232176723046,0,-2.7407428403457053e-06
530,0.18597452837611472,0.33261853855401574,0,-7.575575596987124e-06
531,0.09469582136143898,0.1741638452464174,0,-1.3659642586651701e-05
532,0.07318641782565219,0.2733289630323104,0,-4.489701725827283e-06
533,0.13769938944554658,0.2318064911442939,0,-1.2215896733861553e-05
534,0.2298754239461915,0.5338599811567865,0,-1.5890216098725918e-06
535,0.13880908058226316,0.2126545356401297,0,-1.417794922466724e-05
536,0.34584245646751943,0.47406068370848703,0,-8.989434826336082e-06
537,0.09114689346906191,0.22862784179256776,0,-8.284030735272043e-06
538,0.03419336053815839,0.4052897796157619,0,-8.148286045533419e-07
539,0.15058778441064782,0.266082727285876,0,-1.0153769636491042e-05
540,0.012677092767453168,0.5335839028922147,0,-1.822062520955623e-07
541,0.10933907552795889,0.5687688915299507,0,-3.3654536167086665e-07
542,0.2590927938420652,0.12426386044649204,3,0.003792084563000537
543,0.2770144640164807,0.004745248121561674,19,0.02993326445061314
544,0.0531708720502591,0.4972009762344627,0,-3.928563371688716e-07
545,0.09881010645375413,0.5335874077821418,0,-4.306907435600156e-07
546,0.3236291753559562,0.06496674717605617,11,0.012772006201308169
547,0.005035240276030511,0.08649673160115702,0,-1.3478253821088073e-05
548,0.12001426038164749,0.05175643577783122,0,0.000425361167982242
549,0.3398816521861067,0.31853311637089904,0,2.755490193370236e-05
550,0.31465520334151825,0.2007805121570962,1,0.0016861850807460758
551,0.28966407353003093,0.5995536162387032,0,-1.4960246589405715e-06
552,0.0798925512374015,0.44924317490681304,0,-8.287131257223307e-07
553,0.2713083015829525,0.386628822696834,0,-1.0144401271763286e-05
554,0.012476603530135638,0.43336389059744984,0,-4.953783897282193e-07
555,0.33638106450204114,0.5783888418195485,0,-2.9432791033816162e-06
556,0.23473600747576212,0.20213254052965549,0,6.752849408395908e-05
557,0.0066810136673153995,0.47940964823049537,0,-2.9500026426461356e-07
558,0.32016953952288013,0.3860005235578365,0,-1.4859293696349162e-05
559,0.31253565743107653,0.2821622441983959,0,5.3812903448238054e-05
560,0.14834593644585128,0.31905973105090485,0,-5.997429340301348e-06
561,0.04829659803288902,0.3584330764267493,0,-1.498661294002068e-06
562,0.011884496766066809,0.31188574205940206,0,-1.6591485148998083e-06
563,0.12694391950859477,0.1897610179013655,0,-1.508066869671456e-05
564,0.0559661788292948,0.15477241678834291,0,-1.1763196830910051e-05
565,0.10811580862187793,0.3445803236196255,0,-3.1258390461024272e-06
566,0.26696353155588176,0.4273688706281723,0,-6.616824427253308e-06
567,0.01261270101834983,0.4945680813824462,0,-2.689831743492706e-07
568,0.018468072822927395,0.3238274224306795,0,-1.5725079662165853e-06
569,0.11435514061409444,0.06581568484332423,0,0.00017215291680480345
570,0.3371197037680061,0.3033729818233782,0,6.356166543507284e-05
571,0.058860958120705735,0.5304783338842244,0,-2.981240537816219e-07
572,0.10802453623821132,0.18574379311484068,0,-1.3823649632537068e-05
573,0.2848998805937736,0.5644049972708248,0,-2.026910581297514e-06
574,0.1005847062232739,0.5150208711841937,0,-5.278265416951287e-07
575,0.3140049986208024,0.314987815547509,0,-3.4162243823284783e-06
576,0.3313379044258824,0.21771781484028363,1,0.001583506073874289
577,0.057324746517773605,0.3776539539679639,0,-1.3533180110704812e-06
578,0.12700106378328452,0.5174056150349593,0,-6.709471944167063e-07
579,0.027855999915852844,0.5494436885304422,0,-1.8094068848097219e-07
580,0.1736890120231541,0.08095252645893133,1,0.0011144669559739711
581,0.07166195499329944,0.5629044854912709,0,-2.4496304885716747e-07
582,0.21886694079450242,0.23822050455235763,0,-1.2557654514905131e-05
583,0.1348209277513894,0.461473896399324,0,-1.2690120056442633e-06
584,0.3434756727527655,0.4609589862614022,0,-9.928220787125763e-06
585,0.08118501547426347,0.4995749952210536,0,-5.074965673336579e-07
586,0.045309308779572996,0.4634238716162661,0,-5.091209560759202e-07
587,0.3216020245407175,0.5108388022861221,0,-4.976008448407768e-06
588,0.093534157551559,0.4420470371956679,0,-1.0204984425811564e-06
589,0.14997652391866728,0.4773567962186277,0,-1.2595102526480047e-06
590,0.1766670199606671,0.1587541670136106,0,2.590697371312508e-05
591,0.2596510943733227,0.5990698749976558,0,-1.1144097089593204e-06
592,0.14914964817160234,0.16602948946196805,0,-1.1456211008741569e-05
593,0.0007819914171002472,0.20909972578516678,0,-4.143086483087657e-06
594,0.1844819273450788,0.12499962023875244,0,0.0002731221405330563
595,0.049108985063179324,0.42979891617305527,0,-7.401656608632603e-07
596,0.17776611438841636,0.3663512425872447,0,-5.025617330379378e-06
597,0.09975158102791473,0.5334123836483297,0,-4.355205778252756e-07
598,0.13610230792437825,0.5177886292164355,0,-7.319609860643833e-07
599,0.11277151999563734,0.512568389584902,0,-6.10929539009394e-07
600,0.15315308935737162,0.5016411932581762,0,-1.01983277467031e-06
601,0.17997776086150827,0.044472785759988386,4,0.005237167925359756
602,0.13418443352835843,0.4747332721141454,0,-1.1044194906094876e-06
603,0.28123101109808973,0.48492299720864407,0,-4.316433532282844e-06
604,0.0773432851218541,0.5444426903230515,0,-3.1183092782349065e-07
605,0.2275620038256167,0.5312914729506261,0,-1.593152712200669e-06
606,0.10414022448597132,0.11949655029293435,0,-1.0711159410768663e-05
607,0.2383551862436104,0.3672107483958142,0,-8.96145456206146e-06
608,0.05895202107518185,0.28539823457178964,0,-3.456637332460241e-06
609,0.14768531565285176,0.2643653781246689,0,-1.0045866322817614e-05
610,0.04709865816988427,0.59134576769257,0,-1.44223579915834e-07
611,0.11457843972271343,0.03618454264910322,0,0.0006609548911243073
612,0.01239189225762936,0.5201871751461721,0,-2.0773342863763332e-07
613,0.11697871032887118,0.582218742865771,0,-3.1751588572063594e-07
614,0.34949454482800707,0.06253359224018908,10,0.011788789731320993
615,0.32663512787622134,0.12909920281084422,6,0.007407395393222697
616,0.10052082340334316,0.03319336473544674,0,0.0004135460912293592
617,0.12783913550962317,0.30206150251697994,0,-5.7962605750407005e-06
618,0.18938580726708396,0.494847936876067,0,-1.5669595968397004e-06
619,0.2590346970973678,0.1403585682662676,2,0.002339785710670152
620,0.13145928490293662,0.5712890157956806,0,-4.0928404654650246e-07
621,0.08217544173091648,0.5471871945183627,0,-3.1838957179970166e-07
622,0.08814369620095798,0.21444930172454857,0,-9.203480265490139e-06
623,0.1994560675607173,0.41665568000111647,0,-3.781128959475794e-06
624,0.01728274208693755,0.5173926772423851,0,-2.2431623931476502e-07
625,0.2761843997885416,0.4374700513327779,0,-6.558665728058378e-06
626,0.13177199009188817,0.18624747244149656,0,-1.5569508730288005e-05
627,0.009998738662266065,0.4459351525874742,0,-4.261788276111352e-07
628,0.1595550948606513,0.07939508199658674,0,0.0006820384995984307
629,0.12109999902724179,0.2633519925505318,0,-7.911559492531997e-06
630,0.25213558321785395,0.2845268970434203,0,-1.5251942656459542e-05
631,0.30002035230760443,0.138092693371997,5,0.005704925497241041
632,0.10998914203670127,0.33370556316269023,0,-3.5493328226723916e-06
633,0.09808927052181417,0.30542387736230575,0,-4.178623246105126e-06
634,0.08701080173587278,0.4324303271740918,0,-1.0526495925283686e-06
635,0.2524388796332666,0.536732726652306,0,-1.9336472927854257e-06
636,0.22463319467020465,0.5738336715194717,0,-1.0113075483491491e-06
637,0.30753689103410153,0.4435636313981271,0,-8.36050642215829e-06
638,0.2706045422082981,0.46876449814379,0,-4.561252530391646e-06
639,0.10694864439896691,0.12328454923706172,0,-1.1123680045408407e-05
640,0.31038537401257976,0.38180512706228076,0,-1.4381724927749673e-05
641,0.20645171600682205,0.1180551359585208,0,0.000893524550762676
642,0.015493462270836821,0.030203355537843722,0,-1.0275998417394747e-05
643,0.21022257031362349,0.02462399518563194,15,0.01698376988220447
644,0.3140811662592372,0.22044022628335427,0,0.0008763569607658369
645,0.34986407917634693,0.4331046458565507,0,-1.325230715715235e-05
646,0.3392425614076317,0.23390920181453523,1,0.0012037394574817976
647,0.18126716754801267,0.09193306417193851,0,0.0009632195513077503
648,0.021087025755793597,0.5805398336506269,0,-1.2391513790448621e-07
649,0.019197261362197408,0.08482385154015759,0,-1.4876951121574215e-05
650,0.15706298125964888,0.43121125216215395,0,-2.1439504050020453e-06
651,0.022980025581688907,0.12934107010102694,0,-1.1031185302816736e-05
652,0.19248948799849797,0.18140864376056723,0,1.2701747156423503e-05
653,0.25203047355578767,0.4789123745228322,0,-3.4295910758205904e-06
654,0.2880436080890349,0.5346346026617383,0,-2.815267542620894e-06
655,0.10846944742303255,0.024452212512085646,0,0.0008416930637909447
656,0.2664145002246824,0.09527816585457036,7,0.008427591642899076
657,0.04075884850328032,0.4057889084773043,0,-8.657206411184665e-07
658,0.1018152698226872,0.3737766878745235,0,-2.19327088247953e-06
659,0.006848150175618089,0.15955232314134304,0,-7.164604029017319e-06
660,0.20706814363631867,0.24854046578047007,0,-1.5769032696092664e-05
661,0.022188570544337143,0.27686082874600865,0,-2.60940792358399e-06
662,0.1562752269922468,0.06940615797910465,0,0.0009017041766624146
663,0.1901869660870871,0.584663609458412,0,-6.435244828407544e-07
664,0.12223409266644839,0.06547739146704587,0,0.0002532106409679058
665,0.18079946265012614,0.23897101357534284,0,-1.538640423763895e-05
666,0.33836258173039346,0.0882837812726538,8,0.009751496621954962
667,0.27224794785298095,0.13813401550205157,3,0.0035192918277191466
668,0.0016348387513935468,0.5034488053985541,0,-2.2056180923525174e-07
669,0.15656555301858255,0.25348519269497805,0,-1.193390449113516e-05
670,0.13157536675954234,0.21868136256159357,0,-1.2911330372013647e-05
671,0.11416948748019043,0.543244063611154,0,-4.558677468615414e-07
672,0.21045572636904822,0.07083517338510303,4,0.0053243264819836334
673,0.22780058087975535,0.5198951291746813,0,-1.789587525220959e-06
674,0.054406928360212964,0.15613008862118252,0,-1.1477177120974355e-05
675,0.21790829757161512,0.24283797218855993,0,-1.4007899491908891e-05
676,0.11694696809512567,0.12971855971921945,0,-9.560620538380251e-06
677,0.24234956504939217,0.557448098659566,0,-1.421598010772261e-06
678,0.09837466432049305,0.5878796583317417,0,-2.491714685537618e-07
679,0.160028053246535,0.5842117042698575,0,-4.783886358321491e-07
680,0.06672894135979318,0.22744401160708305,0,-6.622921096977206e-06
681,0.14405366915909512,0.014970416649136741,4,0.0046659363273728995
682,0.09600575009796432,0.31208218074352584,0,-3.8307420068372045e-06
683,0.22602708079501463,0.262647921269021,0,-1.5571140443111473e-05
684,0.32844360011663387,0.5174094673380528,0,-4.9883907996466035e-06
685,0.08510212996692353,0.13632311560646707,0,-1.568153152329638e-05
686,0.08391067168414883,0.23565003547321584,0,-7.224958140487842e-06
687,0.15742665912183323,0.16056507278839657,0,-3.5430549271464644e-06
688,0.11507242033655116,0.5846594588722352,0,-3.0401785986951924e-07
689,0.026955207020319796,0.5020290843294477,0,-2.881006946108721e-07
690,0.3298965222762721,0.07350209028059311,10,0.011487618703403441
691,0.09577183065479655,0.22248798216504048,0,-9.1673330054092e-06
692,0.23167104665279914,0.15719572901531795,0,0.0004926753195499554
693,0.21368821974841662,0.0002899684516693535,19,0.027503474683614342
694,0.34884414087799825,0.08493791456604378,8,0.009500022835404465
695,0.3005785850269702,0.14665894285371653,4,0.004886047801584288
696,0.23576119398799,0.5472772362424306,0,-1.4736231008122401e-06
697,0.24522998576674881,0.23757213190530743,0,6.756661707121338e-06
698,0.23024325084726258,0.4681668587978457,0,-3.073637854355583e-06
699,0.05052132952099744,0.3161953560699461,0,-2.337093665198651e-06
700,0.3236150451382274,0.031086828389662147,17,0.019221151799063717
701,0.3290349588812369,0.2645655822887358,0,0.0002808810051512091
702,0.00021496972940881486,0.07808405409721798,0,-1.382056456643413e-05
703,0.2939914868413874,0.32502647763952086,0,-1.519002661281662e-05
704,0.13997400602448473,0.28174366951539404,0,-7.94556434857906e-06
705,0.12660360379738383,0.5274125225349584,0,-6.046569287737538e-07
706,0.1299015309755645,0.462592378291703,0,-1.1947665709271344e-06
707,0.023555427855318375,0.04355553034280224,0,-1.2325562233426805e-05
708,0.32340207345725613,0.37172379176513676,0,-1.586153400577415e-05
709,0.3000733486640252,0.137576860097421,5,0.005761129904967793
710,0.31571529173873597,0.014166967868189072,19,0.025294522894886373
711,0.2241171778417796,0.42377802766884737,0,-4.498812933099507e-06
712,0.30926485439816015,0.15337887414653276,4,0.004824992485369041
713,0.057023661039124644,0.15633921597510675,0,-1.1712931704670186e-05
714,0.13893940434712007,0.22098825421794224,0,-1.3405917610698806e-05
715,0.16772620507656683,0.07996468110858361,0,0.000921460294707417
716,0.19578807764346706,0.3385317370224746,0,-7.863180656110035e-06
717,0.20976674414267354,0.28271789923184604,0,-1.425230555103955e-05
718,0.18794093684260432,0.001750114333136099,18,0.020565374198625617
719,0.18152874605878944,0.2360119872676405,0,-1.5579322211175328e-05
720,0.3372264795721668,0.5853701502091797,0,-2.7684766040814626e-06
721,0.09648613978896187,0.24506184011026366,0,-7.447882228627106e-06
722,0.3232235615742577,0.594007799750635,0,-2.2092962592218534e-06
723,0.27106632956418125,0.3620676132791751,0,-1.2498543733060871e-05
724,0.010126953731950982,0.23307871008322623,0,-3.5811811934534108e-06
725,0.19754555548336503,0.2694354355951007,0,-1.434797269230297e-05
726,0.007211156591748502,0.27601203848596073,0,-2.2663357225796844e-06
727,0.03871629746414895,0.32119934086948754,0,-1.976050666162114e-06
728,0.339097514915132,0.34909785865042137,0,-9.5275833478846e-06
729,0.05239987952662171,0.4072731907954423,0,-9.581301803541633e-07
730,0.033814055679352036,0.4946360774973365,0,-3.322044981588277e-07
731,0.1873959513234213,0.3909470054677957,0,-4.331791701605902e-06
732,0.3259881446484133,0.052877049722966696,13,0.014406942886740475
733,0.29756235768164285,0.1754076035297648,2,0.0022806779492843534
734,0.28643201376221483,0.5076783562790711,0,-3.624570067837214e-06
735,0.0565982377424567,0.35645603015206834,0,-1.6606712841905628e-06
736,0.09786023688032691,0.2914254568389175,0,-4.790595564021719e-06
737,0.06006579971858288,0.2644539330362817,0,-4.305123322239385e-06
738,0.07580211998954572,0.4358283857433302,0,-9.097443612788523e-07
739,0.21172631070758088,0.07561360475221732,4,0.004758879122309465
740,0.1811693889102087,0.39756094242742546,0,-3.8130733352785852e-06
741,0.05150437011319367,0.5091041690368843,0,-3.4301346539149357e-07
742,0.2842894825659571,0.07805292629418477,11,0.012031905198468307
743,0.2810882565984822,0.38148672275908185,0,-1.1564117445119171e-05
744,0.006379948963176834,0.474968482689215,0,-3.074706943973246e-07
745,0.2602587027639532,0.11855415692899848,4,0.004545060941801324
746,0.3117978077020535,0.23001748406119407,0,0.0005735045082773844
747,0.1396135726212488,0.3777542219471482,0,-3.072425262063825e-06
748,0.04797808824560887,0.45127257098038787,0,-5.904298638168944e-07
749,0.1988296637472083,0.04769889637601427,7,0.00786749348015457
750,0.29439186302865983,0.5231821247921639,0,-3.361521274789384e-06
751,0.2739025660988255,0.4136348477202736,0,-8.078029037514997e-06
752,0.3225150138570053,0.4583328873817325,0,-8.373552213464938e-06
753,0.34182653892800957,0.4398194290102828,0,-1.1785135934513657e-05
754,0.1305989766245517,0.20205167554955555,0,-1.4391235274824472e-05
755,0.2739644543991098,0.2572933029373899,0,2.0517528333499546e-05
756,0.2716766361542501,0.33067712993721693,0,-1.535169328899996e-05
757,0.30484045474398935,0.37715559670031595,0,-1.4301631122816027e-05
758,0.0730477135537303,0.5474615914464038,0,-2.89852526443305e-07
759,0.34989735987395826,0.30355709419901716,0,0.00012108081163927943
760,0.0659074835921235,0.32137698494178196,0,-2.587338516440492e-06
761,0.31307895074551506,0.1380592180517764,5,0.006417553954039325
762,0.30616634133730997,0.4027123261925306,0,-1.1938146530655693e-05
763,0.3000108471381802,0.013126892489185082,19,0.026074948445067643
764,0.17188434377245385,0.5197110372985257,0,-1.0262775614536866e-06
765,0.12009080512468466,0.45391414403244,0,-1.181492580352054e-06
766,0.12171914174077844,0.2398093519356146,0,-9.922154242450271e-06
767,0.24381658858503735,0.14179346928371114,1,0.0013879509711229082
768,0.17183116232525608,0.4670429920446797,0,-1.736560309756425e-06
769,0.1768598160586568,0.3336141842383957,0,-6.870574036857214e-06
770,0.27571874995496726,0.2328798302294473,0,0.0001125575401926479
771,0.27736176660572603,0.4039873111970911,0,-9.141474674425022e-06
772,0.2598782942296436,0.2256574307638233,0,7.21690229561273e-05
773,0.30757750643338494,0.37230528491218845,0,-1.4946689997573421e-05
774,0.25389696715413396,0.43167894622605363,0,-5.5818567264203204e-06
775,0.27737810335940893,0.1441882745027984,3,0.0033589708218871722
776,0.04466593477234346,0.0062761348131126216,0,0.0001051814980435348
777,0.008264748751223282,0.13495749957666248,0,-9.17924394387421e-06
778,0.2483148728929305,0.28912157288692114,0,-1.579117683514006e-05
779,0.29408769667108053,0.5763521160647769,0,-1.971375869398763e-06
780,0.1507632472314447,0.3699372501416565,0,-3.71103690958905e-06
781,0.24663041497065263,0.02221488544920067,19,0.02261689993409751
782,0.27419551427450173,0.2875683866010233,0,-1.0607091529638722e-05
783,0.10750116517477255,0.5668513505722111,0,-3.368219285232577e-07
784,0.04514150190476282,0.2833339308657542,0,-3.0751212234238888e-06
785,0.34199907445704897,0.127850938111885,6,0.007293499498799757
786,0.12726718813649293,0.009098014434049739,2,0.0032236843036173145
787,0.24659931299225762,0.20777568672868924,0,9.43811662356134e-05
788,0.3412753324194058,0.508798573648474,0,-6.159235458870153e-06
789,0.23732623475906472,0.09612900113149882,4,0.004973986502241215
790,0.11794202143750457,0.37534245881441036,0,-2.5360054798319837e-06
791,0.33892787265103874,0.3619060158808846,0,-1.4006048434581181e-05
792,0.284664322422147,0.467625135894521,0,-5.299751454533288e-06
793,0.1676481192310958,0.4910470848536701,0,-1.3102615364638846e-06
794,0.2523306974798829,0.5838361804035416,0,-1.2063253530861527e-06
795,0.34081442164056747,0.20011326273197774,2,0.003007729768531216
796,0.16863096789792054,0.33870719573372987,0,-6.032745110741893e-06
797,0.1402875389063706,0.15919752035767556,0,-1.21594501213438e-05
798,0.08599072559959164,0.42722555819256863,0,-1.0976434003053191e-06
799,0.26424290476430845,0.2762616698169355,0,-9.928327572623329e-06
800,0.11885223483056952,0.35944743512759425,0,-2.9991393940546194e-06
801,0.2882671016243211,0.35775192907616515,0,-1.4553114282332098e-05
802,0.20286990187990692,0.4121325776769058,0,-4.091478464590023e-06
803,0.0811133115605106,0.28211034094372006,0,-4.451278362369948e-06
804,0.21497747749940865,0.43547926190852987,0,-3.6576477215917966e-06
805,0.3016634066025857,0.13641048263127184,5,0.005981219330739007
806,0.14132676447859818,0.2003902860575109,0,-1.5328697127015365e-05
807,0.3212262053127102,0.12125198499489369,7,0.007953640240686071
808,0.03798405876909672,0.3416246003924278,0,-1.5994090696746046e-06
809,0.32401689247605503,0.24616657232033248,0,0.0004825585022182008
810,0.14177586421982585,0.47071736227365796,0,-1.240169490809145e-06
811,0.2362011499750356,0.44156916651826095,0,-4.249818604971511e-06
812,0.26999835458186827,0.007970977677396096,19,0.028430804711910354
813,0.30609280628736363,0.2938431398579273,0,1.1909104411439175e-05
814,0.11018895967489412,0.08974406308405518,0,3.339666204109174e-05
815,0.04260454666174373,0.3698530086004726,0,-1.2630880536773553e-06
816,0.2494379606612885,0.1750593267898462,0,0.00047828054045018535
817,0.28947339858377324,0.5145007060174439,0,-3.4903645585288074e-06
818,0.24780785473432565,0.13397884239104627,1,0.0020666090362533394
819,0.0867632566477195,0.012879018019455101,0,0.0005552768390953334
820,0.1725612939637021,0.09708181643257292,0,0.0005531218159264747
821,0.33022516833685917,0.42756664774408243,0,-1.1852864098840023e-05
822,0.2988942853916501,0.38021410841657843,0,-1.3451258569443279e-05
823,0.26146946099822294,0.26403415732817365,0,-4.033870551452864e-06
824,0.15899631689347593,0.5902484347858803,0,-4.457515107238231e-07
825,0.33566866004499074,0.00048905527241625,19,0.032041344407326915
826,0.09096644520116692,0.19024611234869607,0,-1.1711792185076394e-05
827,0.26527504043011624,0.26782444833360747,0,-4.064264836656441e-06
828,0.21251999099944796,0.06249808414725985,6,0.007136290163264355
829,0.0823188560557603,0.23546004816019667,0,-7.12766934402837e-06
830,0.3129958912193748,0.41844293038876446,0,-1.1064023299612895e-05
831,0.07046111595617427,0.07293143287635652,0,-2.4921332584257094e-06
832,0.32691915638951974,0.31439594912953295,0,1.173266071925573e-05
833,0.28018692042061066,0.19819076319223616,0,0.0006142651198476212
834,0.2898286493264527,0.26180075042165024,0,4.785255498875397e-05
835,0.19200687576266273,0.06936037701442377,3,0.0032637103275334678
836,0.29990676010769785,0.09669495686793113,9,0.010012429149834561
837,0.34230031199249195,0.5024543451484995,0,-6.619139943107525e-06
838,0.3374378329067034,0.27437058980140505,0,0.00026124577750187577
839,0.08511526361834632,0.2016877674909869,0,-1.0065457550853858e-05
840,0.34568552118846396,0.5313902919027376,0,-5.149243090039126e-06
841,0.2847100662685463,0.3442852769029865,0,-1.5317122631001066e-05
842,0.34012385926742,0.17171537036702303,4,0.004842455403008405
843,0.25151907660492173,0.21024747879200312,0,0.00010677845193297497
844,0.12775666924868134,0.1767514043163029,0,-1.5744048974351945e-05
845,0.10702294760150058,0.4948104581566515,0,-6.889359384446839e-07
846,0.17721102630092414,0.13261086664267407,0,0.00013573780202026745
847,0.16807749841166597,0.16710643677419923,0,9.475617229132496e-08
848,0.3207776941463445,0.5151090571886076,0,-4.731373117952843e-06
849,0.30111411335897736,0.3819965253352626,0,-1.3493504613797748e-05
850,0.1187336072303948,0.13447681758258112,0,-1.0913049238218805e-05
851,0.009487003484853323,0.10110895535123829,0,-1.2479746022011182e-05
852,0.23076204195866928,0.2959852535466578,0,-1.4904409762931124e-05
853,0.1959579744653218,0.35321076741887153,0,-6.83461745964514e-06
854,0.04670043193258467,0.08639524328317405,0,-1.56072945935992e-05
855,0.1551875470018679,0.39784142367215625,0,-2.9363478577403623e-06
856,0.23608824298423112,0.2962320224737475,0,-1.5271606253877957e-05
857,0.14367597038523483,0.05777872569436262,0,0.0008793732840439991
858,0.07295547618448421,0.37021319747082443,0,-1.704036988809729e-06
859,0.13927458321349606,0.15642061586780331,0,-1.1527026372239548e-05
860,0.16769909977111208,0.4903121541295892,0,-1.3205952292575019e-06
861,0.21855150013590466,0.18164498030617618,0,8.752340855823536e-05
862,0.01527800516812921,0.48254339497395643,0,-3.1153721909806923e-07
863,0.007007965662207005,0.4936085033387238,0,-2.567892562719716e-07
864,0.1573337800641317,0.4055824711717492,0,-2.776784451051068e-06
865,0.20280398989644316,0.0019547036179329955,19,0.02447198863000962
866,0.15791464458322194,0.22160418054364342,0,-1.5018422147030117e-05
867,0.08878391046793507,0.38868870374785197,0,-1.6591807593025332e-06
868,0.05058772524901284,0.2349768300523575,0,-5.249469820800728e-06
869,0.2899369003464656,0.5798020337055153,0,-1.827404125878741e-06
870,0.3041273382725131,0.5797687277230961,0,-2.105692412832968e-06
871,0.06783974598487144,0.15747413230724383,0,-1.2670043854468509e-05
872,0.21714376862089932,0.03788157033831161,13,0.014116899001760413
873,0.34444349063118684,0.47206283685406414,0,-9.0403196707655e-06
874,0.29702345912119543,0.5369893493424958,0,-3.0069313589346005e-06
875,0.2757448077555311,0.44804663327527405,0,-5.887859473759931e-06
876,0.14950471500258974,0.21026995991397737,0,-1.5221750542671484e-05
877,0.22103734666803387,0.053083094910565044,9,0.010721217728163982
878,0.26743853478126156,0.004796468101142359,19,0.02979916657206893
879,0.1445834052085265,0.38911789606861696,0,-2.882296838708835e-06
880,0.06279084754348911,0.2433600794852887,0,-5.450365728660181e-06
881,0.09867467971889028,0.40707429750891005,0,-1.5238904756149184e-06
882,0.19191781063519167,0.24691266538974596,0,-1.5557955722722855e-05
883,0.21051689635672968,0.536175113100596,0,-1.280002972925703e-06
884,0.06328841927555122,0.1934305462517916,0,-8.882327070623864e-06
885,0.1769999660255133,0.44259362499993155,0,-2.3343784194071177e-06
886,0.24660203943233788,0.33221338613442447,0,-1.303930401486894e-05
887,0.12332905463334655,0.5489122060631144,0,-4.720024611878603e-07
888,0.27234393142180324,0.13694168577848712,3,0.0036429423125323612
889,0.026550318015612504,0.5725703838723242,0,-1.4172146824755473e-07
890,0.07014733293020667,0.14410085118798835,0,-1.4174385185138222e-05
891,0.042088568309298385,0.026938023737259443,0,2.2128598587006892e-05
892,0.13532386417281153,0.523885305037716,0,-6.83341506963438e-07
893,0.11694570575779177,0.25152794692051367,0,-8.511546740717553e-06
894,0.051313271164624676,0.1781521431835638,0,-9.16239623158943e-06
895,0.09735734712780252,0.5990552929272954,0,-2.2057321139820578e-07
896,0.25023235662682186,0.37273749386910915,0,-9.504144656679036e-06
897,0.13775105118510128,0.3049538227068934,0,-6.208798967370828e-06
898,0.16829247399654076,0.05752875531436403,2,0.0022498015991774837
899,0.07643503546708189,0.2520227204989742,0,-5.72355179932954e-06
900,0.10263389562847888,0.23479825042362146,0,-8.710114066798228e-06
901,0.17731526165275177,0.1684554078701487,0,9.569780890469025e-06
902,0.04940091116089791,0.09518450126583704,0,-1.5752482110344198e-05
903,0.196947198165378,0.47285127599818066,0,-2.105120019217209e-06
904,0.023182432668784374,0.2876122351651754,0,-2.3670854338406507e-06
905,0.17749611492511752,0.5573580203190501,0,-7.449389144949588e-07
906,0.18777455249791028,0.5720057668723415,0,-7.129705784051867e-07
907,0.20846172206569163,0.38406410297432153,0,-5.709014124179484e-06
908,0.3117018834442493,0.5764790606814121,0,-2.346554765595206e-06
909,0.01923835118510111,0.3029677558295241,0,-1.9520217147309995e-06
910,0.34455731184531124,0.49010382656337836,0,-7.625084351681334e-06
911,0.005020780225563853,0.5486027021176793,0,-1.452520004731596e-07
912,0.07139300061040943,0.3264265039917649,0,-2.5984363952144234e-06
913,0.00753240046899411,0.18032069730556893,0,-5.888355585573175e-06
914,0.06156385525976148,0.5059338595995959,0,-3.914838678249495e-07
915,0.11682209540599657,0.4089203331002413,0,-1.7930899516164986e-06
916,0.055957639007623204,0.3279660705940174,0,-2.19362761766456e-06
917,0.1569551554332216,0.5354218981388492,0,-7.556599843300191e-07
918,0.18773157742986085,0.4159173365691567,0,-3.3900206769719476e-06
919,0.11449296961083719,0.3067775546878719,0,-4.850479626186388e-06
920,0.28794595999224887,0.5963144283468302,0,-1.5189988370541687e-06
921,0.11258491255824536,0.18832911941047353,0,-1.400709953689096e-05
922,0.2651079277028991,0.42209884348456705,0,-6.840930559861431e-06
923,0.08062234637029832,0.1084936438947194,0,-1.4340684678784205e-05
924,0.1341321264830784,0.24287070499435645,0,-1.078831847009952e-05
925,0.2773216628680551,0.15038981535266074,2,0.002819994068197758
926,0.01536552973436832,0.34491801471610545,0,-1.2347017919811081e-06
927,0.020273040961835208,0.13443298023853625,0,-1.0295095902566132e-05
928,0.15434827981283172,0.060761809862511895,1,0.0011846635174388724
929,0.13985246558168607,0.01543161309410692,3,0.003973745279220069
930,0.16594399390241016,0.3871453571624564,0,-3.635848204017833e-06
931,0.1377474372942343,0.3819749175129455,0,-2.8914806103220186e-06
932,0.24265557707258378,0.21830009273870546,0,3.961569794442175e-05
933,0.3062380959119091,0.018549023986289503,19,0.023830978708735615
934,0.010323418163987602,0.11582715523430102,0,-1.1115075391026571e-05
935,0.12635668490204743,0.16114487373431544,0,-1.5313971521355884e-05
936,0.1965133085682309,0.5423215540720525,0,-1.0467432533940333e-06
937,0.25093504732080646,0.1322211905273358,2,0.0024029470873833053
938,0.1665272775390155,0.42149886535324477,0,-2.596108648570756e-06
939,0.07871781919892172,0.3871671887527873,0,-1.5235572006351515e-06
940,0.22133074771676578,0.3859165356528812,0,-6.359088751249784e-06
941,0.18187870346265475,0.5169663724547862,0,-1.1654697696257615e-06
942,0.04710092303838228,0.2420504085808943,0,-4.728680561984692e-06
943,0.2191853165304848,0.24880595659023008,0,-1.4840902287374961e-05
944,0.025114849712064822,0.5377734789780259,0,-1.9784584457133047e-07
945,0.2170234002526958,0.4783865835492943,0,-2.4332046882101043e-06
946,0.25427347015784,0.0857436703664657,8,0.00871336253476928
947,0.3429512101252937,0.4499397184945901,0,-1.090738757074307e-05
948,0.060256045149738986,0.3554145350821421,0,-1.7404590845520621e-06
949,0.17908427408736927,0.008691465525390485,13,0.014895679479610091
950,0.267647774252239,0.5324834303488356,0,-2.3476787982994324e-06
951,0.2683329049963976,0.1719765906944994,1,0.001072070042083237
952,0.24887853426922152,0.017329189282882518,19,0.024353810248757733
953,0.23394859915059257,0.3005949644227173,0,-1.4791504640138887e-05
954,0.28961563706298893,0.103895439286035,8,0.008905698293834438
955,0.10058441684704769,0.5420106752387396,0,-4.029770864320999e-07
956,0.049883755404328135,0.37554634739347503,0,-1.2831629359823812e-06
957,0.33299111044158897,0.3003052313820513,0,6.009892490575997e-05
958,0.28720946092989835,0.013320265036761869,19,0.026201716460499003
959,0.15329448925542202,0.07322824175429277,0,0.0006840103749407585
960,0.10583339242247397,0.45020062402920874,0,-1.0635029184592262e-06
961,0.2302075870597917,0.564540245181329,0,-1.1732366225230218e-06
962,0.10396392662097885,0.07475088727706011,0,6.0827892648765396e-05
963,0.13662359785842632,0.43111607401143814,0,-1.7501424191618214e-06
964,0.10894738616862859,0.2339045264676198,0,-9.31664425980948e-06
965,0.025997047858265843,0.054831723071473125,0,-1.4472187016465602e-05
966,0.09718252607541186,0.4572182946537755,0,-9.093953875213509e-07
967,0.20136202134279338,0.15550844034452221,0,0.00014156656311964836
968,0.19880338364050806,0.41928772692809735,0,-3.659528896605373e-06
969,0.0938646950137105,0.4327393769536682,0,-1.1237316881746672e-06
970,0.2573920582751102,0.27579267807578517,0,-1.2413338060565938e-05
971,0.15459919468454808,0.43497827023105023,0,-2.014635222207461e-06
972,0.27952379777868436,0.016803547903203042,19,0.024982100536717254
973,0.3351662695519096,0.2482834017891553,0,0.0006578110048853504
974,0.32342371131472497,0.0417771917843996,15,0.016617618189268674
975,0.24944038954046455,0.08518178178883762,7,0.008233902480649261
976,0.09410066234682599,0.22308805497982861,0,-8.975122417897643e-06
977,0.2243041539430018,0.5532540361244715,0,-1.2382398679305251e-06
978,0.15096792600993647,0.5415636559935988,0,-6.694199554770706e-07
979,0.05479462907125079,0.13550274086555605,0,-1.354554154866903e-05
980,0.2520435215838887,0.16601374853591602,0,0.0007546462279580917
981,0.07242292633606454,0.3744406592749931,0,-1.6248674851880638e-06
982,0.3381305550956291,0.1308586106980698,6,0.007215854316175103
983,0.021810777539637893,0.08373310350752194,0,-1.5144006666829175e-05
984,0.09411440403866496,0.15569992070038363,0,-1.516521260460726e-05
985,0.08241145274488505,0.5369878109172921,0,-3.534080230821547e-07
986,0.32577282253682455,0.5070568178390454,0,-5.382095388749652e-06
987,0.17630013826908847,0.05974369953543148,2,0.002737522381777714
988,0.19974033381773765,0.039240000836118116,9,0.010141749465651932
989,0.2796392881982566,0.16065565178757063,2,0.0022092735661193358
990,0.2135387172304282,0.2170558749268893,0,-4.299342643637503e-06
991,0.052474747571699204,0.4929623752638389,0,-4.070256435581455e-07
992,0.12064267485676419,0.16726550757795666,0,-1.5769898416603537e-05
993,0.2685631889512199,0.020966626824336497,19,0.023617911802695655
994,0.3315208604534846,0.392834102266553,0,-1.5206146652671967e-05
995,0.24247393214027885,0.24681761255065215,0,-5.189745246324671e-06
996,0.2260642704180911,0.02928659877556887,16,0.018291424600119056
997,0.26219264155806754,0.17931300731614594,0,0.0006564463403088881
998,0.2598338830642553,0.07679891511045774,10,0.010880322475921817
999,0.19778990356371812,0.20383506230584264,0,-6.021381229885655e-06
1000,0.029774936748418433,0.47359853514192046,0,-3.9377390755339717e-07
1001,0.028457292520519088,0.5544866707322685,0,-1.7307872875165246e-07
1002,0.3124161411475385,0.33323685064859354,0,-1.3371238520761139e-05
1003,0.16581639603953463,0.15321576309792906,0,1.5718261216536975e-05
1004,0.12735993300733262,0.25955966631362987,0,-8.703719003738324e-06
1005,0.299965083442727,0.4844543149804318,0,-5.218227944536009e-06
1006,0.3433310843552682,0.16790809407527185,4,0.005166531186813864
1007,0.1459896978279991,0.07148929918358242,0,0.0005452257696935355
1008,0.23137490114446682,0.5266544210125912,0,-1.7333988001576734e-06
1009,0.30028397918837324,0.10610909366715739,8,0.00903898005193181
1010,0.03970400628033357,0.4355399635122002,0,-6.362108665435497e-07
1011,0.2579443852574277,0.03952234632391327,16,0.01835229097494091
1012,0.03856786394929206,0.5284537531504322,0,-2.4840579472847473e-07
1013,0.1540141623676236,0.40580258762934657,0,-2.6805408918541766e-06
1014,0.1335943558175662,0.2015729269587203,0,-1.468514759411525e-05
1015,0.2692994069166662,0.4742303981444578,0,-4.264929490444574e-06
1016,0.01451040303144912,0.48458024503447866,0,-3.029242410703437e-07
1017,0.31386942625565634,0.34023172261171636,0,-1.4573482651558557e-05
1018,0.23304943682405913,0.0450573531974447,13,0.014741062957666846
1019,0.08751560387242055,0.3170592645141625,0,-3.3502231976163515e-06
1020,0.32334536738793274,0.3962074395636495,0,-1.4250279290574023e-05
1021,0.06052447313662856,0.2305224090349023,0,-6.048204848796205e-06
1022,0.23041405083082206,0.47646075016457234,0,-2.8343754548757093e-06
1023,0.28523294490041684,0.07567136444191484,11,0.012376707851476872
1024,0.07399869497437198,0.05600211727807802,0,2.8021543467444094e-05
1025,0.21367468749577545,0.16761658444488384,0,0.00014137810631310502
1026,0.3441688580720793,0.038497076309787825,15,0.016407111091893113
1027,0.30526949065626885,0.5550210306914966,0,-2.726698649926077e-06
1028,0.05825873721766033,0.38015195984220934,0,-1.3323054897389569e-06
1029,0.022788868582899805,0.42741702301933104,0,-5.827741788596337e-07
1030,0.05985180856853776,0.35764706970773424,0,-1.6951949558440246e-06
1031,0.2446142406912765,0.028435897645186146,18,0.020581808305237134
1032,0.3323502079089031,0.03850516305948137,15,0.016944018982224533
1033,0.31610598359254555,0.06590430653990861,11,0.01299294427590319
1034,0.28113560506759144,0.3809564083343829,0,-1.162089689323852e-05
1035,0.02818304916482619,0.4042854619259638,0,-7.750967976193791e-07
1036,0.07204729498310049,0.2764684910761666,0,-4.303008291903607e-06
1037,0.027018132071962585,0.3005927903424579,0,-2.1603160737898435e-06
1038,0.191882287064461,0.45728319507815873,0,-2.338216101659434e-06
1039,0.07245109809960248,0.4104127696777953,0,-1.1343648881934185e-06
1040,0.12758530362968867,0.4086897539598454,0,-2.0009858912896236e-06
1041,0.31491166923152925,0.05917802851754339,12,0.013952278390269208
1042,0.23932453569689602,0.32367836245792553,0,-1.3164732612386568e-05
1043,0.12285384563996193,0.2924424712658336,0,-6.06679415113758e-06
1044,0.11694889740196959,0.5319781744206264,0,-5.245852387105999e-07
1045,0.2030512980226046,0.5924021414007923,0,-6.772121168773575e-07
1046,0.3025283814231565,0.5481794632200779,0,-2.840763758375057e-06
1047,0.21241513360517908,0.17776603476448066,0,7.763255723856697e-05
1048,0.17681540028349754,0.40424691636028814,0,-3.4163293111050765e-06
1049,0.22875670946067,0.1525971324657775,0,0.0005299816123886092
1050,0.30182885526617514,0.13394654003720263,5,0.006241390068323875
1051,0.25752182540131247,0.47046266188869823,0,-3.939681175200762e-06
1052,0.2800500335295344,0.2903900633581794,0,-9.211841522735038e-06
1053,0.17256099324896573,0.05916108617242474,2,0.0024593628622455637
1054,0.32400412735997125,0.49186416194009214,0,-6.142060858650475e-06
1055,0.13779463428367011,0.0184845126627583,3,0.003298032418596934
1056,0.17431269757555365,0.5926705990127487,0,-5.069666868211922e-07
1057,0.2685736780133687,0.2626546836272578,0,4.157790874831079e-06
1058,0.07309234335302156,0.5103915384941994,0,-4.201063188601215e-07
1059,0.2599460952569416,0.5292668709552778,0,-2.245238677020424e-06
1060,0.2774549622590147,0.0953071345810966,8,0.009329651720769353
1061,0.10999531729654478,0.48486630767438244,0,-7.838837805141308e-07
1062,0.22413185713383077,0.07612214886376194,5,0.006382010369978122
1063,0.2436738286864389,0.3965826470560356,0,-7.1213570986181775e-06
1064,0.2905368948160731,0.25633139353537854,0,6.952259479519953e-05
1065,0.3206639255381231,0.5160605026312439,0,-4.6817137447395295e-06
1066,0.1594097325165459,0.17156598598252754,0,-9.416389533381719e-06
1067,0.08655008547288419,0.5280201045174489,0,-4.0287589811216237e-07
1068,0.2956722587346669,0.49189056348060894,0,-4.646906038483643e-06
1069,0.13503192793613736,0.4924984328030839,0,-9.325406230390262e-07
1070,0.08551039024983108,0.30209770623302573,0,-3.8119055130979664e-06
1071,0.17245831022765326,0.02116015541196916,8,0.008939190900619835
1072,0.023861962707821132,0.03225088127332256,0,-6.84405813182785e-06
1073,0.09922170565379301,0.3571892708195622,0,-2.522409314246906e-06
1074,0.04665416432813043,0.07634239599908806,0,-1.462251784929068e-05
1075,0.21895990980457167,0.4430457148763069,0,-3.5290885842971365e-06
1076,0.3096908164368389,0.07353893146425261,11,0.012328019115656839
1077,0.05172192912500714,0.0068296803100446725,0,0.00014733410868143857
1078,0.3378503364397598,0.5398242749127758,0,-4.383942006322528e-06
1079,0.13101076634832295,0.4047092753941283,0,-2.1545541186800695e-06
1080,0.3172450475649165,0.42203642973686456,0,-1.1126203350320344e-05
1081,0.037806321620028484,0.05798722759027142,0,-1.2395578734214969e-05
1082,0.12248548557049278,0.468382730274563,0,-1.0471002582851072e-06
1083,0.16177977077205388,0.14935991944642393,0,1.5475048014899423e-05
1084,0.10647152940143009,0.4491424179445716,0,-1.0816847377942829e-06
1085,0.29326013491089975,0.19162990781440717,1,0.001213763746554991
1086,0.2749515090168622,0.2813877957586414,0,-6.925936363239352e-06
1087,0.23788368293933035,0.45536605165927796,0,-3.767351445377943e-06
1088,0.34010776787627844,0.5749800784912654,0,-3.1599800748518845e-06
1089,0.20079735346481717,0.553343275419679,0,-9.784802812334554e-07
1090,0.3228527199887618,0.2040973004083113,1,0.0018898471260014905
1091,0.11660869281312145,0.3409206124894753,0,-3.5279631923256857e-06
1092,0.00658250382494463,0.41322966968813446,0,-5.712238103870773e-07
1093,0.2718876152062356,0.5702551234620526,0,-1.6792631241523338e-06
1094,0.07401226778282914,0.35276001333420204,0,-2.050289283431643e-06
1095,0.12247676746333847,0.23296209832710033,0,-1.0624831418146647e-05
1096,0.023512696838319556,0.39500895215554066,0,-8.116739064865877e-07
1097,0.246853935258086,0.3932045811564472,0,-7.5865568766158e-06
1098,0.027914316346893706,0.3824271846578551,0,-9.61863767924742e-07
1099,0.024038109995232815,0.4954770306197404,0,-2.987749835908852e-07
1100,0.20596199391358544,0.19250346029156432,0,1.642440680810325e-05
1101,0.01467286071413431,0.2980171341081429,0,-1.9596459815999662e-06
1102,0.056034548387432576,0.5924095088492244,0,-1.560195520430765e-07
1103,0.11655263371951709,0.3651160880185408,0,-2.7699832681794427e-06
1104,0.21729152100524013,0.42205523479750423,0,-4.277224529571784e-06
1105,0.239879720494161,0.380177011101967,0,-8.041377592379928e-06
1106,0.13341911665811143,0.09881498800224175,0,8.224600020907443e-05
1107,0.30488303475788103,0.3452995530668665,0,-1.5847741733115747e-05
1108,0.28720539379851256,0.3656029206699413,0,-1.3735989463207113e-05
1109,0.1897023417721571,0.393437550920228,0,-4.323672880137006e-06
1110,0.13926810679049836,0.4428984347631805,0,-1.5973064833026896e-06
1111,0.2664015106040574,0.5222199923628457,0,-2.5689180493231196e-06
1112,0.12651643693566733,0.14587684931229297,0,-1.2274773924959785e-05
1113,0.32739620045218143,0.19971004942130569,2,0.002361776357602236
1114,0.24425051405701997,0.20977980150851364,0,7.446255648283656e-05
1115,0.2521488437524001,0.034320695177459545,17,0.01940090017571758
1116,0.07906986000418731,0.5935518161507317,0,-1.9414932762544415e-07
1117,0.2280097734675279,0.14971963076152275,0,0.0005784595786881412
1118,0.3014476529760723,0.5206672677647166,0,-3.6970136920004003e-06
1119,0.2191018337184368,0.24932877403596096,0,-1.4925733990349884e-05
1120,0.06538530388881837,0.532751793236271,0,-3.1104534288248595e-07
1121,0.2584409977373225,0.05223586265747573,14,0.01552085972683329
1122,0.041844430380584316,0.1255421244876598,0,-1.32576371039967e-05
1123,0.2711862119878626,0.2788102127092373,0,-7.6280587571184746e-06
1124,0.02666417361193328,0.17789105839282757,0,-7.266284110463473e-06
1125,0.2035009918136214,0.04476274495106958,8,0.009477633662723691
1126,0.024984784834122042,0.38442986323402023,0,-9.156067193483324e-07
1127,0.007615634715443664,0.19735395601516462,0,-4.98144863460902e-06
1128,0.23153165057767366,0.3911489324565885,0,-6.673681295876952e-06
1129,0.15135314105660203,0.3423450545372269,0,-4.909813884193605e-06
1130,0.27955504103066386,0.4801107512880041,0,-4.453114596944063e-06
1131,0.2014367890463299,0.0015751799133957745,19,0.02432440757074909
1132,0.17806747934906514,0.20351879918323235,0,-1.4020260228204636e-05
1133,0.09947256121832974,0.07042790415178725,0,6.0329594832369495e-05
1134,0.1471720519634318,0.35645053360612416,0,-4.095292607433715e-06
1135,0.2854207257718268,0.4449535861320383,0,-6.670130045581625e-06
1136,0.12739132383817195,0.23168734768518454,0,-1.1216042664956599e-05
1137,0.17084123762022993,0.2685481531075405,0,-1.1853462021764093e-05
1138,0.17638532684221245,0.5564656431084337,0,-7.433278633653204e-07
1139,0.3099957673482394,0.29629651437795695,0,1.409565029729797e-05
1140,0.21972667424324926,0.0625917017050172,7,0.008311529436936199
1141,0.12800888925719997,0.3671097173174564,0,-3.043732982305872e-06
1142,0.28093625954445584,0.5216038056220889,0,-2.9871554491719397e-06
1143,0.10536017132013363,0.18517005900271002,0,-1.3625785526016259e-05
1144,0.25646739778754085,0.3874410986007742,0,-8.781213117671769e-06
1145,0.28710690111027537,0.23394578548459022,0,0.00018244482021309525
1146,0.21231026217976134,0.4873023477207596,0,-2.1237423751279983e-06
1147,0.2406254221925361,0.012033894986579873,19,0.02578080163897891
1148,0.22477922548476234,0.13575702841987952,0,0.0008883005070596846
1149,0.2774257304909858,0.5964430966052393,0,-1.3659672401173447e-06
1150,0.08020240828662158,0.3704479000760388,0,-1.827576747878996e-06
1151,0.1668686500173945,0.5736370203104826,0,-5.693234478897027e-07
1152,0.16944557053267625,0.2759479986302768,0,-1.0995656714701098e-05
1153,0.2869953383051861,0.4710487501723696,0,-5.242558527810531e-06
1154,0.18947541812697014,0.25250641324843587,0,-1.506754637637086e-05
1155,0.2422928053008655,0.17448777965038312,0,0.0003679016122181457
1156,0.13096239110356253,0.38624918124968205,0,-2.589553215501702e-06
1157,0.09975414822310427,0.5544356821395718,0,-3.5295614969277497e-07
1158,0.2109629657583189,0.3087288802995087,0,-1.1839660927049038e-05
1159,0.09250636134004447,0.21241277906854394,0,-9.763213992749154e-06
1160,0.07384998137260104,0.49498150472717134,0,-4.938192690529562e-07
1161,0.26916680603509474,0.11571959175318015,5,0.005779685962824802
1162,0.07669896514453978,0.11917686403035649,0,-1.571608527002257e-05
1163,0.12381764521204457,0.59248132313521,0,-3.0680030245860725e-07
1164,0.30076972141348995,0.08647309714104003,10,0.011099848863718112
1165,0.10724417466384238,0.42481171344231855,0,-1.390259384080592e-06
1166,0.10331475767925313,0.38721234739506377,0,-1.9466355120826516e-06
1167,0.2200970326966084,0.39063596832454744,0,-5.9988367609546235e-06
1168,0.09694630356958697,0.3145472215985605,0,-3.7729927722308107e-06
1169,0.20446560787330348,0.1681991151902107,0,8.559674901209814e-05
1170,0.3275185878233958,0.09347995756988554,9,0.009819202063198636
1171,0.12483804898656088,0.16878981763092563,0,-1.5762257859572205e-05
1172,0.10295733840197248,0.38129668333129935,0,-2.0578278187790826e-06
1173,0.21660025879031677,0.5894850793589475,0,-7.982059667549778e-07
1174,0.11418022980364477,0.37244735424486397,0,-2.514300205095722e-06
1175,0.24028947487388597,0.32908311833921156,0,-1.2724930932436302e-05
1176,0.11494214911813593,0.422515698898578,0,-1.5361573292668631e-06
1177,0.2752341273195014,0.3950889775557164,0,-9.732904720961741e-06
1178,0.16278733245241644,0.18744450647855593,0,-1.3814471989346914e-05
1179,0.3086060837892238,0.29403788832120087,0,1.5588417078739703e-05
1180,0.10794022604394546,0.3173368420338817,0,-4.093205552551004e-06
1181,0.184571827155113,0.06312793411189806,2,0.003193713895561491
1182,0.2284820958697845,0.5886975702415789,0,-9.05788107880544e-07
1183,0.08835909480204981,0.5863757442328381,0,-2.2887090032940804e-07
1184,0.02175662640027167,0.40275491599328217,0,-7.381166513281277e-07
1185,0.08225754759359703,0.3678345935851431,0,-1.9148141760273994e-06
1186,0.003171123642792778,0.17014461569964134,0,-6.2344712541119035e-06
1187,0.15945225719993,0.30815720003772956,0,-7.4304907088610835e-06
1188,0.2952883589535324,0.2325298509691187,0,0.00027564161388348975
1189,0.036256696097932355,0.21723933464147563,0,-5.430013341472128e-06
1190,0.18173686654434004,0.3465601256857857,0,-6.349792147177576e-06
1191,0.08210717025610237,0.24399178893392748,0,-6.546315246758609e-06
1192,0.22356731452282555,0.2649211798716501,0,-1.5780982806101684e-05
1193,0.028759423075786775,0.585737918700904,0,-1.2700891908092475e-07
1194,0.019997849352424806,0.4275154059170757,0,-5.661939054874508e-07
1195,0.12843628351471717,0.39032575198153385,0,-2.424415702613635e-06
1196,0.29780188783041084,0.09355787993382454,9,0.01032682828770703
1197,0.3391185898109269,0.4047667350966899,0,-1.487492237439434e-05
1198,0.22259510324450832,0.4898822380391771,0,-2.293164338289517e-06
1199,0.2570873869015325,0.008622364063627574,19,0.027916010417057657
1200,0.11359915144636974,0.12051410268219089,0,-6.12237856608809e-06
1201,0.33527860129423354,0.3214329617687917,0,1.3544231043422471e-05
1202,0.15445976148197477,0.22283670349042906,0,-1.4651545937189567e-05
1203,0.32088129922709846,0.43316619190040245,0,-1.0412528734849792e-05
1204,0.27117811308120204,0.3496133233031173,0,-1.3734824623038845e-05
1205,0.0760787302447631,0.5860926555691511,0,-2.030279905241352e-07
1206,0.17700332248219697,0.5757702735037886,0,-6.166407115652948e-07
1207,0.3461499917044625,0.37994236111960067,0,-1.5578132240902923e-05
1208,0.2747815490712333,0.3878339996590907,0,-1.035308074471322e-05
1209,0.050658782111215495,0.020534844562786203,0,6.562016746747007e-05
1210,0.18734283702630836,0.5644533464807225,0,-7.655871523388999e-07
1211,0.1892488685203735,0.5381738322483393,0,-1.0147625739250312e-06
1212,0.3007338313140264,0.43711623533742255,0,-8.333884652986193e-06
1213,0.23557951253019618,0.4295531729943056,0,-4.758551131491582e-06
1214,0.2869545698240861,0.03398542653000134,18,0.01975149540058465
1215,0.23575543911570343,0.2343565460685194,0,-2.3328162427799632e-07
1216,0.2495991380488603,0.4252033153959373,0,-5.703462688273108e-06
1217,0.030803361250206933,0.38142698695143057,0,-9.999742584848272e-07
1218,0.04221315262179016,0.09599967194727956,0,-1.5589199980015433e-05
1219,0.23871354491347108,0.055294312697807844,11,0.012959690879122595
1220,0.16312230317529997,0.1758859108647975,0,-9.732059552498569e-06
1221,0.02077941142761016,0.020910904430391872,0,-1.6238050263342262e-07
1222,0.06818705398682849,0.04561723676354612,0,3.983887008726517e-05
1223,0.25410913219438924,0.11283295282091634,4,0.0046227416027005185
1224,0.12653311555126942,0.21370821123062841,0,-1.2905258007465952e-05
1225,0.3227596681018758,0.22682728758379841,0,0.0009282107870898828
1226,0.24042510753911697,0.4731483870552741,0,-3.236491053561452e-06
1227,0.006774266959291391,0.30814533047988113,0,-1.6366715389987482e-06
1228,0.14051483819807836,0.3558649131534867,0,-3.855726974934012e-06
1229,0.33498318922941633,0.3306615084825864,0,1.1409139221981945e-06
1230,0.1403680016307261,0.4848916572475592,0,-1.061286289049246e-06
1231,0.2591835084909964,0.43372311328257007,0,-5.762160489802814e-06
1232,0.3055435651909608,0.23080957387881706,0,0.00044261540550119435
1233,0.10447206795291329,0.4132744457956047,0,-1.517639357892035e-06
1234,0.2856773407777945,0.5865499813469933,0,-1.6372362010972344e-06
1235,0.23173629745586258,0.23481735112575342,0,-4.129636169276423e-06
1236,0.20403442217551832,0.33391914557211383,0,-8.882217705061261e-06
1237,0.1338384690444738,0.22292609458415916,0,-1.2714843117968848e-05
1238,0.2371623920576988,0.5046230593777317,0,-2.2884880716190805e-06
1239,0.31074976132417864,0.4964363294261358,0,-5.155339207821635e-06
1240,0.15170543929628116,0.545253740257725,0,-6.4993830862058e-07
1241,0.02055506858105058,0.1899743587796616,0,-6.085618808020852e-06
1242,0.08116610290446641,0.22640599270602013,0,-7.692800604777452e-06
1243,0.1480534090141693,0.487886640858152,0,-1.1121039029034285e-06
1244,0.3270956929605407,0.03090632401986677,17,0.019128969806057754
1245,0.1348527453977982,0.4315719934146653,0,-1.7116700718274328e-06
1246,0.2761321819969982,0.09646787101592799,8,0.00907191078519657
1247,0.14114319898645789,0.10203553628288954,0,0.00010480717936919264
1248,0.19279928606641442,0.5149599361009811,0,-1.3259875806974674e-06
1249,0.07249978676447864,0.014817902566824226,0,0.000271137877017265
1250,0.28594459040257725,0.01936209593053859,19,0.02400870347580107
1251,0.27684408105032215,0.42031047534337984,0,-7.793865269033918e-06
1252,0.15244591829590776,0.5375506698815726,0,-7.071846372225573e-07
1253,0.3302838955042126,0.3124686221998981,0,2.0695513483800006e-05
1254,0.3089099549015825,0.18507539294465963,2,0.002293024504840616
1255,0.22977649230239358,0.23372886762118572,0,-4.780505164323285e-06
1256,0.21543947971921057,0.5195298893079084,0,-1.587800419380172e-06
1257,0.07491741209390912,0.5561254840353219,0,-2.708076825612779e-07
1258,0.30998694895865136,0.06824595431623261,11,0.012945409823333486
1259,0.011886630749173031,0.18083395693000565,0,-6.114435257377828e-06
1260,0.17932909113693218,0.5390201472021964,0,-9.113667709574355e-07
1261,0.0001532765189487084,0.3353157809903405,0,-1.167534934856421e-06
1262,0.005943026228670828,0.49736676230560184,0,-2.447005627146233e-07
1263,0.1877567072861641,0.14256318191284736,0,0.00013863018728595995
1264,0.22205965380788195,0.018768126142759623,19,0.02124481117485846
1265,0.24838190543810665,0.08434705130981654,7,0.008249590141012357
1266,0.19735210225318414,0.24391539166308152,0,-1.580558448141929e-05
1267,0.3457739569883459,0.37886735938449395,0,-1.5519573063791334e-05
1268,0.04231073818799351,0.07995227963433402,0,-1.5489346727139252e-05
1269,0.28242475140015977,0.2553006319821619,0,4.554933262078239e-05
1270,0.20304231534664116,0.33033908973716614,0,-9.100193097731052e-06
1271,0.10977018177765267,0.4779896823709654,0,-8.377943529277715e-07
1272,0.2816091105812351,0.028010400404793034,19,0.021422968714679726
1273,0.1784564703067734,0.44928266295866137,0,-2.21544181809148e-06
1274,0.34140696445785396,0.4480768462009507,0,-1.093838987990398e-05
1275,0.2933792960260873,0.5922857873783454,0,-1.6694228308411506e-06
1276,0.14949028246492835,0.5866585733859375,0,-4.2020899113245745e-07
1277,0.1388852504402988,0.08181237485658896,0,0.00025409264906720377
1278,0.3109056842678131,0.4015777028075525,0,-1.2522026534222608e-05
1279,0.1538253483280149,0.21999346795075406,0,-1.4829886737234636e-05
1280,0.11013812066706584,0.2797655079119009,0,-6.065773189698671e-06
1281,0.3198598554466287,0.5831309864413945,0,-2.381611284685173e-06
1282,0.2544665772456176,0.5155032195711116,0,-2.4391792290679776e-06
1283,0.20616408470712017,0.4534414767645699,0,-2.801208458421662e-06
1284,0.13157754787738193,0.45566387753224613,0,-1.3020626568616102e-06
1285,0.2547930332922265,0.04997827730242503,14,0.015784504988699512
1286,0.05194976100916106,0.19021089281246054,0,-8.227212460520567e-06
1287,0.2047842880936293,0.21019041868352414,0,-5.628295308289977e-06
1288,0.2608295013117371,0.2256589703391796,0,7.607632734653345e-05
1289,0.2314662609993057,0.544023504045502,0,-1.4584944353066413e-06
1290,0.1997665726037107,0.3940596039434197,0,-4.7472917633701866e-06
1291,0.11606396480893415,0.27605389013282144,0,-6.664932725328538e-06
1292,0.14185642752952676,0.3514055841324773,0,-4.084673922960695e-06
1293,0.0856195660299092,0.5439194117935167,0,-3.404772503919647e-07
1294,0.23722643583211211,0.4489288592922484,0,-3.990402042344782e-06
1295,0.007450436057786363,0.16753374249595146,0,-6.66858774954061e-06
1296,0.04866338419715047,0.13796857528536804,0,-1.2705033457150717e-05
1297,0.30602192961426444,0.08412960758098757,10,0.01128070336060022
1298,0.31664507752380655,0.3676754250896231,0,-1.5774492430753656e-05
1299,0.1429203988384512,0.0021038130271413325,6,0.007100831912650022
1300,0.07204640937322916,0.5989746381511751,0,-1.7144370532816666e-07
1301,0.018840601444941422,0.44049305644953424,0,-4.915693872563587e-07
1302,0.19192637497268958,0.30059170954486325,0,-1.0784487492717191e-05
1303,0.012726694459786624,0.25300450106180217,0,-3.012921857927159e-06
1304,0.34089046735714446,0.3599625614151753,0,-1.3032353911890977e-05
1305,0.03238808253802452,0.007181499606690033,0,4.825990191012731e-05
1306,0.17147962193344876,0.47021091095076056,0,-1.6765483984583807e-06
1307,0.17914767918890095,0.47784378355742607,0,-1.6769068380499781e-06
1308,0.11030873802208936,0.5475992015683703,0,-4.199359929979399e-07
1309,0.08022390153410484,0.25628647247840386,0,-5.696542008073545e-06
1310,0.2609430834093356,0.3962459397425232,0,-8.428482860035335e-06
1311,0.2791186631592934,0.46242863710507703,0,-5.282278222210405e-06
1312,0.34677253452947193,0.23003442230189272,1,0.0016396064945185917
1313,0.06513989446643888,0.24080529580079588,0,-5.720077677314643e-06
1314,0.22597500657925657,0.46929697245574076,0,-2.912769649417245e-06
1315,0.07025303221590808,0.17729558837762843,0,-1.0960003880651966e-05
1316,0.23780105603447566,0.22232924177264646,0,1.9313600441069403e-05
1317,0.1774484115992577,0.20369394583372138,0,-1.4180512409629352e-05
1318,0.21730291142397098,0.37512175077870197,0,-6.793868193969767e-06
1319,0.0694225287307485,0.1714976354516848,0,-1.1440828819223038e-05
1320,0.19825085559638592,0.4095895204607931,0,-4.0082742072797355e-06
1321,0.20575150049074287,0.2079797103656521,0,-3.189764173620301e-06
1322,0.08584771076879039,0.07344919408225782,0,1.64817579210234e-05
1323,0.256154997329377,0.11329035153635081,4,0.004775745673159556
1324,0.24794614719072172,0.2520506263695058,0,-5.067033805569789e-06
1325,0.29733639727731304,0.4223675893011951,0,-9.273345836201059e-06
1326,0.17785780900008039,0.4179099619768098,0,-3.012300598987954e-06
1327,0.06750221741538547,0.07032785651922258,0,-2.7885587604297025e-06
1328,0.21069332163901525,0.20972757837767966,0,-3.5509685695801764e-07
1329,0.273157911404384,0.19447908599681088,0,0.0005468255339186011
1330,0.27998577156527327,0.17902557228339117,1,0.0012267656639296898
1331,0.1717274012053312,0.3357875491555819,0,-6.398668951847876e-06
1332,0.0762555003465044,0.2739355015503859,0,-4.600561161222059e-06
1333,0.03569974907455931,0.216221654580558,0,-5.4547909856215795e-06
1334,0.08282868480493541,0.49866293387692456,0,-5.206223100207981e-07
1335,0.05230021732396695,0.3774064431781672,0,-1.2902824979685016e-06
1336,0.23285035021170644,0.31807728880834957,0,-1.3079857797749764e-05
1337,0.16593919654591027,0.5984547305471887,0,-4.4010750476264574e-07
1338,0.24258254785479838,0.48613361470934013,0,-2.905060539880319e-06
1339,0.3072664513437503,0.10857758924218253,8,0.008919904394500754
1340,0.2954604566535841,0.12224311599439602,6,0.007103815535677013
1341,0.33110680381514296,0.5416503267379803,0,-4.027005095209415e-06
1342,0.3164778520150203,0.11177033129103854,8,0.008681859910052818
1343,0.093960667094545,0.4675683794858809,0,-7.940268801447839e-07
1344,0.20355987800319109,0.021621392629832138,15,0.016567448731503554
1345,0.34778275988173746,0.38967407020192746,0,-1.593145449937245e-05
1346,0.21286850829327886,0.47373721815479275,0,-2.445457763148811e-06
1347,0.24918559632876647,0.2694293086568094,0,-1.2942547211471767e-05
1348,0.07101050655239691,0.08464179828887008,0,-9.85464201754412e-06
1349,0.08335034230729856,0.47040116950883865,0,-6.942541812712644e-07
1350,0.09051498593689958,0.4725641787566917,0,-7.297891013692979e-07
1351,0.34165301008836746,0.05506727557958073,12,0.013275493070017842
1352,0.2411751780476416,0.4184896665093937,0,-5.609354847617601e-06
1353,0.25170836097780275,0.3530633568161146,0,-1.147745270612436e-05
1354,0.16261773187915488,0.22534076630895206,0,-1.5088386416041318e-05
1355,0.19365596259657597,0.3384714283452768,0,-7.708751192265702e-06
1356,0.2192751433674072,0.10354493399695659,2,0.002385300222721912
1357,0.03805176148696348,0.25974498401973195,0,-3.625223163405166e-06
1358,0.14555303274229228,0.21172625231902717,0,-1.4829607115773278e-05
1359,0.3139069008011731,0.17276888516512914,3,0.0034685832421562893
1360,0.01139440009490067,0.3041402664049854,0,-1.7839555375047107e-06
1361,0.05809443869282289,0.004655908666686348,0,0.00022336325770307014
1362,0.06332328459041842,0.3732794746891792,0,-1.5010832256615352e-06
1363,0.2312643393332976,0.06256394452393352,9,0.010195712747135452
1364,0.07413208439553336,0.555860843875866,0,-2.694039589539013e-07
1365,0.06802671345847786,0.42136224236453196,0,-9.727871204389362e-07
1366,0.09825175228598015,0.47548043636687687,0,-7.657465944004124e-07
1367,0.2480698326737679,0.2152397321398422,0,6.747552322567259e-05
1368,0.09643230002594044,0.10093056440356682,0,-4.277734089288889e-06
1369,0.29407966718279055,0.22431721705187113,0,0.0003697891762370872
1370,0.30506587880829217,0.566933718283632,0,-2.4161167971702285e-06
1371,0.22094956061691112,0.26789439445603547,0,-1.581587523476267e-05
1372,0.32890780807355896,0.3997020563727304,0,-1.4436288557784879e-05
1373,0.14044611556338635,0.26392692251001093,0,-9.440048484452484e-06
1374,0.08840991514283657,0.23610352014342526,0,-7.5124345495268445e-06
1375,0.2972594410246388,0.5659482992537966,0,-2.2574749619783354e-06
1376,0.01516498919146017,0.30377579952331024,0,-1.8591570668776924e-06
1377,0.2043731528876792,0.3264383182924375,0,-9.552560350428665e-06
1378,0.2806613136903561,0.016019672704218356,19,0.02525346413172568
1379,0.20260562383323175,0.38135266437315707,0,-5.535584066103076e-06
1380,0.3016100066364958,0.11411809283410794,7,0.008255753580210417
1381,0.17582804986656544,0.38875921841723104,0,-3.947067104673949e-06
1382,0.1657556411159665,0.17213547493889572,0,-6.033995620351839e-06
1383,0.2800182902869657,0.267600860823047,0,1.287676634154941e-05
1384,0.13907222754687676,0.3136168224146311,0,-5.776768396546002e-06
1385,0.054762683289908395,0.09144021428466113,0,-1.5425408516988072e-05
1386,0.07405834597380508,0.13867738725942194,0,-1.4950197690369038e-05
1387,0.20249498931569332,0.3613561837389004,0,-6.727467650003883e-06
1388,0.3453635428759153,0.5597053129473281,0,-3.8761927616368025e-06
1389,0.1321247403681773,0.29401687774096585,0,-6.5405536147927044e-06
1390,0.3490031490826047,0.4080841052930144,0,-1.5363904203135317e-05
1391,0.024552164277730142,0.5303762338764596,0,-2.1184159266250574e-07
1392,0.17524281022313118,0.5826185678909612,0,-5.657987983863651e-07
1393,0.1718488525128244,0.3393974667060824,0,-6.183792709166593e-06
1394,0.17664915846807905,0.12467128615704372,0,0.0001945494751965098
1395,0.22076422776691432,0.4792374704353821,0,-2.504247162783041e-06
1396,0.31201764919595915,0.022557822020894312,19,0.02225659439459136
1397,0.025177353881254055,0.06985170591906491,0,-1.5742747910771234e-05
1398,0.11426859877216614,0.09090352891560145,0,4.1239920834694014e-05
1399,0.0997654626041521,0.235613306063559,0,-8.412402063191765e-06
1400,0.014563178783196861,0.3909584372759925,0,-7.729444912128384e-07
1401,0.31492326640640345,0.3082766068925485,0,4.118149946607905e-06
1402,0.21652853698574395,0.043119948149557705,11,0.012498356249458322
1403,0.030440304169079443,0.24666697598010764,0,-3.8283740285996645e-06
1404,0.06675778497634778,0.41520624353084634,0,-1.0215201085013874e-06
1405,0.11650610983106253,0.5838947046781565,0,-3.107690057059614e-07
1406,0.3159350575292022,0.04388818298011867,15,0.016516576572814034
1407,0.07157145053256364,0.0089553135656794,0,0.0003399472203696416
1408,0.042577813168588635,0.5864736023244069,0,-1.4473857114641646e-07
1409,0.31097279966197694,0.12821645103959725,6,0.007217656695143413
1410,0.3401080225067631,0.4660189128207623,0,-9.186792852163053e-06
1411,0.05144746939116756,0.5583330506956291,0,-2.09541644985315e-07
1412,0.32070950274811477,0.37389648227173344,0,-1.568773323681241e-05
1413,0.030234590225055456,0.005559550143432256,0,4.6591055949591214e-05
1414,0.1554441003239222,0.46997026799291086,0,-1.432088770221046e-06
1415,0.05557272410220317,0.022407454367924993,0,7.841674603437687e-05
1416,0.03702466896001669,0.45414875947584976,0,-5.142375978769958e-07
1417,0.03778961321848868,0.389434353629081,0,-9.897373391075298e-07
1418,0.24647185162907775,0.2582913848528648,0,-9.717593259052327e-06
1419,0.3340509286356901,0.5695830330940181,0,-3.139787918508184e-06
1420,0.08579397868819157,0.3583538297789994,0,-2.1807032274034885e-06
1421,0.02428375415653598,0.3497978574875445,0,-1.2854510631527984e-06
1422,0.2726048022923099,0.5006601459391946,0,-3.3880653124146368e-06
1423,0.13490502436744628,0.20961995863980523,0,-1.4099339773161748e-05
1424,0.11888285599384081,0.42012507093786017,0,-1.63642266645487e-06
1425,0.08826763147827375,0.09797446717696108,0,-7.806895283454325e-06
1426,0.26523729639363935,0.18313961705921106,0,0.0006334626953008386
1427,0.22692862426224583,0.5166305180217626,0,-1.8329232526173946e-06
1428,0.03899059654620107,0.454483470689199,0,-5.226827998129202e-07
1429,0.34723861420005364,0.5772052001730531,0,-3.3176441321059124e-06
1430,0.11533838189876157,0.4110622110354405,0,-1.7293155752466937e-06
1431,0.2033154678399403,0.5911920788296904,0,-6.872647546889553e-07
1432,0.012339838931387619,0.400260023213493,0,-6.888240976891032e-07
1433,0.2654183244423022,0.5923463171682118,0,-1.262454288814127e-06
1434,0.04958330643821726,0.06698659730699365,0,-1.1433889840722303e-05
1435,0.15415900368756674,0.5942409922077561,0,-4.081137481668176e-07
1436,0.1455881358946456,0.2376462269985869,0,-1.2418056994011114e-05
1437,0.263831955374927,0.5488980075397293,0,-1.918303746321346e-06
1438,0.1123859929822054,0.3827959914038918,0,-2.22717379990263e-06
1439,0.13152200615763882,0.18701554031683076,0,-1.5522438796676455e-05
1440,0.3168306189262303,0.4441263923238079,0,-9.074894979903366e-06
1441,0.08868846573967125,0.09032688177166749,0,-1.8316443199209132e-06
1442,0.23915896718550697,0.5107656238189083,0,-2.195563206958648e-06
1443,0.21224175778911633,0.3083587465015678,0,-1.2002586934298345e-05
1444,0.20260529326681198,0.4007182501007672,0,-4.570582466579298e-06
1445,0.33628359901510074,0.20060590929076966,2,0.002754886728790533
1446,0.14599109301412025,0.34102518993104997,0,-4.717541308471672e-06
1447,0.17075548141611505,0.12952256464137618,0,0.00011483601063191673
1448,0.07313480263995345,0.14279127436616493,0,-1.454921841985039e-05
1449,0.12511328357764379,0.30014725211305965,0,-5.750426019133463e-06
1450,0.043761173160286916,0.4418368808334245,0,-6.220909656916515e-07
1451,0.16367581261437827,0.34174880113777734,0,-5.576934053207782e-06
1452,0.05086505739906293,0.5535165888730389,0,-2.186055424367001e-07
1453,0.2594773694379502,0.5435390785560675,0,-1.9378370986429166e-06
1454,0.24342851960399248,0.2676684770006773,0,-1.3932765503672557e-05
1455,0.29703709097087966,0.3299234774939768,0,-1.5392373359308342e-05
1456,0.23754657618383196,0.13207884487379115,1,0.0015920113037982567
1457,0.1257535570098212,0.0951833544281487,0,6.530512602253906e-05
1458,0.31747591767368044,0.5656351309955033,0,-2.76949765983836e-06
1459,0.09454586581841513,0.29207045993097597,0,-4.606418336257737e-06
1460,0.2917919275122628,0.1806006286076734,1,0.0016677095479551917
1461,0.09527059914266192,0.5184226556585787,0,-4.838065767989016e-07
1462,0.15546699546682077,0.11273060671650607,0,0.0001255063461311169
1463,0.0027725127689175785,0.523943260338599,0,-1.8174441379122375e-07
1464,0.2736080920277601,0.3385164338322597,0,-1.4930649143000749e-05
1465,0.3499134019884586,0.5385313224667677,0,-5.002445155237958e-06
1466,0.2853576567625826,0.16401730138441872,2,0.0023259482446633334
1467,0.1038467693709373,0.1403635405969682,0,-1.5439875495882702e-05
1468,0.02318557901515098,0.2254330870283806,0,-4.399624289468508e-06
1469,0.09233060089117459,0.5254289387620338,0,-4.3802063548555754e-07
1470,0.34877465547446884,0.465881625101234,0,-9.960821771354628e-06
1471,0.11715846590060078,0.27654634121832405,0,-6.704045160406147e-06
1472,0.2620832473371932,0.1806941653020826,0,0.0006196448236410359
1473,0.034160872299615765,0.12568880789427367,0,-1.2486378987916832e-05
1474,0.3325462919736016,0.47013058426300613,0,-8.231755227820677e-06
1475,0.08753850204408237,0.1047034010652802,0,-1.1405602449995603e-05
1476,0.13865361154803754,0.06456852286374377,0,0.0005392438181562709
1477,0.0474781318308522,0.29812515389184835,0,-2.7156108730664487e-06
1478,0.22590687848683363,0.5371392785035208,0,-1.4781016151403548e-06
1479,0.1262271845529436,0.4934972733723145,0,-8.455807973192295e-07
1480,0.30852945637726475,0.3599013592430925,0,-1.5757281743691977e-05
1481,0.22616380411657255,0.2542369676721679,0,-1.4617805205662965e-05
1482,0.1063388435368064,0.2928099150560124,0,-5.138420084671323e-06
1483,0.1457889665697506,0.2459241240808709,0,-1.161885605701236e-05
1484,0.14571691659998828,0.13543948887075288,0,1.2182381345447493e-05
1485,0.08035545475549265,0.35854658160781966,0,-2.0615462985658672e-06
1486,0.08404264632945377,0.08047608342785699,0,3.5878223113108974e-06
1487,0.08089762717053982,0.006193201729695952,0,0.000577232667190766
1488,0.2734019600545274,0.03307469113275654,18,0.020170961847075095
1489,0.09523296949969307,0.4846636640195977,0,-6.778196822204353e-07
1490,0.05305755440176592,0.0090658678193283,0,0.0001407042082643343
1491,0.3116944191619021,0.08296354917334088,10,0.011264414170976548
1492,0.25250605662217124,0.5108891804368345,0,-2.5047759114303775e-06
1493,0.04639940373347256,0.2500173674820413,0,-4.338951251128871e-06
1494,0.06653543750893849,0.5076067626681705,0,-4.0458803058832267e-07
1495,0.20305228505260714,0.21827151481957338,0,-1.1004262487280397e-05
1496,0.1373733543893135,0.16392080109582255,0,-1.4164617243994774e-05
1497,0.2151184616328232,0.002593957590442941,19,0.02668420235736059
1498,0.04785229111100636,0.33721952576529596,0,-1.844463276269472e-06
1499,0.2899894136660432,0.09947837271133501,8,0.00945460168956352
1500,0.14116108531016283,0.46299308659642124,0,-1.33153752648038e-06
1501,0.12812964520279368,0.5667806221270092,0,-4.141568269305683e-07
1502,0.2852868448706963,0.13927301672606487,4,0.004475313053939237
1503,0.21279049735199057,0.5755335827078077,0,-8.834477014566591e-07
1504,0.05292458323947366,0.021778159542818743,0,6.972743059663316e-05
1505,0.09854176360483571,0.42151088200294246,0,-1.317339586479329e-06
1506,0.17743041260026396,0.02610246700129464,8,0.00874838108705329
1507,0.05898614267629096,0.40206617591084565,0,-1.0779573515060595e-06
1508,0.31040193152422846,0.3348076482078301,0,-1.4194015815390352e-05
1509,0.18149188049198547,0.47073474495169587,0,-1.8429800250983895e-06
1510,0.2704021497984346,0.16583118757842305,1,0.0014226836349762364
1511,0.01899377296802314,0.5802389124719177,0,-1.2171668694014085e-07
1512,0.20030327782794477,0.15266681196172008,0,0.00015469362711723587
1513,0.30071375860050004,0.48172145338503025,0,-5.400571678955469e-06
1514,0.017715731026431397,0.5238946449149134,0,-2.1110662719308075e-07
1515,0.006747343657464033,0.3974795753598581,0,-6.697633048009287e-07
1516,0.21417923997582813,0.3347119035896542,0,-9.686204532438732e-06
1517,0.2500842210775443,0.1799791585494988,0,0.00040082588960912177
1518,0.09116012217002435,0.20062876413100328,0,-1.0725804800262111e-05
1519,0.2982458993417651,0.06700103154636727,12,0.013462864231535542
1520,0.17265085639614108,0.49848031793276126,0,-1.2786979355511465e-06
1521,0.10439634756265416,0.19002058687865006,0,-1.3061277472398649e-05
1522,0.2845534394941857,0.3237096990798865,0,-1.5780359201462392e-05
1523,0.07598543238998438,0.4363330037459075,0,-9.06824078553878e-07
1524,0.29967554924742956,0.40545021456073427,0,-1.1036012403778467e-05
1525,0.228843050130769,0.42919703490614436,0,-4.467499078841708e-06
1526,0.11157546223897594,0.05343855946654732,0,0.00027161289868118666
1527,0.05394959379745774,0.016045504447680492,0,0.00010221314031515204
1528,0.008472895115158051,0.10824649185118955,0,-1.1673517144698876e-05
1529,0.3169758713577523,0.44562284657033713,0,-8.96086992868158e-06
1530,0.1943388714214459,0.1669495792732102,0,5.097499722753816e-05
1531,0.30809349877084613,0.20443825764078916,1,0.0012480457315490647
1532,0.19130030875958146,0.19039486476376383,0,-2.022373999241477e-07
1533,0.19968428375477096,0.5350008249574637,0,-1.1624317201373095e-06
1534,0.017867109203229106,0.1987514148014854,0,-5.436427973036123e-06
1535,0.12788545540204846,0.5069707844386695,0,-7.513405120780362e-07
1536,0.31963598336973525,0.36850013322986214,0,-1.584502876850726e-05
1537,0.3128860561487578,0.22561748198110326,0,0.0007006785840899745
1538,0.08551061213956704,0.129999469899286,0,-1.5753144763933947e-05
1539,0.20814516950759732,0.2205676764953596,0,-9.78498767117796e-06
1540,0.0776809645037314,0.485956291344312,0,-5.615369793969592e-07
1541,0.3374143660361093,0.5682281663684345,0,-3.290658682471088e-06
1542,0.12016180484374402,0.30292519167595505,0,-5.328956633805765e-06
1543,0.32574489697831055,0.05585184485325227,12,0.013944066751607163
1544,0.05161579791055486,0.5979201945891575,0,-1.412795335613196e-07
1545,0.03722471200410768,0.5741203464775354,0,-1.5524265138809153e-07
1546,0.19062890127833015,0.2704726154181768,0,-1.3611565473221217e-05
1547,0.05710979929490017,0.43492265675442765,0,-7.616953446185343e-07
1548,0.1828405201536404,0.05701016753099246,3,0.0037397962234379687
1549,0.22896737301201314,0.372575045838222,0,-7.792535634507959e-06
1550,0.007063238018027556,0.3215546139505356,0,-1.435477739329502e-06
1551,0.23598943621729665,0.41140770669884,0,-5.715777026793116e-06
1552,0.0010223706801308684,0.37721543758425496,0,-7.746169207680767e-07
1553,0.30678039996679385,0.24730452369362355,0,0.00023528118667512902
1554,0.2866728495634252,0.08238202991060972,10,0.011497582053327595
1555,0.1383519844251165,0.035383985342052136,1,0.0017565048007019963
1556,0.18740275166272752,0.3456298206278173,0,-6.7713328187701335e-06
1557,0.22609796995615025,0.39419305387872866,0,-6.143566318733986e-06
1558,0.20611789556880536,0.5328803062136964,0,-1.2660576829149907e-06
1559,0.0014060467824998867,0.5605186167342929,0,-1.2436273635025454e-07
1560,0.34391796163099003,0.07457194845159644,9,0.010679609813507969
1561,0.03897240019519713,0.20388430697996446,0,-6.35909241753568e-06
1562,0.08953920668340437,0.21252177894451232,0,-9.491274621559252e-06
1563,0.2677657795159825,0.33687371677331585,0,-1.4586228258195296e-05
1564,0.11194381141636424,0.48782292457515125,0,-7.759999453997647e-07
1565,0.212828786979778,0.07627629663604855,4,0.004803427148543241
1566,0.12884704499903327,0.4872911276728813,0,-9.235576955123753e-07
1567,0.24530880863614887,0.34247604385877517,0,-1.189137031823892e-05
1568,0.18742607967841873,0.09787893911397857,0,0.0009626758363634884
1569,0.20877905112727227,0.26952252020041817,0,-1.522837575315808e-05
1570,0.04941493428445563,0.2725298712730744,0,-3.5737415931565734e-06
1571,0.12309299505137938,0.44522009706151827,0,-1.327992777650787e-06
1572,0.32282935357455705,0.038124479884349215,16,0.017460505498757755
1573,0.02150731325629744,0.3649077563951046,0,-1.074979888750716e-06
1574,0.297300499079633,0.5547353628917844,0,-2.5259283380110706e-06
1575,0.05437977114679684,0.26712438069561734,0,-3.962198759016313e-06
1576,0.17165031735298775,0.34196524469021694,0,-6.018264867347847e-06
1577,0.1544201137521332,0.2769967147291039,0,-9.516878376498412e-06
1578,0.08363548121296636,0.24718147165751525,0,-6.440760330292637e-06
1579,0.21111011251629178,0.07550581363547837,4,0.0046955052278254035
1580,0.1953731921792035,0.44754068737381786,0,-2.6683463642770657e-06
1581,0.34815995849693354,0.3551002666169379,0,-7.968935361940326e-06
1582,0.22714154462409483,0.029241719583823576,16,0.018464319997535585
1583,0.06470433870267624,0.49353157895119504,0,-4.5729525444937775e-07
1584,0.09100368320572497,0.34298884381692757,0,-2.678002464412079e-06
1585,0.0716883452432896,0.24684310851697708,0,-5.748381529184171e-06
1586,0.09455150601933254,0.5478630809003951,0,-3.57849419228899e-07
1587,0.26749612950211005,0.3492083519788241,0,-1.3418623201985972e-05
1588,0.05991727238524744,0.3352582632331591,0,-2.121680131463491e-06
1589,0.025807145970426385,0.45290259098846886,0,-4.654938937263651e-07
1590,0.2209441493947309,0.02980545437523585,15,0.01730178916309562
1591,0.235542537131635,0.3068554623457765,0,-1.4396281326396287e-05
1592,0.1755859156278667,0.38669588228994783,0,-4.0192376546161716e-06
1593,0.14660975557967237,0.21770706300160125,0,-1.4421059494066906e-05
1594,0.04519177371151639,0.3736026324485643,0,-1.2484550867473646e-06
1595,0.25443340791693975,0.530339692752147,0,-2.1025629173062825e-06
1596,0.1147054284461334,0.5771028232530513,0,-3.266810989075854e-07
1597,0.3307723793959317,0.3818102354798671,0,-1.5782477498775372e-05
1598,0.004658720394785298,0.05116351070887737,0,-1.5748765008824404e-05
1599,0.2621602316641819,0.13689634564948686,2,0.002838548362507305
