,X1,X2,Label,f
0,0.0036607361220678254,0.34870065244899684,0,-1.057700021548869e-06
1,0.20739661109154958,0.025650374578750922,14,0.01602059850763691
2,0.07972959389471296,0.42800693522732786,0,-1.0230964672775494e-06
3,0.16886032603556972,0.4776761938664378,0,-1.5158625457169358e-06
4,0.1721076103928653,0.22809612846435137,0,-1.5504693042935868e-05
5,0.09779184803148612,0.0733520337956889,0,4.480760323576738e-05
6,0.24481127453144513,0.3088386464663783,0,-1.4996877448691388e-05
7,0.10428949818314548,0.4702597670028743,0,-8.569169636617615e-07
8,0.10548419591486012,0.4743364437552795,0,-8.325614593645534e-07
9,0.28388293570988316,0.3904394326405844,0,-1.0964925848665199e-05
10,0.0699847764638115,0.4484971820003631,0,-7.562642055211863e-07
11,0.08264047435868213,0.42272046441654715,0,-1.1104414578621522e-06
12,0.2480009008273097,0.28695651201755307,0,-1.5725254499685828e-05
13,0.31336819047194825,0.20704676864195756,1,0.0013402076184282582
14,0.2260078162066358,0.42375802260559864,0,-4.584701274430016e-06
15,0.26726229212109376,0.40238146638962136,0,-8.4418262766631e-06
16,0.2565579704204233,0.5519463707368262,0,-1.7305905358553818e-06
17,0.3303879332981499,0.1372045682400083,6,0.006885392620297389
18,0.13812680776568387,0.20200000020578684,0,-1.5004612779649408e-05
19,0.2677154414234634,0.3995857540963557,0,-8.704953892601958e-06
20,0.09384685856221406,0.341098291342028,0,-2.8074740224161767e-06
21,0.11132718146481972,0.4628677089781772,0,-9.898177331778044e-07
22,0.0837838821406784,0.0463307408727565,0,9.874186766181247e-05
23,0.023272271013214645,0.4092566694420327,0,-7.022056236903486e-07
24,0.041910716955016115,0.07719751298512452,0,-1.5305638260733782e-05
25,0.007401040644730571,0.2195287175783628,0,-3.98877173967828e-06
26,0.09340426571206811,0.5585227763637445,0,-3.1800355241707223e-07
27,0.21324982726565875,0.5763690313456902,0,-8.801243857811088e-07
28,0.10525878612908236,0.5805944824064201,0,-2.8707305418800156e-07
29,0.3007188042924718,0.065860783053222,12,0.013552942164788565
30,0.2210736669016263,0.35907646788259084,0,-8.222865637327896e-06
31,0.31819514359159773,0.49532833826191147,0,-5.6080788691523965e-06
32,0.24347799648593402,0.2837046159528523,0,-1.5768196893893183e-05
33,0.2235250568663482,0.11747624429692591,1,0.0016794783217196634
34,0.19325162235013163,0.46223367998727205,0,-2.2559980626305564e-06
35,0.19760055016073055,0.29725017707231166,0,-1.1656711016159849e-05
36,0.2940242397617254,0.3083752984672872,0,-1.1141629764227794e-05
37,0.3034321786476488,0.13911113493443497,5,0.005819294930482505
38,0.25796214548757723,0.21252004735699676,0,0.0001309239946504751
39,0.00883321630874691,0.20155033122621796,0,-4.836587426367268e-06
40,0.34991458224854366,0.00798382413591685,19,0.027440743590462394
41,0.018149920405811485,0.5694314404837089,0,-1.3446978968480132e-07
42,0.1554067153943147,0.007469943499769548,7,0.00863375714681803
43,0.15563467207274964,0.026269279106609256,4,0.004570431339404469
44,0.29908048712584623,0.34712271667878547,0,-1.585014621556218e-05
45,0.002813157665542387,0.3061434417234625,0,-1.6049935441921e-06
46,0.09938708530971724,0.4629628094086113,0,-8.777424215626297e-07
47,0.2800836946179589,0.08182712691898049,10,0.011381397628532873
48,0.16475078146559538,0.397342590016563,0,-3.2457820672290345e-06
49,0.3172704071205836,0.006471667604551134,19,0.02883376052809181
50,0.28356080510810533,0.2489483619950552,0,7.177191285214895e-05
51,0.008513309259969497,0.19911714880380085,0,-4.938901712210942e-06
52,0.12895757374253802,0.015451237226696855,2,0.0026872143969197677
53,0.23003501391404216,0.3457306944568195,0,-1.0119591863501613e-05
54,0.03521170044392899,0.4818366022168382,0,-3.8287318903264694e-07
55,0.21285379845035035,0.43962913793609965,0,-3.436230101475136e-06
56,0.009504869727832698,0.40032237741909854,0,-6.69173392663528e-07
57,0.07936277086431721,0.4960949181389428,0,-5.159919594232779e-07
58,0.04836907226212774,0.26893397673197444,0,-3.6657307456280266e-06
59,0.14851630483161354,0.2536078233595027,0,-1.1135426464560222e-05
60,0.0669503129712421,0.4061309930308366,0,-1.120702506639412e-06
61,0.01249523210528528,0.09097925672626161,0,-1.3761546109365944e-05
62,0.3006832358136533,0.13211051550080768,5,0.006361334500849138
63,0.17029625766409984,0.4659729193502973,0,-1.7285588063411126e-06
64,0.08290229055480558,0.12195096027364935,0,-1.5588425005632752e-05
65,0.29817368470779615,0.34022927814884035,0,-1.5873322272146742e-05
66,0.2217095124462028,0.2906147877796094,0,-1.4604964256547248e-05
67,0.19148160350974264,0.4209895590954396,0,-3.3453893379193267e-06
68,0.1071453011376285,0.17341186195382827,0,-1.482321024934849e-05
69,0.10722939660974913,0.014950636568674723,1,0.0011863716505608921
70,0.3465145595932415,0.3590459281137081,0,-1.0756568725882591e-05
71,0.10952553849932418,0.47045332931078104,0,-9.011625774736494e-07
72,0.15039731864197056,0.33930619951188745,0,-5.012186929354086e-06
73,0.12512402230697156,0.34103895905377823,0,-3.835123797420778e-06
74,0.2747616314008526,0.5849726622737711,0,-1.491727173487837e-06
75,0.11251464020499564,0.37947878691023607,0,-2.3051714936209164e-06
76,0.31879541539152206,0.17276545776009455,3,0.0037629673976110607
77,0.2985491176238767,0.18458194119518603,1,0.0017812419061425178
78,0.19440170778235902,0.0800996261874294,2,0.002417548563077586
79,0.08516301718442419,0.16437758421794027,0,-1.3684840263187081e-05
80,0.1785814211670219,0.44190384670846017,0,-2.3878667271749887e-06
81,0.27390595015915614,0.4150285667280671,0,-7.97142952736345e-06
82,0.23690751344084754,0.2009022485157623,0,8.178495077659466e-05
83,0.08140262745864595,0.18813617923922002,0,-1.098809531180777e-05
84,0.05567328174768363,0.3906656632472912,0,-1.1687966609350916e-06
85,0.06643260958158304,0.12015864780169616,0,-1.559294426963413e-05
86,0.026146099409927,0.4852019104401131,0,-3.381525328192486e-07
87,0.05677989247836555,0.08772020298721017,0,-1.4815209851714383e-05
88,0.12247857105830003,0.3895007157680665,0,-2.3034758718532323e-06
89,0.1279527562862895,0.11000450363610285,0,2.70604898797917e-05
90,0.12465020561156574,0.012811874541894697,2,0.002537103415344342
91,0.03656305402230905,0.2656927033213006,0,-3.3663487269323476e-06
92,0.03108735183747234,0.43266689052392077,0,-6.007589240849143e-07
93,0.22855827485416672,0.18550304942361204,0,0.00011986147895262369
94,0.27748129521010517,0.17307752660950995,1,0.0013889703687533052
95,0.1554350187925768,0.5737215756740187,0,-5.074818834377584e-07
96,0.307681663389485,0.12193943632019871,7,0.007687899358176981
97,0.03715804141883914,0.2972383811047551,0,-2.4717919943380913e-06
98,0.25604971376739283,0.4276346602351203,0,-5.932446659038595e-06
99,0.24435357044790396,0.4152629412815286,0,-5.973653765197962e-06
100,0.34525124000882357,0.3314780582759846,0,1.3106437080485243e-05
101,0.24058782981404006,0.18996995572251038,0,0.0001714430954401651
102,0.1346068712041418,0.5967448455593846,0,-3.274368776311729e-07
103,0.11174385115090266,0.31052306688588655,0,-4.548208899214875e-06
104,0.059617546533455384,0.4606906000026708,0,-6.036076941764544e-07
105,0.27253174195968255,0.2177831613227555,0,0.0001999160961997449
106,0.1166599093343549,0.39678076233885323,0,-2.021098136697836e-06
107,0.1756700405056762,0.38390588545354204,0,-4.135744618372017e-06
108,0.1943376014124048,0.01938480134748426,13,0.015105543304815942
109,0.18695405378922209,0.22020797961197278,0,-1.5234280379207182e-05
110,0.06530616826316168,0.30306299891617805,0,-3.0877142368344347e-06
111,0.16002780024005675,0.12317547145573471,0,9.160248113976747e-05
112,0.1865204198438403,0.0937062066127778,1,0.0010962687048707087
113,0.026339738516700326,0.4216228107671122,0,-6.398342305757613e-07
114,0.33194372673471406,0.10117598028556714,8,0.009107591159414775
115,0.27707758307976516,0.251521104906657,0,4.128527416183895e-05
116,0.039253560438715016,0.08509096360484454,0,-1.5751129587778393e-05
117,0.14167444548288372,0.26280223027523936,0,-9.64689864984492e-06
118,0.33442279218008497,0.37867343468390713,0,-1.5926698840269476e-05
119,0.271594087882817,0.23232837340233223,0,9.396609168401254e-05
120,0.056304805457387204,0.28722767364607343,0,-3.305890532002168e-06
121,0.2121793425977032,0.36911019385716587,0,-6.853621272523458e-06
122,0.10318044828556945,0.022366809813879195,0,0.00073872983388834
123,0.23417174633047097,0.47165296442555493,0,-3.0869622241014373e-06
124,0.18880628890011186,0.2938017819707918,0,-1.1137030887534027e-05
125,0.266088295179087,0.5814270255322959,0,-1.4174758075062697e-06
126,0.24379927024147374,0.06919527190281313,9,0.010563519124425233
127,0.2451621344994585,0.08689922125540554,6,0.007395101399496752
128,0.1979797779693842,0.12194997251840176,0,0.0005493012497632692
129,0.2050113140236271,0.36776220006845056,0,-6.476570539193131e-06
130,0.34193825520701004,0.17048181474604457,4,0.004974616268630713
131,0.05431729554266203,0.46701040285008266,0,-5.374265562757627e-07
132,0.2859384326347529,0.3970896793667604,0,-1.0527934757613274e-05
133,0.10178193258950886,0.5358724172249089,0,-4.3364136569463185e-07
134,0.0872746521180972,0.4471017727932553,0,-9.114186211765739e-07
135,0.33707193860212015,0.07084771784451101,10,0.011419153912314685
136,0.2677737194639405,0.03590882185133282,17,0.019455685857823545
137,0.2866627367803972,0.24126858780704302,0,0.00012620893431693396
138,0.05522819898918987,0.026657898363984044,0,5.957914548986138e-05
139,0.22693412697179308,0.2786183043221175,0,-1.5707055778575966e-05
140,0.1153756041006839,0.3139025337857134,0,-4.559338268827317e-06
141,0.12382498470188132,0.06197097392106716,0,0.000319209491964218
142,0.1153484452622267,0.06126323997935432,0,0.00022446373133505078
143,0.12189448811692005,0.47485524079265695,0,-9.757088418391683e-07
144,0.2610774783372126,0.07340545863130588,10,0.01159870770535807
145,0.0969743408554766,0.47117642162567197,0,-7.892890599173803e-07
146,0.21922901043890963,0.15088862333324904,0,0.00038760345496102684
147,0.06127941338895105,0.48102408200844915,0,-5.007937230363401e-07
148,0.0831000824614634,0.27666168559884713,0,-4.791830581693296e-06
149,0.22656665971807297,0.33705474970469457,0,-1.0604514422979719e-05
150,0.1433865562181807,0.08529563287492443,0,0.0002653906450873173
151,0.11858747551746673,0.014134832882141922,1,0.001914733273300618
152,0.1992526325829778,0.16989664644756552,0,5.746217575433312e-05
153,0.1302173543197987,0.5898105565404052,0,-3.358971869572492e-07
154,0.0670636936872461,0.0008430647675631064,0,0.0004004235978924385
155,0.3263576629026595,0.3905875013243825,0,-1.4987008351219251e-05
156,0.29421424300791965,0.47840105664404653,0,-5.234650210815061e-06
157,0.17892089816942688,0.40069342305446237,0,-3.614324449931346e-06
158,0.23854792507833925,0.23726317111204526,0,-3.8030043860098516e-07
159,0.13746464546942702,0.20709742787411736,0,-1.4547257428801788e-05
160,0.12632632341616634,0.05411773852911121,0,0.0005026880171854339
161,0.15294209858651137,0.31398375545887647,0,-6.592579365947438e-06
162,0.2755705327192516,0.03340084689380973,18,0.020076772901538874
163,0.2592679367077977,0.00624376299324565,19,0.02897845537832912
164,0.10302371580236207,0.5690087504071238,0,-3.152196055996395e-07
165,0.13814057826903625,0.03986151507084059,1,0.0014596468609424332
166,0.2856834933556474,0.22521407447281577,0,0.00025327902069755974
167,0.1266336567550251,0.3331225199463247,0,-4.211954962467367e-06
168,0.30593116685620725,0.4476062831286152,0,-7.922568565907396e-06
169,0.20968826072700053,0.3056152351081088,0,-1.2021951309265233e-05
170,0.09106702913951704,0.22647425966328552,0,-8.44872811386669e-06
171,0.28946047018702026,0.49471419389048266,0,-4.249104819421449e-06
172,0.21336953992223429,0.364617737543261,0,-7.241944588719986e-06
173,0.2467758707845587,0.1321422811762396,1,0.0021289684592917524
174,0.2956147122516618,0.21542677573707647,0,0.0005569786003826615
175,0.041415721202816815,0.4164681806669464,0,-7.831595848063022e-07
176,0.12807995658220317,0.07898420832665165,0,0.00017548481320808017
177,0.13599168377184062,0.48586859372263935,0,-1.006045248506289e-06
178,0.3411944830639122,0.1958664565166795,3,0.0032966883477564784
179,0.05183373723560448,0.16592359162718698,0,-1.0298022695737524e-05
180,0.28879158882176337,0.3879933147247116,0,-1.167993603313696e-05
181,0.16527707684894838,0.41503475811264684,0,-2.734879887296598e-06
182,0.3341629528535632,0.03652942344863186,15,0.01733934482243125
183,0.34683101904810115,0.1364681539135685,6,0.006781711741529745
184,0.12624466130990564,0.23429565635615543,0,-1.0855139333530242e-05
185,0.23209047158361412,0.438489896746464,0,-4.206888851378094e-06
186,0.0715631366894399,0.4908687236233962,0,-5.029331393572321e-07
187,0.2440370113954834,0.09839725635001481,5,0.005441299191646391
188,0.285033447225295,0.45573989703185747,0,-5.9793903121456485e-06
189,0.0979852296808882,0.41030846853854636,0,-1.4652894167939141e-06
190,0.18619091446565225,0.18909711969299384,0,-3.5761030268162616e-06
191,0.2825002223208229,0.10953163531507268,7,0.007765617882230842
192,0.2056085526687747,0.09044391266355445,2,0.002424322213970954
193,0.03084373496820286,0.10454511535944704,0,-1.4200552980123761e-05
194,0.30132703112627485,0.01269881617653974,19,0.02622690934211271
195,0.09489460745208947,0.12421735556664328,0,-1.4603198721482433e-05
196,0.09442393286568296,0.36802341444845904,0,-2.1579023015453366e-06
197,0.016592906126998368,0.14772839668477633,0,-8.80466180488622e-06
198,0.2807265291228016,0.11042234398917106,6,0.007515502328266052
199,0.2830468264019262,0.3582309379611023,0,-1.4040376908630973e-05
200,0.21908372832116707,0.5683554949009603,0,-1.0106944842766573e-06
201,0.1634342984370351,0.2482488854072005,0,-1.313223699528474e-05
202,0.1830124370830512,0.18841448922325169,0,-5.462371609559232e-06
203,0.2638153495201333,0.14913099183260972,1,0.002028628033983721
204,0.10027007310991685,0.32141387602225996,0,-3.6420188052054893e-06
205,0.0771323754835989,0.5379484706523341,0,-3.3205314821162874e-07
206,0.2806004025329022,0.3474406069012715,0,-1.4776089768046487e-05
207,0.051915621677778016,0.009630910641728229,0,0.00012894299650140773
208,0.13331430007034054,0.350590641681838,0,-3.7829782509651743e-06
209,0.10694201187437032,0.08125513131143533,0,4.849796787456615e-05
210,0.13893541684564667,0.12061364100439276,0,2.768953978227379e-05
211,0.21771213683596843,0.04248174116622665,11,0.012900331982638454
212,0.15426719248602022,0.3651065181472191,0,-4.031700258396094e-06
213,0.21469071447120538,0.4268192568367999,0,-3.9755224038929425e-06
214,0.19420522463597925,0.17289807537275628,0,3.3411214100414205e-05
215,0.05647673387347566,0.3582423996905395,0,-1.6293024034271368e-06
216,0.1506270155739683,0.5724083461367675,0,-4.900911120440826e-07
217,0.27640268083582625,0.5529994397652275,0,-2.0870727075183567e-06
218,0.07227292652041642,0.5141980180179422,0,-4.011199731026651e-07
219,0.24745608724120124,0.4714230569460955,0,-3.5310165926691736e-06
220,0.15701366583322351,0.05270512459016114,1,0.0017971342507171046
221,0.30040150410495015,0.3545140465934474,0,-1.5635310078606426e-05
222,0.27616907863457973,0.45970447531049763,0,-5.270935730767568e-06
223,0.25449677165325724,0.1111815953471041,4,0.004870239794532412
224,0.014723457960357017,0.15153364294994792,0,-8.345070717504046e-06
225,0.10859068628556426,0.41028912833776293,0,-1.6292309964891382e-06
226,0.06584087637827296,0.14911025780517936,0,-1.3296625659163466e-05
227,0.021482461014755948,0.2968101841927184,0,-2.122935325721292e-06
228,0.30694220138226913,0.34549934065915905,0,-1.5788508573402143e-05
229,0.06866092683951704,0.40378928421230775,0,-1.1670171488171123e-06
230,0.10987449722070665,0.12783428939014566,0,-1.175088823680698e-05
231,0.1021608295143111,0.27551258516367655,0,-5.8485967349242896e-06
232,0.18550522476397482,0.09096733397886111,1,0.0011744657241326477
233,0.12172492093283648,0.4013210854681191,0,-2.031561578342848e-06
234,0.16369504783597386,0.3584809567241527,0,-4.727599175283969e-06
235,0.019575908646486128,0.16848725196531722,0,-7.431296845576264e-06
236,0.3498305654479951,0.48532403125195295,0,-8.392597572796249e-06
237,0.14266323575128947,0.2008211479204882,0,-1.538242447958585e-05
238,0.27180603552160254,0.1074677535775022,6,0.007148114965462342
239,0.1884018976418526,0.3223251267457772,0,-8.553444547597004e-06
240,0.16212253283292263,0.3509177239057594,0,-5.016721278548217e-06
241,0.3176584339733549,0.21701512868983996,1,0.0011013439336886159
242,0.2064161842035952,0.13554987005173325,0,0.00043812955043821675
243,0.11209003287428353,0.17727520555020373,0,-1.4906591554727655e-05
244,0.08663847920556486,0.30966927085781615,0,-3.574929278007561e-06
245,0.05506462661711902,0.5408541581696114,0,-2.5874326615029476e-07
246,0.22048610435419908,0.16739319006676256,0,0.00019674792279086634
247,0.1657966961332996,0.16777311349928176,0,-2.629290456290612e-06
248,0.03933931919042799,0.2414349712059833,0,-4.40543297617615e-06
249,0.028071903097863136,0.4296867084640899,0,-6.005672218578099e-07
250,0.2905079065047284,0.4064688800744108,0,-1.0080944008283046e-05
251,0.2770742014391995,0.33929214885777986,0,-1.5133514708744827e-05
252,0.06427057201339287,0.540109529191904,0,-2.857821066841689e-07
253,0.13678554106896107,0.4743957075397158,0,-1.1373034158755844e-06
254,0.10254858526740004,0.1636130469541349,0,-1.520001979003769e-05
255,0.12962741775113282,0.4968950060233451,0,-8.455584997213657e-07
256,0.33299805126268855,0.3129885757838196,0,2.4989413741226725e-05
257,0.2064081771136955,0.156669342459022,0,0.00017028065026053902
258,0.08136627530617338,0.5885725990104197,0,-2.0879502810967119e-07
259,0.09577272751555076,0.3915059651192965,0,-1.7296549374867558e-06
260,0.3270333911373985,0.2608488521263806,0,0.0003025181085365339
261,0.18363429965105912,0.29676124872796744,0,-1.0366408714781563e-05
262,0.2577769610287117,0.07039194535526731,10,0.01186895536350402
263,0.10738322891716517,0.09642776550139949,0,1.3766844941825443e-05
264,0.1609650422998692,0.45451025135203715,0,-1.7660664717008286e-06
265,0.08812351678814709,0.4844301175614065,0,-6.328429214675957e-07
266,0.006005775289182924,0.5127784539885496,0,-2.0988238138299186e-07
267,0.22032239597945466,0.38483644003737577,0,-6.363700284221779e-06
268,0.17790825917581535,0.34583818246999626,0,-6.1599698197269095e-06
269,0.32992139407972915,0.11095536572499809,7,0.008536792612761216
270,0.25454113338241635,0.11264187579396727,4,0.00469080364928753
271,0.2863338957990565,0.2217675821645154,0,0.0003016052587908258
272,0.1944104860696443,0.22706789882720294,0,-1.5181556159164274e-05
273,0.09109868944323192,0.40224829704483095,0,-1.482727474356899e-06
274,0.2752146008538857,0.38326401761435097,0,-1.0824255456112767e-05
275,0.04172975593786518,0.5867537087053472,0,-1.4311625724033006e-07
276,0.20057507246033918,0.43287733716433735,0,-3.2528895165295903e-06
277,0.013867461199830759,0.5480708823977165,0,-1.595189566860805e-07
278,0.3010024154844697,0.20187018096267373,1,0.0010932513885829821
279,0.25721276744898547,0.32420402352553435,0,-1.4763559148776245e-05
280,0.27554725254434137,0.143386949931839,3,0.0032903978769735728
281,0.30635167790609324,0.1772440065873858,2,0.0026714733588990756
282,0.212265058552314,0.06968936943328753,5,0.0057719954220576955
283,0.24322451535184353,0.3907768091724194,0,-7.4999065412657455e-06
284,0.004435943355453297,0.5468489677123419,0,-1.4696065504521902e-07
285,0.2843910945326544,0.5873581174686382,0,-1.603374184570746e-06
286,0.13220381502778666,0.37409922316922806,0,-2.959833856025655e-06
287,0.23227794360277979,0.49840969578843497,0,-2.319306112512195e-06
288,0.2586463142607722,0.532203171923657,0,-2.1522877518361387e-06
289,0.29757149605476535,0.5904452798091188,0,-1.7729710234709868e-06
290,0.00920062177269047,0.3652884903101592,0,-9.470248841927021e-07
291,0.14752067038011962,0.3158989715878849,0,-6.136565740470651e-06
292,0.03228450688681129,0.3833724287861808,0,-9.953259391305907e-07
293,0.1544210697732371,0.10886691154794877,0,0.0001448492770807323
294,0.2535565117765171,0.3084646872127899,0,-1.557944267689368e-05
295,0.23204939337725106,0.07573149701252925,7,0.007605083056311751
296,0.1323880336481094,0.535571749482418,0,-5.904170858168675e-07
297,0.2839089071635811,0.44181665968946576,0,-6.776837327996432e-06
298,0.07152579911893125,0.10755915578519328,0,-1.538261391688994e-05
299,0.004493726596639824,0.46953305702616416,0,-3.1858539047162895e-07
300,0.12875713527907495,0.09142310713278139,0,9.596509821445295e-05
301,0.2730000960404371,0.1436867476873345,2,0.003069235001723596
302,0.33796174028999215,0.3621230407310562,0,-1.4249918039653952e-05
303,0.04812607682640889,0.3444092422559433,0,-1.7212632902774805e-06
304,0.1561096102881766,0.0939885924131726,0,0.00031528642890582927
305,0.02040802467725352,0.5811256111139363,0,-1.223586626801577e-07
306,0.15024309642805853,0.01757030468512666,4,0.005218069261461406
307,0.16611346284230916,0.4896980259592829,0,-1.3078673139455646e-06
308,0.2550177659565598,0.5836433928720934,0,-1.2414862472359136e-06
309,0.15363054349781388,0.3865248472326001,0,-3.2366654705534193e-06
310,0.3247444033726845,0.34351359297861267,0,-1.285814278999444e-05
311,0.1283977643092709,0.45190998939692806,0,-1.3096225246908552e-06
312,0.30833079185428547,0.20783541506899655,1,0.0011233686169014384
313,0.1445140900853967,0.1391371056576393,0,5.281017490971973e-06
314,0.07600482939541547,0.2576161181356459,0,-5.393615001299297e-06
315,0.14966997667419188,0.02575278038339781,3,0.0038123148548713888
316,0.1795271378189586,0.35500404213815656,0,-5.719573372384377e-06
317,0.050290583145859546,0.34889624069021974,0,-1.6817193672344113e-06
318,0.020612319840242185,0.47679531088902094,0,-3.480285781501451e-07
319,0.2692419570844278,0.43898467942975367,0,-6.038712052783734e-06
320,0.05090498406438559,0.3068452688064241,0,-2.575701854320112e-06
321,0.1274058174900382,0.3410848741754125,0,-3.921262474892645e-06
322,0.21930691536126234,0.06410782160972224,7,0.007924507565599042
323,0.34455897359503396,0.48912097107288577,0,-7.697592208117839e-06
324,0.14432825912226008,0.24517977935221152,0,-1.1548841330545337e-05
325,0.01252530477837066,0.2895528537059812,0,-2.0873831207895824e-06
326,0.1475049876770038,0.4322447443804245,0,-1.9289673941262284e-06
327,0.3164472090572849,0.3805119888700272,0,-1.4999041556518368e-05
328,0.004277627362283159,0.5238255938677091,0,-1.8471493518130364e-07
329,0.17752341472710115,0.4087416019517974,0,-3.289742846005976e-06
330,0.07007023275994344,0.4316526303030632,0,-8.957647974134218e-07
331,0.25047907021161797,0.08255630849840102,8,0.008828555598817475
332,0.0349702422150652,0.4982118402500542,0,-3.2425896445071615e-07
333,0.1152825301628926,0.5769648056453949,0,-3.2902287486245325e-07
334,0.0745220434729733,0.10282667896678517,0,-1.4412417173748439e-05
335,0.203519901578366,0.07734681269897896,3,0.0035563378351493712
336,0.09009506929648575,0.2787262591030257,0,-5.031062576817331e-06
337,0.34525114145109953,0.10562357944841982,7,0.008309280837967262
338,0.24441970631751214,0.5908088003525127,0,-1.0397282482722086e-06
339,0.161034602652221,0.5807171785487971,0,-5.00403054213794e-07
340,0.2648251250340503,0.4456403436091564,0,-5.415932426419213e-06
341,0.122755579954227,0.2948830149907586,0,-5.917411887727213e-06
342,0.32970143851866984,0.026803045423064307,18,0.020244650557704014
343,0.27218095115558594,0.20743876060219388,0,0.0003101518913401381
344,0.2286534879984416,0.12187126291863609,1,0.0017035565236008941
345,0.06831839759542045,0.5103478056189088,0,-4.007215239015327e-07
346,0.23614708573462354,0.40472703244767244,0,-6.112985911641587e-06
347,0.21242532926141067,0.10251090866410006,1,0.0019793185352165784
348,0.2475857755733233,0.32496314857732345,0,-1.3838875053693517e-05
349,0.09658911260309672,0.3389344766649182,0,-2.9482376470432803e-06
350,0.16821963069407037,0.4414489958976638,0,-2.1632938293428426e-06
351,0.29943379718989244,0.40615591908652565,0,-1.094498476027987e-05
352,0.06098197662469343,0.49354083150879224,0,-4.4056577624239935e-07
353,0.09062867552844249,0.04304808914659601,0,0.000166176697142431
354,0.07819478908540994,0.2889289313126794,0,-4.040930286178513e-06
355,0.1398431838081806,0.3181704816738993,0,-5.565451357608321e-06
356,0.2565065334959025,0.5359148317745753,0,-2.030186287747128e-06
357,0.17430246288312362,0.3152233637649211,0,-8.005112945450446e-06
358,0.10629372621037837,0.3491501578258239,0,-2.9328085490410947e-06
359,0.18713630398396436,0.29948065812157726,0,-1.0438646705580925e-05
360,0.18755824424639445,0.3114731321900925,0,-9.39391263249581e-06
361,0.26617825031101017,0.43456061831081383,0,-6.120314036962455e-06
362,0.2922823183185338,0.142041264793233,4,0.004741744951224349
363,0.05836268040853667,0.39207030425020006,0,-1.1838678975165824e-06
364,0.131267703081386,0.5278539716732897,0,-6.306902986369954e-07
365,0.059754285318106386,0.20669576409230186,0,-7.570127007725522e-06
366,0.24539016142364525,0.21896063423585568,0,4.548757741221657e-05
367,0.19805383774180163,0.5422484038191784,0,-1.0637371470151613e-06
368,0.21574767223280658,0.1387959655052391,0,0.0005574222803115667
369,0.31116837226394645,0.3312680198201828,0,-1.3171471391534197e-05
370,0.10975546241137597,0.33200286870921797,0,-3.601670448728034e-06
371,0.05710032387725346,0.10281958478749716,0,-1.575367156249929e-05
372,0.011472192751180305,0.33103768091128644,0,-1.3644102318719956e-06
373,0.03364984193424092,0.5770875413041726,0,-1.4541757972074798e-07
374,0.10512802484624503,0.14363601157465283,0,-1.5570988093540983e-05
375,0.06770009187499604,0.17695922900426164,0,-1.0748947069653708e-05
376,0.20255425916656375,0.0545408444723499,6,0.0070658004314017395
377,0.1205069791333935,0.5728061830146841,0,-3.613618326703532e-07
378,0.03796670639864952,0.24067997494141133,0,-4.378568359940235e-06
379,0.03777554248255804,0.23835127889478305,0,-4.472500778649901e-06
380,0.1604018949183081,0.5555373051008841,0,-6.396169857671395e-07
381,0.24067776454143425,0.25818447110235654,0,-1.2038204879882744e-05
382,0.28014473474472507,0.17797545378537868,1,0.0012783487660752743
383,0.09765690540911544,0.45890725440395697,0,-8.984120269032547e-07
384,0.17644864361500556,0.5475238730419193,0,-8.133593028251894e-07
385,0.3026618380017807,0.2694217890897468,0,6.473972920721244e-05
386,0.046869367203089735,0.2595633727815067,0,-3.964572525193738e-06
387,0.054669981006904185,0.5195853463812261,0,-3.1880455260298493e-07
388,0.10985018059286505,0.5116684468576225,0,-5.987298278307545e-07
389,0.05206574145756576,0.20232378243490404,0,-7.332444828119569e-06
390,0.03703426014112344,0.33760675556693237,0,-1.6492403801779737e-06
391,0.224049627657457,0.5706680352546137,0,-1.0377641724339878e-06
392,0.06603134426739252,0.0488466802161913,0,2.626884995654748e-05
393,0.26086030385918235,0.08227383726956129,9,0.010016035655243567
394,0.25646521369226527,0.49848344607755135,0,-2.9488943624825533e-06
395,0.11231431605980118,0.5262896988612753,0,-5.301776197348121e-07
396,0.1853971955385792,0.5735740424205019,0,-6.854193417862399e-07
397,0.018273386265177802,0.47144207963995344,0,-3.5868769305615737e-07
398,0.1636670881981534,0.15599858903177474,0,8.07383581854034e-06
399,0.018590187197820504,0.5402283386434762,0,-1.8086736923724608e-07
400,0.2546340192073527,0.021795574127664242,19,0.02311230938727183
401,0.09936855025434933,0.5620065762897891,0,-3.259641259327786e-07
402,0.19576060613439336,0.45462092715218844,0,-2.4958528051258076e-06
403,0.18904142758950085,0.18026131787698926,0,9.271425392133516e-06
404,0.004903582148564256,0.08014105534158535,0,-1.4063877461354694e-05
405,0.1947882645953742,0.4031678600864201,0,-4.128250223031996e-06
406,0.0503303576175728,0.20678585676046468,0,-6.904982411973381e-06
407,0.27095617024976015,0.2854775113247943,0,-1.1070367263329102e-05
408,0.07005673772255235,0.4772160302272932,0,-5.678939532648196e-07
409,0.06730292192695857,0.00844075342467525,0,0.0002869068541336116
410,0.015339485721317724,0.20657616174891727,0,-4.907694978108135e-06
411,0.03225521716314725,0.09543458757590151,0,-1.5056508697815142e-05
412,0.3490927383408053,0.07968407404744315,9,0.009930275690502458
413,0.34916077201398515,0.11618055106658762,7,0.0076134868852226895
414,0.25111190920860404,0.1769504040676311,0,0.000472890718370806
415,0.2584416409183974,0.568693546969286,0,-1.4916499062971657e-06
416,0.11213421645002614,0.5201193012671131,0,-5.62906709307528e-07
417,0.07320349808988824,0.4802798761084614,0,-5.683423443132399e-07
418,0.11881989170428596,0.0788611500315084,0,0.00011110593967393788
419,0.20133504623015275,0.4044293837715978,0,-4.3502263123879504e-06
420,0.21437447072703517,0.08462124437609077,3,0.003858530435659424
421,0.26829967262967924,0.17076943360706315,1,0.0011181501235747347
422,0.16243898380971594,0.5369168215098717,0,-7.86337403520797e-07
423,0.0012463569425176567,0.2665077509693718,0,-2.3480486316279734e-06
424,0.336091846154753,0.2797823445949157,0,0.00019587989260186312
425,0.25354775974381316,0.2613926532537899,0,-7.6134822262687065e-06
426,0.19204978086080665,0.09977850652864215,0,0.0010639049992424798
427,0.1148017409627394,0.04128120391521717,0,0.000536632351081574
428,0.09377019792940425,0.2022354804318192,0,-1.0820751975800216e-05
429,0.2861368943677392,0.41042988272218645,0,-9.339870170469372e-06
430,0.06477978365253094,0.21144051309919767,0,-7.590110264809297e-06
431,0.004850478784267326,0.5833366200558309,0,-1.0245619069060346e-07
432,0.17150487474266732,0.04214038552912711,4,0.004368457535510097
433,0.23485134127494464,0.34051836736240454,0,-1.1062339217382298e-05
434,0.03223258388957479,0.21857961562407793,0,-5.150015022817345e-06
435,0.3022014640659437,0.33239883714182394,0,-1.5109006042379596e-05
436,0.29275152111756086,0.5802328417550476,0,-1.8713243022815843e-06
437,0.02614435425993057,0.39350270893681727,0,-8.45938339631628e-07
438,0.2968783065772772,0.3098174291278122,0,-1.0567518223242615e-05
439,0.3373260682037095,0.27047606268662977,0,0.0003054165105792221
440,0.07317641806274998,0.2861558710199325,0,-3.951954334323233e-06
441,0.2769120124809865,0.5503641638917028,0,-2.1536417186518164e-06
442,0.07587131305138628,0.0924108798402925,0,-1.1137593416418994e-05
443,0.19073588137491593,0.3856658484791505,0,-4.718311086916742e-06
444,0.2790183570954988,0.1414819952808344,3,0.003743545118656295
445,0.02254946488757698,5.532485593937597e-05,0,4.011664076797607e-05
446,0.27947457396895353,0.3967577378508525,0,-9.963300028490693e-06
447,0.3053276297828614,0.4182624070983004,0,-1.0356180226355262e-05
448,0.12314793553509813,0.28293560191152684,0,-6.677291693377451e-06
449,0.055920327530332825,0.46992933844169515,0,-5.303908529270686e-07
450,0.07848222739576227,0.17960793300520095,0,-1.1532396496150746e-05
451,0.060902890481026616,0.5814594070703782,0,-1.8274739662256791e-07
452,0.25041321390346233,0.2339845055446445,0,2.0786078938621072e-05
453,0.32791675716210905,0.41838941278041486,0,-1.253771095470173e-05
454,0.05568917489655833,0.11172376514419004,0,-1.5489524689453706e-05
455,0.22979977330157597,0.4269593984515401,0,-4.611234969792412e-06
456,0.035723461634693955,0.28967528696684286,0,-2.6278404305579232e-06
457,0.09908414662140046,0.05548034592739415,0,0.0001356034917014519
458,0.06360399631130169,0.09567054351917938,0,-1.4969537548583124e-05
459,0.04611249240970203,0.39790259885871754,0,-9.882033403878915e-07
460,0.09316809061641201,0.2742174228532352,0,-5.422236917373815e-06
461,0.3190355061865119,0.4076975361963114,0,-1.2720632179932567e-05
462,0.09739126638749221,0.30069120007062733,0,-4.349588748721054e-06
463,0.09286445114075695,0.4091186404025438,0,-1.4089253832536383e-06
464,0.1087661886264411,0.2826814085450317,0,-5.8156597035051545e-06
465,0.12546927458447513,0.495872731240126,0,-8.195086141232444e-07
466,0.2121897249786553,0.0650712993706842,6,0.006586609161371036
467,0.027661526223264964,0.4226633061847899,0,-6.416271605355866e-07
468,0.08011809127662219,0.3336809513116256,0,-2.6365579333694267e-06
469,0.13266111026174246,0.47071826876480943,0,-1.1323053455823652e-06
470,0.263773906873026,0.20352419500960753,0,0.00025844855632081395
471,0.1603504568115652,0.4448885392325923,0,-1.9324315490121684e-06
472,0.053886365789586374,0.10654314377537141,0,-1.5632166587293265e-05
473,0.0441169269196905,0.47585092086190606,0,-4.443037366606159e-07
474,0.04405524136143006,0.4251780475282296,0,-7.370127514130335e-07
475,0.22463286354761317,0.49088537318195724,0,-2.316884571145015e-06
476,0.2883468948167994,0.0003247671515248296,19,0.032246088287262914
477,0.19376863220317425,0.49405976372677035,0,-1.6499402961004638e-06
478,0.10251213834381223,0.18837444785097057,0,-1.3038116730494794e-05
479,0.015631137477248636,0.2403403894716541,0,-3.5188110827357687e-06
480,0.17934389058057323,0.5901812657524788,0,-5.465133028779044e-07
481,0.0941570181803571,0.555836386515806,0,-3.2912669661723393e-07
482,0.07345799894206571,0.038984417258809835,0,8.401820513519545e-05
483,0.009683396063433335,0.0012652892990379528,0,1.0399254012666708e-05
484,0.2226230489947725,0.5405182779989651,0,-1.3829603606787933e-06
485,0.09815669464670773,0.022182411259263946,0,0.00060333244032423
486,0.15806895357243492,0.3342305436202387,0,-5.683551046816566e-06
487,0.24571030588629975,0.46171253858592815,0,-3.82256744068418e-06
488,0.2898378087097545,0.3674125472511063,0,-1.3814188270094225e-05
489,0.24452746998504288,0.4210803896661138,0,-5.651132695047001e-06
490,0.18821175330112533,0.2515339689377694,0,-1.5046328762116924e-05
491,0.015034643441093542,0.5101572027529301,0,-2.3579282127549242e-07
492,0.05507550539333702,0.5315621631045448,0,-2.839684020224597e-07
493,0.2678760921794041,0.08821176311622336,8,0.00966677115300563
494,0.17031266445250745,0.15300115489796898,0,2.4753783070984516e-05
495,0.2753980552792432,0.4190845729472596,0,-7.777715975831247e-06
496,0.044720138937511505,0.1854021419760798,0,-8.040171573383423e-06
497,0.008929727492860895,0.1176597041156029,0,-1.0806077637602249e-05
498,0.3416486899100962,0.22718986240710015,1,0.0015663139084007777
499,0.2642781226396749,0.4243990436985452,0,-6.635660201008516e-06
500,0.3300983061288826,0.08595751124539239,9,0.010312718647269176
501,0.12673987380762186,0.4269960142918999,0,-1.6524296011851152e-06
502,0.14086924527894357,0.4117327711262859,0,-2.2160889576236296e-06
503,0.03300808384905505,0.2579979660140343,0,-3.508298488081403e-06
504,0.1954734498709145,0.4560953371421817,0,-2.4523474761037417e-06
505,0.07058993370305022,0.4293465526179576,0,-9.214297695042243e-07
506,0.05460907433417982,0.27177148473669616,0,-3.791754697140389e-06
507,0.22864141032155613,0.46532755808699416,0,-3.111913932117887e-06
508,0.23135815958233893,0.1355254197918773,1,0.001136601841729067
509,0.30732615569206095,0.3326904324569976,0,-1.4370819203121582e-05
510,0.22598497032751658,0.5889468286300131,0,-8.812985726637525e-07
511,0.012620182234702425,0.5995333536512911,0,-9.416860386626354e-08
512,0.20179488190879247,0.3757223777966117,0,-5.8047254793224674e-06
513,0.0966818398490761,0.048068813483047076,0,0.00017434146390206198
514,0.2932876986226185,0.08721642644901532,10,0.010999121556105862
515,0.23780265287495012,0.3684213282788507,0,-8.814524483117875e-06
516,0.17790634736045233,0.49171298531172675,0,-1.4418640678981686e-06
517,0.08100536627810898,0.5685957888350213,0,-2.5404484289664314e-07
518,0.2300976012210069,0.0113884422569831,19,0.025075010916983897
519,0.1346791314128801,0.39051168414575466,0,-2.57532099757401e-06
520,0.2057031782040384,0.5943898504436803,0,-6.816918800113545e-07
521,0.13390635280879792,0.003994813174097378,4,0.004933846188421984
522,0.13411762861572507,0.37227653928778287,0,-3.072153496231954e-06
523,0.17163608159422752,0.12389917144389141,0,0.00015929063517917656
524,0.1967410867326939,0.3187277593201833,0,-9.560986442841368e-06
525,0.0338959552144861,0.22073415982311798,0,-5.124961910440651e-06
526,0.10936065023843745,0.5573626290371336,0,-3.772867875507015e-07
527,0.013068512353734456,0.3500290469222539,0,-1.1465803958312357e-06
528,0.14845880459686894,0.34918893634661985,0,-4.458179393341617e-06
529,0.27291402735970544,0.40953824852490334,0,-8.32091721044687e-06
530,0.02012930992439839,0.24108477814880877,0,-3.6527154383033395e-06
531,0.3049468890447017,0.060604274091243776,13,0.014146545309821155
532,0.21634794174731042,0.1001586969945716,2,0.0024425147354789098
533,0.11284197450462784,0.4482328944412161,0,-1.163245632832934e-06
534,0.3392801555398757,0.12410278688981517,6,0.00754798416830775
535,0.18158541779644422,0.2435891032574314,0,-1.5140008302206569e-05
536,0.2312205114132709,0.09093543358408451,4,0.004978089087175481
537,0.06923459921554904,0.47494802126930813,0,-5.761702517847475e-07
538,0.06772267123648967,0.336834316279126,0,-2.2576969108324873e-06
539,0.08309049147240549,0.2791887830538729,0,-4.672840720041461e-06
540,0.18043519963055374,0.0822827856089082,1,0.001362442258455184
541,0.09007515406918366,0.1608720821204437,0,-1.4450968727751942e-05
542,0.020751192059898286,0.5532931313616163,0,-1.621796811451515e-07
543,0.34044761611052204,0.581532911778518,0,-2.970150819529364e-06
544,0.14016951918972995,0.3554845322815257,0,-3.857096009515684e-06
545,0.05781507505170512,0.2522329652260125,0,-4.7530079132632615e-06
546,0.2186846336252399,0.007534812077235186,19,0.02510607902647286
547,0.12157435820988866,0.5725143517820713,0,-3.6630121252456003e-07
548,0.3464059781439561,0.1781912236583801,4,0.004626738148797002
549,0.24281554802999594,0.4217142594787883,0,-5.522249136435464e-06
550,0.3498851190593416,0.21900800215382696,2,0.002319896681066631
551,0.1206445469427091,0.0758975477454947,0,0.00014211165535777515
552,0.008014460066666146,0.4667435476619371,0,-3.393242530103225e-07
553,0.07589196002328856,0.2503649317009092,0,-5.786735407265319e-06
554,0.03220386396894408,0.12947921401579102,0,-1.1917088148441867e-05
555,0.3002295516887998,0.4019411141342571,0,-1.1430465146870754e-05
556,0.13917899934445693,0.5893575387609011,0,-3.69006628599642e-07
557,0.10634288409032408,0.39106102171413576,0,-1.930650867449464e-06
558,0.1905712436990621,0.03937450435514087,7,0.00819881806002471
559,0.28764475935036715,0.07802185808002311,11,0.012088404701109194
560,0.054726204472241545,0.18355986891120668,0,-8.992906379440572e-06
561,0.2695906062813195,0.3671033303232344,0,-1.185150069759835e-05
562,0.017178684745693215,0.19740423432257753,0,-5.471917598296064e-06
563,0.26328078083585876,0.2958337364670695,0,-1.5290489914473923e-05
564,0.17451166205736277,0.14312254478514363,0,6.636024992819657e-05
565,0.1207539272132527,0.059556275517634115,0,0.0003105245302975372
566,0.24350916448214022,0.10158651323429084,4,0.004936332934057377
567,0.2510221637626925,0.5847485521045673,0,-1.1798718754381692e-06
568,0.006352853201556729,0.07166352987160085,0,-1.4901867842726e-05
569,0.2899114787370258,0.5728837058791654,0,-1.9576798894824214e-06
570,0.21128517984312142,0.29695697833172835,0,-1.3039853352559478e-05
571,0.3005289036425584,0.2879571796371972,0,1.2564321431464865e-05
572,0.12421492052923787,0.5819394905312951,0,-3.4226197462976726e-07
573,0.2659805055040174,0.3988607160936749,0,-8.622803957561599e-06
574,0.3251804654083402,0.08605033604100266,9,0.01051110730313372
575,0.13452417962162533,0.5058646558566378,0,-8.117549568371492e-07
576,0.07844328476947779,0.4886873246050958,0,-5.505850797306785e-07
577,0.2571938521325918,0.4024595036779473,0,-7.66420086236731e-06
578,0.29268661126098916,0.30349051472816435,0,-9.542417397994763e-06
579,0.03022779973009401,0.1425783572165189,0,-1.0462332837907767e-05
580,0.27863186177414984,0.1859323113108431,0,0.0009186199011181958
581,0.13911978335747072,0.20210173058922823,0,-1.5069194323240703e-05
582,0.1235746294578785,0.3531077202835808,0,-3.348700943654744e-06
583,0.292623094124661,0.06468095951541365,12,0.013895013695422865
584,0.30505938871338406,0.19103100527376543,1,0.0017477130580496347
585,0.059543569822242175,0.2500797855067386,0,-4.939224399250322e-06
586,0.16132714926971545,0.364819784795316,0,-4.336522641878518e-06
587,0.12396559377493634,0.0364752692662653,0,0.0009585845564021624
588,0.2735803294922162,0.43447477071251167,0,-6.58420091770451e-06
589,0.10242208555987108,0.33538774570438457,0,-3.237124351444996e-06
590,0.07739072548190899,0.3041726336785941,0,-3.4442296014841866e-06
591,0.2965846541750948,0.14015314075716614,4,0.005256056737694311
592,0.21621470433104908,0.4844311270156205,0,-2.2722778007604905e-06
593,0.08711604539711422,0.05658434285664386,0,6.641796872297792e-05
594,0.32957242118983354,0.04263532169075663,14,0.01615109872329421
595,0.19749407651254308,0.24398993577229128,0,-1.5806160841658146e-05
596,0.1394383463753825,0.3565967805708004,0,-3.787019310040715e-06
597,0.13014289364782997,0.5349467031260281,0,-5.809490469129775e-07
598,0.012668156571484434,0.5263741577524418,0,-1.9581032210140907e-07
599,0.2215904431545247,0.5867947835742962,0,-8.61832192101147e-07
600,0.02755723645458978,0.5645283222686595,0,-1.5514203459322423e-07
601,0.3193584235342061,0.09064745777860973,9,0.01032858256222368
602,0.12583957930366757,0.42323692831317844,0,-1.7003525888905529e-06
603,0.2050653566835621,0.33303032527013865,0,-9.04317939004441e-06
604,0.12312347286290862,0.504572593279729,0,-7.338423617269085e-07
605,0.009996364742936041,0.5279394777445482,0,-1.876922392138008e-07
606,0.0429036259563481,0.22217233147157592,0,-5.522152734892028e-06
607,0.07347337394522678,0.42343950405249386,0,-1.0060483859199687e-06
608,0.2606202484591776,0.125142531458029,3,0.003836677510828353
609,0.07942482543051428,0.2362584798522424,0,-6.8769139372318145e-06
610,0.0157496469087768,0.4412212664941682,0,-4.7316540867279304e-07
611,0.2945930243800372,0.15173218203559774,3,0.003968298037853822
612,0.14632620847976535,0.30639944506440536,0,-6.6559804916261885e-06
613,0.024903837576366886,0.49047395210422495,0,-3.1683100950041655e-07
614,0.23253622753942219,0.25334173016881684,0,-1.303965672403004e-05
615,0.30699743031986537,0.1656087675919472,3,0.00360847708056686
616,0.16062733219300554,0.13444941863527435,0,4.842138912818228e-05
617,0.04033302897222359,0.5500080621247054,0,-2.038033945774078e-07
618,0.018200161195202545,0.5605802745094802,0,-1.4698810696464668e-07
619,0.32399881941441033,0.3951573465030878,0,-1.4404135246803858e-05
620,0.3083670367356311,0.5868510649614924,0,-2.046534420052374e-06
621,0.17255712636729723,0.3415836643400757,0,-6.094733458912033e-06
622,0.0923084733747027,0.14167442064170654,0,-1.5727991942951115e-05
623,0.24215795264598905,0.4028674261412533,0,-6.601299469307493e-06
624,0.00860964478541225,0.19449524088566747,0,-5.1749156101850274e-06
625,0.349793488313182,0.43771733766951665,0,-1.2786756710429178e-05
626,0.0955187462036307,0.48945839009539815,0,-6.47935206495184e-07
627,0.2925487195430085,0.1612026912755831,2,0.0030008365436264782
628,0.1357830147391063,0.48428627649406963,0,-1.0199611742208335e-06
629,0.31853866264738095,0.27266343633943235,0,0.00012389601247387233
630,0.22195890038334787,0.079283966886339,5,0.005550227015436075
631,0.20775708094310738,0.5605264285726685,0,-9.761722128482557e-07
632,0.23702525672232133,0.11905750877387289,2,0.0024463179664851024
633,0.1426491097186802,0.0488062687204674,1,0.0012153659406291249
634,0.1705634522768592,0.2843931920377371,0,-1.0303691822688758e-05
635,0.09928041290705245,0.24587694407577343,0,-7.590992785616654e-06
636,0.19275702276582252,0.3473451929767669,0,-7.014410620522603e-06
637,0.26555411484717073,0.5931215479280345,0,-1.2544074557798567e-06
638,0.02157088267457864,0.06484649462614446,0,-1.572184595588232e-05
639,0.05278067697860513,0.11811836492103822,0,-1.4897008308478518e-05
640,0.011385137590407463,0.28701383370474304,0,-2.1167907808722256e-06
641,0.08547686081850761,0.16705186858224985,0,-1.3458593908959632e-05
642,0.28154814897974983,0.2951558880326713,0,-1.0754669048829261e-05
643,0.04011169425300012,0.03795335362442391,0,2.1886260568209555e-06
644,0.26991291227405567,0.5055456958392737,0,-3.1418017726576696e-06
645,0.1743382091271125,0.2618646052235991,0,-1.2862920583016423e-05
646,0.22236676117785245,0.4503031387111575,0,-3.3960101799811982e-06
647,0.27341354611851204,0.14582177931965334,2,0.0029169002356453917
648,0.1429148868810686,0.06932683137341744,0,0.0005259179091735782
649,0.1123877528007768,0.42015721319298244,0,-1.5332109244243476e-06
650,0.2505702224803294,0.11642912051098214,3,0.0038508929114312545
651,0.10698874205566052,0.08710018760658107,0,3.205702665306898e-05
652,0.14672976421804412,0.08280879164796491,0,0.00034424291107482114
653,0.04160624036787037,0.4315380525612608,0,-6.748884402140893e-07
654,0.26817413737707,0.5927847583073054,0,-1.2919609018013461e-06
655,0.2976716627151836,0.2464653050430644,0,0.00016435399351897843
656,0.3468182620095209,0.36098413891377984,0,-1.142398857102857e-05
657,0.2601738959529765,0.28589067001888885,0,-1.428703071185283e-05
658,0.05701920615247338,0.2993379644096185,0,-2.950644724822771e-06
659,0.1555718594380702,0.30318436695891576,0,-7.509754481965129e-06
660,0.07603163135473294,0.5156414860618954,0,-4.104954433737735e-07
661,0.09031952577801396,0.05378506319547682,0,9.364434227181472e-05
662,0.19889822364330348,0.21111672756375627,0,-9.636987615238973e-06
663,0.18651764377775018,0.5487614224597429,0,-8.882898219136981e-07
664,0.04276585008123395,0.5183642561071788,0,-2.865429437705993e-07
665,0.2754743726021696,0.5662441840383516,0,-1.8115655370613457e-06
666,0.2936203296024871,0.07564438580976941,11,0.01241143937400624
667,0.048237810525167735,0.22258155373332172,0,-5.796257042358276e-06
668,0.2813572598959488,0.2134584638573647,0,0.0003493724140840837
669,0.2538100011826642,0.15593118018336938,1,0.0011694059236412825
670,0.306930867045269,0.3534716744965686,0,-1.588246838340644e-05
671,0.3125519793930517,0.509879929043388,0,-4.593972475951067e-06
672,0.3075094983628123,0.25738171655054637,0,0.0001541967793723555
673,0.22931381968677986,0.15381809899892282,0,0.0005154051685559995
674,0.18707644476310545,0.5438484421893056,0,-9.382300415906941e-07
675,0.2959209592528378,0.5905296818733994,0,-1.742570279137031e-06
676,0.11108566108125695,0.5071359428752938,0,-6.342663119751646e-07
677,0.28907922099657873,0.009568554456216937,19,0.027733308474423395
678,0.3104586209004858,0.04213839044345904,15,0.017111065838482587
679,0.2398597070835468,0.08740982416785159,6,0.00662064515745179
680,0.0860402912201541,0.16267813711458548,0,-1.3927062598483528e-05
681,0.16446156887267677,0.502740735854327,0,-1.1292107135719388e-06
682,0.08719551732859561,0.24166286753839383,0,-7.036058127232059e-06
683,0.13896372567236465,0.17502459151889052,0,-1.54330355868737e-05
684,0.3022917516567134,0.5101210636847217,0,-4.140367603248264e-06
685,0.036761518197463934,0.38812966024069756,0,-9.924902452904746e-07
686,0.1433267859376203,0.5209963461590599,0,-7.61872156967758e-07
687,0.2553901023643741,0.32888458707073753,0,-1.4199029992169292e-05
688,0.18654229053986504,0.19373326890571255,0,-6.710361605011901e-06
689,0.1257466589637739,0.2830778980137924,0,-6.838679735891165e-06
690,0.06521984738172587,0.5801414900755826,0,-1.933303971632293e-07
691,0.323074966277259,0.4405331581300475,0,-9.936142711887512e-06
692,0.14500531685005905,0.2936895676774492,0,-7.433990894163364e-06
693,0.22926193357772548,0.5188903250554255,0,-1.8341819235463436e-06
694,0.03829205681609609,0.5101941137250942,0,-2.9734766370329415e-07
695,0.05743256427421472,0.43757705413567616,0,-7.441388432522477e-07
696,0.046738324244245635,0.2675576126064444,0,-3.6565294885016505e-06
697,0.0330905232702082,0.5993144156997329,0,-1.1578763466049827e-07
698,0.27770965284587074,0.24881591748637732,0,5.135838747418971e-05
699,0.23056650878707996,0.43585300679143785,0,-4.253808994232072e-06
700,0.0540195154324814,0.04305419407294686,0,1.426345548504378e-05
701,0.13910797638332648,0.31885358885622384,0,-5.488238733185149e-06
702,0.11461927281782806,0.1445295794633748,0,-1.4716173894212943e-05
703,0.1200146226019667,0.2610856145560033,0,-8.001608060537186e-06
704,0.1528742638669784,0.373542188369637,0,-3.656099135769402e-06
705,0.16819756487848625,0.4303676489338452,0,-2.4159704128225178e-06
706,0.3174743788255787,0.021335042063563646,19,0.022497143293637438
707,0.04982773410115611,0.008917013561355902,0,0.00012010510013508217
708,0.19995263619539544,0.3734944154654324,0,-5.8270191397421046e-06
709,0.18454716976056232,0.23002480699956557,0,-1.5802569067488772e-05
710,0.05026064983861544,0.36655265559065536,0,-1.409181914087694e-06
711,0.24523694833990536,0.5451937659547829,0,-1.65376211231937e-06
712,0.060121706822036214,0.33772444028522636,0,-2.074262488039673e-06
713,0.2152280582769398,0.4268635903263032,0,-3.995016772981542e-06
714,0.02954739376606284,0.15650495305839776,0,-9.15459372241052e-06
715,0.27098394108020885,0.2268720780836686,0,0.00012069889475298853
716,0.09424505382786655,0.30500137077948625,0,-4.039088207818048e-06
717,0.13893502344551317,0.1952230209647168,0,-1.5483992182139772e-05
718,0.14080494193861556,0.21413070375208587,0,-1.4224576281384281e-05
719,0.12111326548596205,0.05724032829477052,0,0.0003500995504352339
720,0.31881517999001124,0.31401616422542233,0,1.95575559370145e-06
721,0.3364867928809791,0.15550789640684226,5,0.005790831541219058
722,0.15798335228895158,0.5957429665514664,0,-4.1767698983339545e-07
723,0.22149985689820487,0.10182794525037746,2,0.0027102234528087557
724,0.23930567535601951,0.46315435262960725,0,-3.535839860988605e-06
725,0.004864487592479699,0.4377938059345932,0,-4.392119977339985e-07
726,0.30514873250816715,0.41683698799650065,0,-1.0472562173687116e-05
727,0.3292303056351426,0.023047890872856056,19,0.02149846950404944
728,0.119978249788835,0.41185885659002935,0,-1.796906702669023e-06
729,0.03940926620900305,0.24518542046737152,0,-4.24727097573968e-06
730,0.2791583094756629,0.48672019166374647,0,-4.15387612058852e-06
731,0.17446347055872688,0.47002070698172965,0,-1.730494143624324e-06
732,0.30968669096091034,0.11442732157921269,7,0.008419977534360973
733,0.30630560440086596,0.029130193234738398,18,0.020433368599342205
734,0.2917927943066109,0.3441800184954329,0,-1.5708796931029505e-05
735,0.26764982756603334,0.21018807204887874,0,0.00022732199897199158
736,0.3321399504322989,0.32467726022185445,0,4.716167769112868e-06
737,0.23556203945614712,0.25513975965056285,0,-1.2691134661435768e-05
738,0.345013580970414,0.10099518513921786,7,0.00858514306533154
739,0.07346246068167969,0.12097635671705646,0,-1.5750803128234476e-05
740,0.18739440563738388,0.14981225583367574,0,9.334899268389989e-05
741,0.017168289944642687,0.04379739415469936,0,-1.4056605231610657e-05
742,0.17329781809661884,0.24529306722887598,0,-1.4340454370033645e-05
743,0.14887072797561865,0.07866438272607765,0,0.0004524266042615431
744,0.134410947403088,0.027644859830057333,1,0.0020504356657485377
745,0.014405959790318472,0.20989554246555484,0,-4.705220670623889e-06
746,0.21843950083576363,0.0008322209539115555,19,0.028043448749549536
747,0.1512595859707644,0.43301758101145127,0,-1.9871809809061133e-06
748,0.23772889169163772,0.22077760780087974,0,2.2202684040728098e-05
749,0.09860782097184342,0.3528278189445452,0,-2.618615147753515e-06
750,0.2879933873142978,0.5207619838912346,0,-3.2313733929535233e-06
751,0.1008310509686903,0.5129016698744823,0,-5.404588720987367e-07
752,0.054120200200660794,0.48574374419314637,0,-4.4474243749097026e-07
753,0.11185609914093499,0.00495898144985849,1,0.0021286829676255207
754,0.0936959453502442,0.5626895094672199,0,-3.0591571154666234e-07
755,0.04585931087014937,0.2945907668406068,0,-2.768097385641465e-06
756,0.17834525196775813,0.20085418024422802,0,-1.3331772289533727e-05
757,0.2853213020135152,0.11410666177486063,6,0.007391981062322152
758,0.13502094269531903,0.3893728027928653,0,-2.613663614843106e-06
759,0.119657266852139,0.03747497782486111,0,0.0007720456247866784
760,0.15825804991945355,0.23171986601903372,0,-1.4210817215923761e-05
761,0.12947152571083495,0.030784050428243614,1,0.0015005254877904803
762,0.15794965308820816,0.040358823645989146,2,0.0029640213121238253
763,0.15103717874832664,0.4086365583373767,0,-2.529577435684616e-06
764,0.040763564656608645,0.38461597504342043,0,-1.0699000161583043e-06
765,0.22700052158097447,0.3250546010100632,0,-1.1807762340347823e-05
766,0.23947350602575218,0.16714049000075748,0,0.00044618850965343824
767,0.140997551422266,0.5479975073075719,0,-5.682378084776215e-07
768,0.025476931275833857,0.47565234911374216,0,-3.6955770043145646e-07
769,0.27577543120295545,0.03274813376494037,18,0.020239537352450123
770,0.18984687814916634,0.20422438503824353,0,-1.059005748592878e-05
771,0.22601783337296968,0.40497735259342754,0,-5.521116740202411e-06
772,0.31466223431935414,0.4873847346431027,0,-5.857378607074043e-06
773,0.30369711642013997,0.33901781164510186,0,-1.560563706767e-05
774,0.20992254267059138,0.05018737954574861,8,0.009386079015249314
775,0.15810874939646205,0.1342892001607975,0,4.1350256250278885e-05
776,0.20213282658384849,0.23924355793602547,0,-1.5572819012092506e-05
777,0.23391279734660264,0.11692261490959456,2,0.0023897254262183506
778,0.17584554174158487,0.41387874031389277,0,-3.0737005755281805e-06
779,0.25537753176025824,0.3315819140004904,0,-1.3948396891274333e-05
780,0.0341683902549,0.2482018149235078,0,-3.912690151808422e-06
781,0.20126036829516974,0.04287484670593147,8,0.009504593278416547
782,0.01744580390952467,0.15333371646710303,0,-8.418189050811441e-06
783,0.3300494505501824,0.05883821022594515,12,0.01328763932587056
784,0.25124993087105724,0.2464797627530817,0,3.1144861594302795e-06
785,0.13305545619282447,0.09802972520768236,0,8.424238604731796e-05
786,0.22728868679973924,0.479512850654165,0,-2.665086228112189e-06
787,0.3223407272086415,0.18293225422112613,2,0.003201811358473133
788,0.12209549819927708,0.44717877362082986,0,-1.2893388439547396e-06
789,0.1072823136212392,0.2574880932883816,0,-7.330302470025814e-06
790,0.1738553410349025,0.542293244005492,0,-8.351287423459558e-07
791,0.1304385489553696,0.4070695989659436,0,-2.092360957940413e-06
792,0.1968617004710494,0.3965292804629019,0,-4.501173959392374e-06
793,0.29602515851786737,0.41947482677265674,0,-9.410724541733716e-06
794,0.3065123313021326,0.5161062022540531,0,-4.0679370618919224e-06
795,0.3120664639297941,0.2288975671642527,0,0.0006037314298587501
796,0.009740682188475307,0.3244186952883157,0,-1.4327619797336183e-06
797,0.14326759579665632,0.5532732125523392,0,-5.513949547296699e-07
798,0.11058679661409646,0.30141635880375145,0,-4.921193720083589e-06
799,0.2880067033210937,0.037826784903715556,17,0.01881746463355886
800,0.24352403957376065,0.11531644425020587,3,0.0033178025647678596
801,0.17888922081329747,0.2741027929275122,0,-1.2098784452444503e-05
802,0.2222805089711611,0.14801433080802515,0,0.0004948023836167317
803,0.2131514418038836,0.2567147580482092,0,-1.5812050329140338e-05
804,0.19302271712361102,0.5421563015419885,0,-1.0125798927142963e-06
805,0.20494059801803932,0.039731724660807585,10,0.011107461144355358
806,0.18747460012145623,0.05381449064578869,4,0.004802853155280858
807,0.10325089261064638,0.09885039637953809,0,4.451936860565088e-06
808,0.2537860528905599,0.5323832506713069,0,-2.046826267568234e-06
809,0.3102398047991191,0.38792659458746653,0,-1.3800433494097316e-05
810,0.33679420165829177,0.49240007334156133,0,-6.919916413325368e-06
811,0.06262197025687248,0.2949906865371942,0,-3.2583033728795816e-06
812,0.06899659580964487,0.33803509973767215,0,-2.2593089436894404e-06
813,0.2519121530546094,0.40756835157237153,0,-6.9325841670434055e-06
814,0.22352642111509344,0.3967646314644912,0,-5.8413751553704146e-06
815,0.1806914625895952,0.3124498121568502,0,-8.73135531055054e-06
816,0.05661285357744183,0.02091414700790284,0,9.048797081164364e-05
817,0.24701620658247456,0.25067794058053944,0,-4.727901377493613e-06
818,0.09750952042706458,0.005017164329680956,1,0.0012075514080189828
819,0.2662238339591299,0.23831238337935579,0,4.8919158351991307e-05
820,0.14983604841770765,0.5649885297050854,0,-5.23682784709215e-07
821,0.27061339316501926,0.33538811712190647,0,-1.4940920333197289e-05
822,0.09364613568885195,0.0018762736017400305,1,0.0011759990250676336
823,0.09557986094694629,0.41207075122604947,0,-1.4055413017890575e-06
824,0.21056461090962683,0.3735095100973721,0,-6.463509873755513e-06
825,0.28727082838441637,0.5287375732620525,0,-2.962977819087563e-06
826,0.25346039717970925,0.09994153573400201,5,0.0063145398611501756
827,0.28870509206634654,0.13031227616330288,5,0.005726002808458255
828,0.31719030959639,0.048568997057923655,14,0.015565391856859777
829,0.20540278237818013,0.18498252699933265,0,3.08630992228549e-05
830,0.2978745491164973,0.4100707482176801,0,-1.0426981590763712e-05
831,0.17983653915739398,0.2713789202122005,0,-1.2463307572833285e-05
832,0.1780848553075,0.18609904045968848,0,-7.182825750738783e-06
833,0.07720356660792668,0.1782733688177756,0,-1.1538048884351862e-05
834,0.00830828848502012,0.3093992926691448,0,-1.6412339235503628e-06
835,0.2681832357869848,0.24086122231248408,0,4.697288677981246e-05
836,0.013968396881997174,0.45632869662789843,0,-3.996462679558885e-07
837,0.0771262601116775,0.52780815337457,0,-3.6746719826722433e-07
838,0.22156715471946734,0.4870459756036264,0,-2.335005725833698e-06
839,0.34652524372963517,0.5338986239109347,0,-5.0648957333684476e-06
840,0.029830964748218045,0.052640177299282186,0,-1.3163417655226094e-05
841,0.08117760798591132,0.2533606163621161,0,-5.918071610985244e-06
842,0.007622681074246329,0.4623661121090006,0,-3.531229083843616e-07
843,0.16188792712035396,0.5267738015618145,0,-8.654940249596252e-07
844,0.09851673066335531,0.41023939855410074,0,-1.474102051283328e-06
845,0.2960754413603129,0.33261494693235094,0,-1.5670878771699893e-05
846,0.11001890006305327,0.2655798573143216,0,-6.959249518495816e-06
847,0.12433350632582599,0.4212263109667739,0,-1.7089896190390245e-06
848,0.09317330695862226,0.26069283770443064,0,-6.194142602248009e-06
849,0.19816873111248093,0.20922947229810002,0,-9.046734802236997e-06
850,0.09374819243906957,0.2780595303112315,0,-5.250322739548216e-06
851,0.3246149530978535,0.3625146497958867,0,-1.578808269951655e-05
852,0.02832462776965401,0.4742052583883257,0,-3.8576289191559014e-07
853,0.2267752477175446,0.3085928002060912,0,-1.3415259095199425e-05
854,0.02679010907515824,0.36810481792517974,0,-1.097570166056575e-06
855,0.22226901789574893,0.027112071827475992,16,0.0183997723286374
856,0.2191183910299745,0.48221843726530905,0,-2.391262264175464e-06
857,0.2919790944182533,0.17202345849118753,2,0.0021814836891525385
858,0.08398112354852225,0.19917766865520628,0,-1.0191693547753681e-05
859,0.06901810052674646,0.23350831339336775,0,-6.3828929453077885e-06
860,0.30947445097279647,0.37642594012886876,0,-1.476725831928067e-05
861,0.3127417872817471,0.15641572326108807,4,0.00476520146161575
862,0.07943233992280589,0.46866699787958355,0,-6.792929796081061e-07
863,0.030729525759100384,0.1122802872163939,0,-1.346705399627996e-05
864,0.281451512390194,0.03562696330833175,17,0.019462915853584818
865,0.2688102181476037,0.25251486022692243,0,1.9961564960318122e-05
866,0.03780027825134142,0.39145232095419674,0,-9.700699800593956e-07
867,0.06326261970455042,0.5758025505357722,0,-1.9799478667770483e-07
868,0.3258682787944144,0.5523290322289799,0,-3.4375953664698253e-06
869,0.2858275968169606,0.08895286969848223,9,0.010617377089562641
870,0.16243926718749344,0.19130716284146054,0,-1.4620988168269795e-05
871,0.029111248844152803,0.5823747739204204,0,-1.3181541232285863e-07
872,0.30199082815545525,0.06128358573742649,13,0.014149290301560952
873,0.10625212490943156,0.11076172047183412,0,-4.332125180924164e-06
874,0.20331832804184047,0.3945551409365577,0,-4.892837570363374e-06
875,0.12048046607216834,0.5071879662319899,0,-6.962814724064155e-07
876,0.012977698940976706,0.16350737421825787,0,-7.316536739044709e-06
877,0.13537685696838286,0.5303734325884977,0,-6.407559072852364e-07
878,0.1795878052233428,0.2670361987177232,0,-1.2869748554073254e-05
879,0.16532841894013983,0.588887697200369,0,-4.81344093915751e-07
880,0.17457043113233778,0.2277424907439445,0,-1.563360308618987e-05
881,0.037496800442739966,0.4100144901374152,0,-8.0329991161295e-07
882,0.19514583940217364,0.2559310152867328,0,-1.522417221640678e-05
883,0.28397481513637857,0.4806325298107643,0,-4.628127848956502e-06
884,0.1856909752937213,0.41115704400606956,0,-3.483292633974275e-06
885,0.07140441113440339,0.0012782161747895149,0,0.00047508707096177634
886,0.3160207861294338,0.25544933683970594,0,0.00024325732285017623
887,0.05996582362578854,0.22014608564676272,0,-6.6581717898198755e-06
888,0.20139795736241758,0.5416543018796635,0,-1.1063857294019937e-06
889,0.20969732739632002,0.2663249770887965,0,-1.5478664295798535e-05
890,0.2889020014791929,0.3606050321886319,0,-1.435793391299263e-05
891,0.06242490743776009,0.049454255076019416,0,1.7736251280644327e-05
892,0.2526223966940543,0.5220417511931086,0,-2.2433969208769512e-06
893,0.23060541057131617,0.3607021153813899,0,-8.859335990589085e-06
894,0.17379377802787035,0.14438455989552837,0,5.8892374852277085e-05
895,0.21589728132651062,0.3177462376296854,0,-1.1437210544623225e-05
896,0.28117049469237543,0.35590610879210277,0,-1.4082274093159914e-05
897,0.0420944017810093,0.5123828905380614,0,-3.0217136673887535e-07
898,0.07886334971230537,0.020416738664298783,0,0.00028014976574766953
899,0.1410343180275435,0.5833803687384557,0,-3.990578372022193e-07
900,0.24603719963545104,0.4327837264859018,0,-5.11015253599632e-06
901,0.32276846958860134,0.38663814930966695,0,-1.50146589103722e-05
902,0.03900215581662764,0.42840936002627533,0,-6.784585252122626e-07
903,0.261579541352289,0.2760756403275871,0,-1.1005781042204333e-05
904,0.24627566174445106,0.43746106948859803,0,-4.8905607115488855e-06
905,0.22915045671337714,0.22183461081947078,0,6.594702645086083e-06
906,0.23639794576116066,0.00167980297712913,19,0.02978155296830323
907,0.28080859776786204,0.45993004028028317,0,-5.50489339601713e-06
908,0.26792245699786865,0.13460630682807087,3,0.0035052600210762883
909,0.02776876512280228,0.2898094764379502,0,-2.4241282690213738e-06
910,0.30068233467924127,0.23492101720980635,0,0.00031027924824143197
911,0.2997653682586647,0.3481284561075987,0,-1.584353936793262e-05
912,0.08684582998587573,0.44384338211622826,0,-9.375789776521872e-07
913,0.0796275973459927,0.20981369296365568,0,-8.876691287298828e-06
914,0.14762905940379695,0.17272722642365948,0,-1.3881398267949429e-05
915,0.327075373437626,0.5989196517129004,0,-2.1858170987903824e-06
916,0.12990812089788478,0.5597535831282537,0,-4.522649462934699e-07
917,0.04068267205878067,0.28791688105883645,0,-2.8099568746814213e-06
918,0.31416866768117024,0.04152758420501503,15,0.017082255901054992
919,0.06603662696194625,0.27747168745732215,0,-4.013534409217981e-06
920,0.1120470709810084,0.5106216034720811,0,-6.184488458988789e-07
921,0.1328079413562572,0.5821199763257799,0,-3.722526519594906e-07
922,0.2050668232747025,0.18986021271465303,0,1.9656649454757398e-05
923,0.08923049225519034,0.16569029008733288,0,-1.3943272162057871e-05
924,0.16071191992065856,0.23781256332731326,0,-1.387576872123762e-05
925,0.3311256854811215,0.4008704314171543,0,-1.4528804239027395e-05
926,0.2721295050306563,0.3024695277434154,0,-1.5054129035814062e-05
927,0.3184103543167439,0.5396535528962544,0,-3.6216551603487632e-06
928,0.28386889519765207,0.5745855222471149,0,-1.812179548642245e-06
929,0.21138700379034356,0.07932710292025302,3,0.004196625612695743
930,0.19490309820609303,0.18721017486235222,0,7.657245088818611e-06
931,0.07245671777775661,0.4385472325112803,0,-8.562561787668932e-07
932,0.32384502150684813,0.370174185667811,0,-1.589974858196963e-05
933,0.3379962315706903,0.13405828675825662,6,0.007045954807919461
934,0.27686751537911836,0.33158488856145824,0,-1.559674881553272e-05
935,0.2669066469954083,0.11751704198931391,4,0.005327650567709235
936,0.24422872177393207,0.44603481507504256,0,-4.4020067425033795e-06
937,0.1177354695546976,0.09607818044773761,0,3.6407365605947534e-05
938,0.2427524324421085,0.42251922406592385,0,-5.475195911826681e-06
939,0.27209987577544,0.20291988142746936,0,0.00037359331503672075
940,0.18847279609793882,0.26130641611363264,0,-1.4264649157019034e-05
941,0.09463596438530508,0.26035291425747514,0,-6.304353823880828e-06
942,0.15888819835729004,0.3471561481735252,0,-5.043270237058889e-06
943,0.34904523524623055,0.4498695049726049,0,-1.1503938663920937e-05
944,0.06382476714345216,0.41784982719697067,0,-9.661547244952975e-07
945,0.2557692167115631,0.031209011650101103,18,0.020394411777952193
946,0.2650087647680682,0.5939192960685916,0,-1.2376941793068065e-06
947,0.07937592433795143,0.25124655745439023,0,-5.9364219026862115e-06
948,0.005586791628505311,0.08032786230782281,0,-1.4109020734958035e-05
949,0.1714424033573982,0.292901179042183,0,-9.61238438588342e-06
950,0.2755639289554475,0.37362335655424667,0,-1.179598608317482e-05
951,0.28536038118491763,0.14946090625428074,3,0.003488379813522597
952,0.3120857373246475,0.5829187499429799,0,-2.208842684224166e-06
953,0.285049643657351,0.3487520180647642,0,-1.5024280095588286e-05
954,0.308939742162374,0.17968805633527088,2,0.002653329951478117
955,0.10012451200964027,0.34724793149857724,0,-2.8108006493915892e-06
956,0.04396029386114899,0.32988601902501064,0,-1.9090996035146047e-06
957,0.07219371094847266,0.56902425086801,0,-2.3164874484985567e-07
958,0.13484563900875102,0.07973022827827163,0,0.0002326994490664976
959,0.29901435754034544,0.15798432638233417,3,0.0037198966375995945
960,0.05643611411492413,0.1780033745726427,0,-9.620160762577698e-06
961,0.07211632724575255,0.18473156488354384,0,-1.0432496236237824e-05
962,0.14408575015330818,0.15448942071684618,0,-8.419869342785564e-06
963,0.16963757284760977,0.16535281238582347,0,3.6765640080645117e-06
964,0.2835705916177897,0.24848204804314233,0,7.373048435430451e-05
965,0.05089103251081759,0.03183925025340375,0,3.078258869066588e-05
966,0.002209120333844272,0.3122462787235947,0,-1.5009192747373004e-06
967,0.012844941512907082,0.5030701273972953,0,-2.4763341461848514e-07
968,0.12045619298868085,0.10038443451132961,0,3.2251822846119854e-05
969,0.045134200754004906,0.49573779703459075,0,-3.678975805505338e-07
970,0.17484151740860496,0.19435320781441293,0,-1.2456683525080102e-05
971,0.29788922302524046,0.1516249933117337,3,0.004218321520725006
972,0.08037446900673907,0.3200217853094799,0,-3.029397611417792e-06
973,0.33462452603635184,0.08297602536972035,9,0.010359642111010295
974,0.1404131569967825,0.38040954629135015,0,-3.016027984986428e-06
975,0.2630811526028879,0.35912128739596805,0,-1.199896306079557e-05
976,0.138611257172497,0.08304207770386414,0,0.00023705632205421574
977,0.2317635902536504,0.4912436646739322,0,-2.478621043186702e-06
978,0.3293387667569771,0.5277301394313109,0,-4.543655611417063e-06
979,0.21683319875938706,0.4535910501649604,0,-3.1104795861095696e-06
980,0.21097786152931425,0.1604375444598735,0,0.00017614749052698655
981,0.34774539622775574,0.11564022293937154,7,0.007693996503028486
982,0.14997081305549653,0.016392326785100386,4,0.0053921799618228215
983,0.08604252064852647,0.391028959120953,0,-1.577064500175462e-06
984,0.13989636150464374,0.3122146661586268,0,-5.904546717921666e-06
985,0.34006428687484114,0.5948710703595007,0,-2.5902002700379857e-06
986,0.10431795465858405,0.43246381232218617,0,-1.2507897800545273e-06
987,0.13529916525044478,0.07828955026161684,0,0.0002539888456433389
988,0.048855864401872305,0.5049886869964946,0,-3.4809317888551135e-07
989,0.08535165239714604,0.3500975177370175,0,-2.3577699722423624e-06
990,0.020501028891904825,0.2652956571533499,0,-2.879889591616557e-06
991,0.2162975194812915,0.5205970445516808,0,-1.5844585289934895e-06
992,0.28913074903054714,0.45565517221374274,0,-6.229025837199166e-06
993,0.04917359239745437,0.4403337473262858,0,-6.665903074976718e-07
994,0.1826303429499577,0.5182030542290684,0,-1.159816493980697e-06
995,0.34040064114338336,0.46361381650903316,0,-9.419785814628975e-06
996,0.19898971465924178,0.5116019994102865,0,-1.458617156148459e-06
997,0.2271369256200296,0.3429700247703156,0,-1.0107643139242795e-05
998,0.2286723404410474,0.44973201010568925,0,-3.636297152084601e-06
999,0.31278808336279834,0.3960497298610132,0,-1.3258083146630361e-05
1000,0.14992489132159506,0.3153943354016859,0,-6.313699525638297e-06
1001,0.10375779629730686,0.3331981057082008,0,-3.352859440301393e-06
1002,0.1762350592869686,0.4140659359403591,0,-3.0798868961114817e-06
1003,0.2916285201981782,0.4600226601484177,0,-6.1155192875486515e-06
1004,0.25259481459339844,0.4173960265810268,0,-6.34097458631091e-06
1005,0.005069694894367793,0.4450491262790263,0,-4.09312983477119e-07
1006,0.023389521100024683,0.11694111696896123,0,-1.2286824344377043e-05
1007,0.11009548529409544,0.252491818421661,0,-7.90206588817749e-06
1008,0.21638911707777808,0.3973821614032595,0,-5.412674673151508e-06
1009,0.11917879773156269,0.12061741035165446,0,-1.8204477015231567e-06
1010,0.33597371295494954,0.04319729841786783,14,0.015731082654446248
1011,0.16723479690070012,0.2848366472394005,0,-9.958577846188525e-06
1012,0.10553683899755349,0.017986982145358165,0,0.0009775717735702205
1013,0.09751256921324514,0.17040526974653455,0,-1.4266958612280623e-05
1014,0.2144294453306139,0.5831953709362157,0,-8.317957129462603e-07
1015,0.34637751002916384,0.4102526123900815,0,-1.501638764726343e-05
1016,0.22552826670072787,0.011125951242208809,19,0.024626931334994294
1017,0.22440433645734495,0.34259354400957637,0,-9.894038476540893e-06
1018,0.25516604281698557,0.45563013864876595,0,-4.459867220120306e-06
1019,0.1415588897346416,0.039105421855617224,1,0.0017132298232612046
1020,0.03505552956192881,0.4400718292105481,0,-5.804377143774153e-07
1021,0.2551508991975977,0.293776308343979,0,-1.5719667450928938e-05
1022,0.08352708306194583,0.44710788982005184,0,-8.778882291660367e-07
1023,0.059059742819088115,0.3366811970117549,0,-2.0739027506888675e-06
1024,0.11392588967547736,0.5282197283608774,0,-5.284799674439402e-07
1025,0.09961600598032587,0.004661207948063328,1,0.0013334381404458949
1026,0.2910445497095415,0.05601311849110391,14,0.01524820460494558
1027,0.22473017820631133,0.45564107644856555,0,-3.296640934411525e-06
1028,0.2203755788557975,0.385623211933057,0,-6.318176601366776e-06
1029,0.20601062450299457,0.37993804372353185,0,-5.804196992327294e-06
1030,0.1993607136212789,0.008337500966052302,19,0.020774156417710223
1031,0.3331030208802378,0.5494201259262885,0,-3.8020942821393367e-06
1032,0.2381223415113189,0.5698229897298619,0,-1.2043243514840336e-06
1033,0.23682288479383704,0.048867101062342155,13,0.014273980746270303
1034,0.002897235937639164,0.19633965468046952,0,-4.8022460450712545e-06
1035,0.09691349343374554,0.37811343422596216,0,-2.0000154664291305e-06
1036,0.045066958169133566,0.5176986671373892,0,-2.951632117684448e-07
1037,0.19930067220340122,0.3329204175813917,0,-8.57605917912843e-06
1038,0.17677227427461747,0.5572956042112058,0,-7.40037758154084e-07
1039,0.01848102129131016,0.3825881416387526,0,-8.739650111470818e-07
1040,0.22253349498427136,0.2985454641390966,0,-1.3970367436454701e-05
1041,0.0007691342380879373,0.3585561651317288,0,-9.311505928159053e-07
1042,0.13574297305238123,0.5281710144383968,0,-6.574219318031569e-07
1043,0.16957212981284317,0.42842497232643395,0,-2.497282844948695e-06
1044,0.18986341344254243,0.09092895979533344,1,0.0013812986472739421
1045,0.232561152314399,0.5927773567783272,0,-9.057101158394576e-07
1046,0.3099457525199001,0.32005072117696787,0,-9.32944780366903e-06
1047,0.3231942214304425,0.22066102756416608,1,0.0011539616413659018
1048,0.04954011584332788,0.5343096174559587,0,-2.614128920700578e-07
1049,0.1297870265858443,0.15992790454568157,0,-1.476887768044278e-05
1050,0.12678090164510292,0.2943984142980765,0,-6.184807094878753e-06
1051,0.25362000012766855,0.3983601145777596,0,-7.703697090765993e-06
1052,0.25534393406673245,0.19951754864258167,0,0.00021448707818744054
1053,0.29814405887601564,0.03263144667485172,18,0.019773729069013403
1054,0.08577226328951716,0.5153094737232048,0,-4.5393876223161466e-07
1055,0.2983818451952562,0.043244127969036296,15,0.01734727703953862
1056,0.09657638028384022,0.48341318722787396,0,-6.956176044644526e-07
1057,0.15307743514786587,0.4369863808328571,0,-1.944864134339827e-06
1058,0.019111422566460992,0.3850028970182656,0,-8.58503797534298e-07
1059,0.29348331620466506,0.09599609240615259,9,0.009977997990650326
1060,0.22748559765552046,0.5122139322524795,0,-1.9262919904966684e-06
1061,0.3090952765306596,0.5855524755563501,0,-2.088349350113727e-06
1062,0.03369203622946708,0.48196799375469834,0,-3.7661015851042663e-07
1063,0.07482908693260802,0.007398374683054953,0,0.00042113407355324014
1064,0.2963861794840333,0.381881825284446,0,-1.3040705029773048e-05
1065,0.14274742187810222,0.5550842436171207,0,-5.386948482718488e-07
1066,0.18106293306032942,0.33024973944323055,0,-7.3928327209880824e-06
1067,0.1416628099523108,0.45850977531200565,0,-1.3995653448321927e-06
1068,0.10242124447545942,0.2891205831158649,0,-5.12715394047649e-06
1069,0.3169986900847491,0.5700054202247656,0,-2.6387561423305643e-06
1070,0.3365680816389286,0.39046695720733343,0,-1.5661299564311634e-05
1071,0.3144069787771949,0.5583552308083648,0,-2.8885500790761292e-06
1072,0.10849535385794656,0.19242440933094287,0,-1.322693459411001e-05
1073,0.06528227287416426,0.11053912394391986,0,-1.575358134741109e-05
1074,0.037666411140074435,0.10889170342697148,0,-1.4418058183982334e-05
1075,0.20266156505703772,0.5549717575575324,0,-9.807556002201387e-07
1076,0.243095704876479,0.3260314084391626,0,-1.3303319284250985e-05
1077,0.03444019231717349,0.5819519081320594,0,-1.3961118525013677e-07
1078,0.2664684963471543,0.11261661050646454,5,0.005921095010116183
1079,0.060743305970826715,0.2009443435807591,0,-8.075543535007487e-06
1080,0.013692354122697701,0.4690422656337396,0,-3.5096571551065906e-07
1081,0.2833204828852574,0.4355017515577909,0,-7.164500482590568e-06
1082,0.038047737849466884,0.38134511018866807,0,-1.0758882330216069e-06
1083,0.32743702254465495,0.2177308902249492,1,0.0014272240520032343
1084,0.3445474892967155,0.23234277195393296,1,0.0014539381968979787
1085,0.21918881426207132,0.172559230925713,0,0.00014464115376103078
1086,0.23674183048503727,0.1758607997825187,0,0.000274879708425907
1087,0.027461116158923847,0.45717195043627035,0,-4.5346925307987964e-07
1088,0.0523943795053643,0.026117347384092927,0,5.153198519671741e-05
1089,0.17745022364668814,0.26619541901517285,0,-1.2741592213769267e-05
1090,0.34131696258424654,0.26181628850525906,0,0.0004960355831396716
1091,0.22552662522909658,0.18065679363468956,0,0.00013173749472638948
1092,0.23207671339238897,0.29963084758576913,0,-1.4717460180241875e-05
1093,0.07188021565432945,0.08097529839872304,0,-7.389311823767725e-06
1094,0.2724181467724352,0.5528597867361981,0,-2.0086173385474667e-06
1095,0.08620962284875985,0.38852031034653606,0,-1.6198126853582993e-06
1096,0.29404688415469094,0.4165445095054772,0,-9.494441469716333e-06
1097,0.13760313232862081,0.49434815203280624,0,-9.392545799768494e-07
1098,0.29251785321523227,0.027694727775254967,19,0.021271973133842423
1099,0.1426049608707136,0.3343685756061709,0,-4.873215139848548e-06
1100,0.08729064833508227,0.5349258406475984,0,-3.7878525199925874e-07
1101,0.3276846555027343,0.3327674158528485,0,-6.595538629037995e-06
1102,0.04517102060407277,0.15564851790318704,0,-1.0636510822412027e-05
1103,0.14052289314970312,0.21427625262654262,0,-1.4186111616688978e-05
1104,0.21718963522586254,0.1759010278059323,0,0.00011068505053935749
1105,0.04875684699586198,0.26032318026503504,0,-4.009203477808447e-06
1106,0.20296024725536566,0.03853100179258571,10,0.011022587840319644
1107,0.09438801343915457,0.14866612791477787,0,-1.5572809833940077e-05
1108,0.025756770661423376,0.23273902067353114,0,-4.197336742725031e-06
1109,0.1751058671689602,0.28668012465338155,0,-1.0513064483697896e-05
1110,0.2119250441806697,0.420211001620419,0,-4.130598929940407e-06
1111,0.12494064205734676,0.41365649610296007,0,-1.8545061701974717e-06
1112,0.20612834302524416,0.43858234922182826,0,-3.2476005763712537e-06
1113,0.09296883591129267,0.042944009444096196,0,0.0001870725128425751
1114,0.21945049097076783,0.37871120808450803,0,-6.698792098649095e-06
1115,0.023504800955761056,0.2639996292838115,0,-3.0060512204481876e-06
1116,0.1997167943151321,0.22961921657157874,0,-1.4843524609484865e-05
1117,0.18073968644033722,0.5670136225261051,0,-6.986406430635919e-07
1118,0.04914802942235528,0.05579149574454027,0,-5.712380488285488e-06
1119,0.15052915755461568,0.0030684834776590897,7,0.008662811146859363
1120,0.12733386464854915,0.4794842049246263,0,-9.835662423323185e-07
1121,0.15534616149894065,0.19832806625151914,0,-1.5763913980569415e-05
1122,0.29052448424726185,0.09260660913320425,9,0.01030174277987403
1123,0.3049905683298633,0.09872055024994206,9,0.00983771925236249
1124,0.319095843818211,0.5473525054327456,0,-3.3772597890265473e-06
1125,0.05185571789473437,0.24008855873412616,0,-5.053627053524944e-06
1126,0.21682666480267407,0.5429985627610387,0,-1.2732926717033752e-06
1127,0.23831392524797423,0.3034399052926034,0,-1.4912219292945467e-05
1128,0.32711505162074445,0.3995245860020982,0,-1.4291163111808656e-05
1129,0.22662217760658934,0.49999953280740095,0,-2.1576440034658414e-06
1130,0.2825617393609118,0.260935466729543,0,3.0828665993914765e-05
1131,0.21175883603186954,0.349228604268021,0,-8.266404918354101e-06
1132,0.07683983551617724,0.564213138730239,0,-2.546103434215147e-07
1133,0.32722234854333077,0.3699823524192405,0,-1.591473901823778e-05
1134,0.25810850631221766,0.06729864305720791,11,0.012484097249398689
1135,0.26775045001580194,0.23321832742777024,0,7.280272523139578e-05
1136,0.05300302028622949,0.2753171501475366,0,-3.6022021447757256e-06
1137,0.04801037294770513,0.5274056898634465,0,-2.7585067294225727e-07
1138,0.003665432706614946,0.1772438528250033,0,-5.843014882211294e-06
1139,0.0031793541907032485,0.5019777403928928,0,-2.2731069972751113e-07
1140,0.10339395292030833,0.057386551641226274,0,0.00015277652575660557
1141,0.003386541070983534,0.39895163056723437,0,-6.381871167210813e-07
1142,0.26437559870712196,0.22998323629375775,0,7.250725624773595e-05
1143,0.1983469834387515,0.4480344822874064,0,-2.7350638326833912e-06
1144,0.13746745178890696,0.0914488235460043,0,0.00014994428247850643
1145,0.0569352196558063,0.2715621852342603,0,-3.888547152923294e-06
1146,0.07851241065230816,0.49651729220935936,0,-5.09472203789023e-07
1147,0.3279943687745625,0.2583114583925917,0,0.0003480922451200088
1148,0.17305395858843856,0.053061446108786665,2,0.0031237835576248115
1149,0.08783441423477431,0.07931437826343132,0,1.0131814511460305e-05
1150,0.282131939882154,0.32666027394699987,0,-1.5875109469258568e-05
1151,0.2305775333798722,0.3751774965071345,0,-7.71836466029233e-06
1152,0.11463702702161621,0.06378964241205598,0,0.00019250585290808518
1153,0.22319666441819375,0.28134301379310334,0,-1.539489466522519e-05
1154,0.1985270883040414,0.3393734306851555,0,-8.006802087377298e-06
1155,0.29035359141680694,0.4546403607036538,0,-6.3667423684462965e-06
1156,0.052309439621205496,0.44558015698931214,0,-6.526450429556604e-07
1157,0.32224748636295847,0.016200540100293502,19,0.024283788621705233
1158,0.16045571021164184,0.1731695190614619,0,-9.696469463655655e-06
1159,0.3192997947574197,0.19969636528983087,1,0.0019605110468334797
1160,0.028599213944416387,0.35332484181482526,0,-1.2955624317072064e-06
1161,0.08822108780589047,0.14839585499040647,0,-1.5257116546554615e-05
1162,0.1054286096704087,0.004084245236046912,1,0.0017181738482100128
1163,0.07024063648388001,0.5704252090901831,0,-2.2401359167148186e-07
1164,0.20993465284727553,0.3803628981708987,0,-6.006731051020485e-06
1165,0.16846095363044772,0.11805451619161939,0,0.00018172927511135386
1166,0.01658368545182518,0.48237324706302676,0,-3.1616465242075063e-07
1167,0.054447395611132654,0.16026961295349776,0,-1.1079328008938719e-05
1168,0.22132123699701975,0.4290798916285585,0,-4.151451265486314e-06
1169,0.14821317003014642,0.420085132884733,0,-2.1936018828925007e-06
1170,0.2190097072881062,0.16968800398710626,0,0.00016486944397634998
1171,0.0029182863110144117,0.4966701191829762,0,-2.390769089482823e-07
1172,0.3416738987327633,0.08660995126150081,8,0.00972340185977161
1173,0.029922987717554708,0.14183833807324847,0,-1.050308865656959e-05
1174,0.2663518226497465,0.371499714132161,0,-1.1104971567621739e-05
1175,0.04246275077174729,0.4347279324739129,0,-6.593171283771458e-07
1176,0.04601860191633565,0.02086244786433993,0,4.7945297342429266e-05
1177,0.2844762766596975,0.11877348238986198,6,0.006752435757018669
1178,0.33761600145743925,0.45855433723328237,0,-9.620467214477382e-06
1179,0.26760574785005276,0.44980714113664944,0,-5.341981927910279e-06
1180,0.11392369274310411,0.24494210214735856,0,-8.80299893044903e-06
1181,0.06242186779518157,0.31998502004598456,0,-2.533921811318758e-06
1182,0.34445517110122614,0.07665053691352165,9,0.010447857580969071
1183,0.12903204896690332,0.44649549952361983,0,-1.3912465043207774e-06
1184,0.09680199438549442,0.2146702403545749,0,-9.9460086102715e-06
1185,0.26819610325659055,0.049324679017568096,15,0.016497518371247875
1186,0.2850648145144945,0.4522937119037819,0,-6.186858262849254e-06
1187,0.15016667723103605,0.466625117441667,0,-1.4048157518292384e-06
1188,0.3059361114520855,0.5208081970645624,0,-3.860000397927639e-06
1189,0.3292081683633924,0.09884689965288007,8,0.009364654881273072
1190,0.13942118712430088,0.07338630320789134,0,0.00038018581853391275
1191,0.02300171575251416,0.33724453081242683,0,-1.4388048084987357e-06
1192,0.04813879246721509,0.1337217777565844,0,-1.307240616779244e-05
1193,0.23654624808136257,0.032477143130938635,17,0.018673378036081042
1194,0.2131329583380045,0.32759718229376356,0,-1.023649139773982e-05
1195,0.2758229380920363,0.2289755824774679,0,0.0001373517384390134
1196,0.13694365028608046,0.11940201594778448,0,2.597666617660037e-05
1197,0.21069686609024332,0.5584719976522211,0,-1.0260929494202052e-06
1198,0.10369163058053663,0.12561039797002221,0,-1.300745764015746e-05
1199,0.2812664696924738,0.5322992214991886,0,-2.69365751133047e-06
1200,0.16281399893453158,0.06680550101166036,1,0.0012885074709319646
1201,0.1578491305372277,0.4977631281824245,0,-1.1110274613875157e-06
1202,0.28004522713499996,0.5235425232649551,0,-2.904081130681462e-06
1203,0.18326229804442018,0.5536435065812575,0,-8.189272474500615e-07
1204,0.2239572903998246,0.478715777830294,0,-2.59869282407323e-06
1205,0.10212655421168564,0.25660362785663177,0,-7.033779756446638e-06
1206,0.013834236487000905,0.08525617327179315,0,-1.4403024319414357e-05
1207,0.06492996056685864,0.3999646666467393,0,-1.168166350404169e-06
1208,0.16978040479019033,0.4309875725183304,0,-2.4392450453757062e-06
1209,0.2636212199658904,0.040704055793735504,16,0.018253855573946983
1210,0.09242993097650767,0.027918934515805117,0,0.0003665504157894769
1211,0.3201630269779107,0.09685195504959061,9,0.009795552904857625
1212,0.06027623478270018,0.34732162101536285,0,-1.8874726364352214e-06
1213,0.07686602457334492,0.28888843567923755,0,-3.989554702685299e-06
1214,0.2116462562127774,0.08132694967444755,3,0.003966225512818173
1215,0.33064030879776696,0.23577710639281427,0,0.0008775642625241579
1216,0.19760807365316407,0.4976106672398401,0,-1.6545853027552335e-06
1217,0.0683416246970996,0.027950803987479577,0,0.00011622362360226953
1218,0.2861438001428991,0.3205378055497114,0,-1.5503427012107382e-05
1219,0.25190121399488,0.4347361059489134,0,-5.3107535342596396e-06
1220,0.2305742914625091,0.04517074028508918,13,0.014350407180046097
1221,0.3447765069641241,0.32318000661210655,0,2.786458111900244e-05
1222,0.1154743558914814,0.368559716178843,0,-2.6477645021657233e-06
1223,0.26492079078033726,0.1794626827415559,0,0.0007212094372105129
1224,0.13239568049173603,0.009789848300012083,3,0.003775066790135542
1225,0.3263937299345001,0.15453171996752815,5,0.005583031385125117
1226,0.25973521284961215,0.3423274863484486,0,-1.3333994693517011e-05
1227,0.15406532836072134,0.4076256760218822,0,-2.6335369175078367e-06
1228,0.14079111384623164,0.06971196035608584,0,0.00047311912618261366
1229,0.2873186097983355,0.3275213367616873,0,-1.5819261301696994e-05
1230,0.03727135798742731,0.20086851269730924,0,-6.441530154929254e-06
1231,0.21101841534968993,0.5250631947364115,0,-1.4375507448152828e-06
1232,0.0480608786306667,0.36410367196512344,0,-1.4127350896762158e-06
1233,0.11429427509611,0.5644286388210854,0,-3.6930185699089447e-07
1234,0.15001121348346882,0.21814107356550178,0,-1.467209925476071e-05
1235,0.23258235815244802,0.5702738020855759,0,-1.1344444849063844e-06
1236,0.24405513595915684,0.5854864851087084,0,-1.0925641148882006e-06
1237,0.002262058492208674,0.5008668924515652,0,-2.2775319217223377e-07
1238,0.21888331229662458,0.06659074115675563,6,0.007355230163189142
1239,0.16961347540859084,0.13513828906556882,0,7.967686162662435e-05
1240,0.21587777268067004,0.22395623359458808,0,-7.469976696508943e-06
1241,0.3059058409316079,0.2794763656152292,0,4.213714218064438e-05
1242,0.05932362846757319,0.22974771205979283,0,-6.023050811679671e-06
1243,0.2845911324088824,0.28647889259208836,0,-3.765352336276572e-06
1244,0.2565195790810902,0.13464184843103638,2,0.002609028967820762
1245,0.3362822411789319,0.1502470897567653,5,0.006116121535184699
1246,0.028874479386691673,0.20807077130928056,0,-5.5270235318909225e-06
1247,0.1134707001389473,0.26801553207045076,0,-7.027866897417217e-06
1248,0.2392815092607089,0.21425371010042932,0,4.1663840852784405e-05
1249,0.2620939261475627,0.5537976309131062,0,-1.795278399161901e-06
1250,0.33432046428753137,0.5281577649082798,0,-4.752756669046135e-06
1251,0.17760024783060102,0.12003633111755298,0,0.00025196150411983543
1252,0.3444309824947325,0.43179254894247093,0,-1.284419238265924e-05
1253,0.021617495342490876,0.19210313513815996,0,-6.022181711951708e-06
1254,0.09818693432901215,0.09435235928710388,0,3.8097011206322215e-06
1255,0.317975819132349,0.31888099754105986,0,-3.4080105122393815e-06
1256,0.06919215417097899,0.45779501147002366,0,-6.836881093559439e-07
1257,0.33365491127989205,0.1955902335690817,2,0.002942685256943653
1258,0.19798304788491097,0.49846602420292463,0,-1.6466486444949869e-06
1259,0.03973339345253959,0.3594942071413046,0,-1.3613205732256462e-06
1260,0.28264017684743364,0.5967064538095372,0,-1.4350924450844867e-06
1261,0.08833827403833894,0.5034008859544516,0,-5.246170101997139e-07
1262,0.3103309476691089,0.19869802329416408,1,0.0015972727365812824
1263,0.27347651839585524,0.17567100846951447,1,0.001115841970999644
1264,0.07849377326745821,0.5791732704277526,0,-2.2288488997747517e-07
1265,0.03635198559952407,0.21058556030634626,0,-5.803392373538427e-06
1266,0.22605264062648067,0.3583846062802624,0,-8.675837032375136e-06
1267,0.26146995444552545,0.012549177335766748,19,0.02647459712793205
1268,0.2722557118240755,0.01876729622409403,19,0.024342737969346075
1269,0.13977247808748605,0.1168440411962714,0,3.9352246074347746e-05
1270,0.0037347175339520144,0.5029437479539186,0,-2.2637791681040378e-07
1271,0.20299148868009947,0.10857269523283028,1,0.001135408352707927
1272,0.1989636205673817,0.14604836715053165,0,0.0001993260545365464
1273,0.015543239977030842,0.4007411372049773,0,-7.078088547756868e-07
1274,0.222961039965407,0.033894763640493195,15,0.01636294068207945
1275,0.31316407809989333,0.44637201946563027,0,-8.585364753244435e-06
1276,0.19247492741626882,0.0021421748841727872,19,0.021704448003698563
1277,0.11903045624568034,0.41146691196795376,0,-1.786977944867868e-06
1278,0.14478464579314834,0.09410938535071496,0,0.0001873505211633845
1279,0.22207248117265227,0.46180450651577365,0,-3.019228383002914e-06
1280,0.16939291846729168,0.35042153795242137,0,-5.416127176796037e-06
1281,0.32475767484949897,0.079621520186791,10,0.011110742358742601
1282,0.08312741455733913,0.3092871015077521,0,-3.4653712260891747e-06
1283,0.34458505905213005,0.04707949351680929,13,0.014532548948791586
1284,0.2630918443916688,0.30859575113565624,0,-1.5856567078581662e-05
1285,0.09692206703726096,0.40047354444929983,0,-1.599603727613449e-06
1286,0.13639910211564932,0.5065445375259012,0,-8.214891218341066e-07
1287,0.15016333567518605,0.4179839384683563,0,-2.2841256777417185e-06
1288,0.05764338791166033,0.1023442202511875,0,-1.57479654678426e-05
1289,0.15342767007251318,0.5542608282001491,0,-6.042629021438301e-07
1290,0.06078062626046505,0.12687513728643807,0,-1.4838508950319739e-05
1291,0.17261177956607426,0.27364911055158603,0,-1.1525440201311802e-05
1292,0.007547503482803686,0.24783854373279138,0,-3.012687877662706e-06
1293,0.039370598786726094,0.512754253015719,0,-2.9297114932028486e-07
1294,0.2922423567153645,0.43820564591755984,0,-7.605987073901322e-06
1295,0.03464449750092947,0.43861988411091724,0,-5.865136732073061e-07
1296,0.17069584635561819,0.42531797872089383,0,-2.6049825713274088e-06
1297,0.2211463441551432,0.2271509734921905,0,-6.173490960917819e-06
1298,0.27452774339906616,0.0881407042012031,9,0.010174653684006428
1299,0.2800941252723787,0.4879751303493581,0,-4.140626393470522e-06
1300,0.2435348062031536,0.35867553789189316,0,-1.0167483193747454e-05
1301,0.014011025889928036,0.505708702284693,0,-2.440108311593844e-07
1302,0.21736379842636527,0.07200627568114255,5,0.00611737128569436
1303,0.3063878891876819,0.5672299728649252,0,-2.440905619451002e-06
1304,0.10737746315449766,0.48025377718206136,0,-7.997051949732102e-07
1305,0.20453014480371243,0.25003475212878207,0,-1.5814705111080544e-05
1306,0.05337610558254378,0.22695389883706277,0,-5.839709454909616e-06
1307,0.009898583596792203,0.5766724740812957,0,-1.1518094151055798e-07
1308,0.08007381686284444,0.5611060263896351,0,-2.712667764207249e-07
1309,0.0982578005159548,0.26764347128631194,0,-6.081331273047328e-06
1310,0.3094251249108401,0.04646242581312765,15,0.01629452268377625
1311,0.12601835177744522,0.3445614071244477,0,-3.7360326781594722e-06
1312,0.31788322494909393,0.24093898601243938,0,0.00047159845717202945
1313,0.2710723152689279,0.31987038598963785,0,-1.5814571458999944e-05
1314,0.1803623518043739,0.5550079979009793,0,-7.847834882023118e-07
1315,0.2707596061411281,0.06528019047125297,12,0.013614432240850289
1316,0.05799545275582296,0.37962797065383574,0,-1.335787072895339e-06
1317,0.16095861627850708,0.5711368466158239,0,-5.502919068443734e-07
1318,0.2582084488270442,0.41981019955435694,0,-6.541475257907436e-06
1319,0.32406731053673804,0.5998037525216952,0,-2.1026470268260173e-06
1320,0.22689786268337298,0.4258921854668913,0,-4.528378418169829e-06
1321,0.3081463368346073,0.19517871108677493,1,0.0016754584487273382
1322,0.2268566802206458,0.11471797242378302,1,0.0020652307388918504
1323,0.04735941951102941,0.1863513150835126,0,-8.170616686104243e-06
1324,0.14716513793112007,0.24234006466649471,0,-1.2108358121969613e-05
1325,0.3141009516551529,0.5081354397799358,0,-4.74619095817082e-06
1326,0.2009286864565574,0.2314832482832877,0,-1.4936073984425793e-05
1327,0.027621960541738485,0.26533111265128007,0,-3.0906248536953738e-06
1328,0.2622989686420755,0.3081000739446781,0,-1.5854254560032885e-05
1329,0.239771031197997,0.47245201551811083,0,-3.2379036728222777e-06
1330,0.28945481399629985,0.21681545953179987,0,0.0004186165999822108
1331,0.18169722164419289,0.3924784969769835,0,-4.031911256914589e-06
1332,0.12728190646071463,0.3953126899523641,0,-2.2802074126117403e-06
1333,0.08094226652470965,0.22329547766196792,0,-7.90885551678154e-06
1334,0.1449333864585676,0.5742217224946748,0,-4.5468953053919284e-07
1335,0.17442256334349715,0.5704270092902831,0,-6.339378723884083e-07
1336,0.11103912000677121,0.049396150057833085,0,0.0003187876460360852
1337,0.3021531635989903,0.5265129351099606,0,-3.512504209412842e-06
1338,0.20722281935153458,0.43765979831621765,0,-3.313486703810701e-06
1339,0.12642999388529413,0.31947309491080855,0,-4.8132062465982085e-06
1340,0.12581022827506666,0.018032238723257786,2,0.0021612453285266564
1341,0.29204340610718366,0.38541361681251246,0,-1.2257524325848184e-05
1342,0.201818912836459,0.5917845821966807,0,-6.730766585841956e-07
1343,0.14845752284837407,0.5986551218816251,0,-3.6888504210820965e-07
1344,0.2486604084134544,0.1864891861125873,0,0.00028660589175187915
1345,0.09299141099602985,0.21076286624397514,0,-9.95532243375567e-06
1346,0.05051442390179658,0.025036668543091167,0,4.892205073456876e-05
1347,0.2619310144264862,0.41293345430290324,0,-7.250761530398226e-06
1348,0.015898108477518918,0.43960578544448253,0,-4.815849081979482e-07
1349,0.13326819156799594,0.3543580879280777,0,-3.6420252095010195e-06
1350,0.22346441006962817,0.1857346436698344,0,9.110826091141656e-05
1351,0.3427200429211578,0.4314309642760958,0,-1.2709942031483571e-05
1352,0.08269768626544985,0.32547016998703976,0,-2.9362928117221913e-06
1353,0.2580382414114333,0.31035965499035567,0,-1.569624371261754e-05
1354,0.29345069833113907,0.2581259628408684,0,7.380481331284893e-05
1355,0.23271076897373913,0.32467211628323395,0,-1.241126661440596e-05
1356,0.24949869949718412,0.03979677239014163,16,0.01782966141124354
1357,0.2715339598582958,0.37502564273157707,0,-1.1264181789581507e-05
1358,0.04173028499652104,0.028900581582667173,0,1.762470869054636e-05
1359,0.25431555066915346,0.4116219576072399,0,-6.821822197692313e-06
1360,0.21347391764689017,0.5269746037912995,0,-1.4453214067052133e-06
1361,0.09130311588492965,0.4447900836775914,0,-9.710153721717075e-07
1362,0.18171288510151862,0.30199498644896855,0,-9.714951976062906e-06
1363,0.2651468253601057,0.5347256851412117,0,-2.2391947266136404e-06
1364,0.3271140666220179,0.26662941463049333,0,0.0002381818572701303
1365,0.1284011251399464,0.21130771327989484,0,-1.3323998938742918e-05
1366,0.03059498459450406,0.33354079612727844,0,-1.610692875467203e-06
1367,0.1818565663678649,0.1606532294712735,0,3.353646639053042e-05
1368,0.13957774201159645,0.00336287108120914,5,0.006102316988563696
1369,0.3194295427300249,0.41131274141576923,0,-1.2399014326491343e-05
1370,0.10851570170791934,0.43553121156584435,0,-1.2649277885304245e-06
1371,0.34560820503494016,0.09989847154013239,7,0.008624036933614725
1372,0.012881746446196406,0.19587115121266246,0,-5.3249064654636104e-06
1373,0.3208206656226549,0.07449496380579086,10,0.011796157547756215
1374,0.14426307833765284,0.3003264414658371,0,-6.921248230798204e-06
1375,0.2598394106547521,0.1954328532392809,0,0.000311023300511194
1376,0.24842136053181027,0.4084004030882475,0,-6.6474838406105415e-06
1377,0.13065896387497447,0.12484414144474092,0,5.981163549133877e-06
1378,0.003437990976392874,0.4836339884242605,0,-2.7378321149125095e-07
1379,0.2870460011186971,0.5999300868437609,0,-1.452003785241187e-06
1380,0.2010554851708387,0.20670077471424597,0,-5.768080730082947e-06
1381,0.037752290266053645,0.018060882073910055,0,3.248442253135234e-05
1382,0.27134490409592804,0.5275063336195386,0,-2.5598429768300225e-06
1383,0.10966557995084665,0.4740882675139125,0,-8.702133870824595e-07
1384,0.2301270126676679,0.41213054168886654,0,-5.357291704254194e-06
1385,0.26227982101831016,0.014899134759376941,19,0.02561984451735825
1386,0.31297440894072504,0.42892965763809393,0,-1.007560841005166e-05
1387,0.16064716634156348,0.33207687923969054,0,-5.954021223014844e-06
1388,0.053830118153149836,0.5414920462005721,0,-2.539474319411012e-07
1389,0.05938385538695503,0.09967893141437496,0,-1.5638015217983684e-05
1390,0.06765979309437684,0.1279395669902096,0,-1.5250254872018587e-05
1391,0.08812861840652127,0.3330974582092436,0,-2.8724089707660883e-06
1392,0.16625161157334342,0.40782996288531104,0,-2.9674299793565994e-06
1393,0.3132211573118007,0.12112992428380247,7,0.00789298307697794
1394,0.14917429001281476,0.0025719249830793212,7,0.008462128214683642
1395,0.039138491695098226,0.12262622845566977,0,-1.3278396272479996e-05
1396,0.10805581723028282,0.5822236641437826,0,-2.90434134561413e-07
1397,0.22449637646070825,0.1805545315605108,0,0.00012587364582912708
1398,0.3045801560881586,0.5233311429917105,0,-3.713992577183162e-06
1399,0.1094949471482651,0.06268296117836847,0,0.00015852626810170477
1400,0.2706391813800767,0.1446099193053593,2,0.002816134073705569
1401,0.09101572097390594,0.2624351969844134,0,-5.961764839495051e-06
1402,0.06369271316689393,0.5637705025500566,0,-2.2427075428608108e-07
1403,0.09974811798169785,0.3227266970482002,0,-3.5760889307535584e-06
1404,0.08764349074138313,0.0382253982384964,0,0.00018207535805037794
1405,0.3437333655597478,0.26290463963581917,0,0.000518428547185055
1406,0.27392655417585965,0.33168049380750125,0,-1.5429172647030306e-05
1407,0.23392693804611348,0.2609928997299203,0,-1.446473430593308e-05
1408,0.09520892133398293,0.21167000512015025,0,-1.0074198439308116e-05
1409,0.32459875240435626,0.32788123230610533,0,-5.3217523684626736e-06
1410,0.06774935909719595,0.28132343834035023,0,-3.928936002324057e-06
1411,0.021338051726142865,0.2537967396800996,0,-3.2570173281397927e-06
1412,0.16106198786857684,0.5931064804566168,0,-4.422194192470049e-07
1413,0.32874318838168887,0.24200834272133948,0,0.0006638289681941824
1414,0.13281803714557197,0.5606951999474274,0,-4.612346927549859e-07
1415,0.0629023933620478,0.07130781755005818,0,-6.932272285206017e-06
1416,0.1348770197876741,0.5155850563769708,0,-7.391698737681966e-07
1417,0.24493822279450386,0.15314319781807906,0,0.0009517173347657196
1418,0.23118968507790794,0.337563077509717,0,-1.0995193948243466e-05
1419,0.0008338109997232334,0.30292293566637135,0,-1.6250636493828926e-06
1420,0.06773803222045069,0.45221725882344144,0,-7.124818313432676e-07
1421,0.18851615385237808,0.5026426820780331,0,-1.4369849963865227e-06
1422,0.3209337992038456,0.3229678545959831,0,-4.344310626151065e-06
1423,0.03355303698485734,0.0900681957856726,0,-1.546531104911586e-05
1424,0.3029548935398588,0.07456926566224477,11,0.012401530816109478
1425,0.1904087924156733,0.11352343828696403,0,0.0005744674211763474
1426,0.1484448631375071,0.2733647684255951,0,-9.313704757224542e-06
1427,0.12446763008537645,0.024858955952980686,1,0.0015667015208483302
1428,0.12278806290275164,0.5858181150277102,0,-3.2458415301830877e-07
1429,0.11544121423198808,0.055250583386963044,0,0.0002976675298712598
1430,0.19824547456459027,0.5991726044042576,0,-6.032461347072994e-07
1431,0.006114376232478891,0.26344421529821577,0,-2.5415048141526604e-06
1432,0.2043393179696512,0.1177279465305089,0,0.0008355711511988882
1433,0.23311013077970447,0.0068065896372387245,19,0.02723753327841753
1434,0.2722377338282914,0.14961184347527387,2,0.0025303824497124624
1435,0.27126588651321004,0.1256985047830616,4,0.004752740862985912
1436,0.28457237772863575,0.08937136111247794,9,0.010517686489429716
1437,0.07789421206509214,0.05847360396013614,0,3.136740783003239e-05
1438,0.1865106964487931,0.5300357006984251,0,-1.071104363822579e-06
1439,0.2663570281366692,0.18206583413987687,0,0.0006879451381116042
1440,0.1407918012840679,0.4059723076892087,0,-2.345537820655149e-06
1441,0.03222185924437082,0.10960496920622421,0,-1.3862999502274605e-05
1442,0.08222625254876892,0.09455732551227056,0,-9.237775419641594e-06
1443,0.017685063287495445,0.46414406056265023,0,-3.835823244251754e-07
1444,0.12991554858775792,0.14095592286234404,0,-8.710894336298157e-06
1445,0.028399835750312855,0.23833479151932296,0,-4.0757864961995814e-06
1446,0.09386444941530563,0.5982566440524036,0,-2.1471975330193335e-07
1447,0.2078594229275833,0.12461339469952461,0,0.0007270446571100098
1448,0.018021054104614125,0.36756182271313415,0,-1.0110026166447891e-06
1449,0.2847936698401294,0.030324128233071776,19,0.02073499999509206
1450,0.16912448817385073,0.18324853990411646,0,-1.0389768706546171e-05
1451,0.04910063526377257,0.0884952881320367,0,-1.55932964763915e-05
1452,0.08160437012315182,0.022492080824948534,0,0.000288516476091968
1453,0.22152571939168644,0.07761650002924449,5,0.005760860605121651
1454,0.3186072816970038,0.5097492530302538,0,-4.88348751713182e-06
1455,0.3381802620609665,0.5640876579777565,0,-3.4554224323443067e-06
1456,0.0544769264396108,0.24006937218247404,0,-5.187149812285901e-06
1457,0.13063358761289393,0.15085653770595644,0,-1.2560761179136997e-05
1458,0.3208767531460928,0.16193665268902782,4,0.00475161624500579
1459,0.18375708713549158,0.0015511291184913344,17,0.019375316085611778
1460,0.2980243401810196,0.4571376356426661,0,-6.695170629601498e-06
1461,0.1840319847012502,0.23970149411473976,0,-1.552317396582802e-05
1462,0.017813164475361735,0.41926327630301236,0,-6.016241407764684e-07
1463,0.18706697267315092,0.21390133795373048,0,-1.4313970129199652e-05
1464,0.21039845402768328,0.12923366875183714,0,0.000666322028044635
1465,0.25846604731431977,0.44451786113797404,0,-5.143809978075835e-06
1466,0.31367310769636775,0.46536698386803144,0,-7.192377181739204e-06
1467,0.054620545750054775,0.16534178305242922,0,-1.0612372400492492e-05
1468,0.23968850096503638,0.2851738568849738,0,-1.5838813136966068e-05
1469,0.1971556335486482,0.5260430538715303,0,-1.2396538783468366e-06
1470,0.32381800038513636,0.31462167333672997,0,7.096472201879766e-06
1471,0.15177403883426546,0.20559822612796955,0,-1.560139720112965e-05
1472,0.09803619195370632,0.30281762890929204,0,-4.286003471872047e-06
1473,0.2805206012988246,0.20997042434872362,0,0.00039018688803847424
1474,0.13675926333078064,0.31995444070315654,0,-5.304759476950881e-06
1475,0.2141946964734949,0.5351688222322425,0,-1.3412673007519325e-06
1476,0.13458341714546043,0.5860529814427333,0,-3.642982598377565e-07
1477,0.043772192624400345,0.4236061818729706,0,-7.465749929238449e-07
1478,0.005579495810275125,0.17376601637804048,0,-6.160632213890482e-06
1479,0.34688295746969755,0.06231275161267817,11,0.01195211100462035
1480,0.274863903033671,0.354069892057535,0,-1.3660296965591667e-05
1481,0.3458498562079618,0.11767458289001743,7,0.007667433204493421
1482,0.22537124111818152,0.4169409473188821,0,-4.87436174737207e-06
1483,0.08066338281443158,0.021903022290477202,0,0.00028400441969218603
1484,0.3296246017232887,0.1498355237018382,5,0.0060233024531012175
1485,0.21843345486507493,0.28497397358557275,0,-1.4799979970407885e-05
1486,0.11245042277004114,0.48220693347178395,0,-8.249851779549969e-07
1487,0.02026439643263285,0.3185679386892986,0,-1.6873936368198499e-06
1488,0.17319783606178593,0.30641357869905944,0,-8.61345775286594e-06
1489,0.2109383638031925,0.08579664945156351,3,0.0033578678288937137
1490,0.005865805728575024,0.2404617346160921,0,-3.1888584020621237e-06
1491,0.23423315752887963,0.4373403959092799,0,-4.346517448672913e-06
1492,0.1679768832359921,0.48229978741078783,0,-1.4346934283172612e-06
1493,0.3439541772883048,0.19501873407537199,3,0.0034775632058830974
1494,0.0800912204042391,0.4207210676738731,0,-1.1043910081493981e-06
1495,0.33223454749471615,0.1319712673115265,6,0.00721331244171101
1496,0.27339314393144126,0.10154725685180215,7,0.008127607895103492
1497,0.29941747928438645,0.27025690621516624,0,5.079163885082173e-05
1498,0.10292843083100947,0.4405304362089018,0,-1.1379762644248595e-06
1499,0.02451553379520025,0.31064338981435735,0,-1.9056764751347421e-06
1500,0.242666032224036,0.35953852262957214,0,-1.0009323693221427e-05
1501,0.20856005540914307,0.28742447290517575,0,-1.3702825850058656e-05
1502,0.30596265512794124,0.038869323008664525,16,0.01799933697741196
1503,0.08266284447204487,0.18633965952134365,0,-1.1283034394994401e-05
1504,0.3067760592993798,0.39665040578499183,0,-1.260262263055012e-05
1505,0.10479151885988075,0.35670514229035793,0,-2.6793653324349833e-06
1506,0.06316946740279795,0.4923100107171954,0,-4.5587341918679843e-07
1507,0.2643626997967544,0.564167814114935,0,-1.655588027317217e-06
1508,0.027899189323344977,0.5177264546993334,0,-2.485808443097541e-07
1509,0.16002717788418827,0.3534486354997181,0,-4.792293603815146e-06
1510,0.14065306974659425,0.5698015971359169,0,-4.5535508180432546e-07
1511,0.2798980959397214,0.5369605323088398,0,-2.5364086455816117e-06
1512,0.14894792608295795,0.5552860197776361,0,-5.719408711479663e-07
1513,0.20749204244405295,0.4947245484081744,0,-1.8794478644377436e-06
1514,0.2787549496077285,0.23844587336343379,0,9.843801031773657e-05
1515,0.16623202200853776,0.12186007005068927,0,0.00013533272401452682
1516,0.03893696639376405,0.39746293514876974,0,-9.239146929639072e-07
1517,0.14562800867516046,0.4324253849547555,0,-1.8897680443215172e-06
1518,0.1512726206468776,0.05287640007251832,1,0.0014397926558743141
1519,0.26782717578300935,0.11039703697007694,5,0.006357658717681467
1520,0.22673676523735103,0.5916481628413433,0,-8.642755130131055e-07
1521,0.15090807090591699,0.001768006989661508,8,0.009143575077312014
1522,0.0830825676345123,0.13199287327128,0,-1.573450284811656e-05
1523,0.017804529043732878,0.43882116416694866,0,-4.947102452654618e-07
1524,0.0028605202608617485,0.38338879176613183,0,-7.417408234032265e-07
1525,0.15636789747108706,0.07229168543304129,0,0.0008044521219751191
1526,0.09823657097973618,0.17477182504930175,0,-1.3935342997317226e-05
1527,0.14476137424253172,0.5760673027333212,0,-4.456095523889738e-07
1528,0.0004998197194522602,0.431773508300081,0,-4.4656380748437096e-07
1529,0.08702548856060481,0.5370884723392415,0,-3.6970146783147873e-07
1530,0.047270652927370496,0.0879356434020649,0,-1.56496531887133e-05
1531,0.1825116945238084,0.4748256888439315,0,-1.787241920041514e-06
1532,0.01255779175902903,0.4553622913419911,0,-3.9788087760931804e-07
1533,0.31936017226722835,0.06696470117767017,11,0.012719024784789751
1534,0.09089021793244621,0.5675646984542154,0,-2.8330948742468104e-07
1535,0.1564888470922564,0.33385663269535926,0,-5.61659635055875e-06
1536,0.34639828477830215,0.2519674492256413,0,0.0008308280773772302
1537,0.019058310596013497,0.38958228831850134,0,-8.196432922958855e-07
1538,0.16505445374954633,0.30260913971511044,0,-8.267738691583529e-06
1539,0.22831710904807412,0.11979149250471721,1,0.0018134626403701903
1540,0.006023552767778983,0.20871067791405948,0,-4.381266349063886e-06
1541,0.11704825379582229,0.3004586918327036,0,-5.295288410280045e-06
1542,0.06022289023724273,0.06221708620080235,0,-2.0323800713592263e-06
1543,0.19058530490135958,0.1528022399491392,0,9.412284678717608e-05
1544,0.25598722258504925,0.3591830605807991,0,-1.1296739548421854e-05
1545,0.09711427109419789,0.2794367106493696,0,-5.354201157602502e-06
1546,0.25395721700505886,0.20029530339499893,0,0.0001946205141611557
1547,0.16272464186502197,0.006573389253296624,9,0.010854079305754688
1548,0.2210860125571938,0.21893029587735968,0,7.121484509760922e-07
1549,0.34038943344034556,0.3996877458131628,0,-1.5347358545493233e-05
1550,0.03710333982575571,0.5412354209742991,0,-2.1542667569717005e-07
1551,0.0693329388867351,0.17843103529745968,0,-1.0764016353450226e-05
1552,0.011830491716504554,0.12723288313105433,0,-1.018133786986029e-05
1553,0.14163793225790788,0.05522132368709785,0,0.0009003283919157819
1554,0.019450993448913267,0.21445243435602612,0,-4.7277871915571525e-06
1555,0.00528859449921592,0.009543327200565343,0,-3.832807675001475e-06
1556,0.08623935493077929,0.010430410580022231,0,0.0006035618449542595
1557,0.24553107394008827,0.21335879680832598,0,6.509778610325232e-05
1558,0.0019448954519618643,0.5243947979507411,0,-1.794359552255167e-07
1559,0.12596031713340267,0.27077591827778696,0,-7.71875897577851e-06
1560,0.18949262467425196,0.5202137359964627,0,-1.2173070421692737e-06
1561,0.1477815527353904,0.31604027304383425,0,-6.143736377739957e-06
1562,0.1449024392933184,0.20766364417367172,0,-1.5085051011478608e-05
1563,0.01681720579805755,0.13702504493630294,0,-9.745330954992086e-06
1564,0.17994656476599658,0.1976094094273976,0,-1.1848822290826966e-05
1565,0.09813826126801578,0.5772047762894518,0,-2.765869541624424e-07
1566,0.010532783450280997,0.5134768941881959,0,-2.1806342871145418e-07
1567,0.10352326158403141,0.026891612611545934,0,0.0006182817608061478
1568,0.27613720107044093,0.5848849439738004,0,-1.5136558882990154e-06
1569,0.008670060116471805,0.0610717088438774,0,-1.5639727855749068e-05
1570,0.024578336325519548,0.105453120123098,0,-1.353273172285387e-05
1571,0.2093052345011585,0.03866907584366168,11,0.012321997191246988
1572,0.21655574273835304,0.024527447858830764,16,0.01827327707044713
1573,0.0784828502410457,0.27944418289839024,0,-4.453024557364592e-06
1574,0.11372736674327977,0.005142526556788951,2,0.002270033235174731
1575,0.13656057222703952,0.10870105988032885,0,5.4881127715324344e-05
1576,0.1917495630063928,0.4147435704370596,0,-3.5697084948639325e-06
1577,0.040257436095041184,0.2696116422238776,0,-3.35867243074643e-06
1578,0.16195622753149394,0.36208092578962087,0,-4.483924166809016e-06
1579,0.18993998242128554,0.29087206638061114,0,-1.1532352035249095e-05
1580,0.007833441489220772,0.5694688063691388,0,-1.212567137641868e-07
1581,0.09393949096245398,0.2796092411293271,0,-5.18029382019888e-06
1582,0.13556082322217342,0.21749614913789922,0,-1.3417382507650857e-05
1583,0.10486572076768344,0.3993397932246027,0,-1.7513287480007943e-06
1584,0.2596911048120403,0.12838915470946893,3,0.0034224177469131746
1585,0.23593728814294815,0.02456966091812065,19,0.021027691471052375
1586,0.32991418658143384,0.13951955701239535,6,0.006730689786389064
1587,0.056963884098698035,0.011200677813127323,0,0.0001537086211302178
1588,0.0729124535098839,0.47648471331333,0,-5.88612103295135e-07
1589,0.21733481936412438,0.18881987754450397,0,5.3608693317979714e-05
1590,0.0950902335753225,0.5810712937965707,0,-2.58119468290433e-07
1591,0.2813805511505247,0.24340136561153322,0,8.66997348509768e-05
1592,0.0759233349960077,0.3852056394283238,0,-1.510980415878311e-06
1593,0.22228245631857121,0.5078242340264342,0,-1.9109030511675545e-06
1594,0.1663784260351185,0.014481860994628403,8,0.009357205582954237
1595,0.2807744143495257,0.3758844949328678,0,-1.2087107996704812e-05
1596,0.3456853677879284,0.4474603412549298,0,-1.1411723005209999e-05
1597,0.1855640474182108,0.28543892841735596,0,-1.1636983218011562e-05
1598,0.254381050830142,0.5489440863753017,0,-1.7450052294745223e-06
1599,0.09708500768279527,0.5574002531640806,0,-3.3363402914040313e-07
