,X1,X2,Label,f
0,0.33039180979290417,0.030926200489101816,17,0.01898729463239758
1,0.2519180008305596,0.35276883163273204,0,-1.1526807225902319e-05
2,0.09285527011314332,0.07556392896171457,0,2.6171607597843624e-05
3,0.035637226157836176,0.04441482624625581,0,-7.1103760465818814e-06
4,0.11740723764736209,0.4801959971808148,0,-8.844475353444535e-07
5,0.2717426167215825,0.5048945493627096,0,-3.2203354635904683e-06
6,0.01416953236327212,0.38299825508499874,0,-8.336994730391507e-07
7,0.2958298701744642,0.06309846232469449,12,0.01405946774486814
8,0.33872999822205996,0.32672960944767176,0,1.0602646062394317e-05
9,0.30605139139407944,0.1444791767304093,5,0.005456493151358652
10,0.3334414825199035,0.24955286198125354,0,0.0005928016803889068
11,0.04891102473833764,0.56547889499564,0,-1.9021041222857332e-07
12,0.0013438908170670116,0.4622327804462594,0,-3.3209670113741597e-07
13,0.347778453511377,0.5398952831491054,0,-4.8325233578546425e-06
14,0.33357257284983705,0.11615278825695446,7,0.008127261551486279
15,0.2727012089684157,0.4427468623523145,0,-6.020249263001763e-06
16,0.19648221791052944,0.5675370962777786,0,-8.132414061483828e-07
17,0.09383938909057336,0.33731520994555375,0,-2.9152850403305946e-06
18,0.3114517898204936,0.12810120099894337,6,0.007243333428398408
19,0.17497479890963274,0.5084920667323838,0,-1.1840554940039744e-06
20,0.299162637016208,0.09031756221835423,9,0.010687386278480513
21,0.21003687403507704,0.202486834732049,0,7.224406096018535e-06
22,0.31608527663961,0.030924947865179492,18,0.019568201931988025
23,0.23045797668346318,0.30014492964457845,0,-1.4538063302347651e-05
24,0.16414429707552783,0.3680399139891546,0,-4.318969771474376e-06
25,0.27902726691489654,0.10857229989000787,7,0.0076248154071354955
26,0.15280402268357188,0.27848531024439643,0,-9.247334138793653e-06
27,0.06596206848188821,0.2723149905644714,0,-4.2215553358916324e-06
28,0.09490741421254327,0.4197633005347364,0,-1.2927896217361594e-06
29,0.17918587898625674,0.44807763007155044,0,-2.2586377888068668e-06
30,0.005942968130983747,0.27453682262018303,0,-2.271057740507095e-06
31,0.3380678401599606,0.03522153865213242,16,0.017496808946843998
32,0.26948091656625306,0.18322396151147366,0,0.0007370944623843253
33,0.28567663322599973,0.3646878399327282,0,-1.3677316332361589e-05
34,0.34466515950324295,0.4194159546804331,0,-1.4073278582142462e-05
35,0.07926880250826748,0.5195242275328187,0,-4.078372166599701e-07
36,0.29876180812152003,0.09967476714967083,8,0.009681848834477765
37,0.2871232639949158,0.22563593961975115,0,0.0002641482686708612
38,0.34835444514602787,0.08519216951318515,8,0.009504471395646386
39,0.1189437087596473,0.5920612755741403,0,-2.934563912966362e-07
40,0.2341994833157144,0.39606272736212067,0,-6.528619179307828e-06
41,0.059687186416443765,0.4642495329697982,0,-5.829095161931395e-07
42,0.01812232096700042,0.5180237592202889,0,-2.247824187693794e-07
43,0.3419321382533795,0.24695528674579478,0,0.0008559354347379246
44,0.3412022186006464,0.20540929922962656,2,0.0026994901270899108
45,0.3353102697431706,0.07205892452133907,10,0.011375888071251016
46,0.29949692508402653,0.2782481729655885,0,2.920235886010121e-05
47,0.32480892138676315,0.22553331018015216,0,0.0010327534298718826
48,0.31116231612164114,0.05088344295831724,14,0.015422878453518418
49,0.29897277085706553,0.018683890940711233,19,0.02397070157430176
50,0.28790330676988524,0.020102198927077514,19,0.023723785305278352
51,0.2934449558219176,0.12010978713290389,6,0.00722093907623381
52,0.3357097828235551,0.05199335158394212,12,0.014077662825699376
53,0.00881884806937465,0.21944243435885388,0,-4.048837678083388e-06
54,0.25679808773920487,0.233977432183597,0,3.489703424348072e-05
55,0.2868916657044085,0.13223309443327363,4,0.005366409261889916
56,0.2655479495355854,0.07419274900442094,10,0.011802593846517865
57,0.2524169636420465,0.012035675022964994,19,0.026415999008078214
58,0.08396581547256353,0.18958089724295535,0,-1.1095306884948251e-05
59,0.13318296372604294,0.008285282972478852,3,0.004105974026415361
60,0.14432514777317823,0.006010338478667443,5,0.0064784701119165
61,0.1707249709274824,0.10104362981297213,0,0.0004332682407322941
62,0.05143090781891943,0.06404362657227426,0,-9.315271976819719e-06
63,0.015439032352976249,0.1535911007707012,0,-8.23922471954065e-06
64,0.0709614126862994,0.0013214143989607081,0,0.0004651304324012261
65,0.09460607581200815,0.013927707452138446,0,0.0007390867443353786
66,0.24691821534206249,0.13109869261464213,2,0.002213327863743085
67,0.062127545558168344,0.009909288058081375,0,0.00021046791805579508
68,0.2786200220308671,0.5855779243718383,0,-1.5408885609948492e-06
69,0.1353002202950293,0.10511261160776667,0,6.34497801980573e-05
70,0.19444537313611998,0.12674375120207676,0,0.000388156395961276
71,0.09640148730994043,0.006059463199862776,1,0.0011060439348714618
72,0.21247762998188738,0.05231462652547225,8,0.009352780753395677
73,0.20889202864609857,0.00880912286355394,19,0.022769584740181304
74,0.17498497937388752,0.003952634149670647,14,0.015546945855760061
75,0.10611992172121822,0.04478153369871495,0,0.0003153473604427097
76,0.02640889093268892,0.3255378636261374,0,-1.673414384677252e-06
77,0.12962177777547265,0.22441971023260981,0,-1.2148692821534053e-05
78,0.2872900686793109,0.16250053835330638,2,0.0025545173056393164
79,0.17483437701827156,0.07003394297843346,1,0.001774558142339737
80,0.1605544428748259,0.16035076129687437,0,-5.914640414923875e-07
81,0.19198875965892895,0.09493318250221253,1,0.0012806081448298965
82,0.3443264621578464,0.2428448153115631,0,0.0010511453195066673
83,0.15439041063430778,0.03490176953978326,2,0.003204507678094698
84,0.34930579111010446,0.2590354291811874,0,0.0007163803498997118
85,0.2967233883600301,0.16644925092087418,2,0.002866382911789141
86,0.34843456920099564,0.23950616374459138,1,0.0013043982141084558
87,0.24786280744611444,0.0029055424465074917,19,0.030007117441984345
88,0.03231028148625465,0.003548742986063257,0,6.062755027966555e-05
89,0.1333623125016777,0.009264821184007718,3,0.003983646471712954
90,0.12977352668183192,0.026199354500602044,1,0.0018212712046183528
91,0.3441816827004532,0.0883897081182783,8,0.009464969958402802
92,0.2729119148480376,0.09827787208846618,7,0.008558924814728848
93,0.26048086725676156,0.0437743754438541,16,0.017458069284256864
94,0.23848230226550501,0.08912812460856889,5,0.006162489688982568
95,0.2948964632571247,0.13120472998114868,5,0.006084067105615533
96,0.21236215827997745,0.10533207199163303,1,0.0017846465959821883
97,0.29108330620138895,0.1477149480129395,3,0.004086072190409149
98,0.2017393221275039,0.00017380167453527606,19,0.025062379654544695
99,0.3242324325359529,0.17760162516535297,3,0.003701852930748787
100,0.31076558000931165,0.05163992767919727,14,0.01531061466934496
101,0.22765371836653095,0.05797342354651116,9,0.01067035658998851
102,0.19629408621296698,0.0035394114501676593,19,0.02210688606137717
103,0.3350367337809822,0.19007562812505804,3,0.0033806355988554113
104,0.27517604639669585,0.030737988025731966,19,0.020763336866692735
105,0.10785734664617327,0.00674353965373746,1,0.0016976380218831771
106,0.2677159609080444,0.07517264487606634,10,0.011782006593984653
107,0.34627532303688174,0.21343752664960744,2,0.0024667239820474847
108,0.18843868388363424,0.10020516471371821,0,0.0009124604313801064
109,0.32421348828224944,0.49095292904402144,0,-6.209834528129753e-06
110,0.22524029434300377,0.475759662508101,0,-2.710942690377314e-06
111,0.0636837880869209,0.1190552720323319,0,-1.5521534960358885e-05
112,0.31321456503305856,0.19111395981106613,1,0.0021501577850946895
113,0.28566944254002313,0.18857405221589044,0,0.0010577201654506296
114,0.34906488409266434,0.23711029073681808,1,0.0014217851108566432
115,0.21760407064180295,0.05935130036675526,7,0.008653646287645292
116,0.1984464578828605,0.004243951319249234,19,0.022347546034263026
117,0.08926706977323387,0.02544134756086295,0,0.00035605284619240476
118,0.1320225062753476,0.010443427019280187,3,0.003634905907613122
119,0.15433430492239839,0.05110189216947174,1,0.0017314657612200576
120,0.2033408836590861,0.08048534314471241,2,0.0031822585185486327
121,0.12916799503265736,0.02806636079623827,1,0.0016527093888605595
122,0.1124671342907609,0.016968030598166223,1,0.001345978429448247
123,0.29655573349473385,0.059894561742634855,13,0.014511524455444647
124,0.2251689334558519,0.12116257233881346,1,0.0015545649961955775
125,0.34418634975003326,0.23489664532648905,1,0.0013365318057078422
126,0.09412626940513581,0.006648609906072476,0,0.00098380881591222
127,0.34975925824005416,0.26442232168311924,0,0.0006023068285963443
128,0.10957709997292801,0.009770034930521133,1,0.0016074475920712502
129,0.3097270738269576,0.008988750995258352,19,0.02771700308875268
130,0.23781658986668192,0.1085632250214303,3,0.003496998561894146
131,0.3378148429858041,0.054565663407319366,12,0.01354839400039348
132,0.24061515359637503,0.13608952595636872,1,0.001528609942243866
133,0.30320041641846696,0.10870006455762,8,0.008842450535884587
134,0.2783350806347553,0.11961116665616461,5,0.006136353424990285
135,0.13257059650352016,0.04805961684628689,0,0.0008403456405338723
136,0.14385073918421692,0.011526359123194323,4,0.00524692397140561
137,0.0015061826081292041,0.09452191251569705,0,-1.234228229208115e-05
138,0.3402039437182177,0.06645690584716793,10,0.011766851467905935
139,0.34118616555146636,0.21117343848823147,2,0.0023608000644250323
140,0.33855426725141136,0.08492921857943594,9,0.01000860993420403
141,0.15718849010193098,0.0024609895866872025,9,0.010655090673403868
142,0.22286567441226232,0.02190306480100057,18,0.020257122996322038
143,0.2755490376450208,0.15474533757905562,2,0.0023675865346849613
144,0.16770816871959063,0.019520662009023304,7,0.008278944896895419
145,0.322991730134943,0.16334190821671438,4,0.00474659595800908
146,0.27934586062040995,0.057263386577089855,13,0.015152012020370307
147,0.2979149787774778,0.06671669924629631,12,0.013508694484188706
148,0.20581003956059465,0.03577842757779043,11,0.012429965794243693
149,0.20475331861627138,0.014266209118554127,18,0.019625909754449614
150,0.34691030523680355,0.25136779813829696,0,0.0008609705534441305
151,0.14852345510642181,0.030727150740005336,2,0.0030476975755072077
152,0.1407751791588286,0.03849473048016643,1,0.0017035938852166769
153,0.24771719158905273,0.16148063646800642,0,0.0007665576292479656
154,0.2059742080166919,0.10833936471516725,1,0.0012767776663541197
155,0.3356517325242946,0.20646020250671324,2,0.002369538720436916
156,0.2840340770183321,0.012177126700838462,19,0.026689647065839723
157,0.22056594519189754,0.1003790600189931,2,0.0027649978163388753
158,0.22698189557847953,0.008985841457146954,19,0.025669750312778176
159,0.17217341636043829,0.03174499353363948,5,0.006332953378743358
160,0.23416450385139892,0.12224392080358838,1,0.0020109488670391413
161,0.3068288134982766,0.18553146925075234,1,0.0021518586676554804
162,0.17099369534296077,0.032555329567285636,5,0.005955247590899044
163,0.3207483115382793,0.09947426223492095,8,0.009574742748990577
164,0.12945287550231505,0.5387183448628696,0,-5.556064063030705e-07
165,0.3384290237662447,0.1534652019905658,5,0.005946966980864666
166,0.11648753226151341,0.003453327641032917,2,0.0026925300161726503
167,0.23983515785702342,0.045974569955995526,14,0.015377471692633354
168,0.16558953166515453,0.06465441883113782,1,0.0015551096008135535
169,0.34719882944198177,0.15293365393726388,5,0.006015101622489808
170,0.2333391965058611,0.030618842887355682,17,0.0188589334434868
171,0.21593384737821117,0.05410771640034265,8,0.009558548512508614
172,0.276050542150997,0.1819224671397747,0,0.0009727597311089965
173,0.2979457949918842,0.036844916160628176,17,0.01875254920163009
174,0.09993373658518762,0.00869413140849363,1,0.0011443544903951487
175,0.21794855316830458,0.13154361859220928,0,0.0008113687726551261
176,0.2856049678206384,0.07993609304425699,10,0.011801338585108716
177,0.32782618107049655,0.13201688278321147,6,0.007214593871256625
178,0.2635616426243399,0.06093532225313769,12,0.014067342062724754
179,0.3448086528078492,0.13130699559342868,6,0.007061880143410272
180,0.1673143897310713,0.0008125819781051244,13,0.014378469972945007
181,0.33776925379686173,0.1891333289813951,3,0.003578256440445813
182,0.3310490780915552,0.12973357441116756,6,0.007356527321723664
183,0.33577210688112286,0.5931981009474433,0,-2.523658391293501e-06
184,0.32852299237555094,0.13825673372582709,6,0.006801221971288845
185,0.14097397839174947,0.050160355183738826,1,0.0010778268965091335
186,0.1869305186793655,0.058247511469896145,3,0.00407362348498588
187,0.135305234873557,0.004709110405746078,4,0.005041328812802856
188,0.1865617792225873,0.004563671242777748,17,0.018877933834318746
189,0.12744115219176744,0.055599927704565844,0,0.0004943470852943202
190,0.32062420216590237,0.05757999362703056,12,0.013926816296090421
191,0.25964056319116896,0.15891106610446587,1,0.0012779582333918538
192,0.3256475343780647,0.22610457388983832,0,0.001039582479466983
193,0.10355736000685653,0.012810596933396737,1,0.0011177258186805628
194,0.2334717569587096,0.11532666680260567,2,0.002486685662500339
195,0.21579797129005487,0.04197809663002416,11,0.01267721979085056
196,0.33279987765156716,0.1983648289857933,2,0.002720518511445213
197,0.09401685100517386,0.008847148648439116,0,0.0008934308866555663
198,0.2646758895606192,0.055145360833190146,14,0.01523283140905823
199,0.3043909436956043,0.177713469450136,2,0.0025226762329956004
200,0.3173058920479576,0.1506383293229387,5,0.005514084463157209
201,0.2730824287027983,0.13408333050774857,3,0.003993707152705351
202,0.14509504470747778,0.03669845258561077,1,0.0021468138922145765
203,0.2538935265681831,0.11850371946644112,3,0.0039363029555837285
204,0.32153073391390236,0.07875237758123774,10,0.011331180942798445
205,0.3363862752647166,0.19433663642838594,2,0.0031631551295355997
206,0.3428752200813728,0.22324504361639858,1,0.0017994312774524015
207,0.3304980406657572,0.15372671203242735,5,0.0057722400335954134
208,0.27601367300768315,0.17082089549163754,1,0.0014320612587796215
209,0.1181662009065137,0.0178671802902185,1,0.0016231839226844812
210,0.23026180226913057,0.07889243755854528,6,0.006771357362925603
211,0.3420597198503366,0.10528344508040151,7,0.008462058762148722
212,0.09277607629168662,0.0002705520197627369,1,0.0012131372692973051
213,0.13774489646709678,0.02747630223407657,2,0.002336481250266841
214,0.2322080789500226,0.02048591983221512,19,0.021985795928069703
215,0.3086719504001841,0.01889903436500226,19,0.02363591564744906
216,0.18532250860783847,0.07107862281992776,2,0.002464889776641585
217,0.32061854118918276,0.16374670445557396,4,0.004590527118023
218,0.31917837464053395,0.08818895803821067,9,0.010546464982862833
219,0.19114903047500983,0.09941439995242556,0,0.0010432922173447049
220,0.2603916061524053,0.026857208414385235,19,0.021741801129631574
221,0.253087425846103,0.11680323027345421,3,0.004050153174322817
222,0.34835440439134896,0.23228303713604337,1,0.0016006415706219465
223,0.17978792361248955,0.07497747184315291,1,0.0017588307740596775
224,0.33206330246859034,0.12031683996404416,7,0.007913956100733926
225,0.11026933158843687,0.016928311023507604,1,0.0012354433787334555
226,0.3044124745203885,0.08209015129580961,10,0.011525868295173622
227,0.09217172400428625,0.003140557012928735,0,0.001051119625970028
228,0.30549575202279733,0.18995216805301077,1,0.0018269711787490632
229,0.22137645592040198,0.07344021848525989,5,0.00645398128922184
230,0.15717577370911778,0.07456560113726132,0,0.0007567225201457608
231,0.18016053380608726,0.008459128238557809,14,0.015309712260910954
232,0.16505749252840213,0.04191406251080321,3,0.0035691162272980634
233,0.16375281230883548,0.011907288320310842,8,0.009451463262063175
234,0.3372091083664336,0.09456901711014154,8,0.00934450228094593
235,0.2676553037704942,0.12596890027752863,4,0.0043889680690349315
236,0.276728646846462,0.07661093690403928,11,0.012018514300829007
237,0.13223926444489062,0.03933116132173077,1,0.0011853411605308214
238,0.26020100880106006,0.14254117464740296,2,0.0022570086705306527
239,0.3482224032636795,0.2483307032081702,0,0.0009883083265913725
240,0.29959663294562616,0.10680592963741967,8,0.00894904755989903
241,0.12624213890898944,0.038316425028934134,0,0.0009736774780142041
242,0.23079729685333603,0.0614019584176467,9,0.010383731608984904
243,0.3377769855359594,0.2323626221287799,1,0.0012120722838569653
244,0.18097538296143084,0.021568191699816296,10,0.010903698645395464
245,0.2792898514340522,0.1577970434510068,2,0.002386460460652487
246,0.09814975560430679,0.010013529241308187,0,0.0010079074556220327
247,0.19286155700968985,0.06540131283771144,3,0.0038378445520520664
248,0.0918169667932655,0.0012263809940955693,1,0.0011216963775658553
249,0.3171354072352486,0.16102637375402354,4,0.0046235897774697205
250,0.30119262211789594,0.15494390575049488,3,0.004145167590150078
251,0.22399615770481782,0.07596653009720279,5,0.006389664544033748
252,0.2046548037724966,0.10712672247468127,1,0.0012747264755727725
253,0.3356668831083285,0.21096334190193364,1,0.002115407331785773
254,0.23734695157664523,0.0785558493872623,7,0.007834914241415166
255,0.20935192180737003,0.05476578569704049,7,0.008217633278516328
256,0.27543339206468365,0.18007249483626572,0,0.0010182299989468483
257,0.2970555898923897,0.0804808555968656,10,0.011799944353260185
258,0.2450747466613883,0.15316430579229487,0,0.0009555978677787535
259,0.3358512663585204,0.045161339874857084,14,0.01533317187647712
260,0.13094470243587328,0.03353610660918326,1,0.0014230282372610442
261,0.19773315586129425,0.10769443084898545,0,0.0009661631459695068
262,0.15996548784159142,0.03295142879349295,3,0.00415422514948838
263,0.27825440755425834,0.17755987928309597,1,0.0012207405075034179
264,0.27336447804756175,0.05603514253956629,14,0.015310867378544446
265,0.2431858863861253,0.046426431509162286,14,0.015633473052022832
266,0.25202873785963575,0.14771474409710147,1,0.001476328851170757
267,0.141121163709189,0.04903178025365793,1,0.0011346896571389003
268,0.22672413404639968,0.09280550652269044,3,0.00420168475103268
269,0.23686097088068875,0.012169973809130583,19,0.025434379825181413
270,0.23277294876176055,0.0314655807049847,17,0.01853438030012322
271,0.32810297961016277,0.18013915155973617,3,0.003723670582108187
272,0.005334300475597481,0.5986237603696103,0,-8.835826819209884e-08
273,0.2929359601478201,0.1169287088303631,6,0.007552416419681518
274,0.13008314440214505,0.010556232469566863,3,0.003376595534685408
275,0.29883051827363377,0.12515884351046472,6,0.006981728485445789
276,0.1986039149899953,0.04571271999840969,7,0.008281223845046452
277,0.2716105476458211,0.17260606487472555,1,0.0011692017670565356
278,0.3184645000733714,0.1025549167233036,8,0.00938420416306457
279,0.24810637572987465,0.15122960734378824,1,0.0011415218957974936
280,0.29628080217850555,0.19129401302957408,1,0.001346884743394413
281,0.14343109978310079,0.01992829317353141,3,0.0038098152933864677
282,0.19037794582416825,0.08963776610484096,1,0.0014782212097068617
283,0.3476882465678505,0.22242507589642105,1,0.0020445039388793805
284,0.13536292592032215,0.04635168899097525,0,0.0010081197148004194
285,0.2802152450595779,0.04326677337913401,16,0.01777924096133268
286,0.17351765467131713,0.02924187337053369,6,0.007137675828737408
287,0.27864219050971567,0.08825057215646874,9,0.010401667621936865
288,0.1247893243139161,0.02413407002252063,1,0.0016329198466506544
289,0.23011840420129676,0.1104226459419485,2,0.0026440923864138304
290,0.3221982938642392,0.1878663277063767,2,0.00284722649317539
291,0.32792578286788643,0.048012560698632134,13,0.015164468088902594
292,0.18255818552677655,0.08072373071498001,1,0.0015631591725865962
293,0.27143225185251674,0.10232986339932101,7,0.007842283227466355
294,0.22616755516520043,0.04780033711420708,11,0.012954548919368111
295,0.2981903833299013,0.19744058655146138,1,0.0011632680404981206
296,0.30545617945084763,0.08926238866496565,9,0.01076605352505452
297,0.16867524628773786,0.04836533036274728,2,0.0031938184730697055
298,0.21167281878930932,0.08427578760014365,3,0.003607926908758318
299,0.17693355166824873,0.010930906804491741,12,0.013409448105494453
300,0.2051269936034672,0.03081816513465839,12,0.013806829430375792
301,0.2595750273585251,0.1081257097203382,5,0.00581618089981599
302,0.24263016010651342,0.11400662752413072,3,0.0033710551545124887
303,0.19009900781396577,0.06400987712684567,3,0.0036940178603519507
304,0.22114138992819912,0.14334841044875576,0,0.0005725565597700315
305,0.21699962586003713,0.07004080961824286,5,0.00641187602763824
306,0.3497708784607302,0.25214195636607706,0,0.0009149093009821984
307,0.18821613230247075,0.007309041060575186,16,0.01817522438990308
308,0.1966026754904205,0.011676928363474115,17,0.018667002366849643
309,0.28170915224458554,0.10690661862094591,7,0.008049346128939565
310,0.20098212166308296,0.10877056336075051,0,0.001046167684013993
311,0.3007685030708007,0.08895663329424501,9,0.010833047190156599
312,0.19558606682123747,0.034460777526891376,9,0.010555867354129845
313,0.2902736841298891,0.04390586857708759,16,0.01745859418182645
314,0.15962857818202023,0.02870284235386311,4,0.004775647934163455
315,0.13880842807786287,0.016403280542391128,3,0.0036956928502601483
316,0.27169476004380366,0.15613033321106454,1,0.0020372433120830796
317,0.26935757090338286,0.018186602873449465,19,0.02453653383475506
318,0.21731101238082584,0.0639862997373565,7,0.0076222689388021824
319,0.27967462151472366,0.0994022648918606,8,0.008910873119162093
320,0.3196690728159481,0.2099520493376631,1,0.0014627022514517541
321,0.2217466564440254,0.01218875795911678,19,0.023679442447384423
322,0.258216566961305,0.004302825259349667,19,0.029805344795055623
323,0.2133686515107652,0.04114918382379551,11,0.01243637125791048
324,0.32584093086625,0.10112826364681135,8,0.009312190975957195
325,0.28177957386775926,0.06118071249949039,13,0.014506949914927882
326,0.32146099333778594,0.18153482240958033,3,0.0032531053234500827
327,0.1378915576907336,0.05884687101277026,0,0.0006656649037784223
328,0.17062225136748776,0.08874984245281567,0,0.0007226715349426103
329,0.3159720758970803,0.1410731678380498,5,0.006272482277059579
330,0.27565920460644616,0.024655390217649592,19,0.02246226369274097
331,0.14381724999481496,0.013822744938367637,4,0.0048253353610231186
332,0.22159644329996456,0.06602505603859933,7,0.007903348612028281
333,0.19739035364691948,0.04418055923617831,7,0.008406709700249766
334,0.288798903900781,0.09645697250712511,9,0.009776128899593565
335,0.16160732264236874,0.0375485404664204,3,0.0037209509647809697
336,0.33180194698641047,0.11183954494300853,7,0.00843220891216897
337,0.31573907285698116,0.05430045310842731,13,0.01465588106494945
338,0.24789216960405122,0.0796128320090954,8,0.009047830309740391
339,0.2634627098176131,0.13050472989249295,3,0.0035341305559431183
340,0.28965661974092466,0.027251328142986652,19,0.021471316352732108
341,0.11453176106841534,0.07535627300452433,0,0.00010682229919963707
342,0.17677925091152502,0.082067234978155,1,0.0011988956391849506
343,0.24254903185917626,0.048036001541327644,13,0.015170007154732346
344,0.14452399493836707,0.06332412117913656,0,0.0007236392768544931
345,0.34738410810553566,0.011863080506065424,19,0.025520187255086098
346,0.17037181144341515,0.019330494301713023,8,0.00895146808164763
347,0.26193474710283726,0.04381366632107537,16,0.017500098680784906
348,0.30503880127350314,0.15817447196208595,3,0.004117552135286864
349,0.2895615155995726,0.16446560772534968,2,0.0025552765457057956
350,0.13454172256547683,0.029526617351877175,1,0.0019142666924829874
351,0.3071656309736595,0.16212398730320945,3,0.00391383983994993
352,0.2225903467073663,0.10253967266366333,2,0.0027360577146879872
353,0.2849714774599996,0.18135176786097928,1,0.001326433696021656
354,0.3138786537870199,0.22367320611057057,0,0.0007769365884855757
355,0.2674549632324913,0.17037493369479206,1,0.0011024068298009365
356,0.29558421508900495,0.15225960966338792,3,0.003991855382567312
357,0.18833888559336123,0.006778219336405176,16,0.018438055459494056
358,0.10465110139560505,0.020708706602542076,0,0.0008416860622276992
359,0.17138751516666026,0.04800843699561288,3,0.003541142741108802
360,0.29906365962419745,0.09649002036891964,9,0.010024861920071232
361,0.31551458961913426,0.18080680763485338,2,0.0029607426134866735
362,0.11170001260712092,0.022806403564960196,0,0.0010277803098788967
363,0.33304668501048473,0.1299654943604187,6,0.007328035515452891
364,0.12952135240287682,0.009318863459518649,3,0.0034680563655912857
365,0.2451285169581666,0.041163081354438275,15,0.017140955626657642
366,0.18177919572555126,0.019475026696974235,10,0.011777153474855227
367,0.29364298922292276,0.036159260690563244,17,0.019049715111996404
368,0.3478940617996594,0.1642099063662026,5,0.005447090504593489
369,0.32370638193490875,0.219160269902466,1,0.0012292069207849195
370,0.16816000789580518,0.02157229123526648,7,0.007852684861690473
371,0.24358935609933746,0.14252067767916757,1,0.0013419430134286254
372,0.12271847761193196,0.0014144723024925587,3,0.003664492640057314
373,0.2666730491318691,0.09373530929585906,8,0.008691275902447509
374,0.1553815573955979,0.06584083483898645,0,0.001005838884050915
375,0.34993663730650765,0.2491591573978792,0,0.001011630208336694
376,0.22663402262043864,0.039884224480830156,13,0.015196990492984336
377,0.19271274367606428,0.008490782910879284,17,0.01894874403040282
378,0.24316809597701167,0.12908794038595817,1,0.0021115137369365875
379,0.1664707354824816,0.0341335049334324,4,0.004915315982440231
380,0.1020546055981664,0.007029844377388201,1,0.0013341638653256993
381,0.31142141530428585,0.05735489918917536,13,0.014370641414158761
382,0.32701778570976087,0.008472159432850498,19,0.027652269353032118
383,0.11410715857425031,0.006546163793041796,2,0.002178851177305002
384,0.21805121032256308,0.016699980319105592,19,0.021354585640265888
385,0.33384049924410475,0.05498226045649419,12,0.013680954386921546
386,0.34916708858098,0.10437501367751005,7,0.00820601012080076
387,0.3114658349793568,0.13329728324019596,6,0.00677834475357214
388,0.2751842781888951,0.11005319212224313,6,0.0071008538319012925
389,0.1496624865243196,0.05763838803998472,1,0.001119713062383792
390,0.224525125648996,0.04332332363253198,12,0.0138855990664887
391,0.26682890528618924,0.17943786140160484,0,0.0007732409826735155
392,0.21155277306930137,0.09427414850125206,2,0.002569102599136124
393,0.16865814744500654,0.02106747554086183,7,0.008091449254806952
394,0.22794725228929247,0.1294518202266393,1,0.0012633421627916718
395,0.3320780900696204,0.17932846780319234,3,0.00398590000166999
396,0.3338646924472706,0.2097586079788044,1,0.0020976533106985946
397,0.13387006174068433,0.017829088050091545,2,0.0029359033552547797
398,0.11765755192865804,0.005340606499191703,2,0.0026134278597968394
399,0.18792003136989208,0.024963431527529445,10,0.011581739022448741
400,0.24339885590149576,0.04323391485957545,15,0.016453533220916656
401,0.3466780517578503,0.11709547531791986,7,0.007664960463911941
402,0.0949933118926539,0.0017427150575245985,1,0.001248580208362312
403,0.2445172563242998,0.11459796928823829,3,0.003481882844427521
404,0.3485864247801184,0.25377771762999063,0,0.0008365929362052253
405,0.32757749825615784,0.2214092994573441,1,0.001279196185874947
406,0.31965359038113256,0.1354668494973864,6,0.006852746807359017
407,0.308454632153865,0.20508221932254572,1,0.0012353047247161545
408,0.1498817118286929,0.037570151999743916,2,0.0024722402065759496
409,0.15458828614343417,0.009146792686775443,7,0.007976749898884916
410,0.11093708230605749,0.022335834743378413,0,0.0010161651085378377
411,0.14925982993480333,0.05473351571915144,1,0.0012383693536058894
412,0.12370783572827318,0.03039808077415267,1,0.0012165367305311768
413,0.23093110970686193,0.09647873698504644,3,0.004201155815071028
414,0.33801992091886884,0.14424408300232594,5,0.006482562802668722
415,0.10115835561489303,0.010283742079699633,1,0.0011260393096319105
416,0.2187085209223756,0.07049702314013413,6,0.00658684209506913
417,0.3302192241589396,0.2175074272256735,1,0.0015476386014879526
418,0.12779257612088785,0.04425072794191953,0,0.0008110235048376245
419,0.3343555752722817,0.135958663906242,6,0.006966126262942009
420,0.2787549258384026,0.1259177911801686,4,0.005405244301065971
421,0.10577311290604777,0.018160047307162835,0,0.0009799390498309636
422,0.1601832592979908,0.04350194849243814,2,0.002851989304246477
423,0.10793510950106174,0.012613883738406273,1,0.001342571616941197
424,0.29971790606639037,0.11077423134050064,7,0.008537931509105328
425,0.3008178236667217,0.024271245721541178,19,0.022054151539910426
426,0.17371361568097915,0.08132140621739081,1,0.0010993667786097913
427,0.16201446141992235,0.07339531026494055,0,0.0009609709674350769
428,0.3290769359483153,0.23097624070185135,0,0.0009821650556139751
429,0.27353515120435773,0.030856155792796103,19,0.020742101250647547
430,0.3074601372603102,0.06808683634651022,12,0.013054981000893013
431,0.3248768888225633,0.07559648066048155,10,0.011503565227872348
432,0.33924286942207493,0.23733818471289705,1,0.0010809154656287753
433,0.2548775354494312,0.13241933220697788,2,0.002671260271497443
434,0.22584779189850201,0.05463263822887143,10,0.011170313573403957
435,0.20061769642913738,0.013494070478213138,17,0.01894981570860172
436,0.2232389974708548,0.03963807952391844,13,0.014705921859847659
437,0.1326205096957578,0.00875670687565057,3,0.003955384337009945
438,0.3093999964691325,0.20972188370576206,1,0.0010899559837781526
439,0.18978421340749443,0.035701988590292145,8,0.008949915955863101
440,0.2462250451180163,0.15367127118394278,0,0.0009767133405192792
441,0.1118265985434685,0.012358557186964703,1,0.0015816012587720706
442,0.21291350381540777,0.05145401868813629,8,0.009640654506782425
443,0.212961712072118,0.11092251351852031,1,0.001485039568464459
444,0.23025709484721965,0.06378575248777436,8,0.009767742301997619
445,0.3042793895711378,0.18296370977812346,2,0.0021729566982785086
446,0.3271725062177862,0.1657409886959162,4,0.004760694207420554
447,0.3132808715904041,0.19000669252887206,2,0.002220768629176502
448,0.1330872424620186,0.0069853878641993675,3,0.004295019777985415
449,0.23133432244558585,0.09903133836306988,3,0.003931141972903908
450,0.3443662785208177,0.24865796046676394,0,0.0008715095962818843
451,0.34496780892780693,0.19913714321453307,3,0.0032629130699808645
452,0.17934549972227085,0.036175682182218824,6,0.006733265166263716
453,0.23672523650663688,0.1502048600916656,0,0.0007900176182305137
454,0.14698532772097025,0.049304935219492536,1,0.0014082071914254173
455,0.22208300425709593,0.09578898232115654,3,0.0033641562160632572
456,0.34925617551310545,0.2489563666391152,0,0.0009983394785557196
457,0.2935341791195121,0.10238923143256415,8,0.009245258470863684
458,0.324053113472969,0.06245956607037345,12,0.013077769942864925
459,0.16833906445987454,0.05269418590848784,2,0.002696251542260744
460,0.2963294987689159,0.09927536759763525,8,0.00967603571622774
461,0.275369368363129,0.03646884528085028,17,0.019331405755009877
462,0.11523267004789887,0.008550590501451533,1,0.002101134073922195
463,0.22384759699469878,0.09720891048953184,3,0.0033818099681500154
464,0.27392327780461895,0.16283411252395982,1,0.0017520708165665864
465,0.15074542260901955,0.0645220575058657,0,0.0008840738394084707
466,0.28482281981646845,0.12589502735399816,5,0.005924477404685671
467,0.33419784303162126,0.22594143301714664,1,0.0013371480036773894
468,0.2590332012792654,0.08092800669196049,9,0.01007116280966861
469,0.2830129845585429,0.08409167606751056,10,0.011170057608578773
470,0.33790734981402687,0.01079346472243924,19,0.026272095051980516
471,0.3333655153093281,0.20735928115865024,2,0.0022079501819852903
472,0.1980786508657678,0.031847765113516495,10,0.01188553894835216
473,0.3488768018419737,0.030157735798706353,16,0.01844504719188855
474,0.26763385665103007,0.138419400223539,2,0.0031247727569048427
475,0.32308675840785206,0.21650075506335356,1,0.001313454917075221
476,0.32422828631351663,0.05348002550335381,13,0.014392857869794252
477,0.34452396031220894,0.2189066445749765,1,0.002089481952380044
478,0.17166465859481173,0.05092317641408757,2,0.0032201204160147673
479,0.32099609863538736,0.03951229724536155,15,0.017223660522020328
480,0.25219078641827314,0.06724618375970585,11,0.011942427513606328
481,0.12632634029653686,0.020616156139957202,1,0.001991055086242428
482,0.29405863362134443,0.1108092883129668,7,0.00830843640652868
483,0.2283805516938651,0.06560595474777917,8,0.009077682564900677
484,0.32975638843651284,0.23180593301520563,0,0.0009755323790966098
485,0.12626134400490327,0.02676153637160147,1,0.001556374560671594
486,0.3066719717360722,0.1670549077099848,3,0.003468337809513718
487,0.12411090040358246,0.01323760991040942,2,0.002445632285824779
488,0.33567717937220076,0.02165422667989303,19,0.021764187852917442
489,0.34289586712459136,0.21393498335219852,2,0.0022847651978105646
490,0.2525553935578501,0.029669027280188637,19,0.020687692143997457
491,0.33916188907377015,0.042697058125722505,14,0.01568645488421466
492,0.32737736756203334,0.11833519959963527,7,0.008113816002900788
493,0.179909542386136,0.057280746958028844,3,0.003371456764198304
494,0.2177150643861145,0.07635216713614588,5,0.00544156011982819
495,0.3339222296784813,0.17752887849668514,3,0.004202219634866487
496,0.3191218611400295,0.06592272714749496,11,0.012858742531305223
497,0.10160598197511016,0.005161418519636957,1,0.0014143906698848977
498,0.33944783593287436,0.0030028942058860195,19,0.030451884282067288
499,0.3444787644560737,0.1055242413330991,7,0.008347620977601262
500,0.22947204449485914,0.10833668391496933,2,0.0027780783227030303
501,0.1651893204045043,0.07171654974506884,1,0.0011616628343056508
502,0.15523273621907005,0.053852830229729975,1,0.0016088015400554452
503,0.2153224161351542,0.10516869507958956,1,0.0019824930577222897
504,0.14475651021963468,0.02405477231434079,3,0.0034238772699583314
505,0.10773261833980363,0.01901204623345837,0,0.0010241696194502352
506,0.21617869672062145,0.003612856085187155,19,0.026403931321960495
507,0.26460470276230486,0.08849387910885258,8,0.009330871347560577
508,0.22289229806565078,0.09091497345364663,3,0.004015715095595785
509,0.21042456425846223,0.12126808492572014,0,0.0009146365421232589
510,0.2743653084432103,0.10371764918922176,7,0.007903071680255896
511,0.12743727304739302,0.00939311736789293,2,0.003207311536100908
512,0.17057549724209414,0.06582160256518796,1,0.0017853035751285117
513,0.18318743197024828,0.04261340823026305,5,0.006106405181129289
514,0.31947282710828573,0.023026448514852027,19,0.021848890777634015
515,0.18840983340532594,0.10891833758341928,0,0.000641193884892828
516,0.3199037239544433,0.2015330286096767,1,0.0018890442838873198
517,0.2733722966624725,0.16834430230905062,1,0.0014339606571843458
518,0.2621608276573845,0.1724838403971293,0,0.0008501772272728206
519,0.33765370012783635,0.11178042502415428,7,0.008258854408835292
520,0.23717825374634724,0.09596988489975401,4,0.004978791651321676
521,0.28970365672914816,0.07215326281622123,11,0.012883770404634063
522,0.30655030018727547,0.08903915886317193,9,0.010774135362059225
523,0.3343202101507659,0.17957517052697972,3,0.004075534284461993
524,0.30898934437005865,0.1029410958559149,8,0.009444491733297946
525,0.2926748457658768,0.08331885473584363,10,0.011461011953450496
526,0.18046171550777074,0.050826697280961,3,0.0042921731400391025
527,0.19469778116572525,0.09301434978406675,1,0.001519528503152564
528,0.13188846666831103,0.023479545032369393,2,0.0021947353273275945
529,0.32840577150487804,0.23186466964992278,0,0.0009339706240567169
530,0.3389602919454191,0.10341874512654566,8,0.008697557174054994
531,0.21894631199862685,0.018306009323072303,19,0.02091004863057015
532,0.11621715818334948,0.011642961984194223,1,0.001929993635199466
533,0.14514585772012914,0.011683667066341245,5,0.005444899211777273
534,0.22857539060892842,0.09863444531444529,3,0.003692837451952869
535,0.31227860597226204,0.21705726264789663,0,0.0009297166391991468
536,0.1202798566004495,0.008879046072238337,2,0.002511393224314233
537,0.19510215577172318,0.11045015506192282,0,0.0007834046653372897
538,0.16548835218652877,0.012252537024069943,9,0.00979410880366871
539,0.2706921667010995,0.10273490683440993,7,0.007716104138465434
540,0.3179433205521406,0.19594947987033687,1,0.0021063999250873497
541,0.1361338806756449,0.008373036698314448,4,0.00453433102179752
542,0.2401410324351821,0.14655691361607273,0,0.0010272099583440671
543,0.24520775877838444,0.11667036591596389,3,0.003330949311142627
544,0.3431862894673991,0.19337707410893964,3,0.0035485282071078083
545,0.13210402744872646,0.01616298828027597,2,0.002934255286004142
546,0.0984673328856785,0.0009341577017316065,1,0.0014831043565290357
547,0.19310444941698604,0.08198750097843402,2,0.0021615811332465823
548,0.1284867163872165,0.034409026153680064,1,0.0012482103055362023
549,0.2868614513467046,0.07226041707888073,11,0.01286487163360858
550,0.32049673942397966,0.13988301367354836,6,0.006525428893824316
551,0.2715835072241472,0.17918739047754473,0,0.0009222733061098694
552,0.09627425187874136,0.006935877569213262,0,0.0010611127909715538
553,0.3261247392415342,0.15239300729250008,5,0.005735258152122942
554,0.2971660154253384,0.13043111559432122,5,0.006319390621570836
555,0.3150312831872088,0.0005749796259695072,19,0.03211579767377311
556,0.23996494937279647,0.04296071119013757,14,0.016164525732261462
557,0.3124521205540153,0.18068994376333916,2,0.002789283204256279
558,0.23751113201352636,0.11175183773527132,2,0.003140737487094245
559,0.09783505665350123,0.007001495425135354,1,0.0011273839607466225
560,0.2559063201491304,0.10172278275434504,5,0.006327950858152937
561,0.12171874217774772,0.03344321511757962,0,0.0009923063168967201
562,0.3321464992862162,0.03174978258157861,17,0.018682854313558518
563,0.28387461379392304,0.1187367634176972,6,0.006709665678272018
564,0.27447370195787923,0.005718782069484329,19,0.029463643405072754
565,0.3489941959501251,0.16309903991782126,5,0.00551346565953034
566,0.3440726886211302,0.04071449279219717,14,0.01589351609430771
567,0.19119102125249493,0.07054235625348305,2,0.0030513631031081436
568,0.30596313888146487,0.07984986861995128,10,0.011735116156554492
569,0.34035416278905556,0.09998762927799287,8,0.008850699396024777
570,0.28140817158411613,0.13903465138392773,3,0.004182625535950489
571,0.22448470201108667,0.126950410523992,1,0.001227587435628649
572,0.1047698049088051,0.01688445517793235,0,0.0009919314778196514
573,0.22157416183122633,0.061220538652658585,8,0.008917347894563813
574,0.12190189112938286,0.012486298444209499,2,0.002318006532545376
575,0.25983531565744583,0.050997328709403524,14,0.015856359879707987
576,0.27377917778246974,0.05201693427895562,14,0.016060079747948583
577,0.3338843289417134,0.20556223464078183,2,0.0023363182006901394
578,0.27096760358513633,0.07698537499850931,10,0.011682450021838818
579,0.11022067702819124,0.0004065406716599355,2,0.0023945493880396305
580,0.1400654870675268,0.015595719602697677,3,0.00397900340675697
581,0.2633956683109034,0.06471406970315541,12,0.01335157766190445
582,0.27932800053281254,0.16328382660430607,1,0.002019413524604083
583,0.3235498375928475,0.18280648505635466,3,0.0032791293009002596
584,0.2604303066070087,0.18104100620722718,0,0.0005745303094054177
585,0.1995528041628515,0.09542903004759686,1,0.0016488773692553212
586,0.2115850815511353,0.04751771555497661,9,0.010369573574959969
587,0.2607729213488367,0.09011995334949281,8,0.008686236004505885
588,0.16389060543890727,0.07908401797360903,0,0.0008214561024273438
589,0.3266347787427243,0.22664252268299556,0,0.0010522670716634453
590,0.101486320235112,0.009046675461783938,1,0.0012006525316254491
591,0.12795454213128662,0.039648688561496045,0,0.000987256635564284
592,0.24382778021692902,0.03527830847780893,17,0.018582704827218518
593,0.14796016854003485,0.04174763272723232,1,0.001963745691355071
594,0.2401716497363582,0.15101910893594275,0,0.0008688286530791345
595,0.3448975357316292,0.22820279739493649,1,0.0016486975531327453
596,0.3470143908501404,0.18304819338832795,4,0.004350831172497329
597,0.18902919499882448,0.10283424846183194,0,0.0008405288182220448
598,0.1266674254126524,0.019835738078701863,1,0.002079818562311278
599,0.27853452516320343,0.04581112550646778,15,0.01727378117745547
600,0.31092636489800457,0.0889114326670269,9,0.01070824570658106
601,0.3085277068127472,0.18696963391027324,1,0.0021544795795478506
602,0.34708702135800146,0.2483161193504691,0,0.0009563742848978691
603,0.18670814422117715,0.039348753428089,6,0.007439873599211374
604,0.11878384358895903,0.0036861924830413357,2,0.002906989535294069
605,0.21376948446242522,0.09695016970647129,2,0.0025135896958765115
606,0.3499933769403969,0.19470660653447822,3,0.0037472057530402217
607,0.20752857864092625,0.11586587059173203,0,0.001013036385739516
608,0.33314921450241575,0.23121049565258395,1,0.001100922377173985
609,0.23162258282506656,0.016413720856348984,19,0.02335391973012799
610,0.26261034717533843,0.10256939220584914,6,0.0069359499019494035
611,0.16285746968277218,0.05998139694940261,1,0.001683879279326267
612,0.3165342806558001,0.09793777919818096,9,0.009793175731589521
613,0.19668746551260977,0.07351086397655214,3,0.0032799897627111383
614,0.335338592257687,0.08705505631672214,9,0.00998813309528507
615,0.17615867127532348,0.04551793843066029,4,0.00450126493833271
616,0.1637870519360274,0.009175982444421844,9,0.010299968550879744
617,0.16411186461410732,0.08439843508046305,0,0.0006661381080164239
618,0.3468487397569318,0.20705604705826935,2,0.0028641300189399693
619,0.2856620619611499,0.1495683543741731,3,0.003501325301256337
620,0.23891109815824668,0.14194885030844837,1,0.0011673082950710764
621,0.3336210668403297,0.15492762247848546,5,0.005768790741489232
622,0.3398825022279019,0.11636767644682956,7,0.007935676367287632
623,0.34140472666040617,0.21474550643926563,2,0.0021723517434052457
624,0.33080686728959857,0.08242327621620597,9,0.01058479393644488
625,0.2853393310083554,0.1079558257624325,7,0.008163016513812415
626,0.15149295281390926,0.0628141762352905,0,0.0009760852050577331
627,0.09288781415752975,0.0015333664338517258,1,0.0011567135095685217
628,0.34489489530985923,0.20445161332516545,2,0.002931410434154046
629,0.30094873292770674,0.19739003434203553,1,0.0012686023546419002
630,0.2518074479884638,0.06799451465819772,10,0.011752973481910371
631,0.11581657588886739,0.0005257597654422159,2,0.0029430753422522086
632,0.30757510641502794,0.1375189742083542,5,0.006209250805689981
633,0.303651579596975,0.09299733971392439,9,0.010404524706049764
634,0.2562157164870448,0.020953659784536515,19,0.02343013632842471
635,0.15359687576794767,0.010911170040138557,6,0.007300098039830527
636,0.2807024998797915,0.13962069704458852,3,0.004064993759743672
637,0.2888309934392589,0.14815356524334503,3,0.003872687508821421
638,0.12254381188437934,0.03355861193872281,0,0.0010208407003162914
639,0.3168984716443761,0.21607461270449488,1,0.0011101923915212296
640,0.3193831515026143,0.14001118219503741,5,0.006481752234359838
641,0.24830900211384355,0.045244604997352555,15,0.01639829169691672
642,0.321406557227842,0.22224121947332767,0,0.0010383030731919269
643,0.18482457081718703,0.029020419374016518,8,0.009640900020154726
644,0.2656818820154756,0.0646808221653968,12,0.013488328845788254
645,0.1299411843568383,0.0010832083437886412,4,0.004791814983668276
646,0.14193500121515762,0.015137693273840062,3,0.0043158691885447605
647,0.2591675584499255,0.0748705325992525,10,0.01116666421254581
648,0.10763813513801379,0.0016750616828118542,1,0.0020621814794330425
649,0.32699515581586297,0.2328100074235243,0,0.0008653758987622029
650,0.3418614669440065,0.13655907346175064,6,0.006865705395370506
651,0.1296147358115284,0.004014489955385721,3,0.00424842778826768
652,0.20274293402715432,0.09010954280156837,2,0.0022321826731136574
653,0.29742783714100485,0.03883320465080976,16,0.018317277215706602
654,0.2027575917119889,0.022240360419080826,14,0.01615764156849902
655,0.209871253860814,0.07388089930418441,4,0.004774491058704592
656,0.14887835349255232,0.023790937456947756,3,0.003986472415100604
657,0.3085416277065168,0.13965635955658695,5,0.006057299432497549
658,0.31250178844413745,0.14837720447501226,5,0.005466567700387796
659,0.13237903531972747,0.036045272105712546,1,0.001360574963338917
660,0.13075693141877923,0.04306209016174135,0,0.0009599847858507708
661,0.3059177145564734,0.1428202264538957,5,0.005607629766937004
662,0.32145092372537165,0.19728031148655234,2,0.002205604443205773
663,0.15428203294819834,0.066821452434948,0,0.0009258727658864265
664,0.15644040737104015,0.015170953221171513,6,0.006890002874926848
665,0.3081513941677642,0.18942837687135583,1,0.001988848714706481
666,0.278656382430726,0.10881829069775613,6,0.0075621544770207135
667,0.34963313747478747,0.16792607358630152,4,0.005270590576151644
668,0.16491821295324488,0.0459105211338757,2,0.003073642424620626
669,0.3312793508830718,0.038547268703860126,15,0.016982740729401875
670,0.14136167145866432,0.04096458665067409,1,0.0015804280671624952
671,0.132436226762916,0.012218241564740958,3,0.003450060537462087
672,0.3154952895506612,0.09190813404955853,9,0.010329076000107197
673,0.1964540525294268,0.0010476243997275764,19,0.02331003866784492
674,0.2518977950206652,0.12648478121545687,2,0.0029566888140850132
675,0.30520906868689274,0.0844129556853286,10,0.011265813445067349
676,0.2893046514628151,0.08660757568825384,10,0.01101008920088477
677,0.11770178267391394,0.028428993854779448,0,0.001037984010714707
678,0.12245805968216696,0.028318889145975728,1,0.0012599313316900816
679,0.32839479993171183,0.018246704189298316,19,0.023288136615737712
680,0.32250559754371266,0.01938516378889188,19,0.023039555776778076
681,0.19746720438363827,0.06423906878797513,4,0.00457551703697154
682,0.2866813145071402,0.09132071893848707,9,0.010341968534614478
683,0.14299415373878163,0.015200028532294218,4,0.004464320585168039
684,0.17281603636695625,0.07841720405964485,1,0.0011914631038724658
685,0.29851088141521503,0.0014535472423272465,19,0.031654931163901806
686,0.33663748024501655,0.2250211197559373,1,0.001467180010160947
687,0.3021737115168853,0.13921250114216654,5,0.005730846057616219
688,0.21522715574000248,0.12264064014633155,0,0.0010359372851547362
689,0.2855982038914732,0.06008673923585739,13,0.014671721831302387
690,0.3049287797936467,0.16337854407162525,3,0.0036587469259586132
691,0.297560139356252,0.16218234812474083,3,0.003261460869049929
692,0.3338758973030902,0.23736308225270522,0,0.0009199877732568096
693,0.26577453458614253,0.11814249399897858,4,0.0051378788025920425
694,0.10323790702312347,0.009599435528732823,1,0.0012591560351434452
695,0.1326722163242465,0.013037653369056632,3,0.0033731926232164187
696,0.2529838048929254,0.14070767107889512,1,0.0019338361927566247
697,0.27459575283508025,0.17392349851509406,1,0.001230738909441542
698,0.24906058283539903,0.15602168314058285,0,0.0009889884696060577
699,0.23485147539589207,0.12576665705355372,1,0.0018196858020078247
700,0.20966220491922863,0.08312423137467588,3,0.003530556600708238
701,0.10846512575425013,0.00011406340626720062,2,0.002265194446184977
702,0.13307571019401376,0.0245267294869577,2,0.0022026106182489176
703,0.28760911929576627,0.05445468485908007,14,0.015571134108867728
704,0.27487308222882545,0.1757544079116031,1,0.0011649150520908653
705,0.13600513181254664,0.04480312177923128,1,0.0011013315334755503
706,0.09305311578123393,0.0034322941015330474,1,0.0010764240502682358
707,0.30746895702309857,0.17809583663137013,2,0.002677941094094156
708,0.2223517298430605,0.08957165052761237,3,0.004124978282175043
709,0.22305542339380557,0.06890231831418339,6,0.007559202779731682
710,0.1544144653156513,0.0055134899185133365,8,0.008945728954571458
711,0.24859080328791316,0.09804459522760596,5,0.006030488159433025
712,0.2968259965737754,0.14855155694351643,4,0.004433983667053609
713,0.31838070063782964,0.04090522454292837,15,0.017031884548422836
714,0.12711492444195413,0.007871986476953287,3,0.0033594456072973096
715,0.24176723558722701,0.1147835157633095,2,0.0032153379760150045
716,0.2790143910975266,0.07186376097798453,11,0.012809328898670737
717,0.14514378435940656,0.017387681273127713,4,0.004434185995772154
718,0.18623439444184012,0.08635192279234019,1,0.001441506338558669
719,0.21214946494205583,0.0587840471279414,7,0.007836499489377936
720,0.31042742411700425,0.06374024563892841,12,0.013507005671455123
721,0.12840336310215983,0.020275703010513332,2,0.002182503082594711
722,0.23236800738481578,0.05098773649840775,12,0.013113746833289124
723,0.344503740226004,0.051688377924160055,12,0.013692512449464416
724,0.30233689441659994,0.18034951688374565,2,0.0022307432101579287
725,0.2811132366399153,0.18061002662936307,1,0.0012041937396082894
726,0.1913849539671637,0.0029457074651525693,19,0.021023096079368246
727,0.26196783547997254,0.09209905278729719,7,0.008487940494442922
728,0.34811844654131335,0.18380842981895867,4,0.004340176244220911
729,0.27856188322866593,0.13774212392886812,3,0.004079373170292564
730,0.1920688950915319,0.046901700165861517,6,0.00680064400348866
731,0.28904217966370876,0.062144735467249204,13,0.014318951228208539
732,0.28626540798141165,0.03331162097452052,18,0.01993418671897411
733,0.3263661332133357,0.02807793779770884,18,0.01998230685978489
734,0.16810870373586861,0.06808156970786211,1,0.0014951710896681121
735,0.3465221024543085,0.0341634875987076,16,0.01740529786254668
736,0.09293646033028083,0.0043534426977931435,0,0.0010310982202090247
737,0.22126106398609607,0.09718515403494618,2,0.003138540772600778
738,0.20212456699084272,0.023355042053127495,14,0.015614013886889652
739,0.19192095114410637,0.07705756367478055,2,0.0024814646046480236
740,0.1279480647066117,0.00089563839760411,4,0.004501688548144815
741,0.2570679211526845,0.02639529278494354,19,0.021791381753799004
742,0.1962094309456853,0.01757893839130069,14,0.016253047941256777
743,0.21973132939723602,0.02370248662971662,17,0.019123605912264096
744,0.16753593802673186,0.013430581013069567,9,0.009965994717864855
745,0.299788819924706,0.11718319577969455,7,0.007870198510086654
746,0.15180186107019272,0.047692761867471734,1,0.001798738828866136
747,0.09239083010634072,0.007170626737031259,0,0.0008964018917478079
748,0.2730735915574962,0.15910196650889966,1,0.0019281346642400483
749,0.34512398047867,0.22031645929226384,1,0.0020422551755841095
750,0.2712047056211507,0.15974594964552896,1,0.0017873170164967966
751,0.2836855184132722,0.12224679461007106,5,0.00626637714020374
752,0.3102089986715515,0.21296296319260674,0,0.00100171214001582
753,0.19950964740522142,0.0768903639403043,2,0.0031919888315475957
754,0.27947243843361824,0.029093927531082284,19,0.021157096917416535
755,0.1171740219508951,0.022301315921652447,1,0.0013055607513732257
756,0.33671378154364145,0.043124841889257644,14,0.01571130476016087
757,0.2664193892289523,0.06232149133642347,12,0.01395391544173392
758,0.22644817108235868,0.08790495247340877,4,0.004829204197431813
759,0.28276051622349935,0.17330644464234793,1,0.00161942399109102
760,0.2932144515157106,0.18888377539011805,1,0.0013289863743759026
761,0.16005784145326657,0.04524047748199618,2,0.002662003167603412
762,0.31770444110568274,0.12104566126068757,7,0.007954868072880542
763,0.28677576883481454,0.14652278065369728,3,0.0038699200110242768
764,0.24785644157987002,0.03187719022499116,18,0.019815515190867602
765,0.2974963082674648,0.09493740787555698,9,0.010172697790105758
766,0.109436060288033,0.0020030742708058704,2,0.002181367696358516
767,0.191286312938295,0.008005081674081316,17,0.01875734484724458
768,0.3489204128814598,0.09598348518667416,8,0.008711313486164165
769,0.24876361519874812,0.08410664633993103,7,0.008339954074572237
770,0.19359055733156694,0.0023550900341137784,19,0.021918074349592108
771,0.32908788215437274,0.0009449572914494997,19,0.03180807950169702
772,0.2956123859997324,0.054623710663547057,14,0.015363568246274764
773,0.11267396339767607,0.0045656809630337395,2,0.0022308912275570284
774,0.2520164719740072,0.0531424043958848,13,0.014882573544729043
775,0.25237492993595667,0.07263440313781981,10,0.010903352737915567
776,0.11715093716801941,0.014925310058828549,1,0.0017554581250603047
777,0.3485039549330758,0.17987789789478162,4,0.00458494871002167
778,0.22869690385689204,0.11334006077082381,2,0.0022952296836955947
779,0.2795060049972049,0.17924623306602128,1,0.0011988009826066654
780,0.2899065986428755,0.08189148232042275,10,0.011612556500292083
781,0.16245795098152846,0.0661650995991844,1,0.0013037024943370757
782,0.2407298336173348,0.10616149011430916,3,0.004055939791118891
783,0.3220494124546811,0.2004521480848381,1,0.0020517960145090565
784,0.2247565052898075,0.04941689427457918,11,0.012295391753707119
785,0.3412181320065729,0.23639048514926703,1,0.0011780510025435878
786,0.20039861848293053,0.07923017458516605,2,0.0030293197428834617
787,0.24678743624781874,0.08914517822724541,6,0.007221175089640786
788,0.20481222819098513,0.019646371688782967,16,0.017578468397888788
789,0.3292492065873523,0.1418085951418751,6,0.006569816867606096
790,0.23406701578544076,0.04448077429411029,13,0.015034755939024282
791,0.3164954048620938,0.18733071787999253,2,0.0025660444837997468
792,0.22276185146007058,5.759610664235904e-05,19,0.029038974251589297
793,0.10149513729087656,0.0010433834291108082,1,0.0016644910252685255
794,0.32927865111583937,0.12702404502348869,6,0.00753667637872026
795,0.18351643254054542,0.09823184902700581,0,0.0008165904464353384
796,0.3126998310057174,0.1956327150845463,1,0.0018655010453876737
797,0.33677193317415793,0.2363624320263529,0,0.0010374916607092282
798,0.3024193063443623,0.048782663982785746,14,0.016142662115831364
799,0.2934944390493456,0.1463680648895308,4,0.004399715715091717
800,0.3317310340545247,0.23046594392828168,1,0.0010815906995748925
801,0.13631300370202007,0.04393770120605475,1,0.001154521259687512
802,0.10469643741784483,0.010927303964765532,1,0.0012641529911406042
803,0.20190360255764736,0.08445708325322764,2,0.002651559271037646
804,0.22625117058830982,0.13489287502358727,0,0.0009692023220648705
805,0.3497966157909052,0.22572719010916742,1,0.0019671873898884007
806,0.33776790492015607,0.20305002526324883,2,0.002676862880703163
807,0.2102726027959588,0.1324211698118543,0,0.000582627456999275
808,0.327659073981535,0.19733002797178456,2,0.002521407678646866
809,0.18241460080223945,0.05210477227845447,4,0.004365290104030384
810,0.2765990673022797,0.17823882111896186,1,0.0011296616738106053
811,0.2549070693564879,0.05810566476793799,12,0.014053692237520331
812,0.33752996042644234,0.23722877354687866,0,0.0010316997358102461
813,0.3127402569763634,0.13489991007156335,6,0.00668420437696227
814,0.17916283027595442,0.06645408158371655,2,0.0023633193409348286
815,0.21947430478699756,0.062376107592309604,7,0.00831528954610013
816,0.11336195836217323,0.006050004990323432,2,0.0021596493353446137
817,0.15432945246789867,0.047648714622179636,1,0.001978044746957857
818,0.1802774243204633,0.05098089678130833,3,0.004245242573774493
819,0.24154457014812353,0.1402083117270579,1,0.0013611417261531718
820,0.10012857360692695,0.00707645301787018,1,0.0012327798290016193
821,0.1600163118003933,0.016335169241845703,6,0.007373047676392663
822,0.11338469943486942,0.007444151722697898,1,0.0020452415544458266
823,0.21943003058761854,0.040536184397021835,12,0.01377110455832097
824,0.33963657515598833,0.08249231257466394,9,0.010160109483079384
825,0.31732429753598823,0.14241521551246156,5,0.006211522386068144
826,0.15630735336486087,0.057435210873205994,1,0.0014561058249120808
827,0.24908083784617324,0.07760044024066462,8,0.00957192591583195
828,0.21657312175083027,0.014931201909339609,19,0.021770679417262243
829,0.09257186591631353,0.002504605524010482,1,0.0010969649347908168
830,0.14329443956381147,0.05088509089634743,1,0.001146361362047913
831,0.24939975516600485,0.03489476073980245,17,0.0190918538650159
832,0.20458507023512262,0.030392260314748745,12,0.013821720231527383
833,0.09639488083666341,0.0042946449333659915,1,0.0011893558203275106
834,0.3219751092676784,0.08839700424300159,9,0.010432262335438576
835,0.12119769897002389,0.020525089808787096,1,0.001641500855641519
836,0.20465232949788045,0.04093691741435776,9,0.010715645990424953
837,0.3200556891754337,0.22509114280232348,0,0.0009041428650203733
838,0.09720506771919006,0.009811538657306586,0,0.0009779902214153019
839,0.1842485740270583,0.024253915244938716,10,0.010893805336033175
840,0.22386121280768526,0.1506586130617975,0,0.00047251367877764394
841,0.287897512509362,0.09877640947695662,8,0.009452564588733432
842,0.3005004756996727,0.1929786653945888,1,0.0014455752526813072
843,0.10374789649027931,0.005268921860408409,1,0.0015330371664517908
844,0.34254781780251503,0.24155985365786337,0,0.0010400029997303722
845,0.2826667324406363,0.09866891559480885,8,0.009197902423024538
846,0.23469526893344958,0.0575369639166442,10,0.01186898205060473
847,0.15158472268862552,0.07480378434327349,0,0.0005972141105796981
848,0.33659469340828985,0.09749672278433422,8,0.009171150670908705
849,0.11524232511919429,0.007218864932115809,2,0.002215601208458922
850,0.11710165649980996,0.029144810205983283,0,0.0009837769180402012
851,0.343687432306264,0.05568887370615391,12,0.013074873193318194
852,0.19281967260059987,0.10355780681832859,0,0.0009442064772531346
853,0.28975567235382793,0.1080701212814148,7,0.008410862475820223
854,0.10496033064453386,0.0008087685724977888,1,0.0019243748044780718
855,0.19790988819411318,0.03396460776002552,10,0.011219045658494261
856,0.13402408606347674,0.001371872198099723,5,0.005451448461934977
857,0.14540592137310615,0.05199485189831907,1,0.001190301024335277
858,0.12001225209618659,0.02571738110770832,1,0.0012713485215504916
859,0.17483889309544368,0.043804498807746346,4,0.004580871574571281
860,0.3281708743305257,0.08998518920400564,9,0.010065752137176063
861,0.2136449580431073,0.05503431188636946,8,0.008928995788301372
862,0.2322666636354449,0.12789161506205593,1,0.0015502572233314562
863,0.34958977805077096,0.11541255032085411,7,0.007632334556046145
864,0.3315210630228587,0.06941172854397631,10,0.011856685253201844
865,0.10832546970518596,0.0010070660774197976,2,0.0021745973783809224
866,0.1806836143128217,0.08503717375149916,1,0.0012358052852408515
867,0.2214024148657087,0.051099548506822676,10,0.011280807933348893
868,0.20054536508529713,0.08640437894911408,2,0.002367997148339224
869,0.25894080662367225,0.14923170903469601,1,0.0017454700711073147
870,0.20680821576467873,0.07013793977811479,4,0.004933620908689177
871,0.28996909084166467,0.16713875101115197,2,0.00239043989057233
872,0.15931775620817368,0.01740570045266146,6,0.006969114960391187
873,0.34796917246487524,0.22061677750260741,1,0.002150459457236525
874,0.2365023650905316,0.13495364477775454,1,0.0013870889214400342
875,0.13162106296514442,0.015047366687355714,2,0.0030087242972033587
876,0.18470085244516182,0.046539325577782856,5,0.0056184224294863324
877,0.25103499074119895,0.11736325800079181,3,0.003792154777762287
878,0.27725449329553087,0.14497444409413643,3,0.00327822609662842
879,0.34349210499072474,0.07079865122484554,10,0.011097815969576806
880,0.32657052837624756,0.22353566265272584,1,0.0011616987805249202
881,0.3204662299106571,0.20536945568334095,1,0.0017149754579049363
882,0.24206928264465674,0.08491675493326874,6,0.0073346407184006175
883,0.23051965132014174,0.05048348901970077,11,0.012960003612977517
884,0.23948895754077185,0.06312490841207183,10,0.011280112736320819
885,0.34404857136264133,0.045245676517833185,13,0.014921992762756965
886,0.23994713166587417,0.12060864861668338,2,0.0025366162165337738
887,0.30743319362923777,0.197961938776719,1,0.0015068911174569628
888,0.25633787734684327,0.14426355695751183,1,0.0019028851487769766
889,0.3248974204828026,0.13467571261365965,6,0.007008578560468807
890,0.32313782629381743,0.1992168004000701,2,0.0021766072857800156
891,0.188986608510229,0.021599449539335236,11,0.012945910068443062
892,0.17278085572789958,0.07710282111122398,1,0.001252846651112314
893,0.310098473587625,0.06762149223991841,11,0.013018844710265431
894,0.2582650504364696,0.15499143046903519,1,0.0014021541397205369
895,0.33203867206648024,0.17564729359618617,3,0.004249959921559534
896,0.16800899886593468,0.059665612080577204,1,0.002055362693449249
897,0.27688910051837917,0.13503622627500067,3,0.0042194637464936765
898,0.23073499688835467,0.02697597572113416,18,0.01967014307638976
899,0.24245486330645213,0.04514689698819565,14,0.01587562023306802
900,0.22435472613368646,0.05827897088443617,9,0.010051348373527976
901,0.28027996706956854,0.03540594627303327,17,0.01953365536762685
902,0.32309113775042286,0.12262674878365333,7,0.007854309402780495
903,0.12495036308129599,0.00037189834878351667,3,0.004129842065983104
904,0.19248788636793143,0.06963858928125494,3,0.0032822438039695357
905,0.15402953379906462,0.03694382018342289,2,0.002933693545414701
906,0.335925832524974,0.23662251543587595,0,0.0010032305893483118
907,0.30555986669730956,0.060717701314435754,12,0.014108311300256405
908,0.24480399359130386,0.09453742393144052,5,0.006107385845327674
909,0.25067396341614706,0.1392717291247151,1,0.001890001292589805
910,0.32493191049990217,0.1238888246406165,7,0.007762965168269719
911,0.23681670268799782,0.11267872205516176,2,0.0029906570012420736
912,0.3239979989156848,0.1474557176589118,5,0.006041039500830772
913,0.15429816056469614,0.0006797424756598966,9,0.01042142530595726
914,0.2915457268267463,0.07495324171553674,11,0.012508343252653783
915,0.300838195678139,0.17388699077769956,2,0.002577272850729362
916,0.2407691330133907,0.0387713857424194,15,0.017354990684568534
917,0.30553435924858935,0.20540809048574657,1,0.0011176523121794602
918,0.3336340557261655,0.19424536702307388,2,0.0030298833695789765
919,0.33596912140744833,0.22148220939672375,1,0.0015984588138758045
920,0.2653473107828959,0.10551165968282727,6,0.006792246781057134
921,0.30851799885605613,0.09932386868377983,9,0.00977550467295259
922,0.3396081662028384,0.22982075455123702,1,0.0013765163549245415
923,0.3025457277605274,0.1886158978725169,1,0.0017566191990207871
924,0.2850160890149036,0.16425608786893545,2,0.002288844798756013
925,0.19101472086735108,0.061483355754287365,3,0.0041384752896256715
926,0.33748589547947483,0.048712021888342276,13,0.014570848704037498
927,0.24141641053630938,0.05010116775621441,13,0.014539387684182776
928,0.2486090184782342,0.08903986778949968,6,0.007466448724935214
929,0.22805541989048841,0.12763951050707248,1,0.0013555842407055253
930,0.16698312980879623,0.028943305151549577,5,0.005958751182770966
931,0.32832516479878016,0.031843069283953085,17,0.018817199954992547
932,0.2989792070750239,0.16207354612176575,3,0.0033670642020832186
933,0.3107853430069681,0.20972509649221346,1,0.001137337041144811
934,0.3293064684753874,0.1615642924251565,4,0.005165942686140747
935,0.198785194573298,0.025929140277362372,12,0.013935234213992934
936,0.19195992563086428,0.08148384353751104,1,0.0021171255634787407
937,0.3396572056169611,0.193529939060628,3,0.003375900868438263
938,0.10786917827179124,0.025138846216774063,0,0.000797903817615602
939,0.22765268167289324,0.0836594199637283,5,0.005617153289616195
940,0.19688325825457006,0.06350330102328572,4,0.004607458168968719
941,0.18508789346424281,0.0008037689416032986,18,0.020135116857677278
942,0.14005743821254057,0.051149338841385304,0,0.00099860161180334
943,0.3200846904676219,0.1816590312866229,2,0.003165068658867556
944,0.11264129042177862,0.02644207880492892,0,0.0009185110633804338
945,0.12355604039451669,0.0336969837536346,0,0.0010569959952634552
946,0.12460500731388542,0.03690537287065697,0,0.0009662650001689956
947,0.33550209306162365,0.14179619403937438,6,0.006620533306643763
948,0.3320255643697857,0.16354025613736625,4,0.005124356228137491
949,0.10098786736509707,0.010674046654999197,1,0.0011004340663566807
950,0.34771259195632914,0.07166911257683811,9,0.010786426118927082
951,0.266363695917345,0.15624640496222758,1,0.0017336642889937551
952,0.30018005371942863,0.05404868881537171,14,0.015316910933990284
953,0.2278366141978272,0.1065899334232008,2,0.00280227690377804
954,0.2852005498785996,0.07727085847390791,11,0.01215599153805532
955,0.15310962926931848,0.03295193341140325,3,0.003294069365353332
956,0.3499011333558095,0.21425253378863726,2,0.0025834577884902544
957,0.16899523730119415,0.03245476487186497,5,0.005627243408222477
958,0.15266928656649825,0.03798353820532513,2,0.002689423520916795
959,0.14232026754906865,0.027832837794022295,2,0.0027238114033036422
960,0.2531836373453909,0.06803992087329608,10,0.011885865256388219
961,0.3311450138390501,0.2290586533780917,1,0.0011124088484017606
962,0.2118290588631623,0.1418157139121117,0,0.0004198660488645468
963,0.3164989986286207,0.2050105228450522,1,0.0015596119037112226
964,0.0968850994614766,0.007372575488635694,0,0.001068264023061232
965,0.15442217572696504,0.015708106107640687,5,0.0063595430167217035
966,0.24260996354663097,0.06835716036267066,9,0.01058114563753802
967,0.33166526999482154,0.07422868352231789,10,0.011326790331123363
968,0.2885066685249521,0.15220357293246864,3,0.0034761815534186465
969,0.3464277809702592,0.140325748681933,6,0.00661496439060294
970,0.28819719778872455,0.09362911758929963,9,0.010104120434345066
971,0.3192046086746661,0.10829160609590967,8,0.008930007535350082
972,0.3028669263324487,0.1450487054289478,4,0.0051985609011905316
973,0.12284921554548663,0.032027346899714065,1,0.0011002820047043766
974,0.1452147416891896,0.0178273412072243,4,0.004374344241126962
975,0.2824614109533364,0.13348551574617495,4,0.004860924134601054
976,0.1780315739516797,0.02446252205372461,8,0.009333408419693207
977,0.15044974857273472,0.03977916971977593,2,0.002320239606419771
978,0.15136675599977706,0.0023438166222187126,8,0.009091797237062273
979,0.1895276357784879,0.09666721910471657,1,0.0010930467301210971
980,0.09980543405357362,0.012921543137088905,0,0.0009554483224509182
981,0.31188823184501285,0.1887092701776655,2,0.002226595936887646
982,0.14592702974500618,0.01818981808313298,4,0.004422388832136339
983,0.34474431167730457,0.16635762852469382,4,0.005285615114270776
984,0.3304240564219663,0.028011525094277057,18,0.019842544600430133
985,0.25413465981141875,0.1611732950407542,0,0.000976164417840644
986,0.21839624507618025,0.018947403210230293,18,0.02058141600216005
987,0.24468181797239938,0.08955421695210466,6,0.00688702596287283
988,0.3128106903182704,0.20140365641426355,1,0.001573933272648768
989,0.30514499527930394,0.14742849102739713,4,0.005117728207953863
990,0.29510863238114277,0.17369243876227194,2,0.0022522145870916845
991,0.20920690242521053,0.06976637815744681,4,0.005322135574935423
992,0.14945938924960678,0.041626912403137345,1,0.0020850486736951777
993,0.34953263789082195,0.1886903192813407,3,0.0040932671273823966
994,0.27365889940072485,0.06690905024431439,12,0.013441810569800526
995,0.31716860427279897,0.2128707462357867,1,0.001242461568560523
996,0.2791424986355122,0.15962902060634965,2,0.002249012026761891
997,0.30327401652076047,0.11168563504393222,7,0.00854885153620419
998,0.17658033667794856,0.07772852465982605,1,0.0014088117486800186
999,0.2692020365349376,0.14899164485267785,2,0.0023751699736307462
1000,0.18560330066891298,0.09432565516075075,0,0.0010335565210848423
1001,0.2833720093381572,0.17990482425526133,1,0.0013251272134333567
1002,0.18180421959155088,0.08572881389096076,1,0.0012543161332010217
1003,0.09805988891713899,0.008141207993225447,1,0.0010853215748738193
1004,0.2970523118238615,0.033572922072629574,18,0.019571058722198824
1005,0.24607792978737283,0.05142394400447942,13,0.014731152233158731
1006,0.09327295357053814,0.004581250809345532,0,0.0010354948481486402
1007,0.298372987072017,0.115936698257841,7,0.007940823354462006
1008,0.2677234589208812,0.06940509713462673,11,0.012763846445590084
1009,0.3487853433904308,0.24610666992262514,1,0.0010775127440387597
1010,0.33722337224310345,0.21585359111839952,1,0.0019259621469757356
1011,0.1246865791599308,0.03888245211356336,0,0.0008934824377703286
1012,0.1935443167680727,0.06294395365790162,3,0.004253721070209623
1013,0.17720094586724844,0.05506324863968339,3,0.003337236640875731
1014,0.1624620838904065,0.0092357593158168,9,0.009926102877155922
1015,0.11520256691799816,0.013729552129775918,1,0.0017074962059335152
1016,0.17369358466370605,0.05321975000584517,2,0.0031732376885063984
1017,0.23763310817029917,0.08542410185930582,6,0.0066585461561755694
1018,0.28421714853484337,0.0034806195056916954,19,0.030580243144495943
1019,0.26100072365526067,0.11876863763925742,4,0.004592140081704468
1020,0.2578244298693596,0.12910534067591115,2,0.003196791926360898
1021,0.3062716029622723,0.10776822650965044,8,0.008983615102065329
1022,0.16820515371105302,0.057970705284392327,2,0.002206028297279229
1023,0.31565771421377997,0.15495778481600003,4,0.005058654184048036
1024,0.20065334945438498,0.027608306821071227,12,0.013822346384037794
1025,0.27740828073804685,0.059683413292525356,13,0.014726341058678505
1026,0.18418866370077477,0.04308682420606699,5,0.006186357304746783
1027,0.2413850002967887,0.11541037464394589,2,0.003120317447911453
1028,0.3466990757187215,0.11524062653200563,7,0.007753367092488275
1029,0.26477315552799235,0.17069404208776867,0,0.0009949412889829036
1030,0.25210318340440063,0.15980886497228555,0,0.0009561637319052896
1031,0.23797351073635548,0.12286841618839178,2,0.002217611697655906
1032,0.30061174563931065,0.16058838820895732,3,0.0036044291521710324
1033,0.2551730332372906,0.17418114348878905,0,0.0006172979990398085
1034,0.33472783658869715,0.1576522074421028,5,0.0056136065751821815
1035,0.14992402572888217,0.04711427251744769,1,0.0017152535535139854
1036,0.3343505305103805,0.16129441810427927,4,0.005358082053997919
1037,0.1928395838018499,0.08851611819032111,1,0.001683752755847468
1038,0.30322913862600875,0.1124962066354691,7,0.008467415239370878
1039,0.3420007502007203,0.21613262039050787,1,0.002124436059145823
1040,0.3024051925431756,0.20016561294846716,1,0.0012095104870741896
1041,0.09624531809691049,0.008681159607782159,0,0.0009857171571944338
1042,0.16330525604873541,0.02155297802599209,6,0.006833137374659511
1043,0.3475752969858517,0.12157407062379923,6,0.007424497073851277
1044,0.3124713304294078,0.1866280575500219,2,0.0023893385576686916
1045,0.28612007404991835,0.058310296346156046,13,0.014952159828361919
1046,0.2434252199045828,0.11033465862943985,3,0.003842602711796066
1047,0.2699611780165642,0.14748000038889073,2,0.0025393397969425565
1048,0.12486996717401298,0.04125520825227942,0,0.0008157434137473777
1049,0.1474059571414566,0.03463996492584636,2,0.002527028798419217
1050,0.13907262382390018,0.01461504002198842,3,0.003986238484347827
1051,0.26287417807764246,0.07346181613020739,10,0.011733072360623027
1052,0.3275483522854809,0.204987816617378,1,0.002063126668985957
1053,0.3263955153500147,0.21570018905434646,1,0.0014754722381212593
1054,0.1362253499842988,0.03043307329118667,1,0.001968393770402122
1055,0.29711063436169644,0.09193473984488744,9,0.010498393376849222
1056,0.34101613287155075,0.2400007836597181,0,0.001045420110551348
1057,0.2684537434852528,0.06651314009855128,12,0.0133026114760142
1058,0.2821855098736274,0.10067971574898937,8,0.008902463122560194
1059,0.30343888398966257,0.1696524576891163,2,0.003052714856555628
1060,0.26233754690332084,0.12871498345230037,3,0.0036173252383407987
1061,0.3461281388322606,0.18901977551942675,3,0.003949034307623766
1062,0.19703502379364649,0.009210393328066169,18,0.019805724465821118
1063,0.3119050133996349,0.21505834413835562,0,0.0009839698116619066
1064,0.2721197425453958,0.11859260204235463,5,0.005695333495767621
1065,0.1955140903609295,0.008610519403338656,18,0.019659106977031444
1066,0.27342449232380045,0.033990404746357936,18,0.019941615292618304
1067,0.33065212694441276,0.08063630443862806,9,0.010752580471387727
1068,0.3464343355349389,0.024789446932485016,18,0.020265458913297445
1069,0.2973174910371369,0.15589374571887907,3,0.003785595350938452
1070,0.273315283897846,0.1509227893037027,2,0.002503253780281704
1071,0.14407142980008278,0.05569927147003591,0,0.000972540210853954
1072,0.2776024652225747,0.14571417356874794,2,0.00323851924897089
1073,0.25127181513586583,0.11485605203838631,3,0.004096261860716667
1074,0.3219118876087341,0.11304217940002813,7,0.008545796593412246
1075,0.30807166048569407,0.1706856834450416,3,0.0032676507854969084
1076,0.2513522492022553,0.1523042278393659,1,0.001226418810915512
1077,0.34061030988017826,0.019431893416465156,19,0.022432235112683954
1078,0.28054517187985056,0.15176066816709705,2,0.0029359907258158613
1079,0.10089890407697985,0.011068313095644284,1,0.0010787559984117398
1080,0.1958920598227907,0.07403058825130417,2,0.0031419774957741065
1081,0.2902725130807296,0.06919722810713558,12,0.013286389759210586
1082,0.26410467079861416,0.15401588850767173,1,0.0017429295575823699
1083,0.17148907962331944,0.046584337534797605,3,0.0037370180152173854
1084,0.13753083470711144,0.008461795795171834,4,0.004741112272066168
1085,0.2564754228939714,0.14765277535442767,1,0.0017052250322027356
1086,0.2085044702601919,0.07895249875864803,3,0.003910858766310755
1087,0.12370172966186083,0.03633481550121758,0,0.0009539720512075093
1088,0.3136614371343059,0.2091140183012032,1,0.0012649876132728548
1089,0.31093862827144214,0.08675006346550024,10,0.010914017378019215
1090,0.24696470965397868,0.11216702577431198,3,0.003981976849288938
1091,0.2559481602734564,0.16666349026798652,0,0.0008478938730638919
1092,0.34088959122798423,0.20916829743879606,2,0.002462012866621626
1093,0.16261980738708606,0.00026329966499019294,12,0.01309048998546876
1094,0.26906691112023595,0.14414554958737252,2,0.0027409669171521702
1095,0.1704300782910311,0.033719650211373214,5,0.005632203693621379
1096,0.11783979040007424,0.011349367315017522,1,0.0020778837516788845
1097,0.25011047121024665,0.08584109709595682,7,0.008200872661224021
1098,0.2733001690026046,0.11830151192801953,5,0.00584343457665025
1099,0.30643715257866394,0.0706576149428802,11,0.012771895525226517
1100,0.2806197709117245,0.055349071385290625,14,0.015483238573716075
1101,0.24549728929777995,0.11062735447372003,3,0.0040140694384688605
1102,0.33007363550955715,0.03965841460059064,15,0.01678099435883236
1103,0.22417175737004236,0.04444454846271918,12,0.013517518539006325
1104,0.20354779402712625,0.07392257724564122,3,0.003985672909982757
1105,0.2947647122674957,0.19665298052758393,1,0.0010721412198008635
1106,0.14621826548202949,0.006469219464665301,6,0.006769630726311574
1107,0.2513345755023452,0.08541652103937268,7,0.008423965830005433
1108,0.23035014359396686,0.10064694472591892,3,0.003642444874159888
1109,0.2207807560400007,0.1138489697540395,1,0.001744512038034222
1110,0.22798350048587235,0.12322263759780752,1,0.0015873222194934665
1111,0.2621253523582269,0.13188079390381086,3,0.0032882286685172505
1112,0.12803992518483495,0.023582966251402767,1,0.0018904657915296702
1113,0.3061047070228297,0.0964548768004617,9,0.010055328302718191
1114,0.12204297670958562,0.009519494639297656,2,0.002616507280137041
1115,0.2843526134941813,0.07414970687103364,11,0.012577066865405832
1116,0.30491817556744977,0.11331685052382458,7,0.008430283828658788
1117,0.3219007227273564,0.12118743410051894,7,0.007958401854274707
1118,0.26508620085740087,0.06213479798279048,12,0.013922996835276036
1119,0.14252808115385793,0.030830516595540047,2,0.002447953560399064
1120,0.25977905750654146,0.14325566061547143,2,0.002179133321811266
1121,0.21526749490576802,0.05359075670072491,8,0.00956053845840076
1122,0.25929850579550184,0.0365969809441406,17,0.019115911551765643
1123,0.24745156201635415,0.14439269945351726,1,0.0014280180877729199
1124,0.3212663103179484,0.16626423804871399,4,0.004421883058148803
1125,0.2310371093756843,0.022844471409413175,19,0.0210541340273554
1126,0.32069501764653846,0.060501905482587624,12,0.013502989580767403
1127,0.2546613662527342,0.03381733748282014,18,0.019652924776057144
1128,0.27111588348929944,0.10703374543240782,6,0.007144059881169442
1129,0.23617622182091236,0.07468580826752763,7,0.008403970913647798
1130,0.3086953448968708,0.1905791427437359,1,0.0019503082324303777
1131,0.3162679534917798,0.10915400975583826,8,0.008890793843470001
1132,0.23510998609445577,0.08268835071510805,6,0.006784047422284143
1133,0.29922318516804436,0.1524869442887233,3,0.004233166639154491
1134,0.30288421795664533,0.07247546668395835,11,0.012653118540326665
1135,0.14971969835985363,0.040872369549039306,2,0.0021669067790127798
1136,0.1261126727518884,0.012317721066488485,2,0.0027304734993613914
1137,0.1797640147671081,0.07096390008540651,1,0.0020427100644114728
1138,0.17111242740249932,0.03610955210277882,4,0.005305324516999421
1139,0.2630732919803893,0.02956047726710198,19,0.021034128494354556
1140,0.2075461328018852,0.03676695362878572,11,0.012508619651747667
1141,0.34495517012424404,0.2401649691983466,1,0.0011636000847151781
1142,0.20269014736349494,0.06891381913279851,4,0.004572008759833774
1143,0.21860994907094486,0.03742599718371185,13,0.01452719247185871
1144,0.22268406155663173,0.11621624932125564,1,0.0017082105719107633
1145,0.3397622414240894,0.22678919499764716,1,0.00151066433224771
1146,0.2025143612075905,0.09975716984260102,1,0.0015578562015953073
1147,0.2686632357062885,0.14184499152941216,2,0.0029032234318064573
1148,0.3045231776517437,0.09674973731100264,9,0.010029699580107871
1149,0.34755372618908453,0.03113640934903652,16,0.018210334307384324
1150,0.26352377092831863,0.13864038277728866,2,0.002792646239463059
1151,0.2484752720477997,0.0644624004337028,11,0.012112968363662723
1152,0.11513424976804228,0.007890470697955121,1,0.0021486683932291245
1153,0.24918687715167062,0.037963615044911365,16,0.018275147049466384
1154,0.25968395855181453,0.11272242735238922,4,0.005212276492000763
1155,0.3037868842595753,0.18447859396490657,1,0.0020541376317726504
1156,0.10996189421944692,0.01493904504216612,1,0.001323606600317336
1157,0.2865526386116356,0.09691575737848654,8,0.009625741696682535
1158,0.10911217689790496,0.017532719194353272,1,0.0011507334239595273
1159,0.2888938423514776,0.16080536054910355,2,0.002786859014166189
1160,0.2478960972546081,0.1357319868458628,1,0.0019539801848892768
1161,0.24097515219268445,0.11155486372573133,3,0.003474745975936932
1162,0.09198090246031745,0.0019117392569856743,1,0.0010975703315186137
1163,0.1976763777709678,0.018724613314772605,14,0.01619886648005203
1164,0.23549547311669863,0.14146868922799669,0,0.0010538496863688874
1165,0.34416306037960254,0.06927097166197885,10,0.011233801128578658
1166,0.26313817287324476,0.061735726860854996,12,0.013892694273892453
1167,0.23294263513095645,0.026873095003765536,18,0.01997037386467828
1168,0.2434938453077256,0.08503906479153811,6,0.007500533289864334
1169,0.19598319490051191,0.08877888422458258,1,0.0018615302538981745
1170,0.26023245135902434,0.0844959792268302,8,0.009573070581551725
1171,0.2984268167161536,0.14556388901530637,4,0.004841983127326667
1172,0.17084995345778772,0.04136430342657573,4,0.004395321524555307
1173,0.212087493479169,0.07859072482181347,4,0.0043804196266851066
1174,0.15976600682076153,0.07825636384521509,0,0.0007210381412381331
1175,0.3133919253196243,0.017841460187886536,19,0.023894171713333787
1176,0.17681080757658643,0.058722218705303655,2,0.0028900975630111463
1177,0.20274728303985892,0.09533145121262038,1,0.00184887266837004
1178,0.34892548991395683,0.24465091998929217,1,0.0011316978380385965
1179,0.0976133100457112,0.0036482725711167417,1,0.0012827951249060631
1180,0.09411288997628674,0.0003963945219623578,1,0.0012737173626006174
1181,0.28604209430434224,0.13614061597375812,4,0.0048685668979380915
1182,0.315328400736021,0.1782557499060042,2,0.0031361157609528954
1183,0.1655812013101065,0.009312249076819604,9,0.010745566792426902
1184,0.30835505430814597,0.20948340003482113,0,0.0010635734931688638
1185,0.11621831564872083,0.008612025635463967,2,0.0021764464353422825
1186,0.3127278908030978,0.18947808736640395,2,0.002223913401981039
1187,0.2531161285353935,0.16565983831653328,0,0.0007953887238921196
1188,0.17466916106551225,0.017121935032710874,9,0.010675446392332326
1189,0.14305879607563907,0.01147081823402076,4,0.005121027071171403
1190,0.10435060032362113,0.013422554422263082,1,0.0011253007909872268
1191,0.16410946088303474,0.002756148675732861,11,0.012608824427684157
1192,0.22253722911887155,0.08812123358641456,4,0.004334520044301679
1193,0.15462170675712525,0.0623011100476198,1,0.0011258187360898644
1194,0.1988844357671434,0.0903416680437465,1,0.0019429157448316622
1195,0.20974854339146748,0.030845694558229636,13,0.014803132166081716
1196,0.33949345202237385,0.21517047643071732,1,0.0020630753722477332
1197,0.23483708716804233,0.1387980617888863,1,0.0011374790798219555
1198,0.302315916625885,0.014754491055022276,19,0.025371007945474717
1199,0.3066728187649925,0.03016781491555315,18,0.020131880307237133
1200,0.13453790178710456,0.023381702384097463,2,0.0024310587850527995
1201,0.32788636408179384,0.20825611705633276,1,0.0019017905197619264
1202,0.15051325612680164,0.009042312515999983,6,0.007080937101817484
1203,0.10733567414253517,0.0037165624852022153,1,0.0018784611547880007
1204,0.3399590697407793,0.19961058967395673,2,0.002998235255494117
1205,0.3356803621164067,0.10813604716487858,7,0.008537001393016075
1206,0.24949931840862574,0.1207501002846548,3,0.0033001193671376716
1207,0.12434942619641769,0.0032022458956151977,3,0.003631224797018425
1208,0.33834318780427375,0.23807997989108648,0,0.0010281160902305935
1209,0.2966738089099133,0.13775605775693733,5,0.005510946353328453
1210,0.29451965524919355,0.06981167205206326,12,0.013158229557940356
1211,0.17076371508464847,0.054975207890740486,2,0.002695884043544878
1212,0.24294122079248362,0.10067498840304001,4,0.004995732927479332
1213,0.3128668216591771,0.07650859998633575,10,0.011892029524114101
1214,0.18535172907197653,0.10051812788005282,0,0.000799895875594794
1215,0.33881332463093,0.23782807118314908,0,0.0010509006489706563
1216,0.3198273420639259,0.19556914447772636,2,0.002224752357061876
1217,0.33495626562595093,0.08917158326359453,9,0.009839601219050644
1218,0.2558223368137147,0.09632796567512703,6,0.007140271875866936
1219,0.157307541615834,0.07009991948725819,0,0.0009130386356702538
1220,0.12212637001892887,0.003796810884786339,3,0.00327419973475246
1221,0.11193016135557579,0.024497832245248354,0,0.0009673241812080596
1222,0.2359205536279049,0.062392474874555535,10,0.01093719642067916
1223,0.18814672539501545,0.020921722065032598,11,0.012957643627767503
1224,0.14441767534226288,0.03914556186373505,1,0.0019043421208846162
1225,0.25762556934626796,0.06275088480408278,12,0.013327231763997086
1226,0.31151202285239316,0.11856690544705002,7,0.00808418185491112
1227,0.3460321585492165,0.11008512625017801,7,0.008037894582911712
1228,0.20126650150564754,0.0927584756020174,1,0.0019302663714030673
1229,0.21973917600553092,0.06456606768489238,7,0.007900831753672233
1230,0.19854459754665119,0.029304760800768048,11,0.012780381455316285
1231,0.2128322720171223,0.034800884236508366,13,0.01419938426425791
1232,0.19228358109344496,0.09712088904051773,1,0.0011899515757493036
1233,0.3062449274295931,0.03874344879784136,16,0.018016567833464947
1234,0.1522246662129578,0.017881767414532485,5,0.005502550543568618
1235,0.27368534544149703,0.07091584800290904,11,0.012789627713724662
1236,0.22108300584894433,0.06858052902613736,6,0.007313492985734935
1237,0.2930572014281221,0.02013166394135728,19,0.02360681275727356
1238,0.15344906321122345,0.029412825103340905,3,0.0037941664061466648
1239,0.1537565974767559,0.04117908157267214,2,0.002478796768018361
1240,0.27896256773947636,0.17568537034960058,1,0.0013316756989024256
1241,0.2021986885415116,0.00905246297309068,19,0.021166353933535834
1242,0.20541688951646997,0.0509530800467208,7,0.008359084211292667
1243,0.28073323260115196,0.10807780583785742,7,0.007823283332432714
1244,0.20172811624113093,0.1103459938793658,0,0.0010117388742776694
1245,0.25806754025719697,0.12976251422337132,2,0.0031550104112246418
1246,0.19807610673168877,0.0693028074104819,3,0.003945134741404754
1247,0.2334306320500877,0.044002485045425456,13,0.01507421786416154
1248,0.28780352556242633,0.0514434409566053,14,0.016090386411719452
1249,0.23829959841823323,0.09216508954707367,5,0.005667201633023126
1250,0.2642701141934733,0.05699691154795885,13,0.014855215358413195
1251,0.15662183671435725,0.028882904408243093,3,0.004301381596035843
1252,0.20262548486616222,0.04650135696383723,8,0.008875202600826434
1253,0.2432380811571176,0.03661396897818223,16,0.018169406008622213
1254,0.16934442455148446,0.07669933200940891,1,0.0011174966050547426
1255,0.24983182502137166,0.1077685252319108,4,0.004814496878142878
1256,0.3442409749716573,0.1620597377812995,5,0.005522319449712103
1257,0.3482751627861513,0.14021047717038088,6,0.006587338420606926
1258,0.30206502437173344,0.11398874360042745,7,0.00828375191540054
1259,0.2986897880217907,0.05307250395953268,14,0.015527426742803377
1260,0.3440024561186026,0.11380352823169926,7,0.00792635534394624
1261,0.29403886878215413,0.11743841333166662,6,0.007557840875610044
1262,0.16448331710249814,0.032052416495503,4,0.004961211498173528
1263,0.2930981722326366,0.16017396070879636,2,0.0031216089671241023
1264,0.23065243443065708,0.05788973375472364,10,0.011170829565042513
1265,0.10401486096305157,0.015179176689703255,0,0.001032451758490611
1266,0.2648833386810589,0.09220411517361202,8,0.008761821512010751
1267,0.30520429628936596,0.12687472702544694,6,0.007123172881591237
1268,0.2411309690945571,0.026153360620071446,19,0.021002857018361108
1269,0.12919472134949986,0.017991633402821776,2,0.0024571575989518427
1270,0.3339522228593143,0.23072491532679948,1,0.0011444992540347702
1271,0.12146244361120415,0.004240027749933115,2,0.0031414683494536745
1272,0.10816686074722573,0.02053696550864719,0,0.0009785709810806104
1273,0.268142654734601,0.08856695149163213,8,0.00963297628787314
1274,0.21399929567522308,0.01595974678114656,19,0.02090492570358175
1275,0.24907718259949535,0.029569220424675472,18,0.020538642163595557
1276,0.31937143552496194,0.1494998323671953,5,0.00570394076952825
1277,0.21607773415531722,0.04503983070576476,10,0.0118867570592558
1278,0.11928027485567717,0.013476611497990933,1,0.0020182050104709903
1279,0.10246873222820618,0.014392194312721807,0,0.0010018020162874855
1280,0.2865143211719562,0.17570307067766963,1,0.0016737079625860996
1281,0.3410494365432537,0.23367552521932478,1,0.0012743845130206684
1282,0.2977789841201495,0.10216502710397421,8,0.00939520548478891
1283,0.1820668379012979,0.023675722243513685,9,0.010531853594946204
1284,0.22436484327785747,0.05334998955243461,10,0.01123403654326561
1285,0.19037611097187598,0.09691825327845593,1,0.0011172919686712386
1286,0.25894243881355933,0.03318885717193079,18,0.01997267590183374
1287,0.19396654025136775,0.10610439977938184,0,0.0008918152452981907
1288,0.17079964614268167,0.026644320069542912,6,0.007186477103065155
1289,0.11598169863454962,0.006927215655848634,2,0.002305174608593654
1290,0.3286141796971903,0.06468654868217567,11,0.01256783775794628
1291,0.3443707599070908,0.1432928180582934,5,0.006502588011887128
1292,0.2466330663454611,0.04642561924564931,14,0.015968769697356913
1293,0.29179855091203427,0.011601079566876445,19,0.026838910882321335
1294,0.2710228504397813,0.11947778313142818,5,0.005479747190895461
1295,0.17286337635102964,0.03232949490416767,5,0.006338823669678451
1296,0.2181924337786072,0.01114099833171993,19,0.023539332644602295
1297,0.17609958556720068,0.05025592886930157,3,0.003813795429560066
1298,0.3391200786202859,0.21183446815214632,2,0.0022275458049972425
1299,0.3093645811397832,0.15363167105079034,4,0.004808271976836527
1300,0.3290454151872244,0.20627516314242053,1,0.00206295232747161
1301,0.22881906408511074,0.07797997627798944,6,0.006727407504325745
1302,0.20249116615809346,0.061231738205493345,5,0.005780424799280701
1303,0.21631243908951012,0.06135191510894719,7,0.008001862296331355
1304,0.11339489505872057,0.008494147206801972,1,0.0019623714421421684
1305,0.27834510333596185,0.16686340585868195,1,0.001751879290917978
1306,0.20388434546946577,0.06669087200932675,4,0.005070951057097147
1307,0.21187584142422364,0.045042620717909244,10,0.011072486987288603
1308,0.30311216029682536,0.16746654461856916,2,0.003203116087202003
1309,0.14413125243377264,0.05123963201865223,1,0.0011676088280977717
1310,0.0923206343759757,0.003236621559010168,0,0.0010533073368218608
1311,0.22163599829707856,0.02164865240877667,18,0.020152446589749993
1312,0.26483224507080183,0.11184503154585125,5,0.005858737306594785
1313,0.14103186186639166,0.02121119732746675,3,0.00333951955921076
1314,0.3341459773798374,0.23184547609281464,1,0.0011106123748249948
1315,0.2529117982267502,0.1241096514954064,3,0.0032639176876762543
1316,0.1996565500360025,0.07405397433243263,3,0.0035306861823300784
1317,0.16548155711999424,0.01348059122958745,8,0.009425235358517412
1318,0.3060768679292147,0.1932975825002824,1,0.0016768349982983451
1319,0.27006208712329727,0.1726025234038519,1,0.001110879017858608
1320,0.3468184729312566,0.24344936275467577,1,0.0011073314330953493
1321,0.347263379918494,0.034685836385604116,15,0.01723305702584277
1322,0.3061622745200213,0.1142196485630758,7,0.008373085616120907
1323,0.3452606470271917,0.20151647865432246,2,0.0031282584029079965
1324,0.2567950307561329,0.08984863774049748,7,0.008300956722649624
1325,0.2096066367152887,0.07816934879597467,3,0.004140045452795497
1326,0.2663662996063306,0.1305001452981046,3,0.0037845505933651715
1327,0.20383380993465366,0.01287354538495919,18,0.019970343862324616
1328,0.3327482779312779,0.08025063116234533,9,0.010690051145443004
1329,0.2951112197176603,0.17967568016383711,1,0.0018839845831699802
1330,0.17893551104106215,0.048812920537327636,4,0.004384673978980744
1331,0.23155405475672908,0.034635027738780216,16,0.017436325442569848
1332,0.2635259264201594,0.14456617735465582,2,0.0023272360921862646
1333,0.3376108889795642,0.19569754762475336,2,0.003134740589310515
1334,0.3442007689423461,0.10293584297030314,7,0.008506920039495509
1335,0.20812962460036918,0.11971643528533721,0,0.000891727810192712
1336,0.19564135916944017,0.028272066402787333,11,0.012419741834445434
1337,0.10948536051531733,0.0019184820086059493,2,0.0021928524685701067
1338,0.2390393416906322,0.020057525629818173,19,0.022792162197618336
1339,0.3153552756486952,0.06994110627759895,11,0.012533025068415127
1340,0.18625428051797988,0.08124830449518815,1,0.001749887499420767
1341,0.12012510426893577,0.030574877653105677,0,0.0010473586453047029
1342,0.3441965799082771,0.2514767489117789,0,0.0007887369268257449
1343,0.19530048750468879,0.02257418525186358,13,0.01422116431947187
1344,0.1905345531663794,0.07493314166973357,2,0.002556514620651778
1345,0.3220666184520235,0.22259509590253174,0,0.0010470768957411532
1346,0.16946347450988933,0.0016316058753855554,13,0.01473875232338797
1347,0.2849759402669451,0.07244731233332621,11,0.01282498613817612
1348,0.21329595097029785,0.12130511835982034,0,0.0010159152069769439
1349,0.32792118762774886,0.23026148382069592,0,0.0009708054703407435
1350,0.29065617699254,0.18654762071231937,1,0.0013282749989133912
1351,0.09645603581636357,0.010513274684092903,0,0.0009210987233301203
1352,0.3463597604008146,0.22028208515757192,1,0.0020978709741017497
1353,0.15622624088393164,0.06437589141342652,1,0.0011024769284152932
1354,0.21888358478457065,0.09665548394226617,2,0.0029748150126093042
1355,0.19578550991478116,0.07251192028637227,3,0.0032994561593172023
1356,0.334473030954907,0.23335977146736545,0,0.0010681202538018136
1357,0.1951148537932189,0.06139476091289648,4,0.004687406496308233
1358,0.13342515769732408,0.011898213223186968,3,0.003617289318750622
1359,0.24161706491248244,0.040905881760086416,15,0.01687547565449837
1360,0.3461320194902906,0.20012073693786234,3,0.003253904278695826
1361,0.13369630308693536,0.013671330353788019,3,0.0034163420904818977
1362,0.3001880260383981,0.06478018094801692,12,0.01371399740864801
1363,0.2613512970917182,0.1385316369799013,2,0.0026427760871128156
1364,0.125708144328418,0.008249503217680565,2,0.003146211517652186
1365,0.15144053362078427,0.03340554425710488,2,0.003056031275888185
1366,0.20712041127839684,0.10610269921248168,1,0.0014467310664700549
1367,0.2636660052398482,0.02490911591985423,19,0.022365956871452937
1368,0.3366656548537176,0.1936715133706388,2,0.003220980580337214
1369,0.32663245830477106,0.1264021038700976,6,0.0075884668464769175
1370,0.3241172731801108,0.22649129592417075,0,0.0009793568086071745
1371,0.2115523227684712,0.035494718050977724,12,0.013726887760647224
1372,0.3089372255246454,0.08820239034417758,9,0.010816556280512288
1373,0.1282172975597377,0.013768744907106003,2,0.0027901634799401115
1374,0.27743078491799916,0.13881131760066723,3,0.003877484709405153
1375,0.13986937531080254,0.03164601870289431,1,0.002151212126551504
1376,0.30744584035728884,0.12093809433577721,7,0.007774412998476218
1377,0.30640051129062845,0.18539053240258777,1,0.00213760331596653
1378,0.12951668811405914,0.006126355987032767,3,0.003911605836822346
1379,0.2617800358933487,0.12107497739538203,4,0.004396441385790329
1380,0.3167711041978502,0.1764098149605297,3,0.0033608788667718616
1381,0.20731237895606186,0.029544663889460282,13,0.014699926934716527
1382,0.31606562433809765,0.19635735154695738,1,0.0019893576745916167
1383,0.17604904389243892,0.022779139259168944,8,0.009337105241661325
1384,0.17739308621599084,0.09042893214654943,0,0.0008809422048760969
1385,0.3407027250879413,0.08854269592887418,8,0.009621157412881701
1386,0.09598116158600173,0.0030829914022464664,1,0.001229540902243834
1387,0.3295182251050859,0.2238721486114416,1,0.0012512407312332942
1388,0.20975051004563802,0.032671744408854356,13,0.01422338631404075
1389,0.23917930822067127,0.1182125175500745,2,0.0026808262939997823
1390,0.31212935742024933,0.1467127883654493,5,0.005596389411165487
1391,0.22403353276648727,0.06882780196666163,7,0.007726955722764674
1392,0.3391995380625429,0.09940024496628899,8,0.008937029772731456
1393,0.29118439967702237,0.029528168654263286,19,0.020798157179930495
1394,0.10103709540420062,0.012477457345383957,0,0.001023322416287599
1395,0.25040380022906084,0.15333074555570259,1,0.001144117860638948
1396,0.2854987572881375,0.027625598472008336,19,0.021458691578650758
1397,0.34899738376976686,0.21790624196793265,2,0.002340623978285396
1398,0.2093381382637667,0.06471814633041933,5,0.006207703911938301
1399,0.3235470685302698,0.19423317883325833,2,0.002501242255561427
1400,0.10936237514692473,0.018991301733266734,1,0.0010947041963938306
1401,0.2755544193071412,0.16628074882770538,1,0.001643130506874965
1402,0.11621199296553848,0.007535070013812809,2,0.0022703912685699892
1403,0.18465831691058293,0.05611222457714211,3,0.004083078891484963
1404,0.226572262214836,0.0839083196890531,5,0.0054366882406093825
1405,0.27862099429818765,0.12446385620360458,5,0.0055666795228660505
1406,0.22062086370126813,0.06593823174762495,7,0.007763896169290801
1407,0.12971158097338473,0.03683807974946053,1,0.0011871426161636249
1408,0.3364097045740821,0.23119632203812665,1,0.0012094571942890305
1409,0.3321615374459675,0.18958117555274798,3,0.003267594113584604
1410,0.19415397109928767,0.03089227556151246,10,0.011265086200691167
1411,0.13547933869413434,0.02491479557859973,2,0.0023723685121462435
1412,0.10699687122089428,0.0006801921592654268,1,0.0020931352448033736
1413,0.25566322401831254,0.14048161441570936,1,0.002112355547662044
1414,0.31522632626398756,0.11376482986071533,7,0.008522713099969414
1415,0.20689517727023513,0.0646622565241537,5,0.005845287192242502
1416,0.1223728426953187,0.0045630102820374855,2,0.003208084828451152
1417,0.3444805974098558,0.24246801457734024,0,0.001068482069140411
1418,0.11781743145408821,0.008605547609186182,2,0.0023134019436083482
1419,0.09984419364205686,0.011468051547480054,0,0.0010165783204314643
1420,0.10561029640918575,0.013938414182323222,1,0.0011589372977935323
1421,0.3387514273842758,0.11936968744520846,7,0.0078103267161100534
1422,0.17597990584069564,0.0888298473366525,0,0.0008892460732776552
1423,0.20687843404899983,0.020936744348338338,16,0.017571662106197507
1424,0.21725710073570467,0.09031815296291522,3,0.0034900823251336824
1425,0.2681392720627077,0.08145073820617396,9,0.010773887934337308
1426,0.1926422083931267,0.036955324714528295,8,0.009234907897162857
1427,0.3214827785111671,0.0146680160240789,19,0.024936067605473806
1428,0.2806813344346275,0.07165868249519285,11,0.01287695285179582
1429,0.29482360364440985,0.046098485925738356,15,0.016899289979258277
1430,0.19840297195785728,0.0811268951057455,2,0.002659944223062758
1431,0.1453589796225039,0.015417635681560503,4,0.00479659718699806
1432,0.24505172344594842,0.07520177310138178,8,0.009523951881140079
1433,0.1283107294545212,0.00730904849699796,3,0.0035832605843936958
1434,0.2981021031509008,0.07718122120053586,11,0.012180830744035432
1435,0.30742522100172937,0.09076581622564137,9,0.010592513187221023
1436,0.3311026554312883,0.19461467860802162,2,0.0028746884968296827
1437,0.27856300288128827,0.09469208422590103,8,0.00948883774190888
1438,0.29753984315758936,0.11744787765339733,7,0.007740093307420555
1439,0.30111807538646695,0.14194468163965418,4,0.005388707828137523
1440,0.3109607642879911,0.21193767514771947,0,0.0010619024991767845
1441,0.22289896535854764,0.09569995068518795,3,0.003454032377448251
1442,0.2759584241345576,0.035955786586473894,17,0.019449460578058676
1443,0.3017106805804814,0.04267885992094407,15,0.01734439803424417
1444,0.1228798139855893,0.026535817591773814,1,0.00137679348159179
1445,0.2503020902837182,0.10499754749251226,4,0.005233397072562124
1446,0.3422155801237443,0.050009945612760245,12,0.014101820433587662
1447,0.12577085925477433,0.01959226538467953,1,0.0020297359536208164
1448,0.2195664317493588,0.10960052194934165,1,0.001949210318669063
1449,0.2720959240979074,0.08569747096583524,9,0.010382406856761806
1450,0.13685860536573874,0.004003957689675925,5,0.005450504310649213
1451,0.26282469705955247,0.15650336941874246,1,0.0015401467510184309
1452,0.3421514191652527,0.026760620583174945,18,0.019773426150668013
1453,0.20042683856053825,0.04126029688508373,8,0.009750217930212707
1454,0.15783066249432937,0.04077989381013974,2,0.0029060869133051017
1455,0.23986929386707292,0.14455675268914628,1,0.001096099915085211
1456,0.16742918212958136,0.045103597375734814,3,0.0034450649210584607
1457,0.3261280802678234,0.18753403859602846,2,0.003086930107459317
1458,0.11226079173197306,0.0037599556847537404,2,0.0022670773780870588
1459,0.2951594581597379,0.058632973210874975,13,0.014738831112190254
1460,0.28660576876191246,0.1584763995857039,2,0.002815131346521718
1461,0.26818526068172477,0.1627789691526687,1,0.0014722231345151951
1462,0.3256942304786416,0.1692255805407104,4,0.00442102655898074
1463,0.2785309072208792,0.06585517492904736,12,0.013730189949557443
1464,0.3087630824129909,0.18387370158976857,2,0.002361970493285914
1465,0.29191289160605743,0.1330634813496014,5,0.0056658814860481264
1466,0.32312379446949413,0.1810042555394837,3,0.003386489874729405
1467,0.16095661913202772,0.020751172255167438,6,0.0065433661449142665
1468,0.3366103252486089,0.174980289435861,4,0.004496835971426951
1469,0.2683045811186548,0.08578174705346056,9,0.010088503090412015
1470,0.2198417339447747,0.03024721670884057,15,0.016967776492462207
1471,0.10388599175786241,0.014601335901300642,0,0.0010519312263514767
1472,0.13589890967105495,0.04719724280941861,0,0.0009948648366706345
1473,0.2735318109175442,0.12799908012135877,4,0.004695288453993586
1474,0.31581866179081053,0.14945201450930395,5,0.0055434419768163445
1475,0.279785997529515,0.06770799822649531,12,0.013460411113786323
1476,0.15826704419972207,0.014616772371561379,6,0.007413382835746643
1477,0.12186249936229682,0.017105501751267783,1,0.001929487437841115
1478,0.32739789663767843,0.12533312676094338,7,0.007656462113543469
1479,0.31769899948336894,0.15686623508284367,4,0.005005346109843278
1480,0.23123184336534733,0.08668689111110892,5,0.005611304759059236
1481,0.2282746772690401,0.044601039456931134,13,0.01414933301107495
1482,0.11568797330058876,0.009801081240798822,1,0.002034696877739495
1483,0.1722627756991408,0.008115420887698298,12,0.01307913626748398
1484,0.2834781900374823,0.12821601075607605,5,0.00554238257788481
1485,0.20345937191543262,0.0922542775412952,1,0.0021173091827492102
1486,0.3109122548307287,0.19279823372414442,1,0.0019352386175285838
1487,0.09896860646907067,0.012237258657593397,0,0.0009500361498806667
1488,0.10533964907068213,0.023493197476711466,0,0.0007703465822773306
1489,0.3115652160625104,0.10957948446289324,8,0.008862339497564957
1490,0.32593419397729395,0.19521766878901406,2,0.002564597232301966
1491,0.13959011320470832,0.0023482212743743385,5,0.0063287802621072005
1492,0.11308026437570359,0.020351596303273715,1,0.0012015072086901904
1493,0.26370476129722475,0.1129592000461877,5,0.00559521618547719
1494,0.09880029089040457,0.010452618777129694,0,0.0010162567896608527
1495,0.34951893382392785,0.24389194904014344,1,0.0011773982629042009
1496,0.3249284273228596,0.04336316182769229,14,0.016215332377073528
1497,0.12292029264855654,0.011450977609720955,2,0.0025077934034211315
1498,0.245040846630112,0.09637494138050988,5,0.0058572449733865365
1499,0.2602678331080598,0.04883288280879363,15,0.01633702958320895
1500,0.30282292444393666,0.07859897769133621,10,0.011940123258711802
1501,0.19830662185276524,0.0783031020545243,2,0.0029266397279977797
1502,0.2947639923710909,0.15011617637412936,3,0.004132615229727619
1503,0.3209056493711977,0.17483139819411453,3,0.0037248392305952254
1504,0.2696176574275403,0.1546726842919222,1,0.002010172665648969
1505,0.24417740337226657,0.05369412853305271,12,0.014002113272102963
1506,0.34451672626362273,0.24421983181291562,0,0.001011662601609934
1507,0.314656425035188,0.10622529059984817,8,0.009138716904515716
1508,0.2484742701912272,0.09035996934228187,6,0.00722915197907348
1509,0.3342708735226323,0.04109891242729058,14,0.016264044514058763
1510,0.30848636707836363,0.16472737269625823,3,0.0037789927318244133
1511,0.3069499916510547,0.10071121017735342,8,0.009650016826457858
1512,0.26613011580458296,0.12623954089253103,3,0.004218800148033535
1513,0.16789796191144526,0.07551199436600382,1,0.001108364156298966
1514,0.09807229527376062,0.007921560364378324,1,0.001095782366788782
1515,0.3041779586902856,0.12919548994005262,6,0.006846907163402321
1516,0.19463479886128815,0.009934242797682461,17,0.018865313751358876
1517,0.3321092244516056,0.10001972572188937,8,0.009179152110730459
1518,0.23735384681986801,0.08815943723717462,5,0.006171952197769273
1519,0.15473675087162225,0.03429675884650363,3,0.003316253660192617
1520,0.2980724736995981,0.16198926442308842,3,0.003312306907083317
1521,0.12105475802560454,0.012007249691130551,2,0.0022876657798990337
1522,0.3489812892136224,0.028192246115173472,17,0.019045942766413568
1523,0.13140315599754568,0.019476650923209084,2,0.0025177375590274245
1524,0.3304941307554717,0.14823606620445043,5,0.006153437794645398
1525,0.2162165653023806,0.11529793264623611,1,0.0014152869604643155
1526,0.24402709553279806,0.08820685892094793,6,0.007027713095789562
1527,0.16477115005723547,0.04821626596299955,2,0.0028102377977234877
1528,0.3270917771038655,0.03947813943735408,15,0.016957782841967115
1529,0.13122570911123532,0.02277478680322241,2,0.002200614259389911
1530,0.3204129180522289,0.18024514872000308,3,0.003287489145931623
1531,0.1835212173606234,0.012784806997411378,13,0.014612912130414667
1532,0.266738699164916,0.12672007762402987,3,0.004221253796109553
1533,0.16435637415975082,0.07289829667674469,1,0.0010734868312831359
1534,0.14048921239071238,0.008128936531784084,4,0.005302066910945398
1535,0.3324642961854333,0.05466178488990084,12,0.013800223242997432
1536,0.33604774951709954,0.23919507844683102,0,0.0009251959077227736
1537,0.2835807247472151,0.13030681194690544,4,0.005311017602602348
1538,0.32386681317540994,0.09003953337843866,9,0.010226478987603713
1539,0.32400664695496173,0.07875090400748426,10,0.011226980714273525
1540,0.208866616839878,0.09594736339960412,2,0.0022214843991615117
1541,0.2310211619973531,0.027302029101408946,18,0.019602467914820506
1542,0.253308948408318,0.15514543775516204,1,0.001182794516627788
1543,0.27113316503966667,0.15064858011971963,2,0.0023798886845380917
1544,0.13068397310955834,0.011473786501460968,3,0.0033323480921031
1545,0.10452860290154216,0.018240969395732786,0,0.0009283923671361408
1546,0.34860857230882897,0.21986393752601285,2,0.002218150747706248
1547,0.324168870749724,0.1856237810544256,2,0.0031125481030934714
1548,0.1400354870227546,0.047468338771467576,1,0.0011583074343743671
1549,0.1616189685569298,0.05246708946999756,1,0.0021450887100491196
1550,0.27641371620552746,0.157857478013619,2,0.0022038631423044095
1551,0.2177164335285647,0.10986559922326128,1,0.0018157825928690498
1552,0.14260796441845958,0.05276765255574245,0,0.001034118769529996
1553,0.33006148418525866,0.22589833433921985,1,0.0011922635229009728
1554,0.29821999237964714,0.18231752741086726,1,0.001891677246828045
1555,0.2961206012688955,0.15982479867154045,3,0.003359316469181639
1556,0.26973266119069483,0.048864115493403214,15,0.016620139866973468
1557,0.1791901361753531,0.03488898380039474,6,0.006983445961650733
1558,0.09629437331563367,0.005786769203914383,1,0.0011137468104470785
1559,0.15690517716338567,0.06583439242447461,0,0.0010676042890662041
1560,0.25989673165590077,0.03216265340669519,18,0.020268705989171222
1561,0.3382855404732995,0.21198566128634788,2,0.002180515115383187
1562,0.14555048568893833,0.05858378195502538,0,0.0009167961908063814
1563,0.32922311259695675,0.18801838484916347,2,0.003220637770066244
1564,0.17011984386837337,0.07123049439023105,1,0.001425940486534652
1565,0.19474922837733483,0.013705552890649071,15,0.017363731196353087
1566,0.3435710647258665,0.15706269803232364,5,0.005792849313983175
1567,0.29094482849559994,0.02972974017323094,19,0.020749802096346897
1568,0.17841676901694628,0.021342336225558645,9,0.010331282890540283
1569,0.3333789641631987,0.023388456738231842,19,0.021231553350396663
1570,0.255924281462215,0.12977698042561583,2,0.002980834830845117
1571,0.140340496731513,0.05233297229950125,0,0.0009622755839660481
1572,0.2031748009582463,0.01097292213047325,18,0.02059295022263526
1573,0.20735409518113648,0.0014989327112920918,19,0.025700035324328897
1574,0.19329911542411723,0.10163649350194713,0,0.001036834219139912
1575,0.23263023576179928,0.10492041143322066,3,0.0033955141765289023
1576,0.30392943710534914,0.038755303650497175,16,0.01810280652356765
1577,0.09292438067600182,0.0048425687423583495,0,0.0010098250450543327
1578,0.3314377768447266,0.23572060439380021,0,0.0009014218348483468
1579,0.09698247563821145,0.006307723221405794,1,0.0011208220039671652
1580,0.2232740056437696,0.10482711034233762,2,0.0025875056145151644
1581,0.2925148329181214,0.11321385090615921,7,0.007955290504082585
1582,0.2590458645427241,0.16592317055537775,0,0.0009722238965034481
1583,0.30954076210535003,0.09957531802004928,8,0.009746967043077434
1584,0.3052426753412844,0.1837844052638911,2,0.002174227961190483
1585,0.22216609584914554,0.08302903747111669,4,0.005002169775804199
1586,0.21469330581305,0.06590326193307722,6,0.006823583139887025
1587,0.27077806849679825,0.12659112875933676,4,0.00460527886092963
1588,0.11966203265471008,0.02785163061658094,1,0.0011494633743902225
1589,0.2940045016659135,0.17248487664586154,2,0.0022679177866983145
1590,0.33387719864482585,0.20244625255731405,2,0.00252154459095343
1591,0.10793502692385608,0.016070344661315208,1,0.0011655971295451671
1592,0.15992522044187432,0.052773980141790466,1,0.001994194956593818
1593,0.18367256262850246,0.055810759076482135,3,0.004000736654381669
1594,0.3397395967806769,0.1080239720460791,7,0.00839723743333504
1595,0.1510109243076291,0.030087114645615504,3,0.0034045902678405036
1596,0.1964523492396761,0.039905982281078216,8,0.009274662562794446
1597,0.16981792372336352,0.07656026136412143,1,0.001144135241350447
1598,0.3288841824656061,0.02733701269648383,18,0.02011005033742801
1599,0.24098472103080282,0.09010121015266134,5,0.006327159557957143
1600,0.13124000410433945,0.021714045002487435,2,0.002294625489796289
1601,0.18065497889161794,0.006023128639605149,15,0.016453166659658073
1602,0.2603980956944805,0.01742892563812155,19,0.024697397452405165
1603,0.33643207834452155,0.16253194425395798,4,0.005334540226554115
1604,0.2739885684977687,0.09430971535738979,8,0.009224921780973328
1605,0.16118630241026147,0.07128218282038179,0,0.0010130507648073313
1606,0.1849289776793075,0.03688333663582524,7,0.007656258292322981
1607,0.31355933842342043,0.07717509818446774,10,0.011797048572654286
1608,0.33559096731423976,0.1632899774782684,4,0.005259795015782248
1609,0.2589005022313004,0.07312369897526029,10,0.011461577610230535
1610,0.14561560205955362,0.03786081897929358,1,0.0020924853944287395
1611,0.28272727344223414,0.03793664646247968,17,0.018902927095720348
1612,0.28901880554309245,0.10291175329557938,8,0.008996284270572823
1613,0.16302416222259433,0.0019266437609776962,11,0.012584542118438615
1614,0.11959734148152205,0.007525745312330523,2,0.0025807576698800593
1615,0.1296636607021539,0.008024530186138305,3,0.003660746631845212
1616,0.31655109429273354,0.22053136465288806,0,0.0009455569147486661
1617,0.28103548072121687,0.06614821009903966,12,0.013718189181953354
1618,0.20393467843413005,0.10551862083242651,1,0.0013200800996921338
1619,0.327355659068904,0.22746252173043138,0,0.0010468098145656652
1620,0.18243591966057393,0.046579475940474256,4,0.0052535504510606195
1621,0.3160320922219534,0.17603191469416457,3,0.003345420052309023
1622,0.28917458848932215,0.07399691305854936,11,0.012635143381433067
1623,0.2684002847097422,0.10154515397783132,7,0.007673424573436529
1624,0.28012522639473014,0.023545011338126715,19,0.022749175664472363
1625,0.32724164076336276,0.06654232320984749,11,0.012403915997201214
1626,0.14383922550815767,0.021481641828148296,3,0.0036483800884885534
1627,0.10981480226378591,0.021099738026144378,0,0.0010220062938490024
1628,0.19486432760294173,0.055499503638280434,5,0.005619048963016505
1629,0.31372729861887716,0.06571639178069177,12,0.013116586901513348
1630,0.3182853485328151,0.17903579491161098,3,0.003253151289669126
1631,0.30642658920135146,0.10511272669676512,8,0.009234877865840584
1632,0.12891982667375915,0.003460926705521382,3,0.004232494619040414
1633,0.1157388423476301,0.02613662909084359,0,0.0010541658588511125
1634,0.09176864195565318,0.002815979432481907,0,0.0010480256489845193
1635,0.25840084202366287,0.09925433100781601,6,0.006977734757020778
1636,0.3237958913802771,0.07248756456349607,10,0.011880898845350403
1637,0.34768864364047963,0.19977331977743287,3,0.0033436166546454405
1638,0.17361089986621428,0.016670636004460525,9,0.010541876082490857
1639,0.24802307814616292,0.05879546690299715,12,0.01327217449720971
1640,0.18279625750368814,0.05043060233550019,4,0.004672707968702879
1641,0.2085954096655751,0.10304084587344246,1,0.001705498163500956
1642,0.1086179249447733,0.0028075700089874576,1,0.002047149909449096
1643,0.17686432323935097,0.0066544314052046525,13,0.015031616326147867
1644,0.11019003505772376,0.018607975514654967,1,0.0011496640170763205
1645,0.3211068793754162,0.16790224225002032,3,0.0042817129263383906
1646,0.2869106679787611,0.1714205805457854,1,0.001937578232636066
1647,0.3357807480262774,0.21350403759917838,1,0.001984005792871861
1648,0.3125817820501328,0.15682042121129727,4,0.0047201171099363415
1649,0.2521503929359491,0.11436534343316115,3,0.00424010334478982
1650,0.13523874881822012,0.008782705721309037,3,0.0043303159445854285
1651,0.26669603855205176,0.11869459714679387,4,0.005159512667832737
1652,0.20911098462991634,0.05868720764024457,6,0.007337412441146043
1653,0.14015012522311227,0.034354696247262013,1,0.0019566950445627637
1654,0.22612176255038927,0.053350370719580036,10,0.011530963529969879
1655,0.2579867626412555,0.1580540876618386,1,0.0012470884236208707
1656,0.1340273522548679,0.006670077077204178,4,0.004489732691327515
1657,0.27013722849855676,0.03978298796467171,17,0.01856323247950785
1658,0.2027868456599132,0.06605185688945091,4,0.005019544404604423
1659,0.28130536485895347,0.16248414663686794,2,0.002186177148523872
1660,0.22640308477773965,0.07173131495817453,6,0.00752528656902918
1661,0.31904040757030533,0.0635418868443155,12,0.013167623681177765
1662,0.09650441118688168,0.006979789764175314,0,0.0010691361440005205
1663,0.29407012523945364,0.1757981412234645,1,0.002059946317883473
1664,0.32656791648854766,0.22961214314691902,0,0.0009515532187968212
1665,0.2845193942754485,0.04784754706590202,15,0.01680864089796332
1666,0.2626002867004883,0.1336773324962312,2,0.003158624101916801
1667,0.3041035779986434,0.08633871684460448,10,0.011081758088762399
1668,0.3274234128925028,0.0470680440356609,14,0.015365442661473109
1669,0.34105992375757255,0.05885484923329257,11,0.012731103376587446
1670,0.34390921114607487,0.026897039840585772,18,0.019660565694362992
1671,0.25061368342077994,0.09649627268000191,5,0.006505866376377268
1672,0.34277920217747454,0.16737066192010994,4,0.005186612436504328
1673,0.32626840814027364,0.17272984395713278,3,0.004181492902094597
1674,0.12336647462677029,0.014686552240988866,2,0.0022472032136455987
1675,0.14690760916283058,0.027879030105011415,2,0.0032021127008508687
1676,0.23917047443198416,0.14539355179059432,0,0.0010366042700342666
1677,0.11497249972543835,0.02339443204809319,1,0.0011440749348985166
1678,0.14843459022249697,0.026871661021658656,3,0.00350623641940757
1679,0.09411106118053093,0.0027577482715406935,1,0.0011554868110521502
1680,0.14176553902691838,0.021647886521703644,3,0.003371646951610193
1681,0.27936283630564696,0.03533640015811351,18,0.019562955876312554
1682,0.16624919146249875,0.06146488522098517,1,0.0018013114361877477
1683,0.12418308364545641,0.008253070116615436,2,0.002974768777650308
1684,0.2347417091403051,0.004482584843268266,19,0.028382275178862597
1685,0.34640135213127626,0.05786735016492612,11,0.012604609733773647
1686,0.26527541380675007,0.0786910323091094,10,0.011014511329052302
1687,0.27581851269794544,0.11750659583284734,5,0.00617730770573704
1688,0.31926187775360404,0.13107446303713993,6,0.007190295070101149
1689,0.1455866001056334,0.008650314839102037,5,0.006148828248487026
1690,0.3279046152032889,0.21036840414459282,1,0.0017932582060077296
1691,0.11142914154217395,0.003736926638441769,2,0.002198120481495933
1692,0.3248739548401747,0.22074793582563643,1,0.001208796228595626
1693,0.2582481881873227,0.12523482123142635,3,0.0036150405523761296
1694,0.3194389790351048,0.2220916360979379,0,0.0009819762717875118
1695,0.2382113208530065,0.11458905425242816,2,0.0029284772957093616
1696,0.2095490505817429,0.024394203883225475,15,0.016921118326022673
1697,0.3084140579491838,0.11654138867273747,7,0.008206089242229738
1698,0.2124399374470314,0.11460721162230256,1,0.001270800997921006
1699,0.23792590774662253,0.11085930036677004,3,0.0032672127053389307
1700,0.2974477350235705,0.19387539280657498,1,0.0012812240219333669
1701,0.319432219964613,0.22869644122568342,0,0.0007816777285993629
1702,0.2038730606262619,0.030079739205408657,12,0.013761604005506488
1703,0.1879334320042518,0.01962889988021884,12,0.013344738410675547
1704,0.2273184937461764,0.08998306229549,4,0.004643805557109818
1705,0.16814056461409335,0.0575515547418322,2,0.002235818782570272
1706,0.3321179533641026,0.20675650360283734,2,0.0021824484307838726
1707,0.13542275524823713,0.034523830985221576,1,0.0016255970186194741
1708,0.1404929300120277,0.050584960805555114,0,0.0010395360581801755
1709,0.09893205258574478,0.011072895963653904,0,0.00099572943468773
1710,0.21910250543065873,0.0830607633438667,4,0.0046153446655390895
1711,0.2271941304924295,0.050101104269577715,11,0.012527057632301861
1712,0.17912384198544531,0.05480245371089321,3,0.003585704744303491
1713,0.1316016025338487,0.04528327700436231,0,0.0009063514347526321
1714,0.3183212272452781,0.21980358023952934,0,0.0010243364952579415
1715,0.3338857248374452,0.10927296151354834,7,0.008527699709732611
1716,0.23581073381875872,0.06746805313962582,9,0.00981704942387532
1717,0.3373933863508085,0.12659879696331683,6,0.0074568682383592
1718,0.30313119403297933,0.08942759911653508,9,0.010771447578984569
1719,0.24053136825316654,0.12638521950162135,1,0.0021318978207548744
1720,0.27904916229619575,0.0739029973924132,11,0.012503379507194382
1721,0.34397545993545015,0.21471025954547843,2,0.0022910482637362247
1722,0.22332146980208234,0.04114830946671615,13,0.014288803356615493
1723,0.17207253596825645,0.06016328239987825,2,0.002329769495660521
1724,0.2567458798518504,0.12143036435116698,3,0.003881797578087082
1725,0.16976142082733436,0.07956290813953482,0,0.0010132845590621479
1726,0.09691619514180624,0.005714508340530634,1,0.0011455563028541788
1727,0.2928438182202463,0.04945881316075156,15,0.016329892592370922
1728,0.34378336289785233,0.01696390988563796,19,0.02332712545273436
1729,0.31477175502356186,0.227773150572694,0,0.0006910285781718328
1730,0.1603665231228305,0.005732874446878214,9,0.010470951787164768
1731,0.28870718609744755,0.12821062076223713,5,0.005964457844661546
1732,0.16560983628286474,0.030932080274694306,4,0.005341267783102637
1733,0.27510233958004476,0.11344932267392946,6,0.00663962399385265
1734,0.3419956827037001,0.2313441633698569,1,0.0014013232347191604
1735,0.30935554275304517,0.21137566405515484,0,0.0010292706246363404
1736,0.21362550297846972,0.03348695893637444,13,0.014765274864375826
1737,0.2637343118661764,0.16612324739626091,1,0.0011329928749026262
1738,0.3039635964712341,0.04115260610470294,16,0.0175785696832946
1739,0.12042586233810158,0.015110762979294876,1,0.0019764613371360596
1740,0.16114731582981043,0.035122061412674196,3,0.0039975795824269385
1741,0.26766139306571135,0.11194856408538231,5,0.006130249992211327
1742,0.26150847307616354,0.1316394268957393,3,0.003260401583528611
1743,0.2909443138270007,0.0722428115804832,11,0.012867872791126393
1744,0.3022006292586793,0.04402429423356145,15,0.01705404316422009
1745,0.30001689750823,0.11353016365938791,7,0.008260762503470177
1746,0.292311412640533,0.1286856421469229,5,0.006179190557773899
1747,0.13038125683664306,0.016043522468097014,2,0.0027678355957192983
1748,0.30205412788562563,0.17892438720316628,2,0.0023067259407001934
1749,0.26131185339614615,0.0712822999192252,11,0.012001948436312977
1750,0.34179995429372384,0.1998185625366395,2,0.003073315038613461
1751,0.2936364946882447,0.1519634937868941,3,0.003876528354008563
1752,0.34590906370904806,0.23941748643825533,1,0.0012222153507749772
1753,0.1779550214496729,0.03820446007859024,5,0.006064089808996201
1754,0.3084943903917254,0.18211808410499297,2,0.0024621258981155293
1755,0.25927609895644543,0.13688763113637284,2,0.00262635302073933
1756,0.21388968708477918,0.08461668504874909,3,0.003805826360735919
1757,0.30309097482958036,0.09843479242547508,9,0.009858978616975895
1758,0.24837577836349017,0.13000443742386836,2,0.002395397191468244
1759,0.30578577490920866,0.12078125565002544,7,0.007736573410097366
1760,0.2738174741081344,0.08797391734528505,9,0.010152756291848402
1761,0.2567002138915606,0.15200300647339454,1,0.0014791295847720153
1762,0.24487328146384973,0.015045923280229861,19,0.02494368773800844
1763,0.1535162626003024,0.02790490655268114,3,0.004016711065055924
1764,0.325380954757322,0.17107513560586146,3,0.0042621552020894364
1765,0.34651989248586573,0.19721230833479736,3,0.003451697976257413
1766,0.2752072311612037,0.15861574083158908,1,0.00208133630535802
1767,0.3425642736235616,0.23691489105580119,1,0.0012034238447314433
1768,0.10464757150270826,0.008882001914807532,1,0.001371638800336888
1769,0.3228870718541838,0.22626617651245162,0,0.0009497982465241194
1770,0.24426366443354616,0.039646239844950734,16,0.017455847500632057
1771,0.24075294413675516,0.05403605222839682,12,0.013518599448602195
1772,0.3423126949577884,0.12655025239039008,6,0.007349561115898918
1773,0.31000616778790924,0.14536779784926174,5,0.005603795608923029
1774,0.25439807810246745,0.08147051041416464,8,0.00948253550438466
1775,0.15610713569516177,0.005398635367449382,8,0.009420259811765504
1776,0.285897111378918,0.12218119427516003,5,0.006450767205480744
1777,0.2452383809606365,0.09880218343397947,5,0.005524016400303447
1778,0.2837319895966301,0.15119347054188328,2,0.0032140141415012966
1779,0.31615145394236677,0.13826219864643258,6,0.006518589851588402
1780,0.11793273841347478,0.029729044526362363,0,0.0009930531555571573
1781,0.2680887303096766,0.029356577699178134,19,0.02114244396543679
1782,0.3315289763682367,0.23212755588452338,0,0.001018520969918157
1783,0.19889369981492935,0.08305867108879177,2,0.0025249854726943194
1784,0.15373482032186142,0.0034767375175433057,8,0.009375950905967247
1785,0.28622799958260653,0.15114326227801497,3,0.0034022411242655105
1786,0.1401955846486141,0.04478493811299726,1,0.0012982601039543582
1787,0.12013782649462303,0.02358580755120558,1,0.0013928055431332153
1788,0.17498895482370028,0.0001396036687415776,15,0.017186336896753977
1789,0.1618810755333126,0.0159327397169718,7,0.00788698442875939
1790,0.2728493078173505,0.039850095542106646,17,0.018558254824536425
1791,0.10996247133734956,0.004100318033170411,1,0.002047895549026663
1792,0.34304646256301335,0.2411306136369643,0,0.001069615435079821
1793,0.24615918503360384,0.1174760852576399,3,0.0033341238722745786
1794,0.3286127112705413,0.09524737913505868,8,0.00964577596808989
1795,0.3215002742139608,0.22181816713625543,0,0.0010559942117848917
1796,0.25360398485758967,0.08017610127800603,8,0.009626928510552859
1797,0.3137137109582,0.16622402383009532,3,0.0039850265990499425
1798,0.16546481278533318,0.0063229360310174286,10,0.011724548809535128
1799,0.18874772071101253,0.0983172492903888,0,0.000994869133677736
1800,0.17670293557052652,0.039104243130792284,5,0.005676856027357063
1801,0.13365454379411026,0.01529076349295763,2,0.003208452992833864
1802,0.16224485544114248,0.021845962728572154,6,0.006556328055902945
1803,0.2030999952565174,0.008333126786170972,19,0.021687344293955066
1804,0.11866916559091877,0.011495580537177502,1,0.002132296044096566
1805,0.2988025837544728,0.07232114158075052,11,0.012763075897615474
1806,0.2142002699050581,0.08220143988595834,3,0.004146741285192827
1807,0.3468938181338712,0.11797887015497902,7,0.007615135330284627
1808,0.34316774930509975,0.2392352648314032,1,0.0011391292990994171
1809,0.32467405412134964,0.22927311033014483,0,0.0009072301600465009
1810,0.2935652633202632,0.12268849139793264,6,0.00693740820633138
1811,0.1924744261886451,0.016149801077001223,14,0.015813607815189736
1812,0.2383889436008477,0.04213367970370542,14,0.016201689081071297
1813,0.3494048631813184,0.22187731848695474,1,0.0021466818228633275
1814,0.31942927719143155,0.03382542576288126,17,0.018660994373533628
1815,0.28746966776796734,0.1317375653410463,5,0.005468242206557678
1816,0.13576378004336792,0.04910862732316339,0,0.0009149961445467721
1817,0.2664726485096674,0.040629898433175465,16,0.018328522012190495
1818,0.34334989491357987,0.1828454439304596,3,0.004235167940950368
1819,0.12793253303477434,0.0004666078997658736,4,0.004571743578003693
1820,0.33998792194414285,0.05337981946260695,12,0.013632250909543515
1821,0.20744219447857654,0.01708334641903924,17,0.019133058988575678
1822,0.2930179369311826,0.11781082056959796,6,0.007456488539166819
1823,0.32469296889824806,0.23162076959576572,0,0.0008376076480521133
1824,0.32269567686234935,0.22265591512272562,0,0.00106514253293496
1825,0.18709238040102955,0.020858011136267736,11,0.012705131339847686
1826,0.32985637884217617,0.0806758094734693,9,0.010785478484167619
1827,0.3217882546808408,0.21991736943322296,1,0.0011338206866615067
1828,0.24989525842427304,0.1123766648613724,3,0.004249588072755871
1829,0.2925954479935376,0.07809443539174973,11,0.012105659147883061
1830,0.15410551885309204,0.04584193626563718,1,0.002102594161892649
1831,0.1917829333981634,0.07849432489354367,2,0.0023455930899403065
1832,0.29145555732345557,0.15601794248378978,3,0.003355784448727623
1833,0.2219267890743871,0.047592096440498624,11,0.012280398047142918
1834,0.20918558243930818,0.07285185594337083,4,0.0048382576334078135
1835,0.21025634832258447,0.06568202624622337,5,0.00617435062082925
1836,0.18555549488296655,0.03772209913616125,6,0.007586087597982583
1837,0.2568240227855707,0.11681407540767805,4,0.004413985910475109
1838,0.18286251178444102,0.013324293738181284,13,0.014223373536217516
1839,0.3250442714471204,0.06890562102319495,11,0.0122268868511479
1840,0.14992894289370698,0.02097161269457791,4,0.004574056065939395
1841,0.1483273103492602,0.01180719219144417,5,0.006009211192648332
1842,0.3320582465211523,0.15949853198074052,4,0.0054121261672619375
1843,0.34446773704890954,0.06429662913512908,10,0.011816844621199503
1844,0.2540909053939663,0.0434468584858928,15,0.017230882157997764
1845,0.34994028497127083,0.2272197560813677,1,0.0018996688269578331
1846,0.3260259128634953,0.17137574400964808,3,0.004272485921108848
1847,0.1281311271954774,0.032378518187931235,1,0.0013360583577136514
1848,0.15163138170132653,0.0083251928517173,6,0.0075069261987459
1849,0.30049258997621286,0.16797188159491397,2,0.002993198880934607
1850,0.14033488102292216,0.03575382557217762,1,0.0018655889798838764
1851,0.13177080889109272,0.007336003448788486,3,0.004048205583813609
1852,0.23853441323122465,0.07102953313415453,8,0.009470089401104376
1853,0.2796434718952439,0.11867768339479533,5,0.006367289636354634
1854,0.3275170823395591,0.12634141427485135,6,0.0075897062158661
1855,0.34033361431083425,0.09147293732238677,8,0.009422191868229202
1856,0.09356958909821171,0.0023171837902404412,1,0.0011511953461114108
1857,0.16481884914147765,0.03933502482127347,3,0.003883245145572182
1858,0.15625182497702558,0.009803398165364578,7,0.008194748780500059
1859,0.10226521412416711,0.011529617081422546,1,0.0011185028553230625
1860,0.30551051012634717,0.05510565938592437,13,0.014955333036687134
1861,0.3086226713888807,0.1344279548980027,6,0.006553340778939623
1862,0.2001453475780215,0.03251518500047902,11,0.012155328182011057
1863,0.3024756549023087,0.10378558120391879,8,0.009318140388069997
1864,0.28026291064090925,0.05659059951287145,14,0.015268959579971894
1865,0.15441001923674383,0.05926424538233557,1,0.0012604031925215501
1866,0.3210497805061829,0.21748650237814166,1,0.001200175639019118
1867,0.3351713105692726,0.07594323806231958,10,0.010982523065550606
1868,0.1808187386914067,0.07259207494750378,1,0.001995252380665078
1869,0.21587354904946726,0.10820673632748376,1,0.0018115482253999856
1870,0.2933281097984746,0.046015788546417455,15,0.016959394982710707
1871,0.2972407556822064,0.15348212832379204,3,0.00399895207474919
1872,0.2769710562286494,0.13237363313016745,4,0.004512214577096476
1873,0.3194487412811715,0.08141168818333205,10,0.01115598163961995
1874,0.2869489477488924,0.13313025642740717,4,0.005271290099634351
1875,0.3258349412368063,0.15996327420990206,4,0.005145162097322555
1876,0.28814691946346277,0.10013742325268245,8,0.009295390327615243
1877,0.28535240085312263,0.16159548651984076,2,0.0024971366625272944
1878,0.22453385246209223,0.045619196175666184,12,0.013260460266749848
1879,0.1973284511122141,0.03769054223052026,9,0.010044524801540713
1880,0.2704876986795433,0.13677851709236666,3,0.003506160853658709
1881,0.26581895861627675,0.12093145253000472,4,0.0048013750984539
1882,0.3067317743576307,0.20842803305038018,0,0.0010475859304913998
1883,0.29380097953218504,0.19319940464299254,1,0.0011705018845854713
1884,0.21124981281426242,0.017216548817935516,18,0.019886381181968345
1885,0.28008257004664205,0.04961876385214407,15,0.0165227783050587
1886,0.12838826574123044,0.008420502560128098,3,0.0034449287684722657
1887,0.21764567969168058,0.057367209167229455,8,0.009105650433180408
1888,0.3361624479005081,0.027596918347764246,18,0.019743394758979012
1889,0.1894649765126407,0.0988266822639939,0,0.0010019496227598324
1890,0.3143557729362242,0.1645260358036185,3,0.004165894429673472
1891,0.3487921138594373,0.24740632790208958,0,0.0010346496015943305
1892,0.2508812778655906,0.08952283246595519,7,0.007664014987647989
1893,0.1782852394013782,0.06427962409799952,2,0.00248318908205593
1894,0.21885237894717186,0.0671642946202804,6,0.007238000731813931
1895,0.34820462900807747,0.2215445910476784,1,0.0021121852197517753
1896,0.33507226074461327,0.019923326800705313,19,0.022427517228717435
1897,0.21510834125660122,0.07249567772763887,5,0.005707998058122431
1898,0.17012990806570147,0.07563221772218749,1,0.001200946519708471
1899,0.21818243501133333,0.02838585104179131,15,0.017274292301441504
1900,0.20814597318617198,0.06750042533520978,5,0.005543861051272696
1901,0.16840786006176572,0.07279877296058776,1,0.0012578512259868247
1902,0.13431971872492876,0.042691916325368125,1,0.0011227065065156755
1903,0.09533904747245937,0.004153195048871859,1,0.0011463387772404534
1904,0.21405934555120326,0.04850743897275482,9,0.010590298374889475
1905,0.3168911972649057,0.09736119160659526,9,0.00983330907641205
1906,0.3388424141834476,0.17463252186505454,4,0.004606330297283618
1907,0.26792433193418036,0.09763280147012347,7,0.00821126634748094
1908,0.23462668269909626,0.030740793867414823,17,0.018973199814347027
1909,0.14253891593388499,0.013346729648075794,4,0.00470266400430794
1910,0.2984006517217884,0.19830538403417303,1,0.0011371344686231708
1911,0.15313087003715017,0.06294128060990264,0,0.0010354464126020428
1912,0.21935614691030905,0.08596368396578442,3,0.0042508321537502915
1913,0.09956283749362456,0.009297381167135292,1,0.0010995934680062209
1914,0.1723982310940797,0.024711229303387067,7,0.007990604838783779
1915,0.31501753616572575,0.06553206994563554,12,0.013086345535799999
1916,0.24929846287405943,0.046813651559985826,14,0.016104610679178642
1917,0.20726123458595996,0.05298618417409262,7,0.008237316806076533
1918,0.1812428598812832,0.0009724725378860294,17,0.018845709641704907
1919,0.26884856231037074,0.07999414240536448,10,0.011061452472831568
1920,0.14917902819288725,0.06635172389161016,0,0.0007703355356608755
1921,0.31558376587259873,0.1707822878846378,3,0.0037282960597716857
1922,0.18810847488772295,0.0044356267919809286,17,0.019395108411542707
1923,0.11070640309894846,0.006940596988731158,1,0.0018818427206099611
1924,0.2506248913005247,0.08900377880709277,7,0.00772034518399673
1925,0.10594423255266719,0.0030086836354564026,1,0.0018306510162245623
1926,0.09480111375916485,0.005914856682566376,0,0.0010426326951963603
1927,0.21144650793888997,0.04046236944950544,11,0.012246493756475534
1928,0.23606485469232646,0.09488499337257182,4,0.004999329964521134
1929,0.13009096797899905,0.011513854754299689,3,0.003256842661851565
1930,0.34762633144474064,0.22071921020788943,1,0.002130172290974792
1931,0.28755590815300924,0.03692953382131621,17,0.019034280633830097
1932,0.30251898197205107,0.04658510499924021,15,0.01654499917917849
1933,0.32624347763152384,0.22615143337600496,0,0.0010568355518830465
1934,0.3308906983770759,0.024473380472845602,19,0.020954108825495057
1935,0.16373473868402233,0.03075890362728831,4,0.0050671951947445105
1936,0.2720699012681703,0.07786367947776159,10,0.011604340249547922
1937,0.27213210800010945,0.046843770887358735,15,0.017059546282649603
1938,0.09207763502644081,0.002823920026906017,0,0.0010609628266829009
1939,0.27093514977648986,0.17205629352059285,1,0.0011658726813632788
1940,0.15133675059566956,0.011533667942345784,6,0.006669391978036021
1941,0.24379793267801325,0.055327490698014355,12,0.013582476381089809
1942,0.30435888100563674,0.04734599763083658,15,0.016332614758550003
1943,0.2432149519054016,0.09883242469082337,4,0.005283122267776386
1944,0.24827437978043443,0.10083200286539969,5,0.005585494522705671
1945,0.33637863245824634,0.08257279644343966,9,0.010311088932136055
1946,0.1565289688694055,0.04789062431567158,1,0.0021235965567482544
1947,0.2937675595086578,0.07412506488973691,11,0.012603972458231952
1948,0.17416778666981786,0.0006052960691074367,15,0.016709969612148743
1949,0.32411317182748,0.02551335469540772,19,0.020865409394393002
1950,0.3225748836157492,0.22309540262525937,0,0.0010459400917445633
1951,0.3087615506997678,0.21117837643527826,0,0.0010169794731751892
1952,0.17051947234853454,0.028661224801745502,6,0.006677213149784057
1953,0.3383018717888793,0.1715887460493464,4,0.004790505054258621
1954,0.21472925912026583,0.12215483679576922,0,0.0010363631487199127
1955,0.3179997916831574,0.19005888337826338,2,0.002470613714232514
1956,0.30652686190633566,0.18322370430003063,2,0.00227971927991127
1957,0.255567454186255,0.039627085138776316,16,0.01822362941830217
1958,0.3091596604010817,0.08799778208369761,9,0.010832107238913072
1959,0.23118834049765613,0.11494512008475746,2,0.002348750323414849
1960,0.33386858710573003,0.0289137053087219,17,0.019431951236927644
1961,0.2879340128174737,0.11804440046422904,6,0.007098286691189063
1962,0.23042988244867346,0.12042958882303054,1,0.001899753917911298
1963,0.14213357383739067,0.053256200923528646,0,0.0009949788396076626
1964,0.24417760230584093,0.11547314441862688,3,0.0033604584183287625
1965,0.24121826760217177,0.12739217742540104,1,0.00210501738808899
1966,0.1382407915349816,0.005109820387323532,5,0.005484691119124475
1967,0.3190922006668859,0.11366077744515418,7,0.008523963414053325
1968,0.16966756391731624,0.015972462711682935,8,0.009744616599204566
1969,0.13908625188271717,0.008199273927918907,4,0.005045777522902518
1970,0.32793804025508166,0.18386271854334219,3,0.0034448338298694006
1971,0.320868543517928,0.04338267198286142,15,0.01639782138424096
1972,0.249567544293867,0.02706368052067065,19,0.02129129396836992
1973,0.31418879669112537,0.1842257342201567,2,0.002644620951304123
1974,0.18292377446637037,0.014010159475188903,12,0.013986811139342418
1975,0.28042063588562854,0.15950672290578216,2,0.0023361999509353875
1976,0.11807166457873391,0.01298500575093373,1,0.0019648737710221526
1977,0.24047618673724772,0.12539743949093526,2,0.002200009165947816
1978,0.3119034075223921,0.12327046674535917,7,0.007681889250631962
1979,0.0920708877813502,0.0016473631762880107,1,0.0011137318435149846
1980,0.22396511495063995,0.03765622887118769,14,0.0154047435198748
1981,0.31521744034725546,0.14647768606750758,5,0.005772636905730878
1982,0.2129335066454731,0.04549874460315657,10,0.011157955326549512
1983,0.12336329379526645,0.03314578743403792,1,0.0010728388596246837
1984,0.28741585966339345,0.1665262895707567,2,0.002278602432172126
1985,0.2125959766550758,0.041186985512898136,11,0.0122721637812769
1986,0.3216434878419962,0.04149586270696779,15,0.016758666083127167
1987,0.29711555235720055,0.0617135628491884,13,0.014228428410671849
1988,0.33529562468418184,0.22822531924723957,1,0.0012851933557361105
1989,0.23414075683277638,0.12102220965209647,1,0.0020953412000502382
1990,0.2257079740303745,0.047190244082999294,12,0.013038840335591597
1991,0.2897335263133146,0.05872679529963514,13,0.014837299079563425
1992,0.24521261555911308,0.059818403678456734,11,0.012737017295526766
1993,0.27920019902712306,0.15241508175994434,2,0.0027882835345626245
1994,0.22509430878721878,0.04475726767904688,12,0.013588620099061189
1995,0.2940954488740458,0.16821728062943442,2,0.0025679970321145717
1996,0.2598483868797029,0.08292663861291921,9,0.009804200885673025
1997,0.12576273030792323,0.03718708303440023,0,0.001000519549690299
1998,0.30412483000469925,0.15985712131860372,3,0.003907486079781606
1999,0.29838372938972524,0.060028367539656624,13,0.014441700010315358
