,X1,X2,Label,f
0,0.11042860271191969,0.20594193458370652,0,-1.2080831850218987e-05
1,0.27416184693206475,0.1168502537077851,1,0.006109441947754663
2,0.30310967141735984,0.39096882200544275,0,-1.2804374232744916e-05
3,0.17296627777173262,0.4423873128630617,0,-2.246986426484914e-06
4,0.28819302910838407,0.12523205454218012,1,0.006268090467891959
5,0.17334079131973787,0.5725005820241185,0,-6.142607267829579e-07
6,0.3341447115705252,0.3210017771242924,0,1.246977840738202e-05
7,0.3334316425248089,0.07989551918888331,2,0.010690206777627841
8,0.1839425170889463,0.12456711757813455,0,0.0002719476826300233
9,0.20651518290163468,0.14197070805618509,0,0.0003341282238448804
10,0.06041629928926362,0.4323488191054386,0,-8.07793034292949e-07
11,0.13742046261494986,0.5314975947010478,0,-6.466538482288349e-07
12,0.12889367760828332,0.4224136740395905,0,-1.7674561316081233e-06
13,0.3186771971371079,0.23071961527400137,0,0.0007092838152615585
14,0.09578949513955108,0.40329430628874186,0,-1.5376465394178393e-06
15,0.07640749555405374,0.4007561795990379,0,-1.2996914635037865e-06
16,0.1246108437010414,0.05706831714704046,0,0.00041085398101106636
17,0.2027840807677505,0.08049257062186117,0,0.003126820162652651
18,0.062072045167497585,0.19347830901971966,0,-8.777587080687408e-06
19,0.013632770588668857,0.2442390602584399,0,-3.3180130501368284e-06
20,0.3114525964303028,0.013431482772316915,4,0.025705639857048577
21,0.07787711017112976,0.16658742182019945,0,-1.2760261705168056e-05
22,0.25639020731622303,0.46864031325510563,0,-3.9669464401987326e-06
23,0.08327244672383124,0.4163263402687272,0,-1.191245068821176e-06
24,0.18820167039319274,0.14594832640269542,0,0.00011939122810984667
25,0.25385855494625964,0.19444431235027204,0,0.0002523028699838918
26,0.34316192264899475,0.5804895022940317,0,-3.0833157339853873e-06
27,0.14008425578546896,0.30777735932240036,0,-6.178771955851939e-06
28,0.0714269435664983,0.4372366684712775,0,-8.586750417388312e-07
29,0.3293247920102911,0.41850458134902296,0,-1.2666462434569963e-05
30,0.2621114346677599,0.04867780800791492,3,0.01644765739602633
31,0.07972058266934845,0.23170657140096423,0,-7.208166880876643e-06
32,0.2418607541375272,0.23274660222132165,0,8.802856781012284e-06
33,0.27775218566526144,0.16537126604347868,0,0.0018066010048023071
34,0.2011859125923935,0.2616291123394728,0,-1.5247464578720681e-05
35,0.22752681613454068,0.22956797075193117,0,-3.2475535446706884e-06
36,0.047053426180292866,0.571295752563675,0,-1.7616290502563464e-07
37,0.34480724673993995,0.14007331048474275,1,0.006651888899502014
38,0.3102647709858707,0.07573192736127489,2,0.012063580548333324
39,0.28557172280753096,0.40889839163475306,0,-9.424012736947896e-06
40,0.14993565435653156,0.2876029010412146,0,-8.261252224599302e-06
41,0.17514085184346684,0.526955427169872,0,-9.861091279309681e-07
42,0.3276488141546324,0.06280667501653485,2,0.01285820389111152
43,0.00020932279904800621,0.2852800183876255,0,-1.9264126866299104e-06
44,0.006947104034194895,0.2523706189297935,0,-2.862284159857216e-06
45,0.04267096059409234,0.3687858906905818,0,-1.2774834160307734e-06
46,0.22117960697354874,0.5615127291935127,0,-1.1051242855032827e-06
47,0.01158466268978709,0.47532118453864275,0,-3.2273953680336274e-07
48,0.23104684235802378,0.24088402056495994,0,-8.592727240492175e-06
49,0.26852139779464484,0.26312317740097574,0,3.547447874247676e-06
50,0.08802995512376247,0.1580853111499796,0,-1.4514492110161076e-05
51,0.1676958283186212,0.31266601475492317,0,-7.70138396202941e-06
52,0.016207382773910588,0.05472965019713403,0,-1.5538604955682607e-05
53,0.018351130543482495,0.11543923746496589,0,-1.1937135509035819e-05
54,0.16059884629225807,0.014791082450319348,1,0.007890203356117932
55,0.1754498262101213,0.4580801477885806,0,-1.969091963180358e-06
56,0.2977421392113371,0.3959863806977853,0,-1.1772152464895233e-05
57,0.32514553188563466,0.3622490108191816,0,-1.5751067826680164e-05
58,0.2219576353982604,0.33405283204861547,0,-1.0454656373393287e-05
59,0.17661973870322784,0.23698104288354893,0,-1.5250317329447715e-05
60,0.27302935360109465,0.5808005088108191,0,-1.5286068711704403e-06
61,0.12195020968215745,0.4841280493404761,0,-8.898067909689019e-07
62,0.17848932675350693,0.15564908291832977,0,3.79475824315091e-05
63,0.2490550449065752,0.49947943097963904,0,-2.7120979934736478e-06
64,0.2099079341891811,0.279843788702005,0,-1.4517655813933436e-05
65,0.19637657106400244,0.015400645277570412,3,0.017126388406356656
66,0.24526129148353062,0.5823498407688882,0,-1.141011638623043e-06
67,0.12365012028890193,0.16419751838794072,0,-1.567759330061557e-05
68,0.32043932769967365,0.2910521550950215,0,5.004678922035378e-05
69,0.06263093138097377,0.11304614111480588,0,-1.57000152411392e-05
70,0.32181424833109384,0.4469987510125167,0,-9.253952141025885e-06
71,0.3472346280527282,0.4668049171880898,0,-9.739472475969293e-06
72,0.09584485786250546,0.3317936213560601,0,-3.1425494322689894e-06
73,0.22603674981634722,0.5615423015688579,0,-1.159656047781048e-06
74,0.19993488383051583,0.3754126844928652,0,-5.7170805850928704e-06
75,0.08783138452972208,0.4102180984369524,0,-1.3252318244663224e-06
76,0.26600103238403316,0.5808983759295349,0,-1.4237454542691705e-06
77,0.09188686922936845,0.4509808002305978,0,-9.180672282779441e-07
78,0.15000580538480332,0.18689023210493352,0,-1.5503414422437723e-05
79,0.02148681651556518,0.4709980010416977,0,-3.720366091173863e-07
80,0.310608386704239,0.5802066884623521,0,-2.23632888465492e-06
81,0.33526089129072595,0.1633927534995924,1,0.0052428690452807165
82,0.33262551075830593,0.04181980431309584,3,0.016182947403975675
83,0.16205603011049083,0.5098936347245407,0,-1.0263361802237096e-06
84,0.23270085781433933,0.04595650538984488,3,0.014454609961282266
85,0.3476839404144895,0.5289874283870253,0,-5.377602495144824e-06
86,0.24396803555396604,0.541566276965526,0,-1.6932499980408452e-06
87,0.26380932235786314,0.30307740938541866,0,-1.5757651807826542e-05
88,0.21392018975951174,0.059722600025396796,1,0.007940797259896356
89,0.13539043407522028,0.4858279828438153,0,-1.0004310220413302e-06
90,0.10040188040510575,0.01610043090091937,0,0.000857323756872042
91,0.30313364099191303,0.13007309031260686,1,0.006706264401440201
92,0.2656220589986731,0.5494704766605568,0,-1.941704688136949e-06
93,0.0503112003925855,0.5747769582851404,0,-1.7576316218595128e-07
94,0.2677246659620024,0.25059678487860026,0,2.161503053039561e-05
95,0.33855889637717107,0.4103658393220379,0,-1.4344811237800738e-05
96,0.09178614026881955,0.23936247920999318,0,-7.520548867513977e-06
97,0.2322834761001759,0.1901390923684553,0,0.00011398075385848253
98,0.10805813220570207,0.322440836677062,0,-3.895135366061906e-06
99,0.055384101685333136,0.2025695686905986,0,-7.552788836226765e-06
100,0.01969284129800882,0.47104666442588095,0,-3.65251215222311e-07
101,0.09274951993917403,0.21777403958513286,0,-9.313101424363332e-06
102,0.10224304892053762,0.37483035668780085,0,-2.1795847355767994e-06
103,0.2254924824821174,0.21743409174687223,0,7.648140751419187e-06
104,0.024682283206947285,0.3930954881726533,0,-8.370758420316938e-07
105,0.13968616703404665,0.08023994309172007,0,0.00028308499603537344
106,0.33054720668726667,0.405265156327627,0,-1.4078102010159686e-05
107,0.019510345497662677,0.5712686320032061,0,-1.338282967190924e-07
108,0.2658360047484265,0.49824688208428436,0,-3.2446726088852936e-06
109,0.09621026585841852,0.0589599205734002,0,9.714349771871711e-05
110,0.22242842958859305,0.5021616271940827,0,-2.0250787683559562e-06
111,0.11548981189373962,0.20747397869967818,0,-1.2430220943034103e-05
112,0.3296298621366087,0.5401320866609546,0,-4.028825224442588e-06
113,0.13423354450523636,0.5303547347857795,0,-6.336018291886777e-07
114,0.21140857424002685,0.26902388148689743,0,-1.5423798583582977e-05
115,0.2641622205469727,0.508248248630288,0,-2.8881690916895034e-06
116,0.2619704787508872,0.11546619936222151,1,0.005094698922181678
117,0.12381146882338781,0.5809194540462091,0,-3.4438068883931724e-07
118,0.13351033325175624,0.41827362286838143,0,-1.9289613532326037e-06
119,0.15658419844083857,0.5159970455057113,0,-9.142546754037751e-07
120,0.3495450571999937,0.5255076315319198,0,-5.667877414931416e-06
121,0.008092039167055448,0.31058375503166497,0,-1.6184169160917233e-06
122,0.25838290915682616,0.427608342621028,0,-6.071110930529176e-06
123,0.14923374641254292,0.12031266365488485,0,5.81753600211667e-05
124,0.0692646926177352,0.44473242620815207,0,-7.796497836515531e-07
125,0.1032133175818761,0.5663997840161211,0,-3.241646288406485e-07
126,0.030348138501818774,0.1974054208432895,0,-6.227528174036879e-06
127,0.12264689954491396,0.287526085827343,0,-6.353374794048125e-06
128,0.04280100327874207,0.33716839989803765,0,-1.7546547263534575e-06
129,0.22062759033146165,0.34751025714445655,0,-9.131937154730228e-06
130,0.25818735154605965,0.206950463559225,0,0.00017300719039326258
131,0.08969188040758723,0.1605536326236058,0,-1.444541642296445e-05
132,0.04317046072629849,0.14484421821198373,0,-1.1483401056058957e-05
133,0.26940533643745024,0.49153483818496785,0,-3.5943548019099816e-06
134,0.12481148628857229,0.4119476204723388,0,-1.8840205326196614e-06
135,0.2717434935518093,0.4232204998832339,0,-7.21572145687526e-06
136,0.19149656706402632,0.15940863278660847,0,6.821728188323286e-05
137,0.2990585021865782,0.27990804969666744,0,2.4609549840793644e-05
138,0.2344676980129194,0.12867355002194983,0,0.001622341428630669
139,0.13879909731350246,0.4975745302494994,0,-9.203616304911473e-07
140,0.13357747322746588,0.5522318847066844,0,-5.057874832967501e-07
141,0.0943505595184416,0.2296412995812449,0,-8.457642861305385e-06
142,0.19970431032437555,0.10752258589718552,0,0.0010471575645875856
143,0.2951696700769267,0.168862720750999,0,0.002588262731506375
144,0.3323578640491296,0.34925533413591847,0,-1.23117337278515e-05
145,0.1727083286523691,0.26973272581657665,0,-1.1920573340559874e-05
146,0.08994612462314959,0.04446135023788933,0,0.0001497622292503261
147,0.34184556416051237,0.5458761800736104,0,-4.294857530255143e-06
148,0.1586504600562134,0.17939247820738727,0,-1.2788487040618063e-05
149,0.33873025645625204,0.4966866416111061,0,-6.763126037806667e-06
150,0.05144813102488491,0.295949493976944,0,-2.887275171553847e-06
151,0.03769050755384201,0.24177899021191873,0,-4.319180077809112e-06
152,0.08723624933409785,0.37960158199463345,0,-1.7890878442522673e-06
153,0.17404351347957378,0.166759508268969,0,7.406632880533996e-06
154,0.2854499550525501,0.08030925853162038,2,0.011748029306476015
155,0.17577544936857817,0.21814486363161173,0,-1.5765415844585328e-05
156,0.0022392958629834977,0.40736613962984974,0,-5.799999978885849e-07
157,0.31198290296100534,0.2441143598304648,0,0.00033239809357417556
158,0.18031989942832963,0.22914882090934396,0,-1.5766304579029306e-05
159,0.24788359072439214,0.1746176836781736,0,0.0004580970556091843
160,0.21334981857102972,0.39871170631214886,0,-5.184482047864109e-06
161,0.10066199797931834,0.00316989393023035,0,0.0014774255693236645
162,0.20057233107847486,0.5331270753941139,0,-1.194953550986217e-06
163,0.13669582373140673,0.23720375604774913,0,-1.1583854153269521e-05
164,0.3312294045175607,0.2338991299531352,0,0.0009519424313890989
165,0.2444050055962975,0.18387174952772728,0,0.00026819910181743415
166,0.20191885240533688,0.43267773756584227,0,-3.3032342387439875e-06
167,0.0066839073543772,0.2768092944286902,0,-2.2365556178470598e-06
168,0.18087805888233952,0.5917490530246757,0,-5.463156643175729e-07
169,0.28622790220548433,0.08188140774138476,2,0.011554352152486291
170,0.19160172955473795,0.030639954452213545,2,0.010746503583338377
171,0.07867954248138767,0.44499500579053225,0,-8.542631199593608e-07
172,0.06781731516194404,0.33563917244613756,0,-2.286973263456314e-06
173,0.2797703413663239,0.2149992422277253,0,0.0003071693815410819
174,0.21014428633785195,0.27532675424404857,0,-1.4907046201923045e-05
175,0.09437548200335306,0.25672053793983096,0,-6.515742082222446e-06
176,0.171425568347178,0.23535080226844818,0,-1.5001382276833524e-05
177,0.2755252199743999,0.11068029105355519,1,0.0070465933067238055
178,0.25224599093593253,0.23278346227587712,0,2.7050127485467058e-05
179,0.14454846871941676,0.30355148167278834,0,-6.726003606375322e-06
180,0.010548584566110441,0.11681410660165226,0,-1.1041680918288644e-05
181,0.09553077573982155,0.5871556959992404,0,-2.43954125884516e-07
182,0.2688931146157339,0.24745962055798437,0,3.095138371356231e-05
183,0.1958031841086598,0.5377023479488338,0,-1.0884747141801612e-06
184,0.34379655439668216,0.5509893434955877,0,-4.161844094432936e-06
185,0.09320135730911785,0.19793627466471445,0,-1.1178953210002657e-05
186,0.19848790584426537,0.2441292688378605,0,-1.5810692612454524e-05
187,0.3169354104885886,0.047413595485667766,3,0.015789090822169984
188,0.3385471880431945,0.13877568237082752,1,0.006785203449149833
189,0.13892960634566226,0.0005493313600432037,1,0.006602069049889085
190,0.20405575769263687,0.33387541508249147,0,-8.8876387575162e-06
191,0.24838806396852284,0.5417959990460135,0,-1.7654915832636464e-06
192,0.3168983813553416,0.39399789724868056,0,-1.3855425342781186e-05
193,0.13508825520289544,0.4461903659373059,0,-1.4824515464320247e-06
194,0.08167106822889873,0.2331715993908136,0,-7.2419180470393896e-06
195,0.03662293139864783,0.567479026748514,0,-1.649084387446615e-07
196,0.03039247179399079,0.5808625969715778,0,-1.3554749874830765e-07
197,0.014795967273128695,0.5172427562371518,0,-2.1914087180663866e-07
198,0.3091712794398945,0.11533742372217275,1,0.00832999362681051
199,0.20880620400014865,0.4245415481233633,0,-3.835882144873243e-06
200,0.3231464828760573,0.1868123771924405,0,0.002972491501759029
201,0.012073142819263404,0.48661545617503477,0,-2.8968209652744315e-07
202,0.29393867882025526,0.50297074408579,0,-4.092073693715253e-06
203,0.3138595603054364,0.11367313313446248,1,0.00852558509490761
204,0.18864372704117982,0.07096468258175392,0,0.0027661497503439565
205,0.1832201268881981,0.18895679607322036,0,-5.701856580804673e-06
206,0.1348229088670968,0.08148865784527785,0,0.00021405142703220914
207,0.11800065977460437,0.4500840101560909,0,-1.20226397356737e-06
208,0.2893682523764637,0.2221457163310079,0,0.0003355687265696114
209,0.030855631156896983,0.16082109624871668,0,-8.90056867861873e-06
210,0.3025572779667248,0.4210007384081912,0,-9.852605742385687e-06
211,0.15071379394454557,0.022114154817773256,1,0.004506266257976244
212,0.23551775914150616,0.3042205481482172,0,-1.46216211264317e-05
213,0.29562155195285245,0.2182297170292042,0,0.0004999150025602794
214,0.06363429117846572,0.349902532023364,0,-1.9021073753791639e-06
215,0.30134691012237097,0.333979379916488,0,-1.5377150477657714e-05
216,0.27359173037060247,0.5296298887838304,0,-2.562859402917944e-06
217,0.2685336321068404,0.5782640670471291,0,-1.4991154687147825e-06
218,0.22625482571078304,0.5170675237420415,0,-1.8127156409739903e-06
219,0.05954407491998805,0.4232904800644309,0,-8.767064732677842e-07
220,0.2022313339438536,0.33080223507168705,0,-8.992611915519369e-06
221,0.20443375730611507,0.1335358342428338,0,0.000439758471513125
222,0.3439603325191141,0.15531508265043562,1,0.005890234633578948
223,0.3235078638951536,0.38887895917955584,0,-1.4896513068415013e-05
224,0.056861848522261726,0.07340559614670847,0,-1.1107092424937885e-05
225,0.10163318770008373,0.06989403513136228,0,7.090976283020521e-05
226,0.3390905396100968,0.34594112379739766,0,-7.819808654674892e-06
227,0.019465739892788478,0.3840090053987002,0,-8.701525683703727e-07
228,0.005956865716510512,0.03494114039736216,0,-1.4491100643055503e-05
229,0.27679530461895835,0.08317252435343978,2,0.011041512556612227
230,0.03090930820076029,0.27645470179371384,0,-2.858054750704852e-06
231,0.14152636168003424,0.48511736159281005,0,-1.0712092124504476e-06
232,0.028465754518943922,0.5767562510559804,0,-1.3853721489428312e-07
233,0.17007629486643494,0.5974233710519692,0,-4.634192382916041e-07
234,0.023040661112355452,0.07105429455275644,0,-1.573954344588767e-05
235,0.09984003242840869,0.2732796532344126,0,-5.843759050755511e-06
236,0.34539335986554737,0.4610965346400334,0,-1.0089702054074117e-05
237,0.2859135883121472,0.47241343887546783,0,-5.117497911967781e-06
238,0.24528901209112874,0.3657897976539338,0,-9.682328941628383e-06
239,0.23777339159702646,0.11758291441195035,0,0.0026255641151491154
240,0.14301835820946554,0.34016428132679066,0,-4.620033485194724e-06
241,0.30120848837077696,0.2949722172820857,0,3.915077493328849e-06
242,0.033562514779867436,0.3704220635413046,0,-1.1474803589555768e-06
243,0.0546111746371751,0.4232721602618563,0,-8.347150835024904e-07
244,0.06420610355145129,0.2400059513685234,0,-5.712583891841953e-06
245,0.08800875094590525,0.32488710091324474,0,-3.113905330566794e-06
246,0.31864401854681285,0.3448936745864435,0,-1.4569807916812109e-05
247,0.2535845704788785,0.23397618759629013,0,2.732736923242545e-05
248,0.19622130576516508,0.30534597407711256,0,-1.0739967899289734e-05
249,0.1702693163414799,0.01139270477674632,2,0.011352196668092203
250,0.3203030707087246,0.5348149393699394,0,-3.872357361301142e-06
251,0.26776448784349305,0.567731679201234,0,-1.652784593536367e-06
252,0.19488143534420777,0.43702049355273764,0,-2.949251237235115e-06
253,0.28410301853249376,0.24864894825939166,0,7.521168062465593e-05
254,0.276388295191633,0.00736653214042049,4,0.02873534018388187
255,0.1389685159947263,0.21278595291253985,0,-1.418046597283417e-05
256,0.23914426526587915,0.11777859703531013,0,0.0027159005630209994
257,0.13036495882894347,0.264049856435525,0,-8.582147195963746e-06
258,0.011535753115501883,0.5402721140271601,0,-1.6848669322542587e-07
259,0.15018580674314563,0.1624165331161281,0,-9.414490558426032e-06
260,0.16153153624029493,0.529130728923139,0,-8.423345927628323e-07
261,0.09938461927646114,0.23358802188786834,0,-8.544489421407329e-06
262,0.07868672760104006,0.006130543852129256,0,0.0005264879192523984
263,0.30684867750292605,0.40677157468687,0,-1.160422981987311e-05
264,0.06218806774636871,0.310160723313393,0,-2.7885652613213698e-06
265,0.03245712511327314,0.13850847666672667,0,-1.1059915163086933e-05
266,0.0394784183913165,0.02770715056693085,0,1.573679739319009e-05
267,0.25442290642756255,0.5974480212025668,0,-1.0750676986091607e-06
268,0.3476921040611622,0.09291360708223899,2,0.008971790264476174
269,0.2930295362048214,0.40039556606240717,0,-1.0884976446276836e-05
270,0.2529736701882051,0.08171060030969202,2,0.009276914808070847
271,0.04826076404363454,0.27892871829235377,0,-3.3146424251484294e-06
272,0.22735886143481754,0.01094309974038936,4,0.024930630848093674
273,0.08424828080918566,0.3865920524907477,0,-1.6193210736725507e-06
274,0.09880300702258632,0.38133628941506026,0,-1.9734890136739757e-06
275,0.3218400647435038,0.029872599074464688,4,0.019634787911818215
276,0.21730556634105164,0.4805627526152412,0,-2.387602189294486e-06
277,0.007238201551748146,0.23361657420008483,0,-3.461072433868643e-06
278,0.34265467560886703,0.40915669136837846,0,-1.480509466185295e-05
279,0.013012936154107485,0.4739754123743778,0,-3.3181274856769225e-07
280,0.11825559873409743,0.0030803056041462493,0,0.002918289744980295
281,0.14943021402112702,0.1019537541557994,0,0.0001598826644910952
282,0.21381681989220852,0.36368148116045074,0,-7.33941394699467e-06
283,0.13524248798659438,0.1045255198617812,0,6.551238307403345e-05
284,0.25246997015324574,0.3598160164137771,0,-1.0896998830324286e-05
285,0.025415026884607426,0.17133135160939492,0,-7.648388612394436e-06
286,0.12957749569829674,0.5310229630574785,0,-6.007940514319098e-07
287,0.3236905835174085,0.25385918097575116,0,0.00035282839966844885
288,0.11744170843839437,0.00976993146409777,0,0.002178373347136246
289,0.336552726427857,0.5898332282331457,0,-2.6302026161508875e-06
290,0.21233354284167616,0.17214970760168738,0,0.00010495658351150371
291,0.09455861921107322,0.5128562730766373,0,-5.078756000217889e-07
292,0.13124968572784793,0.037970276413412975,0,0.0012046740684208382
293,0.1466804616867112,0.0785405421519999,0,0.00041443235154130654
294,0.18292271826675682,0.45855835278854584,0,-2.1113375789027916e-06
295,0.3186408580139072,0.15953146399847887,1,0.00483173093950889
296,0.08918692663562329,0.11494512522586431,0,-1.3932324167118272e-05
297,0.08123195917764871,0.19467928535861906,0,-1.0353783704154888e-05
298,0.2778417281741113,0.13797465604904696,0,0.00399575511101331
299,0.32106255673324846,0.45610345954331466,0,-8.4358366788021e-06
300,0.29714660885796623,0.5585003252069008,0,-2.429026829667913e-06
301,0.04192445325087141,0.1983801633473912,0,-6.905692652235356e-06
302,0.2937921713071382,0.144762505263936,1,0.004581240717252026
303,0.1128802802296121,0.5570933095707502,0,-3.918363938575105e-07
304,0.013124247863380616,0.5870261790468497,0,-1.072531312346924e-07
305,0.30339452632131264,0.4599992977441838,0,-6.859655823466731e-06
306,0.23673536672618953,0.022930313967775052,4,0.021635777069633273
307,0.07178854227835814,0.050902075973129186,0,3.5184023931904934e-05
308,0.13869512307320417,0.09814010263440143,0,0.00011332736279378803
309,0.11519374845136088,0.053670405802062705,0,0.00031625493947839056
310,0.19203049887845294,0.4191379148350387,0,-3.426353103747455e-06
311,0.14815699359095763,0.4911431602105401,0,-1.0775919748991254e-06
312,0.08050529597742362,0.15976544130781384,0,-1.368102633622042e-05
313,0.3358120450903356,0.09534272840324949,2,0.009350968182160045
314,0.28075606281404764,0.17208174081093483,0,0.0015876490051095864
315,0.16715941867151438,0.27909660761552985,0,-1.0480575348353346e-05
316,0.3031122851975687,0.5751028443574481,0,-2.1839415106957118e-06
317,0.06492172995854599,0.2901652227871946,0,-3.4980402614639852e-06
318,0.28023816603440743,0.338723804949414,0,-1.5385922029797912e-05
319,0.06954036313483229,0.30729977025518657,0,-3.087458842196113e-06
320,0.11153273178295078,0.5641248119722223,0,-3.603503676169553e-07
321,0.04094019130980904,0.2939613986541652,0,-2.6522078857510123e-06
322,0.0018253745215656369,0.48841389031633353,0,-2.568336308814626e-07
323,0.1754311400783663,0.5700459329861889,0,-6.427969447995583e-07
324,0.168029881278456,0.2596398821262787,0,-1.2458711859644804e-05
325,0.21334415833399997,0.3782706269055427,0,-6.33907480552006e-06
326,0.26364827267618635,0.24176671523011364,0,3.225333223811019e-05
327,0.19103452677911975,0.29429662194912437,0,-1.1304632547331094e-05
328,0.2534681393191993,0.5251177016979985,0,-2.1939365722442622e-06
329,0.012578646321672243,0.00769882597289182,0,5.496729852796033e-06
330,0.28685593529523756,0.11535002369567737,1,0.007348164993798177
331,0.34290007912000625,0.5854747747568714,0,-2.9261633267970133e-06
332,0.28556996786678324,0.032279079117684906,4,0.02020992382905902
333,0.08883661945600842,0.3256687018602316,0,-3.1153052348397707e-06
334,0.10636538896116128,0.516441021873052,0,-5.513064127760938e-07
335,0.13351247067348007,0.28475971518973336,0,-7.253625876225752e-06
336,0.3257285208981042,0.41005829833760604,0,-1.3149867152196939e-05
337,0.27382490417014166,0.21578022763804422,0,0.0002314203517007421
338,0.22884442939584007,0.27730082683678164,0,-1.579725763148861e-05
339,0.0893960129567351,0.17140877490013276,0,-1.3415801256122305e-05
340,0.06632011039126069,0.40924527463213295,0,-1.0795279583354426e-06
341,0.2090820233987891,0.0010010503804834814,4,0.02629101001357292
342,0.2925506732160748,0.5524976672104497,0,-2.463658243151302e-06
343,0.2320215131739069,0.23010042528495075,0,3.337098053127063e-07
344,0.01063004642466968,0.5940792716350313,0,-9.748965247694301e-08
345,0.019517173114797514,0.5042954446408199,0,-2.6147733931656836e-07
346,0.28290883290611174,0.042052500024930904,4,0.017996821814371674
347,0.029485384512851695,0.5339617630476715,0,-2.1470434201386663e-07
348,0.29693437387452254,0.23888821964543336,0,0.00022420409422857024
349,0.3327452914254781,0.3562612668517787,0,-1.4096041913011292e-05
350,0.25415972479691606,0.04028351729101367,4,0.017992982038130413
351,0.1593320700362892,0.015762526156432033,1,0.00736448838332046
352,0.028647181729059636,0.275481410296946,0,-2.821596786971893e-06
353,0.24620227214406354,0.051315878320517226,3,0.014768802667269354
354,0.24167086282405026,0.5033717055501179,0,-2.423743855110146e-06
355,0.0794378722781123,0.3366339949919131,0,-2.542641971770727e-06
356,0.09563268109365575,0.4056222896599085,0,-1.4999255586905658e-06
357,0.32346166569015794,0.5416153263011361,0,-3.7342428545055457e-06
358,0.24324111845843055,0.04719774754483614,3,0.015449400538097114
359,0.1245958367448992,0.05038780518063039,0,0.0005485562625436332
360,0.05111988593067366,0.2982454076959491,0,-2.8126456211504582e-06
361,0.32784095682891917,0.2834425620402337,0,0.00011370877485596333
362,0.294055363195268,0.056870332310620816,3,0.015041885817752235
363,0.05883244985234203,0.35126293237279166,0,-1.7886021735725103e-06
364,0.05701396306996287,0.09351571727619643,0,-1.541292836657426e-05
365,0.02500241041561909,0.5183185918602579,0,-2.400652927978562e-07
366,0.08573938094588998,0.20092909457729757,0,-1.0192076535618092e-05
367,0.27855313575196794,0.576909270822423,0,-1.679201755676597e-06
368,0.0494648349213582,0.3835894399779394,0,-1.1790713591609371e-06
369,0.11662578988037887,0.4204259280213582,0,-1.5951669284855054e-06
370,0.14521309236713023,0.4234871713370668,0,-2.0577883098719233e-06
371,0.26601743265006395,0.5787206632996144,0,-1.4553109679824806e-06
372,0.14953964171553133,0.3117723395241365,0,-6.516776261953588e-06
373,0.10487377544805859,0.33620039945308466,0,-3.290339040584726e-06
374,0.3245676517250849,0.09153950855101486,2,0.010079339459541314
375,0.04065751321848022,0.23957755296428526,0,-4.546443768877403e-06
376,0.1638809324485647,0.5633319295801117,0,-6.125695570477379e-07
377,0.04365169484686926,0.09208406474107597,0,-1.573596308259458e-05
378,0.2895502987446415,0.4905244542584666,0,-4.433518477294692e-06
379,0.1369834083530374,0.14315592949969813,0,-5.7219924043569985e-06
380,0.31960339698984136,0.5259765652492017,0,-4.198732547682135e-06
381,0.06636470320471458,0.2774159669985644,0,-4.028867421773478e-06
382,0.04984114833218202,0.30020918075648506,0,-2.7231051832993796e-06
383,0.16104980266111504,0.3339409676856691,0,-5.869074258137845e-06
384,0.32466113585960193,0.5113404618773768,0,-5.103010288625318e-06
385,0.13633448158813383,0.21579336694639975,0,-1.3655545694162162e-05
386,0.29412494804650324,0.02080514865288401,4,0.023355237262778345
387,0.2853367776709403,0.4447498999792386,0,-6.677934260822449e-06
388,0.03172897900626007,0.2767791225493415,0,-2.872189834158148e-06
389,0.25624593740720536,0.2805476747672878,0,-1.3986296143661749e-05
390,0.005834031587066101,0.5902671763153475,0,-9.653989080066086e-08
391,0.3234838007135232,0.2693051721830893,0,0.00018157823736141866
392,0.14845001292882554,0.15393131944829244,0,-5.292425443050475e-06
393,0.10414916755156298,0.04836007227459451,0,0.0002446452505351876
394,0.3338773343645658,0.2965960463822868,0,7.788964769487558e-05
395,0.00506141570232475,0.11519010098253224,0,-1.0673806369336366e-05
396,0.2402723057888889,0.06558553887788891,2,0.010852698538093996
397,0.09553681686498038,0.02318198643673508,0,0.0005169428525905039
398,0.1317265769259447,0.04405206561562569,0,0.000958204802539473
399,0.04225004151908192,0.47778590286584516,0,-4.2773853432040696e-07
400,0.18777227150433937,0.3933488113027818,0,-4.245474769887889e-06
401,0.21178117862475593,0.375491228912018,0,-6.41517380656754e-06
402,0.2414183867526473,0.43266848314935896,0,-4.887993752395352e-06
403,0.03463901744795568,0.00812475138735087,0,5.2562670415228116e-05
404,0.030770990299914012,0.028591242981020958,0,2.241334813511007e-06
405,0.07477924450724857,0.36932650182941446,0,-1.7507919644850014e-06
406,0.31780646985979594,0.3711201994100537,0,-1.5680562736551282e-05
407,0.1769818734559036,0.06887683498555701,0,0.002001599917729176
408,0.24638606745386915,0.22851095674875602,0,2.3828865892849856e-05
409,0.1972519591284689,0.04038880586304796,2,0.00931694988224632
410,0.28690300531867585,0.31165657771965566,0,-1.4181573232380171e-05
411,0.19792547285303294,0.07783469923474841,0,0.002938569030596802
412,0.1478261275874467,0.5516409699501893,0,-5.865648044240789e-07
413,0.26645242165581245,0.17796822864646192,0,0.0008062569048170942
414,0.34354428959099714,0.0788400849575994,2,0.010288684424373392
415,0.0664888729976601,0.007641272783210317,0,0.00028680213261755865
416,0.17585785678929577,0.48170574601035915,0,-1.5613137117105188e-06
417,0.10942807428811283,0.3581329281241826,0,-2.766385636389103e-06
418,0.34144618489447087,0.4493184860675202,0,-1.0823301001853364e-05
419,0.2660490251932676,0.22163364355593732,0,0.00012325728146418357
420,0.2614640766048335,0.4470535490540225,0,-5.166983683151444e-06
421,0.2281780260891355,0.5592047505610475,0,-1.212705543689186e-06
422,0.0725366920540778,0.07079211216563831,0,1.5998843015846508e-06
423,0.3447773390595521,0.25773656008989687,0,0.0006471298862685584
424,0.07250399002776753,0.10018072317250716,0,-1.4297201607784748e-05
425,0.0013987754603479452,0.4735645042715321,0,-2.9668138025612917e-07
426,0.26027160134224225,0.4377547879226328,0,-5.597426491675206e-06
427,0.29302959957514896,0.21940780517919617,0,0.0004328204681664547
428,0.01140747096618943,0.40261675649812906,0,-6.665437433840454e-07
429,0.0435785733983016,0.009690220224516355,0,8.199160991547797e-05
430,0.00018233978624849765,0.20192710683675444,0,-4.42271898182708e-06
431,0.15662705254472042,0.055462876639107137,0,0.001591834255449432
432,0.251829149705875,0.38787236823859944,0,-8.371386546582649e-06
433,0.03513449028325751,0.41463362373485513,0,-7.491536927997748e-07
434,0.10360056857563738,0.3080078199772305,0,-4.301594364144272e-06
435,0.0741365172004833,0.15483918538106756,0,-1.354390857331506e-05
436,0.13699226010493187,0.32427179478183954,0,-5.094868140024814e-06
437,0.34913553830977306,0.10926940090710092,1,0.007949849744974142
438,0.015592065982610964,0.06485096943446601,0,-1.5721197424740748e-05
439,0.058832504096959434,0.049015914960929184,0,1.2349282052286422e-05
440,0.32141710999659784,0.5514938639221589,0,-3.316360243380752e-06
441,0.11480112202772393,0.267286725805239,0,-7.169467126749594e-06
442,0.1893342751805662,0.4439389936981791,0,-2.604514558104889e-06
443,0.08577457271508322,0.0996449970115367,0,-1.0000953268710299e-05
444,0.07275206418085989,0.14277033546906717,0,-1.45186881298502e-05
445,0.14901186090986326,0.006644514684455216,1,0.0073386575233689855
446,0.2511810415143573,0.34881239428563904,0,-1.184410741432794e-05
447,0.20029284836444392,0.16756071353309246,0,7.030560629922397e-05
448,0.30511373368566,0.5048637405634346,0,-4.485844182419876e-06
449,0.2517754894934539,0.37365283507204694,0,-9.559004626442783e-06
450,0.30783093232387254,0.4579111213897462,0,-7.306744822247619e-06
451,0.23207149339603397,0.21342629983175807,0,2.593257272831672e-05
452,0.05397569775652545,0.36304402754456694,0,-1.5146446555520096e-06
453,0.2938604750341961,0.504228594591355,0,-4.038097241433756e-06
454,0.021868347578302232,0.5341986378909672,0,-1.9850342719146142e-07
455,0.28628063967541484,0.18272269752909875,0,0.0013191434029120434
456,0.10678421703270152,0.4939992447949461,0,-6.92893333094334e-07
457,0.04676793901647294,0.47366423179448947,0,-4.6631132317902765e-07
458,0.09470588279243373,0.29022886683033194,0,-4.698757232734922e-06
459,0.33851021161913797,0.5350207032097994,0,-4.627961296461776e-06
460,0.34699671119990877,0.46349484088758597,0,-1.0016673337347585e-05
461,0.19092406638331,0.12592812379881163,0,0.000346514430813338
462,0.2476775264471131,0.23921766108337225,0,7.782765375356452e-06
463,0.30229339603503586,0.1705014238151825,0,0.0029148199327814835
464,0.21991964843899628,0.3283245445296232,0,-1.0803363591740044e-05
465,0.2907229650418549,0.37452027042075897,0,-1.3209747626069804e-05
466,0.3444624501194357,0.11783473421292728,1,0.00770868118006973
467,0.012995386995349982,0.016398262017473964,0,-3.1411288187111613e-06
468,0.29094535723002185,0.5391892228557286,0,-2.769021406690304e-06
469,0.055226292738310145,0.11842368028316023,0,-1.5054290379168953e-05
470,0.23792059191655204,0.5131408520581462,0,-2.1177813286468823e-06
471,0.13892994707155729,0.3682625330550869,0,-3.3545311221036246e-06
472,0.2616171837839242,0.40008872895210235,0,-8.178301005745247e-06
473,0.03517381769542495,0.47119858271104725,0,-4.2568670610855575e-07
474,0.1910343504506608,0.40750998369803204,0,-3.8091314420678046e-06
475,0.28176101444769514,0.08273199643396323,2,0.011314880937823462
476,0.2573467030109974,0.5432333963951426,0,-1.9029135016719326e-06
477,0.03312114518219722,0.25363754937593613,0,-3.6681812309384703e-06
478,0.3413163396438845,0.005111278241734562,4,0.029193120211023472
479,0.3061374109795745,0.11074882978049609,2,0.0087006985073926
480,0.09059150382374317,0.39723502737905053,0,-1.5510569918167344e-06
481,0.34651281566884234,0.46474195872445334,0,-9.860002779676388e-06
482,0.31982737021975954,0.13783493691805143,1,0.006669303398320009
483,0.14803879043271173,0.40047327718032927,0,-2.663587098455166e-06
484,0.09677125354665733,0.2508733822745364,0,-7.060012524390814e-06
485,0.09954660666767434,0.38876976814694286,0,-1.84584025750819e-06
486,0.0429061737724975,0.2257244458828208,0,-5.332073844066554e-06
487,0.20860314622692638,0.12937556378369702,0,0.0006176365952761612
488,0.06356712305450356,0.5712015861344604,0,-2.0794852696097945e-07
489,0.1913609726049063,0.598032750903257,0,-5.696409888770146e-07
490,0.23946811787130326,0.22645468073681085,0,1.487945189262494e-05
491,0.23234576583497182,0.2980168427082161,0,-1.4869336376052534e-05
492,0.18688919624426745,0.5531357757867531,0,-8.534364832703325e-07
493,0.12450200781372862,0.1179509931678321,0,7.009848728303792e-06
494,0.0599895225742587,0.36072760924960307,0,-1.646051656069146e-06
495,0.2704666494726918,0.39175742815518777,0,-9.606457594887577e-06
496,0.0656539540791243,0.5092970513702948,0,-3.9432016752500126e-07
497,0.1606072715347336,0.1817611530248848,0,-1.2914026465552349e-05
498,0.14796505646342373,0.47851460472779683,0,-1.220268801089839e-06
499,0.044880290175838035,0.3981353016269388,0,-9.73848149915192e-07
500,0.05616327667496834,0.09596660902011286,0,-1.561519347720152e-05
501,0.32250021690770053,0.023737670721332704,4,0.021504352436271263
502,0.3365435689824764,0.08587355448880242,2,0.010027147916618162
503,0.14519506740175575,0.5630866334193099,0,-5.095709805893753e-07
504,0.0513969902510833,0.22133085093935864,0,-6.052734554525539e-06
505,0.16580300242743362,0.3943273407416776,0,-3.380030060505876e-06
506,0.14934427960872243,0.2765178744248219,0,-9.120266208300547e-06
507,0.0758200813540186,0.37275760384553813,0,-1.709434061388448e-06
508,0.1118656589478707,0.1888085672243781,0,-1.389594975988623e-05
509,0.15664323558461862,0.4711558283237455,0,-1.4322541191934542e-06
510,0.2583154717798397,0.33713989843874936,0,-1.3699490710608517e-05
511,0.1188147913174018,0.3619110346788271,0,-2.925222085869961e-06
512,0.050027982512017934,0.3961340488701347,0,-1.0459451988517243e-06
513,0.2263117236351495,0.5492932746864962,0,-1.3143096247404496e-06
514,0.2184439139064634,0.27460635905746145,0,-1.5505536701509947e-05
515,0.31505441836773784,0.4438775759746327,0,-8.94657036538887e-06
516,0.07210902001193294,0.27022267969758457,0,-4.581079292155823e-06
517,0.18396964740406307,0.24944662783468252,0,-1.4883808823628248e-05
518,0.08498155790084941,0.319183043296504,0,-3.1983034848266007e-06
519,0.03759460891698069,0.256976882688616,0,-3.709650750585441e-06
520,0.3149106655568813,0.036432639412706046,4,0.018201380843125742
521,0.11557991413326502,0.4193492226772587,0,-1.5956840167465052e-06
522,0.291948161827234,0.367315079023688,0,-1.4022245325660943e-05
523,0.12168275527401567,0.4438270565551725,0,-1.3277931408351683e-06
524,0.15179827249455627,0.05673138833425064,0,0.0012609955949321751
525,0.07935760242399362,0.33553044341240834,0,-2.5687602337243397e-06
526,0.12445052838744106,0.29888505575018876,0,-5.784512139212984e-06
527,0.012352673384404982,0.5921187911847235,0,-1.0114538017608248e-07
528,0.09291135238561621,0.38960483137004726,0,-1.7132033026300577e-06
529,0.09718047440522552,0.4776410186757035,0,-7.414071568343496e-07
530,0.13575308456364313,0.03254109456507046,0,0.0017801824079467384
531,0.11117059340804447,0.3469095729763144,0,-3.148390953361732e-06
532,0.22794761054595994,0.5382724898270337,0,-1.4915088692930913e-06
533,0.20104582646218452,0.023636447646803393,3,0.015259526724725806
534,0.12791526027345354,0.31287418719204735,0,-5.213934885272768e-06
535,0.16658096756250032,0.3984649962491615,0,-3.2686563163371264e-06
536,0.1368282581818972,0.3832413110584245,0,-2.8291390547097125e-06
537,0.21246362507277305,0.5560637244597142,0,-1.0697917152189619e-06
538,0.1061323788087255,0.04455135246733881,0,0.00031882780052789103
539,0.16883032178045826,0.3663881007654236,0,-4.598980922646631e-06
540,0.05853873786530669,0.025483731551915988,0,7.785229810995931e-05
541,0.21177040239338796,0.46482129205408546,0,-2.6440437938911193e-06
542,0.2739042121704774,0.013672975248400743,4,0.026157018053209545
543,0.2827971194814057,0.36722526991340776,0,-1.3149099798743741e-05
544,0.3294817732049185,0.565806618386755,0,-3.115459691639739e-06
545,0.3073877368507749,0.3310411097017833,0,-1.4025459709098563e-05
546,0.0386606069692521,0.45063535086849904,0,-5.414003121409017e-07
547,0.3269447942043125,0.4756188198451028,0,-7.4026055988257735e-06
548,0.2686243041175851,0.3979995766786806,0,-8.911356995668116e-06
549,0.135398496500915,0.3380789377660704,0,-4.373703619423211e-06
550,0.061061842937675304,0.14600914123889527,0,-1.3133260623353863e-05
551,0.3139572353244832,0.3377093843829292,0,-1.4071731549736332e-05
552,0.15987692274914797,0.3395339610753392,0,-5.4909202650567075e-06
553,0.041268342671998026,0.5931965021728434,0,-1.3356947005681784e-07
554,0.16995593914415,0.45033251866267776,0,-2.0141389228296174e-06
555,0.19832757221820596,0.42122515313924513,0,-3.5726600559707914e-06
556,0.0041190543744895995,0.46189399142891024,0,-3.4259098880705853e-07
557,0.09235641229375388,0.4676853736417399,0,-7.804948132297305e-07
558,0.25140040485348264,0.27881342838961515,0,-1.4569547348007737e-05
559,0.0783201092249818,0.3102552303397281,0,-3.2717195328106885e-06
560,0.1160733090790546,0.03177728667231689,0,0.0008459948216069178
561,0.14444534959913055,0.5849363508573503,0,-4.065082721171096e-07
562,0.332238380999535,0.021442476625043148,4,0.02196048150020241
563,0.24844955813761685,0.1452374968769077,0,0.001432413282688848
564,0.16406267466524693,0.23344521529252796,0,-1.4567030621697643e-05
565,0.29091177031183657,0.005465491001961986,4,0.02960260069244536
566,0.06458848598948162,0.49821882512561233,0,-4.358512802236208e-07
567,0.21247973420049038,0.07888757826176729,1,0.004387260987789761
568,0.1596736580299561,0.5406022298639133,0,-7.372539580706153e-07
569,0.08157387196432668,0.533729433905243,0,-3.620713064691656e-07
570,0.24653725024108006,0.34908602959485174,0,-1.1362005613756004e-05
571,0.08683994465399913,0.3398304368101276,0,-2.65141615932617e-06
572,0.21466454405550678,0.5205113757968898,0,-1.5601937272465333e-06
573,0.24520844887172913,0.05347565544870425,3,0.01416533399123353
574,0.21210642666837085,0.5467565982160109,0,-1.169929045887567e-06
575,0.17523696040563394,0.4678641680028958,0,-1.7818927506937899e-06
576,0.3234716460159871,0.24165716769919146,0,0.0005608633917988396
577,0.14475986994264656,0.5049190647148804,0,-9.076303577851735e-07
578,0.13709834100701515,0.35261170010519377,0,-3.8496962364608444e-06
579,0.12128631773300913,0.4010754650456661,0,-2.0276617540815066e-06
580,0.08391774391281785,0.1376539601163478,0,-1.55941246941931e-05
581,0.17222894625683116,0.33436917447550835,0,-6.519804366820798e-06
582,0.15820422387318553,0.595203478701027,0,-4.208632078573979e-07
583,0.21703456566210708,0.2164800068326976,0,-8.23609313221491e-07
584,0.1057714691095904,0.5475844762951204,0,-4.013932958678853e-07
585,0.013811738533269972,0.3500651860766234,0,-1.1547063183741704e-06
586,0.009182238310125634,0.39040865368955224,0,-7.365329918919461e-07
587,0.008974413741221364,0.24725283004537166,0,-3.073748743726092e-06
588,0.20058611328543713,0.5923273092892872,0,-6.612478809147612e-07
589,0.13228825173353395,0.4362970329968889,0,-1.5914544127743335e-06
590,0.028996263674913945,0.49008862282126964,0,-3.3132532068978033e-07
591,0.0574433769051742,0.021833932166957105,0,9.001757831313936e-05
592,0.09451536766717586,0.3799973290630225,0,-1.916302632774057e-06
593,0.26638600109828175,0.03676871729830369,4,0.01923189099140731
594,0.3221360438494004,0.3100484154243668,0,1.121156390358075e-05
595,0.22319886960255764,0.44402715386188735,0,-3.6451251735796647e-06
596,0.14191604197598998,0.5859760729772642,0,-3.922716626244701e-07
597,0.153769956830567,0.055768365359025074,0,0.0014124209419069053
598,0.137318354551945,0.16674502167741084,0,-1.4671039468763551e-05
599,0.2841590731719055,0.5537167664426242,0,-2.2386777863968823e-06
600,0.08711502583108743,0.5792221933886583,0,-2.428070163284e-07
601,0.31255573230825534,0.0383940180378143,4,0.017840685644634636
602,0.06219235132019417,0.22651008369624295,0,-6.394268498437726e-06
603,0.08669606121026102,0.4228570248570681,0,-1.1547535004815099e-06
604,0.23577987776969592,0.17194459245833266,0,0.0003130789964636871
605,0.27155060778751927,0.21011862415808263,0,0.0002693104987041264
606,0.18497024826211067,0.4682164865738922,0,-1.9566665170231365e-06
607,0.3212251900434999,0.49516681786800504,0,-5.786516328469234e-06
608,0.17920221198090383,0.4479696618691375,0,-2.2614432543063067e-06
609,0.3358619112564929,0.30495883275528635,0,5.376616164275783e-05
610,0.21665964161396947,0.23561447612069877,0,-1.2422693867019333e-05
611,0.16305079473035414,0.3002484676812277,0,-8.296173663749346e-06
612,0.19356679541752586,0.003662836170919181,4,0.02130978520148713
613,0.06240437207103221,0.2026287051363519,0,-8.07357028996018e-06
614,0.10533619599564933,0.33081141894140675,0,-3.4879293197263467e-06
615,0.21153014291462652,0.11279101305461549,0,0.0013171111084270852
616,0.2157496555229372,0.30927397098461984,0,-1.2259285649787584e-05
617,0.11980685201311965,0.3759579564227027,0,-2.5677654785893792e-06
618,0.07463482546324471,0.06238832253383122,0,1.631922167737544e-05
619,0.021918378636398433,0.030322415328938243,0,-6.8511747469580165e-06
620,0.13412305281180098,0.1768989268429678,0,-1.5747845103921542e-05
621,0.24447005146264647,0.19147399759940878,0,0.0001908157250988146
622,0.12081680822633124,0.4952394805089535,0,-7.872816840649935e-07
623,0.166730188919604,0.035626930984585733,1,0.00470616919913775
624,0.16622884586349915,0.35799600995423453,0,-4.870894013326032e-06
625,0.14463258476679494,0.17374837896504225,0,-1.4632655006231411e-05
626,0.05956431782475258,0.11475778577530908,0,-1.5529559358999684e-05
627,0.10245420010569113,0.46478139063181456,0,-8.88730583297675e-07
628,0.3108791010713586,0.13101957623392665,1,0.006961744415688351
629,0.15290020583332029,0.2615407539058808,0,-1.079434332572318e-05
630,0.3220358800083303,0.23292681443307348,0,0.0007335405752359244
631,0.18792291732082167,0.5267242369033445,0,-1.1228722805741038e-06
632,0.13891026956162286,0.043223149936134964,0,0.001314876824365986
633,0.15909017731650824,0.49741934505333557,0,-1.1287483300444195e-06
634,0.1520699762802289,0.16651895478403833,0,-1.0467382055188223e-05
635,0.21846212209400045,0.5506459856760195,0,-1.1989861137462894e-06
636,0.1416176748338447,0.2876744656623931,0,-7.625089347308367e-06
637,0.16817953490913512,0.30741740460413175,0,-8.135768210984508e-06
638,0.28993198659790637,0.4875424655948619,0,-4.583902468561044e-06
639,0.06774916373089705,0.5356834476604379,0,-3.092753438989921e-07
640,0.23034503582062033,0.5899898873622278,0,-9.109374219032539e-07
641,0.10609155202120363,0.4632609482949313,0,-9.357185460449492e-07
642,0.3000831318558776,0.489773057866575,0,-4.956694460911025e-06
643,0.1026116663930593,0.2288030559384291,0,-9.211289110057502e-06
644,0.21473144813183148,0.1462140070397551,0,0.00039267534358877325
645,0.3392770454347238,0.08443212073554707,2,0.010014629748679947
646,0.24444270995041126,0.42126711831584707,0,-5.6360554575781896e-06
647,0.2788247015049939,0.11952439387234293,1,0.006190188000514959
648,0.038641841323604445,0.26762573474976137,0,-3.371159867637046e-06
649,0.3106434269548495,0.5564483527008207,0,-2.835819037159711e-06
650,0.12774867737437948,0.5835185340088972,0,-3.4899998326314413e-07
651,0.10652990616587227,0.3067304572575174,0,-4.484881054244381e-06
652,0.07616224381514428,0.47750905325551946,0,-6.01832611220286e-07
653,0.3487019306422851,0.5098757840157896,0,-6.552344515427816e-06
654,0.14101066348258492,0.4288482645509899,0,-1.870368601753673e-06
655,0.18297436430526345,0.15364026695049796,0,5.818978886687292e-05
656,0.028720521005969127,0.0410827106940036,0,-9.152819656470904e-06
657,0.008719606599771279,0.17759539368419877,0,-6.1189296922377915e-06
658,0.026581180390644613,0.2824766716452319,0,-2.5776012177480616e-06
659,0.3359209902847809,0.20521378312384356,0,0.002455957154547619
660,0.2718169578246731,0.20950088824505494,0,0.00027970664025025083
661,0.2485401065460286,0.4196786103615821,0,-5.959620534726773e-06
662,0.14289487693566547,0.2801691114474164,0,-8.293250538758065e-06
663,0.2691698185265746,0.0828202626542668,2,0.010628102385396767
664,0.1286723819369254,0.07100866235646557,0,0.00026293554019886335
665,0.337566396906522,0.32730839459746547,0,8.167335236837911e-06
666,0.27415717682325796,0.47152291921978523,0,-4.596907525967834e-06
667,0.0013801416202681549,0.139101161936159,0,-8.274247211050087e-06
668,0.13097566266878313,0.28351376139734447,0,-7.163846037973305e-06
669,0.22809040748011106,0.5625703501554,0,-1.1715594293936635e-06
670,0.32987999304959087,0.21395719177382536,0,0.0017009300226140168
671,0.15622633397088326,0.3855633953596863,0,-3.3533524063714463e-06
672,0.20252606767875186,0.38330794012008496,0,-5.425617801163459e-06
673,0.2610211686424215,0.011394895441732066,4,0.026908383628501238
674,0.12436097384096449,0.5616232563417821,0,-4.19970840276183e-07
675,0.3347461495820493,0.030404692328096727,4,0.018956424083190496
676,0.03780064514749184,0.565785192165149,0,-1.6971019752966998e-07
677,0.30217043832098683,0.10244549763045172,2,0.009448255676829935
678,0.3395082732971219,0.5797493976505144,0,-2.9953363065644434e-06
679,0.058976170050983344,0.022505030541613524,0,9.43788151077646e-05
680,0.1567253762326127,0.0646071292790288,0,0.0011136226811999772
681,0.10055897873789096,0.09635332817747778,0,4.236225491853752e-06
682,0.246480010120406,0.355647550857222,0,-1.0724858399531704e-05
683,0.12677503450446612,0.04775092824492786,0,0.00067189615080014
684,0.2074213733462605,0.04835640574989519,2,0.009354388362332012
685,0.33504086720332543,0.32037781349716177,0,1.4886954878342225e-05
686,0.2871242996630708,0.25539524517570783,0,6.0413013408595895e-05
687,0.0632929463765958,0.23172787465971842,0,-6.141445046917532e-06
688,0.23533926091480048,0.3411988014754321,0,-1.1043681919652992e-05
689,0.2718252779114928,0.10191092843068184,1,0.00793807105743496
690,0.1601648578186602,0.01005184977029896,2,0.009085651912645851
691,0.3288911271212382,0.3455944658894562,0,-1.2225954552284433e-05
692,0.10767555836374734,0.25185479714409154,0,-7.768431672635507e-06
693,0.06868317340068855,0.43600447466446696,0,-8.458237847432943e-07
694,0.30228666481122696,0.4581198224461228,0,-6.911518172286709e-06
695,0.33692326978129394,0.09489720540309565,2,0.009334153873646141
696,0.04857072452018711,0.5738061522813238,0,-1.744190840390399e-07
697,0.04160210587750709,0.36048186817003275,0,-1.3733346192593119e-06
698,0.30000139678869375,0.3333976391658371,0,-1.5445611726293012e-05
699,0.2614284673700931,0.31453329130804597,0,-1.566548825309426e-05
700,0.09794595638911399,0.1368989604256641,0,-1.559104205759992e-05
701,0.1687466982788524,0.5042676588787117,0,-1.1606977557917422e-06
702,0.034143594438392225,0.5459778835471721,0,-1.994637948113398e-07
703,0.04845768355912183,0.07442673632152012,0,-1.3936928347470401e-05
704,0.10086374998134416,0.5323737989371962,0,-4.4498184870032513e-07
705,0.07525409498530802,0.12751365851695512,0,-1.5647749295455382e-05
706,0.23987134092244874,0.4945302113230625,0,-2.6003864142562607e-06
707,0.20551052362427608,0.4207902693077005,0,-3.853581295617256e-06
708,0.3266047249024577,0.04205661287763738,3,0.01641193144460044
709,0.2497237937769581,0.03599201795023514,4,0.018822193020157037
710,0.20906265729508902,0.0190357253481644,4,0.018747417305053152
711,0.336556740385257,0.2626743793193537,0,0.00040442046500809036
712,0.018070876556557185,0.3312309959141003,0,-1.454541569947234e-06
713,0.2905187994573916,0.3003130035326827,0,-9.0100757105845e-06
714,0.10182734352523828,0.08011167051187706,0,3.689364361321077e-05
715,0.28800869603928797,0.4360955647834746,0,-7.4528080066143425e-06
716,0.14243203850858352,0.5789083484030736,0,-4.231719016339379e-07
717,0.058017520910504466,0.5838155808471711,0,-1.7342144775578805e-07
718,0.07347414502509945,0.396887534726455,0,-1.3119528401075255e-06
719,0.22837924927372621,0.014716464445196052,4,0.023604640127541245
720,0.11035700453945281,0.5298799494185871,0,-5.015820769441008e-07
721,0.3121537178320542,0.14505284548488312,1,0.00574749380585442
722,0.1350300030597218,0.04082344191360143,0,0.001244998522303795
723,0.05355094824354123,0.501184050503602,0,-3.7895229347606184e-07
724,0.07020563663320897,0.2346659592832077,0,-6.384654162850281e-06
725,0.07509646495419929,0.18833690916347784,0,-1.0373852828582358e-05
726,0.20343258170435038,0.139619955127618,0,0.0003247198068991351
727,0.2230680732006944,0.5676751159480238,0,-1.0588624767842532e-06
728,0.20600989166942615,0.20824850433040068,0,-3.2008584764120733e-06
729,0.2955322290623432,0.08261562834193048,2,0.011554177712749624
730,0.27883859622376916,0.4132636089222913,0,-8.494987355539527e-06
731,0.05595146942695129,0.02530983339417987,0,6.759876063353864e-05
732,0.14307850252792964,0.39691685616185135,0,-2.6267399006941436e-06
733,0.2982499447621152,0.14505959471625504,1,0.004879295408414726
734,0.255717180581776,0.3769223010991512,0,-9.61747563316279e-06
735,0.015491430197987315,0.40502689982411383,0,-6.77764873809586e-07
736,0.28563446826499916,0.048189824236470426,3,0.016725319938977416
737,0.018241131082682775,0.2884201614208403,0,-2.235083610682805e-06
738,0.0008625160435710099,0.3930521613221494,0,-6.601125832872519e-07
739,0.17728083550752993,0.4859143832705717,0,-1.5184009841565792e-06
740,0.296092920015929,0.4020313416958173,0,-1.1021186014535536e-05
741,0.07943866593547355,0.1255637341439755,0,-1.575886404390899e-05
742,0.27438612087122155,0.14649216092214307,0,0.0029315256079434403
743,0.1498377915711217,0.34391757091447195,0,-4.762039622339508e-06
744,0.34411095321941554,0.06389853509011775,2,0.011886156716605359
745,0.2594229323151738,0.10914212577769804,1,0.0056606714197860765
746,0.30477764302162896,0.5143593793626011,0,-4.068616115027819e-06
747,0.2523465213670806,0.4611523527368715,0,-4.105541130629978e-06
748,0.2110069300187202,0.35558391355666213,0,-7.72351977809994e-06
749,0.15457678355599075,0.40716381511400734,0,-2.6592282688768993e-06
750,0.12024320932990178,0.3418695760913752,0,-3.6234072704688834e-06
751,0.08020396081675796,0.18544882328478715,0,-1.1131556418369147e-05
752,0.3191796750902317,0.07013528560193986,2,0.01234964583632087
753,0.30296641043777495,0.4247357594393633,0,-9.556221672659207e-06
754,0.2791177869247065,0.10934031472085366,1,0.007530051305278738
755,0.05714974698392577,0.4204537082167441,0,-8.806197444279843e-07
756,0.211624270337263,0.39110493933505136,0,-5.494605553409783e-06
757,0.19652667948058403,0.4960976517335943,0,-1.661772373617737e-06
758,0.11290524501131967,0.5183206392919089,0,-5.775518540734581e-07
759,0.012216442135179112,0.17507076335721053,0,-6.490298569887453e-06
760,0.3143502920386044,0.14453111834050128,1,0.005902099287613471
761,0.11178227099882523,0.5775124331194678,0,-3.1598629144700026e-07
762,0.261816774879682,0.3892575969523334,0,-9.075719655428068e-06
763,0.2395569758510033,0.12587847024145882,0,0.002104240331459369
764,0.25726106400048643,0.062086216253618806,3,0.013430366272898052
765,0.25453477881481135,0.3020150793928356,0,-1.582994760153948e-05
766,0.1246949264318292,0.20277917986999808,0,-1.3787402647802006e-05
767,0.32611542750428146,0.39031559765110607,0,-1.4989302920348547e-05
768,0.24024955156595032,0.49256710033739554,0,-2.6618543254283946e-06
769,0.06250802394556812,0.5174699039400428,0,-3.5213574763532183e-07
770,0.22572671778016748,0.5975284410207248,0,-8.067583007553951e-07
771,0.15038166595637528,0.0454404867493732,0,0.0018620057789835982
772,0.27769750258751924,0.06737529163693894,3,0.013473625069351717
773,0.3137770662662933,0.13307844775907632,1,0.006881202343758939
774,0.21740882987216706,0.39420543311519746,0,-5.641152818075679e-06
775,0.11677143979531308,0.4712268892685839,0,-9.613086452247461e-07
776,0.1965880107115529,0.09913320378896692,0,0.0012898768094126206
777,0.25279721059085913,0.31065749057526715,0,-1.5417938472806802e-05
778,0.25390024988746285,0.40786335263190754,0,-7.047146601147889e-06
779,0.0901894954516698,0.22402291602279026,0,-8.575617245493245e-06
780,0.24190495784820815,0.5546656175193759,0,-1.4552210030939596e-06
781,0.21905815356937614,0.027892756065570755,4,0.017594142839797353
782,0.0329906818518713,0.32172278050900754,0,-1.8565367987696347e-06
783,0.11249464700785153,0.38736460601595046,0,-2.1301077533614372e-06
784,0.22012009432475335,0.3714603783467485,0,-7.234386861221079e-06
785,0.22240789839676162,0.5054260924083396,0,-1.959693764782102e-06
786,0.12014648579657615,0.24272908784598304,0,-9.521933542740038e-06
787,0.3033782486910907,0.14265651768368628,1,0.005465967575866961
788,0.2556406967206851,0.386563188499163,0,-8.78562233000027e-06
789,0.036057386552664106,0.5385362080083924,0,-2.1902033891951085e-07
790,0.025730952473402294,0.13359960646455524,0,-1.0886422843837163e-05
791,0.10701136044118138,0.16029123275269805,0,-1.561511668383541e-05
792,0.2058250185175687,0.1248531185519214,0,0.0006654415787508046
793,0.24480779638938008,0.36370223083012754,0,-9.826028710316724e-06
794,0.08613191582722882,0.16161572818215866,0,-1.4033678665518588e-05
795,0.2567748688125491,0.161553564927067,0,0.0010550132418882742
796,0.09104443851347618,0.04471397369155887,0,0.00015615818408218758
797,0.10052219644017137,0.09746835706837305,0,2.8851178727008403e-06
798,0.29623692750698194,0.5698949602522099,0,-2.148232631076107e-06
799,0.27545068060741934,0.4610351011653569,0,-5.165413509818397e-06
800,0.2508700684459623,0.05451406048699729,3,0.014483856381012433
801,0.3499835133052014,0.36753359058564883,0,-1.2627469922599453e-05
802,0.09552386959680383,0.110595062047224,0,-1.056673241793697e-05
803,0.017715031782808477,0.371961013565612,0,-9.645416206617079e-07
804,0.2280810575038815,0.13689286016098995,0,0.0009597658306551848
805,0.00738124416312565,0.5536225941810329,0,-1.4143669753268977e-07
806,0.1884322218222523,0.010959434627398056,3,0.016725615941317617
807,0.17726590476694354,0.25646524472737425,0,-1.3675075388446854e-05
808,0.1935578738933006,0.5963211164744626,0,-5.923207422428047e-07
809,0.012502674222215147,0.20524953725475978,0,-4.834975669852624e-06
810,0.1025420531755247,0.51284568062,0,-5.500801283905802e-07
811,0.2730799804969192,0.05728197027456758,3,0.01508087490132735
812,0.10364217168462973,0.11773474258259033,0,-1.0150163098159218e-05
813,0.09227550710746761,0.14162459152332627,0,-1.572831595682988e-05
814,0.2275216531487311,0.3084169924908395,0,-1.3504685850621721e-05
815,0.2339388776508901,0.05295672657648685,2,0.012856980132452818
816,0.12175894603903308,0.14549609805335856,0,-1.3517225273816114e-05
817,0.003966869046415106,0.2205892433084619,0,-3.814422802204372e-06
818,0.07225731799221968,0.4069590101823008,0,-1.1719515156087642e-06
819,0.2834620760136277,0.4313730065916722,0,-7.466374141391222e-06
820,0.07897153311767961,0.39745563391098554,0,-1.3781268145832335e-06
821,0.13731997407090962,0.136598980284151,0,1.1177418615667394e-07
822,0.2594041088475869,0.5148839241810959,0,-2.5780336227470165e-06
823,0.3154249387666046,0.5210106371187461,0,-4.232188077904677e-06
824,0.1597508702426427,0.4015390000237244,0,-2.961578610500537e-06
825,0.25267201792392463,0.36034512750809616,0,-1.0865680448970663e-05
826,0.09614388699445403,0.08587889301875133,0,1.2758350255828085e-05
827,0.1325214752097158,0.5256712571044541,0,-6.527263475052502e-07
828,0.27795506363917644,0.22592627150509692,0,0.00017522173695143665
829,0.21908202068116633,0.5041365479840756,0,-1.920353970269827e-06
830,0.2123320954333848,0.42259246795162037,0,-4.050276627091433e-06
831,0.3058828344180232,0.37504157426485324,0,-1.4580660040250177e-05
832,0.2256970249903327,0.591030487112831,0,-8.606533572957902e-07
833,0.22652517150624712,0.0005692362600328682,4,0.029283096947300327
834,0.20438868633005927,0.2495732718136351,0,-1.5814773082523292e-05
835,0.11390172444676686,0.16570762490153204,0,-1.5668689903433e-05
836,0.28402947306265547,0.23075542563261114,0,0.00018413670958728024
837,0.13293439066655,0.34871058832850926,0,-3.8399150372874005e-06
838,0.0009099518950610396,0.41618479029037597,0,-5.240377717763281e-07
839,0.1360528338239118,0.4411771485866546,0,-1.573711990399085e-06
840,0.19398168969945742,0.4405759301739018,0,-2.8210630338784486e-06
841,0.06451481470094128,0.340976948346558,0,-2.0979193275560146e-06
842,0.2104511523034649,0.49285839528588954,0,-1.972168666585579e-06
843,0.2810268375775204,0.44360419499024145,0,-6.475633750808475e-06
844,0.19309501077466965,0.328199102881826,0,-8.457551287093414e-06
845,0.07735982837837153,0.003547719276663752,0,0.0005564034196385541
846,0.33337729750536804,0.4504418332054112,0,-9.969009412984888e-06
847,0.2474691087628941,0.4496508174374932,0,-4.385287877472204e-06
848,0.32922051240012434,0.17725820122465732,0,0.003993872149898169
849,0.08395780643987771,0.11285759977920218,0,-1.4523176819031034e-05
850,0.24613665966702908,0.48346959247754284,0,-3.0907022597821313e-06
851,0.18087883404823843,0.2893657351400936,0,-1.0803676583840231e-05
852,0.20553405270554875,0.4875676142017486,0,-1.9797384946328826e-06
853,0.30160447133487805,0.1544473408447485,0,0.004219331348980552
854,0.2687897456284132,0.19082371585710917,0,0.0005356349495443343
855,0.21476656982657805,0.09466380348374925,0,0.002804129616739581
856,0.18090565001636616,0.22272749617333032,0,-1.575655798118403e-05
857,0.2811898312527811,0.5451415581171714,0,-2.367741850452571e-06
858,0.29189574807683666,0.4692036815155277,0,-5.602502595219554e-06
859,0.19065822955363615,0.4413320088601354,0,-2.7086822388647505e-06
860,0.2992783817960865,0.07270475985514548,2,0.012706145602500003
861,0.16044691592407861,0.20551076808393706,0,-1.5788559271899132e-05
862,0.0027978631981457835,0.14510699865270305,0,-7.919667594972188e-06
863,0.14626065565540683,0.02166720503583217,0,0.003939802330630517
864,0.14115157182847657,0.32989001990569844,0,-5.021492806736647e-06
865,0.31201845610036405,0.38212120840518304,0,-1.4498293645991572e-05
866,0.2616811175439236,0.17552886480054708,0,0.0007449868470064486
867,0.2910031003794211,0.21360682158796682,0,0.00050413123554819
868,0.043742992959935695,0.14048101585146106,0,-1.1968824155027899e-05
869,0.20518058251804558,0.344517224339761,0,-8.121887974168929e-06
870,0.09712069221741287,0.03453969616771106,0,0.00033526100783585046
871,0.20533580093773482,0.09883894616690204,0,0.0017777783862619803
872,0.249005350056084,0.3723341659175497,0,-9.432335744190488e-06
873,0.21939378280023028,0.36318545638427274,0,-7.780504815620331e-06
874,0.19693132443426523,0.5143515078983693,0,-1.3902284896636852e-06
875,0.18957643038615998,0.5540378809104693,0,-8.68764339734894e-07
876,0.33982705561488175,0.34049038285667027,0,-3.526409936856736e-06
877,0.011878990809918099,0.49109482040487507,0,-2.7645597790805695e-07
878,0.23855365381686847,0.488047758531214,0,-2.7380357444645984e-06
879,0.22901916078731774,0.5803233221382766,0,-9.901770052484614e-07
880,0.34165892213512006,0.3646614088328526,0,-1.4023007836114264e-05
881,0.30681367739262333,0.3321682433840048,0,-1.4367220020034079e-05
882,0.3007720079563218,0.2333202245960273,0,0.00033276409749710066
883,0.24724448168894353,0.420638316246938,0,-5.829176425264478e-06
884,0.341109574758077,0.09954506607314881,2,0.008845821869651244
885,0.15334461476737948,0.17034627450082754,0,-1.1515851175553176e-05
886,0.18138398428910454,0.15230530752281946,0,5.735054490581683e-05
887,0.2204897814878233,0.12677005153828513,0,0.0010715677937187882
888,0.32025841349669926,0.0886027214300279,2,0.010474394847568543
889,0.3399267717545135,0.30913566295496536,0,5.307543586332681e-05
890,0.1237352219769807,0.5253717180889352,0,-5.996992504642872e-07
891,0.24089927896172392,0.4449107361255017,0,-4.307000090125874e-06
892,0.2184076680457504,0.5795418391142385,0,-8.976789088767403e-07
893,0.09184316316435126,0.3024559929287574,0,-4.045002489222267e-06
894,0.236063489853331,0.5127727624972862,0,-2.086595675478723e-06
895,0.29883439274902024,0.02283148453445698,4,0.022568290988732757
896,0.08573105792922216,0.38957493051208,0,-1.5951871356754313e-06
897,0.048225096559679104,0.2925436272772037,0,-2.8926651714482158e-06
898,0.18701272780014627,0.03481326366488644,1,0.00858739335705216
899,0.059950189542004186,0.555696718036067,0,-2.342082139586548e-07
900,0.053470892574905386,0.40659820595912033,0,-9.749917703925921e-07
901,0.34751270001436035,0.011736744930571641,4,0.02557802987676344
902,0.014417224469697058,0.49133211210379835,0,-2.828832343964073e-07
903,0.12464199926387577,0.15540527944697605,0,-1.4851402837995718e-05
904,0.24921969715089468,0.46400512867782184,0,-3.868811818751359e-06
905,0.05386012931885154,0.24216660354578642,0,-5.0498159538543785e-06
906,0.06400499668089729,0.2970890005059025,0,-3.235085836837659e-06
907,0.33713262655452175,0.3194872028406441,0,2.0102461449382687e-05
908,0.10890527510756046,0.2666309297203124,0,-6.814399712654104e-06
909,0.3128169449263852,0.00013238996517834776,4,0.032387184870186124
910,0.06931236202808498,0.44054493806826134,0,-8.133756299274887e-07
911,0.27170346709430016,0.17769942602164504,0,0.0009776116572778925
912,0.023389562345872753,0.14678703097874937,0,-9.462778488486444e-06
913,0.2274733389915391,0.21850659150212356,0,8.87123703484714e-06
914,0.30494292846724835,0.31019984293471053,0,-6.458842268201957e-06
915,0.09382201711951949,0.5665970579509272,0,-2.9456349204320575e-07
916,0.26883031262292556,0.2519906483220392,0,2.1011853034889683e-05
917,0.2411968113697585,0.39899082099832234,0,-6.791709670399642e-06
918,0.18247258592452956,0.14536854862146634,0,9.131257706703387e-05
919,0.13376096426224465,0.09998758505507688,0,7.843418533689491e-05
920,0.2707593401269096,0.2638248049956777,0,5.3522436560472095e-06
921,0.0295770640884748,0.44786689853143863,0,-5.083203102408181e-07
922,0.10736520891622113,0.317878018755113,0,-4.048060315601727e-06
923,0.16536775750644953,0.47894383430020593,0,-1.4455097243425896e-06
924,0.31684003379422065,0.4651121283723943,0,-7.433547424963302e-06
925,0.3069254972027331,0.13083071591296355,1,0.006816930027870455
926,0.34876006438248336,0.3062048741606059,0,0.00010055490099279628
927,0.28382513261358944,0.02400188592309731,4,0.02255231985136228
928,0.0660724960407824,0.4051340969454707,0,-1.1220502472747788e-06
929,0.17317367377456383,0.14226174640875552,0,6.456120572989043e-05
930,0.16671666111157626,0.16461920774659003,0,1.2671896631521106e-06
931,0.0441132263732671,0.16579183230841346,0,-9.611740884801324e-06
932,0.30816337551076645,0.2832589979230588,0,3.781765523454307e-05
933,0.3327486934461784,0.17540906159002667,0,0.004300103176653752
934,0.11829998109934307,0.5158149238580197,0,-6.249801401969126e-07
935,0.3320748012265621,0.21570119413191377,0,0.0017098233964379867
936,0.23466889766394966,0.06691276578881966,2,0.009766133010366865
937,0.12755826555541086,0.5159038059542366,0,-6.84898354615166e-07
938,0.2977115930904735,0.4751822418674294,0,-5.592651677954099e-06
939,0.30484197503069305,0.1811700197667661,0,0.0023179434379428554
940,0.09437377802305696,0.5845078017754656,0,-2.476220930057629e-07
941,0.1786282397642964,0.392718212488244,0,-3.901609687840567e-06
942,0.16681174680020397,0.26433526516687794,0,-1.1872333202043133e-05
943,0.03457638080409312,0.16911872035175698,0,-8.524558122497407e-06
944,0.15768267247757115,0.46099076315474524,0,-1.6019670219549174e-06
945,0.2603246155426899,0.16260629016069586,0,0.001146059056559868
946,0.2380120341177107,0.33254514191256346,0,-1.2154296040690196e-05
947,0.19441670030304087,0.3053779627694681,0,-1.0566806247943059e-05
948,0.1675497153581733,0.4789970506164835,0,-1.4765428355742024e-06
949,0.02633600042303089,0.06248348221151651,0,-1.5374733627003966e-05
950,0.11491009208794854,0.5521770549884071,0,-4.2000766579998997e-07
951,0.06925671087138228,0.5937012636734904,0,-1.757609891047929e-07
952,0.06878625305650028,0.2467517316316999,0,-5.591658537663372e-06
953,0.16914102887447893,0.4744332743490499,0,-1.5701964396696589e-06
954,0.3480251814723103,0.070890673910564,2,0.010854616812589164
955,0.22063280105469343,0.1555996051243993,0,0.0003358175613036362
956,0.21761502574706634,0.5614183595717357,0,-1.0675160507551254e-06
957,0.010165288065396294,0.43834658498143075,0,-4.6054344210199236e-07
958,0.21319918024769655,0.34436148624703156,0,-8.774476992871656e-06
959,0.21461202136954505,0.5602658540337049,0,-1.0480086584503886e-06
960,0.19785890900142022,0.02238319555756303,3,0.014924468256178054
961,0.24440051233201088,0.48631536934726666,0,-2.952749283473137e-06
962,0.3402032758993231,0.3561787344261882,0,-1.2045694100516022e-05
963,0.019012156696081528,0.13811262593932602,0,-9.844343003411182e-06
964,0.034112870236980335,0.14328595759691054,0,-1.0761263652645911e-05
965,0.10708764049764635,0.5607332187809215,0,-3.5659600783933826e-07
966,0.32862362652445193,0.2145213103174682,0,0.00162065225086089
967,0.2970142085742956,0.1245849206537344,1,0.0069394506588238754
968,0.26797176606829287,0.3116629927593276,0,-1.5859607669413095e-05
969,0.15313736110480025,0.3410121963254726,0,-5.063469051450083e-06
970,0.04349575875521322,0.23300554000848434,0,-4.990695940195165e-06
971,0.16572652553342657,0.5478025469746207,0,-7.28771749981288e-07
972,0.024565155129441837,0.4349520072411195,0,-5.501521609942949e-07
973,0.10317666232839581,0.3502081643313348,0,-2.813250642612363e-06
974,0.2818278706835257,0.14844507001180948,0,0.003314158308093896
975,0.05478800008637894,0.5051130681790339,0,-3.6888191489733703e-07
976,0.2060322741362534,0.46585409924699467,0,-2.471499258527042e-06
977,0.04046149938905853,0.37935916740485726,0,-1.124243363576877e-06
978,0.25003178124258896,0.19253497129829306,0,0.00023275421569336
979,0.31816878398074955,0.29555323443224096,0,3.152712913178576e-05
980,0.19348965160326156,0.1334557681587394,0,0.00027754946420237053
981,0.21342790685299654,0.4805719574606141,0,-2.2968771262584965e-06
982,0.2135107138888392,0.33241082231699975,0,-9.832315282290067e-06
983,0.33753110867179564,0.494003258102601,0,-6.861743851364858e-06
984,0.12512181641605652,0.19029632181960857,0,-1.4907197064845607e-05
985,0.30289905114451965,0.5897560630880694,0,-1.882576266204411e-06
986,0.11386993462268448,0.3487730627985201,0,-3.174611345706043e-06
987,0.0015059226328251794,0.057016115805005874,0,-1.5514895461632833e-05
988,0.2168426240057605,0.4083444984091867,0,-4.8785714756602174e-06
989,0.06977008768633974,0.5774046552429015,0,-2.079326901213242e-07
990,0.23324407304132047,0.38853609347927853,0,-6.960301894885065e-06
991,0.3063213141402059,0.25909781297750817,0,0.00013451097620559386
992,0.26183321262205295,0.26984995703865416,0,-7.783705043390013e-06
993,0.07279954999328264,0.29560972613521297,0,-3.5835000912189577e-06
994,0.10569247179985841,0.5857885945139061,0,-2.737262766540346e-07
995,0.3025476810273463,0.20341370696518066,0,0.0010890521303003474
996,0.09590348103580867,0.22749932278372487,0,-8.757772185117471e-06
997,0.29940029654881944,0.062183258220453314,3,0.01409901769806041
998,0.3119021163732988,0.40346978551488505,0,-1.2432391983290847e-05
999,0.12706068770460405,0.37613695179820417,0,-2.7553729714855534e-06
1000,0.02344779219369386,0.426382138431547,0,-5.927248199179078e-07
1001,0.15357436446180012,0.1792833301166749,0,-1.402351903743903e-05
1002,0.02766857093244559,0.25709290223273956,0,-3.3568221130722945e-06
1003,0.28263140723414293,0.36842406894575813,0,-1.301416051989552e-05
1004,0.2307053560914427,0.4319574237715186,0,-4.42766828488676e-06
1005,0.14407609329396318,0.42970942230380016,0,-1.9119293725312524e-06
1006,0.026551954297784557,0.2740548483306065,0,-2.802893507100478e-06
1007,0.07245086864128555,0.41535485104677516,0,-1.0796712292909092e-06
1008,0.2238967448846435,0.19269259603805247,0,6.283848411368643e-05
1009,0.09946937912251681,0.49328378047154176,0,-6.487120121014667e-07
1010,0.2139506776996013,0.29944461030502567,0,-1.3056933253011586e-05
1011,0.03364927207949057,0.2395132747144232,0,-4.2438571046673175e-06
1012,0.27289168349223264,0.06656020203770896,3,0.013474457062183722
1013,0.16140497190260925,0.2692502356774718,0,-1.0868579654361512e-05
1014,0.21340403515397002,0.11325712750478675,0,0.0013831557550060547
1015,0.0377957846222124,0.00594070695141069,0,7.29808834457794e-05
1016,0.25375424989047074,0.5099336768705163,0,-2.5604204214497448e-06
1017,0.17343986840118789,0.24297082766965927,0,-1.4554007046426173e-05
1018,0.1683537846474576,0.5729078393239191,0,-5.820551540065547e-07
1019,0.08579512501379835,0.5332926196416227,0,-3.793145505685884e-07
1020,0.26849527431095804,0.09938979235610057,1,0.008001532531877487
1021,0.2611897872350932,0.176091115916587,0,0.0007162588378802229
1022,0.2699805456863547,0.5492590347796075,0,-2.0322055773892714e-06
1023,0.22776081571362294,0.22851973832669012,0,-2.1502203698191735e-06
1024,0.34850398673110683,0.12274557561255345,1,0.007339805098636133
1025,0.22565922374421768,0.5192715671088013,0,-1.7627262585253254e-06
1026,0.21513512836987606,0.03886813199769734,3,0.013439807035787458
1027,0.1551359191735724,0.5064468268069643,0,-9.914203162489188e-07
1028,0.13823037576101835,0.5060498787756201,0,-8.407941487242314e-07
1029,0.13149871432643198,0.10498113950917957,0,5.0506503015940154e-05
1030,0.11178959349682431,0.4328759018209257,0,-1.3421122646873827e-06
1031,0.030159353020630567,0.09066076922007883,0,-1.5236847709070658e-05
1032,0.3377453720705812,0.02929512685939546,4,0.019160330410179557
1033,0.0021072827010662153,0.32837196157024257,0,-1.2761396458520113e-06
1034,0.055839939200711224,0.26148053519216125,0,-4.252117696676688e-06
1035,0.04106094924164644,0.4009375388336723,0,-9.114984249173529e-07
1036,0.21689650097641694,0.2118284409257091,0,3.987436994941904e-06
1037,0.11010168258675382,0.2723770204605598,0,-6.5185562778406855e-06
1038,0.026347920475601094,0.5178448471714737,0,-2.4446903158784277e-07
1039,0.2186472332041975,0.09612390328764397,0,0.003006279604974334
1040,0.1850000912328871,0.04538374827653162,1,0.005881386571939543
1041,0.33118239093205054,0.13346179895405566,1,0.007124717855104638
1042,0.2351320413886388,0.20290221096388228,0,6.603621137414084e-05
1043,0.12608576550012557,0.42271845720411555,0,-1.7133913455007259e-06
1044,0.28822399292432277,0.17500701560106532,0,0.0017973880815208292
1045,0.21426739609911075,0.36716807044145816,0,-7.1268214869161385e-06
1046,0.3484878840218099,0.39977697376241295,0,-1.578345774688879e-05
1047,0.048205493640509696,0.5413042940599769,0,-2.405252825069382e-07
1048,0.28405232328444097,0.514302561705796,0,-3.313832677862332e-06
1049,0.0247044218596382,0.5669638359348437,0,-1.4715543563035005e-07
1050,0.16922523234860518,0.38221699103598833,0,-3.945192688668029e-06
1051,0.22420974988459433,0.0334713351604186,3,0.01669855257493512
1052,0.268757760099694,0.5037051812612329,0,-3.163431787068324e-06
1053,0.09649919971518772,0.10507462300850257,0,-7.143470154301215e-06
1054,0.30217931729818537,0.5804612533136253,0,-2.050980239741504e-06
1055,0.2329121749846228,0.4150806337236837,0,-5.348231176901425e-06
1056,0.30513533289828315,0.5342191581082003,0,-3.3507759869602513e-06
1057,0.21434906869960876,0.04513785127352874,2,0.011528845998827475
1058,0.02337827437547241,0.46174839779727916,0,-4.1587330447126997e-07
1059,0.14017257870448194,0.4250414298744266,0,-1.926716933419714e-06
1060,0.07087168985254966,0.30681440978120555,0,-3.1438617617888572e-06
1061,0.21039089215766996,0.3673318605382996,0,-6.853220669883839e-06
1062,0.24726028602983335,0.46023508283258985,0,-3.939308204591163e-06
1063,0.06103783002108243,0.17857865324756214,0,-9.980505986161505e-06
1064,0.19045751957704352,0.15488367920725565,0,8.336786013991629e-05
1065,0.2705741734130725,0.2515790430711733,0,2.5365867750579293e-05
1066,0.01932448300876094,0.22720727802940854,0,-4.1602301640165e-06
1067,0.23583458514891384,0.15462862416035286,0,0.0006424079136988158
1068,0.007118659274671795,0.4195219829144871,0,-5.392694272886695e-07
1069,0.29579919357166196,0.317071457728666,0,-1.3415657007332053e-05
1070,0.18059676293890842,0.4870235289135778,0,-1.5521734411965464e-06
1071,0.24904646597900654,0.41974334661907214,0,-5.985447359265762e-06
1072,0.002558808679072688,0.33418597459925986,0,-1.2095142362816535e-06
1073,0.19390641489450258,0.20745591733524718,0,-1.0240625290950625e-05
1074,0.03257852032223288,0.5778548756496018,0,-1.4277000842237534e-07
1075,0.1845037546424533,0.10911085773485019,0,0.0005437222678356228
1076,0.00665129960230833,0.3521570913416982,0,-1.0527522579901386e-06
1077,0.1506902336569859,0.3027385728628537,0,-7.1953423209258e-06
1078,0.04339803529565119,0.324775032849769,0,-1.9979020859283017e-06
1079,0.312341944762104,0.16089858291679449,1,0.004350631875230798
1080,0.24366634609255325,0.5489100558274355,0,-1.5687034359868075e-06
1081,0.29688882748356393,0.09315409662609155,2,0.01036111506600674
1082,0.348657842519124,0.3324331954502293,0,1.707272779917447e-05
1083,0.13069924649591397,0.23984033631942614,0,-1.0750657393882177e-05
1084,0.20336887246360547,0.3250331776312387,0,-9.588111822471937e-06
1085,0.033839059925074126,0.2802689856153447,0,-2.8328364075107167e-06
1086,0.3155114093160214,0.3191861487472947,0,-5.491623903968285e-06
1087,0.3078421439779526,0.39222577276125303,0,-1.3148362789374707e-05
1088,0.13686444450524407,0.5950137483310154,0,-3.407491020834568e-07
1089,0.15234884317794942,0.31495299198529,0,-6.492829919678287e-06
1090,0.19729752539594897,0.4661224622899565,0,-2.259363707413824e-06
1091,0.02341077075574006,0.5462443314421953,0,-1.7870899291698298e-07
1092,0.16894030900768783,0.48024693919107875,0,-1.4785851334794885e-06
1093,0.04704224039814805,0.44804018026870845,0,-6.041524447282123e-07
1094,0.23579361888899622,0.21420637632218956,0,3.264576644607857e-05
1095,0.33643454435219045,0.49409384236569,0,-6.783177359373197e-06
1096,0.22043440670515388,0.3476256965166811,0,-9.105718520336516e-06
1097,0.29070947485810283,0.11278869907403394,1,0.007903343597203858
1098,0.140458282986332,0.18274348632071238,0,-1.5740669214936445e-05
1099,0.17683969162052554,0.29012241329657557,0,-1.0353249869828437e-05
1100,0.25161187131290325,0.21273663587981706,0,9.413228900906024e-05
1101,0.3097712886315725,0.49078885112329407,0,-5.3986996778923705e-06
1102,0.3108049885470123,0.46231028360929355,0,-7.206106333049469e-06
1103,0.23348520513330057,0.06129844568148774,2,0.010821284896974584
1104,0.27570573019297884,0.3032973346436564,0,-1.4664553823030351e-05
1105,0.23318404287814284,0.4239582012813161,0,-4.912025561036497e-06
1106,0.2545286795962091,0.33682975437458756,0,-1.3363403454744427e-05
1107,0.12498453862630039,0.1936056973231988,0,-1.4632625491321618e-05
1108,0.14945753750758964,0.07580198548933718,0,0.0005242668444844112
1109,0.18777424770027795,0.001739889756051105,4,0.02052009670632261
1110,0.17110596834356392,0.05403555594239333,0,0.0028230721667999517
1111,0.0608427396271773,0.10791461114288756,0,-1.5751786067601593e-05
1112,0.06044449551171104,0.4041746245759702,0,-1.070953652029303e-06
1113,0.25641496231587246,0.1582343424969555,0,0.0011754370777047616
1114,0.002857341328647639,0.13289954177934651,0,-8.896747361957657e-06
1115,0.15912489666871082,0.2992043020560998,0,-8.072115771735777e-06
1116,0.25225739140285053,0.5985930601415664,0,-1.0401181663733211e-06
1117,0.024820644740236663,0.05015624739677591,0,-1.3783128160863886e-05
1118,0.23517979240317338,0.27585216242381655,0,-1.5773412527992445e-05
1119,0.3221482819770044,0.23472474077725727,0,0.0006904788239632728
1120,0.296058113505962,0.3193185901676635,0,-1.3896046427938756e-05
1121,0.09746493963769066,0.5058982394769239,0,-5.605036789841417e-07
1122,0.2078622160694572,0.10790162429739915,0,0.0013886508970356952
1123,0.3452720635564064,0.003019045810002452,4,0.030365558078724156
1124,0.11154078181556457,0.5045707043089421,0,-6.537100398376013e-07
1125,0.17830321852360168,0.4628084817205224,0,-1.9324431392068376e-06
1126,0.015106774385419512,0.32258339657484864,0,-1.5396294595429668e-06
1127,0.13381507246549187,0.23714140867871072,0,-1.1309069899443111e-05
1128,0.2820833461500883,0.4120400016863079,0,-8.859815832907501e-06
1129,0.26340755362761575,0.23406087007532883,0,5.375820596891552e-05
1130,0.06787378257185683,0.3582698638383475,0,-1.8251302364799364e-06
1131,0.2435653029687246,0.19146629722069267,0,0.0001831986252387521
1132,0.2410683616023842,0.014253887428631762,4,0.024983629594495887
1133,0.17766629841236303,0.24274462235711916,0,-1.4914522875431029e-05
1134,0.2140344581591286,0.336824931854064,0,-9.486886815167524e-06
1135,0.014497936610563743,0.17150247028595547,0,-6.871081732753145e-06
1136,0.34027529477080765,0.2044463507760828,0,0.00271338905245426
1137,0.09654211828295634,0.028158583787321965,0,0.00043428561747612673
1138,0.28344679658616095,0.11571362205751316,1,0.007051313794858086
1139,0.0696040127933511,0.18631177784319006,0,-1.005520366877204e-05
1140,0.3274364547530542,0.1723700075226307,0,0.0042686909129798075
1141,0.1694853238706642,0.10907541078739018,0,0.0002886797345543535
1142,0.17971643666905068,0.5996058242840933,0,-4.99218223470109e-07
1143,0.16805648153166658,0.5974452248483317,0,-4.5406938114760626e-07
1144,0.1583086418437902,0.17962272624090095,0,-1.2953992646520411e-05
1145,0.3405070953941807,0.5764737432151763,0,-3.1256622311310626e-06
1146,0.018864855477659245,0.27694381535469037,0,-2.5222208492171406e-06
1147,0.21113110140577268,0.022573082261324484,4,0.017894267934452375
1148,0.002369551798502023,0.23766465165004422,0,-3.1668112104116403e-06
1149,0.1799220151497237,0.20564521945696282,0,-1.4080732987564734e-05
1150,0.18969268327887642,0.5304678564940696,0,-1.1008964460333044e-06
1151,0.28875288450061326,0.36733204185292156,0,-1.3718335709226881e-05
1152,0.2057553967795205,0.22989767590663696,0,-1.3802277960837559e-05
1153,0.06784601886718879,0.3045310862736613,0,-3.120796537564444e-06
1154,0.3331416702106361,0.5082152233762616,0,-5.720472501892862e-06
1155,0.22581901551307645,0.5413357391389364,0,-1.4161436197473683e-06
1156,0.09596477625366401,0.3446258507998714,0,-2.768160321908301e-06
1157,0.010784122744473695,0.3839575750235263,0,-7.982832336139837e-07
1158,0.15971502084150857,0.12016876616988474,0,0.00010595078869815201
1159,0.3211255223264728,0.24879135006829592,0,0.00039160785652891835
1160,0.1534739723346644,0.4902837311400957,0,-1.1461325117488004e-06
1161,0.046148578064758965,0.17505666336937245,0,-8.987594101450507e-06
1162,0.021091400386309633,0.5317238416654858,0,-2.0190411319463083e-07
1163,0.04179943494089668,0.550901540577243,0,-2.049709754419575e-07
1164,0.1187152486529608,0.06373382049315195,0,0.0002336397164690979
1165,0.302911747561891,0.5362223082625238,0,-3.2127469057253537e-06
1166,0.07944422593034683,0.27759434927268334,0,-4.578946163883541e-06
1167,0.02089672683298291,0.04903718928378429,0,-1.4348328817928762e-05
1168,0.3284419155605406,0.006777680477936032,4,0.02849609602105152
1169,0.18245638618011273,0.4161238634872275,0,-3.2100735829350097e-06
1170,0.23218395610466794,0.4150538589433941,0,-5.311414431354931e-06
1171,0.10874139996620262,0.0672622184334667,0,0.00012097051421266179
1172,0.1841045269902705,0.5935050800069943,0,-5.543772582366105e-07
1173,0.07476918618817885,0.0507200521306504,0,4.406995266407912e-05
1174,0.33576146017836767,0.14434865276432912,1,0.006469436604636432
1175,0.30871216823338865,0.41488988556957423,0,-1.0994801192204318e-05
1176,0.28678066689244014,0.005872504556167812,4,0.029421238485437335
1177,0.2932024739487245,0.3086010883714416,0,-1.1546060144094626e-05
1178,0.06405596782816808,0.13485423888137224,0,-1.4452772757730298e-05
1179,0.08097779033805116,0.5620442965494041,0,-2.711706577470033e-07
1180,0.1908295107552395,0.41708626964729195,0,-3.455603545218751e-06
1181,0.12485971349281905,0.017496742089907567,0,0.0021293131857765186
1182,0.06814574625243552,0.04876306972484061,0,3.140206148112219e-05
1183,0.29120274730416884,0.27913084688523576,0,1.2039203171175133e-05
1184,0.04630710452300847,0.5279367960510494,0,-2.6976090768879603e-07
1185,0.2655746521573294,0.388558945083423,0,-9.45866384569978e-06
1186,0.18347231823318194,0.5689598696452864,0,-7.041227080678277e-07
1187,0.20373200719172285,0.15096187603033964,0,0.00019707834648381757
1188,0.14695095794274934,0.4315190366123354,0,-1.932297642609586e-06
1189,0.3345856669472857,0.126225880872806,1,0.007526346496102703
1190,0.1519639676773395,0.1535564789713525,0,-2.1855920554223585e-06
1191,0.3113356545912346,0.5760893213630794,0,-2.347127310768398e-06
1192,0.3079407929288709,0.38483755148691107,0,-1.3876010358213113e-05
1193,0.02536085942226679,0.24766006897486192,0,-3.6039385301220254e-06
1194,0.0023170300451652525,0.35852884883969277,0,-9.459184952527061e-07
1195,0.29379323590617173,0.5011828287832615,0,-4.159428069555981e-06
1196,0.027487966380536803,0.446494367093828,0,-5.047025978304899e-07
1197,0.0033079142808532633,0.44179748829134496,0,-4.154641487051076e-07
1198,0.19759422286092887,0.3449010334346851,0,-7.525514844804599e-06
1199,0.04427624243778648,0.14942684649718171,0,-1.1145368628974169e-05
1200,0.05377613861556896,0.5879834467049572,0,-1.5944256193298554e-07
1201,0.11404240414740703,0.4529523823987126,0,-1.1230093595857676e-06
1202,0.2470176446221073,0.5089076526879162,0,-2.4188855782493185e-06
1203,0.2299513852609822,0.18703156021366277,0,0.0001188716118696068
1204,0.10375495309431151,0.1782175824059915,0,-1.412526461660333e-05
1205,0.10893997340512249,0.13958263766262552,0,-1.4816912182231056e-05
1206,0.2147739827783866,0.048635187520174324,2,0.010692943413138216
1207,0.2921821515634898,0.08804737435585065,2,0.010885357251413688
1208,0.021181126336753557,0.12879117904221074,0,-1.0911630768846701e-05
1209,0.23928297864145193,0.07072067676917804,2,0.009638717880553387
1210,0.13830305284735944,0.5564433975609334,0,-5.083581222306441e-07
1211,0.1492578315549126,0.3824059801716994,0,-3.2287358769195155e-06
1212,0.2218449019991231,0.581088440077597,0,-9.147484518871851e-07
1213,0.16053358747764188,0.4568357975315134,0,-1.7180801868600792e-06
1214,0.01589346696866584,0.3974301248834466,0,-7.341999054847619e-07
1215,0.26767867229496145,0.412334284884269,0,-7.707219830437144e-06
1216,0.24154024924103257,0.5160200587450977,0,-2.1333380704250524e-06
1217,0.3394755689875807,0.051881044933097864,3,0.013909679031638743
1218,0.10651902632955441,0.5984179431804694,0,-2.4325115648720083e-07
1219,0.13792345579301388,0.3301775134810504,0,-4.850006163823782e-06
1220,0.2327125319327836,0.430524616468679,0,-4.58118819855254e-06
1221,0.15019165092860165,0.24337982163394523,0,-1.2305019806072145e-05
1222,0.29806017512573035,0.5576590046876737,0,-2.4719019134365714e-06
1223,0.20726928879030465,0.050123397080356756,2,0.00889960711281796
1224,0.302190272855308,0.3401145881627385,0,-1.5753750030221097e-05
1225,0.320826176047068,0.5370621716179191,0,-3.806454172688016e-06
1226,0.10611254814728348,0.22135409109184642,0,-1.0184339104872508e-05
1227,0.05506442191097876,0.5448851933529636,0,-2.4852035826123325e-07
1228,0.3035726385597588,0.24548402504094122,0,0.00022248968273520364
1229,0.04662307208966626,0.040860905991029026,0,6.5269350353208504e-06
1230,0.0031641679281851076,0.11313049659545149,0,-1.0689343209398864e-05
1231,0.0795588190563048,0.40367930636350563,0,-1.3026051670752898e-06
1232,0.2179844669160012,0.39107925877480093,0,-5.85035592021289e-06
1233,0.007043430745368755,0.020331674651528475,0,-9.599475064349312e-06
1234,0.274088276733885,0.3234537626989362,0,-1.5802187213545002e-05
1235,0.241001999616529,0.37473061285776277,0,-8.559198742510554e-06
1236,0.19014789810112814,0.5272765415364129,0,-1.1417614946944538e-06
1237,0.2044299711252805,0.3414869824712658,0,-8.300243917444573e-06
1238,0.2505558911772958,0.40483926702724654,0,-7.025861560745695e-06
1239,0.1822717473486009,0.033236731437978624,1,0.007983427181223106
1240,0.0706062991037264,0.3921685488013367,0,-1.3365100980385957e-06
1241,0.022692292192557688,0.4170921252087804,0,-6.455360890710652e-07
1242,0.016131787676544,0.2631743481415577,0,-2.81612716426445e-06
1243,0.27206421329637054,0.5241147441107578,0,-2.667020579667442e-06
1244,0.23691882221284008,0.2519114938819104,0,-1.1074788957564364e-05
1245,0.3086115917365399,0.2930209307138573,0,1.7368421251369982e-05
1246,0.13816328758742624,0.5628346130819282,0,-4.762217026886433e-07
1247,0.3074419838611044,0.3938168686263042,0,-1.2951052934152032e-05
1248,0.34943719425902114,0.17086925953627263,1,0.005111904598350573
1249,0.10063032542882963,0.5549334024418238,0,-3.542902379789501e-07
1250,0.07918638239110896,0.24807927104265048,0,-6.1125582884899866e-06
1251,0.19809015648511885,0.14873825477975228,0,0.00016844488288731124
1252,0.2646897807733358,0.27458224340747517,0,-8.861657385854996e-06
1253,0.0767533748884511,0.45391571879171766,0,-7.664760318075306e-07
1254,0.30761217503421734,0.09342585338265515,2,0.010334292548476986
1255,0.2698899594384607,0.23065339403055604,0,9.400747833280713e-05
1256,0.14236986741214766,0.5312990228899734,0,-6.807600669553686e-07
1257,0.06987366925573635,0.2253039866728749,0,-6.972311287931165e-06
1258,0.08321791734498879,0.18115190956656216,0,-1.1845500984932891e-05
1259,0.2845018864860828,0.11975091706506436,1,0.006634921461443863
1260,0.17747815441192735,0.28240838961565917,0,-1.1145586674097672e-05
1261,0.2083044473458107,0.13669108482171646,0,0.0004510952448779885
1262,0.3263889359520439,0.04997059645922863,3,0.014883987548734694
1263,0.28059069910538403,0.30469895039330913,0,-1.4025683404857419e-05
1264,0.18054198003154445,0.5553188463748463,0,-7.837521272733132e-07
1265,0.07944566322692696,0.009101424569043925,0,0.0004778011742730251
1266,0.234369265485613,0.2716760119208287,0,-1.562462736762511e-05
1267,0.15345844383242893,0.4873624995943399,0,-1.1799167367405836e-06
1268,0.28121980079959535,0.4886341921268755,0,-4.159750806595802e-06
1269,0.09346939902971885,0.048440008918218626,0,0.0001461435740868708
1270,0.12987571616145732,0.49782397604649653,0,-8.398200692588849e-07
1271,0.028985911167327297,0.5536801596333104,0,-1.7540400230743003e-07
1272,0.21707225065802982,0.4275142171030974,0,-4.042554129512709e-06
1273,0.33666910557211416,0.2032043355540018,0,0.002613499773736332
1274,0.05819956774310306,0.4627950420048347,0,-5.827270289642139e-07
1275,0.028917757263165807,0.04702190523092844,0,-1.1673862150513787e-05
1276,0.3217287562104845,0.5553734275032673,0,-3.200483974412583e-06
1277,0.32191465286631044,0.47402026528469865,0,-7.162062273807766e-06
1278,0.10530237025203447,0.47734363190139917,0,-8.064342826852134e-07
1279,0.023333709691394366,0.37051675378501164,0,-1.0350604976090476e-06
1280,0.31719749410833625,0.002776156841734334,4,0.030825438159048073
1281,0.17683914177256538,0.04358222289947515,1,0.004909013454613712
1282,0.27036088766727495,0.4308483318507931,0,-6.610948928396242e-06
1283,0.32508574670372636,0.42723889297214457,0,-1.138057367838225e-05
1284,0.255603336475596,0.3360823401107944,0,-1.3540509055056952e-05
1285,0.16828897628786327,0.599531055487616,0,-4.4573063113714207e-07
1286,0.17259421484491927,0.3785523543727623,0,-4.230686021493801e-06
1287,0.2114630019881654,0.02629609371302408,3,0.016667617311829704
1288,0.3215648057545193,0.42693354056612387,0,-1.106922615996692e-05
1289,0.34986698796828664,0.39213981562507,0,-1.5938080619896967e-05
1290,0.03748858931692092,0.5494105408344035,0,-1.992816027722477e-07
1291,0.027978315019938964,0.10741137392564588,0,-1.367014632869336e-05
1292,0.07778081766646623,0.1939254126829171,0,-1.0105564223888662e-05
1293,0.2194628760157087,0.24911406037630265,0,-1.484586109737251e-05
1294,0.30574472684984483,0.30177158681674027,0,1.3183694612670784e-06
1295,0.26086352678895924,0.12493071647718361,0,0.0038812856994775904
1296,0.251548973730477,0.14430933029095475,0,0.0016362223694796946
1297,0.10986787877709556,0.09213500085118007,0,2.6898257124861634e-05
1298,0.28671747726629054,0.4944850140299657,0,-4.144596869355043e-06
1299,0.13039931739887697,0.35751739460724286,0,-3.4298963698616365e-06
1300,0.311112240829936,0.3027208642486983,0,6.350048730208465e-06
1301,0.31640436885173556,0.2186492161019225,0,0.00100333648988619
1302,0.2071508111467624,0.4479720626425372,0,-2.9875373505724354e-06
1303,0.18361216798271052,0.2955473262714727,0,-1.0477598756485726e-05
1304,7.777964691401684e-05,0.045269289971496686,0,-1.5745691454595447e-05
1305,0.04422006371841444,0.5969266312987151,0,-1.3252940300922182e-07
1306,0.25756873006378905,0.5306549024796755,0,-2.1624825121505145e-06
1307,0.1275408436060677,0.40897050792793516,0,-1.994495132251179e-06
1308,0.11149327471249461,0.2755489791212231,0,-6.405959054407367e-06
1309,0.21435886426097764,0.53664505548001,0,-1.3237865661367066e-06
1310,0.24160071666270405,0.2565203398372616,0,-1.1069411683569764e-05
1311,0.3411012479806165,0.30318700075544797,0,7.977656012974234e-05
1312,0.32745640703758083,0.29903045742897966,0,4.659359438902386e-05
1313,0.31546328705560395,0.16167670679138457,1,0.0044723012774817595
1314,0.19199814106987267,0.133920063833803,0,0.0002545076349239374
1315,0.27522824841903587,0.3214698821699197,0,-1.586061078752559e-05
1316,0.29520640045085256,0.043830475109045475,3,0.01733287036912206
1317,0.12111493893343822,0.5548209636418492,0,-4.351941722648832e-07
1318,0.12690980518136633,0.2050698441327738,0,-1.3779993606657065e-05
1319,0.20653384355653734,0.5429922404925986,0,-1.1490914514919205e-06
1320,0.03200391984552887,0.4429979825095521,0,-5.467768515563387e-07
1321,0.32367996335950305,0.41528359181213653,0,-1.2425845021283163e-05
1322,0.2238910672989618,0.3538761310490403,0,-8.869983345532662e-06
1323,0.20431081046377525,0.16271780071256217,0,0.00011379204789412687
1324,0.003742212361552266,0.3014206543338059,0,-1.6982661773365068e-06
1325,0.1794132212888959,0.5555934366255139,0,-7.728468060712759e-07
1326,0.10200529616425177,0.539897101591131,0,-4.1746610659551525e-07
1327,0.1935006408215677,0.560032508663899,0,-8.509066130187856e-07
1328,0.0194003667641591,0.39105437162053197,0,-8.104307304358472e-07
1329,0.0003683743024167851,0.23828932313125428,0,-3.0850011298739867e-06
1330,0.2623757964949685,0.19485939998784368,0,0.0003535584123415559
1331,0.3300473675946706,0.47775701618521116,0,-7.471116821449109e-06
1332,0.13471939811903613,0.4434495329970728,0,-1.5180313145292105e-06
1333,0.26447431793430215,0.2208864280387083,0,0.00011845962597850545
1334,0.20813062313034644,0.42285472322895645,0,-3.874731387736733e-06
1335,0.19932903514033692,0.30461572354650035,0,-1.110675461388576e-05
1336,0.008611736337785702,0.06218968973044916,0,-1.5597211938516213e-05
1337,0.29875880075987876,0.21485604515373558,0,0.0006373061694401452
1338,0.28911057812701024,0.5045791990764293,0,-3.838844885915561e-06
1339,0.005577111504627135,0.5904669289789585,0,-9.610028306295334e-08
1340,0.13180037372240141,0.05439048179035375,0,0.0006248403365068614
1341,0.09094578845773821,0.25990744134950045,0,-6.1073711327121e-06
1342,0.07124561188429404,0.18721169532542173,0,-1.0122777212570395e-05
1343,0.326931040734487,0.3083341193516418,0,2.2357373478813173e-05
1344,0.20351413993804396,0.22554489371187347,0,-1.3277732638576247e-05
1345,0.06441760655784685,0.3566302877133761,0,-1.7923715638701513e-06
1346,0.07791406810040173,0.11955419654828242,0,-1.5693372899691588e-05
1347,0.2656545595542719,0.18639556424214124,0,0.0005666101670968543
1348,0.01266510521262651,0.49769470834718466,0,-2.608398128887445e-07
1349,0.2431068129112359,0.021667637563001517,4,0.022569236321189415
1350,0.06150046085250974,0.06154636262346584,0,-2.0073019882781123e-07
1351,0.3400889900171049,0.01150044779043946,4,0.02587841918389089
1352,0.09711639336930984,0.35375744123925146,0,-2.556125489107015e-06
1353,0.22106135977501612,0.35079510755743365,0,-8.891495118519466e-06
1354,0.3157956090692903,0.36665477488847115,0,-1.578018773746289e-05
1355,0.02833378604436455,0.36059571853170475,0,-1.201531976936964e-06
1356,0.2251129458760089,0.07049681212166566,1,0.007566767663776114
1357,0.26727450388245827,0.25000606365587547,0,2.190924043410282e-05
1358,0.08476076906462106,0.18479560312235965,0,-1.163846667881416e-05
1359,0.23077821825401826,0.2179871750288806,0,1.4711012197499845e-05
1360,0.3066873452632895,0.5621594523321758,0,-2.5752990622204496e-06
1361,0.19871567509559054,0.18228443860697327,0,2.2224841136675003e-05
1362,0.004830392981114873,0.5619245090653079,0,-1.268940200461129e-07
1363,0.030229786113907794,0.3777755706325259,0,-1.0312340758879425e-06
1364,0.07996844137588317,0.49522610342760853,0,-5.236521464928182e-07
1365,0.21254614654534915,0.43612793439845066,0,-3.5473393051875247e-06
1366,0.28874603669297055,0.3003264729797071,0,-9.89021384738774e-06
1367,0.3140766423786247,0.4593669791415035,0,-7.650737159061595e-06
1368,0.28947625530012117,0.4618224309865934,0,-5.883160303866378e-06
1369,0.26601080981834757,0.5483882872033016,0,-1.9704321914987358e-06
1370,0.19827739434968744,0.13455573494172302,0,0.00032521679697939434
1371,0.21838813748539518,0.2517655033835568,0,-1.5294163965381728e-05
1372,0.1310146920111212,0.5456710009041291,0,-5.26437529086742e-07
1373,0.2941079627276429,0.3319070858955634,0,-1.573547472990433e-05
1374,0.07509900773442527,0.015218184938594746,0,0.0002997141315512717
1375,0.008792932495740568,0.11869974155905166,0,-1.069442307223236e-05
1376,0.12141410621239093,0.1630108875932119,0,-1.571167250373597e-05
1377,0.05220254324750162,0.36825114882512616,0,-1.4125815919374726e-06
1378,0.1260817619037641,0.5854370096031962,0,-3.3671738340033646e-07
1379,0.34642681328878844,0.31026540902364763,0,7.190044165015964e-05
1380,0.08393567579102537,0.2594887680328464,0,-5.72487727094462e-06
1381,0.04213284538240932,0.31737208368392206,0,-2.1243080213345695e-06
1382,0.07687931697588471,0.3636341917806731,0,-1.8925460718769004e-06
1383,0.2915592133129889,0.14882823768437917,0,0.004015616894246934
1384,0.18084270426655275,0.45382054655721177,0,-2.1682336619908344e-06
1385,0.019740919733959278,0.5513764564493623,0,-1.6365809676030577e-07
1386,0.04602285347092737,0.5663641209179402,0,-1.8317295158915057e-07
1387,0.06480956446974415,0.035574330266932706,0,6.189633105991973e-05
1388,0.23300980216285586,0.33272232802739793,0,-1.1642950986172717e-05
1389,0.3228688760951017,0.057444536122120256,3,0.013841022752117318
1390,0.01221656071263647,0.4741773097609222,0,-3.285196050538808e-07
1391,0.15259551175406919,0.583873685747732,0,-4.4567978369584054e-07
1392,0.11536584064891439,0.3631524692104176,0,-2.791597992647493e-06
1393,0.3048921345593622,0.2736553700754438,0,5.731663615307226e-05
1394,0.07385246148402182,0.3475970578964679,0,-2.1553977328785358e-06
1395,0.015739215431224907,0.599618967381052,0,-9.706569811632905e-08
1396,0.032213416699980006,0.5821927752430394,0,-1.3621163275777554e-07
1397,0.1920312995984446,0.08501731974674528,0,0.0018639211736297093
1398,0.06514247096501484,0.09696572278831814,0,-1.4939479963038655e-05
1399,0.060098660255800664,0.17114212674179174,0,-1.0581340658899631e-05
1400,0.31588209009055457,0.596944469085541,0,-1.9941302815041965e-06
1401,0.036490408015517985,0.3798516984408374,0,-1.0752201926941338e-06
1402,0.1878075931537511,0.521759326643746,0,-1.1786558301473313e-06
1403,0.048358816759281074,0.575352482470189,0,-1.7137966072044345e-07
1404,0.21343757977252045,0.23291656801897054,0,-1.2576734204306997e-05
1405,0.3465622610232411,0.48459748229394206,0,-8.193069347134208e-06
1406,0.3236404393099466,0.3617871283851786,0,-1.5797207039896456e-05
1407,0.2977208460899145,0.5503064366501041,0,-2.6511659770413478e-06
1408,0.15376468471113647,0.5322273496150361,0,-7.557295617562278e-07
1409,0.022178448687733953,0.3314215220191201,0,-1.5125634699596185e-06
1410,0.12274391801423636,0.2556553747632641,0,-8.646171424909552e-06
1411,0.19119940535236168,0.08465096763199213,0,0.0018352075390213737
1412,0.17921825842015113,0.015197063383475373,2,0.012530514120760868
1413,0.34012381066037617,0.19802244279441164,0,0.0031071891811762366
1414,0.2676329949576268,0.12401098727440296,1,0.004610661125913834
1415,0.29260746185671943,0.3302594958323695,0,-1.572597291890218e-05
1416,0.031167792120314713,0.15953543767219014,0,-9.034719743036916e-06
1417,0.0770095605108119,0.15303337786628587,0,-1.3984851226054943e-05
1418,0.2880088321048342,0.33247567976174747,0,-1.5880488756780823e-05
1419,0.2617159120142193,0.034905160638627586,4,0.019606058813010436
1420,0.11215013570960577,0.1583038354021078,0,-1.576849126755626e-05
1421,0.0028974937706649382,0.4330834052050451,0,-4.5143697110840306e-07
1422,0.25747435564837096,0.2877841770751757,0,-1.5016996310396997e-05
1423,0.10389712233433172,0.10383897382627283,0,-3.12582268117219e-07
1424,0.03224682141652166,0.041175187480720174,0,-7.1995150899720205e-06
1425,0.037252345647033724,0.038963825625984105,0,-1.7055041196861403e-06
1426,0.32377104707018106,0.10196172740347335,2,0.009309999909860348
1427,0.1844567109407633,0.4203340802531464,0,-3.1399839763230028e-06
1428,0.25678737751245806,0.18346787462826145,0,0.00045307807842425514
1429,0.14402373737441476,0.36919667009492296,0,-3.49620703990498e-06
1430,0.2566795068421209,0.5108757773586067,0,-2.611440072407868e-06
1431,0.07697144484309698,0.4029934041871946,0,-1.2781197405573641e-06
1432,0.149550140864293,0.31310101778640526,0,-6.433367381950997e-06
1433,0.25167938017019015,0.5200056713239719,0,-2.2680694138148786e-06
1434,0.07159160966762078,0.2121976088381088,0,-8.043194540182914e-06
1435,0.2743989502166388,0.2265524467270983,0,0.0001444138831453878
1436,0.07482043156806974,0.07687026613958016,0,-2.1387018844371258e-06
1437,0.07661003079763935,0.20262021895829502,0,-9.230315146337564e-06
1438,0.2588343504205311,0.3179029820343262,0,-1.5344863854433676e-05
1439,0.019991575020810618,0.13982773927129274,0,-9.778243240596858e-06
1440,0.07976462089426065,0.5527762029353968,0,-2.9392085822316736e-07
1441,0.0063114893224437635,0.5261267551386603,0,-1.8421805129812824e-07
1442,0.23190092278868787,0.5332114420356738,0,-1.6319927642790656e-06
1443,0.10288759296425651,0.2878690288507478,0,-5.214931305866934e-06
1444,0.3236038960995678,0.21599618982844926,0,0.0013539476651991617
1445,0.27393740350697887,0.4865102343182023,0,-3.952542152900223e-06
1446,0.1378625994205485,0.5346425198757457,0,-6.294075724660317e-07
1447,0.33849428376539475,0.10833532416138329,1,0.008425690024868883
1448,0.08428823043537928,0.01884180440155789,0,0.0003838092486083988
1449,0.10922648246499848,0.317973957368099,0,-4.119625255586484e-06
1450,0.14316423469175985,0.2325586919363118,0,-1.2682936822024417e-05
1451,0.3390033001489665,0.522636675636475,0,-5.256715806348355e-06
1452,0.2845727095965443,0.3213550350125132,0,-1.566650286118145e-05
1453,0.3290390584699514,0.4070406482254172,0,-1.3767319612031057e-05
1454,0.05592139201012693,0.16749041022637207,0,-1.0532492324047542e-05
1455,0.13450468240872748,0.15724584408447942,0,-1.3289277221552418e-05
1456,0.2261650611951416,0.5870490906838526,0,-8.997941712540536e-07
1457,0.10784807734107066,0.32176171358103517,0,-3.913371739903657e-06
1458,0.0008834785242442078,0.1951448177864427,0,-4.763526074440707e-06
1459,0.1002615695221406,0.21995558390614203,0,-9.78111085964903e-06
1460,0.189765283870953,0.49508484739402886,0,-1.5691830445388437e-06
1461,0.048231721767830006,0.18819338272094208,0,-8.095313048142572e-06
1462,0.26517088957754004,0.01897780906066322,4,0.024244064061061946
1463,0.11588002449500857,0.5004328417769935,0,-7.114933161502593e-07
1464,0.24049231609477412,0.5302231762413313,0,-1.8318751069389554e-06
1465,0.06686105319306915,0.08593145394089594,0,-1.2061684381696727e-05
1466,0.293430593049219,0.20917576778126892,0,0.0006526098685230842
1467,0.19562704693710734,0.03314393583630288,2,0.010941877318044335
1468,0.2857485948691034,0.07520663930185546,2,0.012447505834383615
1469,0.3129800340072208,0.4739800906876107,0,-6.570372021764743e-06
1470,0.3183513447918435,0.5336493910960011,0,-3.8423973794676526e-06
1471,0.2668058427946187,0.25395558630236253,0,1.3920891288733072e-05
1472,0.2805685553602896,0.07805917740178799,2,0.011937659342993298
1473,0.3210279984434832,0.06118269952605848,3,0.013393223929941895
1474,0.1832886856688623,0.4890913259593578,0,-1.5618104069020925e-06
1475,0.07939513479615443,0.47461035963961556,0,-6.398606781665838e-07
1476,0.09972115989577901,0.1581993612105647,0,-1.5360447952024427e-05
1477,0.17400397759012337,0.4038772364124609,0,-3.3343710742172734e-06
1478,0.281274973354953,0.4756343472878781,0,-4.735091958202693e-06
1479,0.040883564730782855,0.3360045316226398,0,-1.7415275110287044e-06
1480,0.057610505858129095,0.2484846371033427,0,-4.922852196210989e-06
1481,0.24140479947462096,0.21126889537815158,0,5.785234327342592e-05
1482,0.27388123005017356,0.5982464402102934,0,-1.294973300099333e-06
1483,0.1373876945287979,0.36920988080522427,0,-3.2723848653013077e-06
1484,0.027542084594699343,0.524565248644069,0,-2.3132279694238534e-07
1485,0.32836467920272133,0.5320732956050817,0,-4.310265460801926e-06
1486,0.1874269360824054,0.4008035785539433,0,-3.928709557471217e-06
1487,0.019582469049987648,0.446722941532764,0,-4.653156724223091e-07
1488,0.27965958443003525,0.22359876609228907,0,0.00021017598071922938
1489,0.23641009122443754,0.28871936823718675,0,-1.5687818135444192e-05
1490,0.07672069565380768,0.4895889470007477,0,-5.36336952195313e-07
1491,0.029922706030058192,0.1703966160124156,0,-8.057573433646627e-06
1492,0.24022144678346846,0.5804272742935361,0,-1.1061168425340517e-06
1493,0.24178906650978607,0.5539636112906482,0,-1.4637744155689153e-06
1494,0.3321934238143782,0.48233498523996826,0,-7.297281727293908e-06
1495,0.060334218673053074,0.5430988142525752,0,-2.666727774048431e-07
1496,0.02331455002719002,0.297597208042853,0,-2.1451764227559854e-06
1497,0.15656055867135027,0.16504793052180758,0,-7.354931131907116e-06
1498,0.19404599672888362,0.31136013929906636,0,-9.979540444139923e-06
1499,0.17223891625637605,0.13967009713033857,0,7.12628693171142e-05
1500,0.09225570968161614,0.45805943597415677,0,-8.584890962186268e-07
1501,0.3196168307829086,0.383111254646952,0,-1.5043167048263397e-05
1502,0.06358823302906674,0.193205945298935,0,-8.926089085649311e-06
1503,0.0035514198857259757,0.5370571600998959,0,-1.6065277618515543e-07
1504,0.02725930879415873,0.5646457015819581,0,-1.5449956407201942e-07
1505,0.30705523557392744,0.13738562484312047,1,0.00619472279376999
1506,0.11881660765463907,0.018091340548752142,0,0.0016498263094810264
1507,0.1358867806153599,0.5233556565399411,0,-6.908417433572162e-07
1508,0.18627275224501535,0.5988730501202344,0,-5.369020307124488e-07
1509,0.09242458003903084,0.3921443748414592,0,-1.6621663610662145e-06
1510,0.2220589468666771,0.2680406050472434,0,-1.5824422034892456e-05
1511,0.018836466371313886,0.007705737779478294,0,1.472164930393597e-05
1512,0.07464851207773485,0.08189441581668741,0,-6.20042883890174e-06
1513,0.010605931622087138,0.3340272564957716,0,-1.312824200260604e-06
1514,0.20543377605700444,0.3978566858157038,0,-4.835482703345637e-06
1515,0.09874703865454723,0.22897291600923123,0,-8.870894678602072e-06
1516,0.18783529348916633,0.5493696198362336,0,-8.945923053930749e-07
1517,0.1371072522625433,0.5584678631451818,0,-4.922584852297277e-07
1518,0.2989814594609226,0.14576879700918735,1,0.004861231274314631
1519,0.020970877739843994,0.2929429782802622,0,-2.1953335346890057e-06
1520,0.06915086966772202,0.05853015920043625,0,1.3579329411957216e-05
1521,0.07040114478741724,0.5276960778336762,0,-3.439821994629718e-07
1522,0.10758422077255234,0.17139524666244427,0,-1.5009109904308395e-05
1523,0.050248744594211386,0.3990563966023216,0,-1.018066545864034e-06
1524,0.20286534796640743,0.31923849331103726,0,-1.0063417383229021e-05
1525,0.08617871914383285,0.5962766745299893,0,-2.0283173519713537e-07
1526,0.24297424996359251,0.16050902480622736,0,0.0006674343284573608
1527,0.30137496474761255,0.028584101040647524,4,0.020755156096830943
1528,0.1256849281325485,0.5184597494885742,0,-6.55245041695346e-07
1529,0.17455831084863543,0.4698477526269484,0,-1.7351289220055172e-06
1530,0.21466543688860845,0.2385729667310809,0,-1.377331283240318e-05
1531,0.0390816436137348,0.209470666223487,0,-6.026675618591777e-06
1532,0.05269789682202334,0.3838419345850298,0,-1.214689907880733e-06
1533,0.1382827557669442,0.1858529457023263,0,-1.576873414077908e-05
1534,0.23128612367562912,0.2987702882948063,0,-1.4723227476301861e-05
1535,0.12624073978797964,0.5388997406087969,0,-5.37094804913757e-07
1536,0.05181897819104522,0.0786890705403317,0,-1.4124991330830215e-05
1537,0.3406576738797596,0.18184710622678996,0,0.00419557461712083
1538,0.2854273596988805,0.5205723342182224,0,-3.1559247054275465e-06
1539,0.24384721346569263,0.4712375494500232,0,-3.4129051978214336e-06
1540,0.17518102982780592,0.15827120653719484,0,2.378611677429681e-05
1541,0.15528382649267158,0.46038016412141136,0,-1.5736512515997672e-06
1542,0.038892097768279114,0.23029854148108223,0,-4.898130177273354e-06
1543,0.03515941106677273,0.04373314132156958,0,-6.980211595109565e-06
1544,0.2993498953275384,0.05953705094097066,3,0.0144865745008819
1545,0.1759298987746978,0.12059911520594481,0,0.00022773010376254897
1546,0.0828400197901997,0.023604900654002604,0,0.0002899863778015128
1547,0.05796629340039291,0.5438285459751869,0,-2.585462883731686e-07
1548,0.05309763405086284,0.28176711622469147,0,-3.3811368669222535e-06
1549,0.2832242414749332,0.19539843679272864,0,0.0007609387742901057
1550,0.026968293221786437,0.25688457407208826,0,-3.3404257795680117e-06
1551,0.0031286246463417267,0.2993483157676277,0,-1.7232216460166663e-06
1552,0.1691236317310593,0.06585217494829813,0,0.0016913730663897786
1553,0.025382320405500862,0.47347509874254917,0,-3.7733522145443147e-07
1554,0.14133983653511567,0.08350041152726999,0,0.0002627429406783659
1555,0.10209821695918256,0.22601080847340604,0,-9.408269688589024e-06
1556,0.07587150923896112,0.2702599078836339,0,-4.753222091881314e-06
1557,0.20939713950584143,0.25307354237585405,0,-1.581037289694916e-05
1558,0.22900006339777662,0.37950238054171465,0,-7.29177312934491e-06
1559,0.24505046813693432,0.06937232905061638,2,0.010687625729645218
1560,0.19123580210243715,0.43317797198959346,0,-2.9552643767057007e-06
1561,0.20169776030523082,0.29755397436340497,0,-1.2030596884653379e-05
1562,0.17492088537830933,0.4073395510898931,0,-3.25076677941385e-06
1563,0.08959414882958444,0.038442864538217526,0,0.0001978299635023838
1564,0.33851910442304617,0.4863028166737387,0,-7.463905873910114e-06
1565,0.07721261528331885,0.4171239307236642,0,-1.1123964584673297e-06
1566,0.21692347092826952,0.3547050003429612,0,-8.240973780582598e-06
1567,0.005252871738381515,0.2209136276318433,0,-3.851059366394822e-06
1568,0.17944155110904686,0.1421828325937578,0,9.23092351683038e-05
1569,0.23015178555015217,0.26305587127401237,0,-1.5265758825480953e-05
1570,0.1745431468345335,0.04131708807304828,1,0.004940381181736891
1571,0.02463068143377817,0.05497574232281499,0,-1.471303215832124e-05
1572,0.19292172533461469,0.16139704065950694,0,6.590157493862197e-05
1573,0.22699714007271135,0.2599513638519431,0,-1.5265542292324595e-05
1574,0.14720293338229418,0.14436042032391402,0,2.263873843399215e-06
1575,0.11592405994016831,0.41721474455125757,0,-1.6357041626483403e-06
1576,0.23206302258599923,0.19496030358180574,0,8.730784959199179e-05
1577,0.19620932166977692,0.4081443293898415,0,-3.984740178870008e-06
1578,0.20293935886584952,0.2365657997201438,0,-1.5294981223804804e-05
1579,0.2363195969122523,0.5868694244881721,0,-9.975297358492509e-07
1580,0.06574477044039419,0.08579485694354629,0,-1.238550327774115e-05
1581,0.3052762534356957,0.2818227491789908,0,3.4223395338753054e-05
1582,0.3408134038186537,0.06010856640044804,2,0.012564744759676174
1583,0.19827246169343138,0.5378989590910969,0,-1.1134383294333664e-06
1584,0.27177769937556406,0.5610820523080675,0,-1.8384398429921932e-06
1585,0.12347365074525575,0.14324891965999734,0,-1.2402668866879266e-05
1586,0.02836862499298066,0.3655751412686739,0,-1.1435735585886023e-06
1587,0.11461461949375609,0.5819653911850818,0,-3.108947333654777e-07
1588,0.09596815557128088,0.5814734909117566,0,-2.5934729885620673e-07
1589,0.14481312990879028,0.2030251999372979,0,-1.537951930940064e-05
1590,0.1790275599834712,0.365165749395289,0,-5.148589650944201e-06
1591,0.03379952797002862,0.5231003716146724,0,-2.49876633994005e-07
1592,0.28482136648269496,0.3725664746464972,0,-1.2819810749785697e-05
1593,0.2694609147445994,0.25351037839719076,0,1.9288609712306138e-05
1594,0.001571506554103602,0.04694378030543145,0,-1.574678506816289e-05
1595,0.12653775915413132,0.5133761520296429,0,-6.953085914338663e-07
1596,0.20820095999190666,0.12462844510735854,0,0.0007362266645489572
1597,0.2659277684656874,0.48339794392473084,0,-3.7653218195570455e-06
1598,0.016580541483986216,0.40354944154915356,0,-6.95376675062646e-07
1599,0.20492663196153663,0.28911759923704244,0,-1.3186773826868225e-05
