,X1,X2,Label,f
0,0.34464349411808126,0.33830628673075,0,3.124682417238959e-06
1,0.09536624951261541,0.4513860166643789,0,-9.466798667230486e-07
2,0.03106934453990777,0.3169429711154295,0,-1.9103832389832396e-06
3,0.19602190523100943,0.009346232893088224,4,0.0194821409380433
4,0.3154068691398573,0.40111547150811605,0,-1.301545663620279e-05
5,0.049840466299060644,0.4306075069253449,0,-7.395887170861483e-07
6,0.13475093136647218,0.038083463155660115,0,0.0013747877086067858
7,0.33715613039215486,0.5318270833350907,0,-4.713282599397082e-06
8,0.2829437997002832,0.2842346161768307,0,-3.2588538938203334e-06
9,0.15895360031877406,0.21667653620667535,0,-1.540923595592973e-05
10,0.17358390130564297,0.03520355855293398,1,0.005889835335581228
11,0.11241184670962585,0.34720105563443937,0,-3.1782937069000834e-06
12,0.21742724007057423,0.3358603698283308,0,-9.873524259275093e-06
13,0.2388080424134269,0.01623980624109542,4,0.024095086320426905
14,0.0027682292988404408,0.35813541328709564,0,-9.53936929218368e-07
15,0.1741770819566665,0.2663652552717481,0,-1.2400144863161663e-05
16,0.1998827232795368,0.30051844401253786,0,-1.1559384485769336e-05
17,0.04539649215269307,0.22109532246157637,0,-5.71967179365926e-06
18,0.3129507774589334,0.33795255311776123,0,-1.4321254861397434e-05
19,0.26959843371863346,0.5853271433326878,0,-1.411853736875508e-06
20,0.30158414532555905,0.18257643632084603,0,0.002051846060550589
21,0.03817107784146121,0.24989651755372502,0,-4.003385374418882e-06
22,0.0870401770682667,0.08195657024592329,0,5.417866437205187e-06
23,0.05081776279181768,0.30556861415486564,0,-2.60647958342867e-06
24,0.1257535940245911,0.2142013901827378,0,-1.277948363446845e-05
25,0.334290048422291,0.34544150165558457,0,-1.0041273386305245e-05
26,0.0011109552440485226,0.2795501329191199,0,-2.058387516984002e-06
27,0.06735430464483629,0.09885725837432081,0,-1.48989918513731e-05
28,0.08246875187632868,0.04795695153127986,0,8.391621826621936e-05
29,0.1354970440127071,0.2996000244264872,0,-6.400368882728303e-06
30,0.13238466545278513,0.5173024310337369,0,-7.087285197019184e-07
31,0.25331500443355665,0.5104790776834135,0,-2.535400340832775e-06
32,0.14823695243450766,0.4254289719332524,0,-2.08005030737308e-06
33,0.15296873711674125,0.26510486111664333,0,-1.0464572542637847e-05
34,0.10232917870386188,0.1934558267501543,0,-1.2517317250788029e-05
35,0.05696382195209985,0.23631231673683498,0,-5.516819480181349e-06
36,0.2198586138761303,0.08478215138318891,1,0.004468404050530011
37,0.07658625783213681,0.23683522439114704,0,-6.6521835365482014e-06
38,0.01029566279929388,0.23697707078711322,0,-3.4505251323831866e-06
39,0.17940429530575283,0.5172158975453973,0,-1.1342092030249141e-06
40,0.16435765067527755,0.5084925940565485,0,-1.065001089089401e-06
41,0.2868463368938461,0.5880979988832341,0,-1.6310032184457532e-06
42,0.12659647493838838,0.3667775825923613,0,-3.0111758447638307e-06
43,0.061892379900481694,0.32509983368411893,0,-2.395044977161858e-06
44,0.1903692249733116,0.11174082251386763,0,0.0006173354942092702
45,0.2905497883992107,0.4342484641467119,0,-7.773680448445509e-06
46,0.24208145963870004,0.5256319077629635,0,-1.9484983934639793e-06
47,0.27010699012916584,0.5522863414725573,0,-1.974153323434894e-06
48,0.1732227623959568,0.2458130130140963,0,-1.4287647208600624e-05
49,0.21703886489154683,0.1632297902617555,0,0.0002041329289083933
50,0.2974222612013403,0.13355930708656558,1,0.006003572990688909
51,0.12402752885980552,0.45223076889511127,0,-1.2497051833256532e-06
52,0.3343883676290255,0.08609570553360481,2,0.010109139404649062
53,0.20855492368072767,0.5917559424711165,0,-7.200876553933625e-07
54,0.16057375747784464,0.22910700372570933,0,-1.463834699018031e-05
55,0.0933168961939599,0.19235338717051978,0,-1.1735377521860536e-05
56,0.27257609900924334,0.48430865662699624,0,-3.9858430940029975e-06
57,0.19920637526863666,0.03151722534415191,2,0.012245128339500781
58,0.23513721109263824,0.3075244044856639,0,-1.4300826850542437e-05
59,0.04107435913789055,0.42507250667163604,0,-7.161486843910148e-07
60,0.20875808823270098,0.24077712667307494,0,-1.5132536910328771e-05
61,0.20985545773839576,0.36479747342086,0,-6.98775419436243e-06
62,0.2708591979482741,0.5491505786613736,0,-2.0523024455543235e-06
63,0.2853268908752277,0.5593641212666193,0,-2.140670484655056e-06
64,0.02918015034344991,0.3593874696372254,0,-1.2264586341345007e-06
65,0.3140501728635714,0.20225408482767568,0,0.0015865624126780219
66,0.05022523151181965,0.363958537819549,0,-1.4456952109440963e-06
67,0.16963767719847306,0.4615180797663938,0,-1.7954221500733627e-06
68,0.1013373240506267,0.44845055253858424,0,-1.0347670639393611e-06
69,0.3029344468786381,0.18340481181718848,0,0.0020736186604595583
70,0.3065511312712647,0.47193321390272536,0,-6.296077085319571e-06
71,0.0491970638615016,0.10392217623696139,0,-1.5550133380254292e-05
72,0.25206574460468495,0.42407776809437114,0,-5.9081901724952525e-06
73,0.19500778362453017,0.4533699999281324,0,-2.508334441387579e-06
74,0.2994401194718,0.3952270831485389,0,-1.2015221354510823e-05
75,0.16280506924800495,0.24428004746131107,0,-1.3458212599538474e-05
76,0.2631594676977722,0.45770189244865,0,-4.72867708476773e-06
77,0.2606980511258757,0.5580802810857594,0,-1.6962984065528452e-06
78,0.03051098646889942,0.3316237804136524,0,-1.640480247216723e-06
79,0.038783486257641664,0.5671756374999505,0,-1.690180152492371e-07
80,0.16505725053197623,0.4777555046296293,0,-1.458257658530109e-06
81,0.27443780727783074,0.07052903148873697,2,0.01287969063075967
82,0.2596983172033958,0.4666005067722995,0,-4.183210864803332e-06
83,0.32487364685619763,0.3140899060153962,0,9.23521174406588e-06
84,0.0995088868688368,0.17018356800787446,0,-1.4460809465716287e-05
85,0.1814223560739698,0.41675397193035807,0,-3.157306940413569e-06
86,0.24860748284637862,0.5296660172320007,0,-1.997336649389116e-06
87,0.2256027321254894,0.5426722659659144,0,-1.394339225881822e-06
88,0.02132973524740928,0.4408742523800929,0,-5.020277266271345e-07
89,0.20258662159112126,0.44000164583485,0,-3.0910769936661044e-06
90,0.1211907569776879,0.5791270394954479,0,-3.415528313659937e-07
91,0.015206327791711464,0.27937463850157995,0,-2.3734834114464786e-06
92,0.1559269460465153,0.5198565965698212,0,-8.738938139477433e-07
93,0.19366531504370782,0.24181885741828058,0,-1.5784508530312088e-05
94,0.18818377146409654,0.3876074488366082,0,-4.512891439356644e-06
95,0.17567660754581554,0.10007511795634623,0,0.0005540408916747428
96,0.3447492774791384,0.5083595608488363,0,-6.399028783148749e-06
97,0.03403328603021045,0.2626926533113905,0,-3.382268704599725e-06
98,0.13027344907792354,0.16918231771961703,0,-1.5608935812861607e-05
99,0.16419542916520669,0.14083694752890105,0,3.984466761494927e-05
100,0.21058340144398904,0.5021984107992484,0,-1.798806772670651e-06
101,0.18227271383857988,0.4026655767930164,0,-3.6640860451167837e-06
102,0.17398468927891134,0.2938584751822571,0,-9.752841355237071e-06
103,0.3357446527884217,0.14072917238908175,1,0.006683761199364746
104,0.19941340037371527,0.4984127914266775,0,-1.6712009218103774e-06
105,0.3243060411357032,0.12322286333024292,1,0.0078105006477751
106,0.032304081701020344,0.10142866441261374,0,-1.459660127424475e-05
107,0.1618371071932254,0.4039417889626194,0,-2.952127276267956e-06
108,0.33231818995641127,0.42836916094888716,0,-1.1980351686999666e-05
109,0.3294210219640065,0.5558545397380099,0,-3.438194599387604e-06
110,0.31250755599334057,0.5395575040967835,0,-3.4187046062798376e-06
111,0.14219607240316234,0.19746072610373402,0,-1.5535044522859513e-05
112,0.12126905865363044,0.15241914628428968,0,-1.490033160326983e-05
113,0.04414799806586117,0.13386973602427577,0,-1.266430800018851e-05
114,0.03254241487265875,0.5093460609291406,0,-2.8314276507673346e-07
115,0.06040628912201308,0.4046677450533848,0,-1.0652796614780747e-06
116,0.14578772657993297,0.4012294145642734,0,-2.5849041902173658e-06
117,0.17415264569013925,0.09683813575309082,0,0.0005961453822954393
118,0.3402520659837888,0.557651302929707,0,-3.7606231963871202e-06
119,0.015936331588360546,0.23648511440195566,0,-3.6677091695847e-06
120,0.17211491086139138,0.016084974812874343,2,0.010336181434921921
121,0.1869738230785067,0.24888208247114074,0,-1.5147011746630762e-05
122,0.12993210059163218,0.07268006646881224,0,0.00025778164097427713
123,0.02030282170152671,0.03065601636276207,0,-8.041884476625412e-06
124,0.07873729515940062,0.12232524367368625,0,-1.5739304242459926e-05
125,0.3052145370422357,0.11034889960326151,2,0.008722059578785798
126,0.27169508526288605,0.06544475268346857,3,0.013620773431086449
127,0.05701982038705674,0.030904297807046375,0,5.09221471439242e-05
128,0.2550774356901056,0.2586301815945262,0,-4.727550506055203e-06
129,0.131784085821711,0.4316602542805352,0,-1.658584705723783e-06
130,0.18866403441646257,0.46965980197198914,0,-2.001024859100796e-06
131,0.2785330032970177,0.021467785107966385,4,0.023418350769354446
132,0.3057179950620268,0.39705156885421306,0,-1.245727377896181e-05
133,0.20471768699599982,0.13915512297048088,0,0.00034993063856634247
134,0.26328922879468275,0.1986552597209279,0,0.0003125829371888365
135,0.20224582987758516,0.22786433876644066,0,-1.4110972983227638e-05
136,0.07538679018784857,0.5925417296884925,0,-1.890372763601287e-07
137,0.2758527450201994,0.10843670128179958,1,0.007378570783919109
138,0.0616890193612528,0.19747639663059643,0,-8.421806572280092e-06
139,0.10398690254785292,0.5061016592197488,0,-5.97006443488708e-07
140,0.21004927558160957,0.4454159759231203,0,-3.154382732105152e-06
141,0.21149269065021947,0.5289234230371324,0,-1.3896982126148696e-06
142,0.2916811585401491,0.0397259071471703,4,0.01829767951865137
143,0.10324196804195718,0.568059305076775,0,-3.1892089624422143e-07
144,0.10494202121322112,0.3101440992833588,0,-4.2676699963450954e-06
145,0.15602470899753296,0.05349849414413523,0,0.0016800521581701946
146,0.05017714689741667,0.1262685959604416,0,-1.3981226619847503e-05
147,0.30750470848278894,0.5048675571958512,0,-4.5930166595615704e-06
148,0.031103633982186445,0.4182611455206679,0,-6.939563455145614e-07
149,0.25037926369650676,0.5581238425743769,0,-1.529764532833939e-06
150,0.19506615792819387,0.21419097709330173,0,-1.239891682681493e-05
151,0.06859147876432818,0.08053171830763484,0,-9.002183336202032e-06
152,0.078747829390073,0.40157496791787806,0,-1.319572528721198e-06
153,0.0015758142284859388,0.08298040597999967,0,-1.3484070872257417e-05
154,0.0900426985510436,0.17305954218716973,0,-1.3318272476812689e-05
155,0.04712414063442813,0.02028056048594402,0,5.353402781119508e-05
156,0.009857842543964311,0.014262573703023728,0,-3.958081754290566e-06
157,0.08478899270651384,0.18273148932370728,0,-1.1844438070761312e-05
158,0.3146964389110825,0.036284445398762834,4,0.018245903371124035
159,0.05477901957636615,0.04007050256438009,0,2.1138134977437186e-05
160,0.24942736467103088,0.3267704562054353,0,-1.3841872241479392e-05
161,0.12180512037202545,0.14979350153557283,0,-1.4410538395340815e-05
162,0.04944159971509372,0.05729062566266829,0,-6.537444694450187e-06
163,0.2121879555718211,0.14259900357314012,0,0.0004122133016278813
164,0.2883472261721433,0.4132956135272419,0,-9.282679328132706e-06
165,0.2668587520843382,0.39117468106679937,0,-9.342438582412691e-06
166,0.27588604912753345,0.5059758387106372,0,-3.3198044636546524e-06
167,0.04039637557838286,0.31889656119361226,0,-2.0562459309571606e-06
168,0.1730101413783592,0.18232313351444948,0,-7.93978229875237e-06
169,0.20301120069795864,0.2767836527415747,0,-1.4178670461740658e-05
170,0.2509621340061963,0.015469899441227786,4,0.025097233987200134
171,0.3342618345916977,0.2072840600862419,0,0.0022550945374630025
172,0.12111821753041029,0.022323660023770463,0,0.0015226682629242245
173,0.06247468071815936,0.5925064515559857,0,-1.6622391697124507e-07
174,0.31458250281766725,0.5674890497817393,0,-2.6415602093478407e-06
175,0.1516195836554776,0.327261048806652,0,-5.713426824625484e-06
176,0.23917776204488883,0.020943228365554113,4,0.022507505087325373
177,0.16803294267910518,0.041391932108944936,0,0.0040109123014269105
178,0.17754167428145032,0.30303104711103085,0,-9.259518800544453e-06
179,0.08267460146104368,0.17429871544523648,0,-1.2470724106677355e-05
180,0.25337489488569664,0.20051398586063923,0,0.00018767862517143994
181,0.2658635541676158,0.3738296329197773,0,-1.0834523371146231e-05
182,0.042848356582804774,0.5958545795104807,0,-1.3213491993299952e-07
183,0.3281748502855555,0.06635565941836183,2,0.012381513941491973
184,0.23537169632841673,0.31280994508632665,0,-1.383474592895453e-05
185,0.18366479875564398,0.0027515872067570557,4,0.018801926545822013
186,0.18358419922406455,0.2508379999096509,0,-1.4742707156760895e-05
187,0.20293191465616767,0.12613795563543045,0,0.0005633493014705164
188,0.10165863406106529,0.4016986102826343,0,-1.6566347150524322e-06
189,0.05341959544558955,0.39451686482628745,0,-1.0996169230946266e-06
190,0.31092299758893843,0.5197628965059445,0,-4.098048761142772e-06
191,0.1928008562954256,0.30869952329091643,0,-1.0108826717247234e-05
192,0.2802296872418848,0.22865878296623476,0,0.00017103431438359934
193,0.20764227086312442,0.14785424977591688,0,0.0002705781700319496
194,0.23034385279002703,0.08400772366307072,1,0.005918535886718487
195,0.10888761827662125,0.5503671619689242,0,-4.0271668766362696e-07
196,0.04609903541950987,0.004496445825735473,0,0.00012464407476147612
197,0.2773237051664313,0.3954539231763836,0,-9.887190625812909e-06
198,0.14315855249579262,0.5764476130981697,0,-4.368708456233702e-07
199,0.26500383820259943,0.09938307877786975,1,0.0076607540514108076
200,0.037361714055003055,0.21638708294700792,0,-5.5357925713448956e-06
201,0.02811553482068823,0.4530164948874628,0,-4.758097397846822e-07
202,0.057912373484831865,0.3125530535434609,0,-2.6091134682579477e-06
203,0.1781913675803044,0.3526910849236125,0,-5.774998131899928e-06
204,0.0826884696420388,0.5100429245994024,0,-4.6397430750219424e-07
205,0.2888716949793639,0.23514384292626034,0,0.00018680104997055257
206,0.19789518842054468,0.053955895663745986,1,0.006391679091840893
207,0.34716991097026995,0.21519031631533014,0,0.0024088002083238105
208,0.05084733118132302,0.34224917410885913,0,-1.8072671047977131e-06
209,0.3173531770003843,0.09342062495129422,2,0.0101512693453459
210,0.26512532765047314,0.08550042174130698,2,0.009866900949213256
211,0.26263524528667187,0.10610033601937356,1,0.006425963212949825
212,0.16192058830587377,0.3779152456920833,0,-3.829583353326827e-06
213,0.25280285667095914,0.16217340475590367,0,0.0008972605726683164
214,0.23284782977027776,0.10098283085355997,0,0.003857185721593908
215,0.1622642435579176,0.03587903014342113,0,0.004037289169462151
216,0.0016702564240020478,0.29267163322743533,0,-1.8155161646169748e-06
217,0.002521736338069685,0.22171111470768998,0,-3.7182225805424204e-06
218,0.014309625839376526,0.11937976315226241,0,-1.1156523542058142e-05
219,0.1255534049144737,0.1874700715293505,0,-1.5143356784822605e-05
220,0.09449515361488645,0.2939417939717292,0,-4.519410043762258e-06
221,0.22577022755122758,0.10904755526835712,0,0.002423807012556299
222,0.3141135181981581,0.5176051161560015,0,-4.32127069888996e-06
223,0.06519910817323832,0.1500867836050689,0,-1.3138608643743957e-05
224,0.16520842509107575,0.25879994924075195,0,-1.2262320920531466e-05
225,0.3437971790895407,0.3242546917743548,0,2.35454281762264e-05
226,0.2124245969667351,0.003940231605548438,4,0.025589864143576207
227,0.3240707655687934,0.00461432203315959,4,0.029725714365985517
228,0.33671380721496935,0.5449588728575215,0,-4.119397169398549e-06
229,0.24866805094357752,0.5711024914410757,0,-1.3209170594884814e-06
230,0.22560124057736108,0.05677974340228886,2,0.010612659551965963
231,0.2157685716697491,0.5938219512702937,0,-7.580182047931813e-07
232,0.17624080423169472,0.4721234938922184,0,-1.724819246775058e-06
233,0.2580408533738419,0.03851068237672015,4,0.018601117292969135
234,0.1913415081996441,0.19645835771304732,0,-5.3177517285335075e-06
235,0.02150999370924119,0.3945769743699743,0,-7.990424128698909e-07
236,0.3053526832849657,0.08760718669671108,2,0.010934630279590442
237,0.12704938765721588,0.22232306272904948,0,-1.2101944046443669e-05
238,0.2747787989310461,0.07563124882340215,2,0.012088541028984434
239,0.16781682192717576,0.10438232935957419,0,0.0003308698928927946
240,0.05116553722115214,0.35584371571122475,0,-1.5826539068965445e-06
241,0.19291859978947104,0.5872441093653356,0,-6.444672249573905e-07
242,0.3112472586963997,0.1961465646074562,0,0.0017688874003844402
243,0.11345330375868139,0.5071532205870841,0,-6.49327432754097e-07
244,0.045904110918451146,0.2476716170757569,0,-4.419453852346566e-06
245,0.19557625192460404,0.5104416140930078,0,-1.4262254173653107e-06
246,0.3479251043007903,0.06492273463587625,2,0.01155988629279171
247,0.1600497128746592,0.10651773871271017,0,0.00021216116664894973
248,0.29461027407244544,0.29552845383952936,0,-3.100194807768502e-06
249,0.2703186888746291,0.4967898646591185,0,-3.442156370923575e-06
250,0.2924120628948827,0.017711504622278218,4,0.024465171120701415
251,0.2697994283889632,0.4946723682358676,0,-3.4974422042842197e-06
252,0.0011978657449214336,0.3830918425955878,0,-7.316923462630644e-07
253,0.09266787931063938,0.4914381889198911,0,-6.1740519067307e-07
254,0.3445878951917091,0.14307920326660384,1,0.006510670227777062
255,0.32608117860886854,0.4672983720121524,0,-7.952793137022982e-06
256,0.2684698181534306,0.2875475087278549,0,-1.267665872760521e-05
257,0.07467781143641354,0.4901853085518781,0,-5.223810395807329e-07
258,0.13512853057507634,0.47290502120870254,0,-1.1354433619871246e-06
259,0.11643234371208061,0.3669847469772681,0,-2.7155338134969972e-06
260,0.34310113204544757,0.3316334052526732,0,9.703186767080134e-06
261,0.13796926233997228,0.5558234060417792,0,-5.098175774107346e-07
262,0.04066992023024376,0.5893200593629612,0,-1.380212987320673e-07
263,0.17065755136053842,0.03437395644507497,1,0.005547768538380355
264,0.024535650649218876,0.1013601506662146,0,-1.3915799787489357e-05
265,0.11259617908576278,0.4677695479463246,0,-9.544913401187568e-07
266,0.21344347668681277,0.12947908323149268,0,0.000741988853997802
267,0.016648181364238145,0.5217758785300649,0,-2.1333989013157037e-07
268,0.1245591704782605,0.4991566257604987,0,-7.858633573907598e-07
269,0.252777230390649,0.30436879499563757,0,-1.5721408131872276e-05
270,0.1874784008824487,0.3265878835744599,0,-8.142565605190895e-06
271,0.1140129706148564,0.1892947821677689,0,-1.4049492720274414e-05
272,0.17907340947179234,0.4450642491487971,0,-2.325046132562071e-06
273,0.15192783502965088,0.243277052864422,0,-1.2487412879736618e-05
274,0.03343401071581842,0.3704333618615222,0,-1.1458791678972193e-06
275,0.12158140525848175,0.5366208228245295,0,-5.244971149166235e-07
276,0.10897024922127668,0.1866492518557151,0,-1.3827328260421674e-05
277,0.17623821379554452,0.34575004050122793,0,-6.065333814184418e-06
278,0.2987864599733997,0.046915290236235974,3,0.016616120807960596
279,0.11588666013536338,0.29264400481502195,0,-5.65455631373557e-06
280,0.14621752585237144,0.3043837098827543,0,-6.780845355116983e-06
281,0.01765299011033169,0.12781907946508095,0,-1.0669000584949997e-05
282,0.20051129602396875,0.01689737948284913,4,0.017591863112147183
283,0.10613071333955745,0.3818732467829709,0,-2.111821776725121e-06
284,0.19943888108010985,0.14838761424848523,0,0.00018247310051288363
285,0.02294124092700398,0.5221801826186299,0,-2.2626489563919765e-07
286,0.1680450888705297,0.36655744585027045,0,-4.55570725338122e-06
287,0.004950618591759093,0.28273194454727285,0,-2.071882861446691e-06
288,0.32631971505183427,0.30860931572984535,0,2.0649154776981638e-05
289,0.19026021245754646,0.34430697055246995,0,-7.0517383551890096e-06
290,0.2924441491264599,0.20780981354251296,0,0.0006632525515598223
291,0.24538656381911,0.2064619245616778,0,9.501374708537011e-05
292,0.22072546161210696,0.5287247513956681,0,-1.5268042365182891e-06
293,0.1568540795048023,0.4548571940411924,0,-1.6892266146992935e-06
294,0.19801183795013674,0.28132077614719697,0,-1.3274380780539837e-05
295,0.27579235388473544,0.308601246818149,0,-1.534114958522031e-05
296,0.054757485247083765,0.48634559641163183,0,-4.4489665997682674e-07
297,0.17591098791445095,0.5009877620470318,0,-1.2882822746222728e-06
298,0.26430659858145766,0.5122352919646962,0,-2.7795211802076675e-06
299,0.19181876861822963,0.5030223823312125,0,-1.4794987278117882e-06
300,0.3118042460662818,0.5613814852665543,0,-2.7309895545189718e-06
301,0.31815247148508424,0.0692804059970153,2,0.012493678441628187
302,0.03455761643528363,0.33046457551899194,0,-1.7280269743970787e-06
303,0.13493370625578444,0.13923846748292082,0,-4.3266986457613e-06
304,0.24593763907836563,0.2951114919057623,0,-1.579093916156273e-05
305,0.24920106897002578,0.3095213200053837,0,-1.5261817852520267e-05
306,0.039489906689586046,0.5549616461374668,0,-1.9232741793072322e-07
307,0.03833676967917141,0.5250826085923904,0,-2.5633014624557594e-07
308,0.0806575946315321,0.21569277792875757,0,-8.479845065748943e-06
309,0.27555108117897464,0.08944479748947609,2,0.010048017174988865
310,0.014675417890507263,0.4529728886455437,0,-4.1621420597215697e-07
311,0.12366717728918428,0.36234144283314035,0,-3.0569314650701547e-06
312,0.10939840874993054,0.09104483170125965,0,2.832618611384382e-05
313,0.32719442444116853,0.485078126544704,0,-6.770224249921198e-06
314,0.22457847352489113,0.08812803929033512,1,0.0045731221059820935
315,0.2193469243394918,0.2027278630681687,0,2.206017380843053e-05
316,0.12437892634065435,0.4614970197140213,0,-1.1431324770907514e-06
317,0.1281977048498179,0.5656450017736487,0,-4.1917133827398403e-07
318,0.2340144453757079,0.10664350364495401,0,0.003343558522235118
319,0.20812533030976516,0.5239082110005424,0,-1.4128697735138278e-06
320,0.22410508348759978,0.18283654796531973,0,0.0001098346033992801
321,0.1868524257560622,0.45961424743185997,0,-2.172672083665708e-06
322,0.32879066840221927,0.44948468886558923,0,-9.644524751040128e-06
323,0.1018981382663806,0.24551104923601808,0,-7.811479185946145e-06
324,0.13002733977330272,0.48161461707416947,0,-9.890784116652484e-07
325,0.016008679736771912,0.189606472440317,0,-5.841151013533493e-06
326,0.09724340852544328,0.08380695868361702,0,1.8249108783152683e-05
327,0.01860736427084716,0.186069272796936,0,-6.203701490168525e-06
328,0.2239421830242588,0.45001498990286604,0,-3.4595417983208276e-06
329,0.26046367554979816,0.08292204594064323,2,0.009865868478085009
330,0.2194965395384176,0.29621664434406186,0,-1.3904460190316385e-05
331,0.28725834991176474,0.18961313587424417,0,0.0010742261554132482
332,0.11971968058201389,0.2670091693570332,0,-7.53800211563124e-06
333,0.28472156888590217,0.04209041622979579,4,0.017956946869355974
334,0.08417568867826047,0.13179737124575805,0,-1.5752061992705648e-05
335,0.33782642223459963,0.19547121718528068,0,0.003160120194736153
336,0.06139138725098638,0.2254971960262041,0,-6.407605587477671e-06
337,0.23609589516983848,0.47082555435769335,0,-3.1727005749799577e-06
338,0.09174550294194367,0.008423652013868854,0,0.0008280623611033177
339,0.001493612607888134,0.28251537114340397,0,-2.0059363000226354e-06
340,0.12207484183345811,0.4577089850659446,0,-1.1602598624465604e-06
341,0.30107483225280784,0.42184990194604527,0,-9.644607225395042e-06
342,0.18376022377147302,0.213629602543423,0,-1.4810207322866576e-05
343,0.3281955081582973,0.5490804885773042,0,-3.633623866233038e-06
344,0.05543765732882666,0.5414043426697527,0,-2.582841704063365e-07
345,0.17437801964880875,0.45159157173972464,0,-2.0786424075085244e-06
346,0.0825689447813196,0.34149584989726434,0,-2.4989613306696594e-06
347,0.13317708004253279,0.3089480734363883,0,-5.708057602977654e-06
348,0.20347118348256132,0.19926944084069564,0,3.162862700246606e-06
349,0.34256759335375353,0.3343285385412065,0,5.419864822550881e-06
350,0.057025883053413585,0.1298239157389484,0,-1.4278788200701877e-05
351,0.06061100382952381,0.3942239369097582,0,-1.1849558862656087e-06
352,0.04058449889073899,0.08523811375993147,0,-1.5744457664715757e-05
353,0.0846090815549201,0.20578633181677522,0,-9.651125623376022e-06
354,0.047216503994087035,0.4154159349856533,0,-8.386510046191524e-07
355,0.31080083823029536,0.3081470678749015,0,-1.0676653738621948e-07
356,0.149886937721323,0.15750639534904218,0,-6.77020970111949e-06
357,0.2511566915020128,0.20040111880263925,0,0.00017052373953579844
358,0.3425687436883257,0.5587512566572108,0,-3.80617209267688e-06
359,0.34448528260530775,0.09340163317077359,2,0.009092303981606483
360,0.12550585272265277,0.020036810665942338,0,0.0019745291994562107
361,0.28929926714097515,0.12409275825325539,1,0.006483216822892119
362,0.1522754547385161,0.5372675511467929,0,-7.07983591364474e-07
363,0.2557596385278347,0.4670471510125989,0,-4.005162305899333e-06
364,0.18127270877336568,0.035131726897439104,1,0.007334883973506299
365,0.09793585572767641,0.5997139869268688,0,-2.2039474879348603e-07
366,0.05651266842375878,0.2574436997174393,0,-4.455705004376391e-06
367,0.0965897475632784,0.49197899533625356,0,-6.38601682227347e-07
368,0.03123108546842142,0.09697201436536729,0,-1.4867426263507705e-05
369,0.16872088441439617,0.4183542946298819,0,-2.738100927416572e-06
370,0.1374338448847675,0.5054818043796129,0,-8.388860854971415e-07
371,0.05403978573468071,0.17341375992991495,0,-9.815917285717319e-06
372,0.012382276241641753,0.10661091579732049,0,-1.2220868252925487e-05
373,0.2662855806619251,0.06644143225902745,3,0.013204871286873322
374,0.04873182747444672,0.2924115045193891,0,-2.911148640080556e-06
375,0.2822825501208986,0.3186929624437234,0,-1.5640484041288174e-05
376,0.34856886321112807,0.5926540832881289,0,-2.8819594223268354e-06
377,0.3309354898051225,0.36181827735722794,0,-1.5264118008278955e-05
378,0.039469186991950275,0.4914303549344529,0,-3.62960518001193e-07
379,0.002728033292162124,0.11674785647948657,0,-1.0309809563848996e-05
380,0.1804036594690798,0.516000479504678,0,-1.1595826565238575e-06
381,0.18972924734914,0.384694530287886,0,-4.716757841991766e-06
382,0.20725201127135978,0.3689752934329083,0,-6.541581077415995e-06
383,0.21680024082293997,0.4961617243470472,0,-2.0328466375581027e-06
384,0.3045055133127302,0.15655547253895893,0,0.004226530594660301
385,0.30883337080340145,0.017220604619749034,4,0.02425530816993783
386,0.25709321303743443,0.2711350615349183,0,-1.0790594776949592e-05
387,0.1944291824460263,0.5650194951175502,0,-8.170572967246512e-07
388,0.18169752380748927,0.293521906124525,0,-1.0488345558260212e-05
389,0.13094000074952003,0.5005232319112841,0,-8.261890922011221e-07
390,0.24921289829725782,0.07815471694014893,2,0.009483752425831318
391,0.24674256449269913,0.1641945127870722,0,0.0006654371677075675
392,0.09886450264002175,0.536607433287613,0,-4.1810583369913745e-07
393,0.29478800462392885,0.27205662527842084,0,3.294393020642954e-05
394,0.3078166246217741,0.44482504608616147,0,-8.282831664852035e-06
395,0.20512909840118687,0.37867081894637356,0,-5.826367956276662e-06
396,0.3022956019806514,0.20723446760255465,0,0.0009470263944564352
397,0.25067308154539797,0.2549339298913085,0,-5.208286241172405e-06
398,0.2662695583229616,0.217884037902609,0,0.00014966839373986134
399,0.19255142683003718,0.4586074057696424,0,-2.322937684953024e-06
400,0.15847070154931195,0.5564746159989805,0,-6.215514596895985e-07
401,0.22213921880089413,0.07752858763081578,1,0.005860511402540593
402,0.29385212621017603,0.11972318990452506,1,0.007289244755265042
403,0.06458260952831636,0.35092590763978854,0,-1.9006576542756055e-06
404,0.06155935814445517,0.30441289987181736,0,-2.9347666845130048e-06
405,0.09156318750844243,0.16438766407747854,0,-1.4273522203203763e-05
406,0.24442990301139275,0.5566169100353427,0,-1.4635118163600552e-06
407,0.07830999872446139,0.4031277038806149,0,-1.2935783162425452e-06
408,0.15233610558964727,0.07493057048793263,0,0.0006126400010232432
409,0.1330045455705801,0.08947037977053263,0,0.00013267154831248825
410,0.14403788546578977,0.4477246683510556,0,-1.5962805908198285e-06
411,0.28562019613800604,0.42217621135700834,0,-8.323544918045148e-06
412,0.10235250358465732,0.35970603244147875,0,-2.5378050227410885e-06
413,0.21891183747276646,0.03518282869271026,3,0.015257540590862349
414,0.2172806365978778,0.16456932418097878,0,0.00019391407425560102
415,0.3176424212082996,0.26266815029809,0,0.00018982384741155183
416,0.13617224068088674,0.4926229048807488,0,-9.420439926956155e-07
417,0.05039380439749694,0.001638078860249803,0,0.00017861649449214874
418,0.2772363036250726,0.3033872667505334,0,-1.441982312692089e-05
419,0.17950236329285776,0.3133197100202652,0,-8.563563308325169e-06
420,0.22845471509343163,0.28940375078470076,0,-1.5216769347641483e-05
421,0.18712742306056174,0.0451440865799466,1,0.006288664797475987
422,0.3341076914870971,0.023223758293143604,4,0.021262233411082306
423,0.18545752603628982,0.5712966122216196,0,-7.016283426351317e-07
424,0.25129410695600707,0.3781792340937442,0,-9.125258009347174e-06
425,0.10431732044270538,0.10454896983937487,0,-5.978623557730061e-07
426,0.2093995560193879,0.42090051438634996,0,-4.000869439421685e-06
427,0.15914879016289274,0.12197261095843893,0,9.329856469466631e-05
428,0.02466733942296616,0.5953765808405302,0,-1.1071910180140927e-07
429,0.3477159558578098,0.04987703982844555,3,0.013854403348617204
430,0.055410200584462645,0.3167370633472832,0,-2.440662163938472e-06
431,0.3294168371265836,0.12035203677069463,1,0.007955803961258176
432,0.05117401246272266,0.17629277891102912,0,-9.310163763607723e-06
433,0.07103206004607127,0.23020639894614678,0,-6.7227720302640505e-06
434,0.0703832699379546,0.5559433468919279,0,-2.592897554396042e-07
435,0.1428691555070739,0.3906481704330488,0,-2.7905418824966212e-06
436,0.10471063267899264,0.4037834392519189,0,-1.6726530045745474e-06
437,0.22859756738863202,0.04237485832579393,3,0.014807533683588085
438,0.30852700971476527,0.28766417938706784,0,2.7926790144500688e-05
439,0.2830617366293653,0.5888669489622221,0,-1.5585847584792794e-06
440,0.09257955357481353,0.08671438808647582,0,6.383352312138068e-06
441,0.13331757408277053,0.5283652219677768,0,-6.404486919173647e-07
442,0.10945647174997454,0.5273460438954546,0,-5.098480155513038e-07
443,0.33980785177618505,0.21985752990366617,0,0.001835917705911558
444,0.03230279625204647,0.45664188250023774,0,-4.784684380866517e-07
445,0.19321304174394244,0.1798187780933174,0,1.6584661987933985e-05
446,0.2555335167846777,0.11318791094374187,1,0.004724760067395768
447,0.3223951862524843,0.10886357783579044,2,0.008840057703756976
448,0.2790141876597498,0.4856847035715358,0,-4.190843870050136e-06
449,0.097896046151641,0.5722582687723975,0,-2.899097264641128e-07
450,0.3166663931204886,0.49951981603177587,0,-5.300754113538953e-06
451,0.0467730323086716,0.17860073060732667,0,-8.744530776361939e-06
452,0.10338119315161827,0.08285250698794278,0,3.3739688294067985e-05
453,0.16973677409651286,0.4703496166507939,0,-1.6453648529348846e-06
454,0.1762323873224147,0.39477781527238326,0,-3.7325510827758494e-06
455,0.3486061200296042,0.3933679085251964,0,-1.593934337565246e-05
456,0.306958095925597,0.5877664644512263,0,-1.99963679811407e-06
457,0.24633990528500996,0.30309084186541435,0,-1.54803870892484e-05
458,0.28941635528029536,0.40324263705359176,0,-1.0277607411907528e-05
459,0.17265787601827554,0.2249284667331939,0,-1.5667294205048382e-05
460,0.205947741572772,0.3873093312465642,0,-5.394271122080821e-06
461,0.3411414018497335,0.26595151616028234,0,0.00042160442404430424
462,0.19308431827382103,0.3278968437692624,0,-8.480943351811146e-06
463,0.09929402887796362,0.21580800788395582,0,-1.0068773862464038e-05
464,0.08095394186974644,0.5576362350215319,0,-2.833235311944638e-07
465,0.20950686528806117,0.30814473159207756,0,-1.1753892171297026e-05
466,0.0015858209819890555,0.27438392975042947,0,-2.177734581729197e-06
467,0.2185542524034773,0.5391497473477822,0,-1.346239294849405e-06
468,0.2928445887772681,0.47584681899566467,0,-5.296435368804814e-06
469,0.24429225678013763,0.4432612011377555,0,-4.527697568835709e-06
470,0.1824672489019229,0.3838427791444459,0,-4.426823098755899e-06
471,0.07392332751801672,0.5266101147307672,0,-3.6018799618102956e-07
472,0.13665564704437866,0.17815811606495613,0,-1.5717601715359835e-05
473,0.18808026775348327,0.2590500773925911,0,-1.4429426952400092e-05
474,0.32751968560334693,0.43718597435158013,0,-1.065677988633166e-05
475,0.24630942705131542,0.2101600355019451,0,8.163523197579666e-05
476,0.2502210897351874,0.21600460674351105,0,7.292470075723091e-05
477,0.1252030779699479,0.509205887055082,0,-7.153191981167284e-07
478,0.056290586379962815,0.0035573078095940012,0,0.00021611165564012173
479,0.20484721559200292,0.5775848161399579,0,-7.995539080125331e-07
480,0.15496111624883102,0.0479696315490916,0,0.0019995814593502656
481,0.11364535146739195,0.22663864685429766,0,-1.039121594826823e-05
482,0.16545643317541495,0.16496390619280982,0,-3.5432558701774254e-07
483,0.05892959788042018,0.49002082192287627,0,-4.4709029686689034e-07
484,0.13866121798958506,0.4596061855885356,0,-1.343451927526741e-06
485,0.24330104004274059,0.5566625770402992,0,-1.4464657035038267e-06
486,0.2122437754619842,0.28440642346444217,0,-1.432266266044273e-05
487,0.20733275700924592,0.26301789226897054,0,-1.5527622236010708e-05
488,0.25048816721541506,0.5931650175226866,0,-1.078904155663718e-06
489,0.2037337051174536,0.49149057118736866,0,-1.8697633972989859e-06
490,0.023084921116410594,0.345977041438964,0,-1.3196121011050408e-06
491,0.23232063118612675,0.5721249097765966,0,-1.1107406646206127e-06
492,0.0201765552121073,0.48980103234613204,0,-3.04258105437661e-07
493,0.041353681996447025,0.22459370732842923,0,-5.3100125856490155e-06
494,0.29962421048077376,0.5008794637408909,0,-4.419994788360642e-06
495,0.04922088848745862,0.19087075950297752,0,-7.96567801973484e-06
496,0.23455352536743726,0.4493716729276138,0,-3.868861677380621e-06
497,0.3317478188237418,0.27078935810903987,0,0.00024125163684632326
498,0.05561912654266085,0.040604062234231054,0,2.174870223307786e-05
499,0.053381328817468404,0.5194815393618061,0,-3.1505438236954747e-07
500,0.11121980992173247,0.4753877663977353,0,-8.724131100247102e-07
501,0.2519309504918183,0.0234419445667954,4,0.022495242385651423
502,0.11831394979764501,0.15129217433836553,0,-1.5122209640893844e-05
503,0.2834733778620134,0.34650498571326904,0,-1.5074527411594775e-05
504,0.10754002852890734,0.3783625339753733,0,-2.218178670820727e-06
505,0.32750291572979034,0.5151859822935255,0,-5.052213992359553e-06
506,0.3390113892470327,0.32644198331078494,0,1.144229720561993e-05
507,0.027913786239875043,0.2276213479031532,0,-4.5117315476338455e-06
508,0.011556778837925817,0.5983111688959492,0,-9.43192794138247e-08
509,0.2990799320371107,0.33592043251926496,0,-1.5693213199285588e-05
510,0.3383223746575598,0.4355107041265476,0,-1.1865810903521134e-05
511,0.1797934498709538,0.2590136899047845,0,-1.367274419394442e-05
512,0.17796187938269128,0.4858794830145423,0,-1.5292874801455656e-06
513,0.29007108814685634,0.4117315618245863,0,-9.569055428069333e-06
514,0.1597902246870291,0.36124406705452544,0,-4.425336558703382e-06
515,0.2554703739657338,0.5182735347618501,0,-2.3964779927076563e-06
516,0.17728325202605721,0.5852751406891002,0,-5.623048903399662e-07
517,0.22021250168238427,0.09610393535769825,0,0.003152319110989267
518,0.14634940987235953,0.06821934113258785,0,0.0006353567636551917
519,0.2530918473315485,0.38776618325020823,0,-8.480474439225315e-06
520,0.2727039582210844,0.5420302410094213,0,-2.2444602919199116e-06
521,0.010712543875204976,0.002195284162738198,0,1.0546294716502715e-05
522,0.15351660787689536,0.045789749714643044,0,0.0020619816770731394
523,0.2908298122361369,0.22955660797799607,0,0.0002603290325650179
524,0.1931221401057219,0.27406710379658733,0,-1.3505115208526067e-05
525,0.16165375931965784,0.12334661396397503,0,9.902321687697161e-05
526,0.15475039286567888,0.5482864165518088,0,-6.499867557029588e-07
527,0.32635541348482433,0.21193920759981796,0,0.001648109519618734
528,0.1558721661074703,0.4868039666955864,0,-1.2154557996844603e-06
529,0.2312319059400283,0.14352980519893915,0,0.0008348180702594505
530,0.32230860510215986,0.26714409244640835,0,0.00019012942192370944
531,0.20494590223630682,0.2564699297643705,0,-1.570401925166857e-05
532,0.22802564802967684,0.5606905210300259,0,-1.193012095846846e-06
533,0.01963954212657607,0.4614758669334694,0,-4.0172165058405116e-07
534,0.02671747528076297,0.24585721825296403,0,-3.719093811345637e-06
535,0.3405552859030429,0.46218968525819104,0,-9.558163133434887e-06
536,0.14927841102186032,0.5387571992185178,0,-6.769560939039187e-07
537,0.06690957167698518,0.3753683406825287,0,-1.5236524505528192e-06
538,0.25352537134841807,0.13634431642703823,0,0.002268800769351448
539,0.05245229145968805,0.42935287072959655,0,-7.687190325010714e-07
540,0.2685729612912997,0.5101134247444314,0,-2.9621413570564132e-06
541,0.2898240448660863,0.37940066098961206,0,-1.2636282740214161e-05
542,0.12893738444236974,0.4086147083377398,0,-2.02968147352365e-06
543,0.13777968985461225,0.26754458429142486,0,-8.903668537890341e-06
544,0.11768442565958219,0.09673924972306215,0,3.453110830957002e-05
545,0.030807542173807916,0.09825555139633539,0,-1.4733567771175115e-05
546,0.21002159514778454,0.1164941221985029,0,0.0010838587947241596
547,0.2253497193542379,0.02911267412713192,4,0.01823872428541736
548,0.07546450718495437,0.1832195251444098,0,-1.0891117048894353e-05
549,0.20688576500096242,0.06643906575418997,1,0.0055390660252700435
550,0.3059163305815486,0.5496235665636137,0,-2.896137161356845e-06
551,0.04416169134722925,0.3829216461600935,0,-1.1257433855816052e-06
552,0.2682756855533952,0.21603646432938764,0,0.00017909955609299454
553,0.11301612021390664,0.19844740770590646,0,-1.307906108048072e-05
554,0.12577322512107356,0.3348526836832541,0,-4.104935900967776e-06
555,0.2243027382589319,0.4247735772938356,0,-4.4627788167643796e-06
556,0.15075270972138208,0.38655681138732173,0,-3.144257948459037e-06
557,0.3253341691242067,0.47571459868062016,0,-7.281915699036561e-06
558,0.25333439964589677,0.2836134804636817,0,-1.500383681698735e-05
559,0.18420200091770741,0.3270898883047195,0,-7.854226652485727e-06
560,0.2901936211757091,0.16644593378155684,0,0.0024527072483456567
561,0.22645013825232255,0.3243503796718872,0,-1.182307922031918e-05
562,0.26253806509715005,0.47513764427139255,0,-3.952597384708877e-06
563,0.14134599701460804,0.018581509821358488,0,0.0037245469577320608
564,0.25934602865137246,0.15019427954188824,0,0.0017111221286127934
565,0.022658745952837137,0.14077412029221428,0,-9.932819334264591e-06
566,0.17109907109031208,0.09289455009681495,0,0.0006207806429342408
567,0.13653326380887656,0.5869226431267636,0,-3.682438778575847e-07
568,0.03920715836702491,0.5836561070715055,0,-1.4394560798497154e-07
569,0.10402735236560912,0.3745759873517453,0,-2.224374107751527e-06
570,0.030232196080517453,0.5488122758800215,0,-1.864604196591326e-07
571,0.2814404231341877,0.17163910038920369,0,0.001644059407942837
572,0.24397485049988313,0.19635034032276524,0,0.00014798727433939458
573,0.09434629994222773,0.4446822564503752,0,-1.0020535074431159e-06
574,0.22474250186833492,0.03228559710387202,3,0.017148655929666475
575,0.04420562004502906,0.01383958641302081,0,6.669594837303853e-05
576,0.11252082085801729,0.2462254398613271,0,-8.583097770421778e-06
577,0.19739491399920125,0.04011745828917144,2,0.00941659189563279
578,0.19295404818587678,0.48575855630768405,0,-1.7781558202692447e-06
579,0.01575338817707772,0.36872219569767395,0,-9.769589613816229e-07
580,0.09837843221289791,0.21685088896159982,0,-9.89117002867255e-06
581,0.2340592552436826,0.35739805291602594,0,-9.434734003531834e-06
582,0.11600383202123325,0.1508245868568332,0,-1.5307842213470284e-05
583,0.18710056903782088,0.3624626850404974,0,-5.72514809749235e-06
584,0.2275748292548467,0.45014112552282065,0,-3.5822328069042746e-06
585,0.26041645659328505,0.5314050470117906,0,-2.208125187619807e-06
586,0.1335130628490018,0.020866458339020875,0,0.002579372657892686
587,0.1404017084742392,0.3852418562425151,0,-2.8737255773989737e-06
588,0.3294036754349567,0.4797484471608052,0,-7.283558679571866e-06
589,0.287419212771426,0.10723296400516448,1,0.008381442789787589
590,0.2518085963250248,0.08025163794230061,2,0.009406014304510721
591,0.32915322062645863,0.2701915647633327,0,0.00022235168065355798
592,0.029517718392300562,0.4247044929436073,0,-6.404281408456571e-07
593,0.29998513106118746,0.019843726509208227,4,0.02353696000104314
594,0.27263452184235815,0.3064452400176779,0,-1.542886939640607e-05
595,0.1981541408574787,0.1952924649410241,0,1.7381498347902782e-06
596,0.23695797209929284,0.5328620635316731,0,-1.7224142067830867e-06
597,0.2250836213762434,0.42670695476032994,0,-4.41194250183559e-06
598,0.10300189493120812,0.17367218539811233,0,-1.4460943513798753e-05
599,0.3340149715379645,0.46060511252446645,0,-9.130418032891452e-06
600,0.26522050135647085,0.2658503288877406,0,-2.476741885491004e-06
601,0.18397415319608196,0.3563538839225285,0,-5.895956261612793e-06
602,0.34711079088997615,0.4192872016049504,0,-1.4310607704880555e-05
603,0.2794706742828567,0.09026718625388674,2,0.01016156136720225
604,0.1788275860170361,0.26380574482326946,0,-1.3113712560724114e-05
605,0.13659105414162107,0.22418555289599817,0,-1.2862280255557891e-05
606,0.1450236179900558,0.12027244320359144,0,4.450977870058472e-05
607,0.20419414848308257,0.4439686247773274,0,-3.0190807178686245e-06
608,0.17102588752707132,0.02736192887249964,1,0.0070671498768545265
609,0.23739044186399283,0.5637376828810815,0,-1.270545663780432e-06
610,0.08493279309037648,0.2179542865974282,0,-8.642289566183178e-06
611,0.23372015124066572,0.22017924681840817,0,1.592242640114833e-05
612,0.278385042684078,0.4103328130025312,0,-8.696227545108304e-06
613,0.03768567318529397,0.311586224977997,0,-2.1530278175283685e-06
614,0.004523943766678578,0.17225804745479442,0,-6.188085190061665e-06
615,0.0820188614337799,0.32454539608834865,0,-2.943536615055096e-06
616,0.0013066443315737973,0.12248080387642285,0,-9.660760540529865e-06
617,0.11717285072559307,0.47722010374186297,0,-9.090303904814776e-07
618,0.21059977044453326,0.09831934025743445,0,0.0021625522396833286
619,0.2856389491274404,0.039995794280632956,4,0.018387621572923726
620,0.11792642896641974,0.2628945325043914,0,-7.708504895886062e-06
621,0.32391096507064965,0.34502900552093324,0,-1.3500527420223299e-05
622,0.0058405738493763956,0.4136053733771839,0,-5.648795990407392e-07
623,0.022830526368761653,0.29222543473247636,0,-2.2525484403838525e-06
624,0.0035861743399742793,0.5808722222315168,0,-1.0369447399977605e-07
625,0.31041947513428086,0.40830396116329615,0,-1.1804421864357062e-05
626,0.1434764948699743,0.13291295300016073,0,1.2668992931988963e-05
627,0.279278450672864,0.20798113491155992,0,0.00040304891107968303
628,0.33862736331979804,0.4367655376718325,0,-1.1771659061434924e-05
629,0.24620048127201766,0.2714700261255832,0,-1.4157687663990138e-05
630,0.21353711447888654,0.3164934269986934,0,-1.1329690369660715e-05
631,0.05189683678616769,0.5127681604209624,0,-3.319719669030849e-07
632,0.27457628787184596,0.4862007172008345,0,-3.989932418449227e-06
633,0.23265030122463637,0.37944173715607044,0,-7.5570013198504304e-06
634,0.3070269625413766,0.21868058092516013,0,0.0007378864120167428
635,0.2804937034016578,0.49988625944945503,0,-3.6926343120681594e-06
636,0.23225154740354342,0.4838562032687034,0,-2.681331072634877e-06
637,0.27544621024440247,0.478265059233171,0,-4.354655090292608e-06
638,0.016591444699213434,0.1657275224301142,0,-7.415430721412677e-06
639,0.11419810866913431,0.5091737479131648,0,-6.410901854565068e-07
640,0.10351631520940416,0.559368713736646,0,-3.4883008134448683e-07
641,0.15256024273803276,0.23513038029560807,0,-1.335337452474673e-05
642,0.0975915470928811,0.48185986946019255,0,-7.137046503189852e-07
643,0.21095835050423392,0.015634788141581833,4,0.020433087694994988
644,0.30879324122879775,0.27546971796318787,0,6.452830572257893e-05
645,0.13484838851435024,0.3519110449101543,0,-3.790933800409355e-06
646,0.07477010326376202,0.21992963466336887,0,-7.699447662153253e-06
647,0.23093481691107437,0.35104396461448834,0,-9.720370682122216e-06
648,0.07657565354022697,0.4304973749718129,0,-9.669948100961597e-07
649,0.060285785167313796,0.14784103617066682,0,-1.2876698475928072e-05
650,0.14360538637921794,0.11113920632684161,0,7.228096613462608e-05
651,0.32998536774530546,0.5066285168172786,0,-5.633297947532948e-06
652,0.09810740935230539,0.178718905991894,0,-1.3549865445412375e-05
653,0.0955538249651767,0.5402169563819043,0,-3.901689835206467e-07
654,0.11223086311791308,0.4048798375170785,0,-1.7833722134377547e-06
655,0.22280116084436702,0.20314894861151006,0,2.8489637528382534e-05
656,0.20607529645414802,0.11086428847580444,0,0.0011640995534195414
657,0.01863947535051732,0.34368079863111384,0,-1.2916213604431247e-06
658,0.08025606672349209,0.30185778977592953,0,-3.6265188554925914e-06
659,0.2923274353462249,0.29544805832891,0,-4.812710966009071e-06
660,0.2476935332222791,0.13046295382710166,0,0.002312936543175273
661,0.2926776486994251,0.2805951377050006,0,1.2016362253544922e-05
662,0.0829943955805619,0.33178727184280116,0,-2.765040879411287e-06
663,0.3298120557637894,0.13656162910414385,1,0.00692395320668012
664,0.06611305201164552,0.04701343244564486,0,3.073371748311198e-05
665,0.31484373889823575,0.1532290277654541,1,0.005164319879775099
666,0.07100811595135771,0.17189903250648428,0,-1.1556423624237752e-05
667,0.16748945310124305,0.0041246638042736535,3,0.01313265985626503
668,0.23579493121458509,0.3684031386340291,0,-8.651312878218541e-06
669,0.18073592323136325,0.14837195738901604,0,6.994832723348986e-05
670,0.23823548240506912,0.12489708199879003,0,0.0020877303573197193
671,0.21026888112282316,0.15184979321053443,0,0.0002537607971670214
672,0.07821711039667513,0.3129608740606981,0,-3.1813590558114236e-06
673,0.20059218002296944,0.09553703746959748,0,0.0017031112383801732
674,0.06002838028675949,0.15804882008374854,0,-1.1840125555309759e-05
675,0.2114447244152356,0.34831987720784907,0,-8.313324846556726e-06
676,0.07381912830904117,0.2671810392862372,0,-4.801961644168505e-06
677,0.21703082980285562,0.5213040990738945,0,-1.5848514136438417e-06
678,0.3282264657283286,0.5961845586159722,0,-2.272238690929063e-06
679,0.2325112457589054,0.2860805926629598,0,-1.563475382113402e-05
680,0.13786036103295515,0.5502696355655222,0,-5.383446387395766e-07
681,0.20194856126544272,0.5013263769873021,0,-1.6648114744209043e-06
682,0.225655060975403,0.4650448455921685,0,-3.0293194538083076e-06
683,0.3112131450527862,0.031235144399650958,4,0.019672756079055744
684,0.1828688862032976,0.35778112831286824,0,-5.751055299262445e-06
685,0.011435762308299412,0.48125267306679165,0,-3.0370113414750876e-07
686,0.11205180295796746,0.4217632073977375,0,-1.5037417105861834e-06
687,0.3143618021929355,0.5819933544137106,0,-2.2804677535224773e-06
688,0.34859122804088005,0.22324324927592956,0,0.002041328933742068
689,0.3089495889685202,0.30809486665641267,0,-1.7669641002409387e-06
690,0.23666841046026058,0.09812995185397629,1,0.0046265938723648505
691,0.22564782127292402,0.361508146295099,0,-8.39113416560271e-06
692,0.296600016900166,0.10843767857167615,1,0.008679112152143842
693,0.011696748043342791,0.12176481882629384,0,-1.0678878205743764e-05
694,0.28165474757150344,0.30023167486098096,0,-1.2582463948658772e-05
695,0.08197437579359154,0.2984930548165192,0,-3.814706232211159e-06
696,0.16240068200844396,0.35707528128334054,0,-4.7329349816813344e-06
697,0.30741055588451777,0.14515684106624935,1,0.005474089358785441
698,0.11728404772775426,0.30490228541630754,0,-5.079547655440996e-06
699,0.30445166404505813,0.3259162381352522,0,-1.3501833132557038e-05
700,0.31017443681754825,0.021285735605970756,4,0.022746881347476235
701,0.15666182856492886,0.19038794133425888,0,-1.5243364781143295e-05
702,0.1325293768547891,0.47724216226010346,0,-1.0594115562846742e-06
703,0.06478776261449559,0.4687837201862627,0,-5.861834374737458e-07
704,0.12656324296103247,0.5842437673862112,0,-3.4240126212845056e-07
705,0.022129825566389094,0.3960795524097421,0,-7.920149512943249e-07
706,0.03806055619102448,0.3654865032853187,0,-1.2609158793557786e-06
707,0.25824509745216156,0.1130513468451127,1,0.005021184113428699
708,0.33456360032434607,0.1403098851112066,1,0.00670721517469173
709,0.243925817690741,0.0004404069771130281,4,0.03092234903560219
710,0.2655530142068513,0.003354469592783582,4,0.03043154488323594
711,0.24171022614875567,0.28875726765469134,0,-1.5827705838571703e-05
712,0.07952226383074604,0.42250076674648757,0,-1.0787665472210905e-06
713,0.06083071256179982,0.31775172667682255,0,-2.5502761713370565e-06
714,0.1712259157318216,0.2193284327013878,0,-1.577501395016899e-05
715,0.30282095582705004,0.3567822996658145,0,-1.564357661096335e-05
716,0.28023490073070767,0.010012122130104805,4,0.027599572101053734
717,0.16692356628518212,0.5270913282015697,0,-9.072247216317514e-07
718,0.31646731347934715,0.5905467107559776,0,-2.1381443245640966e-06
719,0.04284784398411059,0.24099850329137346,0,-4.581160376598924e-06
720,0.07373184079193906,0.09409118596154147,0,-1.2495221420058732e-05
721,0.1924810443719405,0.4318737896702917,0,-3.0313157600970133e-06
722,0.3213312384612016,0.053630574504154406,3,0.014506118193031397
723,0.25946448665201355,0.26696275058615754,0,-7.452107565979917e-06
724,0.1891135067049782,0.4377952074092519,0,-2.763163313861149e-06
725,0.16619905311851435,0.0026531755961438862,3,0.013295088086189899
726,0.21025967774924448,0.3275064739751207,0,-9.982352084345469e-06
727,0.06952342569551202,0.09840776927323132,0,-1.4507715017241377e-05
728,0.2810774500828443,0.3533852807761957,0,-1.4304254461285438e-05
729,0.13828314547944798,0.48728414528538244,0,-1.0148581422751388e-06
730,0.22691159693898563,0.3283227604960292,0,-1.1477620628613289e-05
731,0.2237345943949732,0.264238827853242,0,-1.575648626764509e-05
732,0.3353694531121749,0.5366442234734919,0,-4.414778201834097e-06
733,0.11364852186285701,0.3082073161591615,0,-4.742464414314689e-06
734,0.20695263497998098,0.19384910669721228,0,1.5781372718015377e-05
735,0.08029919946248995,0.4159503194604579,0,-1.1607555288381702e-06
736,0.3332859522601638,0.5452398874667376,0,-3.970692926331399e-06
737,0.31457288463182675,0.000987187435299619,4,0.031874109594974886
738,0.20503084134347893,0.3396308017837663,0,-8.49586786564989e-06
739,0.3192893347115124,0.2105312833436929,0,0.0014216753618316595
740,0.2992632442780992,0.1555950306103961,0,0.003950462731395355
741,0.07881608392275738,0.5146015797444228,0,-4.264826512148684e-07
742,0.2434085281643525,0.14108459735425646,0,0.0014042660405153007
743,0.09001038149973342,0.27201417650987253,0,-5.371653993088852e-06
744,0.3144202273889141,0.3150514499098908,0,-3.1321810214099e-06
745,0.011689837104825268,0.42577618633623915,0,-5.302444457826192e-07
746,0.11501517091009585,0.2517818052935824,0,-8.337343166523708e-06
747,0.03197461849114625,0.2289689093662297,0,-4.63461901039917e-06
748,0.13869337082953057,0.1438685303116525,0,-5.010108662555213e-06
749,0.12217067637916754,0.5317642698193611,0,-5.538455797752675e-07
750,0.3067921023092317,0.18490320784809677,0,0.00218860690743874
751,0.2668167767414895,0.38433487141894873,0,-9.945081996649439e-06
752,0.23186177758411938,0.32845600822986276,0,-1.195110992725467e-05
753,0.16993952925398323,0.48342787122748343,0,-1.4466628562499048e-06
754,0.21462834170022743,0.15044265218183903,0,0.0003259658394993593
755,0.16105921567975068,0.1886438636148081,0,-1.4400663554156425e-05
756,0.17279139809348767,0.07549965005843395,0,0.0013343089305365994
757,0.21716154175212635,0.10877154911218061,0,0.001853561876171209
758,0.2040822664265913,0.5642579543392952,0,-9.065630323875269e-07
759,0.18005199874653607,0.4447938073612546,0,-2.354190041926188e-06
760,0.20085028542703084,0.31638000996837223,0,-1.0141010470757563e-05
761,0.18077736905788644,0.17416782230532987,0,6.417939001762598e-06
762,0.21322793994720576,0.22214114658768863,0,-7.950224973230192e-06
763,0.11226607458899089,0.4582161773870912,0,-1.0467061319890293e-06
764,0.2484126371289209,0.12612710341273511,0,0.0027144461902481667
765,0.0724393176396802,0.09611410937706989,0,-1.3428363814309493e-05
766,0.12514314410502286,0.5096564623110155,0,-7.116776980215826e-07
767,0.20710250909241365,0.5272607446351079,0,-1.3524349881866624e-06
768,0.2617984575071771,0.3585887923253033,0,-1.192488247707425e-05
769,0.34537685273121155,0.2124580964762199,0,0.0024813404329354044
770,0.24259526416384272,0.03131900621709858,4,0.01958829901453602
771,0.1507989175995688,0.2542535646917436,0,-1.129361570338229e-05
772,0.13346523860654527,0.4207816138506975,0,-1.8803692684706858e-06
773,0.30922988083463865,0.5992390964911091,0,-1.8239351958064466e-06
774,0.3107473730290357,0.36968639776587425,0,-1.536405489015627e-05
775,0.07045638623703473,0.18789456718374875,0,-9.988623249912754e-06
776,0.305447224969243,0.15106279339667492,1,0.004794335614265403
777,0.33386377213587026,0.026747385680409574,4,0.020100870432858027
778,0.06313624529353132,0.2572140387029966,0,-4.768718057911326e-06
779,0.2975681858058114,0.42972470085019704,0,-8.674723030973892e-06
780,0.269781680047681,0.3024103656996319,0,-1.5311092179703916e-05
781,0.21740221168522086,0.2713271011613359,0,-1.5614226141750535e-05
782,0.08066597317810796,0.009062557004791038,0,0.0005045475681473464
783,0.029071679379921705,0.38325231196973786,0,-9.650520042328858e-07
784,0.11182015732465174,0.5951332241429792,0,-2.6503910009562236e-07
785,0.189445980796309,0.2374861654800159,0,-1.5784290596431856e-05
786,0.26433074405160956,0.32420961791703334,0,-1.529346942297456e-05
787,0.05014321051147914,0.51986848822916,0,-3.0384975781896395e-07
788,0.08942382120778036,0.3629658699953153,0,-2.159296428544356e-06
789,0.2524123202073505,0.3663779677424666,0,-1.027378506910697e-05
790,0.1669285232385345,0.09142456960652263,0,0.0005570786526584202
791,0.286018057148927,0.11277544286856168,1,0.007606202591170196
792,0.045777711548115274,0.21748385835118983,0,-5.948722523364411e-06
793,0.32904015892335053,0.14958491062861293,1,0.006026689992990593
794,0.012421270413015745,0.5714994581961159,0,-1.2439152085237473e-07
795,0.15197490081290602,0.3163744319984608,0,-6.379905502365462e-06
796,0.08414169972152002,0.41887003076322604,0,-1.1714539696570815e-06
797,0.2361745482008222,0.3977052483663944,0,-6.549543556355622e-06
798,0.19214740366527464,0.09094566623580433,0,0.0014993607573107928
799,0.10031536036862027,0.2680966271144263,0,-6.177585821975123e-06
800,0.07730556098783023,0.04671769300261179,0,6.690297552191419e-05
801,0.12060907287784398,0.2349531939712003,0,-1.0264808739846133e-05
802,0.04701093475216042,0.2890359141685264,0,-2.959682023539094e-06
803,0.21689356574304974,0.480785027006881,0,-2.372546512585543e-06
804,0.19014040404324165,0.5153920937210535,0,-1.2857038623885866e-06
805,0.34286005089584626,0.4173069672552834,0,-1.4101883349048593e-05
806,0.2774759950438348,0.4527294523426689,0,-5.719158979597926e-06
807,0.2507828754985239,0.5825213465737953,0,-1.2035577952523848e-06
808,0.31076024209448105,0.040205331540590646,4,0.017511111114006262
809,0.163509650416538,0.289323204586126,0,-9.234138016806436e-06
810,0.20683692940264728,0.5350788381185725,0,-1.2474536890270097e-06
811,0.34336519954906897,0.15987253974955418,1,0.005634465710528756
812,0.23228435003007716,0.2820720576970028,0,-1.5768237847466605e-05
813,0.32615288434109313,0.38816280054847213,0,-1.5154898810691276e-05
814,0.2775803264211237,0.5212574504420705,0,-2.899049078880503e-06
815,0.24816328900641396,0.5305181753987032,0,-1.9716542667574686e-06
816,0.026645224143771937,0.05314733856568201,0,-1.4034828436194348e-05
817,0.23133977831067987,0.10663047441953184,0,0.003101148397261913
818,0.3285129350628682,0.5862908710139748,0,-2.515291541228378e-06
819,0.2455948375429796,0.19765535801700895,0,0.0001499965490047185
820,0.18363980205829206,0.43718359040804555,0,-2.632537047437482e-06
821,0.18923596669813444,0.35605314118642406,0,-6.226059373040955e-06
822,0.26257015001364736,0.30853578377995045,0,-1.585330160820771e-05
823,0.00994445325481964,0.13983766880331755,0,-8.908572682468913e-06
824,0.17792003206934556,0.5970462475618429,0,-5.030571610275075e-07
825,0.11139416789220269,0.35764465931488343,0,-2.8349070300853623e-06
826,0.2604010101220422,0.18456479915966187,0,0.0004988329758137104
827,0.018055468591194595,0.32102120163264286,0,-1.6105962284684157e-06
828,0.06679216953997187,0.4739084035901173,0,-5.681617930391822e-07
829,0.30321019090018686,0.11522802937412835,1,0.008195805804825061
830,0.3029613240171588,0.36931257434935083,0,-1.4816461326972115e-05
831,0.27757268982065664,0.2120612510305567,0,0.0003179444804190212
832,0.34644142373579095,0.03540408708210358,3,0.017079817120124987
833,0.21819913566413326,0.374592022171454,0,-6.888636463918656e-06
834,0.058517174576392265,0.06474043471662962,0,-5.436739422204571e-06
835,0.31032243096845613,0.2276749259435339,0,0.0005941913955759924
836,0.2627381916222109,0.030976441095638973,4,0.020645921945078284
837,0.25566858870231823,0.18944048581553571,0,0.0003380107847408864
838,0.3247232502097732,0.22465031347026937,0,0.0010605128232578863
839,0.27037906625090996,0.41396164668567437,0,-7.786490543658431e-06
840,0.20477411579846538,0.09820721474065061,0,0.001784510807290345
841,0.020947554716903044,0.041178059157259535,0,-1.239822629555434e-05
842,0.2703909748809617,0.2897010861140379,0,-1.2755989480804901e-05
843,0.33214726975813325,0.42006338713632563,0,-1.2791874457527105e-05
844,0.30519396257835996,0.17765255456607756,0,0.0025741573089880882
845,0.16639381822810537,0.3995699802353065,0,-3.2268267796712236e-06
846,0.22281389621312778,0.5812378828118666,0,-9.222571713348157e-07
847,0.04279412814663719,0.23632695852409935,0,-4.795801282737742e-06
848,0.13809473534615666,0.05319660259496763,0,0.0008490612179988941
849,0.14569840662825076,0.5808919008333175,0,-4.2861381522776054e-07
850,0.27155888095612724,0.23900867839218265,0,6.46387615383654e-05
851,0.2450833813447337,0.5722453403971606,0,-1.2600429347395768e-06
852,0.202969556367147,0.4982647564410487,0,-1.7341098205718634e-06
853,0.03933668284807917,0.30410590692478673,0,-2.35863439114668e-06
854,0.2879493287097156,0.18234618310838752,0,0.0014062739787545223
855,0.3367287124949103,0.21408236711515707,0,0.001996232360411966
856,0.01807657042503225,0.3952779819590183,0,-7.667100395006131e-07
857,0.05950457709894745,0.45773719411208397,0,-6.209987902113386e-07
858,0.10392292668457355,0.3080177230642046,0,-4.3149450983228024e-06
859,0.149148776308693,0.597786795221977,0,-3.7467882147660106e-07
860,0.028691744847560378,0.5632167337077311,0,-1.5898173192821845e-07
861,0.17956169860109014,0.5229450134314855,0,-1.0727541936160927e-06
862,0.1997884451005337,0.2585249485749124,0,-1.535545600832761e-05
863,0.3460117419912853,0.03153645825753495,4,0.018159037755451447
864,0.25868155577749036,0.3368352789445453,0,-1.3763554599800604e-05
865,0.2941253678244229,0.4321905668498606,0,-8.203047693096357e-06
866,0.14586678742454404,0.17807471658216725,0,-1.5063299928747975e-05
867,0.2696741405434815,0.30307340127495086,0,-1.5385920071804517e-05
868,0.324191828216654,0.37445998984188483,0,-1.5805747001331233e-05
869,0.24226396075839232,0.5979183502221018,0,-9.477909414404646e-07
870,0.19424609743675905,0.003722408117417597,4,0.02147000378800405
871,0.17565872370356728,0.11794296453595965,0,0.0002541491948459597
872,0.0161996983086559,0.1027182721826564,0,-1.2983921356286815e-05
873,0.09055253342294041,0.28563400089311664,0,-4.719666327891187e-06
874,0.053623784175355516,0.3240029697938318,0,-2.229693122709859e-06
875,0.05449634314761918,0.4826540508653688,0,-4.604242302115842e-07
876,0.27039367885829135,0.5321215559913146,0,-2.4215195612781454e-06
877,0.3170415998112526,0.5606840018675118,0,-2.8971767931794714e-06
878,0.2612801287006971,0.5118944464930901,0,-2.7062068361980272e-06
879,0.2385141204388447,0.26314473364586227,0,-1.400242208751473e-05
880,0.21848501624983538,0.5878395250640851,0,-8.268529564106623e-07
881,0.10160304632093355,0.07047162777651747,0,6.840148666402796e-05
882,0.060572750342732455,0.5055024623992707,0,-3.8930356001816025e-07
883,0.07146125240454798,0.045360885404556336,0,5.0625441065608337e-05
884,0.33191174902873155,0.37587167440752683,0,-1.592440808897128e-05
885,0.2883199299947932,0.5786013040347933,0,-1.8198891217872152e-06
886,0.2690284402452486,0.49068942555317113,0,-3.6111958895566125e-06
887,0.15118347402372698,0.13195984237602237,0,2.951437326178083e-05
888,0.1875395647656062,0.20037476039490731,0,-9.877791823798714e-06
889,0.15778246118901101,0.5541042672983149,0,-6.321008323389162e-07
890,0.14581276583405722,0.5063620151645383,0,-9.040824017310252e-07
891,0.3261519539494699,0.5835223072851343,0,-2.525701309398861e-06
892,0.026308186276843268,0.31085873328145486,0,-1.9359166117817947e-06
893,0.2893481296530127,0.00824333089770688,4,0.028316319620700647
894,0.3028936359456647,0.03876589293680499,4,0.018139225047370467
895,0.23456049360381528,0.5751301794285428,0,-1.1022253630296735e-06
896,0.059739897587179396,0.09691043554234464,0,-1.546333786744781e-05
897,0.14096574653316638,0.35188047627285457,0,-4.029643951340483e-06
898,0.2832126841742198,0.399428227064543,0,-1.0059527332159504e-05
899,0.21274051496025062,0.4251451482782154,0,-3.964787430423711e-06
900,0.0471441888788964,0.022597095160254297,0,4.6008556824961666e-05
901,0.03489953166317777,0.07504066534549936,0,-1.562491350703009e-05
902,0.2546805644434256,0.36226943750674756,0,-1.0873251022157176e-05
903,0.21150462897433447,0.036180838914720834,3,0.013509814542856569
904,0.19894864595183434,0.492866005492627,0,-1.7582892189334962e-06
905,0.25082319913248874,0.5298154451541638,0,-2.0388970336095624e-06
906,0.27245634919657047,0.09923462704675846,1,0.008381119220848667
907,0.3386520629518178,0.23616735864272106,0,0.0011028742532830915
908,0.2165959204617376,0.2179372582246219,0,-2.541892835822482e-06
909,0.11101557550903944,0.06609988049964917,0,0.00014407594242663255
910,0.1206516660587911,0.5476015204095159,0,-4.6561381205540417e-07
911,0.04208504872950521,0.2419102063773647,0,-4.505709911886496e-06
912,0.27867638937570954,0.1511939182668727,0,0.0028501609213569604
913,0.07936365056279254,0.5570280067046703,0,-2.805604637109568e-07
914,0.059529470957311634,0.2615415503081205,0,-4.407961291075603e-06
915,0.3263283479711462,0.0827286619923446,2,0.010755400061444686
916,0.2951584460373172,0.44955827400425163,0,-7.0097831702670686e-06
917,0.30919420371125145,0.5573514562773003,0,-2.770144015190748e-06
918,0.14983157789145893,0.46505432275020325,0,-1.4222847722597352e-06
919,0.2701383991556611,0.24616894824132785,0,3.7287058390986074e-05
920,0.200925611667713,0.5898240600544887,0,-6.803078730007674e-07
921,0.008168597066189286,0.09760288430066322,0,-1.2696748985564979e-05
922,0.13779389304526302,0.12598022460852448,0,1.4815279816776415e-05
923,0.22381142736854973,0.3034702948119773,0,-1.3624555956224305e-05
924,0.0860837555648873,0.4953766485705269,0,-5.55791297769279e-07
925,0.03234016409846627,0.26424801324644165,0,-3.2745466135699724e-06
926,0.011787300770637986,0.17226505038749268,0,-6.642684883781992e-06
927,0.2731717413332446,0.4010956728116396,0,-9.032267755024666e-06
928,0.19046948394866825,0.07934736588662317,0,0.002174824790096501
929,0.18036001765869866,0.04358918275286176,1,0.005453479414473856
930,0.2809917854849677,0.5028735448816172,0,-3.602203235691118e-06
931,0.24603050678476546,0.4767144185129655,0,-3.302537728556568e-06
932,0.18497596732103708,0.2520826094553837,0,-1.4754599965673152e-05
933,0.2545926945080522,0.4140676951816216,0,-6.679210445306043e-06
934,0.2019771076150218,0.1669437097027216,0,8.008600129376916e-05
935,0.08670895886726174,0.21476104146351455,0,-9.054968821319905e-06
936,0.13632944603752445,0.3561879954602088,0,-3.6867674620339422e-06
937,0.2958139627479955,0.24530450062352907,0,0.00015948632373727868
938,0.1800484334693616,0.45176723737393665,0,-2.1957097389438314e-06
939,0.09721152341618433,0.4638279220285897,0,-8.514830939222766e-07
940,0.13336249998277283,0.10418650136650866,0,5.971178270573394e-05
941,0.0769460568303977,0.18026147913022902,0,-1.1318955142103654e-05
942,0.12199596231796686,0.2429775297743294,0,-9.663046484467052e-06
943,0.23829505472025556,0.13702438455931604,0,0.0013677879176897298
944,0.3072861522315562,0.06493689190906489,3,0.013466311720339153
945,0.27610798189979363,0.19409564491654832,0,0.0006192378057313009
946,0.3214498075885271,0.35545623277739935,0,-1.554185126802003e-05
947,0.13183984619971925,0.39589582614423063,0,-2.372385413734905e-06
948,0.3311247590156321,0.010229198493342162,4,0.026701535033501252
949,0.11220059895761597,0.08898493223366981,0,4.085700248313602e-05
950,0.22875566053647686,0.08763669883013907,1,0.005152869495492978
951,0.049837105799790435,0.5523216993242179,0,-2.1897338796996087e-07
952,0.09718322060310944,0.0944511035703365,0,2.543600306165386e-06
953,0.042991420974555924,0.5476534652457609,0,-2.1427380965852778e-07
954,0.20179362708842555,0.40538482321049857,0,-4.328772524568404e-06
955,0.06960256578373009,0.01023613519753661,0,0.00029337969586956935
956,0.3485789205106889,0.08751352442987437,2,0.009313874796740184
957,0.07058595872932699,0.39531304454168475,0,-1.294883063596708e-06
958,0.2953534449970387,0.0016138367225181137,4,0.0315676427186924
959,0.25029624551007434,0.5060557133997508,0,-2.571377472675578e-06
960,0.1514642377187866,0.4919723552060812,0,-1.104563907069546e-06
961,0.007970723162898529,0.19539121349261246,0,-5.096997768912367e-06
962,0.23565095934520258,0.23624689354187275,0,-2.09405573865118e-06
963,0.17406174939086053,0.5630352917796784,0,-6.801114263514142e-07
964,0.13095046680743452,0.137160846338551,0,-5.71671485982162e-06
965,0.006411477523367631,0.16468589337975698,0,-6.787250631472199e-06
966,0.0549700165763757,0.20532969617556868,0,-7.3249703251941704e-06
967,0.1915239316581761,0.38730460189286975,0,-4.678613371701069e-06
968,0.291433606738343,0.39633747218051185,0,-1.1122217552467089e-05
969,0.07364465638929941,0.26206228967108586,0,-5.042913845448847e-06
970,0.25490597367388873,0.5393880997324658,0,-1.9299091387002432e-06
971,0.04931430443496214,0.21972514230766146,0,-6.024619103551241e-06
972,0.14979663217870345,0.5704617866963955,0,-4.955979075559906e-07
973,0.2718180786431368,0.5624716411954593,0,-1.8138211483793598e-06
974,0.11528055532006735,0.01701013792495285,0,0.0015011321239182679
975,0.3399545205276879,0.5504825799746139,0,-4.026616066603772e-06
976,0.28450430707448215,0.5969933743423779,0,-1.4578311917498272e-06
977,0.27236723036829136,0.05069295142441921,3,0.01629751599449974
978,0.00044974301177795324,0.2395507028651276,0,-3.0488936683140756e-06
979,0.1390421995951111,0.46486164203785324,0,-1.2795451545132902e-06
980,0.3166861450185162,0.18940701073818525,0,0.0024411667009365976
981,0.18009495863452785,0.2934144909280186,0,-1.0349200158708476e-05
982,0.18925673452844663,0.0823657927552857,0,0.0018661160705667865
983,0.10738139132400679,0.0014415416162919302,0,0.002060933244401733
984,0.29106166807007566,0.35681972184812344,0,-1.4864092422045935e-05
985,0.30688377611351375,0.34657920107558887,0,-1.5829543730346297e-05
986,0.0043266559223887,0.26705833372834664,0,-2.4080635059943984e-06
987,0.2964346944480892,0.5945172958414837,0,-1.6831024637244308e-06
988,0.22620997165819356,0.16355187550452846,0,0.00030090007615674237
989,0.21889799536323515,0.3693186966598534,0,-7.299232203948521e-06
990,0.11545986004046552,0.1716714020304586,0,-1.548496455413212e-05
991,0.23072360905976053,0.15417296559251062,0,0.0005369732881386054
992,0.044665520567842704,0.5274516589235749,0,-2.6666432520548045e-07
993,0.0764684247858047,0.0906547102655195,0,-1.0126479705721082e-05
994,0.13086165949661668,0.09756552692274718,0,7.644626922001527e-05
995,0.3458679125002011,0.4805812773891369,0,-8.455908588088428e-06
996,0.033301615316295954,0.4179464353244783,0,-7.115959563809151e-07
997,0.26865693720628125,0.21535746227034958,0,0.00018800852360003248
998,0.1848455249141013,0.34197775051067275,0,-6.844244237737492e-06
999,0.2924576831032524,0.28282507874590546,0,8.43584831441341e-06
1000,0.21604167405299185,0.09184818269691093,0,0.0032027666736824567
1001,0.14282139520202267,0.1780255438701017,0,-1.536657770980203e-05
1002,0.010455626291112241,0.389875792018533,0,-7.499470226954055e-07
1003,0.30594426641650424,0.49654073223813805,0,-4.9116455435758395e-06
1004,0.00934742905657419,0.11345414035937756,0,-1.1250292224282584e-05
1005,0.10997805508715269,0.33749709249087945,0,-3.417356290534497e-06
1006,0.3056232016553272,0.2059318964105932,0,0.0011011318733129638
1007,0.082082220710278,0.1506126215347469,0,-1.4642416316569891e-05
1008,0.2792027166450162,0.07625709160013945,2,0.01215828340503975
1009,0.29196559521045407,0.2890350152433607,0,4.791153318461309e-07
1010,0.1963460716797133,0.5906393682732262,0,-6.446363778847664e-07
1011,0.012805901203473585,0.37468074880655916,0,-8.93746318982816e-07
1012,0.20017068138737687,0.13026451666876357,0,0.0004237846949787279
1013,0.22816029050083045,0.21041125273749628,0,2.413337687372366e-05
1014,0.04294095300531478,0.14714769044631648,0,-1.123685372662614e-05
1015,0.10264322646018652,0.5566970959197283,0,-3.551645710178086e-07
1016,0.061670117507743816,0.48700881826082654,0,-4.735468542265222e-07
1017,0.22503918686358793,0.5468016960263327,0,-1.3304565550171927e-06
1018,0.15805140110774407,0.14354724253153947,0,1.9327799381284497e-05
1019,0.1960778685161396,0.3272782458942962,0,-8.774562458663979e-06
1020,0.20227586733119615,0.028724927614677997,3,0.013834681453292327
1021,0.12005596803744054,0.10001590008750368,0,3.218103044794775e-05
1022,0.04157204729198664,0.015710186244599276,0,5.029465867026806e-05
1023,0.13518899144397353,0.45980877283831123,0,-1.295063275958744e-06
1024,0.10891378044800161,0.455559925456814,0,-1.039497814413273e-06
1025,0.09187023083233199,0.13926883865471718,0,-1.575595722916163e-05
1026,0.18331025303606485,0.3200902535037798,0,-8.325823586025937e-06
1027,0.20354359801901523,0.17894670152505102,0,4.19715475577316e-05
1028,0.11524258931349837,0.23047761469067826,0,-1.0183531884981297e-05
1029,0.07882623595139743,0.1723080709870094,0,-1.2286883100610136e-05
1030,0.2574659152738347,0.5010118623525035,0,-2.904225653179119e-06
1031,0.038117679913158814,0.42180451798536334,0,-7.184060022106804e-07
1032,0.26679101884537376,0.1557819590077875,0,0.0017834709715224488
1033,0.1752867023004919,0.5401624750602094,0,-8.653870843872163e-07
1034,0.3085478495268387,0.26317832796911594,0,0.0001225218569387019
1035,0.06288730819571095,0.0865301456472304,0,-1.3409590416753927e-05
1036,0.22003085549424314,0.5208644690523512,0,-1.6401837322978223e-06
1037,0.17711315605790706,0.04549766209876897,1,0.0046395755952053945
1038,0.3393956823551966,0.0076616651973341774,4,0.027827447585903383
1039,0.24097754512882658,0.35757770022634977,0,-1.0034501808514652e-05
1040,0.14264202695956646,0.1678219164761514,0,-1.388980627448103e-05
1041,0.004897831947282099,0.3439052438256554,0,-1.123447986372965e-06
1042,0.27718392900358596,0.12008890657810946,1,0.005974314028440075
1043,0.0692454279333501,0.09903677793813989,0,-1.4653979414689176e-05
1044,0.142504958764749,0.00654478609927085,1,0.00599576772954751
1045,0.2808219437662584,0.598557133388383,0,-1.3834799407247858e-06
1046,0.21747502101174054,0.3678856503768964,0,-7.300179322560738e-06
1047,0.279031690161697,0.46208969380987713,0,-5.295447936329268e-06
1048,0.0030736881137069846,0.44629285130369534,0,-3.9627306105975074e-07
1049,0.14452143870386913,0.4026364212265799,0,-2.5168707842496938e-06
1050,0.19455339042864342,0.5193866585715786,0,-1.2909886460594212e-06
1051,0.16185168434454275,0.33554903890537113,0,-5.822642085541656e-06
1052,0.015840464862213716,0.5223422251282887,0,-2.1043034182292626e-07
1053,0.2896059852718143,0.4712591430317212,0,-5.367894920437098e-06
1054,0.005949172041751404,0.010226959799705292,0,-3.852032180241704e-06
1055,0.2900823012200476,0.42113801418114344,0,-8.766906915052895e-06
1056,0.10899959542967784,0.4683395095753542,0,-9.155914554801279e-07
1057,0.06038659051062148,0.40670690918237906,0,-1.0435739905113645e-06
1058,0.08680976134733273,0.5459116312228396,0,-3.3775235117850263e-07
1059,0.26602769964397116,0.21630875510268618,0,0.00015955287620155189
1060,0.09292108122474133,0.45680885089685325,0,-8.750864448176109e-07
1061,0.3414106117586024,0.08463913449388295,2,0.00989381551528022
1062,0.26449237526993286,0.5485674561956951,0,-1.937361739660609e-06
1063,0.031320940557549255,0.16247933938846967,0,-8.801363604283356e-06
1064,0.07962491054534958,0.12255336887126105,0,-1.5727293955734513e-05
1065,0.2051840514174428,0.43454264715619056,0,-3.3494366434840337e-06
1066,0.25555987905575156,0.18674321876159894,0,0.00037695264227408803
1067,0.34551080189333744,0.17727653968286336,1,0.004656338541363725
1068,0.1932121352645642,0.03615361157352093,2,0.00956862717268398
1069,0.06000551247778807,0.5630122249277257,0,-2.1780706299165562e-07
1070,0.3422266371543271,0.07861276173700449,2,0.010376051167163575
1071,0.21018783647962272,0.06303216522318707,1,0.006654929529902124
1072,0.0767006997240598,0.5264519018428444,0,-3.709050391089943e-07
1073,0.052548939664854855,0.3896079673601844,0,-1.144937006211647e-06
1074,0.32620471542981605,0.09996936042949242,2,0.00938441243235775
1075,0.19393587158655345,0.1292296967414983,0,0.0003410855012734901
1076,0.18336241454109153,0.5676803948297305,0,-7.124063392446432e-07
1077,0.11092742465387896,0.2858583768642521,0,-5.7576265099921035e-06
1078,0.3213321840764533,0.24160352277717573,0,0.0005209324176786424
1079,0.2981817576096049,0.505123067462066,0,-4.177514056362856e-06
1080,0.33587445189683857,0.07558769429765855,2,0.01098314615270756
1081,0.16493873468406237,0.5533751052974158,0,-6.838771458055636e-07
1082,0.11533213781862918,0.10686138471618413,0,9.79848049492091e-06
1083,0.1832728994220324,0.034857897956796724,1,0.0077994669829334895
1084,0.12248678570639751,0.5730072710015554,0,-3.678362449750447e-07
1085,0.20953864765883815,0.5586516246754956,0,-1.0124823141796216e-06
1086,0.027071265721686055,0.437422103197676,0,-5.503352172607488e-07
1087,0.3424713795157166,0.09311244093899526,2,0.009206903353028236
1088,0.29489718943603566,0.43146512781815904,0,-8.32053285887817e-06
1089,0.004301122391913509,0.12899149098603793,0,-9.352003669111367e-06
1090,0.3208857101584598,0.06398056106256435,2,0.013026197477276019
1091,0.024126262369974616,0.37654649868371953,0,-9.822435798400158e-07
1092,0.11619424991693407,0.05545738734204577,0,0.00030500138167223326
1093,0.19271771415428202,0.5822710616499852,0,-6.759652083125749e-07
1094,0.08504871806967201,0.06890909223094714,0,2.3774629605217327e-05
1095,0.06999036724003481,0.12263566249472473,0,-1.5633908039668936e-05
1096,0.2464008145192382,0.008970030775532666,4,0.02733778522660953
1097,0.3378638766877034,0.11217957562519566,1,0.008229413029765683
1098,0.1209555802388278,0.13421645436683785,0,-9.811867540828295e-06
1099,0.23176403503221057,0.1382012334992389,0,0.0010430772464694754
1100,0.23844395557112447,0.30946695364947596,0,-1.4421612413285732e-05
1101,0.05808056868139779,0.19610673432988113,0,-8.244984647549376e-06
1102,0.061081830723686,0.34018255324705216,0,-2.043418914432667e-06
1103,0.22416341605819926,0.4707934723364626,0,-2.818302988726557e-06
1104,0.17757041812123237,0.5561738684185704,0,-7.543704785522772e-07
1105,0.0076070834292536246,0.4891735526569142,0,-2.700452694588969e-07
1106,0.30997627693932694,0.19253903471890357,0,0.0019035356897382455
1107,0.10832366833022326,0.20888829508195583,0,-1.158294635109801e-05
1108,0.03744115026171139,0.2854725523810115,0,-2.7877930558492756e-06
1109,0.3029161015858377,0.4227230690316323,0,-9.73027787119131e-06
1110,0.13829836787948274,0.40621760189353945,0,-2.282336427639371e-06
1111,0.12028092661987082,0.5442026124130566,0,-4.799306887412394e-07
1112,0.27581474151242996,0.38700785287050793,0,-1.0526561460623061e-05
1113,0.05374158922247302,0.4226186847139401,0,-8.329220516761562e-07
1114,0.2862338940569688,0.5636962517868436,0,-2.068629668919301e-06
1115,0.23862003992046368,0.20859644176341097,0,5.7625422509232006e-05
1116,0.2724292114290535,0.006921159819316958,4,0.028908166245306014
1117,0.05119799213076855,0.0591964848464864,0,-6.639934608098206e-06
1118,0.34210036940879085,0.5695700862042623,0,-3.401694759015158e-06
1119,0.16758757276592584,0.4729167307525628,0,-1.569660037635803e-06
1120,0.26762258777103487,0.4790278091058525,0,-3.999326986491537e-06
1121,0.32464743556713077,0.0702351075695351,2,0.012092437807043084
1122,0.06280392768824454,0.02779952874931759,0,8.688026760301632e-05
1123,0.3405518740425224,0.14293437168625792,1,0.006549818178237141
1124,0.18643383306671885,0.5070230362577903,0,-1.3471384262348467e-06
1125,0.25618589698326605,0.5771457448527997,0,-1.3403188781175391e-06
1126,0.09870722772881169,0.17399963737404847,0,-1.4050017919996427e-05
1127,0.2914949517963238,0.43406533570782413,0,-7.85804563498683e-06
1128,0.04443836260923116,0.4615267268504416,0,-5.143775255518157e-07
1129,0.2706085561105627,0.5797916239354141,0,-1.5072698256471858e-06
1130,0.2702685747062796,0.47634080993698624,0,-4.216752595338866e-06
1131,0.3026392671343981,0.23896886345644125,0,0.00028335195295388653
1132,0.2627844064226193,0.33274130380248107,0,-1.4513323464409607e-05
1133,0.16178950627114708,0.1671799452875474,0,-5.309509540959447e-06
1134,0.3452220893990185,0.03734943075103492,3,0.016639402246234954
1135,0.32299837743380516,0.15215993688207693,1,0.005638384552317127
1136,0.11732582907966461,0.5775939696285073,0,-3.3369900201516603e-07
1137,0.3140294455701955,0.13518785635863267,1,0.00670667599672832
1138,0.11006537026440784,0.14889265465370005,0,-1.5591406765929754e-05
1139,0.21668474221584672,0.11801025871702092,0,0.0013007938580026955
1140,0.16151495642981045,0.03933689807403124,0,0.0034774206500296184
1141,0.06511087530092231,0.27217978338730353,0,-4.191669182334577e-06
1142,0.025670614114561313,0.034599870896615204,0,-7.19021038093874e-06
1143,0.052984910306038316,0.3463195990639656,0,-1.7726403927519494e-06
1144,0.14054671422675633,0.04646750095464742,0,0.001230216730962509
1145,0.13339830689130466,0.23702739610728474,0,-1.1279721969550907e-05
1146,0.18991452197635528,0.23215510258474373,0,-1.5773119707892856e-05
1147,0.3405055481218898,0.2772252235347578,0,0.0002622224937566469
1148,0.2597297568753329,0.3726068335648809,0,-1.0373064754362002e-05
1149,0.2834294158716384,0.5086738846180183,0,-3.4833525779052578e-06
1150,0.0750571602081958,0.2738125323520814,0,-4.551816154653101e-06
1151,0.2186057319091688,0.41362102026368924,0,-4.711502799166982e-06
1152,0.02103263119572764,0.19604990740678868,0,-5.7598271825605495e-06
1153,0.04172309977364705,0.4265402575620829,0,-7.103022084501041e-07
1154,0.0572300976255727,0.2914049894359892,0,-3.2003666850187834e-06
1155,0.126020370213369,0.49141759503481985,0,-8.615674215689045e-07
1156,0.29071227503217484,0.17788345498449656,0,0.0017620239186867824
1157,0.2974295805388936,0.3497444877703718,0,-1.5714463161573624e-05
1158,0.060771410853449614,0.5059268736628806,0,-3.8842478260279377e-07
1159,0.17786274252192488,0.0701670409005436,0,0.001967711942584251
1160,0.17766918586905261,0.4372344714248381,0,-2.4792065520983456e-06
1161,0.3069692866468883,0.3486452158838436,0,-1.5877515574823832e-05
1162,0.33602802306354773,0.15797485245533407,1,0.005623090214536925
1163,0.1807259080847658,0.1842928301140279,0,-4.06239938053716e-06
1164,0.11590944861138841,0.20820922147134058,0,-1.2398818927620485e-05
1165,0.2515703662884448,0.531364824450287,0,-2.022589240987481e-06
1166,0.13998478416793267,0.06973859868606948,0,0.00045670798781482835
1167,0.3155014616519231,0.0405925672647607,3,0.017225729836949262
1168,0.23109776284006808,0.5249969193896296,0,-1.7574853070303133e-06
1169,0.1893286534849601,0.28781873407781494,0,-1.1772586524720478e-05
1170,0.15334105520063376,0.5383060791327997,0,-7.081632579576342e-07
1171,0.14497114585211404,0.08446514699847338,0,0.00029584130677554575
1172,0.05977385208978573,0.4709255238388929,0,-5.457385004067956e-07
1173,0.0204677806755506,0.022671021024373083,0,-2.1130822042034187e-06
1174,0.3089579861909518,0.11190310029822048,1,0.008636410805608369
1175,0.18556990741155888,0.4657435974876811,0,-2.0176463980755692e-06
1176,0.17025081015085675,0.431298709865196,0,-2.4431067840738536e-06
1177,0.10054806988191593,0.5442314067075812,0,-3.9398404198103963e-07
1178,0.14761059709982632,0.5382908678190477,0,-6.688896144233636e-07
1179,0.345308286011938,0.1149634273668386,1,0.007819456608633344
1180,0.20089650127545944,0.3683668147421241,0,-6.184800073003149e-06
1181,0.3465313974402734,0.576560301763472,0,-3.315650924729217e-06
1182,0.06265891723588,0.26512442804002834,0,-4.387975212079982e-06
1183,0.1424795262387396,0.2508188115814795,0,-1.0824882022948477e-05
1184,0.1808970875375477,0.24314506621814946,0,-1.5122881772905793e-05
1185,0.3498701574932537,0.0461762036575138,3,0.014454501761427775
1186,0.23684341322181293,0.1916710772023729,0,0.00013219803545990092
1187,0.19932710765095282,0.4561920124242671,0,-2.5458993479658534e-06
1188,0.2924975694566962,0.5550317806018374,0,-2.400839273481066e-06
1189,0.31612240278653425,0.2543614137574153,0,0.0002559124931709676
1190,0.038834085036623146,0.12784821893190215,0,-1.2735006323540181e-05
1191,0.1614916994026052,0.05163248086207008,0,0.002203797423569019
1192,0.255206523509773,0.19775616924813913,0,0.0002308033789086891
1193,0.14969545908370252,0.1499839927083608,0,-9.71620257392389e-07
1194,0.15382863715243977,0.48410143498296454,0,-1.2235316706792316e-06
1195,0.06964827322473967,0.20574747546064842,0,-8.396041245914459e-06
1196,0.06136995287491585,0.09469457764411512,0,-1.511737300177653e-05
1197,0.3235227992791267,0.14844788843043982,1,0.005948774268039205
1198,0.12643130307046932,0.42984944078772247,0,-1.6010266233424515e-06
1199,0.2328958278861328,0.407230671690466,0,-5.77745815814196e-06
1200,0.15149965876793195,0.4199557231229553,0,-2.2696200088293782e-06
1201,0.07141003306619453,0.3303969938980507,0,-2.497847489004603e-06
1202,0.2294799458800027,0.41311549168790207,0,-5.2717391179564884e-06
1203,0.08056491383844737,0.4428628796800834,0,-8.892567277554786e-07
1204,0.24055398982857176,0.5358596939018747,0,-1.7326142354269957e-06
1205,0.2618740266360747,0.3965101480819505,0,-8.481698219070284e-06
1206,0.07346085374864551,0.210100717316631,0,-8.352629461399563e-06
1207,0.27898829081875587,0.21517238896823837,0,0.00029529123668959906
1208,0.06972691284983346,0.47587001495904674,0,-5.736964149261107e-07
1209,0.07269748135568466,0.5064206914453129,0,-4.3540277061367906e-07
1210,0.2514756794291235,0.25573983054672744,0,-5.218550965643524e-06
1211,0.09376976720014453,0.22627601540512865,0,-8.683263905762804e-06
1212,0.26361289069337823,0.10601735084443599,1,0.0065403981017751935
1213,0.1731408802043162,0.15568165401878065,0,2.5004976301718438e-05
1214,0.3216980577087381,0.1591441006122916,1,0.005020212552282464
1215,0.2332898725707035,0.07237923693413552,1,0.0084356354968241
1216,0.2294565985350747,0.5082906455802778,0,-2.0430549230032255e-06
1217,0.06728311457241785,0.5249594933484891,0,-3.426858299443144e-07
1218,0.1995847682141906,0.060924714773766084,1,0.005396948430184528
1219,0.12431730241719458,0.012527748378529479,0,0.002533644138909556
1220,0.2744717131652231,0.5476883614404898,0,-2.158835760840652e-06
1221,0.2596952410351324,0.07611882074733316,2,0.01098948751483962
1222,0.13548030068075484,0.5402191499629827,0,-5.812801057391712e-07
1223,0.26445986217918793,0.5643091640041413,0,-1.6548535946223215e-06
1224,0.12522041782860677,0.2526237837093759,0,-9.104543122107502e-06
1225,0.23341390555677166,0.19914907167132365,0,7.44265227661384e-05
1226,0.0746863875357248,0.06611217628091859,0,1.031717176571473e-05
1227,0.10499566956729672,0.10239628774048072,0,2.3414240864078786e-06
1228,0.07414007263393127,0.3986735462025999,0,-1.2973314837252461e-06
1229,0.3091226062329448,0.05510819949846639,3,0.014812144470387903
1230,0.0617739600541447,0.2559476171775637,0,-4.764276702387907e-06
1231,0.1104614443196003,0.4033531985018692,0,-1.7790976784278271e-06
1232,0.17030246612419947,0.4564039988413768,0,-1.9021392210561941e-06
1233,0.3062576883125461,0.48030326541917956,0,-5.7830440054652386e-06
1234,0.20630447116656617,0.077137236788427,0,0.0038907094672556075
1235,0.13467164872397103,0.1395845908875713,0,-4.7908971229639215e-06
1236,0.1796932226152261,0.2115086031896082,0,-1.5062195093841561e-05
1237,0.1209818195978926,0.5127535164172827,0,-6.618962844805099e-07
1238,0.29980693626715227,0.5624833238092367,0,-2.3970042542975593e-06
1239,0.08144555082211975,0.5126238168956845,0,-4.465755414550295e-07
1240,0.31395249650540524,0.38812766582650643,0,-1.4130497533688519e-05
1241,0.2976090210423477,0.04818340853332774,3,0.016419662275201734
1242,0.2597153891579608,0.4099490466080099,0,-7.305281877255628e-06
1243,0.06012104169305659,0.10128230898052881,0,-1.5671709065332097e-05
1244,0.1603537300478173,0.05958472445683957,0,0.0015582896883338548
1245,0.29103038640518325,0.35031014718969683,0,-1.5337675092650336e-05
1246,0.09066818487190713,0.47722954797608647,0,-6.975922500170219e-07
1247,0.17368294347881802,0.42627427683381836,0,-2.65818903623435e-06
1248,0.3147827952849976,0.3512900087446382,0,-1.5700829328669647e-05
1249,0.2589037665365639,0.48153933369792634,0,-3.5771902292358303e-06
1250,0.274745248179388,0.30415344032050223,0,-1.4936070479595378e-05
1251,0.23029351353222338,0.5684214907337503,0,-1.1295558024023884e-06
1252,0.23562006200142138,0.30063503762262184,0,-1.4920757214646425e-05
1253,0.11257065826261346,0.0050008471960269136,0,0.0021841435198590147
1254,0.1468714234838142,0.25341501856130294,0,-1.0995868313727331e-05
1255,0.04998464278986994,0.50413887949855,0,-3.550442553934517e-07
1256,0.2490556868238038,0.3884835682381191,0,-8.106597549991245e-06
1257,0.29065630683532245,0.1747630558240979,0,0.0019383547270920367
1258,0.17091644798633873,0.15485483625169263,0,2.2129920408585337e-05
1259,0.007832064560091412,0.3919203127403993,0,-7.157641800258085e-07
1260,0.1565006878121199,0.21536408801443602,0,-1.5342255234052765e-05
1261,0.18602825788444927,0.4248550508020004,0,-3.048865511508995e-06
1262,0.23254915922636873,0.26719340004300646,0,-1.5432654496337505e-05
1263,0.029430586363052028,0.48670075980816224,0,-3.442324658099728e-07
1264,0.2770631946820707,0.2310399142591688,0,0.00013173084652557163
1265,0.207923859885187,0.48336041184632383,0,-2.114519159060102e-06
1266,0.2374638908690328,0.06559867350041479,2,0.010456684478054977
1267,0.05847297442347342,0.3428158877751633,0,-1.9391903712268713e-06
1268,0.03112845075230739,0.35119195492380845,0,-1.3573419500933265e-06
1269,0.07259254065092804,0.038288576608389864,0,8.324009042267508e-05
1270,0.11155268076741165,0.0488357467491457,0,0.00033449450643185106
1271,0.24776431523712014,0.5171115118710584,0,-2.245255195157271e-06
1272,0.036670383328281285,0.38005490044382134,0,-1.0749682814473407e-06
1273,0.30526467575292193,0.4203043715612032,0,-1.0161570897571943e-05
1274,0.055731785979838404,0.47982856271840146,0,-4.794989576029431e-07
1275,0.13443756927448594,0.031183257367275407,0,0.0017865454477577433
1276,0.30518256451699133,0.09781528604553877,2,0.009925704774737346
1277,0.09276513771649096,0.4732312667203022,0,-7.414106135900387e-07
1278,0.25249603117627756,0.39385459932340655,0,-7.957771642793904e-06
1279,0.3439843666084695,0.5154479634267634,0,-5.9252055966979806e-06
1280,0.34356570650033785,0.11925172388427238,1,0.00766952564016089
1281,0.1915568490342252,0.47762921983003365,0,-1.9019476229792862e-06
1282,0.2995381971980943,0.45398892603073543,0,-7.0054772280257465e-06
1283,0.14822288269735034,0.2002351189942123,0,-1.5669640086153275e-05
1284,0.03578360858894683,0.4954776873786129,0,-3.3596532195810303e-07
1285,0.11806860628377498,0.07515773628412649,0,0.00012962436895170123
1286,0.17605719457426938,0.25009846245268796,0,-1.4156773509799758e-05
1287,0.03249494048084839,0.22738580141896095,0,-4.7322700571625165e-06
1288,0.06289237142854857,0.32172175761320115,0,-2.5020651111579195e-06
1289,0.048915722317080884,0.5549250395757975,0,-2.113920181265922e-07
1290,0.11329113883305257,0.27472369154219656,0,-6.572080284587383e-06
1291,0.20249192062995128,0.5823618406923391,0,-7.445550734911493e-07
1292,0.11462281983396119,0.40243787428965216,0,-1.8715775956520006e-06
1293,0.31651629281551835,0.1440821076553343,1,0.006037594764326765
1294,0.2761692987427141,0.07425157490470266,2,0.012357667617016121
1295,0.18599124500769273,0.29949689215191183,0,-1.033076402891405e-05
1296,0.17194841341659065,0.10631665077509767,0,0.0003630679094565862
1297,0.2951215187769716,0.43847936638727525,0,-7.798174438304607e-06
1298,0.03312968786332938,0.04205663637476415,0,-7.200050403356609e-06
1299,0.11903835542333034,0.43043590266940496,0,-1.4784509535904404e-06
1300,0.011721265989213046,0.5522580191242245,0,-1.497328492498728e-07
1301,0.2533239018742424,0.10128529986599351,1,0.006099804857379257
1302,0.09000420170632241,0.14660990874172322,0,-1.5462568509305498e-05
1303,0.06801778544177023,0.2406506449411269,0,-5.893063972693506e-06
1304,0.17865982662141042,0.014676515697433978,2,0.012557210400134388
1305,0.14918404884618203,0.3816685455786382,0,-3.250176530453294e-06
1306,0.009698297576799202,0.20824739678570797,0,-4.564810259292863e-06
1307,0.3470847119655478,0.5109340235835702,0,-6.383641780724752e-06
1308,0.1465323053407206,0.4094711647125289,0,-2.3984117400995035e-06
1309,0.1384155937710743,0.28566272855268976,0,-7.5386300707077885e-06
1310,0.13534231172369748,0.4422184335874619,0,-1.5464120495865283e-06
1311,0.20046265562715065,0.24883842044329407,0,-1.5784008365220534e-05
1312,0.15695215834150833,0.31118309755875584,0,-7.043858340221937e-06
1313,0.18234235259735368,0.5654933997665287,0,-7.207796138562019e-07
1314,0.20558888999071795,0.04711087284766582,2,0.009304885739567807
1315,0.19263566970375276,0.4049399123485462,0,-3.970424533524591e-06
1316,0.10282495623214631,0.20561131915908062,0,-1.1366644913643573e-05
1317,0.2673680100091533,0.24073282696413484,0,4.494041616666096e-05
1318,0.10175947511931563,0.00958813165448138,0,0.0011871838998583771
1319,0.10299485159416397,0.5054384841834904,0,-5.950545715085773e-07
1320,0.34405617042475917,0.45012941037674253,0,-1.0994957893919783e-05
1321,0.048608483264915944,0.42507956080109327,0,-7.720631820887825e-07
1322,0.3132090881415835,0.218940580765782,0,0.0008975461710351514
1323,0.13314136248975697,0.42673261967536086,0,-1.7660775059509225e-06
1324,0.1064225327962027,0.11187561842644822,0,-5.049283213903122e-06
1325,0.12481734032979978,0.16013432661487312,0,-1.5359558942639344e-05
1326,0.3447922625308793,0.5651532244753384,0,-3.6509308646644446e-06
1327,0.09896310692459682,0.15285059298191012,0,-1.5589728267913645e-05
1328,0.1988337010177086,0.504784945667683,0,-1.5590420816160982e-06
1329,0.21591035971565073,0.08444396804788123,0,0.004052795085187173
1330,0.1284717267119017,0.024962707233442738,0,0.001819898518824335
1331,0.11381740220766655,0.4181074382753196,0,-1.5874421173410729e-06
1332,0.10644287336216227,0.2959189717687916,0,-4.98790661980424e-06
1333,0.15475242041525702,0.531193829330536,0,-7.711460036515703e-07
1334,0.26328806791421705,0.21582492706597847,0,0.00014365816688236127
1335,0.12900813697272556,0.12392923684284007,0,5.065233312758634e-06
1336,0.03135341959779444,0.5507950805084862,0,-1.8485856737294563e-07
1337,0.022040728733689507,0.5943752480135979,0,-1.0893723856231996e-07
1338,0.05016238981968228,0.41991290891568717,0,-8.257149086121357e-07
1339,0.28746761889980155,0.1561249934950595,0,0.0030642025055474726
1340,0.1544777491520857,0.24448329884367972,0,-1.262043506432888e-05
1341,0.21562884261040036,0.26386741129832614,0,-1.5794202312211378e-05
1342,0.19553453402288845,0.2507799803009583,0,-1.5546715025196705e-05
1343,0.08740227618154905,0.25653688222849386,0,-6.097342500777167e-06
1344,0.2925203909463773,0.15977377164363565,0,0.003114701624339971
1345,0.30495699311779595,0.16270205680184976,0,0.003717970866527974
1346,0.2701681701712744,0.25891554077719825,0,1.1315081518685315e-05
1347,0.33614693266231677,0.34574094457219756,0,-9.296732265313168e-06
1348,0.3363232044659833,0.19496526314456167,0,0.0031186709520545064
1349,0.12137296344059428,0.14613365131613287,0,-1.3758563660933422e-05
1350,0.2263822864457943,0.04821417899720557,2,0.012881666725781282
1351,0.07606789578255684,0.3236868007427221,0,-2.7979057818886926e-06
1352,0.1865921293347305,0.2278658742566268,0,-1.5746302565682396e-05
1353,0.1672163600759805,0.17103903361440473,0,-4.162133722301803e-06
1354,0.3050496257978606,0.5481596454954235,0,-2.913505966792176e-06
1355,0.09003122442937758,0.44151933606113536,0,-9.906348782308385e-07
1356,0.3270615091612228,0.43617468214357935,0,-1.07093122915876e-05
1357,0.346912303782856,0.3593679974997975,0,-1.0727332121978612e-05
1358,0.0033456744359858844,0.27219039703852904,0,-2.2654330298203288e-06
1359,0.022583741948171986,0.13083079566106728,0,-1.0850654791145116e-05
1360,0.25714125887596484,0.39313967396985744,0,-8.373850588613406e-06
1361,0.2159238075182249,0.4377215288034657,0,-3.610675130793934e-06
1362,0.17945876770691274,0.03213305186557045,1,0.007668311935960122
1363,0.15327921420485252,0.4425145328063455,0,-1.8440431608254979e-06
1364,0.13338427797146132,0.1634193476404057,0,-1.4757943010714024e-05
1365,0.028645910844827503,0.4293020607910175,0,-6.063482597411586e-07
1366,0.08287715107734994,0.36967774633377226,0,-1.8915257809461542e-06
1367,0.30510707791421465,0.17565487391021697,0,0.0027096717539986524
1368,0.2580456894251991,0.32966890191936565,0,-1.4367269112817681e-05
1369,0.1394980916412625,0.19584898347047866,0,-1.5480838865719825e-05
1370,0.07506534669993997,0.5282014432312029,0,-3.585681695219914e-07
1371,0.04572327651635483,0.30803164822989243,0,-2.417144099845903e-06
1372,0.02037915780925112,0.20141687931759883,0,-5.42805443151985e-06
1373,0.3248703815796386,0.03956286112580398,3,0.017038983114111665
1374,0.30724182013861406,0.36162621908732734,0,-1.56247524336981e-05
1375,0.30958845606893337,0.03509593354751206,4,0.018741685668034823
1376,0.3128174274518791,0.03428608622754583,4,0.018814495529383423
1377,0.31866742575329643,0.35328640016371976,0,-1.558362532100657e-05
1378,0.34640989417090756,0.05414410357794701,3,0.013184737915675294
1379,0.15830450409113428,0.5078223940891228,0,-1.0093010535682682e-06
1380,0.007842772828274346,0.4822054037928929,0,-2.9021574909760477e-07
1381,0.26696630018966516,0.3618236227491198,0,-1.211552060759602e-05
1382,0.30911850261502094,0.05236397789516436,3,0.015257826689131474
1383,0.03265498171663251,0.407296641556375,0,-7.864622019778087e-07
1384,0.0973277559040387,0.2825013275039378,0,-5.2054908769480585e-06
1385,0.11163080312316492,0.01545090838037928,0,0.001384942937854069
1386,0.018516954352498626,0.06960105743364264,0,-1.5679826963485605e-05
1387,0.156060494677736,0.34400208170509844,0,-5.059849524985935e-06
1388,0.15142237744548112,0.40078136202649733,0,-2.746469423065166e-06
1389,0.1101336521732081,0.006571592654464653,0,0.00186787963734667
1390,0.08154801111987216,0.33246631345992234,0,-2.7070454276605424e-06
1391,0.3046190159493345,0.4978961370821904,0,-4.783173872988886e-06
1392,0.301615053379368,0.14619197049472255,1,0.005002962109410292
1393,0.020072271004986514,0.008115832787294263,0,1.615326530217761e-05
1394,0.09139694481571581,0.3696271548327681,0,-2.0604211264476687e-06
1395,0.009749686473235724,0.4200303773090504,0,-5.508232877139574e-07
1396,0.33048478252613794,0.07496567650629761,2,0.01130791748137357
1397,0.16631964977414723,0.15824152667152816,0,8.610229137700818e-06
1398,0.06540792369983854,0.5946893303151221,0,-1.674699889983404e-07
1399,0.10470122568205767,0.18435148465974935,0,-1.3641105128965057e-05
1400,0.0016952884437286375,0.5487749660881497,0,-1.4026405198912904e-07
1401,0.21611670926541954,0.3130817082031105,0,-1.1917782386678955e-05
1402,0.3006526547543145,0.0649998383960125,3,0.013671093156742259
1403,0.18200564379485615,0.12642674234251408,0,0.00022913160436981858
1404,0.307267034369779,0.5407177503114183,0,-3.207900137426217e-06
1405,0.02984698607627103,0.2442986272405776,0,-3.896636909982275e-06
1406,0.29212315361933444,0.11271590730890954,1,0.007991536297542061
1407,0.3272794607578493,0.08672189155119865,2,0.01036856458030463
1408,0.3463560971606881,0.36988126578575964,0,-1.4154155251531029e-05
1409,0.28497089110945184,0.26805481536552206,0,2.0624185034764886e-05
1410,0.16430775318391888,0.5770135654265488,0,-5.365298083618117e-07
1411,0.2710443347948749,0.18165985823543876,0,0.0008262798940170124
1412,0.27091805870927804,0.45761277504764036,0,-5.109629364407443e-06
1413,0.08495370594535494,0.37300587894181164,0,-1.8679589250246155e-06
1414,0.06505586896665717,0.25172852384445416,0,-5.13132344015032e-06
1415,0.05332962934856331,0.3823657669057279,0,-1.2405521398362347e-06
1416,0.11697548509613642,0.22382804036014367,0,-1.0971293864865063e-05
1417,0.3230317072541061,0.09165617852416452,2,0.010124070709519734
1418,0.03704674854885209,0.5283270889765121,0,-2.449701778756516e-07
1419,0.19795420723048962,0.37936674651554075,0,-5.392488714532712e-06
1420,0.1166522299799696,0.49218284291535563,0,-7.786556316971235e-07
1421,0.24920235447300706,0.1358627700460249,0,0.002025137216304993
1422,0.020229491583755477,0.3775738461254982,0,-9.350916601731849e-07
1423,0.2604034107689695,0.20889839168493365,0,0.00017473421989506446
1424,0.23147100716500144,0.21446627729679665,0,2.2495876291802586e-05
1425,0.1437686913694701,0.41918199485880325,0,-2.117507542445238e-06
1426,0.09385157971668565,0.5091804992578085,0,-5.231833498902693e-07
1427,0.321836408039976,0.09958886278216579,2,0.009538157106296128
1428,0.11656468280513096,0.21543140984258313,0,-1.174851499958396e-05
1429,0.1971445713195234,0.1236948920878599,0,0.0004938543212414389
1430,0.2833242779797259,0.13110779452279528,1,0.005198742330154717
1431,0.3416999822443169,0.26761881850163616,0,0.00040355638970293004
1432,0.14153551170547676,0.42366326834780577,0,-1.980177449298814e-06
1433,0.2984410964185282,0.5388437481313297,0,-2.9937548288473075e-06
1434,0.13759524887127894,0.017151110595005202,0,0.003443124606823918
1435,0.03408367403157632,0.4260184787167926,0,-6.615624187062057e-07
1436,0.3039243650122052,0.037737953695861366,4,0.01833354610467815
1437,0.26837120464839737,0.15475678297735246,0,0.0019331280455076678
1438,0.0986048771141045,0.1639927287583275,0,-1.4891447587606344e-05
1439,0.009154393888970441,0.4895606237330953,0,-2.7319230118694436e-07
1440,0.32072991833162257,0.519534524312723,0,-4.526169147227147e-06
1441,0.1631201421669104,0.3299425724047411,0,-6.22902656744886e-06
1442,0.16552473086414762,0.2746782166373385,0,-1.0743272906741693e-05
1443,0.2619976983187745,0.5203688770712188,0,-2.5045346034497226e-06
1444,0.04261838943028412,0.10180789689961474,0,-1.5317453740090733e-05
1445,0.3330299056461829,0.1685716836814239,1,0.004803158091911442
1446,0.24262015173767468,0.3777340921075585,0,-8.447372918455275e-06
1447,0.22125403462088078,0.35423345936726547,0,-8.623936875894191e-06
1448,0.11195310612411088,0.32180876403695163,0,-4.074303203126857e-06
1449,0.26508103301928043,0.14479697043266562,0,0.0024133232251007048
1450,0.24684976134228542,0.46588719920544286,0,-3.7087202667841875e-06
1451,0.004397293634392912,0.0798571562286703,0,-1.4043586540824888e-05
1452,0.10711227661537394,0.510910020848377,0,-5.870179778072632e-07
1453,0.3434597871170089,0.33244118358389385,0,9.057238845098911e-06
1454,0.16129996711575317,0.03472245329243244,0,0.004075518667932035
1455,0.17157817294111383,0.5673165700510342,0,-6.356564294223735e-07
1456,0.21265112643317802,0.12812649066523396,0,0.0007595967442628645
1457,0.3150247235307299,0.5707318836100386,0,-2.568719245704557e-06
1458,0.24383724803546092,0.2762038891212623,0,-1.5233613401359611e-05
1459,0.29900149433241396,0.4787994926085441,0,-5.465643946655552e-06
1460,0.0061027891978317535,0.026391494916366852,0,-1.2408933885633942e-05
1461,0.18435484922753184,0.13912430513751547,0,0.0001392831645008937
1462,0.2598792249967235,0.5202632506015202,0,-2.4548241352413965e-06
1463,0.0008568522230007646,0.5605152856347732,0,-1.2368642729847834e-07
1464,0.12827860100665345,0.5136555493568373,0,-7.055254939314309e-07
1465,0.25317219049436585,0.23548286682065084,0,2.322441076946967e-05
1466,0.17281748764430704,0.3787159604302357,0,-4.233176574563126e-06
1467,0.21926452202650926,0.5035368204457142,0,-1.935414898818428e-06
1468,0.1780961480971345,0.20592561424123082,0,-1.4475352138122043e-05
1469,0.2434722056011102,0.2008059043940133,0,0.00011571310985346155
1470,0.12059263528581661,0.40053967693709885,0,-2.0244871923676974e-06
1471,0.06501340915238533,0.23745983641925,0,-5.904116967855898e-06
1472,0.34547646228242807,0.5547595149270548,0,-4.076103324812808e-06
1473,0.07651170987385575,0.396404290274857,0,-1.3589015983924425e-06
1474,0.30192886206092767,0.20622460045993746,0,0.0009693396003835259
1475,0.3425347255576947,0.020383363192622482,4,0.022000758457080848
1476,0.31537372597817426,0.15336094959201843,1,0.0051814889653847085
1477,0.1582569568607867,0.1696273525324687,0,-9.007449793074484e-06
1478,0.13205440433443735,0.22648875126381185,0,-1.2184359083871763e-05
1479,0.006913941162480802,0.23783432924614323,0,-3.307871909043344e-06
1480,0.2920726409689506,0.2606498939620626,0,5.894327279644702e-05
1481,0.13443762001486192,0.0652405482966355,0,0.0004383706940695597
1482,0.15801800383391837,0.4870764988394021,0,-1.2383892056407762e-06
1483,0.005307184180409974,0.43598184557370606,0,-4.492250092279168e-07
1484,0.2567294881695861,0.13110014640182846,0,0.0029260337711923988
1485,0.09717003811002042,0.5385934934842974,0,-4.030069191600138e-07
1486,0.2579949098369926,0.3721375316402934,0,-1.0256101541827059e-05
1487,0.31362112605644427,0.46748846699993307,0,-7.042467498315507e-06
1488,0.17985341671493657,0.13212920091452304,0,0.00015813904748802622
1489,0.04422277385835148,0.5144159511446968,0,-3.0245213389627094e-07
1490,0.3214185233015062,0.30349988953808826,0,2.1241607809592166e-05
1491,0.058092963397939394,0.3763650837292188,0,-1.3814255214653044e-06
1492,0.016754751684613156,0.3199925665223713,0,-1.6062440740197e-06
1493,0.25732702669590274,0.209453629200127,0,0.00014755651574224152
1494,0.30966369407736627,0.554601522474442,0,-2.8605276153555115e-06
1495,0.3265068142506721,0.5538587534229961,0,-3.4071548700291847e-06
1496,0.32307140152925456,0.5297056337676705,0,-4.187456530697375e-06
1497,0.31265627253856043,0.4246754242204342,0,-1.0439590894322433e-05
1498,0.18858693244428004,0.09078226521165338,0,0.0013257650304070528
1499,0.33038355877536574,0.2534499690058176,0,0.00046024163125711333
1500,0.10399747693980965,0.46983368991137464,0,-8.580699194709978e-07
1501,0.23410990754456207,0.5008111314876605,0,-2.3060626246997553e-06
1502,0.21070717564722227,0.5834673148260292,0,-7.992884534495338e-07
1503,0.14088476361633187,0.27791044399420156,0,-8.31316610487743e-06
1504,0.2668902395974764,0.09416890391822781,1,0.008644255856207567
1505,0.2368125263940531,0.1389827601434933,0,0.001210424944630154
1506,0.18160087351141374,0.1941731887161282,0,-9.723110792527281e-06
1507,0.09065653574480266,0.10324344033600642,0,-9.389830850987139e-06
1508,0.0451505127558561,0.49784302869550984,0,-3.6029228892686394e-07
1509,0.0904324500023922,0.4944207477523682,0,-5.860343817877447e-07
1510,0.31783489898449274,0.333399251721012,0,-1.1757467661617244e-05
1511,0.2212615750499192,0.06883641342604119,1,0.007291796353542311
1512,0.22856571145382326,0.12951814774694273,0,0.0012877219977609781
1513,0.08846604941323338,0.20942456911643345,0,-9.6700137957661e-06
1514,0.19936783989007986,0.14591490644779617,0,0.00020432086380705805
1515,0.13044637459180988,0.40617253001109105,0,-2.1113641925524022e-06
1516,0.20323363907000236,0.026748649388826883,3,0.014708333862889082
1517,0.17472343869207405,0.2061602723021379,0,-1.5007959458084568e-05
1518,0.18105449523559966,0.3907174719222623,0,-4.0770480942904614e-06
1519,0.0918306549920216,0.26476379473877104,0,-5.873661633032734e-06
1520,0.3338974492329264,0.1638851251039184,1,0.005165380498413616
1521,0.1888404290991403,0.22998557065006361,0,-1.5744390533315753e-05
1522,0.05378249557435664,0.12046382091633645,0,-1.4793013984025286e-05
1523,0.1780808320243819,0.32138171452156583,0,-7.824168791969602e-06
1524,0.11445193079628256,0.3569089830275469,0,-2.944144477595466e-06
1525,0.3108423161448935,0.39850026390326715,0,-1.2822638690462792e-05
1526,0.19314883951902356,0.32105919318751,0,-9.050062242480607e-06
1527,0.3405551109632647,0.5136112447516131,0,-5.833816522246708e-06
1528,0.07147193771834856,0.4274026216307925,0,-9.478269590746272e-07
1529,0.14767582575790972,0.007628544457351549,1,0.006807460217938963
1530,0.34402071491852826,0.5868314609631862,0,-2.919192710252558e-06
1531,0.2612820462608327,0.1454739614055133,0,0.0021197600118300105
1532,0.07523045804440745,0.18315087134342903,0,-1.0875353033611628e-05
1533,0.08810243057377734,0.16608437333966997,0,-1.3801115358918085e-05
1534,0.011439359403149812,0.45518665746558373,0,-3.94151940895553e-07
1535,0.09227416663407276,0.5530059461002323,0,-3.322684096250884e-07
1536,0.2213347723967915,0.5902154180523254,0,-8.307351207998842e-07
1537,0.2817663009274562,0.571999431192158,0,-1.8210433207071717e-06
1538,0.06873088332675298,0.2710177763716261,0,-4.395402616727378e-06
1539,0.289755176979825,0.5266369177843094,0,-3.101412392942595e-06
1540,0.2416922987241765,0.47006209120378795,0,-3.3799233128111246e-06
1541,0.28460712383566983,0.386686049718926,0,-1.1398587407246298e-05
1542,0.04881875084866626,0.37891600265394804,0,-1.2275277459212414e-06
1543,0.2604062893023028,0.14054045765615908,0,0.0024187166939191058
1544,0.24054047987286326,0.044078627678960404,3,0.015940189695292623
1545,0.16270389877061087,0.2878769069803194,0,-9.289418826891654e-06
1546,0.22727791707139952,0.23030710727447257,0,-4.045298505008858e-06
1547,0.13952393807469765,0.08213054430776413,0,0.0002577523744293745
1548,0.09974109095358438,0.3204183925165476,0,-3.6590095478830078e-06
1549,0.0801562272300697,0.32290381180029987,0,-2.9371280914895047e-06
1550,0.18542770309389342,0.25653985507657867,0,-1.4417181844739475e-05
1551,0.2290341268972945,0.21717594975945403,0,1.3213082953072578e-05
1552,0.2674005637161657,0.5180316918437966,0,-2.705367411821203e-06
1553,0.31001493150944265,0.015939203902227205,4,0.024719698366175453
1554,0.011090677136906972,0.2032440823376741,0,-4.8635571343663714e-06
1555,0.26164508740211534,0.23354233011162356,0,4.9794085481961615e-05
1556,0.25788482306502025,0.2139002997903159,0,0.00012175964031170269
1557,0.14335047010787258,0.4153407644798006,0,-2.1911914157752204e-06
1558,0.22480514105458538,0.5632280957401544,0,-1.1263509504488568e-06
1559,0.12600129223177586,0.2936154115242521,0,-6.185096102656035e-06
1560,0.04610310574335385,0.024351435564323863,0,3.78296770381973e-05
1561,0.17490190380330292,0.5575051222811561,0,-7.248298092826218e-07
1562,0.3399067009715162,0.2961036071238183,0,0.00010848372721187822
1563,0.06363282574064269,0.11719277978890075,0,-1.559930399089626e-05
1564,0.34275879664802317,0.43378761568141383,0,-1.24783369902926e-05
1565,0.12069111464533121,0.19653381268375797,0,-1.3997187098769286e-05
1566,0.27079997068397005,0.5589250918830014,0,-1.8602696838024382e-06
1567,0.14436029330128114,0.33504041327086254,0,-4.925625224382258e-06
1568,0.2207090630064363,0.342164130394677,0,-9.603047663498034e-06
1569,0.29241145829788545,0.12216904637654813,1,0.006921476543168563
1570,0.14637528134085362,0.35693704611348387,0,-4.0434243273662816e-06
1571,0.31533757938184187,0.11610794170036713,1,0.008333207598108048
1572,0.11219511888264982,0.3052112497556755,0,-4.815635360915562e-06
1573,0.2854080617442023,0.2083666978243276,0,0.0005020640474318332
1574,0.04634869883200025,0.18287913910143427,0,-8.364272936153157e-06
1575,0.043244668343409315,0.2124649049696471,0,-6.095899034953102e-06
1576,0.0006540890707834146,0.5854066258337446,0,-9.623707792877395e-08
1577,0.28858853068967816,0.40245216520725424,0,-1.0274361848305705e-05
1578,0.21062955950913345,0.01261151181857747,4,0.021558377462465403
1579,0.29288252619374905,0.45208551483787585,0,-6.690262299186383e-06
1580,0.32086481704868763,0.5957501817519593,0,-2.1207676984607487e-06
1581,0.20302908003829367,0.4471424408322966,0,-2.8912486537284824e-06
1582,0.34530773648689317,0.11835017508622553,1,0.00765419276349136
1583,0.2949026699196773,0.3088308881104164,0,-1.0974678241045617e-05
1584,0.19757741297458323,0.226875648071441,0,-1.4750770809428842e-05
1585,0.09417478022188439,0.06690162761542093,0,5.410652124653854e-05
1586,0.23568801303698056,0.026834057437792123,4,0.020285845174889832
1587,0.09132843073433766,0.039049719914833234,0,0.00020864256581750652
1588,0.24572257736439881,0.5002903050064815,0,-2.6024169403201923e-06
1589,0.29995125767449055,0.19320246869438368,0,0.0014121568486211472
1590,0.11651389127361489,0.1763160751000084,0,-1.5281538063685588e-05
1591,0.1618839584051834,0.2658565884369705,0,-1.1241289825638762e-05
1592,0.2309772836304396,0.21008021657030365,0,3.113858397522353e-05
1593,0.1763432125041074,0.17080497358192662,0,5.111329716154651e-06
1594,0.32000743906930196,0.5604438488680753,0,-2.991078412195266e-06
1595,0.21638470623665454,0.005698677362613491,4,0.025516544629951916
1596,0.3281952848113286,0.48837390144027104,0,-6.620327143691462e-06
1597,0.2510747091027285,0.5821296440216462,0,-1.211802025646485e-06
1598,0.17021325731248083,0.09157685479208,0,0.0006326521148354743
1599,0.04849485682707766,0.44442018039122383,0,-6.355773557354875e-07
1600,0.09451138221532454,0.1712802699942442,0,-1.3914000338832967e-05
1601,0.3288081372509701,0.25778584767663754,0,0.0003666745347641691
1602,0.26611490015101763,0.1759959102754868,0,0.0008575659760807826
1603,0.1444229306363347,0.5853609220524432,0,-4.0469554871224413e-07
1604,0.030135235553770765,0.48215693778841695,0,-3.6277880061061394e-07
1605,0.09368749449587363,0.24056503444921978,0,-7.571133212397101e-06
1606,0.24633588900710732,0.0415468553207772,3,0.017147026662752054
1607,0.23932817789373179,0.15382534813012827,0,0.0007560831250638222
1608,0.3453998374866164,0.24873067149831407,0,0.0008971555766155541
1609,0.3232357630395045,0.23891096704108605,0,0.0006156130768863934
1610,0.16775826980007172,0.17981234033197604,0,-9.402437880559068e-06
1611,0.2420652649001421,0.5812510471681297,0,-1.1174120061603919e-06
1612,0.2419572195326253,0.268828203501784,0,-1.4450602544700179e-05
1613,0.2738612328981324,0.48074330163337,0,-4.182587159543851e-06
1614,0.13667438365216036,0.2835612570405113,0,-7.565073485468905e-06
1615,0.09200995227592436,0.19670425058559482,0,-1.1183058852743799e-05
1616,0.28568571284278604,0.5071475831480632,0,-3.6168686296701408e-06
1617,0.2423111442137044,0.5860681037075692,0,-1.0674945503618841e-06
1618,0.12642831858213474,0.19262627974715257,0,-1.4828047442961814e-05
1619,0.3162441592581115,0.3383794350001646,0,-1.3716950273291336e-05
1620,0.013736354566646269,0.0654058882627238,0,-1.566298018307503e-05
1621,0.23551132310382428,0.1175910577054009,0,0.002453421473180352
1622,0.01671485344235325,0.24204371630791843,0,-3.497110739172642e-06
1623,0.11774109106979831,0.38306960269221896,0,-2.3429529114608607e-06
1624,0.04582532599668676,0.12783487579398653,0,-1.3421140684672964e-05
1625,0.12760842753828947,0.1651084547468032,0,-1.5525590248605246e-05
1626,0.0911556170562628,0.16781724921696434,0,-1.392432668722412e-05
1627,0.09716354997148095,0.12023988055233345,0,-1.3309319411135717e-05
1628,0.21910792200258455,0.14392835487591457,0,0.0005159809652607052
1629,0.3345684948219508,0.0923422155899366,2,0.009618436908854989
1630,0.09389940670287641,0.4319039151147936,0,-1.1335506668857394e-06
1631,0.2179492474733251,0.343474727565093,0,-9.248638459582878e-06
1632,0.05018361680684271,0.3829033774836416,0,-1.1957394137987798e-06
1633,0.057930915040385327,0.41959331666153943,0,-8.951852200596823e-07
1634,0.11185821699795472,0.20111647609764718,0,-1.2701259934566117e-05
1635,0.18341524290375397,0.29096705276297613,0,-1.0892382789572668e-05
1636,0.288079127625666,0.057481550554757455,3,0.015062078742462681
1637,0.04557677532716337,0.5955831148000004,0,-1.3615458614769592e-07
1638,0.21942449374042997,0.08158377758207669,1,0.004866924360614618
1639,0.06479859542515064,0.2811606192047718,0,-3.8215734976230485e-06
1640,0.3153128590907314,0.5510580031647725,0,-3.1347017539295095e-06
1641,0.26504791835306535,0.4739507022153325,0,-4.100328967354054e-06
1642,0.09572223605761229,0.28581672635087885,0,-4.958301140479391e-06
1643,0.1285155751336592,0.3020594965866313,0,-5.835001902725238e-06
1644,0.12294810567080376,0.29780805328708443,0,-5.7604959093314885e-06
1645,0.29346705161138004,0.4217111063266742,0,-9.000513091514505e-06
1646,0.252786770564377,0.24969736200491782,0,1.249818369027064e-06
1647,0.015429464173761119,0.1976791069980301,0,-5.363799003488599e-06
1648,0.13193994886422608,0.10051103604185882,0,6.849517741799044e-05
1649,0.04312365105811897,0.051127823383907735,0,-6.626294387444199e-06
1650,0.024459532202430467,0.2375784286337393,0,-3.9489005048860944e-06
1651,0.10839460606614741,0.11691173990752263,0,-7.151287499154586e-06
1652,0.2690734609897384,0.24378291517597905,0,4.095327268893736e-05
1653,0.14289288074376574,0.22239991186921135,0,-1.3650130078396977e-05
1654,0.012487829417078072,0.4375228788913222,0,-4.752518762459161e-07
1655,0.058254492861296345,0.18083931252539695,0,-9.5301956621256e-06
1656,0.15653567955773362,0.5072337792132584,0,-9.974904588757487e-07
1657,0.05629740368485615,0.5695360196144088,0,-1.9663254432485617e-07
1658,0.026171078434943762,0.25353524454326964,0,-3.4265293934356836e-06
1659,0.17614092271817533,0.14378554772289862,0,7.016735247286029e-05
1660,0.048492760828237114,0.2941362673031127,0,-2.85465483817887e-06
1661,0.23093125480576682,0.574191560449122,0,-1.0730503560137328e-06
1662,0.11231399399253433,0.4137636522442688,0,-1.6331964089476643e-06
1663,0.2807386104494713,0.2791652143656807,0,-6.807122456335821e-07
1664,0.014480795323966216,0.03335473502966748,0,-1.19392657052546e-05
1665,0.1357328743747404,0.530712121231296,0,-6.408634851799838e-07
1666,0.3265696646776535,0.1879780971305851,0,0.0030802373904567004
1667,0.09653751748931877,0.34508709669260546,0,-2.7712193473406824e-06
1668,0.04151217478744364,0.2007769470980091,0,-6.719447989095882e-06
1669,0.22546706002605732,0.5464802853784424,0,-1.3404473672862763e-06
1670,0.27931717579304355,0.4265422786147412,0,-7.516727379407419e-06
1671,0.23722878598631414,0.4583596319300219,0,-3.633023443638355e-06
1672,0.28242567444867367,0.11978010805704897,1,0.0064641971324124
1673,0.17508859909730073,0.5332294146838304,0,-9.256699898674762e-07
1674,0.29991630588652934,0.34256145040057456,0,-1.5882876537833163e-05
1675,0.3407011401972382,0.08140066095728227,2,0.010202047314070836
1676,0.021132194813850157,0.2890021144543298,0,-2.28717246464051e-06
1677,0.03199142913475284,0.04168826392365692,0,-7.670246963310946e-06
1678,0.038145833636343676,0.3077593633344505,0,-2.2472391655284854e-06
1679,0.03166543444145443,0.32300388457626067,0,-1.8088255703906528e-06
1680,0.05819066858596044,0.4267568804728165,0,-8.354698702834462e-07
1681,0.15590221718526198,0.4144933389897889,0,-2.5044355344977835e-06
1682,0.0938937098094884,0.38264891236074217,0,-1.8546453089564266e-06
1683,0.2943931960544159,0.3551043903781365,0,-1.5242367596536085e-05
1684,0.025051470535591612,0.4389503493392123,0,-5.311636356110651e-07
1685,0.31929967377350815,0.4490797607445514,0,-8.865567048706173e-06
1686,0.15466404036109607,0.16222323914366293,0,-6.757110814967898e-06
1687,0.0008823821905554363,0.5533501126128203,0,-1.3290773879813883e-07
1688,0.28624336499642833,0.3892870279610288,0,-1.1304065725499356e-05
1689,0.26587128253028947,0.18926673998441618,0,0.0005099133592332679
1690,0.3302790915030359,0.5652897949785315,0,-3.1564734829952823e-06
1691,0.3363827364690304,0.5950909361561839,0,-2.4915260972368447e-06
1692,0.1619231731158084,0.21929085364338574,0,-1.5429569641607875e-05
1693,0.028377566929755974,0.557790463568605,0,-1.6732077891249095e-07
1694,0.12725149098314964,0.5230393639996078,0,-6.357834781285104e-07
1695,0.19227978430381476,0.5781419334590319,0,-7.013838267818807e-07
1696,0.13016263509111425,0.48138667718118766,0,-9.926750220845818e-07
1697,0.2519342177236398,0.4527584151609254,0,-4.444303712348e-06
1698,0.3146008782390119,0.19775793404914827,0,0.0018412738411273703
1699,0.05992236878956761,0.10111859511277876,0,-1.5672872257213732e-05
1700,0.30321382618451725,0.2754917628396158,0,4.607879642259272e-05
1701,0.13158686781786982,0.3788761891269619,0,-2.8047504592280177e-06
1702,0.1735022363343889,0.2051789776863605,0,-1.5036063950684691e-05
1703,0.1078490335413785,0.41050768173639657,0,-1.6136859653170416e-06
1704,0.2527740632211836,0.490305248761014,0,-3.084129380764417e-06
1705,0.07901259244002395,0.06370078081567622,0,2.2123539678157176e-05
1706,0.16016691486949,0.3412458553626615,0,-5.414408057709412e-06
1707,0.1913253049378281,0.4079173200910111,0,-3.804699304642033e-06
1708,0.005897876666687968,0.3742563125878565,0,-8.377013272176312e-07
1709,0.23707180120379148,0.32496391142385656,0,-1.281515128415897e-05
1710,0.17697783002226117,0.026527250716333616,1,0.00853494506717204
1711,0.037482056773530587,0.10180391078434514,0,-1.4973734742230198e-05
1712,0.03021256675287282,0.271171472583491,0,-2.991935670411769e-06
1713,0.018692338157775917,0.09168743910765698,0,-1.4264629409319735e-05
1714,0.17693755574586176,0.22346405858017385,0,-1.5794845037109252e-05
1715,0.2790499365568029,0.24048684869092346,0,8.971611790251168e-05
1716,0.14733691624386386,0.2759438729869876,0,-8.99926026702697e-06
1717,0.13006992087769215,0.4185442191767476,0,-1.8588367081528283e-06
1718,0.31016225044772916,0.03958878830467163,4,0.01767124893768036
1719,0.09114505417183155,0.05056205633023338,0,0.00011638318678714948
1720,0.1473632957589502,0.5511115151361932,0,-5.869599011403856e-07
1721,0.08391556630552419,0.5635147471226376,0,-2.7516854180136495e-07
1722,0.07614523116758339,0.2304725989601089,0,-7.046760142521408e-06
1723,0.2617924956614823,0.4679225962410564,0,-4.215208947342053e-06
1724,0.2745340096136877,0.5267231473095965,0,-2.6631778585136388e-06
1725,0.005629775267431264,0.3025448146144212,0,-1.7112421133902122e-06
1726,0.18500207833321927,0.15805874706574088,0,4.992746545022741e-05
1727,0.2144213547681164,0.2833686777125524,0,-1.4601666416554278e-05
1728,0.3489214059348829,0.07344802798592666,2,0.010537181338805319
1729,0.13908077274661898,0.16536562606224678,0,-1.4115191281657676e-05
1730,0.31020277845961547,0.07067081399895725,2,0.012643915153182587
1731,0.20058394037594712,0.45036609222265633,0,-2.7323586185589192e-06
1732,0.14368413982251152,0.010372161656810874,1,0.005438162045535838
1733,0.29159743472448896,0.20858055680363333,0,0.0006250879650677741
1734,0.253758524444691,0.427837710270299,0,-5.789096841165814e-06
1735,0.09858640358297553,0.5198068699300012,0,-4.932200231072627e-07
1736,0.1921489365468015,0.24544398544434867,0,-1.563354369480965e-05
1737,0.23515479493311192,0.34955044361631626,0,-1.0238011081122186e-05
1738,0.07438011858205071,0.38744835911967773,0,-1.4548911403484135e-06
1739,0.30366743169289495,0.3320894163439357,0,-1.4871665751789567e-05
1740,0.02977918998445751,0.1617219281855003,0,-8.736797476521169e-06
1741,0.05603766879868466,0.4195835088831485,0,-8.78504435495105e-07
1742,0.3494254371901658,0.45698851842446564,0,-1.085051284462658e-05
1743,0.2018585452368306,0.04130187357337982,2,0.010036405125750915
1744,0.3479369653123024,0.20611102907873938,0,0.002969689989322118
1745,0.2938828960444256,0.43310233980904755,0,-8.113356194609261e-06
1746,0.005728021572485564,0.43388566541625484,0,-4.6067340963637425e-07
1747,0.14534305634614908,0.44761988722644136,0,-1.6189018980090408e-06
1748,0.242139002509792,0.16541899660898254,0,0.0005316605743531257
1749,0.05682309097436177,0.017079648686081427,0,0.0001127161700709214
1750,0.04634238434417459,0.3506630231179792,0,-1.588414143428418e-06
1751,0.2513981482960424,0.41893310319856863,0,-6.173657777635614e-06
1752,0.030510871331380033,0.4464568864506219,0,-5.203694710797072e-07
1753,0.06606076473138427,0.34200375080402307,0,-2.108787673663847e-06
1754,0.18410173286657944,0.21407617907988682,0,-1.4825958701013509e-05
1755,0.14593847896565323,0.5500265536433432,0,-5.849815673665726e-07
1756,0.09724654716705683,0.272013346274464,0,-5.768192124130316e-06
1757,0.15239361033765886,0.03525204834484845,0,0.002950007231112962
1758,0.04228985941977227,0.3599614426315826,0,-1.3900124801517675e-06
1759,0.03324464056912768,0.4727869487551684,0,-4.1098244628124074e-07
1760,0.18529530706593594,0.29408906700933085,0,-1.0773610420826138e-05
1761,0.30582725936478516,0.07321237796775783,2,0.012485700358386257
1762,0.06865025233269617,0.10288207045978855,0,-1.5217482414485597e-05
1763,0.15802095992566173,0.0935784952682678,0,0.00034896922566902174
1764,0.023399877895771685,0.5162960036324619,0,-2.410799725147796e-07
1765,0.24908106372640423,0.21958012710471755,0,5.51688889938726e-05
1766,0.10582244539198735,0.04359734559645476,0,0.00032830006608211077
1767,0.3194103584971945,0.4642348965911414,0,-7.683898611813266e-06
1768,0.3372784365179922,0.24265118868550994,0,0.0008560916263050452
1769,0.13258353865358807,0.2738063039622778,0,-7.988286589877642e-06
1770,0.0859766406797966,0.058118811682525036,0,5.635725555187149e-05
1771,0.34693567101022255,0.060904840166743086,2,0.012141079807536941
1772,0.2974928427709734,0.12431691278123273,1,0.006996190609993086
1773,0.012924125813562958,0.5601627385934241,0,-1.400252364538352e-07
1774,0.03362378888518554,0.13572036809208365,0,-1.1443230979974244e-05
1775,0.11524059210688369,0.0696407656544457,0,0.00014877841681492678
1776,0.047334852675389685,0.5368474437096973,0,-2.4930989386253877e-07
1777,0.17923550018591136,0.5809306113988818,0,-5.988262392264455e-07
1778,0.06404926063909808,0.1918127850075743,0,-9.082238517910928e-06
1779,0.11124842912226282,0.2709073410973834,0,-6.687010325729877e-06
1780,0.18167690964855773,0.15804705287819437,0,4.002896877859017e-05
1781,0.18143822339138327,0.31509184162791937,0,-8.576491297106998e-06
1782,0.09555824172091719,0.36578269393877777,0,-2.2318699025637187e-06
1783,0.09162851785189212,0.5961283188917521,0,-2.144950433545046e-07
1784,0.3459056325669005,0.324724316111704,0,2.689736766666249e-05
1785,0.24472646357267794,0.5726008235734603,0,-1.2511111557833986e-06
1786,0.2708064101328075,0.5845198263332949,0,-1.4405410194111829e-06
1787,0.18697540605974028,0.48734216118379137,0,-1.6489024605938423e-06
1788,0.13689202450041602,0.07604868257790946,0,0.00030220181104123893
1789,0.10924180016344014,0.13349932341423473,0,-1.3621742255680046e-05
1790,0.2780358459241799,0.4695902643708338,0,-4.8688899393032735e-06
1791,0.29606957736075723,0.45325983729524627,0,-6.822080934689259e-06
1792,0.2999387023566006,0.4698648778297086,0,-6.0229360712697856e-06
1793,0.27462407942842915,0.5953476269748512,0,-1.3429542175389454e-06
1794,0.03954971340862296,0.17444567239191627,0,-8.49558375086241e-06
1795,0.10442129772723123,0.04070415067656423,0,0.0003513681063240585
1796,0.1900133852208529,0.07114892808704029,0,0.002874791207145418
1797,0.0039306200894832334,0.16793379034497183,0,-6.4183611734976716e-06
1798,0.3391707082995451,0.20221247265472841,0,0.0027969993660792816
1799,0.34053141130185544,0.26898434296512685,0,0.00036641857452245644
1800,0.20292126354854403,0.0008980101049648858,4,0.024996785153473734
1801,0.33408752977514194,0.38701471233748547,0,-1.5706054316903275e-05
1802,0.33725226683878,0.18015758523229355,0,0.00416703050386984
1803,0.031764218958462195,0.3913843211982612,0,-9.139366216802324e-07
1804,0.2855768873997231,0.07731195607624493,2,0.01215635621471126
1805,0.13332975062184682,0.20152527329481926,0,-1.4667368240442752e-05
1806,0.04553308879890424,0.3319982258782422,0,-1.8987991916855866e-06
1807,0.07269537034961945,0.11372918502674678,0,-1.5671314219126954e-05
1808,0.04938070485432225,0.4735108678634284,0,-4.793751302075446e-07
1809,0.32779129876568575,0.1691807695635593,1,0.004527923237850188
1810,0.1564799057068016,0.22321608542908503,0,-1.4784848193373616e-05
1811,0.104690326369571,0.30963258479899597,0,-4.2787179797753124e-06
1812,0.08829672342868657,0.10835478561077158,0,-1.2422855453029652e-05
1813,0.035212150954727,0.21214092693399597,0,-5.651512519735246e-06
1814,0.03356669533826528,0.03788849796946867,0,-3.930844239257213e-06
1815,0.08320938093138462,0.1183472782412629,0,-1.5312562582252947e-05
1816,0.34839477197076574,0.3890524463958513,0,-1.5912523014979625e-05
1817,0.03736173631686179,0.25074754650162556,0,-3.937835896447433e-06
1818,0.26656763592518745,0.4460703058656664,0,-5.486253875476546e-06
1819,0.3093214070932297,0.15097381191689183,1,0.0050477700667429706
1820,0.22374905849816745,0.03189134752927331,3,0.017111265097635824
1821,0.14815345815293413,0.5500454894876969,0,-5.97948316995686e-07
1822,0.20290286053000237,0.20448896167730504,0,-2.6178333317554005e-06
1823,0.2837356820448637,0.4538285575620076,0,-6.015720858353095e-06
1824,0.3144341430114363,0.055040375277152755,3,0.014596678954712481
1825,0.3486839023011418,0.5943362465142545,0,-2.8372530203023744e-06
1826,0.18725856309547154,0.31167606961686034,0,-9.350316799486389e-06
1827,0.18329129477109737,0.5963231000780836,0,-5.346173334018752e-07
1828,0.0528163984839652,0.3561102526597316,0,-1.6046749614599656e-06
1829,0.16799424321592954,0.3793986731435338,0,-4.008072645443535e-06
1830,0.08245618515214855,0.5644538227501891,0,-2.686524569285868e-07
1831,0.3085665750575497,0.016506657484062215,4,0.024535733975085475
1832,0.27807419535248207,0.10038484355119885,1,0.008663355815481211
1833,0.24912444422219898,0.2500598789385563,0,-2.5470827159209313e-06
1834,0.13259927598210441,0.03548679124157179,0,0.001403323990017225
1835,0.24556450738874777,0.13820297647279547,0,0.0016682516121297012
1836,0.007773624348459507,0.5057711889278215,0,-2.2912762461895617e-07
1837,0.26839733393028475,0.5887322601046427,0,-1.3483639645296997e-06
1838,0.004599070849923087,0.4988819968375686,0,-2.3780652506025033e-07
1839,0.14965069719316693,0.06983686576787926,0,0.0006794516385869103
1840,0.30401009908301674,0.09266942093849563,2,0.010436065772205532
1841,0.08244873935056676,0.27188495217901276,0,-4.991706939139334e-06
1842,0.16355707601183092,0.06725797798211745,0,0.0013018899222507362
1843,0.1278501608263791,0.08568326933194166,0,0.0001240643692955292
1844,0.22566255672482777,0.4326792727410313,0,-4.181770330426484e-06
1845,0.12857120875831796,0.284549507453287,0,-6.928916269027403e-06
1846,0.2299540861430197,0.29369310480399863,0,-1.5017707325606207e-05
1847,0.3123904663004327,0.13179063740139474,1,0.006946837815990188
1848,0.22579351618155918,0.1895855252724614,0,8.363529403093244e-05
1849,0.110384111163127,0.5454667537617848,0,-4.293095949214227e-07
1850,0.14377728708331555,0.5624691793731497,0,-5.05520313254703e-07
1851,0.14025323746149523,0.0063886171357876885,1,0.005600208447832778
1852,0.2257162339958637,0.5197368184287733,0,-1.7555476236378504e-06
1853,0.0876309447798054,0.26284859866351135,0,-5.743496300863912e-06
1854,0.2529336929533568,0.5773086545434712,0,-1.2954275468155742e-06
1855,0.3027312224652869,0.5280988043230123,0,-3.4773709423668e-06
1856,0.2609288846191784,0.15980120953995763,0,0.0012921427196617896
1857,0.14065153375120776,0.39201717788322005,0,-2.6925038283010007e-06
1858,0.2924800987073712,0.07870087547320459,2,0.012029581449331242
1859,0.12512886525441433,0.10824966343267899,0,2.4752150253556385e-05
1860,0.10675195607445143,0.0725735753081602,0,8.146359068118668e-05
1861,0.14445745767526344,0.19098411173340843,0,-1.5779633400915386e-05
1862,0.03745807002704493,0.44062660882555305,0,-5.912460693795836e-07
1863,0.28649402723383366,0.21754221861470557,0,0.00036203898939428386
1864,0.30874084456895384,0.4298689697905455,0,-9.611362178931389e-06
1865,0.15779459537589474,0.17294314158452306,0,-1.0790380774922039e-05
1866,0.1448757951483906,0.19783909704998717,0,-1.5634437512107353e-05
1867,0.20177822558353117,0.43374913934939946,0,-3.2635724255432495e-06
1868,0.32911999777325246,0.10679579934831147,2,0.008827400327774553
1869,0.03981838715194588,0.5210784050514178,0,-2.70780031900103e-07
1870,0.06644437530284596,0.0810195563855437,0,-1.028359624697234e-05
1871,0.07672782193522448,0.22707229413676,0,-7.323877610579517e-06
1872,0.12534141333501325,0.47102181785731767,0,-1.0493274914282837e-06
1873,0.3247808198230276,0.551482690633735,0,-3.4294504020134808e-06
1874,0.13055176065183516,0.17014358919193684,0,-1.564218263398099e-05
1875,0.056284982560068,0.42625875819074,0,-8.238125045944835e-07
1876,0.10874052047802718,0.1492385476815645,0,-1.566729800049458e-05
1877,0.3057454747514038,0.3649441892040198,0,-1.53460687514741e-05
1878,0.28191610135056844,0.42689751245605106,0,-7.680276123046075e-06
1879,0.224488038282952,0.287621534896646,0,-1.506216872803043e-05
1880,0.26711230535348524,0.12154738367560633,1,0.004851720931525587
1881,0.28767660073213197,0.1855549785551536,0,0.0012520240589972843
1882,0.025198822636128142,0.5222270516974693,0,-2.3131696084447972e-07
1883,0.16419274561088373,0.1882735956510808,0,-1.3685353304562188e-05
1884,0.2157055434145007,0.20325964740305483,0,1.4470336588965762e-05
1885,0.24538868930939745,0.387435503954132,0,-7.906901320896826e-06
1886,0.15551071204222008,0.4255163293149087,0,-2.2346023598780826e-06
1887,0.28134873916549413,0.11647028782417232,1,0.006788726998935286
1888,0.2734058312076694,0.22837229514007887,0,0.00012600925236016657
1889,0.10512282377660373,0.3173639671779903,0,-3.979205600493073e-06
1890,0.03902407867116667,0.03399542355091196,0,5.607594360842777e-06
1891,0.028392277460615453,0.1449953892925932,0,-1.0069641722443847e-05
1892,0.0609201081496948,0.020444599530584084,0,0.00011702175890360436
1893,0.10730728020288355,0.22762479238374408,0,-9.724366797894003e-06
1894,0.0301268353525024,0.4656940645261108,0,-4.2766288240188784e-07
1895,0.3039461528886045,0.13740825932548092,1,0.0060189050121656346
1896,0.2690343386165683,0.13447119969361657,0,0.0036111801814208825
1897,0.33690824226589733,0.4977228628066823,0,-6.577690623246484e-06
1898,0.2568229562177947,0.11891940450471428,0,0.00416895102186331
1899,0.01959360150368561,0.042831946575857045,0,-1.3271169807104982e-05
1900,0.028822067137277637,0.05912656137641034,0,-1.470856462540754e-05
1901,0.035038264891752116,0.02373170205771582,0,1.4954113855430873e-05
1902,0.22738698961861623,0.26939141509142445,0,-1.5799645952051873e-05
1903,0.1799205957039178,0.06376172711774253,0,0.0026755112318162244
1904,0.020252825016954183,0.48793019593467174,0,-3.1024004547075477e-07
1905,0.08364482899065827,0.42490691576933776,0,-1.0973792257429203e-06
1906,0.12527362974131998,0.14204929013733855,0,-1.1345390243720137e-05
1907,0.2095660129106391,0.05688662947027534,1,0.0077931839118980705
1908,0.19756974253520848,0.5571323024990301,0,-9.122449582512647e-07
1909,0.12864277152091452,0.538059691100203,0,-5.547722830697171e-07
1910,0.13787029556198557,0.5183874042817783,0,-7.405484040369524e-07
1911,0.31702396608361866,0.13811721381556474,1,0.006560943475554849
1912,0.019652066073546914,0.1775413002516665,0,-6.811803816259099e-06
1913,0.24736096409064653,0.5289386108565348,0,-1.987058583038284e-06
1914,0.2771675278507709,0.32085588173661883,0,-1.5868209809703344e-05
1915,0.0810659631502075,0.27547112842706517,0,-4.752077995298325e-06
1916,0.19844246838610324,0.31909481311579135,0,-9.678752652349822e-06
1917,0.22004496699257925,0.2697333749707015,0,-1.576489185500913e-05
1918,0.24257295970616113,0.5940447767640489,0,-9.882550161482257e-07
1919,0.24195864736944678,0.2708959853254979,0,-1.4789731235035046e-05
1920,0.11916696885738097,0.4392147034633313,0,-1.3559696165965089e-06
1921,0.03964176497788085,0.5939001573935992,0,-1.3049540893026805e-07
1922,0.12671013250406613,0.030843870624404655,0,0.0013444624859515015
1923,0.27159735837797466,0.4500324316722899,0,-5.543583265081185e-06
1924,0.2662765320167257,0.31253685842059997,0,-1.5853594986596066e-05
1925,0.02846367220072364,0.5163383783451976,0,-2.534805901891248e-07
1926,0.08293246919982908,0.5166862937679161,0,-4.352126228416239e-07
1927,0.11581987501743202,0.3248541170572081,0,-4.1074595249237896e-06
1928,0.12484955533450086,0.3775716628351969,0,-2.656985957448474e-06
1929,0.1412514595688568,0.5618796089734635,0,-4.958461018763329e-07
1930,0.21446247828099327,0.4498471336289636,0,-3.1535256891046876e-06
1931,0.16968622786916515,0.34661116179169005,0,-5.639711960703071e-06
1932,0.34572639654049875,0.28768520504778095,0,0.00020806575888909768
1933,0.1999065598228576,0.21727794485240315,0,-1.1818521713345439e-05
1934,0.16502533978784642,0.06403331305324815,0,0.0015599871340664323
1935,0.3149916734606488,0.5551804466333105,0,-2.9988695684498087e-06
1936,0.24052910597108873,0.09540420172044026,1,0.005457931993220299
1937,0.2378035511176964,0.37975322975940506,0,-7.915701476459767e-06
1938,0.0644461606073523,0.07435613524364486,0,-7.861142279513818e-06
1939,0.129390664903132,0.44504715801592465,0,-1.416598548365776e-06
1940,0.14819631800337973,0.469549360437576,0,-1.3377751107172858e-06
1941,0.08843826423067522,0.48474206580218565,0,-6.328579766453797e-07
1942,0.14133852718845047,0.14683559637479007,0,-5.262124993207195e-06
1943,0.07790261523558986,0.32227534122452745,0,-2.889968789099876e-06
1944,0.05638140854245504,0.5276727545534204,0,-2.991064378132172e-07
1945,0.004326825713338278,0.36467544035501726,0,-9.075702897739997e-07
1946,0.3250978646801264,0.4600861802328744,0,-8.439064721000992e-06
1947,0.2862138735677038,0.49727303837509185,0,-4.011241323696823e-06
1948,0.3268091661433388,0.25123962550437057,0,0.0004397652013937619
1949,0.016674570614444783,0.3307554691757998,0,-1.4412349382823906e-06
1950,0.06116687479188301,0.18472849665570812,0,-9.444262439822686e-06
1951,0.11014568521646348,0.25406513295946026,0,-7.787515438374864e-06
1952,0.028020468245091117,0.01896014951637992,0,1.1322674735508854e-05
1953,0.2077508005483657,0.1864477551013265,0,3.295127956103167e-05
1954,0.06271658890902915,0.5362161197546004,0,-2.925519289657766e-07
1955,0.16741142117270488,0.3234681869207815,0,-6.918643138982752e-06
1956,0.066147978171485,0.4271417927774764,0,-9.010972873472981e-07
1957,0.2451032570259287,0.42414030585646073,0,-5.514420424779188e-06
1958,0.17231922589294954,0.3464515541519043,0,-5.796592779156696e-06
1959,0.28749082069384907,0.4250312659947277,0,-8.245594240760778e-06
1960,0.2799172184644105,0.515758136042329,0,-3.13452837958361e-06
1961,0.2016272313377828,0.0653328971528301,1,0.004971990605244952
1962,0.18547312507190294,0.4560640920011754,0,-2.220361281860797e-06
1963,0.0996149702865027,0.10055476955884025,0,-1.2449994214937508e-06
1964,0.09194986201938657,0.29211387532467714,0,-4.487520301469832e-06
1965,0.08676976126080269,0.4654614782173855,0,-7.547438861592697e-07
1966,0.29536459916836444,0.27001654352371285,0,3.971859285512921e-05
1967,0.07688614242562711,0.026037416937696945,0,0.00019601712634617846
1968,0.28527266809110435,0.4121585754033513,0,-9.117440414318522e-06
1969,0.2838092469436173,0.43710312473336704,0,-7.087570508406696e-06
1970,0.10431349320956047,0.42421155565371926,0,-1.358300276563458e-06
1971,0.060504898773512505,0.41855096560918664,0,-9.281182528268138e-07
1972,0.04886282751508105,0.4381592067996564,0,-6.791325479199766e-07
1973,0.09229620463238666,0.08707905329589982,0,5.5495281502714535e-06
1974,0.2646227186753442,0.38882937302332876,0,-9.35242754361185e-06
1975,0.10791287676470955,0.28885275713771147,0,-5.4268404940630735e-06
1976,0.2691738870844662,0.04905492429935021,3,0.016571738936913438
1977,0.19357641398736747,0.09872400350015258,0,0.0011732187846514447
1978,0.02394399666245273,0.30184951593336706,0,-2.068893457870575e-06
1979,0.1737203782162649,0.04827518993927129,0,0.003785812966274635
1980,0.03563897325059016,0.023597229161866327,0,1.6234740997282418e-05
1981,0.14932467679362066,0.20948436640462711,0,-1.5261028484975878e-05
1982,0.3492446605969768,0.1399451844889126,1,0.006579697484760833
1983,0.13770308460308547,0.25578062379848604,0,-9.92070014048048e-06
1984,0.17932377905309282,0.473690854543188,0,-1.7510466275997636e-06
1985,0.22797601203131057,0.3144296652546756,0,-1.2959519481555048e-05
1986,0.14954830496975183,0.16098677846830345,0,-9.004610888066138e-06
1987,0.3433678770502144,0.3127291026878283,0,5.23075921087055e-05
1988,0.018039389574078656,0.5673615107878246,0,-1.3713068815968982e-07
1989,0.05025029251799254,0.4849796032238799,0,-4.3116217708985533e-07
1990,0.16262189892897191,0.45470549369171726,0,-1.792001992824197e-06
1991,0.0843630814771592,0.009067015568269188,0,0.0005910175177976665
1992,0.29789232618076833,0.4369680529654547,0,-8.12359835222398e-06
1993,0.1962849420571068,0.24236818689913303,0,-1.5807898425096474e-05
1994,0.16626461050576075,0.4808601990947178,0,-1.430830566247476e-06
1995,0.29445583572185213,0.5317779250392044,0,-3.0874606287568616e-06
1996,0.10558757263757096,0.3476419916748638,0,-2.9564060518096964e-06
1997,0.15833470106342631,0.06974995564267696,0,0.0009641583087963624
1998,0.1169430975054026,0.11985542657648575,0,-3.0949401415219303e-06
1999,0.11039506541082635,0.2506740742071296,0,-8.0636608208883e-06
