,X1,X2,Label,f
0,0.18189828607176195,0.1447218679786205,0,9.171649049367038e-05
1,0.34267868066127827,0.23685827085335695,0,0.0012093385034409525
2,0.06735093049660952,0.5545778956558548,0,-2.550130886456434e-07
3,0.29739101306701515,0.18636858619073407,0,0.0016310272358944133
4,0.14387410341348605,0.3048946073592614,0,-6.595052243881332e-06
5,0.3319616105036696,0.47078541252964223,0,-8.135272752830647e-06
6,0.23131313420533123,0.035788868057052614,3,0.01706723261845144
7,0.20844824706763218,0.4212071432253819,0,-3.951204440775363e-06
8,0.3210609387076284,0.5787378904392615,0,-2.5183173173923233e-06
9,0.27680462714050996,0.18112537674348214,0,0.001026734462222656
10,0.19090315445607808,0.09000363429391708,0,0.0014857390174266795
11,0.20337471588709627,0.09919197901482248,0,0.0016395883637416431
12,0.05704757953746928,0.46402305246648223,0,-5.690303024968677e-07
13,0.13458929325511088,0.44945595384786596,0,-1.4277106678235184e-06
14,0.19934705415517523,0.19673758502310398,0,1.4534760835125084e-06
15,0.20843089087105854,0.28418849456625367,0,-1.3995669622376375e-05
16,0.01770325260383543,0.1610640802548262,0,-7.839075122232515e-06
17,0.2974608549502516,0.2296417233429485,0,0.00033962787203579135
18,0.28794806672059203,0.30604126117248104,0,-1.2459678929954015e-05
19,0.33937073781144783,0.06552180015354367,2,0.01192394520948495
20,0.32324469277451096,0.5215683224456705,0,-4.5474905616065315e-06
21,0.19151825505245332,0.40165200274677954,0,-4.057152787981554e-06
22,0.004245853500939833,0.11361645785912246,0,-1.0745674570798236e-05
23,0.27290634399085045,0.07560732853204262,2,0.012005902321007766
24,0.17214004988527146,0.43368667932689314,0,-2.4308842042747065e-06
25,0.031573677935274776,0.4498741268498778,0,-5.082550780046273e-07
26,0.030623398456225685,0.38482438085346443,0,-9.648388543963326e-07
27,0.3375043028647441,0.5674265060055327,0,-3.320014536249668e-06
28,0.09164440215197067,0.48609610165975453,0,-6.446599632120401e-07
29,0.062377229656665374,0.5265532355816099,0,-3.2114069258915795e-07
30,0.04375793194257724,0.29084714459893546,0,-2.813921828260062e-06
31,0.33372083186132323,0.04382038716766823,3,0.015707926902000187
32,0.3010651920765877,0.18948046301495308,0,0.0016415100573398927
33,0.028033072874123776,0.322458962752868,0,-1.7539302000654245e-06
34,0.29375694578818057,0.2929963621201694,0,-1.627164188455975e-06
35,0.2941910623995399,0.4754441672139373,0,-5.388464051586629e-06
36,0.0007983257727992687,0.4475799383912092,0,-3.8241349076095026e-07
37,0.2938866267805062,0.4589365210677454,0,-6.318783492667032e-06
38,0.30572463910991776,0.079642084025739,2,0.01176313819644362
39,0.3440664064345343,0.4117801543979494,0,-1.4703603082945509e-05
40,0.3095158189838253,0.09836077203675354,2,0.009857280393962924
41,0.14769488849342544,0.23261822528456047,0,-1.3123959216583044e-05
42,0.33128682878398447,0.21804996273491548,0,0.0015661367240258227
43,0.06050764709471353,0.5482280427960611,0,-2.5377889406210837e-07
44,0.1292723401423334,0.24264489447349435,0,-1.0353421827343237e-05
45,0.06091402068323254,0.07561364055033026,0,-1.0329493739389765e-05
46,0.03385253918733612,0.4359769311863207,0,-5.974761283243602e-07
47,0.30649215309903977,0.1271123120365031,1,0.007154804373337404
48,0.3113092896014735,0.5454317131879766,0,-3.1861573019183486e-06
49,0.24062921215045904,0.14914030430003933,0,0.0009485744577705862
50,0.21797460110169523,0.3942176831128077,0,-5.671913705328398e-06
51,0.256479114414194,0.3363933404258561,0,-1.3594964500211278e-05
52,0.2352045873594627,0.20987184254581473,0,4.2733395328759744e-05
53,0.08789138096675048,0.19002017204404226,0,-1.1432994596805197e-05
54,0.14716461550911036,0.23262584188806779,0,-1.3071155383416678e-05
55,0.028301180641770503,0.10612065161445729,0,-1.3822525864734081e-05
56,0.3064650857821249,0.019609647223681213,4,0.02344290223804221
57,0.03559634011159915,0.16676006685232983,0,-8.80049467089698e-06
58,0.0004699677101850374,0.11704817329626702,0,-1.0074690138176942e-05
59,0.1670292880634619,0.1453087035483396,0,3.531165374049769e-05
60,0.3287905685762008,0.1031718155036222,2,0.00907954735447448
61,0.07989256181209702,0.13517571642886955,0,-1.5526658805552223e-05
62,0.30800784718950247,0.27502848854165324,0,6.33118513001717e-05
63,0.09045864644401921,0.36798622070641496,0,-2.0749661318150423e-06
64,0.13584172408853454,0.11154863031468373,0,4.340593700551114e-05
65,0.20276116847613523,0.18431783371394442,0,2.637892876366114e-05
66,0.0038384929020080336,0.2842456523582342,0,-2.018246596211932e-06
67,0.09456333198633332,0.3159596803381579,0,-3.6331838672946695e-06
68,0.0038318900826327714,0.5004964308603795,0,-2.3221168038517023e-07
69,0.3426018241058219,0.3762811024822493,0,-1.556118324024874e-05
70,0.18546934285905137,0.4823857800685393,0,-1.7068029665224686e-06
71,0.10398420789078267,0.058607445215313664,0,0.00014798421934528094
72,0.2804442257210655,0.3086507020588504,0,-1.4774897516129504e-05
73,0.12583428563522267,0.34985423795252446,0,-3.537704877744977e-06
74,0.007135170528092121,0.10436206995943649,0,-1.1924604518669828e-05
75,0.21186173215651358,0.4992652000215809,0,-1.8760778277961568e-06
76,0.05080541815621162,0.3600475469071912,0,-1.5120744217871604e-06
77,0.23352522346813342,0.14778922340595838,0,0.0007704936844738841
78,0.15935794380512022,0.4259172683119247,0,-2.31271244390153e-06
79,0.028828980635424814,0.4480118411173244,0,-5.0380535560944e-07
80,0.2744650000991993,0.2999679713431127,0,-1.42893119111509e-05
81,0.25507120068415085,0.3555489224792349,0,-1.1562674637930947e-05
82,0.13435776565525848,0.16746765785333978,0,-1.515328645902908e-05
83,0.2878187392848731,0.1852061088998299,0,0.0012725751624500102
84,0.06661729063100412,0.04672521824683635,0,3.269077603497913e-05
85,0.3043305673618576,0.11431348234704712,1,0.008318518978039462
86,0.2546514080185519,0.5436867833591066,0,-1.8440886751520828e-06
87,0.0677755888883136,0.25049847152000554,0,-5.335363958203708e-06
88,0.34228160011118536,0.10544010120324722,1,0.008443993325014805
89,0.14255966842950343,0.0557384649085441,0,0.0009144391679751038
90,0.29037381909225907,0.014447256199893087,4,0.025717779980520206
91,0.2924986937834972,0.5644121087560121,0,-2.186188713558944e-06
92,0.03550792888587064,0.1331956508060099,0,-1.1875985294140338e-05
93,0.11526257528123937,0.10994275138941571,0,5.49409553990177e-06
94,0.12020174527104656,0.430661518611788,0,-1.4923494290366165e-06
95,0.06005491409665792,0.26121903601094204,0,-4.44519861909577e-06
96,0.12123392535088247,0.44276526948920164,0,-1.3359639777093216e-06
97,0.2616707800279374,0.09145843282057002,1,0.008560873966911993
98,0.15569980331950392,0.03786416350521129,0,0.0030057429897952263
99,0.2846262122757463,0.14177209647924918,0,0.004166293491929039
100,0.038280083844520814,0.15763532066896277,0,-9.819416884675596e-06
101,0.23877351109755238,0.455952343676047,0,-3.7786732633348897e-06
102,0.3431021957527751,0.5197908772080871,0,-5.628597892934511e-06
103,0.3399871554140886,0.5239452153893499,0,-5.239738332262984e-06
104,0.024893178345625364,0.054870401823212386,0,-1.4657226879267701e-05
105,0.23530538584262117,0.5435262613517323,0,-1.522978271756524e-06
106,0.14805649492364045,0.17228579884416925,0,-1.3685509254704121e-05
107,0.21579228832929895,0.5011218328245803,0,-1.915211250431e-06
108,0.010046591448571361,0.0073070713724052265,0,2.920105830095525e-06
109,0.06620435513203879,0.5143485053977704,0,-3.7696302489703666e-07
110,0.26544802575481796,0.2726127966208587,0,-7.298280745528396e-06
111,0.11794921864771914,0.4170261500014109,0,-1.6722504788646339e-06
112,0.32003447740424446,0.10400975314036207,2,0.009242481931374249
113,0.2485460512739922,0.07760855129341594,2,0.009504768303935186
114,0.3011488705940291,0.1847343991492028,0,0.0019026092265784808
115,0.07335919573811532,0.025253234334665173,0,0.00017173731669629667
116,0.08658924645664659,0.14912766483554155,0,-1.5099997718102733e-05
117,0.029779559818474913,0.3576844680492568,0,-1.2550111348295172e-06
118,0.3413484792609116,0.12178386241897256,1,0.007611938762098345
119,0.10798141792355165,0.3697593308116072,0,-2.4279029924773987e-06
120,0.14538386052450114,0.3998901074414293,0,-2.6091785168559826e-06
121,0.3196524172583333,0.5151345546449433,0,-4.677878176858028e-06
122,0.0794171858864913,0.332907343368113,0,-2.6384983951088374e-06
123,0.2774239474747124,0.28080278209990084,0,-4.836057321089195e-06
124,0.06949410561172469,0.3449985384091668,0,-2.1179525714842965e-06
125,0.32236754586130334,0.14027313546976183,1,0.006545739527860043
126,0.10229363906195522,0.21773394717483566,0,-1.0166645870388698e-05
127,0.2672639969900234,0.37585655960754466,0,-1.0774494905095985e-05
128,0.27658315216349355,0.0680647326208617,3,0.013338333953731482
129,0.23072764958478437,0.05600855822182511,2,0.011629309386154672
130,0.0820285590506693,0.06321858217716776,0,2.9828561873670437e-05
131,0.20752751900323782,0.31403382664102597,0,-1.0987607872598826e-05
132,0.16283674864496162,0.47609469260985504,0,-1.4501773241551394e-06
133,0.05874609281848246,0.5627019701827369,0,-2.157527712234086e-07
134,0.2935579626649962,0.29782716834140993,0,-5.660416760928727e-06
135,0.1264749984055005,0.10155243615382141,0,4.5576276096195343e-05
136,0.33833351140524454,0.4411474497432854,0,-1.1312349547452518e-05
137,0.22295378790965367,0.017822638325538542,4,0.021724397836135778
138,0.30070457820828606,0.5481933559802769,0,-2.789283166227659e-06
139,0.14849916564622762,0.004508916475585645,1,0.00776894194832491
140,0.21698255381457882,0.025972473882917856,4,0.017859010863266963
141,0.21183636393829508,0.4926256366818165,0,-2.0042540387623923e-06
142,0.13214886749269705,0.550805759614388,0,-5.057856647679147e-07
143,0.0922807015276032,0.5105067000801548,0,-5.082551590073564e-07
144,0.0807379956247115,0.4041537144977177,0,-1.311795127285231e-06
145,0.2335564998424005,0.18521402243547008,0,0.0001549446407873939
146,0.20081405651447487,0.10914512865008819,0,0.0010246218670195068
147,0.1899540719716697,0.5638809216012273,0,-7.90312706974133e-07
148,0.06610465605663916,0.22097758551198085,0,-7.010522064586224e-06
149,0.3029019954118753,0.12582953035328695,1,0.007122019893416501
150,0.14001258956458348,0.37343831564766367,0,-3.220333241667123e-06
151,0.21462466231398358,0.12901055552244536,0,0.0007906517990142509
152,0.1784318370600291,0.05112391602234103,0,0.003986447080266372
153,0.059276625205840094,0.19792687075468157,0,-8.196014149597488e-06
154,0.2800998147446989,0.09910054527285747,2,0.00898036455040772
155,0.04454489904903488,0.013061343432621041,0,7.129006670987093e-05
156,0.18090180706368741,0.1489161122626236,0,6.840154156932874e-05
157,0.20785152291617293,0.24271473048333503,0,-1.541483063786249e-05
158,0.30606269439541084,0.12988579241260104,1,0.006868650949181682
159,0.21457845347889662,0.14391877681020687,0,0.0004300162628120321
160,0.10617802034932713,0.585988474081741,0,-2.745075136148876e-07
161,0.00551587807155306,0.426165296320779,0,-4.965938159537894e-07
162,0.06891794998302922,0.39223653190256313,0,-1.3132753146352718e-06
163,0.19275921301999174,0.4202225833519605,0,-3.4141706419752275e-06
164,0.015672454813886915,0.08350126176079964,0,-1.470403157054393e-05
165,0.05228925831828397,0.112477523282801,0,-1.5256111648040013e-05
166,0.1106577750805054,0.19699218501900095,0,-1.2990502649615067e-05
167,0.34552109468110814,0.07819810106380255,2,0.010247582895195005
168,0.024307592101649914,0.3233731755608375,0,-1.6745143116116653e-06
169,0.06704750609676549,0.5991225896895204,0,-1.6285306595024768e-07
170,0.17405912892615633,0.35571557398212517,0,-5.382176691252484e-06
171,0.10316533267271007,0.10956747987923178,0,-5.720931909343774e-06
172,0.2404058414213765,0.5764987439147494,0,-1.1525380040424291e-06
173,0.10058670985309143,0.37965062017275303,0,-2.043054359965059e-06
174,0.04065320491447281,0.12518835346898818,0,-1.3175973624659092e-05
175,0.248182090094356,0.4237196545128365,0,-5.707400600156965e-06
176,0.07341753535910545,0.1230045366643335,0,-1.5720128305790497e-05
177,0.04240120658802112,0.3941513564926115,0,-9.886415989813443e-07
178,0.0014353095527276814,0.5121466170756819,0,-2.0178601015481225e-07
179,0.016001809935704957,0.17534854787790796,0,-6.716045708021143e-06
180,0.011388634745094,0.42775791981559524,0,-5.182783087036006e-07
181,0.3142908150639042,0.03799358005176179,4,0.017859971299410454
182,0.045316986243965046,0.340154759961988,0,-1.7463714762335803e-06
183,0.32674810643462104,0.24735285201015736,0,0.000508917285607608
184,0.1716378127705924,0.351385674201728,0,-5.484747329705071e-06
185,0.15112138683312604,0.4308385197920083,0,-2.02812610739393e-06
186,0.07750554388109179,0.18995275095971462,0,-1.0447452252705512e-05
187,0.2672457816985377,0.047428321599904,3,0.016865365892106556
188,0.32513647642083543,0.16155462428500358,1,0.004990631768043373
189,0.28431025221837913,0.041253059621131835,4,0.01814224332142876
190,0.03623534472326866,0.5496501173842214,0,-1.9633157516333313e-07
191,0.05158451847928858,0.006502652667450781,0,0.00014875678550432288
192,0.01654799751250193,0.5231813638765479,0,-2.1015202554736034e-07
193,0.2871876525742275,0.22878996080639527,0,0.0002308429076467826
194,0.2532447184309281,0.3513794920405743,0,-1.1793871083379113e-05
195,0.15975226018480193,0.07846322340245804,0,0.0007145103969751475
196,0.289010953380493,0.551474600772973,0,-2.4027344417604143e-06
197,0.09849025583739447,0.530418707232699,0,-4.4313826756929873e-07
198,0.11525270669326379,0.5878695531288125,0,-2.9494454030576817e-07
199,0.01136096695970231,0.38746324368095086,0,-7.752383837080972e-07
200,0.23718042551174093,0.1124366303963984,0,0.0030450639112471183
201,0.19818254409726596,0.2596769069723759,0,-1.5176471490245448e-05
202,0.0059211477557476406,0.01866034341839786,0,-9.324544644911134e-06
203,0.2822495276422354,0.4344887374881348,0,-7.160684685852072e-06
204,0.14187612042086992,0.5090168869433196,0,-8.464714924940802e-07
205,0.15615172720112558,0.34006224010002056,0,-5.26553947447983e-06
206,0.22754186050803502,0.17994369302342036,0,0.00015039062613844613
207,0.3185602539373379,0.1494444902000074,1,0.005672980781103523
208,0.03103583864338373,0.07933868713375647,0,-1.573658723310711e-05
209,0.09885620434159273,0.2547284009970438,0,-6.939470030565597e-06
210,0.08207857876017813,0.31232427318054584,0,-3.3271186318931562e-06
211,0.20403127304505078,0.1611715348567299,0,0.00012147907765537281
212,0.20070006162816284,0.4372125853772106,0,-3.119145328709226e-06
213,0.04258664877580217,0.5404828001634421,0,-2.2927381700461928e-07
214,0.004119347363825387,0.596499531955869,0,-8.916643509324816e-08
215,0.07141896431029188,0.2606079949432284,0,-5.00472231923359e-06
216,0.1387868156227173,0.13632112678424854,0,1.92595627906156e-06
217,0.1560638292828323,0.47492958141645847,0,-1.3712767578800812e-06
218,0.2153741675769858,0.16023388586858045,0,0.0002174439986645692
219,0.2711712499081204,0.492541174541699,0,-3.6214874165412677e-06
220,0.3356746150577434,0.3619753261281546,0,-1.4636693588128663e-05
221,0.047109750234358067,0.48472816278110975,0,-4.1889938546776777e-07
222,0.12910553135802694,0.31002256605875655,0,-5.426139342589748e-06
223,0.2513138129432429,0.5931590263698301,0,-1.0878924806273518e-06
224,0.03531248202111206,0.12975734687679216,0,-1.2196890198708603e-05
225,0.12920461001774625,0.3490437526541845,0,-3.6879290735904863e-06
226,0.26749158806512013,0.025081516753367405,4,0.02234981109912502
227,0.18217865146143633,0.2715764372687982,0,-1.2675987114813793e-05
228,0.3471320838112574,0.33112298459784634,0,1.6752643378910296e-05
229,0.07090726895431006,0.31922185006217935,0,-2.778740128376617e-06
230,0.10459412609303978,0.25710879149528176,0,-7.168638222137151e-06
231,0.038898008076477156,0.5064229864044303,0,-3.106494861721129e-07
232,0.09252869658279853,0.051530939213853544,0,0.00011887194592388193
233,0.09364240570604267,0.2867053012454645,0,-4.814810811079846e-06
234,0.2084590751760424,0.06596251490638534,1,0.0058527105401292
235,0.012203472032819867,0.40702839649098554,0,-6.428697776513164e-07
236,0.061527953526417545,0.3145045873786015,0,-2.6527029126511786e-06
237,0.1529593560862211,0.277330859229718,0,-9.360440122278307e-06
238,0.07315079282213025,0.3908811920033223,0,-1.3886582299626001e-06
239,0.09732696521672016,0.05860078375348105,0,0.00010516714647022282
240,0.18273141059491274,0.05116117550165498,1,0.00455050887204602
241,0.024415221524122357,0.5964352360883539,0,-1.0927761601361568e-07
242,0.21712644333349448,0.48582287312731837,0,-2.261367502935122e-06
243,0.15139337387492674,0.13829541210229487,0,1.6846317973126424e-05
244,0.29007257937414993,0.4842085019689522,0,-4.744499000711224e-06
245,0.10252569196873554,0.000612696168976079,0,0.0017636807931288912
246,0.1246480116980055,0.025761918106565338,0,0.0015216938674422972
247,0.16739911015987022,0.5520900534380492,0,-7.099448806469448e-07
248,0.1365137179638974,0.3163209298000694,0,-5.485159639125346e-06
249,0.09839301915191659,0.08803607214399065,0,1.2884035561436102e-05
250,0.253990989409919,0.5147693585510369,0,-2.445503651939529e-06
251,0.235559412076895,0.04029540635426982,3,0.016353380703717786
252,0.3113953532047264,0.42565304798432,0,-1.0231973434812912e-05
253,0.26672281176171914,0.026407419741474845,4,0.021959034196808776
254,0.3003238534387825,0.40807082382155024,0,-1.0846646820263656e-05
255,0.24765715475737093,0.37910144862949874,0,-8.74427983419169e-06
256,0.02791443001374481,0.2687121197048082,0,-2.99683148188753e-06
257,0.1881706061959435,0.30183057477353586,0,-1.031601725305015e-05
258,0.10636804321630575,0.5707580049269023,0,-3.202731820038522e-07
259,0.3096463404997007,0.1442524193199911,1,0.00568710759636711
260,0.06889552828445306,0.4167663833171313,0,-1.0274087302441217e-06
261,0.2507747986504934,0.0022354464077128486,4,0.03046118652981668
262,0.30268288027188334,0.3900286187225128,0,-1.2855578526234964e-05
263,0.23442434715192254,0.15211685458640825,0,0.0006725484806866145
264,0.20812455905347885,0.5618206485881109,0,-9.671630318451736e-07
265,0.14352395411250365,0.19780395181714744,0,-1.5580197993978343e-05
266,0.2329539613409896,0.4273117232263146,0,-4.740762774455505e-06
267,0.12751961203471057,0.11872923354678455,0,1.0136450075212443e-05
268,0.2824946714107921,0.5635028089352959,0,-1.996817701119603e-06
269,0.10206841144981997,0.2344729112677546,0,-8.690499347612469e-06
270,0.32324722066023664,0.0632275990928889,2,0.01301432491649406
271,0.24602864566365396,0.0034232416596239545,4,0.02967202004026558
272,0.24159786579690265,0.16045754306075652,0,0.0006348971398947669
273,0.07164425219673609,0.5960957780755354,0,-1.757436256017202e-07
274,0.25254601530347515,0.19598811135105942,0,0.0002224524594384318
275,0.048110976410235165,0.2685612774058033,0,-3.66992912638138e-06
276,0.18905150260618625,0.13614300515361094,0,0.0002010913810660295
277,0.22142282752930417,0.2448002614850832,0,-1.3669282385840828e-05
278,0.17735245473275024,0.3384196903580165,0,-6.587783154728888e-06
279,0.15456989217134787,0.03924054311273073,0,0.0027444676700249947
280,0.07245071456178478,0.30928504976449933,0,-3.115957946482564e-06
281,0.029981794789241664,0.44622446872012433,0,-5.188311212597035e-07
282,0.03888859338711483,0.027329675696164134,0,1.5369646047341754e-05
283,0.018730008037703305,0.35553245882573076,0,-1.14832477409986e-06
284,0.22522913722574595,0.19807240730770795,0,4.875662345953677e-05
285,0.3063503063762562,0.33731694295293607,0,-1.5211733950226457e-05
286,0.01781168054658662,0.0666567590904655,0,-1.5728205557528683e-05
287,0.18441134025768868,0.2228998337565341,0,-1.5632816394069317e-05
288,0.08332740220296103,0.263618325397574,0,-5.463768648793367e-06
289,0.23461807493074718,0.2831510014748493,0,-1.579892555771926e-05
290,0.1100290059222453,0.377235658145009,0,-2.2996820299646842e-06
291,0.22520148986352373,0.4296194152341465,0,-4.291187174947534e-06
292,0.2758943078441844,0.2698065028739652,0,4.2251245476749775e-06
293,0.174270512881978,0.5291908133589436,0,-9.559741150380846e-07
294,0.0765983734251626,0.22508611485050392,0,-7.456405510213049e-06
295,0.0017654544355584943,0.42359892991369,0,-4.907672923555565e-07
296,0.008797089708790638,0.2052824137053036,0,-4.659267752058017e-06
297,0.24640353262502165,0.5593629893058928,0,-1.4521965130448997e-06
298,0.2888526641343615,0.20181308030712666,0,0.0007306973369719062
299,0.13068142817632333,0.43630089335186223,0,-1.566076626556019e-06
300,0.18190132412546786,0.27260176819174536,0,-1.2546620407192369e-05
301,0.24065410565887363,0.16706824500029435,0,0.00046901800992144786
302,0.19760842617409047,0.46234492319381043,0,-2.353520943746573e-06
303,0.242449954360733,0.15365048723577845,0,0.0008536636054223859
304,0.2500662685491147,0.31546452977419154,0,-1.4891290700882794e-05
305,0.1538408518359855,0.1814429156524378,0,-1.4391152807221993e-05
306,0.27769832471270695,0.2801769473763978,0,-4.150808477856408e-06
307,0.20580085973940784,0.4893839408680305,0,-1.9493131973062855e-06
308,0.2201173572512735,0.2175383303747836,0,1.16408819414131e-06
309,0.20329029284283953,0.5055135256215391,0,-1.6180919723100866e-06
310,0.0867362389430705,0.1055686007375753,0,-1.2012372848951765e-05
311,0.023842015785695017,0.28033214015500635,0,-2.5624194178146355e-06
312,0.12457347602676133,0.5287769208574086,0,-5.84495125537562e-07
313,0.09383315300600069,0.2530311328329045,0,-6.7189769397804204e-06
314,0.27128361891988806,0.48120624237463155,0,-4.05834830313754e-06
315,0.19498463149045375,0.5338380552944164,0,-1.1221444106963868e-06
316,0.2064153156089371,0.39182420905298126,0,-5.18286283059599e-06
317,0.02787990089234998,0.5148094592383822,0,-2.5588930812723666e-07
318,0.1416216397131202,0.29195589851224857,0,-7.316899979005362e-06
319,0.33327672937723957,0.43770398356428636,0,-1.1156983920782573e-05
320,0.21572572143592916,0.2238303579807539,0,-7.48486867758519e-06
321,0.13140423805732013,0.16357409546791443,0,-1.5041731426836885e-05
322,0.17532656502232355,0.32878149065169165,0,-7.094524939106017e-06
323,0.22128175382117238,0.23105820715697742,0,-8.494477604037989e-06
324,0.1801241840255319,0.08859575389076109,0,0.0010524658979519728
325,0.1528337994929754,0.33155142048278624,0,-5.542756491610351e-06
326,0.03738517854791351,0.04735614057284305,0,-7.84205607303135e-06
327,0.03534959725000441,0.05770413572210515,0,-1.3043136815568295e-05
328,0.23197795611691086,0.09831470118588648,0,0.004086215828540016
329,0.17630652457026497,0.21706273980121404,0,-1.5721906605797106e-05
330,0.18126227890251173,0.3341264540400571,0,-7.134411454304121e-06
331,0.3278034884361058,0.3255935380796004,0,-8.197868798634387e-07
332,0.08787018153215076,0.5026870295621777,0,-5.259111151486318e-07
333,0.019723547087159104,0.34793030960972965,0,-1.251368383659785e-06
334,0.2885584305012212,0.01377222623064811,4,0.026006815382917423
335,0.3392037848885469,0.36480639024696465,0,-1.452768306095384e-05
336,0.10311280906889099,0.546949127179346,0,-3.933681248708877e-07
337,0.27660445390936705,0.16022753353358196,0,0.0020582475936169694
338,0.009996988184050303,0.4645597878475754,0,-3.5375267293755065e-07
339,0.10562986113938375,0.29356639540827734,0,-5.064539813367065e-06
340,0.23627378353472347,0.2939165746389632,0,-1.542718762059847e-05
341,0.11285936143086335,0.12735150279779955,0,-1.0357412717315558e-05
342,0.22739562872977778,0.5477373969737726,0,-1.3494226517855822e-06
343,0.00821093458869332,0.25503772907753786,0,-2.822435822990642e-06
344,0.21312120259573838,0.5980603465381543,0,-7.076234269754217e-07
345,0.2634111461047767,0.060679953241236984,3,0.01410757070813165
346,0.26605589569000976,0.47414435899708174,0,-4.133546707334324e-06
347,0.10274063459981134,0.43353213001985724,0,-1.2181665830320164e-06
348,0.3177107306249313,0.3122501619257449,0,2.701849291094524e-06
349,0.3364826226440305,0.5436824662131206,0,-4.162424995893398e-06
350,0.292899531951979,0.4682376345348036,0,-5.712061913020567e-06
351,0.1424283686642431,0.4628693057974451,0,-1.3501564371878868e-06
352,0.035617446260905065,0.17549145636435062,0,-8.1033185122137e-06
353,0.19704568733143527,0.5098297494329534,0,-1.4561679318091917e-06
354,0.26663931069309166,0.4081986543547336,0,-7.939680004538967e-06
355,0.037016664113882464,0.5556239859593559,0,-1.863956615716458e-07
356,0.3272079953931867,0.2479093364615744,0,0.0005066030781216647
357,0.026001795279393867,0.06379096560326032,0,-1.5494915714159537e-05
358,0.19211003211718708,0.041145007723327076,1,0.00808446848942119
359,0.0010327619320801118,0.15956326416454966,0,-6.7707073314677535e-06
360,0.11510067660097842,0.2883902647314153,0,-5.850946336269393e-06
361,0.081759018015993,0.24724043778650998,0,-6.320129451158213e-06
362,0.2548012780708074,0.13127949698421276,0,0.0027616117864806776
363,0.18090870121651645,0.13364936337063144,0,0.00015444342018723392
364,0.3292964374659387,0.44250461710566946,0,-1.0324248503215869e-05
365,0.31875023618373544,0.49089428002662916,0,-5.890083562100625e-06
366,0.10347828277299262,0.07108875859361874,0,7.360366881531016e-05
367,0.2682177961916155,0.23965177930147274,0,5.0888930160429736e-05
368,0.3215825487099538,0.22412051208789152,0,0.0009803762047482683
369,0.04377609431665255,0.2731858072229512,0,-3.3566705242155083e-06
370,0.14275299166373576,0.32597058320030176,0,-5.303015038094581e-06
371,0.283495240942622,0.45637374502619366,0,-5.853394153232546e-06
372,0.006985750114243316,0.47386159012251566,0,-3.1278006981572276e-07
373,0.34183570265965924,0.5048009079069662,0,-6.440064002678043e-06
374,0.1110492845393091,0.13382107103746962,0,-1.3252544064813781e-05
375,0.027198519319976827,0.1480982834021135,0,-9.682630991356904e-06
376,0.15595315855783665,0.04285531550765145,0,0.002517024982222451
377,0.31698130410676845,0.06318992786736996,3,0.013306029940012409
378,0.06956872899949285,0.525809384835495,0,-3.476313967029548e-07
379,0.10223659755738991,0.20248004599426728,0,-1.1615396678800887e-05
380,0.15301452748311098,0.2342698493754276,0,-1.3480816935494258e-05
381,0.035304062747799084,0.11088322264310509,0,-1.4029783922884317e-05
382,0.015046963656741545,0.40020822352309166,0,-7.080719369634071e-07
383,0.26086680629205755,0.22875697334926987,0,6.37680178508382e-05
384,0.08561882554522952,0.10035067194187215,0,-1.0393973611062972e-05
385,0.27887775348830596,0.39258268223379095,0,-1.0291508813866523e-05
386,0.1603121435285663,0.4836362055934368,0,-1.311407655209727e-06
387,0.24806208513518016,0.1960797638623532,0,0.00018127404517365682
388,0.33750179454845886,0.45776337827750746,0,-9.680561571254773e-06
389,0.29667720783338014,0.15054321671973017,0,0.004232549346281625
390,0.2627412381034391,0.021891631376803965,4,0.023273695339099603
391,0.10175549264945535,0.008556661553967171,0,0.0012383766198892073
392,0.18667499744633004,0.30285081147773874,0,-1.0084686909366133e-05
393,0.10401696092442589,0.5257681901034128,0,-4.9057282021855e-07
394,0.22831324398429542,0.4619272111897129,0,-3.208741713174625e-06
395,0.22544908060451266,0.33581170469870225,0,-1.061659319062725e-05
396,0.23732585686336052,0.28278988842610847,0,-1.5837157111432785e-05
397,0.23065813018700626,0.5668297501013265,0,-1.1518555584516167e-06
398,0.09120781552592175,0.40176562466453974,0,-1.4915232411852278e-06
399,0.15232172889429801,0.05759398475265376,0,0.0012432010230358375
400,0.019884721616238898,0.2288341808158169,0,-4.116319080567639e-06
401,0.025185261774665846,0.15967159449818275,0,-8.529976052070596e-06
402,0.02304322617512376,0.4698427398030486,0,-3.822564707034628e-07
403,0.07558268573693029,0.39541834804240134,0,-1.3596919260723642e-06
404,0.1323071774016292,0.40265859752220384,0,-2.227771811940469e-06
405,0.0664510225388169,0.031763355312474026,0,8.524497748473038e-05
406,0.12695231847421504,0.5515563840714376,0,-4.766210956178323e-07
407,0.2174015401041791,0.2808084384822735,0,-1.504163355674007e-05
408,0.1912357228459471,0.027100392976698195,2,0.011726514845073276
409,0.31797643380950646,0.28576413494607056,0,5.969494620407924e-05
410,0.0020415110826745796,0.4653347486372618,0,-3.2420499826694257e-07
411,0.13378136668426185,0.14114141116993448,0,-6.51698248593376e-06
412,0.28593766226572537,0.08433413428693556,2,0.011224008608058176
413,0.040660025873658266,0.3058358212362345,0,-2.3490374156744938e-06
414,0.006183165185075057,0.0030879603326211314,0,3.3370852134112707e-06
415,0.011858727904062926,0.3860224084273961,0,-7.904089196155842e-07
416,0.18732054181123625,0.3456538714832506,0,-6.764341043695111e-06
417,0.05251457302094582,0.10733910512835351,0,-1.554587744347089e-05
418,0.04949683037600729,0.2807882487808588,0,-3.294050651029147e-06
419,0.3016625183627728,0.5334318516667181,0,-3.2625858967463186e-06
420,0.04687729827699136,0.013362561514523752,0,8.019411218697768e-05
421,0.061927229358148504,0.4448062246421823,0,-7.240269451957669e-07
422,0.2602233624471043,0.39834683557766887,0,-8.205746837004229e-06
423,0.24623710620360417,0.5562002334264234,0,-1.496348890822224e-06
424,0.32992547848336923,0.22667585867535492,0,0.0011586060407351153
425,0.25474827454448734,0.02015425149462333,4,0.02364307015702751
426,0.33000638420795814,0.5957469830329575,0,-2.3230012481901368e-06
427,0.02452391327731124,0.09951643164629977,0,-1.4084420297800962e-05
428,0.08567378099426891,0.12335733845585226,0,-1.5510213756947237e-05
429,0.2621653588958852,0.5975132157262864,0,-1.1606323512189283e-06
430,0.29064849555655964,0.39418456515245814,0,-1.1255025612540385e-05
431,0.3170114016643945,0.3417673240297051,0,-1.4288056036784602e-05
432,0.027081409484974193,0.11906244099364688,0,-1.2442229181680866e-05
433,0.03282347373547154,0.3577090577472986,0,-1.2934302453493879e-06
434,0.2580373551509858,0.3560653914750019,0,-1.1803295285460148e-05
435,0.0514728281710648,0.24661582807847904,0,-4.71935576756758e-06
436,0.11998438944703545,0.4033182326889246,0,-1.9571359353824132e-06
437,0.12910765404004132,0.4053819777471564,0,-2.0998772572632693e-06
438,0.3145844417924499,0.40272309935386913,0,-1.2773873098281822e-05
439,0.08424234340482754,0.48119781203832784,0,-6.287824901544259e-07
440,0.14908989439414014,0.3257563214139558,0,-5.656319971184154e-06
441,0.1460337324509436,0.273618930353926,0,-9.085837074184846e-06
442,0.1447132103587673,0.5964936319406512,0,-3.6311312513161895e-07
443,0.2243384818244802,0.2523325066997481,0,-1.4600589062294825e-05
444,0.20851623386589926,0.5148285277578147,0,-1.5531383091703853e-06
445,0.3441263896651913,0.29747561880329165,0,0.00012398868313676873
446,0.343865584168271,0.4472468175566133,0,-1.1255510755713005e-05
447,0.1149718867649594,0.2985279273921119,0,-5.287860421118139e-06
448,0.25172407474660213,0.5441946184104227,0,-1.7819785141384111e-06
449,0.18728288248352037,0.2145869783310668,0,-1.4400668931391757e-05
450,0.08261456276034201,0.5492576548842238,0,-3.1323609797393e-07
451,0.054723738584668884,0.051906537461865465,0,2.873770574181239e-06
452,0.022480152394472895,0.5865737590170007,0,-1.1829422365602675e-07
453,0.24763919141849527,0.010105238178329845,4,0.02695115863401591
454,0.2809071686600042,0.5268925417569728,0,-2.832823628587153e-06
455,0.25126745583324744,0.24331483263186893,0,7.0323381285315486e-06
456,0.17014058554115807,0.5978601222841997,0,-4.6169609635354195e-07
457,0.09529022342842844,0.39939404044230614,0,-1.5908333428926164e-06
458,0.014016059092472593,0.20434230649469884,0,-4.952206924914038e-06
459,0.2672840383679918,0.29908653275279307,0,-1.5218141499286667e-05
460,0.10869085618071954,0.41758359420187974,0,-1.5161747065616152e-06
461,0.08149708655569979,0.25217529478502454,0,-6.006180177622601e-06
462,0.1937206601156698,0.24246759027505507,0,-1.5773844915170502e-05
463,0.24329811269981094,0.2737151562321245,0,-1.5000326487302986e-05
464,0.2678821176698073,0.0076921655207493386,4,0.028525955775085637
465,0.18382666086211588,0.18291228809712182,0,-1.1627265432613987e-07
466,0.34266580803653385,0.25846722182074794,0,0.0005875390461768944
467,0.14058872217535873,0.40569821845405096,0,-2.3472100936325255e-06
468,0.1286795129404344,0.0956829003798927,0,7.523164446222681e-05
469,0.13486886931264586,0.4151329367230275,0,-2.0176220031176853e-06
470,0.012620010489199618,0.46873294997473125,0,-3.483018815675212e-07
471,0.21984427304683135,0.13428108787629492,0,0.0007826038293579157
472,0.30163246775475594,0.048415777131616954,3,0.016238037272007788
473,0.19852956468590177,0.0684334730854381,0,0.004115496396194447
474,0.1447147016251816,0.2959181073356128,0,-7.255239601298709e-06
475,0.2525475656985071,0.2638602259104373,0,-9.507973832433823e-06
476,0.16221500206661235,0.3364037511974193,0,-5.794525650876836e-06
477,0.05753907219909498,0.35449884924021813,0,-1.7094614937267044e-06
478,0.3433822298786604,0.03014418541738821,4,0.018675763913016456
479,0.24372755662225262,0.0365288916734986,4,0.018234974173817656
480,0.15883756818566525,0.2841604679029574,0,-9.277161403081024e-06
481,0.11955039346882157,0.4851245393248034,0,-8.60127670655731e-07
482,0.1647826104195024,0.5047751895019572,0,-1.1100258060207351e-06
483,0.232593439491405,0.13779763911353188,0,0.0010907657696256378
484,0.15402179042806505,0.20941566274447698,0,-1.553088573134921e-05
485,0.22024978209568297,0.21948258298360468,0,-6.572935055589642e-07
486,0.006659394595128509,0.45463697775576833,0,-3.778448109727014e-07
487,0.16104008419130236,0.5171428719336654,0,-9.449489757945121e-07
488,0.06528821046755398,0.40818994329693414,0,-1.0797951113119228e-06
489,0.20456866579770108,0.38646820175081276,0,-5.365869342719913e-06
490,0.11068682257876854,0.5767032407803707,0,-3.150878444500426e-07
491,0.1143490885526604,0.5631695440336626,0,-3.7418562381582497e-07
492,0.26740140573261345,0.12120819199224919,1,0.004920164169351918
493,0.1987266074344983,0.39278619413037685,0,-4.7583913429302795e-06
494,0.2860115499350634,0.41146657187188185,0,-9.239622253583383e-06
495,0.19144866556003517,0.4537947214898761,0,-2.4106732886539007e-06
496,0.28218330294931193,0.27738615773466674,0,2.625208340769811e-06
497,0.34791897344019346,0.0312712744068514,4,0.018155746874618055
498,0.11117529752849921,0.2948950429095876,0,-5.279645364196429e-06
499,0.27852714868408135,0.14149849963647745,0,0.003702484635697258
500,0.2566724467139791,0.4843071065392302,0,-3.403594477618964e-06
501,0.2952468145051061,0.24209535009873728,0,0.0001803879041422156
502,0.1838235989882271,0.45926462043688393,0,-2.1154109259215518e-06
503,0.014923219303211914,0.2146407136805869,0,-4.511938785948802e-06
504,0.20602598485202311,0.5248991054755844,0,-1.369948630914465e-06
505,0.29253383686173157,0.4877374857894248,0,-4.694263521854962e-06
506,0.3173635681590112,0.10030352549926054,2,0.00958376790319276
507,0.20502475428959038,0.14426822367938488,0,0.00028329494579656586
508,0.2916932627719791,0.489895681541749,0,-4.556862914081002e-06
509,0.03217133980787033,0.436085019120842,0,-5.868920254491359e-07
510,0.3183682753336326,0.21829768956090556,0,0.0010786199044856097
511,0.26688590135643125,0.4821644406307334,0,-3.848249922884241e-06
512,0.22940919818056774,0.34606761414298204,0,-1.0031770461163941e-05
513,0.3195613033416823,0.42491813872796697,0,-1.107092846111669e-05
514,0.2147460416696534,0.542603068797605,0,-1.2520737414281508e-06
515,0.13993046904721787,0.44492713553291474,0,-1.5756222627305923e-06
516,0.20596255384895168,0.103870535080086,0,0.0015092888436583558
517,0.3156404306485982,0.570452236622921,0,-2.5917358838236857e-06
518,0.05554247827684471,0.3550779002208413,0,-1.666053400862214e-06
519,0.20431735485607988,0.40013620982868053,0,-4.675581934747671e-06
520,0.011950843935253551,0.49859703004655775,0,-2.5665898476407787e-07
521,0.05761766672735089,0.48301685516945014,0,-4.7328381699495506e-07
522,0.24467488227002582,0.39549559179292704,0,-7.266635376014563e-06
523,0.2347376029384843,0.26603791943544236,0,-1.509433234924478e-05
524,0.15503250749716468,0.47623812322210657,0,-1.3395961626845232e-06
525,0.20956710538832563,0.2757656901829944,0,-1.4827270780753233e-05
526,0.287288261757045,0.5885563768410796,0,-1.6307185146622814e-06
527,0.06260662066929741,0.14334362534385525,0,-1.354190853936075e-05
528,0.037781477239759914,0.3381647945983198,0,-1.6523477201613595e-06
529,0.06339886183364618,0.2955030728137808,0,-3.266874863694543e-06
530,0.26943555090932025,0.5686015403949307,0,-1.6660086761296557e-06
531,0.19530825682071182,0.17697182520806823,0,2.635189088864592e-05
532,0.11475476371117985,0.006684422976697224,0,0.002221205151805745
533,0.24060513304106407,0.26639100752018097,0,-1.4244280731988067e-05
534,0.27137489367465917,0.36225939707267085,0,-1.251011260475586e-05
535,0.015308552585356787,0.4249591538224519,0,-5.542726046251956e-07
536,0.26001121427613433,0.2597937386507266,0,-1.65878599067265e-06
537,0.03256786520954891,0.04390586195350843,0,-8.612633711254606e-06
538,0.08965471317509202,0.5307667713219159,0,-4.043041292433545e-07
539,0.23158450904453035,0.19250117266868308,0,9.719629010573403e-05
540,0.1729335291897052,0.1986753216922938,0,-1.406947730868326e-05
541,0.05802746519116734,0.4845902189534721,0,-4.6780659954067823e-07
542,0.26701355060272863,0.44983848690845735,0,-5.309281651640478e-06
543,0.014362155103345623,0.30397062961932547,0,-1.8407264443675035e-06
544,0.1884279231943765,0.16716022975862796,0,3.349578797220961e-05
545,0.2619611365310304,0.09967445215074967,1,0.00730072246324076
546,0.08937073880941693,0.10330366930660417,0,-1.0038925902844476e-05
547,0.31269848915432097,0.48152147362256836,0,-6.086311675491391e-06
548,0.03246798876552394,0.5988264081939842,0,-1.1563276505764378e-07
549,0.05090337996029515,0.25190001655817856,0,-4.453126866288488e-06
550,0.274297549683638,0.4934283264072198,0,-3.7028395191544995e-06
551,0.12941755453742174,0.43374406734910265,0,-1.5864803229308847e-06
552,0.18411115839705014,0.23805389705436156,0,-1.560399419273782e-05
553,0.01155406519480301,0.2049134031985998,0,-4.805771832106339e-06
554,0.15004994114491815,0.44812386163065826,0,-1.6882267951690043e-06
555,0.33334478370998766,0.4463335325708973,0,-1.0343500811770363e-05
556,0.20076603806479376,0.11706577403772024,0,0.0007480224293134134
557,0.14445075812796238,0.18065584045032246,0,-1.5449148893762277e-05
558,0.06664123871807905,0.2621240633876589,0,-4.7025375535985715e-06
559,0.315352453978816,0.2160530354518679,0,0.0010596613006165153
560,0.08912382834261634,0.23511352606264935,0,-7.636639204554886e-06
561,0.17911888238601348,0.1909330174916102,0,-9.335197295555432e-06
562,0.22485578182090538,0.5030358444978668,0,-2.056643627310813e-06
563,0.2655677813857361,0.30122760965442147,0,-1.5563703820768024e-05
564,0.007440539769125598,0.22266549858396154,0,-3.867712641844937e-06
565,0.25654163460683793,0.5858804112632517,0,-1.2326284881913478e-06
566,0.32996339869518093,0.1347798682902195,1,0.007040049261077594
567,0.2835466207916233,0.3490413716640478,0,-1.4884845995010557e-05
568,0.2475881398516966,0.44620452577929054,0,-4.543205343634114e-06
569,0.014712146463931963,0.0696692029783178,0,-1.5539650715649453e-05
570,0.11444798981249087,0.43516612726998616,0,-1.3470078988680413e-06
571,0.110328053587668,0.48272979201366867,0,-8.034751586794159e-07
572,0.22971666183697276,0.30916629578475485,0,-1.3643783049222956e-05
573,0.2962029142016737,0.09530387563115483,2,0.010112963724748564
574,0.31124099211942036,0.05370823980677437,3,0.014947726507065016
575,0.31914152312538724,0.45512918969344257,0,-8.360875044291597e-06
576,0.3126183039479507,0.46144752565637026,0,-7.394576898487036e-06
577,0.15345567399957924,0.2931134645773358,0,-8.105531093731521e-06
578,0.026921817966398424,0.08596480834953073,0,-1.5326505634400017e-05
579,0.34546506285080575,0.018473192037372122,4,0.022653290300476376
580,0.10306308981630416,0.14833810915312937,0,-1.5764342722222696e-05
581,0.10506170731800608,0.21840286256888933,0,-1.0360185395590809e-05
582,0.03631248116728403,0.4513479802609751,0,-5.250948419316637e-07
583,0.1075474995951041,0.11258864991552364,0,-4.746158767370821e-06
584,0.20682624711376685,0.40123179883919274,0,-4.7412846894706535e-06
585,0.13221942298469636,0.08798710835207392,0,0.00013752718718810386
586,0.25827691600280106,0.37205639976205296,0,-1.0289630548450599e-05
587,0.15079999060051508,0.3660837388480727,0,-3.857564585009906e-06
588,0.12044925429862334,0.10044870994907797,0,3.2074696098150975e-05
589,0.149911177203749,0.29697878303396946,0,-7.5500939469066494e-06
590,0.29329572191965114,0.5369461085258505,0,-2.8987041116823702e-06
591,0.21906165464207208,0.5668129959006615,0,-1.0261748404933234e-06
592,0.08501810846098692,0.47529796306159333,0,-6.721810082488149e-07
593,0.17206400687001225,0.17884828017851287,0,-6.3482946394143046e-06
594,0.032547989868379125,0.49125461419563077,0,-3.393114618285902e-07
595,0.2462686602069981,0.313286179091693,0,-1.4761391947023663e-05
596,0.07265724792467773,0.03488478384871811,0,0.00010089134176241217
597,0.3234809569194153,0.2905227333174063,0,6.190529016880211e-05
598,0.26301398165506146,0.289559814708932,0,-1.4449710467599193e-05
599,0.01088029604907853,0.5484012251733437,0,-1.543185821117044e-07
600,0.333315186182277,0.06536907594856729,2,0.012249270412705671
601,0.16170697605011966,0.31367463539263635,0,-7.199456112875562e-06
602,0.11293926060765255,0.2826849146185814,0,-6.058458543917799e-06
603,0.07167278730831238,0.2860826889625503,0,-3.896183890091131e-06
604,0.1823222679675195,0.1444032162955751,0,9.546130776548622e-05
605,0.2266948251648597,0.14490554585094137,0,0.0006668867987981718
606,0.0077401017060951755,0.11663978029740076,0,-1.0790055709346795e-05
607,0.021244091754068172,0.36135660565742483,0,-1.1109109820273264e-06
608,0.3218895300522127,0.40204296448370547,0,-1.3560664945579798e-05
609,0.033982075187805535,0.5767311134175197,0,-1.4642191668563616e-07
610,0.2915406056089452,0.4646095169203947,0,-5.841194858630794e-06
611,0.14413291293496613,0.5754019263429553,0,-4.4577831331098135e-07
612,0.2933321733565297,0.5750471757953314,0,-1.982260971714057e-06
613,0.04975073581778191,0.37461910005301563,0,-1.293394899627384e-06
614,0.17085027769859598,0.14299763248843325,0,5.354499759369113e-05
615,0.20630629992758964,0.338837969557557,0,-8.663313734652833e-06
616,0.24217756975686613,0.5866497218776805,0,-1.0598925302001503e-06
617,0.1804346280826501,0.17188371152581441,0,9.076774089075238e-06
618,0.2698451027746456,0.16647128616001833,0,0.0013673581233124607
619,0.1944324948241867,0.24004283162198503,0,-1.5808286701756874e-05
620,0.1511434547186492,0.26353165451975663,0,-1.0441344442118516e-05
621,0.2988070657604312,0.07226588823164677,2,0.012769895151236138
622,0.27228677081623454,0.5470811765538764,0,-2.125188482548648e-06
623,0.05028283407237034,0.3050914243337014,0,-2.6049946818307e-06
624,0.3472796942998745,0.12837158823060268,1,0.007129645908227697
625,0.12301893437488326,0.379142271758045,0,-2.5683453044092313e-06
626,0.08343319433889795,0.478646341798043,0,-6.3984014075008e-07
627,0.2883540561690131,0.42288774654412303,0,-8.48412533023912e-06
628,0.1653177901673311,0.17246923093939392,0,-6.551324172569213e-06
629,0.23255051845318123,0.33816250547256754,0,-1.1068166643269989e-05
630,1.472602946515633e-05,0.4758902842204439,0,-2.8588077161943287e-07
631,0.34851140021287885,0.3053119773867811,0,0.00010391754984353121
632,0.026126931608813714,0.14919069877099475,0,-9.491716847024799e-06
633,0.3315607879224885,0.29334332819087544,0,8.221445353688656e-05
634,0.052246807215106744,0.20411759408600494,0,-7.218915613176543e-06
635,0.3451474918083828,0.46929718784755253,0,-9.337084780504383e-06
636,0.3135699813582092,0.42171560680180503,0,-1.080505129401798e-05
637,0.326608912270981,0.34425964876847054,0,-1.2523795166287734e-05
638,0.16077460549804992,0.061281553791015096,0,0.0014817254201120458
639,0.3295450534085745,0.3415304738731733,0,-1.0384959850152396e-05
640,0.14263713187665067,0.5057927903760278,0,-8.808702473917035e-07
641,0.3398322223332144,0.17822725008441279,1,0.004403599508280299
642,0.014122165715720236,0.010253612562397495,0,4.240517591636154e-06
643,0.04014961900942199,0.23926993267091917,0,-4.537445413046539e-06
644,0.2786521640915941,0.512010274071428,0,-3.213183346076182e-06
645,0.13464313483448834,0.45172350809408296,0,-1.396460964173685e-06
646,0.03881435958152959,0.4682111691143439,0,-4.548376956960184e-07
647,0.18501874091850948,0.17741195982132787,0,7.688837255953763e-06
648,0.07796863234724721,0.49026405979000853,0,-5.39409260001374e-07
649,0.14952584964237517,0.5528605218093885,0,-5.893722209810348e-07
650,0.201044810252771,0.4875794586226277,0,-1.8928379579799115e-06
651,0.2842214477449995,0.2017263304034935,0,0.0006214460248750041
652,0.08323034401324636,0.25326260452040583,0,-6.044238625868352e-06
653,0.3149272987031348,0.2588426161111174,0,0.00020027448832188668
654,0.3369684055463894,0.14497179873755506,1,0.006438001209062402
655,0.18617085371441877,0.01594323177076684,3,0.014180728399170077
656,0.07414158484038942,0.48392838591657367,0,-5.53138744517865e-07
657,0.0004963363364114459,0.2406715750918449,0,-3.0163874661231113e-06
658,0.11785847585988346,0.26648014064069175,0,-7.442022568107037e-06
659,0.16671619875457677,0.48404215363469655,0,-1.3922947108582626e-06
660,0.2224840504808075,0.4972072467226963,0,-2.1290130987675585e-06
661,0.18465235967916438,0.08692822093267823,0,0.001330611102632828
662,0.01563404216982159,0.2519813237872662,0,-3.133315125237723e-06
663,0.06989475874207557,0.5988761074825745,0,-1.679641389217335e-07
664,0.32872169599006035,0.45260573786260916,0,-9.36455047421834e-06
665,0.2624178029846581,0.40921914851148694,0,-7.550777865161172e-06
666,0.12375276287418883,0.5146061206753202,0,-6.679750561888503e-07
667,0.20124486976609593,0.42301066777272167,0,-3.6129428724549967e-06
668,0.07416498392327782,0.517321429955596,0,-3.962017771668675e-07
669,0.09710270700146367,0.11287024305844459,0,-1.08671318396161e-05
670,0.34742956529131236,0.3711181885048482,0,-1.4192433305536587e-05
671,0.1053641725620204,0.005571799088604346,0,0.0016139854306707476
672,0.34765970409388053,0.5056777839930758,0,-6.757242314873051e-06
673,0.28961402268230974,0.44305226317075547,0,-7.076552358229155e-06
674,0.12539603153952772,0.4948848529553336,0,-8.270385938480938e-07
675,0.23535176067332034,0.07399364901944099,1,0.008419882557240833
676,0.1701713081945996,0.167459147014567,0,1.8915036572186531e-06
677,0.23783805371483585,0.07216227720270725,2,0.009141668361125278
678,0.3348847026495862,0.2110611199740298,0,0.002073866168066782
679,0.27455632277711306,0.03058252826968817,4,0.02080861507262615
680,0.15946876907912677,0.02276878445335002,1,0.005838240086992795
681,0.27678516164886935,0.434821690550398,0,-6.769622345991603e-06
682,0.20886439917216457,0.27490549359263516,0,-1.4839762552145565e-05
683,0.010579444323444646,0.41231926557570514,0,-5.999294568583893e-07
684,0.174947115767324,0.2553853020596747,0,-1.3556602790802074e-05
685,0.34758224149127964,0.544064350265597,0,-4.6280369786585746e-06
686,0.10950188817478147,0.42397504175709017,0,-1.4338914588654704e-06
687,0.3110227253802437,0.049467968162638584,3,0.015676146015235114
688,0.24766549330525692,0.12370424860059483,0,0.0028682082604055215
689,0.23850572895192437,0.3564844069509295,0,-9.909960502213443e-06
690,0.1823014031985147,0.5111826033390592,0,-1.2400650673150495e-06
691,0.29481705539638814,0.5754906630927031,0,-2.0029187124275683e-06
692,0.3013908096580109,0.5303145236611508,0,-3.3564517403582825e-06
693,0.34836416077489674,0.1817145415292457,1,0.0044727501359818605
694,0.040332183363753306,0.317360857781362,0,-2.086706639051283e-06
695,0.2277081642614373,0.5027556034178272,0,-2.1218981650477095e-06
696,0.10149892754485007,0.1866479097412123,0,-1.3108362939197175e-05
697,0.03416154334886648,0.5885398180970619,0,-1.3034698684922006e-07
698,0.2514566052355313,0.2659842707333806,0,-1.0961872982056537e-05
699,0.2794214831649499,0.14641055436875297,0,0.003314337896760381
700,0.33230121120896117,0.2287597250057093,0,0.0011614681319675935
701,0.09932349404943107,0.07485358064421628,0,4.486578086530837e-05
702,0.2905512455233855,0.46435872132345024,0,-5.7990869618116665e-06
703,0.10604282769492691,0.46708564659916285,0,-9.001716969441752e-07
704,0.22522901866509307,0.006182993568299167,4,0.026618004479659674
705,0.031184208818899554,0.11128449224507399,0,-1.3606234737750688e-05
706,0.1727501799813599,0.2873816553334513,0,-1.0229167448658045e-05
707,0.32063187091379597,0.138570025154596,1,0.006632858293425872
708,0.0025140285771374947,0.04273111833176608,0,-1.5623975433892586e-05
709,0.04532606631869948,0.5439693778331651,0,-2.2756007558564384e-07
710,0.03807054527994201,0.4658640401589546,0,-4.621927023422633e-07
711,0.0986231505315657,0.4398332510735825,0,-1.0977225177618093e-06
712,0.044853031805252006,0.0659866629730311,0,-1.2698419693046739e-05
713,0.043634663845177064,0.33346013580788836,0,-1.83612881267779e-06
714,0.10211370349815832,0.49815120356306514,0,-6.34427312813639e-07
715,0.11962410972787876,0.10974174638774185,0,1.1895598009549075e-05
716,0.09178043801165339,0.4368947615992323,0,-1.0557976908785606e-06
717,0.3190740652474781,0.33147032170384094,0,-1.0487856115053632e-05
718,0.15784605059711018,0.3703370539067226,0,-3.965745684482167e-06
719,0.06777071271188506,0.5241095672889041,0,-3.472979180931655e-07
720,0.14659326519693752,0.12130663566856119,0,4.6099063557217825e-05
721,0.16486104174219765,0.40728274026244743,0,-2.9426409177143483e-06
722,0.13154699860905497,0.5381941161275761,0,-5.703273750791566e-07
723,0.02836405684257526,0.16866167571846646,0,-8.071291095651147e-06
724,0.030695750706355673,0.38091031329343894,0,-1.0040740044223107e-06
725,0.34055650352694994,0.5182141488921301,0,-5.575566076381643e-06
726,0.1587027380119367,0.35283962654988665,0,-4.758558956761269e-06
727,0.15350635344981575,0.14367120451227622,0,1.1382031509435903e-05
728,0.11234508911130227,0.10670406386796238,0,5.929901080534758e-06
729,0.2444520123550872,0.5372008825800807,0,-1.777306372058237e-06
730,0.18488639074688742,0.03267303629683196,1,0.008677982820633812
731,0.3070615804410149,0.08154384065298419,2,0.011528968415892238
732,0.13195511536155247,0.43129587161138655,0,-1.6674801415941195e-06
733,0.041568595239804246,0.28468919691634176,0,-2.927694131712395e-06
734,0.11715974507212751,0.26966757108052986,0,-7.1676424992344e-06
735,0.0831441684471966,0.008696665288436623,0,0.0005701462000753129
736,0.137146717666346,0.3787616744900686,0,-2.967880192461266e-06
737,0.3307254257283216,0.5299727627424712,0,-4.505070127451427e-06
738,0.23768764208716622,0.20705596801925236,0,5.986193424029902e-05
739,0.10255970089699856,0.44092210847321867,0,-1.1293632820831798e-06
740,0.13281266906631836,0.5067683862394401,0,-7.908238274603551e-07
741,0.11394190161507015,0.44598515173294223,0,-1.202819052161269e-06
742,0.12954209696828192,0.15598649635207396,0,-1.4131396061346094e-05
743,0.10122283945515743,0.4141931719503758,0,-1.4557731411258462e-06
744,0.060264886176674644,0.500735051567762,0,-4.0705872405405534e-07
745,0.018582524264003503,0.4268369884074266,0,-5.620455398254494e-07
746,0.15269447578693746,0.30074248548792043,0,-7.478693591406132e-06
747,0.3116832483290599,0.5985997406885092,0,-1.8810560830755705e-06
748,0.1700377396661445,0.1694535571589523,0,-3.0687700681756266e-07
749,0.19642023212925505,0.20248738773354713,0,-6.026485071179016e-06
750,0.09386703997706418,0.3226131344613976,0,-3.3766492636418037e-06
751,0.027394110618378528,0.3624012265838532,0,-1.1690132408448215e-06
752,0.29004494645376,0.3285939670645965,0,-1.5763541969472974e-05
753,0.167368657782778,0.029742579685844726,1,0.005868773271275692
754,0.14397377721041932,0.08071783913812466,0,0.00033494356121947674
755,0.09424723703484111,0.4110014828468956,0,-1.4018720662578012e-06
756,0.2592916218349121,0.35001973336058984,0,-1.2528378149823215e-05
757,0.2646695076513399,0.18068982700304412,0,0.0006818605278417794
758,0.0006857273898209392,0.5862093400694358,0,-9.549785304785872e-08
759,0.20671030334678037,0.25620915902432,0,-1.5763380585530316e-05
760,0.03173318624589721,0.37434812438221166,0,-1.0833331152114887e-06
761,0.1748985694225105,0.2481654157799852,0,-1.4226909839036953e-05
762,0.3385345262452868,0.09414045620954856,2,0.009315749829337935
763,0.01917534358111661,0.1358309866035343,0,-1.0065811045612017e-05
764,0.13720456451550667,0.4253169774466324,0,-1.8653558145793176e-06
765,0.31622679636451095,0.48387911676759654,0,-6.155951564278934e-06
766,0.21676041812085517,0.2699063755504781,0,-1.5647365594276364e-05
767,0.058474659629707965,0.25315638828194137,0,-4.740552811189527e-06
768,0.19142793899985436,0.27349605392564563,0,-1.3396462203147634e-05
769,0.3416250557042723,0.005040414041681118,4,0.02922851099796354
770,0.25195347938453677,0.5004392695873974,0,-2.7648984143324913e-06
771,0.12362404853135149,0.149234667828872,0,-1.394971393220012e-05
772,0.2900603803653227,0.37079583084539225,0,-1.3509783859833806e-05
773,0.16952053766374456,0.31558184936870226,0,-7.620727740896313e-06
774,0.34096121723484946,0.4122977547194033,0,-1.4387012546069496e-05
775,0.20199882406824252,0.5013153466188928,0,-1.6658300180432438e-06
776,0.002950636871147849,0.2754779644586034,0,-2.183604371547422e-06
777,0.12957948212886744,0.05663204593623578,0,0.0005175788475387496
778,0.13228607713768076,0.019246466049437628,0,0.0026242606184846418
779,0.10997308576088947,0.10623250072707104,0,3.6106418192383512e-06
780,0.008965041616515783,0.4773858006933304,0,-3.079788113120794e-07
781,0.24759007587624515,0.42410637790056943,0,-5.652751866760543e-06
782,0.2648888173557616,0.4757537334301844,0,-4.021139664302359e-06
783,0.06295171635352799,0.2850014170913056,0,-3.61123399559231e-06
784,0.25796870499353547,0.5003878752891474,0,-2.937021351354938e-06
785,0.04752174604156309,0.13980403169184483,0,-1.240995658350903e-05
786,0.023637743468032532,0.18622258873428568,0,-6.5066046805657135e-06
787,0.017625913565001428,0.10777004667708132,0,-1.2625434312449217e-05
788,0.1195775456840993,0.2598435544668119,0,-8.063445766968531e-06
789,0.01183736754820187,0.3405566972668887,0,-1.2450765668316638e-06
790,0.25541658500131115,0.24621666887934826,0,8.64930608082179e-06
791,0.16499425110286145,0.015469019776174386,2,0.008737091699925603
792,0.2766704034970311,0.05496047513077953,3,0.01554268613783865
793,0.2208679519567295,0.5470902832649497,0,-1.272550946352562e-06
794,0.21073232639391024,0.19508695786260058,0,2.036159203982433e-05
795,0.34378480528307465,0.14441856507218165,1,0.006452543098074661
796,0.14653767307233403,0.1720118634022163,0,-1.396062281263001e-05
797,0.2522715201315021,0.01674496870316886,4,0.024701651498509145
798,0.18373065065923305,0.5055625748868745,0,-1.330571524951865e-06
799,0.21510609476521353,0.11136746331226545,0,0.0015737007214240957
800,0.21728499668531656,0.08682241091334593,0,0.0039070682054067685
801,0.0789431016279405,0.5716641770748329,0,-2.4134604045682653e-07
802,0.22574607060354174,0.16081813213824833,0,0.00033226122099948443
803,0.34565762674614064,0.33640199754655253,0,6.626968953907589e-06
804,0.24370912911154086,0.23489900460885685,0,8.341393402447703e-06
805,0.15190803816195686,0.10944780402896033,0,0.00012404413250807837
806,0.09961327184435208,0.09474984501212814,0,5.049746501977823e-06
807,0.33872197388334113,0.29776909779056654,0,9.40116638279396e-05
808,0.03457439953712445,0.19453936201999333,0,-6.674295509276453e-06
809,0.21980941438130497,0.00843565774589219,4,0.02490473905077845
810,0.2606776025143372,0.2140244971307689,0,0.0001385248259295359
811,0.24403116027615013,0.06146946806403368,2,0.012233780685728259
812,0.006616552440574319,0.4794596274536989,0,-2.946630564213319e-07
813,0.24655726704077663,0.40705630848394253,0,-6.61415809489444e-06
814,0.16487219187619095,0.1408125193454875,0,4.1827331708302845e-05
815,0.2858089995746836,0.1287341123241056,1,0.005674905509070528
816,0.1761535455027043,0.18177495418921197,0,-5.571200953163178e-06
817,0.09664750399062787,0.3880765792155703,0,-1.8056661931500405e-06
818,0.16205080587586546,0.0759470511652128,0,0.0008679356525973388
819,0.3334080288754711,0.4759620682422771,0,-7.8499596095838e-06
820,0.2888794527156277,0.5143207798492576,0,-3.4760524611806263e-06
821,0.3062042872826188,0.20798205185876384,0,0.0010460730106086758
822,0.27369520071202547,0.2587374798981412,0,1.7339845259528868e-05
823,0.28857268961951443,0.5332067283536125,0,-2.8707354788250004e-06
824,0.1067267505986914,0.44414324239073166,0,-1.1400264983565556e-06
825,0.11304379212673747,0.43036737223554294,0,-1.3935343563229324e-06
826,0.2996487336971006,0.31428635131104715,0,-1.1291255149428125e-05
827,0.04544361233583872,0.25992827336673946,0,-3.894627806510589e-06
828,0.2358997386886102,0.380514554672782,0,-7.716294873794126e-06
829,0.184805724228139,0.5556349151165599,0,-8.152456658174586e-07
830,0.27099296268925105,0.1574509448871435,0,0.001913607144408704
831,0.20089698733366043,0.44885979380516167,0,-2.782409612241542e-06
832,0.012231830669197374,0.1572695623218684,0,-7.714356110649064e-06
833,0.08327815008317108,0.5583031445635269,0,-2.8804950447280277e-07
834,0.2292847578772921,0.10790387586963021,0,0.0028021763456346047
835,0.16623079925996587,0.15967437219911043,0,6.540707898875517e-06
836,0.02330752499180098,0.003618910284773613,0,3.257992942346538e-05
837,0.23298928614347508,0.09269186448207298,1,0.004942024475348107
838,0.31923046474118283,0.28088154481896743,0,8.423308538607575e-05
839,0.17995448832777766,0.176062242211002,0,3.1012084322546454e-06
840,0.24823244280112036,0.36791430567852695,0,-9.754682766588762e-06
841,0.10011482301906917,0.384319303915178,0,-1.9407662098704727e-06
842,0.09593223550423056,0.5712392292161206,0,-2.871912025700265e-07
843,0.2958829852590647,0.4568917596858148,0,-6.572944277960971e-06
844,0.21481012087679208,0.3611793632699111,0,-7.590904090914556e-06
845,0.031044171141556234,0.3103935715071981,0,-2.0390930443766123e-06
846,0.10191306472041532,0.11882765906464914,0,-1.1340087782241972e-05
847,0.2737850856778246,0.599653891417293,0,-1.2756599301346516e-06
848,0.34235255701671896,0.49101601143737267,0,-7.399972333206669e-06
849,0.23445513745954616,0.00014988106834579185,4,0.030321893885046754
850,0.2612800098129727,0.2511402231525092,0,9.865400051919784e-06
851,0.3287100083381564,0.47388739761596366,0,-7.65581368890129e-06
852,0.20627145665850213,0.4065881009563422,0,-4.4713828575325805e-06
853,0.2821909002811104,0.5907457957287033,0,-1.5163697633350762e-06
854,0.029751956154417235,0.5146513227545971,0,-2.611320141925136e-07
855,0.21742338605632286,0.5432596006328628,0,-1.2775577282955493e-06
856,0.12249228544601355,0.35610932608654905,0,-3.2151429802109976e-06
857,0.2392240008981587,0.4099987343456353,0,-5.982294213676557e-06
858,0.08766524423563099,0.5263499131032341,0,-4.142486767141149e-07
859,0.09833906113655395,0.21828556674982577,0,-9.75880069681213e-06
860,0.16702840556262297,0.32745588413144416,0,-6.630403036388618e-06
861,0.0227506631147716,0.561539642943442,0,-1.523551226703931e-07
862,0.3496181017201633,0.4936564674357521,0,-7.735212089153404e-06
863,0.2816834896647668,0.13382852111902102,1,0.004757572555426767
864,0.32113140208633445,0.11856766590659197,1,0.008150377920913672
865,0.24828246375599183,0.3299541669052454,0,-1.3425888973420304e-05
866,0.3091304112599986,0.2082822459810895,0,0.0011342977200323192
867,0.020298805164914183,0.30449407855413896,0,-1.942931973712424e-06
868,0.06065207096203529,0.3993360083842831,0,-1.1263725919044835e-06
869,0.18208306993736373,0.3385773062197172,0,-6.887241708232897e-06
870,0.06625516830449477,0.1321273639288522,0,-1.485544856680731e-05
871,0.1639955507195065,0.35228185889987845,0,-5.041861827302799e-06
872,0.13666073721162064,0.34075436120213415,0,-4.31264972935992e-06
873,0.10316993193417137,0.4745395353155801,0,-8.118929725561606e-07
874,0.28813599741841606,0.09025373866114805,2,0.010524219141002822
875,0.3303717910782335,0.547410420310359,0,-3.7751859520923352e-06
876,0.2101717553293349,0.44630377868569115,0,-3.1303921634012194e-06
877,0.28594675184365836,0.4145365048057593,0,-8.97321076927291e-06
878,0.22512042972162014,0.4890327034713444,0,-2.3716475631801823e-06
879,0.007815925668459133,0.029564433177803662,0,-1.2854815383197736e-05
880,0.018986605738620918,0.26605889560427654,0,-2.8152042049503843e-06
881,0.03818473382692882,0.5153553776992801,0,-2.820877749316867e-07
882,0.23695879446188112,0.18888637641433492,0,0.00015238429219220547
883,0.21242196282625345,0.40085815729730184,0,-5.029358520593179e-06
884,0.15068606397501544,0.001804001675162037,2,0.009074235796446806
885,0.09108030582632819,0.42289489763590454,0,-1.2059682521803719e-06
886,0.30462487940713984,0.5287125411722797,0,-3.5218088186859602e-06
887,0.19061426128024805,0.3450091399373754,0,-7.027902755734264e-06
888,0.19704388574605028,0.015403675949614603,3,0.01729716166225366
889,0.15795474240111457,0.24000082051770086,0,-1.3403538820032773e-05
890,0.1614369082337168,0.2680721098156918,0,-1.0984419155535149e-05
891,0.18965382866793282,0.42168250634944876,0,-3.2624930705446987e-06
892,0.23481380901205257,0.03344556217744854,4,0.018193903548847236
893,0.29315616316302645,0.052769248623500895,3,0.01573992277152793
894,0.01789967596304473,0.015204791334578416,0,2.8537499560671903e-06
895,0.2297847438575203,0.2541516381198148,0,-1.3919775830916108e-05
896,0.25031365138187966,0.17177676107262463,0,0.0005646605334001779
897,0.1071967106999189,0.468228632633793,0,-9.00254921033794e-07
898,0.18634600941060014,0.3677303241738303,0,-5.395305263809926e-06
899,0.27540184679816904,0.2058655349436114,0,0.00037724732958917376
900,0.04838880757933845,0.1695265853980701,0,-9.659166862689808e-06
901,0.051647838806244226,0.4472904312079614,0,-6.373528915895458e-07
902,0.2361615916388921,0.5326489593702289,0,-1.7124321590789324e-06
903,0.25381027463753714,0.31483516390467287,0,-1.5214764532209593e-05
904,0.282929073203153,0.18963483229703773,0,0.0009298204171396523
905,0.19043971098517615,0.42235518623691287,0,-3.2661260180137313e-06
906,0.2284055871655664,0.3432785121343097,0,-1.0195515579317952e-05
907,0.16166349449611953,0.25985927375286494,0,-1.1806905507414307e-05
908,0.3490289127659859,0.09967271465388895,1,0.0084798772120691
909,0.2548601321928144,0.20652227312773527,0,0.0001513268576755234
910,0.3427078950156893,0.2404018871763337,0,0.0010839450091585886
911,0.339288203770417,0.05443903696179029,3,0.013494779718419014
912,0.04692303731676347,0.539764920249387,0,-2.4114758533573314e-07
913,0.29507820386483224,0.375239703259927,0,-1.3564642301403724e-05
914,0.2829831428257979,0.3132172317433985,0,-1.5066206500671353e-05
915,0.10657092220269507,0.336119677896912,0,-3.3490906237811747e-06
916,0.12682804752418694,0.4258708464742544,0,-1.6725898681945287e-06
917,0.17189406035340812,0.3621166459506041,0,-4.945411156325209e-06
918,0.12248845730551032,0.10408229810820499,0,2.821138803683971e-05
919,0.23836404558034038,0.09125358531483989,1,0.005814328358029525
920,0.06370696750682558,0.5798826535414238,0,-1.909246158975667e-07
921,0.1916355400058197,0.15395413399350114,0,9.35233391752755e-05
922,0.11863806501507156,0.32553798781486415,0,-4.195343495312176e-06
923,0.30431998603152605,0.5690196109203537,0,-2.3488062366052872e-06
924,0.2565650174757293,0.4211217607729803,0,-6.3555309624762695e-06
925,0.24043357820484967,0.5673813041593079,0,-1.2628642082646298e-06
926,0.19582986777052902,0.22716779003660315,0,-1.5028917284293989e-05
927,0.33474616538547486,0.25530305535502057,0,0.0005016835975579592
928,0.049567091850919245,0.17075332389996303,0,-9.654731081313558e-06
929,0.22377037459186655,0.5803219936628223,0,-9.396661693400989e-07
930,0.21066279347631675,0.5466367697287572,0,-1.154579939573019e-06
931,0.20512291567865465,0.13294354733401972,0,0.0004637467103913269
932,0.2902666571457682,0.48593151849460325,0,-4.6731345572195315e-06
933,0.1695903385453827,0.40144263647052664,0,-3.2695058150098622e-06
934,0.2893149634055072,0.10789188033766195,1,0.008408383350515138
935,0.27118732257186073,0.19552530872605867,0,0.0004868679575715852
936,0.10299023976042891,0.08464238291544476,0,2.8420490352213117e-05
937,0.2800293434327031,0.13237467217742502,1,0.004776579754357379
938,0.2864229239366083,0.249233258296086,0,8.255312625005146e-05
939,0.2094412849594893,0.35019380327630195,0,-8.01208242963765e-06
940,0.3461229295317539,0.17936077951579926,1,0.004547604116127279
941,0.006126110834623377,0.5974837887177749,0,-9.008099504392244e-08
942,0.24528477458877493,0.30311274324776954,0,-1.5418223303159523e-05
943,0.2634345112176966,0.5204230468818297,0,-2.539261261663287e-06
944,0.07470838296920679,0.11306071937502482,0,-1.5546037918956657e-05
945,0.20040930821062272,0.05926360977942584,1,0.005809395440363356
946,0.2010414596437598,0.4223744858844803,0,-3.6285633581980636e-06
947,0.3037920161770043,0.15466585934406868,1,0.004349830788343501
948,0.23520827476467518,0.043831736655163045,3,0.015359247735916954
949,0.31824450241106017,0.45269946302855246,0,-8.483475703465927e-06
950,0.11615903105852116,0.4154125185911383,0,-1.6693477341880112e-06
951,0.15399330425802688,0.2816146626838259,0,-9.08146049118755e-06
952,0.1045612387348501,0.05195088890378119,0,0.00021058549088128425
953,0.18076613367315955,0.3754037438398317,0,-4.7329657521117335e-06
954,0.17243696886709747,0.5119133799837279,0,-1.115622967484057e-06
955,0.22833795311527086,0.5986119468951363,0,-8.191344127279172e-07
956,0.04397099623684814,0.044994113791398234,0,-1.0844520460021162e-06
957,0.05105480218478648,0.5628565339961195,0,-1.9949048491172888e-07
958,0.2664340168570541,0.2050986103128872,0,0.00027004152399866623
959,0.23173820975192952,0.03075145514742343,4,0.01862089750535178
960,0.1409452426599459,0.0015992420572680465,1,0.006788115745229141
961,0.1659776125614168,0.029189185457772247,1,0.005732065880871061
962,0.24353130167899667,0.11523885890659925,0,0.0033263226746703695
963,0.1479658433223398,0.5932033435461548,0,-3.8764488874160534e-07
964,0.016041912976523364,0.06818187564874667,0,-1.5648282726931388e-05
965,0.06969847719891509,0.1427032182527423,0,-1.425935526510925e-05
966,0.11975586280988636,0.01005835139491924,0,0.002351269031886612
967,0.22979808611201574,0.4147369086075825,0,-5.2042650637847145e-06
968,0.2684011816917639,0.49209421351400195,0,-3.53890746452211e-06
969,0.2085048215699243,0.3117811394771176,0,-1.1299624400228099e-05
970,0.09339988823450568,0.34491768966790687,0,-2.6904330613713846e-06
971,0.30013690658280184,0.09395054088838872,2,0.010303016658045621
972,0.05243647907683127,0.08564921305313289,0,-1.5100149240583463e-05
973,0.10583802321502,0.5354352015995314,0,-4.5354438805864883e-07
974,0.22935036370542455,0.5844881477289637,0,-9.529399365850017e-07
975,0.22646034668380804,0.09254675088975847,0,0.0042052764106155615
976,0.04967997526624429,0.08618394643848844,0,-1.5410208918647227e-05
977,0.20754817065796685,0.36792199450130875,0,-6.628256617913707e-06
978,0.07751131266185474,0.41470012608512513,0,-1.1430884232469664e-06
979,0.02629476461151692,0.5346517928671568,0,-2.0653931062362288e-07
980,0.3123720567016737,0.21590024340533662,0,0.0009703127226100262
981,0.3104403602266899,0.49708968785332175,0,-5.106562426408638e-06
982,0.16155502450088427,0.45888889632320345,0,-1.7004256666993773e-06
983,0.12153182209355064,0.054218712282706825,0,0.00040763483311475495
984,0.2801008108685556,0.22177873206833834,0,0.00023231940194258117
985,0.3063783717795685,0.5098451112013007,0,-4.3232449587035525e-06
986,0.3397917655597301,0.5688147372497887,0,-3.349680064540229e-06
987,0.12269933483014236,0.5378543326953052,0,-5.238828086228316e-07
988,0.060303111564390145,0.0358235860456636,0,4.561933878134661e-05
989,0.17075127139612098,0.12330817773653954,0,0.00015712307195119246
990,0.21814568727491931,0.2863062907097195,0,-1.466749955047049e-05
991,0.00649474517660275,0.07304274889781186,0,-1.4806590383496707e-05
992,0.2760430609163393,0.5387358868399615,0,-2.397983938935128e-06
993,0.15186315179430918,0.40885556568833015,0,-2.5449185892923805e-06
994,0.26557144062849447,0.5671518532918522,0,-1.6264322521934813e-06
995,0.16008991672838033,0.04833767941152815,0,0.0023732943958049524
996,0.2637927092994511,0.5536080703696583,0,-1.8294045142560757e-06
997,0.07039781238168281,0.1720216318880877,0,-1.1484782709657442e-05
998,0.1332427044982918,0.04085720457813278,0,0.001159168202829425
999,0.3282168201409203,0.08562059910884769,2,0.010422173693613085
1000,0.30845858418709116,0.2471260175972168,0,0.00025425898523370017
1001,0.18304757504256292,0.4429319213342564,0,-2.4710689864111234e-06
1002,0.09377015137778143,0.5498297008528895,0,-3.4815366126733254e-07
1003,0.1463432132828248,0.2709610639562946,0,-9.34019216591985e-06
1004,0.04125597918047656,0.4384669321579751,0,-6.275119191532223e-07
1005,0.179829140728859,0.4325209609475786,0,-2.655216265609295e-06
1006,0.1604210346355628,0.18610745245431962,0,-1.4032247568154915e-05
1007,0.1924954982392563,0.20975961565207304,0,-1.1751052344926465e-05
1008,0.26018628798287385,0.3617243414221161,0,-1.1457517046104384e-05
1009,0.045667910917363726,0.2371577727729562,0,-4.89367714211803e-06
1010,0.1507178871422144,0.0327650388371234,0,0.003051393290718358
1011,0.06740127862754844,0.2770499272347746,0,-4.0854035285180555e-06
1012,0.02758560872541636,0.37986995141795205,0,-9.835415433737194e-07
1013,0.004500912189919937,0.3906378323307948,0,-7.012741441203414e-07
1014,0.034241103544611365,0.5424052281839205,0,-2.069200937847642e-07
1015,0.12154716731460043,0.171077778532036,0,-1.573159954835351e-05
1016,0.0662325236114093,0.12790233358303957,0,-1.5159600152548202e-05
1017,0.05796783164360357,0.35326475961646714,0,-1.7381029162388685e-06
1018,0.21898511565447157,0.24372486151662479,0,-1.3970256486799695e-05
1019,0.26183426901856544,0.43142183015003216,0,-6.049053769252801e-06
1020,0.2150563533500515,0.1275536028911281,0,0.0008509881469706275
1021,0.10107094966671963,0.0684635599910087,0,7.46298338356694e-05
1022,0.24315394188088954,0.5646569310352477,0,-1.3334247369732266e-06
1023,0.04440861728427794,0.07684922741859154,0,-1.500557827826604e-05
1024,0.2572485086073408,0.05337063000083215,3,0.015210309563149381
1025,0.08662983018776192,0.22327231928674657,0,-8.350852584617072e-06
1026,0.21368730567632063,0.33065800029528547,0,-1.0006724745593267e-05
1027,0.24902053406811842,0.07723922781852965,2,0.009632815799897805
1028,0.09157596318040258,0.34578746989957193,0,-2.6191085760388587e-06
1029,0.10615228020051572,0.20451359095709226,0,-1.1799956053644674e-05
1030,0.10878731451793963,0.019526555349364715,0,0.001046284250095259
1031,0.3470727068814703,0.37182609083019114,0,-1.4401087924693886e-05
1032,0.16953547659972215,0.4822723027055539,0,-1.4575818655881087e-06
1033,0.03599923991739298,0.3194134235393805,0,-1.9578102218768314e-06
1034,0.07409505299588547,0.0015275780418358086,0,0.0005279674050958528
1035,0.2529386118171785,0.4277085094109501,0,-5.75001076442772e-06
1036,0.255768535462346,0.48551830983553174,0,-3.3326773678903575e-06
1037,0.26067186460754843,0.5672836638159693,0,-1.5468402326441973e-06
1038,0.11393169703213173,0.24698787617968915,0,-8.635622239964465e-06
1039,0.11757071037450179,0.5463223221373389,0,-4.573203162389744e-07
1040,0.0010771242881876973,0.590782347851909,0,-9.158655327642345e-08
1041,0.34389960952745663,0.4552110999380481,0,-1.049712382420435e-05
1042,0.3419131462958751,0.5913199785411526,0,-2.733459071231291e-06
1043,0.023598133417872022,0.21222908950223077,0,-5.035474054132196e-06
1044,0.054051898596335614,0.2625738593182272,0,-4.1321613869812406e-06
1045,0.13478631541831482,0.14455377331958305,0,-8.016524308273214e-06
1046,0.22475971222065652,0.01374088481365896,4,0.023507052599415337
1047,0.004266275978203931,0.551699854692575,0,-1.39764915598046e-07
1048,0.25693703545307134,0.337420361205248,0,-1.3539872897171203e-05
1049,0.13889216422679582,0.5406666491203054,0,-5.987368546714666e-07
1050,0.2786332122626109,0.27652792601672677,0,-1.3454882306012376e-07
1051,0.18719008962223604,0.40803113880960296,0,-3.6474129631009554e-06
1052,0.23567738567907465,0.04895912815468679,3,0.014097407637251527
1053,0.14270760701452523,0.39037833265839733,0,-2.7935674512054885e-06
1054,0.3312032830023469,0.5865737628914209,0,-2.5762789453039086e-06
1055,0.3474702117505813,0.5241209008024718,0,-5.629966773590161e-06
1056,0.17658798399140602,0.13412778318596447,0,0.00012180951409758185
1057,0.33109437339517145,0.5730793397666992,0,-2.9443699543213603e-06
1058,0.02327777858450931,0.5426764526156124,0,-1.8495425222279308e-07
1059,0.05517167909938519,0.11527867703773514,0,-1.5261178239845164e-05
1060,0.13494843354588468,0.3165678507456984,0,-5.388106360982353e-06
1061,0.3029755782332791,0.32983517163636983,0,-1.4623486519830596e-05
1062,0.12817401235825476,0.5998601156984464,0,-2.976482784602627e-07
1063,0.05312500032566211,0.20885034900403537,0,-6.953913624173414e-06
1064,0.24222842462248087,0.37302748871619895,0,-8.798670334779751e-06
1065,0.1764885079516733,0.1725320966952101,0,3.2154595899107063e-06
1066,0.2499215539583294,0.3429409021493521,0,-1.2302245682710494e-05
1067,0.12187129541811892,0.28175085171147335,0,-6.671457033281238e-06
1068,0.05416428152361901,0.5680952277695035,0,-1.9528081476775498e-07
1069,0.19621733975851882,0.49136622033259447,0,-1.7368720343596153e-06
1070,0.06343852126604511,0.5577191714091885,0,-2.3765668855510648e-07
1071,0.34915788863899605,0.24382240299472413,0,0.001168279067667173
1072,0.2505102846506361,0.32126739190454423,0,-1.4444212348787315e-05
1073,0.12017277902809988,0.1246110773307159,0,-4.347412424972518e-06
1074,0.21460516647889452,0.34983682737304556,0,-8.44341025995092e-06
1075,0.3250501931984456,0.5215425417199396,0,-4.630574309945993e-06
1076,0.12886442785447266,0.5968196559391896,0,-3.089592073601152e-07
1077,0.005892405733540806,0.500145061820805,0,-2.3787539015055321e-07
1078,0.134776193507904,0.022074205841499373,0,0.0025792166814054295
1079,0.06873321910272862,0.5387013534694478,0,-3.030451742375732e-07
1080,0.24844028433870613,6.236191838173699e-05,4,0.03137261541740565
1081,0.18863638096912205,0.19403634983305598,0,-5.501571527076231e-06
1082,0.03848431162396502,0.2647713080541684,0,-3.4630159758580496e-06
1083,0.28214234836986796,0.25184121240568813,0,5.575452461634815e-05
1084,0.31062675512428034,0.34201231396853543,0,-1.5269235663603458e-05
1085,0.10789237361640402,0.34197258280107196,0,-3.2010736787784425e-06
1086,0.3343817482496931,0.38350563405126636,0,-1.5848257657700756e-05
1087,0.09549480573348101,0.09112981448013602,0,4.46640988775536e-06
1088,0.040604919884125915,0.4748372173830432,0,-4.333589390199062e-07
1089,0.19148773435855337,0.3904140122471494,0,-4.534910540624988e-06
1090,0.2368180136680576,0.1507571716371412,0,0.0007759494088589918
1091,0.023574596729255975,0.2993484025274618,0,-2.1134447513487436e-06
1092,0.13707131442532897,0.16924674090905736,0,-1.504889039755434e-05
1093,0.014567114234010425,0.46118390179534235,0,-3.829901672017884e-07
1094,0.14278287494900613,0.2697394148357962,0,-9.139818850215653e-06
1095,0.07077366070059954,0.07761158282811569,0,-5.907816654760711e-06
1096,0.30228810990321253,0.5311163338989626,0,-3.3595688127258208e-06
1097,0.3063074268761862,0.5046567514137688,0,-4.548454837793602e-06
1098,0.08802193959668966,0.5287853557412849,0,-4.0572480237656254e-07
1099,0.030819917766617837,0.1922976070214251,0,-6.576801398349133e-06
1100,0.07914113544077041,0.1969004697772621,0,-9.95834027856625e-06
1101,0.20074754988561702,0.2687273202076142,0,-1.468290780741315e-05
1102,0.31180874884836984,0.25649019073343654,0,0.0001944253524888294
1103,0.020345014230182167,0.5147381706013576,0,-2.375056314489571e-07
1104,0.02582259174490321,0.061231710205351716,0,-1.531166178786863e-05
1105,0.043420449910776336,0.05543456355796421,0,-8.992171665162672e-06
1106,0.04396337400730968,0.21856535844424796,0,-5.781857795812954e-06
1107,0.10561448843866322,0.21987873351343115,0,-1.027453169415547e-05
1108,0.27309937760162856,0.3400253897057805,0,-1.476898756069153e-05
1109,0.09695154821118146,0.05151564823313319,0,0.00014892535126259017
1110,0.008344611802638346,0.5116175933207948,0,-2.173523685976956e-07
1111,0.057482969394017036,0.19360286074450048,0,-8.395748690944648e-06
1112,0.3154458298917483,0.36100390196280185,0,-1.5900857285369575e-05
1113,0.2697717849933725,0.17718653534661594,0,0.0009322191527415352
1114,0.2215857122897908,0.07397512579955438,1,0.006389823139151974
1115,0.23465673302189768,0.24027304221766776,0,-6.0207536920459754e-06
1116,0.043357041192018095,0.4886418001027928,0,-3.880027391283961e-07
1117,0.03355373690099639,0.5270249281821753,0,-2.3967102544378596e-07
1118,0.2965950318118475,0.4129205870303956,0,-1.0046091437450563e-05
1119,0.06179949686928992,0.43729696987457456,0,-7.794911617642844e-07
1120,0.18214698814651037,0.16000121021835523,0,3.5964985551409325e-05
1121,0.03992969136235606,0.3594329355624604,0,-1.3648275306049814e-06
1122,0.004828473088033058,0.47376039501944567,0,-3.064215446798229e-07
1123,0.04974022216666028,0.3520494593497929,0,-1.6206086088925278e-06
1124,0.1784145072372135,0.21719686525491055,0,-1.5641982723953267e-05
1125,0.34249501915759234,0.42830740620271585,0,-1.2998963668717634e-05
1126,0.10154558043493456,0.3489027823439149,0,-2.8041891782697407e-06
1127,0.05773480724988814,0.07140865570010506,0,-9.84899369625791e-06
1128,0.308652284485363,0.4902615693289821,0,-5.367441833878231e-06
1129,0.21987742197580673,0.18638677813471763,0,7.215429852587348e-05
1130,0.23858185748137786,0.1393203721891977,0,0.0012708206626665423
1131,0.3119232082616649,0.2615439025300517,0,0.00015507256032777533
1132,0.20773101333093116,0.5853349365189952,0,-7.615441004133011e-07
1133,0.09596273823088333,0.16546977386445552,0,-1.4560303472278128e-05
1134,0.27825954824246624,0.5701944742172458,0,-1.7904851090642425e-06
1135,0.03701227094271614,0.5387070402973313,0,-2.2074193951350184e-07
1136,0.01686620679141544,0.4183160236562852,0,-6.016319836844862e-07
1137,0.2098993601279179,0.50451387251306,0,-1.7457109225494077e-06
1138,0.048046222902447616,0.2814062002537632,0,-3.2268590083847803e-06
1139,0.1529876100174432,0.2901468549588465,0,-8.300785323483318e-06
1140,0.12611557719949693,0.2138348570872183,0,-1.2851528897173114e-05
1141,0.22127154699049564,0.16271797099407725,0,0.0002523034472206758
1142,0.3262446503357081,0.23736637797188292,0,0.0007206203933217496
1143,0.24808606974334482,0.2809001661587736,0,-1.5288435326084984e-05
1144,0.18074487825786753,0.019698783477348946,2,0.011435181072027699
1145,0.1532206754687695,0.3738034009283282,0,-3.6591795327454863e-06
1146,0.3204506153934405,0.16045768415933015,1,0.004850382942756104
1147,0.17714664309644174,0.12404443368852211,0,0.00020505210751518008
1148,0.21728001307228553,0.27477753774821845,0,-1.5431699686639236e-05
1149,0.03514328912781357,0.1833255459269616,0,-7.482439906668423e-06
1150,0.07018594597937178,0.05837267842175875,0,1.5595205772017585e-05
1151,0.02452801124325286,0.5356597498634904,0,-2.0089113903235306e-07
1152,0.1921552209717051,0.026039825239715684,2,0.012285132804427005
1153,0.020938358033750274,0.17033198151347664,0,-7.3966666762011285e-06
1154,0.17268945922339088,0.18438665962613968,0,-9.244422915239455e-06
1155,0.13072999774542957,0.43646091556244565,0,-1.564331643619604e-06
1156,0.16280694465066037,0.21196824117280022,0,-1.5752624680677043e-05
1157,0.16501279241568348,0.5923187376511966,0,-4.636474778181276e-07
1158,0.3398858035621332,0.1857582989174375,0,0.003902360792715517
1159,0.15769211252531393,0.0601828670493846,0,0.0013773301192578824
1160,0.28452572237509305,0.20260281882990888,0,0.0006076590612717875
1161,0.02665482787211138,0.4792180800409187,0,-3.608333030294726e-07
1162,0.19961719566096614,0.46704696420819675,0,-2.2909652003391365e-06
1163,0.08635112991445423,0.3872532419467788,0,-1.6427781517012738e-06
1164,0.27961538055929774,0.24205229698159936,0,8.494910268431221e-05
1165,0.23533498484014853,0.5851462421185468,0,-1.0049417278378477e-06
1166,0.28497277242748287,0.3779744792383955,0,-1.2295945325006383e-05
1167,0.3087991873359183,0.0606459666141109,3,0.013996571770748447
1168,0.3110882153990509,0.04819187508853866,3,0.015902899451867084
1169,0.14605380039773222,0.25015823022190226,0,-1.1231391390364273e-05
1170,0.22416771902337185,0.5177944861514105,0,-1.7625256776991655e-06
1171,0.12506565607639178,0.4771742940151837,0,-9.840103244730058e-07
1172,0.04597376097694938,0.05285071479908769,0,-5.868914227169425e-06
1173,0.05786683196411208,0.046461005622197925,0,1.4985984674822892e-05
1174,0.18742571865683455,0.14143466180092237,0,0.00014428558935253047
1175,0.22677935696810556,0.09482941882258562,0,0.003955420447675764
1176,0.20603935907290746,0.06443851847819272,1,0.0057558347171604895
1177,0.07612084453128942,0.2588623365827714,0,-5.3337590042566175e-06
1178,0.3399206595772376,0.05540675256136289,3,0.013309143247516019
1179,0.18410108461870514,0.5504946325460204,0,-8.522247382834048e-07
1180,0.06339767366152797,0.1865061212501448,0,-9.483626409578541e-06
1181,0.06509559365994719,0.1186759972465716,0,-1.5598610900083614e-05
1182,0.34507250971302256,0.08550316908931022,2,0.009643771768227179
1183,0.030845577226278575,0.24546791241253163,0,-3.88997818839253e-06
1184,0.055949466115807284,0.5207886246945747,0,-3.190427450981683e-07
1185,0.11532856771968913,0.2840500485318356,0,-6.119404872893565e-06
1186,0.24119183403414923,0.293167066080276,0,-1.57023721043632e-05
1187,0.21973719868963704,0.1579191586366583,0,0.0002921871593494042
1188,0.19646318997832013,0.4380810750489766,0,-2.96453244211108e-06
1189,0.1970283793305612,0.0017241683647571725,4,0.023142550498754095
1190,0.20962557675916055,0.1367853380750356,0,0.00047410836210209976
1191,0.10771536783849471,0.3247119067424004,0,-3.795129369832534e-06
1192,0.173516846887137,0.5700662151436445,0,-6.305027181132452e-07
1193,0.22349411239005648,0.20840936914486569,0,1.8965985775227596e-05
1194,0.21599407100342538,0.24795981749737725,0,-1.5138722493504095e-05
1195,0.2809484083134185,0.44569040679995214,0,-6.340046901360718e-06
1196,0.1582085741506205,0.04276297973672092,0,0.0027356211604143985
1197,0.253594137031288,0.01559484991513451,4,0.02515332489554229
1198,0.1687984879963375,0.3851035020205018,0,-3.817276001332971e-06
1199,0.008096804397466012,0.16474421161625352,0,-6.895448498065837e-06
1200,0.022907295397087794,0.3540411550147907,0,-1.2152339493994883e-06
1201,0.13282848269954592,0.5214030711713707,0,-6.832775134097793e-07
1202,0.19056801431006792,0.5523429123832173,0,-8.924001824062333e-07
1203,0.30320283532834014,0.23554511767587263,0,0.0003342935021748221
1204,0.3167553503689095,0.4712712085754527,0,-6.997659125378124e-06
1205,0.10440674608611027,0.17993768199030796,0,-1.4027556270330578e-05
1206,0.06592247819999997,0.12283541665427197,0,-1.5445356271042983e-05
1207,0.07243820649665993,0.5336923174318638,0,-3.306213933349583e-07
1208,0.2884780314312051,0.4095529634876899,0,-9.621194810784695e-06
1209,0.27249755954667154,0.23357857135489696,0,9.215183084122785e-05
1210,0.3296636006043207,0.20223911895082208,0,0.002324302357008922
1211,0.2518898547336202,0.414690120375449,0,-6.4663671568646406e-06
1212,0.346408695749428,0.0024226159508432096,4,0.030716860372535935
1213,0.22193595271747055,0.5421300175513568,0,-1.3515625234804036e-06
1214,0.05241868491863361,0.008516432109396831,0,0.00014008920736634649
1215,0.2895957963969636,0.4200762263195373,0,-8.814585095163782e-06
1216,0.3460217879657683,0.4404002808078509,0,-1.2143049704534624e-05
1217,0.29424469603488546,0.18864500953054672,0,0.0013820700420834457
1218,0.10031850673906052,0.14942526185679553,0,-1.573468642115437e-05
1219,0.13815391688699954,0.043299590203665694,0,0.001272926974603299
1220,0.11836126595203267,0.5790759798966908,0,-3.3220737029535496e-07
1221,0.14130608043382414,0.022130833991381316,0,0.0032578086376046237
1222,0.19734281160120798,0.19231150713393566,0,4.217768905981305e-06
1223,0.2015702921348105,0.1643844883123944,0,9.02610738950584e-05
1224,0.29248994564655423,0.5213266450618945,0,-3.360128664354069e-06
1225,0.06397718554447708,0.5165191484795937,0,-3.6075440917681146e-07
1226,0.25680409653234865,0.29537810818167104,0,-1.5719468129274135e-05
1227,0.04950175550749831,0.36956942541426246,0,-1.3569921970688312e-06
1228,0.05846067709271844,0.36328376920767275,0,-1.5802191570851015e-06
1229,0.24829207424847333,0.3314651825742207,0,-1.3279132362306318e-05
1230,0.2622434737075827,0.36716498853473456,0,-1.1127849618212161e-05
1231,0.01257370728150034,0.21681108228776197,0,-4.314023599621359e-06
1232,0.05115285409438274,0.04630241643592352,0,5.330468337583274e-06
1233,0.11035500898678795,0.24407126453845676,0,-8.582452515167432e-06
1234,0.05946348194061804,0.29567484569978725,0,-3.1359266227756604e-06
1235,0.3382977946070321,0.44215090663677753,0,-1.1211245066229113e-05
1236,0.1444781602821193,0.040277642554529924,0,0.0018263296467537953
1237,0.04384069872833818,0.3275868903555445,0,-1.9511432824291805e-06
1238,0.12367241943964309,0.598308899465842,0,-2.8901376008632033e-07
1239,0.011979918039409692,0.09204392989166973,0,-1.3611623609014724e-05
1240,0.08757864888151627,0.02248891655057048,0,0.000377116525444925
1241,0.18093248457607106,0.4564618771979133,0,-2.113658380025443e-06
1242,0.2665369523074486,0.3648412101666926,0,-1.1773986495225102e-05
1243,0.3422805881511201,0.0109334027124526,4,0.026099216140113575
1244,0.2725234244982705,0.45196819380217984,0,-5.488552992690291e-06
1245,0.08094895172882607,0.3867945888155343,0,-1.5636866544631435e-06
1246,0.3384449216137475,0.015275035745184828,4,0.024205094436799007
1247,0.3353698777955454,0.39699863945547664,0,-1.5184022802537411e-05
1248,0.3109832674650871,0.4300504624014405,0,-9.794366467391302e-06
1249,0.2264469523317188,0.5855136104991266,0,-9.162870097718596e-07
1250,0.3390820896583072,0.14796532923511976,1,0.006273669122992556
1251,0.0874948494907084,0.20973045116135583,0,-9.557185473390774e-06
1252,0.24401841189557746,0.30077551683886306,0,-1.547946835242828e-05
1253,0.19904264286572046,0.12286507050818778,0,0.0005519334402081661
1254,0.025284923005756715,0.591632037401034,0,-1.1565484227431266e-07
1255,0.3340560760765909,0.13975690832950058,1,0.006739500333125964
1256,0.1428663994853327,0.125051361184572,0,2.6463315213007606e-05
1257,0.28408525539191715,0.30295475121942433,0,-1.26848173433159e-05
1258,0.3327151063930889,0.16078306562547,1,0.005342927586918583
1259,0.29542754895398987,0.1777761323944603,0,0.0020127360685428444
1260,0.16925056436518146,0.47914477830492136,0,-1.499600484134022e-06
1261,0.3104345863226605,0.5864465427372505,0,-2.09758731757131e-06
1262,0.0721399347647699,0.0037263558708672036,0,0.0004404031664122391
1263,0.08915123758697723,0.5598983589446344,0,-3.006161031617366e-07
1264,0.2637104167821055,0.5243070922693166,0,-2.4494028891688755e-06
1265,0.2184742792622815,0.4468274501360736,0,-3.3822182616955657e-06
1266,0.18473623356804422,0.2868209399891528,0,-1.1420638027139128e-05
1267,0.2642748213468555,0.5214313233423383,0,-2.534957817182521e-06
1268,0.053496898353270865,0.5768276362519926,0,-1.777628615809034e-07
1269,0.12299480897989125,0.44393136633308133,0,-1.3438954318555325e-06
1270,0.05304409794027322,0.2723724834598885,0,-3.7109312059007233e-06
1271,0.2117702959522388,0.20911267598096064,0,1.3528991114775384e-06
1272,0.2306706641017517,0.08442192850684091,1,0.0058953093810248346
1273,0.027174528208161467,0.018126735255205296,0,1.1306540921722609e-05
1274,0.12447192788834778,0.36248001889878523,0,-3.077273460428831e-06
1275,0.23714559661386142,0.3925122740421471,0,-6.954610754849139e-06
1276,0.3221003883745578,0.5881146403162734,0,-2.317136595868122e-06
1277,0.14812005223680413,0.40301916393490084,0,-2.598840845118369e-06
1278,0.008518484727600417,0.44999224795358755,0,-4.03227816345031e-07
1279,0.2759819370652731,0.37619389916519214,0,-1.1583715556424342e-05
1280,0.32083313011966996,0.5712594150445889,0,-2.7073172142869014e-06
1281,0.10979852276877632,0.5807588650174522,0,-2.99893277476415e-07
1282,0.3449899669227414,0.08410541936168381,2,0.009760381551068446
1283,0.08239537110118761,0.006004178153732198,0,0.0006202556885623668
1284,0.20985160485337892,0.024932872955256813,3,0.016798314622929165
1285,0.20701041376259538,0.011099509859780698,4,0.021411926625465767
1286,0.27793609184327767,0.5282156266891451,0,-2.714198948939443e-06
1287,0.2766101070606367,0.36925119185864447,0,-1.2333851982203713e-05
1288,0.26550604517587745,0.5488539941852041,0,-1.9514425237353244e-06
1289,0.03733092114187474,0.5852882465708427,0,-1.38986011660773e-07
1290,0.2287489804449742,0.42031596394719645,0,-4.874117710781347e-06
1291,0.24962108159823304,0.42677765524074607,0,-5.616941544105746e-06
1292,0.30611762964508227,0.5787816662361028,0,-2.1691411732555412e-06
1293,0.2519273725577349,0.27646118060367103,0,-1.402239538688353e-05
1294,0.2734023683615313,0.29618784369807244,0,-1.3701938547950058e-05
1295,0.046881911389850615,0.22167003826615295,0,-5.7710662442402385e-06
1296,0.2572457074534991,0.21157052421006955,0,0.00013254858718664083
1297,0.21887305020828798,0.3359427545473947,0,-9.996624578868783e-06
1298,0.0755891994695362,0.3121976780309312,0,-3.122850463732735e-06
1299,0.0757891232944885,0.43710932161268573,0,-8.980498861270515e-07
1300,0.1939855462343612,0.33901282588812903,0,-7.693022962860164e-06
1301,0.2667620273539369,0.32948852120476035,0,-1.5095431416782405e-05
1302,0.319290757358635,0.5833403915974418,0,-2.3632065745436173e-06
1303,0.32040291179783814,0.4107689493919856,0,-1.2550234360360198e-05
1304,0.07769063253730644,0.271543718945465,0,-4.77838304549784e-06
1305,0.17516071702716918,0.2861824426549747,0,-1.0564937618716208e-05
1306,0.2683787202232061,0.027753615963391255,4,0.021586186865293518
1307,0.08041735913530056,0.12157889277461954,0,-1.5678673292311086e-05
1308,0.05140151394247544,0.039519998304722255,0,1.585725251294814e-05
1309,0.08670899449652887,0.5373524969543185,0,-3.6756308800260565e-07
1310,0.1234206877795169,0.10162891251694692,0,3.6640739922565826e-05
1311,0.2819294339297572,0.42626722644069237,0,-7.727912513620095e-06
1312,0.3428212123220215,0.3616904139146863,0,-1.2984319183088715e-05
1313,0.05935987713622946,0.41721669751839213,0,-9.298894374091756e-07
1314,0.068114919035123,0.1630871347314396,0,-1.2140530229919013e-05
1315,0.08078612229142189,0.30225841347453386,0,-3.631169815720498e-06
1316,0.3010850368703826,0.294171866897271,0,4.723995804565163e-06
1317,0.3063310970375614,0.3589380100123224,0,-1.5706526268514036e-05
1318,0.2978471932577483,0.46059689066445486,0,-6.461808844788124e-06
1319,0.3319114309570856,0.1455379781229084,1,0.006358337465015085
1320,0.20840493070924748,0.3243968964416546,0,-1.0097105856296729e-05
1321,0.17842244337758695,0.37915374200432556,0,-4.455583138158726e-06
1322,0.303989188974553,0.18681067139038843,0,0.0019280350389116881
1323,0.13598668322324486,0.46271833415858055,0,-1.267990749941183e-06
1324,0.3198521390900126,0.1014414990532175,2,0.009443330889551146
1325,0.3315460533853053,0.0014584177343271553,4,0.03147283546890816
1326,0.3277725756983877,0.3923504733128799,0,-1.495982740274498e-05
1327,0.3412076122240429,0.5391036397532962,0,-4.564471879298774e-06
1328,0.2933716131575604,0.47257111423969694,0,-5.49882644149874e-06
1329,0.10046159373086365,0.15004982018873245,0,-1.572521002634718e-05
1330,0.21269707198645327,0.360476282939933,0,-7.48884364143528e-06
1331,0.3064875206226412,0.08339436675186797,2,0.011347937574130326
1332,0.22053469421423208,0.15165051613885253,0,0.0003960125995926867
1333,0.17102316576706195,0.033707994299511324,1,0.0057358441874671385
1334,0.1770737724789028,0.26336006181475635,0,-1.2985074564691737e-05
1335,0.260454810630052,0.5377706172444059,0,-2.0728882611593965e-06
1336,0.28986372518150866,0.4658130067563959,0,-5.678267501693251e-06
1337,0.11155375658510798,0.2276037587045976,0,-1.0109339400572586e-05
1338,0.14413404240028352,0.42842185104434183,0,-1.9378089352060092e-06
1339,0.1317416558356201,0.26781262748360735,0,-8.390221615464474e-06
1340,0.14245719531359452,0.4807601596710088,0,-1.1293512404432954e-06
1341,0.34718445961956834,0.44177416392435903,0,-1.212168025415655e-05
1342,0.2009874051547097,0.35251599718235077,0,-7.224293748147438e-06
1343,0.09194132628665307,0.4800685586144876,0,-6.867428047760203e-07
1344,0.04248686062237833,0.18502689797768046,0,-7.898747743913599e-06
1345,0.26150727789820144,0.2788264509850587,0,-1.207088177135579e-05
1346,0.24735864247996983,0.4728142027339685,0,-3.479051548271796e-06
1347,0.21232968055801757,0.0004532568152603611,4,0.027178873683442812
1348,0.0834799216104333,0.337498739420281,0,-2.624457655611346e-06
1349,0.2796081018821766,0.1809073080560874,0,0.0011351338997242827
1350,0.2818692394031251,0.2618722838882872,0,2.711845790829252e-05
1351,0.3376528102237583,0.15181590290338462,1,0.006036835011732878
1352,0.22252580134481562,0.2097156266041381,0,1.493272403987069e-05
1353,0.3425023646483984,0.5789003142386013,0,-3.1120804394396704e-06
1354,0.08516606038841648,0.36898955924076554,0,-1.9485873087204955e-06
1355,0.02336192312916873,0.20582916569255738,0,-5.351820895970779e-06
1356,0.1985491127426483,0.21900872831764284,0,-1.2822909883591342e-05
1357,0.13308403905954466,0.5945067004551537,0,-3.2979463164388756e-07
1358,0.09602332487227411,0.22409316076571106,0,-9.052227892245565e-06
1359,0.08236372238769704,0.47057673256009674,0,-6.862417722997486e-07
1360,0.0766585344578112,0.581982578272291,0,-2.1277476748799323e-07
1361,0.2196609771926414,0.3481038144960655,0,-8.999986522114761e-06
1362,0.13798622576247746,0.4449369852887597,0,-1.545192855051939e-06
1363,0.31442574998331796,0.23336444297607872,0,0.0005553079648971978
1364,0.07036608428439534,0.2142507851193828,0,-7.794762894537904e-06
1365,0.20697456543098763,0.48095643497633517,0,-2.145512757969526e-06
1366,0.2946263131755914,0.31767438668391507,0,-1.3842556131613282e-05
1367,0.029213061856999227,0.4062260188975555,0,-7.680627597031114e-07
1368,0.24107353272985568,0.28054071134187114,0,-1.5738059617053133e-05
1369,0.28232791999557577,0.45214538348856903,0,-6.032227669743785e-06
1370,0.17461096679019383,0.06110300020540877,0,0.0024581922619389884
1371,0.07804670409267106,0.19907287550404565,0,-9.665409035269666e-06
1372,0.22396707943281066,0.06812665366169264,1,0.007856293985680423
1373,0.10322601355583985,0.3423638214556735,0,-3.043812562161369e-06
1374,0.19920728868274515,0.548657171926464,0,-1.0092699928243892e-06
1375,0.1457995890452434,0.1084744292613434,0,9.491608720449823e-05
1376,0.054164857322138146,0.43017211018355644,0,-7.756005252897869e-07
1377,0.23508246394369853,0.059355538030424766,2,0.011503162910590892
1378,0.01886215734627722,0.4447542068532112,0,-4.711647121572433e-07
1379,0.23942156949543789,0.2902929413511597,0,-1.573982698332794e-05
1380,0.3091774708975067,0.1837034235046753,0,0.002396170673686728
1381,0.028683109398969234,0.2998545200528124,0,-2.2127754645480813e-06
1382,0.326557337566341,0.14767121460871452,1,0.006100313439035572
1383,0.23609171442081828,0.008893230628341797,4,0.026653041943378985
1384,0.12459162238770959,0.21011724835031953,0,-1.3068151695992377e-05
1385,0.3325187191065877,0.3437053198829046,0,-1.0043117251908763e-05
1386,0.1409339514317294,0.0997789377463882,0,0.00011677769165900626
1387,0.06854829986820744,0.5409023377863711,0,-2.959012365797389e-07
1388,0.11797252757047826,0.11012647623019552,0,8.866067050650864e-06
1389,0.22137604798432764,0.022389106392422132,4,0.019852098830032586
1390,0.015313650491290314,0.1272111023502436,0,-1.0506320125282013e-05
1391,0.1421791599058858,0.13828657945318004,0,3.5071001215037925e-06
1392,0.007217218557567733,0.07926976201642981,0,-1.4348693804796926e-05
1393,0.02441356834494468,0.12606821548549807,0,-1.1487446040204895e-05
1394,0.3122235387785282,0.0047992551651584005,4,0.02976901794481697
1395,0.1501645305242921,0.11157014397868341,0,0.00010136898777846267
1396,0.2546947209601394,0.20226099781600917,0,0.00018370793957217212
1397,0.23561886019034434,0.3271895553195407,0,-1.244954429647591e-05
1398,0.05094823958012465,0.23296586095543503,0,-5.37384816072532e-06
1399,0.030969478285829313,0.5997497538432548,0,-1.1286784242877193e-07
1400,0.13331436684036604,0.42942426096309755,0,-1.7221695565454008e-06
1401,0.09965575625374616,0.24085586377470425,0,-7.994361866732414e-06
1402,0.2670528589546483,0.20781213564202644,0,0.0002461760260528094
1403,0.322506881809315,0.035711712126601625,4,0.01805438847961074
1404,0.2799380511164136,0.38747769655008507,0,-1.0871739257478381e-05
1405,0.2711837684553152,0.3330866752147717,0,-1.5155455581648774e-05
1406,0.24653121898489172,0.15804029087083,0,0.0008374212691202802
1407,0.30146615637437796,0.21432276536143355,0,0.0007146586658916842
1408,0.18665021874694337,0.21307144095399844,0,-1.4234475991352261e-05
1409,0.008491325373589714,0.4073135843014418,0,-6.177034905219342e-07
1410,0.34485992942382354,0.5238444380061897,0,-5.502444632769317e-06
1411,0.11206671309412816,0.4299929765918462,0,-1.3851835447482148e-06
1412,0.14990246618974018,0.4865161258729777,0,-1.1484490908346884e-06
1413,0.062086853282651934,0.5706006587279638,0,-2.061316630379958e-07
1414,0.30071916533280363,0.46929418011907553,0,-6.10316898354511e-06
1415,0.06976307748117029,0.4189063702560836,0,-1.0144085254519483e-06
1416,0.18088973241880982,0.39422884512314005,0,-3.930689870227227e-06
1417,0.17464025963000052,0.08011294475472916,0,0.0011941732007734454
1418,0.09177374817189826,0.4506773402222112,0,-9.198175829320526e-07
1419,0.05568154942164837,0.41773904247677285,0,-8.916803196167392e-07
1420,0.29831512176531355,0.5372090047344712,0,-3.0391504744702953e-06
1421,0.10216902867841986,0.06980605187999978,0,7.353570810450325e-05
1422,0.04686573713894891,0.15948180819264315,0,-1.0435620420937518e-05
1423,0.2043917164544245,0.5837583381125364,0,-7.48285646204893e-07
1424,0.1640472831777971,0.1936223992492985,0,-1.473381312823373e-05
1425,0.29302540968144725,0.027791299250501854,4,0.021230885457604376
1426,0.3179165088362873,0.5598117553190762,0,-2.9480386364317716e-06
1427,0.14414939356599396,0.2305376668444696,0,-1.2980273669566625e-05
1428,0.2475487460890379,0.5599682069492591,0,-1.460020397263866e-06
1429,0.29000005280785013,0.19084579758337095,0,0.0011245040291821132
1430,0.3179585934002088,0.02954665253127446,4,0.01988075333877894
1431,0.039987753663386374,0.10546407317593758,0,-1.4887136000362354e-05
1432,0.2486027826807836,0.39793202093982183,0,-7.371443731280394e-06
1433,0.08803193438496815,0.321883588905472,0,-3.209339398090388e-06
1434,0.2507128033811129,0.4657941243916496,0,-3.857303884608363e-06
1435,0.286990532265949,0.131705924650404,1,0.0054333256251995
1436,0.011615964687783774,0.5180684710981655,0,-2.1054329218039336e-07
1437,0.2997625185108704,0.21331994374353594,0,0.0006989559747697021
1438,0.2023582065245058,0.26411695156204257,0,-1.5158578126879612e-05
1439,0.09161914312214726,0.5415187323178319,0,-3.702837399974739e-07
1440,0.34782719109518456,0.4737353530931488,0,-9.184942341240164e-06
1441,0.27783071225559375,0.24618247081442018,0,6.0815786698020875e-05
1442,0.2298188048379823,0.5204052855332993,0,-1.8166848861463204e-06
1443,0.09509292369702221,0.1905983472271003,0,-1.2083925873139412e-05
1444,0.32877042249098776,0.49335893479426374,0,-6.341123165408696e-06
1445,0.27760324070684417,0.5657257217849745,0,-1.8600308814607246e-06
1446,0.2447718935627687,0.15414211040180345,0,0.0009111517563447587
1447,0.17351077341851132,0.555098474244972,0,-7.32244095428075e-07
1448,0.0163077647145764,0.4415227988922634,0,-4.7437821779048395e-07
1449,0.2360171340013409,0.5308698716327,0,-1.7406399632650465e-06
1450,0.10083825495643108,0.05496292423000861,0,0.000151960828890665
1451,0.3221794265576806,0.5669845086194913,0,-2.863384136450329e-06
1452,0.33663949040363306,0.1983543518407463,0,0.0029149752312468895
1453,0.03705333650857741,0.20145829199576687,0,-6.390859413203036e-06
1454,0.282026671679527,0.5926032667113758,0,-1.4860456499322097e-06
1455,0.1973032330047953,0.4671555599128008,0,-2.2362956348106018e-06
1456,0.2756027186020011,0.2710949874286101,0,2.4176117760368615e-06
1457,0.2642371305792503,0.48419833162239934,0,-3.6732575917301297e-06
1458,0.24857810751485532,0.13222411126046854,0,0.0022415897503220783
1459,0.0770254121839296,0.08320696176877103,0,-5.463837809715303e-06
1460,0.25088237976005234,0.503436410082946,0,-2.6549493499946377e-06
1461,0.21096098943033456,0.538268351720695,0,-1.2590637204931098e-06
1462,0.15429627325573236,0.137827756622688,0,2.3320889791258523e-05
1463,0.26609601731174237,0.3112567839394466,0,-1.5860322059169197e-05
1464,0.020048452155347906,0.0460568709118522,0,-1.3928264156475171e-05
1465,0.1282688127238483,0.3776774704124063,0,-2.7461912543180976e-06
1466,0.2270740315782582,0.1278605483014205,0,0.0012996142197968812
1467,0.32855002693069807,0.39833222446855593,0,-1.4525634316181023e-05
1468,0.06801535953115849,0.2637698652555163,0,-4.689799085857797e-06
1469,0.15059738205949275,0.20308960712373703,0,-1.565334131695493e-05
1470,0.11678194857166561,0.16610316982760148,0,-1.5734646790247726e-05
1471,0.32882104150948893,0.09697538965793599,2,0.009511949773443058
1472,0.3011847108111316,0.1254174586867745,1,0.007079755023368911
1473,0.23881794948252968,0.09799074375392758,1,0.004890498830557174
1474,0.14512245228062093,0.4734911624557581,0,-1.2472242019741045e-06
1475,0.2250080855170965,0.5701278672907479,0,-1.053409299467622e-06
1476,0.2754302558172832,0.2610588369266047,0,1.6253981612782318e-05
1477,0.18941695089417465,0.38161793476606387,0,-4.8477618878115e-06
1478,0.09047832759685707,0.491549068627823,0,-6.033828467870115e-07
1479,0.3294197435098018,0.3217874048260559,0,4.983465042539639e-06
1480,0.2532384413097929,0.1306436584602017,0,0.0026974118900002864
1481,0.21506229623601625,0.030931322067271314,3,0.01585817198090991
1482,0.29930569852526806,0.06136815303637019,3,0.01421892127480742
1483,0.08566024581605736,0.3842349050860315,0,-1.6814615425342285e-06
1484,0.2539713139923857,0.5519817965734659,0,-1.6859287006537031e-06
1485,0.037224229508899274,0.08406897965977496,0,-1.5749672240519192e-05
1486,0.3042946372507324,0.1381170289503333,1,0.005969337150592664
1487,0.3395290139613403,0.048760498931525655,3,0.014461694429659343
1488,0.0010097892363051862,0.3501660369475827,0,-1.0150766954687642e-06
1489,0.22280266909915028,0.13719860311501145,0,0.0007801592803900577
1490,0.31356497085197643,0.22899279286120106,0,0.000633983277047614
1491,0.3267996460843195,0.5747438120331064,0,-2.7747665451259633e-06
1492,0.05829463753964379,0.09016491188635145,0,-1.4941309341422293e-05
1493,0.08058554757728427,0.5297692644727506,0,-3.729973462066454e-07
1494,0.02522347653173486,0.5440064792969483,0,-1.860925633145682e-07
1495,0.27118881489642616,0.19530785797685868,0,0.000491139298237332
1496,0.12438391852590841,0.30700147984504117,0,-5.336253752531218e-06
1497,0.3233277291591073,0.013520617455966598,4,0.025378152957441658
1498,0.08058727915384538,0.1093784235288623,0,-1.4501771949238822e-05
1499,0.13779763385379842,0.0020277807520205247,1,0.006037161331194059
1500,0.30662996581012497,0.5821131587237477,0,-2.1088924408555155e-06
1501,0.13763833604517947,0.1857568855342784,0,-1.576160256294765e-05
1502,0.07437700188160232,0.10440382137499353,0,-1.4694195190182953e-05
1503,0.1028476264707728,0.37283619861801764,0,-2.236894498076232e-06
1504,0.11919063071339633,0.47687114719367385,0,-9.307708866655539e-07
1505,0.27647542017634313,0.37882372468751024,0,-1.1374330939700311e-05
1506,0.02567265238993354,0.13341859790863866,0,-1.0898152343044228e-05
1507,0.24387473334685925,0.1924614182851752,0,0.00017734520137351902
1508,0.05268372967107848,0.5194546614500599,0,-3.129509342237775e-07
1509,0.17575212088217235,0.017854209061844227,2,0.010726625120854373
1510,0.15971568927639176,0.5993947771175548,0,-4.097258702668447e-07
1511,0.07401686911547985,0.1345516074774812,0,-1.5234043364317432e-05
1512,0.13669330899837398,0.06882570753943741,0,0.0004129232329723989
1513,0.1247462651343489,0.39149803646263254,0,-2.3096217345732924e-06
1514,0.08962613480012077,0.29992514147110094,0,-4.057781023678846e-06
1515,0.3365162417284131,0.0747072944591672,2,0.011039701525822178
1516,0.30823614366984137,0.185309781663631,0,0.002241463812161421
1517,0.09882791336860625,0.08159346851192854,0,2.595836408537919e-05
1518,0.2845709606485433,0.2207950968073766,0,0.00029242042660107515
1519,0.26406036502211105,0.24281321858134494,0,3.070612256110944e-05
1520,0.3462967527394814,0.08952145518299504,2,0.009277990909342308
1521,0.016318187592393344,0.1097298054606135,0,-1.2301477793580197e-05
1522,0.09489028682832235,0.3272321981376642,0,-3.257692478882191e-06
1523,0.15760437804040173,0.1511409625273884,0,6.525993748404441e-06
1524,0.020609329108147077,0.1087515463124551,0,-1.2823275235990496e-05
1525,0.251497062915472,0.593443435260076,0,-1.0867888481118055e-06
1526,0.32099072636912807,0.14196473807585322,1,0.006375195439020931
1527,0.341811448527447,0.24152985951023742,0,0.001018848544002047
1528,0.014937588138262252,0.06133688508618455,0,-1.5749226262236623e-05
1529,0.24059500281619664,0.504712843011343,0,-2.366001114108688e-06
1530,0.13803986588774503,0.010367748056833914,1,0.004498861666475538
1531,0.3164603469795641,0.2276752574514135,0,0.00073425844437618
1532,0.16391245284649927,0.5600219981116309,0,-6.333813015183678e-07
1533,0.1458583824412082,0.012010704891966206,1,0.00550887577428446
1534,0.11035924431947129,0.25296698729773703,0,-7.886047040543883e-06
1535,0.21087568812230706,0.3895008528446265,0,-5.541235770553285e-06
1536,0.1778471132359517,0.3180791330675162,0,-8.057400933078249e-06
1537,0.30066283259461435,0.12990818473079632,1,0.006587648214921467
1538,0.1903420802445189,0.09816090516622335,0,0.0010630371811463932
1539,0.2617726147743886,0.022014412362258207,4,0.02322020851436936
1540,0.08385202418804917,0.5445360863254098,0,-3.324633823389894e-07
1541,0.19009564906769014,0.1620194888046834,0,5.346061505433944e-05
1542,0.30231963620309854,0.09270279495464943,2,0.010437568563893147
1543,0.032992706839643116,0.3723631048082956,0,-1.1190384263286973e-06
1544,0.15318356994511328,0.03696296924134585,0,0.0028456086593241273
1545,0.18677635188910083,0.2495137771877963,0,-1.5088521015140658e-05
1546,0.03252370419586246,0.17461586869838494,0,-7.933627130066661e-06
1547,0.3207525850021836,0.13044302411423572,1,0.007264169639533816
1548,0.11531083023965046,0.058653713615775954,0,0.00025311529371156076
1549,0.04414452069173154,0.08104719211172544,0,-1.5438302930273023e-05
1550,0.33145470059864895,0.17409163464703695,1,0.00433577440534412
1551,0.041938486591967826,0.5982628424265879,0,-1.2782384109611857e-07
1552,0.1929632660241652,0.4287530926342586,0,-3.1421979704524424e-06
1553,0.3136809367205935,0.29074882528160045,0,3.251325424793424e-05
1554,0.3205504216449918,0.012510022771584904,4,0.025889793423157875
1555,0.1733416409061513,0.21838787725370126,0,-1.579557622096174e-05
1556,0.14200095946004884,0.01911805765200245,0,0.003735476189804104
1557,0.19322711813632984,0.0799896336526434,0,0.0023333528408425674
1558,0.1093896255166071,0.0787976645912334,0,6.597446213897709e-05
1559,0.3428060724751036,0.09773049238696496,2,0.00888524126930021
1560,0.33552112971554643,0.4538165602179907,0,-9.857110362631129e-06
1561,0.20341081978253997,0.5462511767739103,0,-1.0781303549289348e-06
1562,0.012848128289408088,0.3561389602528999,0,-1.0762585747743955e-06
1563,0.19821113795131873,0.557551683665678,0,-9.142615217387837e-07
1564,0.16423451194157837,0.5185250183623589,0,-9.62175991957471e-07
1565,0.29381282902678013,0.5237313345515079,0,-3.32399005182361e-06
1566,0.23643444985455037,0.4963778600991713,0,-2.4669324346914645e-06
1567,0.28895295806468757,0.1831510357711286,0,0.001411700281628179
1568,0.045491293822578285,0.5884539205839195,0,-1.4609069318734437e-07
1569,0.06996671919514007,0.0258292596913569,0,0.00014100622423924178
1570,0.28876904835246403,0.38450925640688344,0,-1.2022540447030947e-05
1571,0.18789068199632103,0.062270798590667926,0,0.0036588392175289906
1572,0.21577116675859123,0.5026300605115646,0,-1.8861672745951185e-06
1573,0.056536651386142604,0.46335443562659934,0,-5.699318040889573e-07
1574,0.08387016325540049,0.5949358253726268,0,-2.0088432498646653e-07
1575,0.11466336311981047,0.42838933277170255,0,-1.4445306604571476e-06
1576,0.22093759743134866,0.20017509773457073,0,3.1169391139369665e-05
1577,0.07907874820527566,0.19806555965687145,0,-9.847527238897913e-06
1578,0.16829325470827414,0.13600459098031506,0,7.031403232626527e-05
1579,0.04279651383301929,0.4013176509042123,0,-9.239177566717486e-07
1580,0.028588296132625254,0.413774182731294,0,-7.077936516080016e-07
1581,0.13603404435013344,0.4302309301414326,0,-1.7553374146843365e-06
1582,0.2066865537602069,0.00779021675563225,4,0.022734189628297655
1583,0.3066610537189714,0.3920959911458854,0,-1.3044521661896257e-05
1584,0.11116049616045931,0.47119209315376853,0,-9.09252624748032e-07
1585,0.31936675696507905,0.2701098125703999,0,0.00014557451923643966
1586,0.34798009385487166,0.49489962733410237,0,-7.524183224325538e-06
1587,0.3173178224594503,0.28443309470969214,0,6.217031384550968e-05
1588,0.026926188835663348,0.39558121752160585,0,-8.350334898322401e-07
1589,0.1501833141349843,0.47158200156977104,0,-1.3371209739411506e-06
1590,0.28455370185411244,0.33334740004252156,0,-1.5823182278253358e-05
1591,0.3478007674171064,0.4573165909615008,0,-1.0665222287560563e-05
1592,0.023762084434963984,0.5356562930436888,0,-1.9936689514354085e-07
1593,0.30565177446989106,0.5060469704801508,0,-4.457157224510501e-06
1594,0.01938285840367085,0.09434448327419762,0,-1.4087706417595355e-05
1595,0.09027379862125925,0.23978646257747593,0,-7.381515957999624e-06
1596,0.21958496628497975,0.5189748128996686,0,-1.6640365334635989e-06
1597,0.18822412385260973,0.045960807343031096,1,0.006316555905093184
1598,0.07551358097914813,0.02283253680184627,0,0.00021412990651769608
1599,0.05419354042902433,0.09905325718202351,0,-1.5748636378454065e-05
1600,0.27788991788993905,0.4563009844642046,0,-5.543993916027769e-06
1601,0.1925510235154267,0.21214942918624807,0,-1.2541075786653912e-05
1602,0.3093051979373745,0.30833538540455013,0,-1.6685753565712405e-06
1603,0.1739037020410763,0.13070061480953013,0,0.00012679644282335205
1604,0.34443529631831105,0.24955874966721736,0,0.0008475729080705708
1605,0.24474733692303197,0.4915690461077132,0,-2.811652071986643e-06
1606,0.2680527199034026,0.2478376134516907,0,2.8150886508735337e-05
1607,0.3134384941823766,0.1575649152910909,1,0.004705994205857013
1608,0.2265079702735049,0.4490283423362584,0,-3.5839560577291917e-06
1609,0.34764906073385554,0.295883443043958,0,0.00015685107999860874
1610,0.15431663390662598,0.11053995952400453,0,0.0001324563197606707
1611,0.26822259517668756,0.379266093994915,0,-1.05424965409976e-05
1612,0.34704764793524706,0.2986406791956089,0,0.0001342612910876841
1613,0.0332312030839823,0.3680694310517017,0,-1.1709118205688887e-06
1614,0.32360436378404767,0.11987920099496265,1,0.00804629860652697
1615,0.30241842066297725,0.052404662838754,3,0.015511515433609789
1616,0.26844420011779085,0.4606407141791167,0,-4.839212301362763e-06
1617,0.30483612639777274,0.44015485810242866,0,-8.417485256731657e-06
1618,0.04978866734165718,0.3143291316685312,0,-2.3637296767739797e-06
1619,0.12017046609789306,0.13762358555951532,0,-1.158959754569637e-05
1620,0.022809225980595003,0.3118644263736583,0,-1.8507638873837823e-06
1621,0.05738948140879176,0.13902358058181138,0,-1.3456133467470379e-05
1622,0.3414983057530828,0.5461836393663656,0,-4.267071946405159e-06
1623,0.12981017287161165,0.5706441662802552,0,-4.0520434648976545e-07
1624,0.19337911190069004,0.4456138395317306,0,-2.666661031351563e-06
1625,0.053691693572423926,0.20150639121150615,0,-7.507292040898213e-06
1626,0.33906957576625013,0.5942930838463903,0,-2.579519473824989e-06
1627,0.07349069111048015,0.13075292846835831,0,-1.54271347487514e-05
1628,0.2867163273946551,0.07733047276430012,2,0.012169796644312978
1629,0.33806274007449594,0.4203543374622838,0,-1.3348381004064602e-05
1630,0.1299208246322615,0.5001649401516012,0,-8.207602588330868e-07
1631,0.07787035403085703,0.10441761647215546,0,-1.4083707563068251e-05
1632,0.11557578506345165,0.41053392535677824,0,-1.742594700297868e-06
1633,0.30075693716983326,0.2060464419764673,0,0.0009388900796443219
1634,0.18966043025475599,0.03110605851985264,2,0.010164853680163299
1635,0.24454177447666622,0.18964374740702553,0,0.0002082676264373505
1636,0.12363870670405787,0.2929021659641865,0,-6.0861014616725985e-06
1637,0.07843261080720451,0.05760485039131397,0,3.4933301875666526e-05
1638,0.03949125807903019,0.3999425236736715,0,-9.062922113219989e-07
1639,0.2666688216916398,0.502629888164896,0,-3.131777484480066e-06
1640,0.1262172093088679,0.31312077859898496,0,-5.114807572058471e-06
1641,0.06241125676605558,0.24310732512471706,0,-5.443577119775584e-06
1642,0.06742915178881612,0.5414775629871819,0,-2.9093392147794714e-07
1643,0.32058949251681845,0.22517590682051075,0,0.0009169258338104179
1644,0.11727209803893801,0.5580191996083074,0,-4.056295040414552e-07
1645,0.1139831893168123,0.18552012516095728,0,-1.4385104027798271e-05
1646,0.13647124688157464,0.1304752877977518,0,6.1555215178884145e-06
1647,0.23840483620951136,0.5554740174235026,0,-1.3939839120597857e-06
1648,0.14292432633173463,0.47080765459633905,0,-1.2533357971394693e-06
1649,0.08234047890973382,0.0806682132386325,0,1.4703967079644761e-06
1650,0.07144762878245933,0.41706404195892266,0,-1.0507967474252316e-06
1651,0.010878231197977406,0.27262930103629196,0,-2.4316007412724403e-06
1652,0.34949916466074915,0.03308506074670905,4,0.017572292830924572
1653,0.14702366077398996,0.5808053737685931,0,-4.3469857844593217e-07
1654,0.031109656505447617,0.582156272849477,0,-1.3476728620212952e-07
1655,0.17031086453295802,0.1296408279959505,0,0.00011154739651170752
1656,0.12345872820482766,0.5765792504154935,0,-3.583911929426357e-07
1657,0.001978389298879296,0.10711171871753968,0,-1.1151665483612516e-05
1658,0.31441046558682545,0.4403604126734687,0,-9.190157727703243e-06
1659,0.26610199381178373,0.26417558987178946,0,-1.2627186947806924e-07
1660,0.30795817172259565,0.2895539269057665,0,2.2725644578003162e-05
1661,0.12002683313593569,0.16557523444018923,0,-1.5771346039345035e-05
1662,0.0168903854226072,0.13781583394563465,0,-9.68138936876115e-06
1663,0.12611597806450367,0.3519507017936437,0,-3.4742935158334544e-06
1664,0.230008440336186,0.42712633170317493,0,-4.613121734051443e-06
1665,0.007608578321815628,0.3533759240243096,0,-1.049992267594492e-06
1666,0.1256970708372446,0.5949425380409781,0,-3.0501251620513415e-07
1667,0.2091106799837573,0.44293995242518064,0,-3.203175510158667e-06
1668,0.21278611043482704,0.06033955685135517,1,0.007618621630046503
1669,0.028988490962478235,0.10442197489788192,0,-1.4043727710782805e-05
1670,0.3405947740449466,0.47567861760226493,0,-8.427600337491906e-06
1671,0.1872702527201644,0.1336314605877596,0,0.0002084172921448789
1672,0.1391705590827745,0.049982849861772795,0,0.0010110626398376003
1673,0.3403659055040623,0.5824747728898738,0,-2.939993509435351e-06
1674,0.05460651193468014,0.1114059710349887,0,-1.5450944866649358e-05
1675,0.18220897734388297,0.44972263652896205,0,-2.2898140243613313e-06
1676,0.014494916219588155,0.5197366859846542,0,-2.131014854959673e-07
1677,0.1231368902650903,0.13350403278192788,0,-8.31175769223235e-06
1678,0.21981928597183156,0.32398180878776056,0,-1.1211129527524768e-05
1679,0.10738777178427064,0.4985081827445298,0,-6.663509834460726e-07
1680,0.2723985282359471,0.2352721763248905,0,8.366601250831086e-05
1681,0.18178913612914058,0.3211138456930502,0,-8.126822084740967e-06
1682,0.10979386923524916,0.34195527118165214,0,-3.2628157647779777e-06
1683,0.34966287582385075,0.5506633606332966,0,-4.424974032077882e-06
1684,0.193919675257427,0.5064302325393144,0,-1.4602395375904675e-06
1685,0.3094208898325039,0.4344154103733915,0,-9.273488362225074e-06
1686,0.2326517454022998,0.3700177074194391,0,-8.270635770786854e-06
1687,0.09569819315251035,0.050998762118391626,0,0.00014358554098041831
1688,0.08256678405191704,0.1748404739757601,0,-1.2406267584375682e-05
1689,0.08235514362377334,0.17466794500457264,0,-1.2402414792590164e-05
1690,0.061983140103886246,0.2273231548884599,0,-6.3306422951571795e-06
1691,0.32635480210339207,0.4046481278432774,0,-1.3739739196901674e-05
1692,0.20597945078905144,0.5010238219006115,0,-1.7383608301377398e-06
1693,0.09692451295109734,0.2688208017181524,0,-5.9333628239721085e-06
1694,0.247034038838189,0.4119872108094498,0,-6.332419097319319e-06
1695,0.2500289508629728,0.39893083763455206,0,-7.401665551594007e-06
1696,0.23246702101481853,0.07360562483735324,1,0.008072951104526282
1697,0.10250854811584525,0.2918365173571908,0,-4.995536305738793e-06
1698,0.32530436608366275,0.42949174389489936,0,-1.1182476533196447e-05
1699,0.0838225358955075,0.5950459600378544,0,-2.005677860103216e-07
1700,0.016075776276880692,0.5849038881723865,0,-1.1283181270426272e-07
1701,0.19054471859062588,0.28545191729605673,0,-1.2126946315498602e-05
1702,0.1133857455086429,0.3523802969618601,0,-3.0476838357679137e-06
1703,0.05948355347167093,0.35714805813164,0,-1.6974200102403943e-06
1704,0.002162467892504188,0.39905062950032233,0,-6.298070814671925e-07
1705,0.1934055975757265,0.5471398869969973,0,-9.670530017233694e-07
1706,0.1370390212054598,0.24453128817991404,0,-1.0906679815357828e-05
1707,0.19027109549134566,0.3270749313116967,0,-8.322743118041316e-06
1708,0.23414247289906598,0.013604088208012288,4,0.02464636263345921
1709,0.2518621492391691,0.06678620616183414,2,0.012000732182662689
1710,0.01493298293910964,0.07398774691458687,0,-1.5326245350301225e-05
1711,0.27708255228050105,0.36393643409256343,0,-1.2910052264652294e-05
1712,0.20443950748346587,0.436164548569497,0,-3.2714023894767553e-06
1713,0.27258088695091276,0.03888167479192539,4,0.018777765648569446
1714,0.09473877293329808,0.05149928003085935,0,0.0001333678059760639
1715,0.1724023836723686,0.01729222965051904,2,0.010041080574538579
1716,0.12067328453153067,0.07069579265973429,0,0.00018396257862405286
1717,0.2676356882421142,0.3411257054261189,0,-1.419826899800136e-05
1718,0.08147313149702887,0.48903885824108234,0,-5.655078571260347e-07
1719,0.2543746723274613,0.03309764711549359,4,0.019830949468308025
1720,0.04607921700941603,0.4034003748335111,0,-9.350342414444551e-07
1721,0.3306584425814233,0.21927946299376747,0,0.0014855700635450996
1722,0.26689682142411314,0.5175053611509983,0,-2.7060092794621373e-06
1723,0.10822491793496958,0.2566763692964135,0,-7.4554346981895745e-06
1724,0.0076989826924002075,0.2384593217682504,0,-3.313127772579694e-06
1725,0.3057991255277503,0.21171235443765538,0,0.0009077573864143491
1726,0.11793299684305895,0.18030345679318716,0,-1.511185875049941e-05
1727,0.26358012508110296,0.14998299781410016,0,0.0019595867287937893
1728,0.20190995903832654,0.373373472725018,0,-5.9470173094532626e-06
1729,0.3208476012416204,0.5941841545360609,0,-2.153827224297635e-06
1730,0.0943464727111668,0.43439954720278945,0,-1.110561984477697e-06
1731,0.11953703532806806,0.11818883916956918,0,8.885305553077413e-07
1732,0.13860857049917433,0.369431569478425,0,-3.3050773469420964e-06
1733,0.32344470978975387,0.3070031567655641,0,1.8385657377127306e-05
1734,0.2729096632940406,0.480868604227214,0,-4.138168398825815e-06
1735,0.14715499848340957,0.31255269822208565,0,-6.318460520281604e-06
1736,0.03652426012063175,0.46715057240222657,0,-4.4929148421667945e-07
1737,0.12963284869095948,0.2471565198387647,0,-9.972190269209697e-06
1738,0.1785588401569396,0.13261727603691414,0,0.00014499280720402718
1739,0.07604148868640613,0.5951760246949253,0,-1.853304984036272e-07
1740,0.2442708261417985,0.05061233767113695,3,0.014734698461141721
1741,0.28054701823908773,0.35861696296402673,0,-1.3768336177705981e-05
1742,0.29352667299986446,0.20577482953617876,0,0.0007430145930514134
1743,0.013339738061421524,0.2951890145767054,0,-1.9891722636862354e-06
1744,0.11737901527968174,0.026777953403096633,0,0.0010965254570588624
1745,0.11250598851932499,0.3528081024032944,0,-3.0082263338242977e-06
1746,0.16347978328164756,0.09039165876993331,0,0.0005048141293560099
1747,0.18246080352057617,0.16993389763024322,0,1.5284982652617182e-05
1748,0.23631416397071683,0.2692278594309918,0,-1.5277459405289153e-05
1749,0.26884327504910704,0.04289502378965628,4,0.01785770550520982
1750,0.1787503701041483,0.5020523827429697,0,-1.3112771271729336e-06
1751,0.06818837959682979,0.5257854379018356,0,-3.42953926618701e-07
1752,0.05531149416100345,0.36005463968999385,0,-1.5815451114472633e-06
1753,0.19253413906266975,0.5570219687781899,0,-8.684898607398169e-07
1754,0.2985032652567101,0.29632632004069004,0,-3.7113430094748375e-07
1755,0.05088258772687319,0.3679612808135366,0,-1.39813156435363e-06
1756,0.17118645352264647,0.35752008333810253,0,-5.139454696429621e-06
1757,0.1758038710690178,0.3302470037403616,0,-7.026762198660946e-06
1758,0.11395927252903712,0.16105231402424727,0,-1.5764738711707683e-05
1759,0.018775636640340307,0.3154299017740188,0,-1.7154705342913994e-06
1760,0.09721532796194297,0.372400325770812,0,-2.1239002411550553e-06
1761,0.2703677337593401,0.34952842369126097,0,-1.3665362438969135e-05
1762,0.29948136498568306,0.5066623321240061,0,-4.167436016957626e-06
1763,0.06680001591000367,0.21598978064753818,0,-7.407066533025342e-06
1764,0.32515759430140245,0.37147375405927874,0,-1.5901078032293062e-05
1765,0.33644858519571463,0.03308243977571674,4,0.018133609872538894
1766,0.10124893617354953,0.44929350659861356,0,-1.025177155311288e-06
1767,0.0065105140946721705,0.2762980548433827,0,-2.2441215858005233e-06
1768,0.18083320194055738,0.08415571634018892,0,0.0012860092300662261
1769,0.23148229238693013,0.5478216440889954,0,-1.404387579979281e-06
1770,0.1457873526340656,0.5680162296246986,0,-4.879391205710635e-07
1771,0.1270832414413741,0.2801591836664303,0,-7.127084874754601e-06
1772,0.3407225662784096,0.529123561270842,0,-5.014552697724913e-06
1773,0.10239468577819569,0.3610600944285863,0,-2.5047725838044593e-06
1774,0.340591117158771,0.11087367856066599,1,0.008206687578932363
1775,0.32821754752626064,0.32463402315822265,0,5.130008013857843e-07
1776,0.21968381205248405,0.38868105615777837,0,-6.090347201563671e-06
1777,0.3098302624803815,0.11917975865675054,1,0.0079973272706006
1778,0.01523925867867119,0.466750363456911,0,-3.6469442396865345e-07
1779,0.1945928581720455,0.1026856114267197,0,0.0010446401642363193
1780,0.08291594860274212,0.010256964254814704,0,0.0005276632454568805
1781,0.29052314664026696,0.375797863634081,0,-1.3063822182621014e-05
1782,0.17707789185056572,0.471771605807004,0,-1.7454109801846636e-06
1783,0.3021644320308757,0.5731999367771421,0,-2.204922671400103e-06
1784,0.21581125876920962,0.5318449438363645,0,-1.4091228660576678e-06
1785,0.33380473579810843,0.11941385612824788,1,0.007931752970711588
1786,0.32427597793393703,0.3671784467351275,0,-1.5912409545594587e-05
1787,0.33772738579984735,0.4230191317555871,0,-1.3051813031902405e-05
1788,0.20712680380228626,0.37751185487307565,0,-6.009651572938986e-06
1789,0.005947859561985063,0.4560025162139063,0,-3.700804427927678e-07
1790,0.16625667116516146,0.39733936228919325,0,-3.2948943171139154e-06
1791,0.20947680222312628,0.10448497977901103,0,0.0016675715248428982
1792,0.31097115442746215,0.07752217749404346,2,0.01184671280102307
1793,0.2770170521043267,0.17049308157439313,0,0.0014936652652660395
1794,0.0971788513067438,0.21868683316924806,0,-9.620081815904757e-06
1795,0.08847241495812048,0.4815391657856501,0,-6.536776130108099e-07
1796,0.2357158472212221,0.17757378452200606,0,0.00024368615779955582
1797,0.21849341490991708,0.13058260484770307,0,0.0008598348825144027
1798,0.24802534513575553,0.5324789914670239,0,-1.930747666993538e-06
1799,0.15984812850331087,0.03382349716406014,0,0.004011152431465142
1800,0.0968854217054237,0.5137580683296598,0,-5.151481423830084e-07
1801,0.21991158055698998,0.05107821778776964,2,0.011019950610291634
1802,0.09273992795948194,0.41225637951100863,0,-1.3637180454521584e-06
1803,0.2710645616322817,0.014169705528515241,4,0.025967450380296526
1804,0.041357440945213014,0.30085692029085115,0,-2.4860488982078667e-06
1805,0.3185831880270492,0.049301639635570216,3,0.015370096258077063
1806,0.3082669475568828,0.503526194187724,0,-4.68969613153451e-06
1807,0.09784232326616932,0.2028036112373079,0,-1.1156371994245076e-05
1808,0.29880851170114214,0.5660502099206349,0,-2.2902482341130733e-06
1809,0.13666296250818616,0.10005572237312725,0,9.17851546879754e-05
1810,0.08632723448159217,0.22405055865735268,0,-8.26554719795163e-06
1811,0.2400406175525319,0.29059819228013833,0,-1.5749958011601636e-05
1812,0.13676075271371818,0.4860751494867174,0,-1.0117072542129564e-06
1813,0.2485735653869034,0.07250694946567213,2,0.010492452840290625
1814,0.2101729629609349,0.5722665319970868,0,-8.892462894410336e-07
1815,0.3028289830049759,0.5474838875433707,0,-2.869113756039765e-06
1816,0.28275069957211996,0.053462621072620786,3,0.01580254053171625
1817,0.08199361703655655,0.022308981893341493,0,0.00029613942658580363
1818,0.30047516771652427,0.3794189287120481,0,-1.3681414245963983e-05
1819,0.3217096406166929,0.014501837695505703,4,0.024999985062747362
1820,0.007194065862336368,0.316434097931184,0,-1.5128509288027935e-06
1821,0.013474141008522234,0.17949235765816077,0,-6.292416260303054e-06
1822,0.031312848152702584,0.28556674523478265,0,-2.6200608758957075e-06
1823,0.19937183985332668,0.41332739499100185,0,-3.90519244191461e-06
1824,0.21679586531969838,0.06097574573937922,1,0.00816328141795728
1825,0.2686399447485169,0.3358062056100566,0,-1.4749227378467904e-05
1826,0.082159834820626,0.24860409691480673,0,-6.26078331268637e-06
1827,0.01192746574250631,0.045857553064002986,0,-1.5164712406010768e-05
1828,0.2265257511308264,0.5525415466444779,0,-1.275039185727439e-06
1829,0.22444532581671256,0.555494074566206,0,-1.2125275924274204e-06
1830,0.2942146877543589,0.3058459800705972,0,-9.954228387627129e-06
1831,0.04921683030850288,0.5397977076442425,0,-2.4665540593629886e-07
1832,0.19101087556836757,0.04872550657882848,1,0.006250612902439315
1833,0.20451418245538916,0.14791741421163027,0,0.00023502437301048902
1834,0.07260877498686039,0.5445480170110949,0,-2.971162286391604e-07
1835,0.006814433786955464,0.06384033805699303,0,-1.5439697758794624e-05
1836,0.08148929543775564,0.04359346588186703,0,0.00010123646199796823
1837,0.3021032977972708,0.2351750473295232,0,0.000324955935138338
1838,0.3232890858082837,0.45948503816269537,0,-8.343366111255186e-06
1839,0.09085934636768224,0.16356151092791588,0,-1.4284434784998814e-05
1840,0.2544998799457712,0.3335369469148794,0,-1.3679677246742118e-05
1841,0.23411094553168316,0.044188253951116786,3,0.015118185467657476
1842,0.06057200375357496,0.259393285506783,0,-4.549744827118952e-06
1843,0.192955937668164,0.0406558432987268,1,0.008370591939970772
1844,0.07141422028644552,0.07873877892615748,0,-6.243867078371487e-06
1845,0.2748003139420073,0.012543294113187243,4,0.02658955513794685
1846,0.10456407949092358,0.591478837368526,0,-2.5568859307035997e-07
1847,0.008764865731017401,0.4751460992674617,0,-3.1432517058668984e-07
1848,0.2589116827343363,0.5347490884175514,0,-2.1038005642629563e-06
1849,0.11041104606897874,0.06941726074606473,0,0.00011784436126110314
1850,0.28977791286178106,0.4366211727704316,0,-7.542324750348456e-06
1851,0.10803976030441409,0.2758301812700581,0,-6.176270053543664e-06
1852,0.1221948211806871,0.5859538266472949,0,-3.2222952102380756e-07
1853,0.06047732401967696,0.48384870667769886,0,-4.829620242812615e-07
1854,0.13348009227401572,0.376874242770689,0,-2.9158363324841867e-06
1855,0.14508239996315594,0.23603757680378182,0,-1.2527697904772453e-05
1856,0.07060550920656046,0.2067285537865037,0,-8.39403255847999e-06
1857,0.1632686824961836,0.5349081014406195,0,-8.089624104991936e-07
1858,0.03767141054657816,0.20852374194017567,0,-5.999421896493091e-06
1859,0.3023572867509686,0.5091848830143125,0,-4.18177370404704e-06
1860,0.22418465757038797,0.4128261902352081,0,-5.0178318584925325e-06
1861,0.2824810665175875,0.35187285210507113,0,-1.4561357513282003e-05
1862,0.23710271660980742,0.1854572289155382,0,0.00018064098574567067
1863,0.18145060622537887,0.17595638423927942,0,4.9914335119468205e-06
1864,0.20795892203272043,0.5187232440702497,0,-1.48555665724072e-06
1865,0.010936872957303877,0.4212445677962215,0,-5.506677790911251e-07
1866,0.18416296286806777,0.41981823389464107,0,-3.146964627752597e-06
1867,0.2744546013104125,0.2551871225214125,0,2.58083564098183e-05
1868,0.01857921825733829,0.19666911438875498,0,-5.58828404056905e-06
1869,0.0796241489775418,0.45474121848223004,0,-7.822835596807693e-07
1870,0.20078807317590158,0.004225395226317374,4,0.02294294620721697
1871,0.1661142986153353,0.22704728125771967,0,-1.521181616543155e-05
1872,0.3317228824915443,0.05010019529745582,3,0.014602396558969359
1873,0.3398817453013444,0.49919284981498535,0,-6.67424034202907e-06
1874,0.1925881480329761,0.5650095394037306,0,-8.022612845624609e-07
1875,0.32178102193518443,0.3086556089506825,0,1.281899563362066e-05
1876,0.17000296808927945,0.4703464787021279,0,-1.6497923233480175e-06
1877,0.15640989008156692,0.11249850648333778,0,0.00013316834785759787
1878,0.24473687488057155,0.5934404980182953,0,-1.0159410117242666e-06
1879,0.12165498575233079,0.5317322093014778,0,-5.51177793342861e-07
1880,0.12802146886307816,0.21062820918471864,0,-1.335322418792393e-05
1881,0.09947875944414866,0.21537760829821184,0,-1.0124999750341891e-05
1882,0.32571315361605885,0.5602772319472885,0,-3.170948627701283e-06
1883,0.1820465816322525,0.17101296111678752,0,1.281362354931742e-05
1884,0.03536268251107484,0.26648295467885985,0,-3.3002455072736257e-06
1885,0.08236553225621543,0.570385200133493,0,-2.5295237983830184e-07
1886,0.05600262332177456,0.3537218734566616,0,-1.6965659981621806e-06
1887,0.11818444505765892,0.40226403530436766,0,-1.9426592133025574e-06
1888,0.30496928791745,0.5741066338746975,0,-2.2469617094420955e-06
1889,0.2523584203794273,0.20222158471651233,0,0.0001653788503056783
1890,0.27215453755973196,0.3861372798833862,0,-1.0267459907735339e-05
1891,0.10345469987412614,0.5196326201247854,0,-5.186927152106215e-07
1892,0.3311294807460384,0.5791704972015088,0,-2.7717673689107646e-06
1893,0.24094593776950224,0.3777879777757404,0,-8.31030398883091e-06
1894,0.2276557409597814,0.38061125356494696,0,-7.120848802240539e-06
1895,0.2605778184951081,0.44679593096296977,0,-5.135093151177851e-06
1896,0.21924540126977385,0.053018375604374945,2,0.010418152019497064
1897,0.07197487258973499,0.5542770233080132,0,-2.6787084955293965e-07
1898,0.09896845690075637,0.13875403803267408,0,-1.5632228201098926e-05
1899,0.22181877297185548,0.07234554729732519,1,0.00671700881381526
1900,0.2499709186775343,0.03152785743912321,4,0.02003892948320328
1901,0.07227157047815597,0.544271809768096,0,-2.9693629981897496e-07
1902,0.0829750771962805,0.3126844987057959,0,-3.344911162717978e-06
1903,0.05766701447230833,0.4679478813605719,0,-5.505255298681835e-07
1904,0.04444977159668764,0.3546780385181671,0,-1.4973562038897536e-06
1905,0.09278120938199905,0.16277125167219475,0,-1.4519716767432008e-05
1906,0.04100617101671659,0.3246532953115203,0,-1.9531423614753776e-06
1907,0.13874241884520996,0.2838750972450223,0,-7.693551863006708e-06
1908,0.006981308908887745,0.35774854687818314,0,-9.987957332879122e-07
1909,0.0016126054647810583,0.5768246284617535,0,-1.0586964871668783e-07
1910,0.04018862530835259,0.5013658260814158,0,-3.3100293389326616e-07
1911,0.2732709665456638,0.40056274111609913,0,-9.085760604282284e-06
1912,0.30894910789719576,0.3964296927353122,0,-1.2840734653834319e-05
1913,0.013978772342310567,0.06867850660222785,0,-1.5550978724077726e-05
1914,0.18560196410099913,0.5682875609779229,0,-7.241013245716186e-07
1915,0.18449529004577397,0.1997150490479547,0,-1.0924418171407577e-05
1916,0.22059154092844632,0.4375984252022379,0,-3.7866843257286676e-06
1917,0.09162354602857675,0.20907377668228433,0,-9.984650227662432e-06
1918,0.3144096498075891,0.49331451261755965,0,-5.511629603732303e-06
1919,0.15248123326509364,0.5636845390260853,0,-5.447533034892238e-07
1920,0.22989229720733306,0.10609870322264593,0,0.003025364448381099
1921,0.1014991942660965,0.28656488173743627,0,-5.210704973850178e-06
1922,0.24637147602579676,0.36393219584053066,0,-9.946001588639245e-06
1923,0.06426958649767349,0.20233055100132713,0,-8.241583164558889e-06
1924,0.14484622322474272,0.28917082778921127,0,-7.752649716481336e-06
1925,0.12248265394275458,0.4792163376719107,0,-9.395783084661667e-07
1926,0.25491396791381404,0.11761525197480749,0,0.004134039962919502
1927,0.060248643312549394,0.11067371869435098,0,-1.56994985102417e-05
1928,0.024098118326487686,0.3527957685265183,0,-1.2451820368841938e-06
1929,0.14234108597687428,0.4285020572162969,0,-1.901929548394721e-06
1930,0.0541808469299914,0.2681100781694778,0,-3.915780752119968e-06
1931,0.11321793254792656,0.575352776974929,0,-3.2754664332238745e-07
1932,0.24397326055312135,0.08607981302176242,1,0.007382502927116684
1933,0.3269873368472936,0.4911929019799328,0,-6.365249536525458e-06
1934,0.3113568082816659,0.4388618907133164,0,-9.058540050633162e-06
1935,0.2292045817590532,0.20225979606211758,0,4.789026461010753e-05
1936,0.08931997823558399,0.36826544104994774,0,-2.0458080943344076e-06
1937,0.20932407767810812,0.5362616152103867,0,-1.263766420335161e-06
1938,0.16310930186495928,0.020934005096845665,1,0.006934663508953655
1939,0.0826917469340749,0.592711056681067,0,-2.030002740247862e-07
1940,0.10917198988242824,0.21633091809058677,0,-1.0943172048292552e-05
1941,0.20876018117210662,0.2704081191100731,0,-1.5166813789610902e-05
1942,0.3397796185254768,0.10993643592696038,1,0.008288061727404072
1943,0.3031740390911682,0.07445670462784511,2,0.012409578292178364
1944,0.23868300628863626,0.21240249598891453,0,4.5375252138326384e-05
1945,0.01416616670758438,0.0342409143447159,0,-1.2343919114260454e-05
1946,0.02032133928021434,0.3667377099153166,0,-1.0430600034613931e-06
1947,0.05129908922090963,0.595729225151232,0,-1.4395292070651608e-07
1948,0.1659272281697841,0.12295925500821145,0,0.00012604689259576224
1949,0.17342690684333611,0.5243835979804871,0,-9.946327315682083e-07
1950,0.023955193113037836,0.4308087818590363,0,-5.699412659132006e-07
1951,0.2885234547156991,0.20691630492363336,0,0.00059591314373825
1952,0.20247631456921894,0.5374238226790568,0,-1.1666677778251656e-06
1953,0.06332061138052666,0.044996502144613836,0,2.8910196553595424e-05
1954,0.2609826970307526,0.463342735814137,0,-4.376107357892867e-06
1955,0.3392484889154644,0.3748219870934377,0,-1.5689911684153604e-05
1956,0.15223442662607825,0.5834348992220685,0,-4.460286749538323e-07
1957,0.10165884667708816,0.039473168016419646,0,0.00032850425417021837
1958,0.11617150459664767,0.3645432124535846,0,-2.7753068711813883e-06
1959,0.0763990343950876,0.29844808580055526,0,-3.610592660917028e-06
1960,0.17356153680971814,0.5400122782155147,0,-8.518915184275026e-07
1961,0.2186909222252897,0.3502186503601393,0,-8.743285651146838e-06
1962,0.2887263146493384,0.0009739773326995493,4,0.03189594544832265
1963,0.04647959304450958,0.5050293041567079,0,-3.397905636749163e-07
1964,0.07307112053795645,0.15952768629737413,0,-1.2983471806252808e-05
1965,0.09982648866023267,0.4019462077750524,0,-1.622593854684864e-06
1966,0.23913973372404837,0.13405962052512424,0,0.00156438386931973
1967,0.027241067923932227,0.528776356941891,0,-2.211180759964827e-07
1968,0.028878125413233213,0.1170192747851783,0,-1.2822480576087768e-05
1969,0.18428288579999275,0.571432110051914,0,-6.925113119291349e-07
1970,0.33282630500360805,0.4071053633946533,0,-1.4118704009654937e-05
1971,0.15677223380047633,0.4305252652582444,0,-2.1524439447299875e-06
1972,0.02193656380813228,0.029823788820877016,0,-6.5131370939137505e-06
1973,0.0817255319595925,0.2625659125313293,0,-5.434357004201092e-06
1974,0.013295207094872545,0.07149904618785465,0,-1.537544529250088e-05
1975,0.12698151826696857,0.14164115181637674,0,-1.0474427344419498e-05
1976,0.3435598842932952,0.5698188869827213,0,-3.4428241491634936e-06
1977,0.220861052028782,0.10109162984583682,0,0.0027241874350940223
1978,0.3346139608688855,0.011358343339171028,4,0.02607981176492906
1979,0.10212651016364081,0.2094232933603079,0,-1.0931063449400952e-05
1980,0.31198383022589044,0.06900691987187184,2,0.012777467390507509
1981,0.10060395242611699,0.3766973327468226,0,-2.1046051601206482e-06
1982,0.24492640695881182,0.27749062297833454,0,-1.5256681433343368e-05
1983,0.18955027332902374,0.030370627294796157,2,0.010349131282767248
1984,0.029477577328150043,0.16998746906668366,0,-8.054845586794012e-06
1985,0.12605976220831017,0.42954402753808235,0,-1.5999780154897734e-06
1986,0.03038820787137653,0.14375003246923132,0,-1.0368050374583424e-05
1987,0.28799660673725647,0.05948001471765674,3,0.014743724138046189
1988,0.10026675059248305,0.44313694492840483,0,-1.0796272757367632e-06
1989,0.06776838472175123,0.20865556238222915,0,-8.022035961828524e-06
1990,0.21694063350063966,0.34840477751022714,0,-8.74886248749097e-06
1991,0.044572892404261315,0.26470671933845846,0,-3.6816767414584905e-06
1992,0.14342674449058895,0.5781030018154127,0,-4.3085114283110426e-07
1993,0.04028919436799033,0.04866649431103238,0,-6.863539478306863e-06
1994,0.03243136453705473,0.30035180896020447,0,-2.285726662893107e-06
1995,0.1153268927779141,0.5161463199255395,0,-6.046926038297631e-07
1996,0.08553474223810484,0.01759502136583666,0,0.0004284716402035787
1997,0.19352950053223805,0.11726178597754433,0,0.0005578139835112787
1998,0.05848930853887293,0.4482876372664005,0,-6.756538883630556e-07
1999,0.022997597467686048,0.3654274918589334,0,-1.0854450480595398e-06
