,X1,X2,Label,f
0,0.013496309034410769,0.48637527639063216,0,-2.945363709885264e-07
1,0.15901107267530837,0.15868376527767608,0,-4.5803796895571165e-07
2,0.14751512465348623,0.570684289145469,0,-4.833601874577035e-07
3,0.12114665493134007,0.41236682590442025,0,-1.8087739415401791e-06
4,0.06872609132703435,0.10438982053270693,0,-1.5350404721606733e-05
5,0.26500843591146306,0.004147064020237501,4,0.030051263201283464
6,0.22131564221127706,0.00021793339251316185,4,0.02876134552332844
7,0.26106119602374855,0.01743463626853445,4,0.024707825565115204
8,0.29941925586020995,0.016195820388309468,4,0.02487560947883792
9,0.27719618399271206,0.009880858746489628,4,0.027659393917036798
10,0.2867178146048182,0.010227941479396895,4,0.027470879835828636
11,0.28357271417921254,0.028315316682578733,4,0.021303853904736793
12,0.29231265072368284,0.03328775474702755,4,0.019786052924170065
13,0.3246197126462912,0.007720900897770673,4,0.028075824563078163
14,0.33524762989564605,0.014351606443352607,4,0.024697683051639992
15,0.2860450908904664,0.03070114754906828,4,0.02060877373929464
16,0.344866313296409,0.06330348694106236,2,0.01192454662790454
17,0.32951871863963345,0.060822325147982005,3,0.013034095535024603
18,0.3410851566307662,0.06680653008014219,2,0.011679592409114935
19,0.32374089573506043,0.015931632894105638,4,0.0243508096510514
20,0.27920706951646473,0.02088059597427735,4,0.023600089098573182
21,0.30985912124623005,0.003873783426152277,4,0.030284760181027947
22,0.2290695935730078,0.00271061319680433,4,0.028596289298817752
23,0.22520111930924386,0.00012767138434088463,4,0.029326509368039645
24,0.3193778481555251,0.007801982931961694,4,0.028127136492027385
25,0.24317287229723508,0.002127090121646264,4,0.030085186195774792
26,0.2207465567419359,3.948060574401261e-05,4,0.028763488647320694
27,0.3433955998990556,0.06316001467635136,2,0.012018713474647906
28,0.30320027757387075,0.02815540904970765,4,0.020816633100342468
29,0.27850041215985705,0.005601068920470308,4,0.029541641212294453
30,0.3157763650101284,0.014427047003017723,4,0.025184537048086753
31,0.31864860626260744,0.03451041978529988,4,0.018518704925263498
32,0.3369752271892369,0.025280005042739515,4,0.020457591946943132
33,0.26066933725928887,0.012771685232236202,4,0.026374932715227384
34,0.3015691795298501,0.004208928704308654,4,0.030172549564195062
35,0.24581840236884325,0.0007195111622263564,4,0.03090762472180556
36,0.34908979041680366,0.03023517856491051,4,0.0184130465680582
37,0.2844995089069398,0.02730512148934453,4,0.02156923021194611
38,0.3225714481456045,0.038020439298910524,4,0.01749619296111119
39,0.3478634060926496,0.0760176710940863,2,0.010334666077357469
40,0.2681809965046091,0.012133321446981784,4,0.026723259204067276
41,0.3310874461465979,0.034970763195200025,4,0.017867961311369116
42,0.3035556807767547,0.020407562556431953,4,0.02324514373256818
43,0.3490456714002628,0.04874474744570781,3,0.01399784420878203
44,0.3498504099476761,0.07855931489885072,2,0.009993175826386693
45,0.02695456024939802,0.08547635716439389,0,-1.535689483747098e-05
46,0.33960687122628097,0.2933836233775428,0,0.00012226727099609702
47,0.09378304146820848,0.06968020244183794,0,4.3871127071516857e-05
48,0.17701645461222779,0.08335949637423085,0,0.001149873251860096
49,0.2886874096253273,0.2743011173154484,0,1.588983314450291e-05
50,0.2964582646711565,0.04000327110509641,4,0.01809192388487971
51,0.12929266683212395,0.2398386944667815,0,-1.0617982020483181e-05
52,0.03254931024503309,0.017818813392008914,0,2.1336673240698806e-05
53,0.11125884170791284,0.09159713069452076,0,3.141694171040069e-05
54,0.3498334284434178,0.3173462503492442,0,5.7923644123895485e-05
55,0.09330992395564014,0.09042852816448821,0,2.737678463267325e-06
56,0.3136752154033932,0.28594517762862404,0,4.54334084867307e-05
57,0.2842594961583773,0.07837103311470307,2,0.011987449650157137
58,0.021252300405212032,0.2515368474475063,0,-3.328397574032545e-06
59,0.2168015550689817,0.051072515847669225,2,0.010455272936143374
60,0.3276864914125338,0.28313616540078174,0,0.00011459408147345974
61,0.0884508351634776,0.22096529878196952,0,-8.683275708294069e-06
62,0.09180340964795078,0.24472466986500285,0,-7.1418709977654415e-06
63,0.14541047424663825,0.133514595934236,0,1.4841531086828934e-05
64,0.0805205720124001,0.22321016890626003,0,-7.883462458739865e-06
65,0.10406593586109565,0.0663121363060824,0,9.94781793770842e-05
66,0.15434928015701607,0.10246855821497686,0,0.00019709606587889583
67,0.10327721069098293,0.21619138314295155,0,-1.0400182897120031e-05
68,0.2659410161957496,0.041755372390394487,4,0.018064454261604947
69,0.07416678389560355,0.19351842016934803,0,-9.815400400394483e-06
70,0.26738090169289785,0.21136795466917316,0,0.00021309020865023477
71,0.05604065533255231,0.0643170878087224,0,-6.83222821499698e-06
72,0.13883371894284385,0.21384996050650887,0,-1.407139695573444e-05
73,0.22240698694012975,0.11201376174236582,0,0.001965080330819593
74,0.29286309619836365,0.11803091835812313,1,0.007422127808522016
75,0.2904260331672495,0.026960119001933125,4,0.021535893709582154
76,0.1497917720105712,0.17410607671560305,0,-1.3708855892810147e-05
77,0.1544700981568834,0.04148476990291105,0,0.002513727711229948
78,0.2682273436537199,0.25373384909646524,0,1.6674712171467906e-05
79,0.2952427060108262,0.2830113377876199,0,1.2178162390807738e-05
80,0.2808121567447478,0.06945639216125943,3,0.013209612811120795
81,0.14126684844994403,0.132901072179233,0,9.3493842838245e-06
82,0.10609718996281402,0.107574331341974,0,-1.7772451582649305e-06
83,0.016087040899444037,0.19599223443253314,0,-5.48930139900036e-06
84,0.0096445372153943,0.22863214492862033,0,-3.7254279062335085e-06
85,0.16420538740809468,0.18150449476965805,0,-1.166255625942463e-05
86,0.290541823569108,0.11555203413052212,1,0.0075678504698526855
87,0.2753541884271586,0.11742046960747926,1,0.006146014068035861
88,0.1463647411569217,0.14421358724987873,0,1.5181639341921814e-06
89,0.013163399904065076,0.12730961689941414,0,-1.029709112675592e-05
90,0.16824904759483977,0.13721825152535594,0,6.526743890033053e-05
91,0.21175417016834627,0.19867788787917406,0,1.562896188996478e-05
92,0.3241887637543952,0.20513991298969,0,0.0018964233489502107
93,0.17540097985575345,0.15240402556187002,0,3.847813417402986e-05
94,0.18752394100362763,0.17418757368933538,0,1.6599217355565236e-05
95,0.1307973860663393,0.05227779096087026,0,0.0006554057738374087
96,0.29253534432214207,0.12958942666927348,1,0.006094693900325775
97,0.22416065526569143,0.15555538327566557,0,0.0003895933500298789
98,0.16944028392323923,0.12410147801510608,0,0.00014171928525322783
99,0.1138043620430128,0.18625965202112355,0,-1.4304416938981108e-05
100,0.3435823190800308,0.3125621183830054,0,5.352942789290681e-05
101,0.08107608541827427,0.1364926402223489,0,-1.5520517485743242e-05
102,0.021395447357273428,0.18731499241449126,0,-6.297958970559557e-06
103,0.030503021795087924,0.11305197334402309,0,-1.3370560472377382e-05
104,0.16092370339983506,0.04729864502784026,0,0.0025416350239827424
105,0.3031325954153893,0.0832821186749004,2,0.011418880123496589
106,0.20934256135223747,0.19708288942675817,0,1.4294760582870401e-05
107,0.1284036094675271,0.061110383026442394,0,0.0004052431214172776
108,0.14476145340629215,0.23813717717915434,0,-1.2287318659309395e-05
109,0.2781409009191705,0.2647535124105662,0,1.4503392099491198e-05
110,0.0684058742551646,0.1863725555916425,0,-9.9409746580524e-06
111,0.0035179685360146647,0.22482445140581306,0,-3.6406074921093375e-06
112,0.32487703328638207,0.012573819464919034,4,0.025756896305951286
113,0.09221914231268596,0.04499126899361908,0,0.0001631895610768828
114,0.005413041774711053,0.2224097169813299,0,-3.8001799676576295e-06
115,0.08791295629947424,0.09128921805146478,0,-3.3363291023526326e-06
116,0.141352870310464,0.16354204856046542,0,-1.3156887865288439e-05
117,0.29227747004478,0.22041488667650364,0,0.0004038452738602781
118,0.054083949877441195,0.1828945706742637,0,-8.994918485990695e-06
119,0.17729859958875324,0.24323037392502744,0,-1.4848281597107498e-05
120,0.0790416801944941,0.16285275191279672,0,-1.324223021358002e-05
121,0.14902810039113573,0.08827929777901566,0,0.00029816041308919507
122,0.0786349864554633,0.19259425890619433,0,-1.0306650918597439e-05
123,0.06348348474546113,0.05424988781019338,0,1.1401720212036346e-05
124,0.07456354062291139,0.24081613878101166,0,-6.273235512963899e-06
125,0.3449636839138215,0.07396959424388605,2,0.010687121274409678
126,0.3102890978853195,0.2750380906594517,0,7.190818188073189e-05
127,0.17061235754073836,0.02112402569590097,1,0.008519819055376165
128,0.18168149579136028,0.15285963037960712,0,5.642679530175694e-05
129,0.1895754193357911,0.10486629933197833,0,0.0007913018722515468
130,0.03161202867303753,0.1605850427446496,0,-8.983653429377164e-06
131,0.08202700351443516,0.21827565984390007,0,-8.382690618300298e-06
132,0.32563049765273533,0.27289018493586814,0,0.000169570916189188
133,0.34883462220897965,0.25766763854159586,0,0.0007395644476125077
134,0.1900773061809628,0.15417885156388053,0,8.491522977955385e-05
135,0.2944110754119553,0.12572935945784441,1,0.00665239256410447
136,0.23362114292628144,0.20502455888806162,0,5.300631428865557e-05
137,0.32795776210542904,0.292789045779574,0,6.985820649009859e-05
138,0.22938414749035,0.06592662223313558,2,0.009167376621129162
139,0.21964805907410467,0.1697514934818968,0,0.00016936179693295453
140,0.0768102858367581,0.011895826402630566,0,0.0003761300437145048
141,0.09767398425682994,0.2125700877693493,0,-1.0217395705821656e-05
142,0.30862273143601954,0.12180343606104882,1,0.007728486539666738
143,0.32948081101552357,0.1986607102421962,0,0.002532243267945647
144,0.08411909574830313,0.1302140255441464,0,-1.5760071851352293e-05
145,0.0012948968684316498,0.13795234538449647,0,-8.358301802811482e-06
146,0.036256978278785795,0.05564059839806301,0,-1.2131487275353193e-05
147,0.23996503604765596,0.0701047952107127,2,0.009860282319188405
148,0.31638265010831024,0.19453468521875034,0,0.002110120506558069
149,0.15154118348028475,0.033224672030767566,0,0.0030875418308189506
150,0.12572939107480097,0.14970914057581433,0,-1.358330762427627e-05
151,0.3245147617428131,0.29833983917336354,0,4.030781985817272e-05
152,0.2209901522485388,0.22945025138558917,0,-7.736004147832846e-06
153,0.20344757149625506,0.023906741951144592,3,0.015730783349154807
154,0.04526759547080017,0.07471028136188448,0,-1.4582574767646704e-05
155,0.3168391096550479,0.18534509184685952,0,0.0027188557426393086
156,0.30185471579314377,0.2573333444539199,0,0.00011853720210738655
157,0.19634543114257139,0.21049928025994924,0,-1.0521979348150736e-05
158,0.053476150119840755,0.24357662959349013,0,-4.960972637398791e-06
159,0.188354025648441,0.21629549345421548,0,-1.4514659282929545e-05
160,0.28266665081105313,0.17074311872995085,0,0.0017543995881899616
161,0.16876142794080917,0.09868147533826166,0,0.000441614161007261
162,0.13975343415648828,0.23254489221706967,0,-1.234618252596887e-05
163,0.026666378626810774,0.2012357781045692,0,-5.784903291734795e-06
164,0.2359496362026085,0.19488374689654733,0,0.00010740144923990893
165,0.01613718419889355,0.18594601018077928,0,-6.062690560264348e-06
166,0.06436714660982291,0.2461672738435014,0,-5.384443824521646e-06
167,0.3450126875718205,0.3102954893918021,0,6.642744694366173e-05
168,0.34641466317272457,0.17643652204787627,1,0.004732110764679692
169,0.2366636508610862,0.22346451575263412,0,1.5262522494778557e-05
170,0.16203288045454614,0.22242834813589762,0,-1.5246821503909752e-05
171,0.22724449008257108,0.036261206018216585,3,0.016340519240849682
172,0.062302816775471136,0.06865236005817563,0,-5.5380866533831835e-06
173,0.27535514852006604,0.033011059759740724,4,0.020176273577502565
174,0.13221768812182935,0.047724028049206724,0,0.0008400410900503781
175,0.24382310538555613,0.03920449717265087,4,0.017531977444496458
176,0.33693309318654147,0.16303527637246698,1,0.005315081708397951
177,0.3199506161026721,0.27402121108036054,0,0.0001239806144616797
178,0.14915274332058648,0.06204627071344465,0,0.0009182140233011381
179,0.33998295562494196,0.30407547182635747,0,7.156790117652671e-05
180,0.18941733521128318,0.08447162984863754,0,0.0017351024465432551
181,0.11416037082000356,0.022281139279257567,0,0.0011592137026068471
182,0.21750077985280072,0.14038457178722344,0,0.000559831598963308
183,0.23790905344172933,0.10779892659680085,0,0.0035885938921042014
184,0.15344066859394642,0.09223708993179097,0,0.00030325366848784144
185,0.2754430705071482,0.014081256967814015,4,0.026001059055779926
186,0.1670317804640399,0.1547578891974139,0,1.5132826138886149e-05
187,0.15961608982936265,0.07652589464612461,0,0.0007696537851448782
188,0.17363510061739168,0.03996696530508012,1,0.0050296023319203265
189,0.0008391105227373019,0.14177125888156572,0,-8.024821410040571e-06
190,0.04292254690153294,0.24388226062036936,0,-4.455205624890161e-06
191,0.17963640804086098,0.08381096375491583,0,0.001246540504836844
192,0.257532997630301,0.21610962424676958,0,0.00010690814855286432
193,0.18366737402258818,0.22881643081226252,0,-1.5801818701762004e-05
194,0.24734676006728182,0.20391099986092198,0,0.00011982588465124119
195,0.1834932537712776,0.17922083193212937,0,3.4983302049885615e-06
196,0.16313228557908685,0.050373767089081506,0,0.0024495501512752952
197,0.0072966723573923194,0.23191307486976825,0,-3.5223785985542683e-06
198,0.09780722860675055,0.13272141213170852,0,-1.5302088856617885e-05
199,0.047841302636514774,0.21075895966219602,0,-6.48361294273867e-06
200,0.33823619939971294,0.23564692631139378,0,0.0011078571724125763
201,0.089225601630979,0.15777023226348832,0,-1.4640831446920264e-05
202,0.2849179372987036,0.26703968640663883,0,2.252445142862869e-05
203,0.06772001940403397,0.18138487071128984,0,-1.0335408751488493e-05
204,0.2433819968297362,0.20705787902538705,0,8.268380456040476e-05
205,0.029873861161925832,0.24632370972820472,0,-3.819903505792812e-06
206,0.04906446356027916,0.21249066483960155,0,-6.451365962946989e-06
207,0.23570276372288632,0.10486659304621093,0,0.0036988034881109727
208,0.2521519230701724,0.20622376843741022,0,0.00013498394556011594
209,0.22332907418894324,0.23192819393291983,0,-7.834864884994574e-06
210,0.21221345897192526,0.024178220374217158,4,0.01755056521083126
211,0.07222392614415635,0.21752198562452454,0,-7.689477535187175e-06
212,0.20268029138019236,0.01840289441756393,4,0.017544349390210285
213,0.20307657963737127,0.023537299324440347,3,0.01577366068251186
214,0.29719955150194965,0.10271835737379736,2,0.009320889672482886
215,0.22319944067377318,0.03681568349155773,3,0.015523719324304084
216,0.08239259738431953,0.14648416564498726,0,-1.4988964945252452e-05
217,0.20538688259747817,0.042028491230133525,2,0.010572664932307454
218,0.03472176499217962,0.17926357055185593,0,-7.749272495815175e-06
219,0.31591210294259686,0.2309013323305836,0,0.0006411333126524509
220,0.32486626944759256,0.007510887280227974,4,0.028178340711404435
221,0.2799577482123189,0.06555379318570209,3,0.013798486700760134
222,0.25864918924211283,0.2662119891412946,0,-7.48463063571858e-06
223,0.18925473007562366,0.1983185494896505,0,-7.886922429965314e-06
224,0.2066825282213879,0.04436426458792903,2,0.010218073552838509
225,0.1314400460475363,0.0025346587665095455,1,0.004783145830994074
226,0.33071522473553017,0.15545441188652356,1,0.005656475730499873
227,0.18662938640551993,0.14068005399192632,0,0.00014408416710768367
228,0.09138299051434084,0.1783701433048364,0,-1.2928780864314684e-05
229,0.3111972651296509,0.014005070363209027,4,0.025471891212503806
230,0.1326010738123605,0.174828237330487,0,-1.5734798581578993e-05
231,0.33668200434292506,0.2957193254698394,0,9.433755600662526e-05
232,0.34994495424048433,0.06835392180333172,2,0.011041268929272426
233,0.10829122239796046,0.24526902705587936,0,-8.321538342822263e-06
234,0.002058186982151461,0.04514866851420479,0,-1.5716769871968578e-05
235,0.24024757340535188,0.1272722692500127,0,0.002050868443154909
236,0.32824236699712656,0.29494518243212764,0,6.272079507008777e-05
237,0.34797587234847893,0.31655462172266324,0,5.448705255275394e-05
238,0.34402038454015643,0.10451388767616407,1,0.008423997494881433
239,0.046177128825304975,0.20401802970825283,0,-6.812894951832248e-06
240,0.22028470427562422,0.0071522422889480075,4,0.025516219500733333
241,0.3338010902109021,0.2245418769377912,0,0.0013801314594548458
242,0.1050238411498166,0.03579005062142829,0,0.00044847456008571406
243,0.2302141932632542,0.0331251021087525,4,0.017702722060327778
244,0.03932279582796294,0.10017114877839957,0,-1.5214302740529706e-05
245,0.07984351275505,0.06417607403597851,0,2.2846687968804386e-05
246,0.28744442191430836,0.04624134070319352,3,0.017063317303500154
247,0.163832696268964,0.012714108861615414,2,0.009234523987867888
248,0.29952877134015465,0.2793095145448975,0,2.688710079502261e-05
249,0.14297727538391197,0.16682810328827932,0,-1.3585364287385396e-05
250,0.10133799243120128,0.1876770618362493,0,-1.2991333901743096e-05
251,0.07254745358286176,0.2535874703338255,0,-5.42437590769183e-06
252,0.22581371813176335,0.15602648670095762,0,0.0004086713747121045
253,0.015514623341008359,0.052054036010289184,0,-1.5403679294126244e-05
254,0.18471611309143748,0.20675690218584672,0,-1.3225674494882816e-05
255,0.33918601465095494,0.15882282994836158,1,0.005633685223437876
256,0.2371890933095928,0.18459617587724253,0,0.00018880858863877824
257,0.3176643332556517,0.198986050111859,0,0.0019208812909265337
258,0.29517533393089945,0.03875877396208277,4,0.018406879668666044
259,0.14486275149214714,0.059561844345056125,0,0.0008569857032453725
260,0.10969092475271865,0.2143791692806051,0,-1.1180945931828399e-05
261,0.25246302962055633,0.17841241214952838,0,0.0004698105896368304
262,0.045997806643582134,0.2416063581889532,0,-4.697948994084908e-06
263,0.2991407827434239,0.19002343551263304,0,0.0015274300018420612
264,0.23994867287871682,0.18127166238894468,0,0.0002483513635640907
265,0.13235821583219812,0.008095914773042322,0,0.004017042535104692
266,0.2552369422243486,0.13421255302604287,0,0.002551000402276797
267,0.3458800064050048,0.2374098273588446,0,0.001297302195777989
268,0.11811243356647784,0.11853287964205772,0,-8.662440860071243e-07
269,0.07847728210211508,0.19177573498263722,0,-1.0367998459544462e-05
270,0.016396433487375853,0.11028900377183884,0,-1.225376696430435e-05
271,0.15158005167240166,0.12449566063448184,0,5.170650248606281e-05
272,0.15931802249328794,0.033379105802781917,0,0.0040043958641079675
273,0.19779679111787596,0.18297314320343608,0,1.9100863699844273e-05
274,0.1854224297760036,0.14224905133689777,0,0.00012543943156287292
275,0.30810462266206745,0.23822733322806802,0,0.0003630463481039053
276,0.21474922803720187,0.09829181820807059,0,0.0024758531854654794
277,0.25319422687420895,0.23325982260605752,0,2.8076013511238827e-05
278,0.2247574962871907,0.009767447086998782,4,0.025068860812945026
279,0.12025028747032487,0.12441940844299557,0,-4.137184765570634e-06
280,0.21568610109487274,0.11925791477651856,0,0.0011979167950785241
281,0.28403980179992083,0.1376538934524381,1,0.004543042522452017
282,0.0712349231144126,0.24445359298510067,0,-5.858958165605024e-06
283,0.21818198736471442,0.23343190130186098,0,-1.1086554616833249e-05
284,0.28804970433255506,0.1967331809295162,0,0.0008561288234039006
285,0.04914434153987865,0.1800469195431189,0,-8.820703497174838e-06
286,0.043737601877784346,0.020068302916598835,0,4.3366219758931475e-05
287,0.23510428524779808,0.10282202520093568,0,0.0038732137204365506
288,0.34143133603800474,0.07167700034134976,2,0.011107844198089873
289,0.34359666145866524,0.2972490298998501,0,0.00012228016708870737
290,0.1001659082375731,0.027588999082781285,0,0.0005204301004624405
291,0.19789656685561247,0.17509022151125891,0,3.719148306405652e-05
292,0.33111228851678226,0.00013540929411098857,4,0.03229840825282292
293,0.03760840590189904,0.06870733595050113,0,-1.4827163408284727e-05
294,0.29961451966612884,0.14969264157956724,1,0.004525030064075208
295,0.1136980021813228,0.11727173254378706,0,-3.624769692260881e-06
296,0.11896875143706276,0.17660353524069644,0,-1.5409757732344403e-05
297,0.2724859603434147,0.16976899086287442,0,0.0013279441389583695
298,0.18493954801194037,0.01895276245305963,2,0.01278517907141226
299,0.22012496567761924,0.21728715759929576,0,1.4373187337203148e-06
300,0.2609218473628589,0.26923149436645194,0,-7.948574692478257e-06
301,0.3462601328340842,0.2889200657858072,0,0.00020164425545421725
302,0.11465944390694265,0.11829350380611287,0,-3.678993057426019e-06
303,0.18543353624308792,0.23268795849490118,0,-1.579280037133821e-05
304,0.315186420576596,0.2956145159354272,0,2.4838168523559902e-05
305,0.2753478082898674,0.1447684458138552,0,0.003151572568415612
306,0.29778669590235646,0.01888593426157853,4,0.023927759727193652
307,0.26797178637760405,0.0751225274104208,2,0.01180684439924919
308,0.1239284494335259,0.038946695225345274,0,0.0008641865975095226
309,0.08512455664388457,0.14634451737505896,0,-1.5189506704319157e-05
310,0.08305132546132252,0.013998081317152689,0,0.00045062160769991237
311,0.08043294348769406,0.04009559457375544,0,0.00011539137727881395
312,0.17200484522199408,0.23095910474456213,0,-1.533849259362799e-05
313,0.27188590826959835,0.27329420823387673,0,-3.2191776560855396e-06
314,0.14834049511601957,0.08749258360811113,0,0.00029965692810683746
315,0.1423737265485233,0.2226485428153389,0,-1.357667776885353e-05
316,0.3359855152726652,0.1651677875615462,1,0.005145244145776051
317,0.1416157149022505,0.07616955907321629,0,0.0003697988370202635
318,0.2287592779404694,0.1352923451849634,0,0.0010452205537431385
319,0.3470827790436327,0.3013424621672253,0,0.00011810267269298256
320,0.27470249720988277,0.10500257499065899,1,0.00775211980978632
321,0.04107259226123133,0.1379417134362438,0,-1.1956185921157552e-05
322,0.13090766345395927,0.13707441692045563,0,-5.685695536693464e-06
323,0.27146779375160146,0.04024537118845767,4,0.01846596640124814
324,0.060144263329986014,0.1423770683843564,0,-1.3397939871980976e-05
325,0.16211687291746976,0.16012594161282664,0,1.200024131609045e-06
326,0.2663953005432884,0.18520619964283008,0,0.0006102640656216828
327,0.27735144357689595,0.1346903906787052,0,0.004295473371423889
328,0.116091174793325,0.003570931592953297,0,0.0026406113873058763
329,0.24154841080410755,0.13743831591089842,0,0.0015029435142072925
330,0.06126297500074147,0.05480229151363869,0,7.387545664737075e-06
331,0.26808635361196503,0.22914159547930754,0,9.27534626809491e-05
332,0.24067840392182271,0.22675203661680454,0,1.642177630381153e-05
333,0.24109580035548692,0.03979547891246413,3,0.017115038201061132
334,0.28108790619690427,0.06077105562978796,3,0.014571461904316142
335,0.06138323855491409,0.02698071023247206,0,8.401683850260878e-05
336,0.26326206197655344,0.18066984194272173,0,0.0006479629839857618
337,0.34050128529285983,0.08070611153895148,2,0.01027303489519184
338,0.1956717732515351,0.11889308067279025,0,0.0005682219737179909
339,0.06597220703984638,0.15640327052544928,0,-1.2591306469046193e-05
340,0.07927680061287368,0.225287224479345,0,-7.63621947714622e-06
341,0.038323084503006574,0.14997347107300762,0,-1.0526976735769346e-05
342,0.0299485879721368,0.20504395150178797,0,-5.754820662896543e-06
343,0.2833363988667704,0.25154269639578897,0,6.0933577939648525e-05
344,0.017635737191804023,0.2506768667172744,0,-3.2382866368138528e-06
345,0.23272150585471146,0.09016054933242812,1,0.00527436394332437
346,0.11854417755528314,0.1902369833937134,0,-1.43711434772775e-05
347,0.33122684619943277,0.2853868488729125,0,0.00012148294929544484
348,0.0013426122403260242,0.09582449579781226,0,-1.2196893062895635e-05
349,0.12168563204981259,0.22054984455926463,0,-1.1747936055290562e-05
350,0.2710059610141932,0.2057233594806429,0,0.00031787184604744847
351,0.3252779047071461,0.05008129747886196,3,0.014917729124983868
352,0.19793771782604624,0.18733967764996295,0,1.1840531785780484e-05
353,0.28658262733966705,0.20204200974308,0,0.0006685469404264613
354,0.2083748485613466,0.15417430985108735,0,0.00020970202394467362
355,0.33569957729437844,0.30252214472151,0,6.161729038864022e-05
356,0.33787785810602733,0.28301646000694053,0,0.00018317702906664248
357,0.1068805627584807,0.13740982996345208,0,-1.4798593851870535e-05
358,0.14990793724824508,0.21681197315890954,0,-1.4771578019867154e-05
359,0.007873362437973085,0.19417048991546093,0,-5.153942559234243e-06
360,0.32360014517078795,0.05681614301370885,3,0.013900284773896647
361,0.27361347838865496,0.12295697475175738,1,0.005294922291116872
362,0.06086530887391144,0.23476442106724446,0,-5.82070798147844e-06
363,0.16401634683784555,0.2319273729469679,0,-1.4689589085721478e-05
364,0.34393597572323104,0.23403219158462488,0,0.0013621565040868077
365,0.25608518663366237,0.10871758022253264,1,0.00536139815008652
366,0.06754249332075643,0.13830774501871107,0,-1.4455345671619614e-05
367,0.1289270440034151,0.19725713579968415,0,-1.4656487371820373e-05
368,0.22440906071324962,0.012183844274397615,4,0.024061319903400706
369,0.06551056022804788,0.17616109892028914,0,-1.0617640814097537e-05
370,0.22034793294414642,0.25101386846588775,0,-1.4986747561410861e-05
371,0.030401752192376418,0.2349743570323384,0,-4.298827195518413e-06
372,0.11806658178863648,0.20948343416518656,0,-1.248615547862613e-05
373,0.29374620731274353,0.08901723559007221,2,0.010792742970400787
374,0.21167004317934054,0.2529634308224823,0,-1.576838519515841e-05
375,0.10661406299811538,0.24430459600991672,0,-8.265565638757275e-06
376,0.1697893194565239,0.08389450234565299,0,0.000852268290648769
377,0.33178587918398583,0.17166111817527643,1,0.004527965961517971
378,0.07987838249142616,0.22580110865534914,0,-7.642598363353668e-06
379,0.06374783128509244,0.20932687812273007,0,-7.669623489652777e-06
380,0.25207303809526005,0.2505309037540666,0,-3.071509844323984e-07
381,0.04060478486122152,0.02394012692049427,0,2.5347670620605908e-05
382,0.06077187901001901,0.15605762649088398,0,-1.2110426528096961e-05
383,0.0012018061432853833,0.1599601022743321,0,-6.755689557549744e-06
384,0.0097555170874224,0.15362012385507148,0,-7.801935775443076e-06
385,0.29224757062617757,0.23054047809724976,0,0.0002646933543973634
386,0.043299041345055855,0.1353527728683259,0,-1.2433142850158632e-05
387,0.20423774245502166,0.1058080315292328,0,0.0013200148162087184
388,0.13400949864735823,0.05434039939721519,0,0.0006858495939693827
389,0.08107416276787653,0.12926295507662874,0,-1.5744932819735433e-05
390,0.09046857134717998,0.23351548208916625,0,-7.85536655514536e-06
391,0.23788409459451867,0.006033765294526761,4,0.02798295488647298
392,0.1879465880695205,0.05931643669216369,0,0.0040536010423192406
393,0.005814035187874922,0.03571209808394138,0,-1.463935680263052e-05
394,0.3110610725578249,0.04994830066617839,3,0.015589739968346845
395,0.07860064292267079,0.01206629594560324,0,0.00040398650864891526
396,0.348080734595996,0.3187164430980287,0,4.7950704401496245e-05
397,0.009132408243339168,0.19049605015157858,0,-5.411276132228019e-06
398,0.02513826845705794,0.12304997342444599,0,-1.1855068166334816e-05
399,0.2146631472875034,0.11111413254972964,0,0.0015642897900774123
400,0.33727029725611385,0.30558938771198924,0,5.624904665200578e-05
401,0.11210292272240718,0.026562554681502454,0,0.0008941240584015798
402,0.30437732031123466,0.2729047681549193,0,5.8177679905279635e-05
403,0.14496087200129457,0.2026375391165403,0,-1.5410102882091325e-05
404,0.08882937168105344,0.07150771991200036,0,2.6295385013076628e-05
405,0.301894480811463,0.12815054343061644,1,0.006836052433240334
406,0.18279874635857132,0.13404527598816973,0,0.0001658567449598444
407,0.16644351330399754,0.24009997579898792,0,-1.4192528365652012e-05
408,0.13535036333919878,0.14789720856264735,0,-9.513888300436455e-06
409,0.32652348167778705,0.22022311139588088,0,0.0012885281037500846
410,0.10501434647657071,0.03266723729360688,0,0.0005136348266149097
411,0.18196407011791457,0.24318909792288698,0,-1.5193464546701894e-05
412,0.26894521124571913,0.26532316767045555,0,1.566179330513715e-06
413,0.2990584133300123,0.23470123041844426,0,0.00029328559697494247
414,0.2125391733873226,0.22382569069740874,0,-9.245331077315096e-06
415,0.3179065568018629,0.015904066583349752,4,0.02452431318215267
416,0.16074909401018692,0.0837209741333704,0,0.0005977906021276204
417,0.21392554986466436,0.23018726469143577,0,-1.146520389747952e-05
418,0.16351903488871622,0.04803182370612444,0,0.0027090266260453395
419,0.25445536014227227,0.2547598690062739,0,-2.057898645400107e-06
420,0.2623751642875105,0.12599556811479715,0,0.003904033839511867
421,0.0339286619720404,0.19216774378948184,0,-6.787542419035053e-06
422,0.3064338479212296,0.1434611242507216,1,0.005577066778592509
423,0.32700550258492866,0.14662362048126423,1,0.0061884631916635565
424,0.0076668368120061045,0.0641308149798067,0,-1.5468455135302983e-05
425,0.0459323192873307,0.15062380816662976,0,-1.1189548371234374e-05
426,0.2452015300354656,0.18243993194141744,0,0.0002953463099368347
427,0.18769120535244754,0.06166629892049513,0,0.0037122181786408094
428,0.25009098514890415,0.07822197479352941,2,0.009577527236797381
429,0.05643388909039804,0.1416087333266374,0,-1.3111497466187115e-05
430,0.2899580058314516,0.009604584640340974,4,0.027709477802502644
431,0.10641065411387315,0.16546019511124152,0,-1.53270803512257e-05
432,0.2213885020830494,0.20288254893927102,0,2.596394539785814e-05
433,0.10364034773365476,0.049135855453145805,0,0.0002304261046926471
434,0.1770802878178684,0.17595591250898288,0,1.6083148968951104e-07
435,0.2270531933847788,0.1118441728338192,0,0.002294049714391072
436,0.07820933197330245,0.008755664352518247,0,0.00045975497855694326
437,0.18823593415128012,0.09437380648320091,0,0.0011389446054075822
438,0.261445949141131,0.1363277025929156,0,0.0028333159491344775
439,0.17502786725087024,0.007482254023053275,3,0.014146942066858882
440,0.14425947121679775,0.15487408018213175,0,-8.537742671308354e-06
441,0.1136978086733214,0.24549885099950625,0,-8.738443687620696e-06
442,0.016155429784450562,0.0238003974042596,0,-6.343933000191782e-06
443,0.14354807043679355,0.21792008785856506,0,-1.4129766535205312e-05
444,0.22768150331898276,0.13844626593424608,0,0.0008911501881494931
445,0.34865275369933063,0.16059181969256037,1,0.005638096542320586
446,0.18772781730386806,0.012854188643020875,3,0.01577728568484913
447,0.1599540972794699,0.15442099756768518,0,5.304346738678323e-06
448,0.12876048540551444,0.14315208625150752,0,-1.0361099876150598e-05
449,0.1551141255654119,0.22615215572872474,0,-1.4425637788028596e-05
450,0.0985880193000456,0.24023362033963058,0,-7.960503938526733e-06
451,0.2420422969585852,0.2239493843850833,0,2.4425907318119526e-05
452,0.15635158444575842,0.07119186949866399,0,0.0008409485577079291
453,0.044809411198672364,0.09974010511833845,0,-1.5540905074131594e-05
454,0.34172119663719536,0.01929560419137366,4,0.022448695467867208
455,0.3200604970846531,0.2936722029685035,0,4.116975892271066e-05
456,0.2029159904970861,0.12070711826404867,0,0.0007023578747264271
457,0.0435818786210787,0.23468554955394147,0,-4.91255637726513e-06
458,0.32957870632205954,0.30023454456040743,0,4.92533087650746e-05
459,0.22007985033273483,0.13498483510548345,0,0.0007680253188313782
460,0.20862240206556115,0.04687221606359806,2,0.009957784825407238
461,0.08817183310349945,0.05769422806741223,0,6.617274806798606e-05
462,0.27698506629933006,0.2435820308562577,0,6.749838098589443e-05
463,0.16024678460208155,0.1840060480429362,0,-1.3600216195198339e-05
464,0.31979534075092103,0.08505355031869227,2,0.01080431908244534
465,0.25723517191484685,0.04551147194782055,3,0.01692398556833829
466,0.28627313558957584,0.2603537191408335,0,4.181453182530235e-05
467,0.059651783929652535,0.03355132944909965,0,5.0830370532386965e-05
468,0.2961525872957065,0.03539270204020187,4,0.019154262247765626
469,0.27489506804229497,0.12028027720570247,1,0.005742415729519794
470,0.11660123271086209,0.02279879518828116,0,0.0012507422150136453
471,0.337071777056765,0.30954104174075464,0,4.331403335549532e-05
472,0.09198871194781658,0.03321623032438675,0,0.0002826547058036845
473,0.23821220015230832,0.15167574885992266,0,0.0007884871379106143
474,0.1529084772921104,0.11991616207013,0,7.406777523345152e-05
475,0.18150696152931453,0.06064660802551833,0,0.0031538831299424927
476,0.2218923134568369,0.02614069669164759,4,0.018659647937902778
477,0.2979654469793406,0.1359884976884207,1,0.005784898708510855
478,0.08426525544584641,0.23145226905742283,0,-7.549662430519553e-06
479,0.3193878498216588,0.0276816450046678,4,0.020371290888075304
480,0.15408454618802941,0.23356278239781722,0,-1.3651458614093562e-05
481,0.3286879415002481,0.16161330366782162,1,0.0051379792530702375
482,0.02743320743703713,0.13049849949476475,0,-1.1349519058817437e-05
483,0.03727713391571638,0.19308439883820747,0,-6.949748224437119e-06
484,0.0625491650744853,0.23957227543191,0,-5.644302810513766e-06
485,0.18309784212900856,0.11776958145354421,0,0.00035439799962304303
486,0.10807138279969933,0.07432478271636084,0,7.942997817685108e-05
487,0.09888381564248039,0.22516535488184505,0,-9.204083942509074e-06
488,0.13556587898305858,0.21601000290980985,0,-1.3561295959916306e-05
489,0.19416862563828258,0.20091907997355488,0,-6.472201877391185e-06
490,0.15466217786228714,0.1453333247730731,0,1.0594723061655166e-05
491,0.17574512965577732,0.0756352706448391,0,0.0014809373010960425
492,0.2593807623075811,0.2301389433619413,0,5.365763514000818e-05
493,0.02314410612096544,0.19731053717658323,0,-5.8081154326911065e-06
494,0.3178043219955763,0.1828903226752785,0,0.002945053672319342
495,0.05212666333576347,0.06548297578440124,0,-9.686163603109667e-06
496,0.07302217587332767,0.1805054054643015,0,-1.091743460605146e-05
497,0.047468332892484706,0.11141168938468793,0,-1.5000958537636055e-05
498,0.34721429634252954,0.11893871059683889,1,0.00755849678689852
499,0.06902373994047946,0.24016115035848926,0,-5.9802169056056715e-06
500,0.3089989720532817,0.1853806867001954,0,0.002278553894547813
501,0.0036823218825967506,0.014795838342625323,0,-8.45886683492089e-06
502,0.34246612920829317,0.24193865397000067,0,0.0010250378304408466
503,0.0026603507559544715,0.046697844109590714,0,-1.5733649956922714e-05
504,0.1376193349833198,0.08077896572000443,0,0.0002516070816326804
505,0.2776857686897307,0.26265313776620525,0,1.7354523427527155e-05
506,0.05311165872029276,0.1635451472052631,0,-1.0639694471635813e-05
507,0.00822195126742921,0.19915217530395624,0,-4.922981195479289e-06
508,0.09070335919463464,0.15692439515897405,0,-1.4827346112351887e-05
509,0.2849439745757793,0.0019308673379955232,4,0.031370711130142254
510,0.21594165910162044,0.21727839060562867,0,-2.5312076893488745e-06
511,0.1256657968324784,0.04034366520863581,0,0.0008749990506725919
512,0.11252525143332572,0.09805309713644123,0,2.0021352490477843e-05
513,0.3375716515591317,0.2266114951786802,0,0.0014346639976950877
514,0.13285686747493985,0.14767722439664577,0,-1.0563589463442366e-05
515,0.09958183434609871,0.07729447327508662,0,3.85033380415295e-05
516,0.023567657926107877,0.206652356690041,0,-5.31927628912611e-06
517,0.06440850275100844,0.008044383791697862,0,0.0002558016888992663
518,0.32924499926851936,0.2729200922565873,0,0.000198105037875664
519,0.32334141245802617,0.2884498492701977,0,6.921850415955898e-05
520,0.3438386065395014,0.26853584514315737,0,0.0004211998990312768
521,0.169577063428704,0.010286175329782765,2,0.011532519015744345
522,0.10594597840209141,0.16453652134736607,0,-1.5354253306298374e-05
523,0.30910854240428154,0.2767571667086837,0,6.0923823246673596e-05
524,0.046627326065335456,0.13689548875559743,0,-1.2609856968285182e-05
525,0.26061718139105794,0.24063345435192823,0,2.7911694867498482e-05
526,0.04951301043195518,0.07219101716533072,0,-1.3143990854603124e-05
527,0.17491980480414376,0.14054555383550646,0,7.890301967520893e-05
528,0.18009127718776327,0.20892789206586632,0,-1.4646646851826055e-05
529,0.17850520039574727,0.10779490054430518,0,0.00044918277809143466
530,0.05380436198811587,0.05025406736903096,0,3.7299212921688063e-06
531,0.13538326265713704,0.11360850314486923,0,3.631012028473637e-05
532,0.307894862139356,0.19575701405488774,0,0.0016347222231319909
533,0.22440907281849734,0.2532240161062147,0,-1.4731811535441102e-05
534,0.12507578197282865,0.09098461968499477,0,8.027700079290692e-05
535,0.11929923637794171,0.19200286603197658,0,-1.4281950489415225e-05
536,0.26810693990745393,0.006768251821242216,4,0.028928260922421064
537,0.04143453817374524,0.19330400586394478,0,-7.219982619960309e-06
538,0.12826309225411667,0.20952521715901648,0,-1.3483464246733314e-05
539,0.21560608570966236,0.07617441620696352,1,0.005184233340516199
540,0.055780117567957144,0.016536583325732067,0,0.00010978965221635365
541,0.1438861995440543,0.23842769764766078,0,-1.2171748132128538e-05
542,0.1322280249632415,0.08181422823844182,0,0.00018655858746154263
543,0.026481328787881106,0.14282531393607584,0,-1.0093517143286183e-05
544,0.22829846483176988,0.25892222958945915,0,-1.4996702469333264e-05
545,0.29515170212131797,0.20589088424619556,0,0.0007825217385489367
546,0.2907683379422173,0.0919584989398492,2,0.01038644497862094
547,0.015138350605600636,0.24949965277891994,0,-3.1960174328141504e-06
548,0.13172904472946265,0.2021988346702201,0,-1.4476248292818916e-05
549,0.16441151654113614,0.0712258607313202,0,0.0011497844781444182
550,0.3402543583800613,0.26522821573953903,0,0.0004196874208354888
551,0.21894131504606423,0.028745400451125114,3,0.01729351694571185
552,0.04106758428689406,0.01729886759909842,0,4.369432633091752e-05
553,0.19552993368775987,0.09842700907646093,0,0.0012750238212611063
554,0.10266124103016894,0.09621530812373622,0,7.072161133362949e-06
555,0.3083157414588923,0.26002608663007115,0,0.00014119324738138804
556,0.18325114197633843,0.16030550908447538,0,3.807674661345405e-05
557,0.14807362326616816,0.09016939388952189,0,0.0002622124181609747
558,0.054060011354540145,0.25334685576502736,0,-4.5291614450487234e-06
559,0.21897084212576431,0.19313707400326566,0,4.496433126013523e-05
560,0.27646785889137976,0.1281966305567963,1,0.004936183758797311
561,0.30560494997948967,0.06280430112804175,3,0.01381379859892743
562,0.04459185135052657,0.08852843288683458,0,-1.5736406897379793e-05
563,0.006493492223324848,0.12876678053631316,0,-9.563086249701593e-06
564,0.33271163951653043,0.2188739605401348,0,0.0015862241498391706
565,0.28494789404063325,0.2550976791222565,0,5.403478363838533e-05
566,0.2723021682631691,0.26139005997843684,0,1.0751018722651558e-05
567,0.33673555586570336,0.3066626430317528,0,5.101308955044232e-05
568,0.22297852150967581,0.1038186772864349,0,0.0026525773210652913
569,0.30071333025783037,0.25656282156123406,0,0.00011654118672244672
570,0.33236616541550984,0.16104920091091832,1,0.005312914689339961
571,0.33316079566681484,0.2941308321034505,0,8.567145099520811e-05
572,0.06574365124579223,0.047901967410182815,0,2.7761083455057525e-05
573,0.11812133969355093,0.10485975780532243,0,1.765559749230357e-05
574,0.26782221379691046,0.17900766582179223,0,0.0008141026039963538
575,0.2956844268395718,0.2731698168713607,0,3.237105961124702e-05
576,0.055286394319209,0.08487407680355334,0,-1.4611969616396225e-05
577,0.1193985255289801,0.050475665515921975,0,0.00043812185010430366
578,0.16065061187284596,0.022531244461031136,1,0.006104238074869665
579,0.0016149516160279265,0.1583615004549695,0,-6.889250707798649e-06
580,0.18381964238688742,0.11006916035253957,0,0.0005079592076458183
581,0.18496225572667407,0.1901834572739646,0,-5.346108048967679e-06
582,0.033744592685865264,0.162235985827856,0,-9.024010208117282e-06
583,0.1579082015014694,0.03971632200433453,0,0.0030308765581153136
584,0.24814671146139858,0.02017194698186392,4,0.023361300543013473
585,0.2194152132217171,0.1192118462000509,0,0.0013693494414367166
586,0.2369427011952328,0.10422602306162476,0,0.0038967446248230333
587,0.16129156402993886,1.6219504589209952e-05,2,0.012765580112233057
588,0.0524758372090071,0.00888444868444302,0,0.00013788216157456607
589,0.15347359520264303,0.101532582218362,0,0.0001977893591657542
590,0.10758137163444538,0.11721415168586936,0,-7.82843205082584e-06
591,0.19664758525781284,0.09345151873173158,0,0.0016021735258672327
592,0.03973000718333847,0.011544094882502076,0,5.840059591206082e-05
593,0.32761312962984207,0.22464413543270498,0,0.0011558313915043044
594,0.21916186589738712,0.17951853885589988,0,0.00010135386277102008
595,0.234894335989441,0.19498541745075437,0,0.00010120117005294319
596,0.2872005365004709,0.10935667786855488,1,0.008106323920528905
597,0.03450005439275717,0.1098681357506861,0,-1.40492014533089e-05
598,0.12869715115463684,0.011810401283676802,0,0.0030613569049154116
599,0.239831533019558,0.11809861891477874,0,0.0027422307943525243
600,0.2658349207443382,0.16891356613534841,0,0.0011001380373736453
601,0.25392381242369205,0.20758300031813692,0,0.00013747731375206347
602,0.15030343657200262,0.14241079496273726,0,8.560837540284831e-06
603,0.09330449563997584,0.05168780644054936,0,0.00012273206226388978
604,0.18576972540224887,0.15171743639513405,0,7.680606348291287e-05
605,0.26565512719426354,0.26750121580781794,0,-3.5050356562168583e-06
606,0.24989825935858637,0.21580663784777207,0,7.243189837177486e-05
607,0.1602481534887951,0.19862454285197254,0,-1.560440946425313e-05
608,0.23801763040043544,0.1815013069000098,0,0.00022587734363120808
609,0.09409460685892372,0.042659374155784274,0,0.0002001304776201637
610,0.15025068708650802,0.16920232078777867,0,-1.2200834955420308e-05
611,0.0885434575231122,0.0630726139370972,0,4.823276372900569e-05
612,0.24376095234997466,0.22489071446037218,0,2.6039169206268154e-05
613,0.26431382227881395,0.049061835396328246,3,0.016445958545475876
614,0.03496016087547338,0.10690507801383531,0,-1.4355739016912336e-05
615,0.24867999421415365,0.030181073740324915,4,0.020341882459626575
616,0.25169820508951835,0.12046222894269049,0,0.003523722678272134
617,0.056832153597882906,0.027986784507476336,0,6.057636934457272e-05
618,0.1815609326013884,0.10141531085283086,0,0.0006643044264861489
619,0.17696617314212862,0.12544638982242934,0,0.00019031972389042212
620,0.036708783143439394,0.06267297976026662,0,-1.3927724907659469e-05
621,0.06112467391816734,0.15128649440727682,0,-1.2618619428303208e-05
622,0.01556649111457372,0.1197808275535602,0,-1.1239212491095451e-05
623,0.16222606592062794,0.23408800610794153,0,-1.4353042311001314e-05
624,0.1693813636915068,0.02960092932920902,1,0.006262043409043434
625,0.10710953535937685,0.026737272449164795,0,0.0007229091210993906
626,0.3336827485177513,0.1979141588957615,0,0.002794121091929661
627,0.18346378329947477,0.2072200767533353,0,-1.3654683653659818e-05
628,0.19356402856378674,0.09371183116086662,0,0.0014208979782113903
629,0.1581699124351846,0.23999190686826988,0,-1.3425247970112035e-05
630,0.07317829772582962,0.04379281720413082,0,6.228947355064101e-05
631,0.15936865946648737,0.05027456840147437,0,0.002149452642443548
632,0.11747875859547831,0.2017879633231296,0,-1.3188530459384778e-05
633,0.3441723682666092,0.29810010608973375,0,0.00012055265043343165
634,0.2880561540494179,0.2585784999770871,0,5.258810466584408e-05
635,0.26531500346541026,0.06328274301699924,3,0.013723502085629745
636,0.14079628878702755,0.20086819539873096,0,-1.526601492584453e-05
637,0.27262297388413653,0.07540422810007952,2,0.012024225950006656
638,0.13015849661418466,0.1904688935979848,0,-1.5250114990994577e-05
639,0.10591444213309022,0.14057221013545962,0,-1.528441054103346e-05
640,0.14775730875138865,0.1084330412339336,0,0.00010557079517201582
641,0.13085590508336586,0.001903210521586973,1,0.004798190723058421
642,0.2814899467336398,0.022822498990408502,4,0.022953249415057393
643,0.21997500269978884,0.11672432335657049,0,0.0015297952397059708
644,0.29534498421387534,0.010852002239555014,4,0.027106772491276035
645,0.035890358614212525,0.1886475593099829,0,-7.158642538331268e-06
646,0.2751889599749743,0.03321247715094683,4,0.020126741905597132
647,0.2790791828913789,0.14988667137120174,0,0.0029869526162235485
648,0.24311807870316426,0.08768948693040698,1,0.006997553645101893
649,0.20639873020816532,0.058050769403216074,1,0.007008361449228013
650,0.19022346847227264,0.2319228926327156,0,-1.5760742798978154e-05
651,0.2752057966230418,0.08385100682639846,2,0.010856361556119371
652,0.016389011274865643,0.19478118237016656,0,-5.571791902082507e-06
653,0.06730805118367614,0.028767396050759925,0,0.00010535851500547043
654,0.2792548465730805,0.1332934170653345,1,0.004609038505312807
655,0.2867150345164649,0.23284073826105972,0,0.0001885945581492284
656,0.008799623485682473,0.2139921580104887,0,-4.273447838656537e-06
657,0.028689635514368317,0.026137869696935767,0,2.664337954509922e-06
658,0.1767308564318582,0.15923658974755844,0,2.4994019629088263e-05
659,0.06591794714886615,0.018862287888958662,0,0.0001634819689053731
660,0.1162488023595167,0.13093074562651386,0,-1.0451670792094732e-05
661,0.3245453391370635,0.28891116308786174,0,7.20549790642797e-05
662,0.1703542615880769,0.24797008420962244,0,-1.3826200265355436e-05
663,0.31565374481280173,0.26014571317981294,0,0.0001949831883317821
664,0.1308771201946148,0.05608686783562311,0,0.0005594751364013853
665,0.32459767896560354,0.042126873156596086,3,0.016489390609400904
666,0.16647226798981477,0.24312260514274783,0,-1.3917250532090183e-05
667,0.20298125081737536,0.038891095218330674,2,0.010926611716247092
668,0.25733777421757803,0.04354203233309641,4,0.017378931505617198
669,0.060337890462747956,0.18197418737785379,0,-9.613582579393277e-06
670,0.1239678501767006,0.07904331665336334,0,0.00014311754609035472
671,0.2249880214128669,0.11347687234444692,0,0.0020303678536355936
672,0.21589448266018446,0.1518519113141121,0,0.0003234739419098976
673,0.1968431386278346,0.25121564154903303,0,-1.5588225102098735e-05
674,0.21674665990146663,0.16797232785063673,0,0.00016094547305752917
675,0.0988902739467731,0.04313415478880403,0,0.0002449457403327077
676,0.10087955543510588,0.004409715144143234,0,0.0014168582817799772
677,0.052002122095218616,0.21493676856285007,0,-6.482192975096028e-06
678,0.11689983021537735,0.09934553236964097,0,2.6377741929247383e-05
679,0.20332996509820345,0.09317418312892106,0,0.002039479841659082
680,0.11113576238631284,0.21415270752948695,0,-1.1342898333424629e-05
681,0.32272103200533425,0.2494956965188947,0,0.0004044454200893677
682,0.16970344566772383,0.10226545412799165,0,0.00039364900055781013
683,0.1749967455799704,0.11146174992977328,0,0.0003301472047432421
684,0.22129108958028965,0.13595897394215095,0,0.0007737388780171702
685,0.27293090712306656,0.17066090625539151,0,0.0013061712185629354
686,0.07673782849221866,0.07826683611384755,0,-1.6765512079325235e-06
687,0.2770724299263632,0.010357434937633497,4,0.027462239088234374
688,0.3050205788507025,0.22350774515182908,0,0.0005753817472247989
689,0.04934882007225427,0.11768314225558127,0,-1.466055674624891e-05
690,0.21466957949320245,0.02706640984879731,3,0.01705077960508617
691,0.2152966358124211,0.030376596430998132,3,0.01608242389845408
692,0.07214393045591633,0.1791953575507993,0,-1.0958897222408488e-05
693,0.26522914520777396,0.2186652144937806,0,0.00013719346621007014
694,0.21373523457048357,0.15167281764065607,0,0.00029733952330225193
695,0.3415546325065818,0.2556814835461091,0,0.0006254561709913187
696,0.3035896622204414,0.06884671833499895,3,0.013082386364536371
697,0.08325358896754753,0.22051812983180558,0,-8.302054906133225e-06
698,0.01704130835584236,0.19502906148320734,0,-5.594006228704805e-06
699,0.3390236578590567,0.1363998398466154,1,0.00690907997411957
700,0.07344650018243348,0.07688691487267608,0,-3.3300523798325384e-06
701,0.2894687876596751,0.019134632839692134,4,0.02402280444070082
702,0.29061260923323756,0.12878846956696072,1,0.006043411469746643
703,0.1823098581578275,0.22206073784608807,0,-1.568949982939009e-05
704,0.19542565747239393,0.031138274133643007,2,0.011486835501600632
705,0.12334180245110532,0.07299687053817207,0,0.00018696100826484828
706,0.28361999587345676,0.2665789116802738,0,2.0912440489632954e-05
707,0.2500231370477861,0.17265556719852687,0,0.0005391371769736942
708,0.27411452024854155,0.19242821146189143,0,0.00061370795002516
709,0.21718561005099346,0.20297621182037903,0,1.7508857203352106e-05
710,0.31309416273672874,0.20425160091714842,0,0.001452466928640949
711,0.035301074942800215,0.20534728027178292,0,-6.04726736770239e-06
712,0.13563421419273494,0.1621838327737743,0,-1.4162164680524303e-05
713,0.006960910363214428,0.059675165206270364,0,-1.5629065199895188e-05
714,0.2208365364801285,0.2108499448204003,0,1.0478225685648177e-05
715,0.17443598880256514,0.12580087043399069,0,0.00016604905982396122
716,0.04284275959705688,0.20207314571140295,0,-6.721590488888693e-06
717,0.21920166739323937,0.24935618577694763,0,-1.4916024128148617e-05
718,0.060228225819188644,0.25403152851609045,0,-4.781894619297057e-06
719,0.11112339854101266,0.20103055598063124,0,-1.2637029178208307e-05
720,0.20831777583212865,0.035986139698718,2,0.012904034152222715
721,0.2298624631837335,0.22060283423888735,0,9.24284268771762e-06
722,0.044824866993919965,0.08734100735402121,0,-1.5708469020332974e-05
723,0.1532405031290191,0.20791453751751954,0,-1.5564497113721246e-05
724,0.2286687658199954,0.18900100996981795,0,0.00010054940156785724
725,0.10820252358937872,0.035604619754295644,0,0.0005181187252155154
726,0.06569893671904763,0.05461585629735751,0,1.4378195724268849e-05
727,0.02953102571021425,0.24105018637345924,0,-4.012017474177506e-06
728,0.12027373294610187,0.22413460241811764,0,-1.1259413312079547e-05
729,0.302190084228229,0.14887938052403793,1,0.0047825434549259305
730,0.006865623442982304,0.08137314068507029,0,-1.4130080414304371e-05
731,0.23283207685125432,0.24537813984814172,0,-9.98183077387934e-06
732,0.25665713284607555,0.17483466834371847,0,0.0006360969271875685
733,0.2573884371048092,0.09005364510806825,1,0.00833298472393735
734,0.0157873312746367,0.214777444036759,0,-4.544583826416103e-06
735,0.3495501528332287,0.319705334480701,0,4.931455285317913e-05
736,0.0358000541355055,0.12944364469874833,0,-1.2276291769785033e-05
737,0.13096725182711477,0.23180576535298472,0,-1.1552418225988364e-05
738,0.2538536710008269,0.03572758673912274,4,0.019118856504242734
739,0.26791256554138887,0.061906498092836215,3,0.014095155554580267
740,0.20373429856410571,0.19995925880060048,0,2.674752578491582e-06
741,0.2196664707938396,0.24768691084875397,0,-1.4594352218970417e-05
742,0.3453617527336247,0.08746618525484313,2,0.009476933603288268
743,0.3489234458938383,0.31506751901927554,0,6.285164752393204e-05
744,0.3243557640928224,0.23529592587914264,0,0.0007284072543977053
745,0.16522953478801056,0.07703810386691956,0,0.000940621167407604
746,0.011580379243449818,0.009375169036933584,0,2.3139221388436377e-06
747,0.1617295396276836,0.12722944529246663,0,8.025194738048998e-05
748,0.3210692782110927,0.23559933014415194,0,0.0006448771292748241
749,0.17440445045283554,0.18760578906484135,0,-9.990109030551427e-06
750,0.012289283012080487,0.2262185608152033,0,-3.917708423830036e-06
751,0.004711953310715694,0.20221926365203383,0,-4.612471859186662e-06
752,0.23373958331015154,0.08762065338210949,1,0.005789575390435568
753,0.21025806402521835,0.10213623241482743,0,0.0018653244053556631
754,0.31563788643040536,0.0007470423306667473,4,0.03201094992692651
755,0.19090820478067033,0.014679426847490101,3,0.015951584737457117
756,0.20691329119759044,0.06413725078730964,1,0.005940524603172579
757,0.2716444339975281,0.15079206584358557,0,0.002402704302304286
758,0.29113010500435854,0.24357630071862962,0,0.00013943430845131445
759,0.265080140777642,0.24947597407685082,0,1.8775665204865914e-05
760,0.23053286637558526,0.1818615826304386,0,0.00015792183225591874
761,0.18610926291729288,0.13346765513236247,0,0.0001991081612486933
762,0.25042420455813874,0.06509137095290629,2,0.012194534315026056
763,0.2998973993757909,0.20049722295687583,0,0.0011063588700181695
764,0.3142494681600496,0.11291151416812584,1,0.00859005386472975
765,0.3207500595449031,0.15172364344003306,1,0.005580583469921021
766,0.022765760738059374,0.07491174266625694,0,-1.5648131372800147e-05
767,0.1132145869050077,0.24901252578120947,0,-8.414593926028053e-06
768,0.18480161759993932,0.05566301342060185,0,0.004164312655653534
769,0.15428372642209226,0.17185651682662628,0,-1.1730856110389797e-05
770,0.10641371150981355,0.13413255000138574,0,-1.434184875575042e-05
771,0.04502657104841803,0.23712184067653946,0,-4.864459898286367e-06
772,0.1600918913098411,0.06522791784159912,0,0.0012364518371979559
773,0.21951817081831587,0.09292153701809269,0,0.003426024825337035
774,0.22727165945967598,0.08198948326513561,1,0.005832876095316204
775,0.26311368139147584,0.13254870262461524,0,0.0033060281602313476
776,0.1310383395189083,0.22026134806109993,0,-1.2701856746346292e-05
777,0.3312157663709071,0.2616184329778284,0,0.00034492818950494227
778,0.2758350658692381,0.1458309331283977,0,0.003095154125340011
779,0.029792747922011104,0.07477930278285473,0,-1.5745947015638762e-05
780,0.34729681519624606,0.23530360228927485,0,0.0014318383344991904
781,0.34627576084822476,0.30759498211666936,0,8.250215740676348e-05
782,0.23310703507068098,0.11773430261139367,0,0.002268497697985182
783,0.31873955447398555,0.26738561392442917,0,0.00016070820771846005
784,0.03608513320281215,0.07100801541844368,0,-1.5270128993783863e-05
785,0.28862926674339556,0.08267326387747137,2,0.011495499604145584
786,0.0030892346390413382,0.22940120517157914,0,-3.4635107962296875e-06
787,0.020636955759093266,0.192822070552671,0,-5.922543453446187e-06
788,0.25355936287816544,0.04987930032112059,3,0.015722510996005624
789,0.21902594971486108,0.20147287271901584,0,2.399132233759637e-05
790,0.27780524014176355,0.1294005568989439,1,0.004916990608673497
791,0.23168405119400237,0.15374909524364302,0,0.0005671525379140978
792,0.014041624183079499,0.15873989862230387,0,-7.739407553095227e-06
793,0.22431645077180998,0.012662420675121577,4,0.02386208841739984
794,0.01257312980262032,0.08424189797096511,0,-1.4381708411350853e-05
795,0.06926930266287079,0.0029472161310938106,0,0.0004018686304959133
796,0.2372119325998519,0.2332533691666452,0,2.417401742584845e-06
797,0.2203559324373186,0.20288252093125975,0,2.3785816927964007e-05
798,0.023647276177063414,0.16044087576316113,0,-8.3455928228054e-06
799,0.039561040845541746,0.15970880602293702,0,-9.748310435755299e-06
800,0.06662088067868667,0.016307825246519345,0,0.0001917337248864065
801,0.30934274424560376,0.10283469591958805,2,0.009453731734967347
802,0.2135085139713043,0.08106073737317344,0,0.004216365256296303
803,0.138024908319458,0.13126849884480127,0,7.142425007868965e-06
804,0.16628781383604394,0.22006927606107884,0,-1.560647109739848e-05
805,0.21000564055030996,0.19427273589342164,0,2.0550333995138775e-05
806,0.020047630429324243,0.09968782943843206,0,-1.3651233662797902e-05
807,0.2080021999166256,0.09608468060436787,0,0.0021484688947632
808,0.1640108512229838,0.12146855592147292,0,0.00012350167342395845
809,0.16793923592479323,0.09344885594202451,0,0.0005332279613996022
810,0.10553503532815016,0.09151115526315995,0,1.9253476966567076e-05
811,0.33544491975328805,0.11714875638678471,1,0.008021898127758635
812,0.2159801122069227,0.10086846147509174,0,0.002355524872476464
813,0.3162128345346157,0.19692352874269,0,0.0019647684022200116
814,0.04296254600549545,0.25047496758731064,0,-4.174425146675253e-06
815,0.1532256369609842,0.1292671486352689,0,4.190471331107664e-05
816,0.14233580491931347,0.027532120808044146,0,0.0027566403337120895
817,0.08589638415579609,0.12360568668430269,0,-1.5511991187871283e-05
818,0.1517383687769244,0.10742503143517822,0,0.00013635072891112794
819,0.12443272640672653,0.14583327793450487,0,-1.2899838053827025e-05
820,0.08259804946351079,0.05033328448822423,0,7.374137821940489e-05
821,0.034707556357135676,0.07229830586007414,0,-1.5483829253451646e-05
822,0.1287653795699548,0.10215679608750673,0,5.0891870619621424e-05
823,0.010082470869253533,0.09804447297516265,0,-1.2842187732257775e-05
824,0.3112218979699513,0.12343839020372543,1,0.007650639550522175
825,0.12948673328685387,0.12946603720663655,0,-5.200502989971343e-07
826,0.34893954983039827,0.26496441657949693,0,0.0005747645629748757
827,0.12623475784855442,0.21711049431452484,0,-1.2538614991599317e-05
828,0.3337565364335277,0.20865625900247511,0,0.0021535866862130914
829,0.15566051087932867,0.13701945085744166,0,2.8051188447890267e-05
830,0.22892608671384346,0.19185559919266038,0,8.742757551490176e-05
831,0.3475763758247289,0.3166994069932352,0,5.273911713622476e-05
832,0.18039723885686124,0.07581047969527879,0,0.001742025881806275
833,0.11801815694674768,0.1690774001738319,0,-1.5692373098988314e-05
834,0.28151335786883624,0.05955645954840377,3,0.01477112035145455
835,0.18777959400882202,0.07491822921819502,0,0.0023310717815031522
836,0.09366305006824363,0.19922476084547763,0,-1.1099038255712297e-05
837,0.20522800173950587,0.12555684078960846,0,0.0006317886603583237
838,0.10761130197606314,0.05203937643593731,0,0.00024172124504923492
839,0.32554801886767376,0.08834912576994451,2,0.010302487090019722
840,0.17256695703065983,0.22152565688550427,0,-1.576052870414307e-05
841,0.29743923060727095,0.2597463522246466,0,8.368044040346306e-05
842,0.25098364502759574,0.0775449691996648,2,0.009810498769078945
843,0.03724361098010856,0.2516775000657515,0,-3.896985930065556e-06
844,0.0026126115103892456,0.12038697758166925,0,-9.965658404510003e-06
845,0.29480706132218193,0.10158416700359045,2,0.009378360582250334
846,0.21853013111527028,0.11427148161167094,0,0.0015920086655341137
847,0.12937216685087935,0.0850816677845081,0,0.00013817007852176612
848,0.17702911722250428,0.00804881914785831,3,0.014530595904120407
849,0.19158492389200707,0.14107404046198055,0,0.00017911569936553218
850,0.08987642806057555,0.04475191854169764,0,0.00014707843779883002
851,0.3301165333752939,0.07159312396407913,2,0.011681663065110514
852,0.08194609199385092,0.013709270892982989,0,0.0004349330474687606
853,0.0347595640034469,0.09158409203722563,0,-1.544948571231141e-05
854,0.3151254092414224,0.05969466445409455,3,0.01386876890483164
855,0.08839878988565304,0.13431472195430907,0,-1.5761243175066137e-05
856,0.07824580924799787,0.006571752875817712,0,0.0005067374514764042
857,0.07941378761296328,0.013752307681355394,0,0.00038842997635168307
858,0.10860278069050718,0.07476601579229836,0,7.981934400096606e-05
859,0.3252149654084237,0.2916720091213862,0,6.389785828382247e-05
860,0.2219214300099398,0.042425937865107455,3,0.013684763367485761
861,0.08153582884484162,0.1830927192394979,0,-1.1489778482544983e-05
862,0.04638185448919159,0.08458111689779493,0,-1.5526089500045857e-05
863,0.0377176131813336,0.16196173317269344,0,-9.387465812665672e-06
864,0.1923107516581221,0.1305904918413573,0,0.0002995734986340698
865,0.32753213921778523,0.22849528297366173,0,0.0010172326028716572
866,0.3001495405453992,0.14560277076770262,1,0.004959686067217939
867,0.31379094840930044,0.17003047257791679,0,0.0036788451236705907
868,0.1266304714974191,0.22861438426400096,0,-1.1441093089221604e-05
869,0.08679270739057378,0.0455309322202559,0,0.00012081848361487123
870,0.08594422172494541,0.002008669923455886,0,0.0008531535095159181
871,0.32613767705967756,0.17615642013059854,0,0.0039147605449898655
872,0.24642817806789577,0.13902753221677117,0,0.0016668844974700417
873,0.15664751974387078,0.009272618652267538,1,0.008434878200349756
874,0.08051564972384456,0.16701202045733166,0,-1.2978601191637827e-05
875,0.3449418659022971,0.3075688946143221,0,7.702987648641922e-05
876,0.3390850696867847,0.27631375377280437,0,0.00025731897792240324
877,0.25618240210276216,0.24203258972848743,0,1.640584924763372e-05
878,0.29137774295724567,0.13801518093761697,1,0.0050915418502339126
879,0.2811850317871193,0.14032150582080882,0,0.00403376222532087
880,0.27677039846019047,0.24723974779987726,0,5.351416700915566e-05
881,0.19262640575741494,0.016888335950569044,3,0.015576575883019816
882,0.344747569439171,0.14764499039621978,1,0.006285609926636568
883,0.16301255437084144,0.1786908840461488,0,-1.1029258647367678e-05
884,0.22021521014412782,0.2210356152927806,0,-2.1229356824815675e-06
885,0.14632540872065022,0.20265659626382151,0,-1.5482827213985345e-05
886,0.2881047071474707,0.07566920345051212,2,0.012406328809287184
887,0.07724896817675002,0.08209206200259687,0,-4.467425507933306e-06
888,0.1728443434109612,0.12786807159275287,0,0.00013880368965921546
889,0.17757835685851714,0.1713616448398832,0,5.952507914144457e-06
890,0.2959004373337876,0.1830635326649114,0,0.0017343894895294166
891,0.0381749284938353,0.13989208958545457,0,-1.147975733152915e-05
892,0.002709877271515687,0.2503781495359935,0,-2.7989857945741885e-06
893,0.18591420018635588,0.131580338774894,0,0.00021553904657323902
894,0.3179152961732778,0.2934203141074551,0,3.620933450538382e-05
895,0.2353991282893743,0.18084264958979857,0,0.00020717663556115
896,0.2929318692415824,0.27075690217602727,0,3.167688758120493e-05
897,0.004362180584728464,0.12264898919883199,0,-9.919110088270344e-06
898,0.29662120509394224,0.27509445113177267,0,2.9973955690464767e-05
899,0.025695204036702196,0.15477345667815134,0,-8.975393095873284e-06
900,0.22400531655489708,0.13694918031139766,0,0.0008241287462365328
901,0.12669808134611413,0.18706185341052517,0,-1.5246501351880012e-05
902,0.2607887916831892,0.24408248685006123,0,2.1008363171868388e-05
903,0.13602946399641788,0.14619653339745994,0,-8.251413829158898e-06
904,0.282500331741175,0.2771361521195141,0,3.259712594684434e-06
905,0.07416071148159835,0.1723010906976974,0,-1.182640654268828e-05
906,0.2802788866533326,0.17170334153344186,0,0.0015846272055233944
907,0.10090035519037817,0.1696109330962964,0,-1.4626469797353298e-05
908,0.31664681312671406,0.08333367191248509,2,0.01107393569592675
909,0.2072283816503412,0.20576993028683874,0,1.7177377202540634e-07
910,0.23001927550901424,0.03267766414254361,4,0.017810381891219366
911,0.21400738666294136,0.13411904039752578,0,0.00062962779476462
912,0.1541107041777428,0.08475429221623293,0,0.0004340611709760304
913,0.09181485757439298,0.06606666106453035,0,4.905517186531054e-05
914,0.339572919684958,0.2862652339637297,0,0.00017037576636386997
915,0.09408857489096527,0.10032003912792797,0,-5.562575293433168e-06
916,0.26504570950813594,0.11923625188129468,1,0.0049315011195458485
917,0.05050154769389299,0.12931366010523282,0,-1.3726745057768584e-05
918,0.23694231785602138,0.08618899958224147,1,0.0064392564972424095
919,0.2632160304973012,0.1839211128332255,0,0.0005697426417024655
920,0.09865597431229566,0.14926680417791482,0,-1.57006757826691e-05
921,0.2994041972402562,0.018824352886307016,4,0.023910054179461227
922,0.0018571050805749332,0.22612847021249624,0,-3.5347057397495682e-06
923,0.22455434305162492,0.24101920773269359,0,-1.1589537653777575e-05
924,0.32032015741727565,0.26705429809152387,0,0.00017504016390334498
925,0.3467901297538609,0.3107791811628781,0,7.126211236814784e-05
926,0.12624354693739176,0.1757099775268934,0,-1.5734255225475844e-05
927,0.11298328339431263,0.2312370597756302,0,-9.908733336749912e-06
928,0.03921721222038313,0.06545682322154249,0,-1.3987577238685194e-05
929,0.2155841065216505,0.03771198840265416,3,0.01386740329415134
930,0.09051832471095546,0.22152204937327866,0,-8.807394477168848e-06
931,0.3043525880242607,0.09374166196444145,2,0.010327385504775972
932,0.03203710916308839,0.109252107312128,0,-1.3878714676771095e-05
933,0.07028530732478117,0.18341521204569208,0,-1.0384780616725468e-05
934,0.048386707631920545,0.13295259620309197,0,-1.3172093365375583e-05
935,0.14163545227004795,0.12221824237744643,0,3.0195406645881533e-05
936,0.20726902116926896,0.12879600592639787,0,0.0006000360111308475
937,0.3450514815368441,0.016943055128348428,4,0.023296647475344663
938,0.06551204803768586,0.19619724921176535,0,-8.836890713344668e-06
939,0.2777538103385579,0.27138391981935317,0,4.528184719218116e-06
940,0.2269508216234526,0.10199985811069404,0,0.0031705645974604403
941,0.21413771775692936,0.027147906110622986,3,0.01691922360838907
942,0.04856217725718212,0.06322885635827295,0,-1.0294454039761612e-05
943,0.15970590092321754,0.08555396930154568,0,0.000530131910053648
944,0.15342799436991686,0.24555672115148205,0,-1.2409711643530496e-05
945,0.026953791602343756,0.1528039247104912,0,-9.249715448627314e-06
946,0.16493892871086605,0.012060975955092923,2,0.009709979836964753
947,0.23499094884691205,0.054958522511183494,2,0.012523888850551642
948,0.31664111031792774,0.12520130006527702,1,0.007612096097408088
949,0.3278609231951262,0.15665082042905254,1,0.005476666915400885
950,0.21282723615361224,0.2064439157078876,0,5.660364291477124e-06
951,0.22027625217916882,0.13834833841178582,0,0.000677156555885389
952,0.10386366871837946,0.1147723893964667,0,-8.54440439184944e-06
953,0.002677410936119784,0.20910386596526345,0,-4.221632064382625e-06
954,0.11288821699116112,0.1844451306277235,0,-1.4383442256080423e-05
955,0.2369107372600598,0.19512970947514172,0,0.00011134090289103959
956,0.07214672884453274,0.20935802792086647,0,-8.307561331358423e-06
957,0.006852665991087142,0.059351964960079294,0,-1.5636468383552728e-05
958,0.32855410675794733,0.1995853953625122,0,0.0024280587542366418
959,0.1788638542260335,0.1689698281834779,0,1.1085189321711333e-05
960,0.16859085222181389,0.1466210799421033,0,3.592067070582788e-05
961,0.29634400363314567,0.11527444207863158,1,0.00791921678657134
962,0.34679513648814164,0.31698067668874197,0,4.9431930192570446e-05
963,0.045361316320844454,0.1922458409097128,0,-7.575673824452872e-06
964,0.07967178578624456,0.023025374993298976,0,0.0002576465604633806
965,0.32040978412257337,0.19862837935758323,0,0.002074891041090674
966,0.17822965771748459,0.19237846722765337,0,-1.043897736320808e-05
967,0.2887223861388016,0.2085803994011589,0,0.000563118050249008
968,0.22792432030397708,0.25883614963967616,0,-1.5032980219101584e-05
969,0.16907102686167716,0.1146793205278892,0,0.0002192772897581662
970,0.21289481399618077,0.06545646127033788,1,0.006625026575237178
971,0.31003675570651057,0.2619998430073018,0,0.00013917010639363762
972,0.17770478410977755,0.17194122031745612,0,5.375526218919522e-06
973,0.14536735897385983,0.20217663944630637,0,-1.5457634403463523e-05
974,0.2142626756230893,0.09754612832092077,0,0.0025013602846913055
975,0.08139411586998556,0.23576195497917515,0,-7.043459775650419e-06
976,0.14540451384695582,0.17900435427762518,0,-1.5217548988728738e-05
977,0.11938774545537273,0.0036516684877245173,0,0.0029768204652562023
978,0.0819553213657286,0.16322674659480083,0,-1.3488294747001973e-05
979,0.1718687831296509,0.21690149681423473,0,-1.5794701574177362e-05
980,0.08914261084800332,0.15046774244696032,0,-1.5182567049078694e-05
981,0.23418767612619615,0.024093820911107955,4,0.020999446964366137
982,0.19825297029897154,0.17342395621848164,0,4.285904971697892e-05
983,0.26262030750193993,0.04969666124113756,3,0.0162529994698572
984,0.1438213313198019,0.1114877285241733,0,7.171295962333683e-05
985,0.08353572117685085,0.06471644717815854,0,2.9829597818568037e-05
986,0.10588740699195592,0.013389874196590587,0,0.0011985972290536721
987,0.3261248706327176,0.15293019246529452,1,0.0056946845037458465
988,0.0015619493972615084,0.13790219393558634,0,-8.38348391799778e-06
989,0.09797402608987227,0.03486250977303309,0,0.0003432068802012793
990,0.019295392752764574,0.13532741133080853,0,-1.0122813617247931e-05
991,0.22083688268283921,0.039019406553201935,3,0.014464357616750637
992,0.17970843595902078,0.12725206488622198,0,0.0001984816316824197
993,0.33276958429666487,0.07548722499156024,2,0.011145209664161791
994,0.06899818121793388,0.023341631030152032,0,0.000152299839501621
995,0.246436238076018,0.1586592941843993,0,0.0008150589575385525
996,0.10558292653450183,0.18766612265372357,0,-1.3406971999358295e-05
997,0.08491175252454942,0.09334418133248563,0,-7.013633172468777e-06
998,0.1452610686602611,0.052376267535317156,0,0.0011656262564696859
999,0.05426650403764951,0.1312536832806891,0,-1.3897765024025983e-05
1000,0.2751493575580357,0.252997177496881,0,3.242094324588545e-05
1001,0.1031620519812112,0.046464387366325056,0,0.0002553449272865459
1002,0.11910314563063948,0.19294742480341276,0,-1.4179834044749176e-05
1003,0.2877840733086502,0.2023996714822968,0,0.0006884557169591111
1004,0.23666209420620618,0.1466947457392034,0,0.0009019824406999637
1005,0.2979110329628087,0.048799131068030216,3,0.016297303582047413
1006,0.1852865370016261,0.11878921582884928,0,0.0003720733885335686
1007,0.06139299138057805,0.25498068947624897,0,-4.792048022495782e-06
1008,0.3145972752443946,0.27864032434155783,0,7.437516480166302e-05
1009,0.19299265894339457,0.17219347827886922,0,3.218128206940688e-05
1010,0.048256075616556704,0.031601065563413154,0,2.5266860895704562e-05
1011,0.09448041788098686,0.19023705056926568,0,-1.2059134130500895e-05
1012,0.2414963437505648,0.19107405848368875,0,0.00016969270072898947
1013,0.05456875827141705,0.12477274121632073,0,-1.4504245562744545e-05
1014,0.09814980085414586,0.2471698940458218,0,-7.415815347625188e-06
1015,0.024283580614456155,0.09375006767984606,0,-1.4568707912197386e-05
1016,0.22894228433725552,0.014162514957157424,4,0.023879791086855832
1017,0.06753261803686603,0.1717423742391049,0,-1.123342768404515e-05
1018,0.1924627190550051,0.15612056561810492,0,8.685406988329352e-05
1019,0.09397520104468822,0.19025729411583384,0,-1.2007189881073066e-05
1020,0.15222068843619352,0.24664326328191127,0,-1.218211164893323e-05
1021,0.06201932893933345,0.19916609735708657,0,-8.313794313485474e-06
1022,0.06113614394202989,0.07243179768093927,0,-8.64027294377096e-06
1023,0.24986403753901548,0.23852763934998888,0,1.192021087408186e-05
1024,0.3100819923272204,0.08043373349832424,2,0.011567006273264596
1025,0.03741223254999457,0.25010823301060914,0,-3.9649530817950485e-06
1026,0.20249253967067699,0.06216155329927453,1,0.005618584399058594
1027,0.3017174484594079,0.17959959875048975,0,0.0022441273606398295
1028,0.01338785385106056,0.22600956856570897,0,-3.968965207644922e-06
1029,0.13099865597011176,0.05257041619798604,0,0.0006527678084829264
1030,0.17322445979641354,0.24506283354715055,0,-1.435430795181388e-05
1031,0.3435481451186717,0.25816265812343936,0,0.0006119028757377694
1032,0.13724392540104022,0.24028430357585795,0,-1.1336296564943951e-05
1033,0.19868447589471605,0.17916582723328542,0,2.8937234523953688e-05
1034,0.015199942641714913,0.1707509173822777,0,-6.968812384889488e-06
1035,0.033902635871289395,0.0023040825252543806,0,7.194401513019106e-05
1036,0.05672760282512955,0.0504138143694453,0,7.213533088059405e-06
1037,0.21650360188384535,0.17958614154676708,0,8.774552938153888e-05
1038,0.1140431179612867,0.011336737644133899,0,0.0017964269931304523
1039,0.14159210031526284,0.06936283516307014,0,0.0004967780457985713
1040,0.0207057666906173,0.22785720013156668,0,-4.190521806993387e-06
1041,0.1974199739871648,0.01124810267746168,4,0.01905519602545918
1042,0.13782779154997696,0.16507819686655295,0,-1.4300219133631156e-05
1043,0.22805324705202468,0.20973294640706336,0,2.5354343956021818e-05
1044,0.2092236554138389,0.17687442014074692,0,6.819900533719369e-05
1045,0.20413797491671218,0.12641219692536498,0,0.0005844137595048172
1046,0.004611306116193453,0.22858674623615147,0,-3.545044439188e-06
1047,0.23916916606047625,0.13677760920762505,0,0.0014213261239868567
1048,0.2654926876976736,0.140928499234528,0,0.0027466944182052582
1049,0.23542690135304067,0.09918451074733164,1,0.0043513977844850575
1050,0.32714200946991423,0.016750589773420477,4,0.023919731502704267
1051,0.0025216693983609872,0.06685407384243285,0,-1.497511376688048e-05
1052,0.024523521725675117,0.09528833703909242,0,-1.4458748171546272e-05
1053,0.01426257909233825,0.19512062766948005,0,-5.438048348487147e-06
1054,0.16927581659702423,0.08771924736112705,0,0.0007145113334989353
1055,0.0028714013454265385,0.15563392747357044,0,-7.160838296391337e-06
1056,0.08311570955152747,0.0059973395148656735,0,0.000639669098193654
1057,0.16181494372660749,0.2407580980581206,0,-1.3701505471216702e-05
1058,0.1624264617806388,0.22318000842109756,0,-1.5223422624113531e-05
1059,0.276167304642923,0.04739710626425386,3,0.01696514309654184
1060,0.21447671003846475,0.15330936310999668,0,0.00028558786842199806
1061,0.13710567496054482,0.138713795100496,0,-2.0914828771248847e-06
1062,0.017673446832441018,0.05826012580171469,0,-1.564094327949871e-05
1063,0.033251203256864294,0.10386165229332045,0,-1.4471254949854718e-05
1064,0.3153511376251846,0.29118150714135826,0,3.5512170866408006e-05
1065,0.26889986106725616,0.18227269975436436,0,0.0007483073805508763
1066,0.00886068370788104,0.2109325290518554,0,-4.407988860772853e-06
1067,0.15630575150171463,0.07217410835984972,0,0.0008063403783134106
1068,0.02423704670556323,0.18420080945039347,0,-6.675167333066826e-06
1069,0.053417196320707155,0.22097441652333588,0,-6.195335061507242e-06
1070,0.2385674141269483,0.15798061986487114,0,0.0006241180732780482
1071,0.23652908059174516,0.07886914854226382,1,0.007662272431756908
1072,0.2717145174422706,0.09705829823751302,1,0.008637158665390419
1073,0.1726621180662599,0.1358783022133363,0,9.041513558799505e-05
1074,0.02519373688891033,0.05118669931134098,0,-1.3927377919473567e-05
1075,0.13999928597696143,0.08359404083738109,0,0.0002461869036354565
1076,0.14969066118292224,0.026470852286205243,0,0.003715959476851658
1077,0.1563298577747139,0.09396868845675556,0,0.00031862761354928775
1078,0.2748716056276064,0.24119205574255595,0,6.87590270371909e-05
1079,0.10079386679987197,0.05687131620781126,0,0.0001377121161814194
1080,0.3254175682852826,0.1734908769909983,0,0.004078588696269877
1081,0.10477262514189445,0.13226048458474082,0,-1.4297269801178076e-05
1082,0.037430636653269234,0.038505887303616634,0,-1.1150410207045515e-06
1083,0.06809084636602301,0.18074751187458227,0,-1.0429165322726364e-05
1084,0.3455926225853648,0.31044044154463935,0,6.802916858902911e-05
1085,0.10228470530472862,0.24197744959059517,0,-8.10995569738617e-06
1086,0.01252382729190104,0.20545684397323088,0,-4.826065536735269e-06
1087,0.12536321027268443,0.12347372541661539,0,1.4153062928567126e-06
1088,0.14558561451782148,0.18985943144244777,0,-1.5775831989840517e-05
1089,0.34734341868138763,0.14950378673951184,1,0.006178601353645957
1090,0.015587206574715982,0.1616939735542449,0,-7.635203440359928e-06
1091,0.11800183917724585,0.24865251115458722,0,-8.832892692391905e-06
1092,0.06608089341008673,0.22394512904987102,0,-6.809573719944986e-06
1093,0.14248333558517148,0.02567284331964076,0,0.002973320161734578
1094,0.26171415781940455,0.26950687869409284,0,-7.649132784891617e-06
1095,0.016634980930790154,0.0862370518657205,0,-1.4557957263435296e-05
1096,0.08193899659249067,0.07420561769346269,0,9.028842721208089e-06
1097,0.3179734200360822,0.04337197670401836,3,0.016530681983895786
1098,0.17673887026527052,0.08893781607489629,0,0.0009118361184332146
1099,0.2821172178659565,0.16437662427566138,0,0.002109368491801038
1100,0.3046402843159325,0.03650104842178503,4,0.018594317097820248
1101,0.21148689175551347,0.07704430083269079,1,0.0045221977975467825
1102,0.1830644824554616,0.022502419627996748,2,0.011139534719627456
1103,0.2636729142554602,0.026359136281377336,4,0.021941891738810015
1104,0.2994943200467639,0.02558358974322472,4,0.02169056816692967
1105,0.19878303940064482,0.059222840981647734,1,0.005567834281914847
1106,0.011114269033970602,0.04807605663232262,0,-1.5434924049544464e-05
1107,0.13523114565420297,0.18221324244845905,0,-1.5773042791700264e-05
1108,0.08188053657960406,0.014994933824803242,0,0.00040968851395335856
1109,0.13056121780690805,0.03677360484071987,0,0.0012306769697803318
1110,0.3176384768842915,0.1344737125930254,1,0.006880705680552695
1111,0.01403299859508683,0.004015424607307916,0,1.2885591775812556e-05
1112,0.25239118486442574,0.2250066637772534,0,4.8050734334360554e-05
1113,0.10570554234475779,0.08370763361184061,0,3.7583365145946116e-05
1114,0.07503156846830378,0.07230867616030663,0,2.667460249186012e-06
1115,0.34752989580549065,0.12769790141274293,1,0.007152094801370585
1116,0.041401498540512845,0.12009148265015801,0,-1.3739233113970478e-05
1117,0.20794147417391592,0.22640246399953737,0,-1.2227530952029e-05
1118,0.21804432055949136,0.005446904598091246,4,0.025899552281850313
1119,0.2893241196327121,0.07274423291544374,2,0.012804100403749468
1120,0.06794992963292275,0.02764779342205094,0,0.00011569658912503838
1121,0.1302910704128217,0.17888241251941306,0,-1.5751910632298245e-05
1122,0.276247891363018,0.2567847533062187,0,2.6164979158057273e-05
1123,0.3270977305483528,0.0398370893105508,3,0.01687623117769921
1124,0.11336315751560556,0.17514995511739953,0,-1.515191010607343e-05
1125,0.22512216000150811,0.18536271244327168,0,0.00010139180675907661
1126,0.09769996983860373,0.06495947887152038,0,7.532722386021183e-05
1127,0.12308971923708958,0.023363861280602083,0,0.0015767753923992761
1128,0.159060897344431,0.028981481554882248,1,0.0046429767335333764
1129,0.03529968980389601,0.1414771672303407,0,-1.1047452314847399e-05
1130,0.3392108505440346,0.2712210495288319,0,0.0003187884314153375
1131,0.28854323283235184,0.09838924943452987,2,0.009528217193339484
1132,0.1743524326929139,0.07068866672064392,0,0.001701013553152616
1133,0.10919881033671647,0.13328245353280357,0,-1.3580115246397097e-05
1134,0.13550708540189435,0.21294560058024875,0,-1.3846951589361499e-05
1135,0.2280514288132028,0.11898389965364493,0,0.00184960085804615
1136,0.17023958813094797,0.05842002217250444,0,0.0023309097324443443
1137,0.007632043295944815,0.18779873501057076,0,-5.475648882546966e-06
1138,0.08656665544551609,0.25247182344699415,0,-6.293515793852288e-06
1139,0.11481205560217272,0.034727384406688495,0,0.0007098155189972198
1140,0.2679668380990727,0.17434212490867482,0,0.0009719805257820897
1141,0.06995113392723361,0.061637402745912326,0,9.963316397123749e-06
1142,0.32952350706836253,0.22797573270900628,0,0.0010982360943704347
1143,0.27358263790195997,0.00829023589499761,4,0.02832146559278003
1144,0.19505804797762216,0.09877915033133289,0,0.00123638577660525
1145,0.14765401839820375,0.09975816967393543,0,0.00016340840850561608
1146,0.14443221795260228,0.07118636136544369,0,0.000517576199872709
1147,0.20656000240856098,0.07311261605153294,1,0.004462023067235151
1148,0.19475174613254506,0.03769073083073923,2,0.009492222658464227
1149,0.18544099695321428,0.19480840841817512,0,-8.041590079356545e-06
1150,0.24090522073324216,0.12022288468753095,0,0.002641929251021129
1151,0.14683692665868248,0.1657122958798664,0,-1.2165651012347776e-05
1152,0.12024662924757944,0.1684790225218291,0,-1.5754301327733007e-05
1153,0.02109562112386171,0.08566031823276649,0,-1.4956735160643921e-05
1154,0.10138434231755608,0.0314543188030548,0,0.0004634206689358512
1155,0.34185029683179696,0.29493630532726084,0,0.00012600127469993152
1156,0.12682066339594752,0.14185280862226396,0,-1.0636274511435685e-05
1157,0.04781775319356283,0.08993814320242441,0,-1.569866880228332e-05
1158,0.054869930441959196,0.06572328644791926,0,-8.38235815814507e-06
1159,0.06682830340769595,0.19346055716932703,0,-9.178233469894033e-06
1160,0.0516717567332472,0.23484517883670114,0,-5.312818014713467e-06
1161,0.2425241669509177,0.03852640200629523,4,0.017591802775988985
1162,0.2075750891652398,0.2369266689170522,0,-1.4778176975686122e-05
1163,0.2822584997480909,0.08672189476135625,2,0.010783137095141594
1164,0.3220767500303976,0.031263595514238074,4,0.01923491283004923
1165,0.29763905126382445,0.16603468858937137,0,0.002957993704300784
1166,0.34688246406083584,0.295694827964524,0,0.00015292321323626094
1167,0.2103375379943916,0.20983632619927609,0,-7.992779011914361e-07
1168,0.09731690988101227,0.10622074674755416,0,-7.351031870531035e-06
1169,0.25847560777816886,0.16127131442104348,0,0.0011296439687567385
1170,0.3285208294155403,0.2555133078996475,0,0.0003967680825666326
1171,0.17622391357687056,0.13214506955751512,0,0.00013232010792493904
1172,0.19995359273423433,0.19214885485605385,0,7.730739735017894e-06
1173,0.03205556925275515,0.16868671433922197,0,-8.357692787070088e-06
1174,0.3085030950063852,0.15541893228354733,1,0.004592424507393911
1175,0.34755756968538387,0.14542061885080318,1,0.006365958584313494
1176,0.14465369414761278,0.20288803048768292,0,-1.5378210859532462e-05
1177,0.20291971393136518,0.13624081645238412,0,0.0003679651395616148
1178,0.04956637824159289,0.23291505340133506,0,-5.303772842211856e-06
1179,0.056880913933321814,0.1477053069617828,0,-1.255344722685646e-05
1180,0.22667180777454732,0.10038580925747667,0,0.003312465900227457
1181,0.1783416188963775,0.04893471562561733,0,0.004286429672396069
1182,0.05368774309366647,0.15755615596507147,0,-1.1268336551304464e-05
1183,0.031275531464702376,0.1484513151427701,0,-1.0017145434296949e-05
1184,0.26859495065446787,0.13923236854675639,0,0.0031265063259618706
1185,0.23699033164979588,0.24556931326861686,0,-7.921360683839218e-06
1186,0.3226001072053314,0.003906182872142838,4,0.03013605021189508
1187,0.3437957460795363,0.016237817886011252,4,0.023633575888214246
1188,0.3434666381586257,0.27430005743381125,0,0.0003316500104217728
1189,0.06983973764527561,0.008516501223940931,0,0.0003208060237445689
1190,0.21547183710063847,0.18502261427803776,0,6.0533241690936495e-05
1191,0.129173445348551,0.2197708090029244,0,-1.2565789916558561e-05
1192,0.13557135579738758,0.006754166992287747,1,0.004720286082913281
1193,0.08572518546862354,0.06534475068967135,0,3.36620498802014e-05
1194,0.26628846994233946,0.01097888666086766,4,0.02715540056846015
1195,0.33451626093292913,0.17104011201935435,1,0.0046874127910491665
1196,0.18221976435327306,0.06881383125459672,0,0.0024079612980470164
1197,0.2545918098614055,0.1560789116183799,0,0.001194400221436441
1198,0.08000372236631068,0.032144660166206304,0,0.00016922960390735703
1199,0.16709297077249333,0.13786549482493135,0,5.853556539414448e-05
1200,0.2085630202816148,0.2318316969065634,0,-1.3605530167062405e-05
1201,0.1322801753642751,0.13427861689209464,0,-2.403978576186176e-06
1202,0.06407631828075867,0.07328426830418217,0,-7.4381532174197355e-06
1203,0.00969593348683153,0.10672022635664492,0,-1.194435892139432e-05
1204,0.009730676715179947,0.176596452237682,0,-6.240637941291444e-06
1205,0.33519766349094887,0.15049530276950981,1,0.006086314769181767
1206,0.20217480303767463,0.025245362413381767,3,0.014971224513089909
1207,0.03002104192974832,0.1496193387910163,0,-9.798511738514247e-06
1208,0.30578931247591756,0.0028285155540285433,4,0.030879067772668817
1209,0.06762800505474316,0.13801306836380747,0,-1.4487872275813564e-05
1210,0.10128777788290806,0.06297158843254726,0,0.00010268574255192384
1211,0.1597004754385084,0.039298505246127755,0,0.0032738771483138617
1212,0.3393970498902746,0.15761809289509987,1,0.005710618400975573
1213,0.14500491211403196,0.12240880309514166,0,3.82867508538227e-05
1214,0.14046474421725266,0.175778775023216,0,-1.537368547108294e-05
1215,0.009651018875956999,0.17193253018771718,0,-6.526895797653579e-06
1216,0.0717170081187105,0.2231729939610519,0,-7.246070342029875e-06
1217,0.27050163293398005,0.1969717086213634,0,0.00044739930104256036
1218,0.1937867851836249,0.16457531269588488,0,5.7224328000972214e-05
1219,0.09013275161374196,0.15937648609070734,0,-1.4582740366157404e-05
1220,0.13105122398028143,0.23032321655061463,0,-1.1706242252458536e-05
1221,0.02667972865848479,0.06882156777542754,0,-1.569542537086271e-05
1222,0.05057996979367513,0.006083387444196953,0,0.00014445740129544367
1223,0.2895126148129206,0.03062261249778775,4,0.020547720162096727
1224,0.03866306782522233,0.11347315634766772,0,-1.4099723642073732e-05
1225,0.038815151843514833,0.1675188237438791,0,-9.00558556413671e-06
1226,0.03067139914207345,0.16741137941143325,0,-8.349191588832853e-06
1227,0.03146425171825196,0.0871077079562789,0,-1.550797698032637e-05
1228,0.1109419960351345,0.17344292131849412,0,-1.5102668955244699e-05
1229,0.06408167372410263,0.01007210330148485,0,0.0002290374914053541
1230,0.17061286060123698,0.16270766813915263,0,8.307796933486698e-06
1231,0.09259570147941898,0.13289542446537791,0,-1.565128296436625e-05
1232,0.30267452690683305,0.006140925369123118,4,0.029185568240295688
1233,0.20593967815351874,0.046659206510619694,2,0.009485418824377614
1234,0.26696460616720863,0.14735620129848692,0,0.0023485673794239785
1235,0.3140456772318078,0.04963602855259694,3,0.015515187784561586
1236,0.34249377430415756,0.26768974303350507,0,0.0004143130601121607
1237,0.0894840640303213,0.04770432470887301,0,0.00012398172136832182
1238,0.017531602222017467,0.19212579966000431,0,-5.784080141724522e-06
1239,0.3203457638055691,0.05503413810342936,3,0.014328558453801757
1240,0.08532107561334393,0.23513590948469063,0,-7.360544145343558e-06
1241,0.25579669997118687,0.13416688000235155,0,0.002595121291089291
1242,0.25297459757128476,0.10771727166037882,1,0.005159878608497207
1243,0.34191564042879624,0.17642374492353308,1,0.00459695008277266
1244,0.3342655303469718,0.2037722006392423,0,0.0024608043772354703
1245,0.2738681565849077,0.1123198427685885,1,0.006676967444805435
1246,0.10959686561972233,0.17564876314500216,0,-1.483990198137013e-05
1247,0.3366042471213825,0.08047410593519669,2,0.010485109220496232
1248,0.23249804033010366,0.14077790196904802,0,0.0009715457110473162
1249,0.13718110393016514,0.1257612420908974,0,1.4159709048186299e-05
1250,0.09594057936271393,0.16734959724880522,0,-1.4397594338499998e-05
1251,0.08224192795944753,0.04318265772033003,0,0.0001077458932547877
1252,0.030000759556012405,0.21755356701094977,0,-5.089100084185345e-06
1253,0.15661454525621685,0.09546249578215421,0,0.00030176660489512924
1254,0.21464362193598405,0.1506333178272551,0,0.0003234814939528107
1255,0.3460562934654497,0.2887166297651812,0,0.000201707335393689
1256,0.20269269007484714,0.2236716346018851,0,-1.298673659375674e-05
1257,0.05534616707190644,0.014426738647378798,0,0.00011998013690764229
1258,0.07960014803829102,0.16196231867119212,0,-1.3383133958024508e-05
1259,0.023002532841552972,0.06982016306647221,0,-1.5748564616844265e-05
1260,0.06786419781249586,0.23586656425968014,0,-6.167164941148032e-06
1261,0.18434096440485045,0.19162044093896324,0,-6.753548438235863e-06
1262,0.25128093516339217,0.05601942081016076,3,0.014191610739379046
1263,0.3143822469804572,0.13280719952307699,1,0.006924385433602745
1264,0.26299002800810123,0.16865989996607772,0,0.0010078970503333458
1265,0.1526772825127675,0.22091606191124463,0,-1.4663027382952957e-05
1266,0.26380168232441825,0.10626666324735726,1,0.0065245297494237985
1267,0.13476447858793436,0.16807104345372234,0,-1.5175057374914483e-05
1268,0.3014597570477639,0.0985602924940653,2,0.009834193623814774
1269,0.2029742612987495,0.11887561233299242,0,0.000757636771563928
1270,0.04250557587880183,0.05556485808856232,0,-9.52479321669748e-06
1271,0.01762870620274437,0.16352017042106365,0,-7.650867568677897e-06
1272,0.2892774563426413,0.12128442626732078,1,0.006809343881794986
1273,0.3115437483896102,0.16234361187263477,0,0.0041768546463293345
1274,0.09428325343568138,0.22488338074659608,0,-8.840368608983328e-06
1275,0.17911025639618672,0.06404493311330181,0,0.0025762462512492856
1276,0.02983550165826837,0.12290276813565208,0,-1.2334148299420064e-05
1277,0.024387123050247983,0.19325999860807044,0,-6.118070413148877e-06
1278,0.25679989555638977,0.07039510779428826,2,0.01177949640067317
1279,0.3240162696916869,0.16076764062171495,1,0.005000814076304166
1280,0.15558276004846477,0.07118022958666755,0,0.0008160251942934921
1281,0.041508295061616685,0.07793379470256852,0,-1.5401250465259122e-05
1282,0.2934043325767133,0.2715921054382647,0,3.0789349568620937e-05
1283,0.3286203299401095,0.3030488284085406,0,3.842647581618923e-05
1284,0.31812545511766466,0.2918042436700189,0,4.110016190885513e-05
1285,0.23687371074616909,0.03214751656702941,4,0.01880522325783801
1286,0.1938231559219866,0.1284034573234421,0,0.0003519023303149947
1287,0.10657955585443497,0.2154093965602907,0,-1.0784124668248346e-05
1288,0.1200938308047223,0.039120080090993686,0,0.0007336119777900644
1289,0.08771784377935077,0.23995323614265035,0,-7.1899322452403265e-06
1290,0.028986179300470087,0.21388146487133058,0,-5.224651649217191e-06
1291,0.221034630625499,0.20015575271977606,0,3.1447925945027953e-05
1292,0.2686336293596829,0.0939683317937001,2,0.008834460186719536
1293,0.01854724484219296,0.1540922819674036,0,-8.445497994308918e-06
1294,0.33597680267201635,0.17551406285491536,1,0.004433932161113872
1295,0.33335839264004113,0.01525578558819891,4,0.024359511771178014
1296,0.14976949040864102,0.045533369408358726,0,0.0018135807074864112
1297,0.315477242922845,0.13623081855890604,1,0.0066676518936862736
1298,0.3185009858179108,0.07594396946531695,2,0.011739819629995011
1299,0.2921095248855883,0.05607175281586487,3,0.01521577149033192
1300,0.2375053435705141,0.01156713948887908,4,0.02571919776458258
1301,0.06029933354016731,0.03725940728842074,0,4.1301603999222914e-05
1302,0.2984582767617235,0.22174880654600904,0,0.0004843185504320536
1303,0.05943228115935398,0.04758172345162065,0,1.5745997304684253e-05
1304,0.33778099161929126,0.2779047370560751,0,0.00022811534912998624
1305,0.20867770131723473,0.06584852115593756,1,0.00590539867882707
1306,0.13899540126174317,0.03700907638177095,0,0.0016883681319441195
1307,0.2593287818714742,0.2145057409835524,0,0.00012676572488460632
1308,0.15478893440596286,0.13989575657108116,0,2.0138114540025996e-05
1309,0.3292549419008257,0.17556400638124853,0,0.004120909219245866
1310,0.33023897096478433,0.21117346437335005,0,0.0018562297870441718
1311,0.2838274965557669,0.10428828058974232,1,0.008534048302213838
1312,0.32296755115081754,0.09434861690347068,2,0.009910843515886909
1313,0.09449689617273795,0.2337530865553434,0,-8.144770905184493e-06
1314,0.11238526643237876,0.12714759008132237,0,-1.0476006870571279e-05
1315,0.18564992316916568,0.040013309601433206,1,0.007089438283868219
1316,0.15132623903635506,0.019742277778000944,1,0.005004986098809947
1317,0.06424947161160521,0.21869783310676644,0,-7.039654357352229e-06
1318,0.26158262071059823,0.1880158414644026,0,0.0004543325160246186
1319,0.2961520617892485,0.11268901773194323,1,0.008194468198965408
1320,0.005663776480092358,0.15636016616272752,0,-7.305298388137366e-06
1321,0.14695029137508495,0.21732188641038805,0,-1.4483725384950382e-05
1322,0.013744265196874139,0.1717063490191733,0,-6.807406226629968e-06
1323,0.12090435913507486,0.11203717878974903,0,1.0326098737148187e-05
1324,0.3445017488494945,0.07718041443721263,2,0.01039490100516152
1325,0.11813777080489733,0.13702800033801307,0,-1.2097370088064723e-05
1326,0.03292303224994517,0.0704804129265213,0,-1.5481131942702782e-05
1327,0.31712281845713386,0.06898274583155115,2,0.0125728144605268
1328,0.24918181451703839,0.25891489653105504,0,-8.662079559959723e-06
1329,0.1506004059099733,0.046263875784553266,0,0.0018182196521524057
1330,0.29987881087791846,0.14105592789936908,1,0.005394440728087218
1331,0.07093750930186912,0.06064628873654032,0,1.3025598562731138e-05
1332,0.28246790175074726,0.12827784569084372,1,0.005450077996382368
1333,0.3433782329615014,0.13209963646186929,1,0.007056615742674387
1334,0.12916125284688343,0.044555798348118875,0,0.0008465058852211917
1335,0.26153063611186916,0.005032889006917396,4,0.029569994003494787
1336,0.1657971667173801,0.017082549514987666,1,0.00848626461172928
1337,0.07575686849811913,0.010185825908492374,0,0.00038752211809460805
1338,0.31030703178195457,0.28577455049668554,0,3.672121668812608e-05
1339,0.3376482587757923,0.30767655344637107,0,5.062268771015683e-05
1340,0.32697821216001777,0.03198536741242536,4,0.018834388124581748
1341,0.17853121706776173,0.2234286374043775,0,-1.57980963727901e-05
1342,0.2779698079395348,0.11098973553409597,1,0.0072166800465134125
1343,0.2708032254917435,0.24326585885764163,0,4.748481741508038e-05
1344,0.16768378321349361,0.14262885035343953,0,4.468053729990237e-05
1345,0.26154263287539076,0.12423107301339054,0,0.004018982817821896
1346,0.11012379428926027,0.1830041392941625,0,-1.426699918909759e-05
1347,0.23308537491845477,0.1721918132516698,0,0.0002762302701580554
1348,0.20236746140137152,0.23710474837091153,0,-1.53965045665181e-05
1349,0.27740158787334357,0.06403868369507189,3,0.014003247492893757
1350,0.3286330325619325,0.1442663232346779,1,0.006391174042721634
1351,0.16509318115107377,0.22228601812644444,0,-1.543969655677522e-05
1352,0.06322037161221927,0.1829678446730937,0,-9.781317283511372e-06
1353,0.32456585857511,0.23613871328734176,0,0.0007118655536275683
1354,0.3340202512560397,0.11053121704872865,1,0.008447685051069735
1355,0.005002312093082484,0.2544423651893152,0,-2.7498511174950244e-06
1356,0.23190912768242541,0.24462258625260666,0,-1.0054851392279217e-05
1357,0.04788075540816636,0.22137587040761447,0,-5.8448709830498394e-06
1358,0.11952825036712844,0.10990489238881981,0,1.1492848066947806e-05
1359,0.03497265315810247,0.2580279318428818,0,-3.5764972013663454e-06
1360,0.17102874007218383,0.17447526315449333,0,-3.892184716494536e-06
1361,0.07978486544249508,0.07967855767737933,0,-1.3192860852592747e-07
1362,0.011359002411023977,0.17205811445861516,0,-6.628385100568594e-06
1363,0.1275097497126892,0.24519536340751072,0,-9.957851489326925e-06
1364,0.013582991003102795,0.20254685740444267,0,-5.019463625880127e-06
1365,0.2189003470026963,0.0050918417113290145,4,0.026190206186899923
1366,0.08917369299728238,0.014994250879935361,0,0.0005616206106563708
1367,0.11954370248532185,0.09159995471472894,0,5.5738007683571994e-05
1368,0.20124840893423984,0.17702902240745147,0,4.0978359083070644e-05
1369,0.23627878330385851,0.19129298447232368,0,0.00013105367655369345
1370,0.2436991801597928,0.23458624905310768,0,8.764726306161121e-06
1371,0.2569853236515587,0.08724723514316954,2,0.008760561182676988
1372,0.2086894551123419,0.11342150836106629,0,0.0011611955762958928
1373,0.14003682441169038,0.09843124410175086,0,0.00011961701853586161
1374,0.2597541204335038,0.12333238049124601,0,0.0039525471783464885
1375,0.05332808201426327,0.14938144555082905,0,-1.2035366801800204e-05
1376,0.03377237921390432,0.029648220971527556,0,4.49787275247836e-06
1377,0.07936481967190243,0.2482901658811457,0,-6.110596507526075e-06
1378,0.32344284154346453,0.04150362870430735,3,0.016675440648286303
1379,0.20313864229694584,0.13024270794268605,0,0.0004790466391740549
1380,0.08986129653427981,0.1558621280254212,0,-1.4844518984358647e-05
1381,0.13878086403748505,0.18773805486276757,0,-1.5748202629517775e-05
1382,0.12776129827505128,0.22174141849555237,0,-1.2230130450666011e-05
1383,0.29990887019997176,0.009597272698590037,4,0.027591703308146715
1384,0.18996438271432295,0.0341517382895212,2,0.009395465349850694
1385,0.14563294233805502,0.0317501527663325,0,0.0026453188251885787
1386,0.17327739672194453,0.07250330532179819,0,0.0015256964517896753
1387,0.14931548547827195,0.22865578453773838,0,-1.3665236338683301e-05
1388,0.1118397042126376,0.2345179126080046,0,-9.51479268530697e-06
1389,0.09037760833624493,0.23168641327256123,0,-7.987187027984237e-06
1390,0.10590554343943825,0.10178985949762638,0,4.087515097979887e-06
1391,0.10847070156227571,0.17571798170304287,0,-1.4745410099822816e-05
1392,0.1674628975486767,0.0916050418278535,0,0.0005650986617188265
1393,0.14031618709319474,0.0032425350319072455,1,0.006277582297795501
1394,0.01445023244889278,0.20528394943327385,0,-4.92736416686901e-06
1395,0.33211858504883124,0.30551298065732796,0,4.1027084397637715e-05
1396,0.0599526345101114,0.08585734746843178,0,-1.3932697241126207e-05
1397,0.24961607075105918,0.08664722003466757,1,0.007999897511876007
1398,0.08459916376176069,0.21669628170193472,0,-8.717984485446677e-06
1399,0.2726794339773754,0.1961185053107288,0,0.0005033734866144521
1400,0.16470534358835565,0.03633904314816842,0,0.004301962904660912
1401,0.14756203122941622,0.0711740860917984,0,0.0005897315521350055
1402,0.2498977493233323,0.1371119146762565,0,0.0019841278670158016
1403,0.3442082417262169,0.30500939641644376,0,8.506968519371495e-05
1404,0.23595808703649346,0.0006728168285107528,4,0.030210759712945352
1405,0.1720127769471033,0.028884861658981825,1,0.0069192992399115995
1406,0.2617903069551337,0.18162416735221767,0,0.000591003454110119
1407,0.221156665289985,0.12094728327848431,0,0.0013647808685391324
1408,0.0506811470703135,0.10887506664601994,0,-1.5375305585123576e-05
1409,0.3478886439724351,0.26227097876366245,0,0.0006109468827075775
1410,0.21871917378114453,0.01484946012122268,4,0.022169385153370073
1411,0.2383659258564139,0.11141388805088157,0,0.0032505943478963882
1412,0.12312780388348388,0.18104518168921055,0,-1.539427538356806e-05
1413,0.11017274430035486,0.1838124809283484,0,-1.4199054589874744e-05
1414,0.09808793706943769,0.23235384068563392,0,-8.539609791276837e-06
1415,0.05983831253719497,0.12771250263346762,0,-1.4697351001332546e-05
1416,0.023114589900698482,0.10639538767432635,0,-1.330025561966464e-05
1417,0.05855447408353208,0.07899515349339671,0,-1.2500369231856545e-05
1418,0.0323213625529447,0.20510596301262052,0,-5.8869639938903695e-06
1419,0.2523575250205943,0.022964177800150365,4,0.0226611744685245
1420,0.03421727891905648,0.09278092408367461,0,-1.5354321771684342e-05
1421,0.3257419984737519,0.01757850808342698,4,0.0236314866051419
1422,0.3048789349532583,0.26287734456314726,0,0.00010397847283446346
1423,0.32731551385973684,0.04931379224480342,3,0.014956420414210986
1424,0.14017467606899095,0.03754534368698823,0,0.001728639852151003
1425,0.16991678252001546,0.019100823930344735,2,0.008906961824345073
1426,0.2930754414905651,0.24324954966762768,0,0.00015500179796778564
1427,0.12166621582406222,0.12841035423496708,0,-6.042329823665754e-06
1428,0.10578675498202983,0.03503728493596074,0,0.0004789426686032461
1429,0.1961607711662032,0.07325193561478752,0,0.003254905899551654
1430,0.26770271300397624,0.06365780897470785,3,0.013771605662513555
1431,0.16636450318690466,0.0902111170268809,0,0.0005728261517171247
1432,0.2979094980027486,0.21354695268112747,0,0.0006494594247729477
1433,0.30657659689240635,0.285226464607234,0,2.9117640437190912e-05
1434,0.010037201353249751,0.17219340185408702,0,-6.534863117939967e-06
1435,0.023227197545837873,0.2519692213562785,0,-3.379902230677259e-06
1436,0.3496833246872338,0.31990701677559097,0,4.9092425805341836e-05
1437,0.2950071682406161,0.0895690615961946,2,0.010743816511137294
1438,0.021894078638970943,0.1507437915774813,0,-8.994982427693137e-06
1439,0.09675882627643682,0.16735026562952818,0,-1.4468147012277017e-05
1440,0.1879975598027369,0.09906571391809338,0,0.0009387067503001181
1441,0.3342529769817573,0.09885616334669257,2,0.009175436447132914
1442,0.28980760992690024,0.021409400934324307,4,0.023252716554045347
1443,0.30936597520851034,0.14806632356080746,1,0.00531792503778457
1444,0.050350607330085284,0.015934420694891194,0,8.4346413479922e-05
1445,0.18182668449281045,0.15833586972486757,0,3.9633246349226125e-05
1446,0.34307190980735014,0.278927231377447,0,0.0002706212627849604
1447,0.21429761814228598,0.19047902460503963,0,3.933591531033265e-05
1448,0.15437672670127317,0.12284471120042136,0,6.792332522797418e-05
1449,0.025674504109707674,0.020504103482139824,0,5.834739163099027e-06
1450,0.05393393549546949,0.17755552556335785,0,-9.439884408557293e-06
1451,0.0013543712023885545,0.16696229641856372,0,-6.318528683762474e-06
1452,0.15783014304311418,0.2343756203007662,0,-1.3928007422413185e-05
1453,0.25383869567720546,0.17392430693241656,0,0.0005929775370563183
1454,0.2793496729396292,0.23803585045776288,0,0.00010364486842426013
1455,0.12402729865123496,0.23360742384628264,0,-1.0710136952950319e-05
1456,0.057454236332889055,0.2533406615328705,0,-4.684334276984749e-06
1457,0.050165603845221826,0.09907409599351827,0,-1.5729494844784474e-05
1458,0.3074054101825364,0.22125643038232143,0,0.0006805313063315433
1459,0.1981332441931191,0.06715050855660015,0,0.004242783476041357
1460,0.025868952335491663,0.20994751552121135,0,-5.267174127719308e-06
1461,0.19492971662470376,0.1258751512353585,0,0.0004111206457057868
1462,0.21854159925368816,0.07716854716394042,1,0.005424059575891137
1463,0.3476174329544929,0.10347003746839678,1,0.008325679632405837
1464,0.25233575594116125,0.12929831950797996,0,0.002743200449007641
1465,0.34927361866650297,0.3196117537939655,0,4.8771048903271804e-05
1466,0.2518785216169368,0.0724531858296133,2,0.010883828352922521
1467,0.028695234956725973,0.2453043869097884,0,-3.8139025640878746e-06
1468,0.11056432040039312,0.06943627145054088,0,0.00011866525064087955
1469,0.32782011692296525,0.12477145278360206,1,0.007690711213924285
1470,0.26733256826521873,0.1703219949250559,0,0.001099971221871693
1471,0.12166305769282293,0.08580662250913003,0,8.882609499205627e-05
1472,0.18471003119415372,0.14328714946368762,0,0.00011470622977692268
1473,0.0930023496512895,0.10362243748449022,0,-8.348912935369427e-06
1474,0.04749482841155109,0.10620682988174907,0,-1.5345568707346718e-05
1475,0.26852207027248814,0.07451862047047533,2,0.01194216310825743
1476,0.08745469478225552,0.21090928518970842,0,-9.450252286703185e-06
1477,0.294768739394022,0.28025617910117323,0,1.5923311794702737e-05
1478,0.3045638715780744,0.10689104100344693,2,0.009043928439026704
1479,0.05271691454198572,0.16263859318307694,0,-1.0688100616844326e-05
1480,0.03312880003313601,0.16848734041524308,0,-8.459077702921142e-06
1481,0.22527835182546346,0.2543101448154951,0,-1.4766777557990758e-05
1482,0.2130819821036818,0.21804962782120063,0,-5.3816668227138665e-06
1483,0.2274379252484512,0.17911081695110317,0,0.00015581924068003937
1484,0.20789896855957293,0.17421525313924402,0,7.378094296028166e-05
1485,0.030592404996656584,0.051552358344951546,0,-1.263334454312821e-05
1486,0.11652999052134186,0.11704555285489512,0,-9.465352647893911e-07
1487,0.21988003935203781,0.06808933918143306,1,0.00722025085778518
1488,0.2534543638276256,0.11343709244220668,1,0.004481980511466631
1489,0.06990172527500697,0.1917519962233594,0,-9.593483082349875e-06
1490,0.3466377410317605,0.3073712326781298,0,8.506932129722167e-05
1491,0.26216600033465726,0.13522242338041987,0,0.002984632844717557
1492,0.2873504341947032,0.2724576133411528,0,1.681255277990325e-05
1493,0.3322005010139489,0.19008911356472208,0,0.003234900025003701
1494,0.12485530061140564,0.21313074536243345,0,-1.2796684457787095e-05
1495,0.10744597067949942,0.20721865806018278,0,-1.1660825559460547e-05
1496,0.19804184640871028,0.2296123909921211,0,-1.5061351441987124e-05
1497,0.31290097934425004,0.10063803182340597,2,0.009623823603615257
1498,0.17883565962149867,0.1463218165045694,0,7.067110237592934e-05
1499,0.3275839658858286,0.11871197173617584,1,0.00808645947896721
1500,0.2440934405959978,0.26207456193048784,0,-1.221546840905955e-05
1501,0.21431725594610815,0.11530173750255111,0,0.0013236110021246873
1502,0.11281151251353395,0.10539359066985707,0,8.31257773590374e-06
1503,0.06654532731401072,0.16929409955372432,0,-1.1375522060723712e-05
1504,0.1228665881949842,0.2190968721567337,0,-1.200786436869227e-05
1505,0.08221710675274348,0.23729125748837027,0,-6.995242249431196e-06
1506,0.13638629505806255,0.075234413934188,0,0.0003065521800745558
1507,0.19319488881748023,0.24047617753246495,0,-1.579647199326596e-05
1508,0.09398437141517613,0.1956121493473418,0,-1.148103832503362e-05
1509,0.20302229309917488,0.1335069215468854,0,0.00041542700801889816
1510,0.07704764995619706,0.022226200084661096,0,0.00023682014166947433
1511,0.26767911449178644,0.10611516430979995,1,0.006941157800711183
1512,0.06127663045907298,0.14586047461066431,0,-1.3168836153518125e-05
1513,0.12397227576025152,0.22938476703152189,0,-1.1108671546978924e-05
1514,0.11843903003326318,0.10589669903058657,0,1.635291898191064e-05
1515,0.05535830007101056,0.007067143588596982,0,0.00017434525169277219
1516,0.3179788013641941,0.08938009665863751,2,0.010480498626481188
1517,0.035227084237155884,0.07251540688814574,0,-1.54632692572754e-05
1518,0.19076663448781567,0.17752887308824997,0,1.635835945339186e-05
1519,0.33650376281549843,0.2981159296309335,0,8.238607030749227e-05
1520,0.2013843993511544,0.1175385843907999,0,0.000751732674169343
1521,0.3248709929205437,0.22748898574319307,0,0.0009694906140312981
1522,0.2616534721213431,0.15035309625802257,0,0.001827050743566233
1523,0.3305877842771341,0.2974379067327308,0,6.197503478839935e-05
1524,0.02359869208094839,0.019101997968246142,0,4.988252160191372e-06
1525,0.2679373620527596,0.26733288842228997,0,-1.4092095116618051e-06
1526,0.21568699898122784,0.06677804230432399,1,0.006813658383851288
1527,0.3226066278685471,0.22182992289253622,0,0.001091537594504239
1528,0.3321916457597702,0.21100825427115047,0,0.0019531056265993895
1529,0.07892474430432041,0.1499444045125029,0,-1.4432595983343736e-05
1530,0.06802574249265429,0.18644916134207914,0,-9.899738854317038e-06
1531,0.04086582393234989,0.041709026237263094,0,-9.044026412052856e-07
1532,0.1723349241730506,0.2369503835312494,0,-1.4949716884858427e-05
1533,0.04955625496590823,0.041970968433050516,0,9.024036886455476e-06
1534,0.14377366259538132,0.006056328837187527,1,0.00635498259896451
1535,0.1514796734296921,0.22504510054099428,0,-1.4202082512466002e-05
1536,0.07868996725232047,0.1881687797382487,0,-1.0726618362269789e-05
1537,0.3487720400542511,0.3152849304070999,0,6.153359980669473e-05
1538,0.07056553310310472,0.24413759183711392,0,-5.838686942909448e-06
1539,0.31597179583015156,0.08101353246012921,2,0.011321444361152757
1540,0.3286363941367879,0.21357292507268497,0,0.0016664830645712588
1541,0.004786776240723455,0.12203576773750768,0,-1.0013162652294235e-05
1542,0.26198734718977323,0.20064114635563587,0,0.00027176813133847555
1543,0.08520479354503116,0.1807359853919418,0,-1.2082800096721212e-05
1544,0.21177879804917338,0.045523436968337355,2,0.010925947032313938
1545,0.08019732863407875,0.12336823283934112,0,-1.573236162620442e-05
1546,0.21053518371140867,0.1692640859489781,0,0.00011127609536752186
1547,0.2994526610433431,0.010704164607532596,4,0.027109252964200404
1548,0.1665460333205666,0.14015841188903863,0,4.88733446216912e-05
1549,0.22061904036978758,0.2099760527780261,0,1.1475654698192958e-05
1550,0.19205590240288056,0.08112375310034882,0,0.0021521644927218185
1551,0.3490838484000975,0.18112989265458854,1,0.004527566045836063
1552,0.10302409438906279,0.03460095541269768,0,0.0004333436128443217
1553,0.16345703704914014,0.23451482304002327,0,-1.442336526501993e-05
1554,0.2988287045054412,0.20438413675335707,0,0.0009343758093571654
1555,0.118189403108482,0.23205622317161947,0,-1.0309362848168992e-05
1556,0.11389144441126096,0.24648602895346644,0,-8.673316187698352e-06
1557,0.23500977962443675,0.07339800343365326,1,0.008487069988883782
1558,0.11215243299203727,0.05044637370643141,0,0.0003194799343174112
1559,0.10843168387001799,0.15171798781666074,0,-1.5745098603216266e-05
1560,0.14969533281158595,0.10229910102316941,0,0.0001592237898366779
1561,0.2638507121124866,0.037437673631423835,4,0.01902854754834857
1562,0.0987844771600928,0.07394268504760901,0,4.6023296259090065e-05
1563,0.16680392494268223,0.2173084655663601,0,-1.5721652704505574e-05
1564,0.29755285211642224,0.033378175940501874,4,0.019603701457034106
1565,0.12440378523559416,0.1205477074584376,0,3.6275960484707647e-06
1566,0.2545223160219886,0.15221279685612593,0,0.0013676940295828828
1567,0.18447467419738994,0.04685470180969548,1,0.005525223928920057
1568,0.032111662583760026,0.11592231726515412,0,-1.3247684793030072e-05
1569,0.16430768346793775,0.02424765268460788,1,0.006435472315523588
1570,0.008198448222384401,0.1840462021312899,0,-5.7137165393389e-06
1571,0.036346239720211476,0.06575752951600089,0,-1.4572712045905687e-05
1572,0.1530323254661864,0.12905190867455138,0,4.197451219886606e-05
1573,0.04700045170726046,0.13481743786844397,0,-1.2852443686061522e-05
1574,0.21010659800242226,0.05373967300943805,1,0.008584947508426788
1575,0.26009134721668437,0.1521517830845645,0,0.0016390789134067044
1576,0.31636499055200457,0.12508259673540317,1,0.00761728042617917
1577,0.04610003146790433,0.173415962301662,0,-9.12231291372426e-06
1578,0.0789983331461522,0.18269294155164073,0,-1.1281825608588857e-05
1579,0.2921969190579401,0.12284285415953895,1,0.006830507929730749
1580,0.22266826486387095,0.11735106231315795,0,0.0016390652841273895
1581,0.23422526114051956,0.18378864476252177,0,0.0001711571078999013
1582,0.2654405205725059,0.09727036226427839,1,0.008026116694625808
1583,0.2590951928780463,0.09105378809002573,1,0.008354772540379899
1584,0.33152373148792463,0.038846632948044746,3,0.016901703787929333
1585,0.062530851996804,0.20729040625825812,0,-7.730391912563678e-06
1586,0.031148869105929525,0.22092229997586454,0,-4.978428232086419e-06
1587,0.19885509494801645,0.1523544702314496,0,0.00014650030972863554
1588,0.2609979645996904,0.04770989113544946,3,0.016610017687935553
1589,0.08273871639007244,0.04094504051859117,0,0.00012441635376448903
1590,0.2441226380014708,0.1822086527549056,0,0.0002850326478305815
1591,0.22930158006903606,0.07695193628767871,1,0.006980655313258741
1592,0.0531305810831701,0.08294551613250949,0,-1.4646297775824125e-05
1593,0.25350452353303227,0.17659937691842292,0,0.0005263650607131982
1594,0.15737083778980623,0.055687382588844925,0,0.0016224178800373992
1595,0.17025266202217093,0.15877534476772295,0,1.3738754345889452e-05
1596,0.0810666758352228,0.17377456325305882,0,-1.2363379309052814e-05
1597,0.09158732285732503,0.06457380471988146,0,5.327572528335932e-05
1598,0.022467363387242825,0.07359299486502205,0,-1.5678754730305624e-05
1599,0.30439722097876537,0.0466699486972552,3,0.01645768559403279
1600,0.08750502375813272,0.037089164821126036,0,0.00019111612365213458
1601,0.2792571116214388,0.08300957469197631,2,0.011179070583358255
1602,0.05082380653603152,0.04069737765678985,0,1.289809963968593e-05
1603,0.1550913414552072,0.23562739474032468,0,-1.354989422767768e-05
1604,0.16889324843837616,0.10124036431293737,0,0.0003976476778738333
1605,0.34529659162696824,0.3075488955738939,0,7.857416337642668e-05
1606,0.2849996426984234,0.23684376516247468,0,0.00014465999622784338
1607,0.21158886567273114,0.002320185390220747,4,0.026168918405493645
1608,0.24807869930678836,0.11107956268901298,0,0.0042204136202418675
1609,0.006458782943400237,0.04188665313760141,0,-1.5309608904796876e-05
1610,0.049532254706075335,0.18207846546662942,0,-8.68524220871967e-06
1611,0.06744742331352269,0.01454265324711268,0,0.00021708044134250736
1612,0.3212758796556592,0.1833364157252707,0,0.0031122902592843377
1613,0.11269805214742977,0.012052090650433459,0,0.0016567120625365609
1614,0.09154023835687197,0.08350535889553279,0,9.3869491920467e-06
1615,0.15773294881166314,0.026353472959972618,1,0.004879048218671637
1616,0.004994566943941597,0.04290756832331534,0,-1.549980004792913e-05
1617,0.056974327849344135,0.04957931036266047,0,8.71152465875188e-06
1618,0.20857308450523768,0.16116256525175007,0,0.0001518277510706386
1619,0.30849959685522765,0.09514378813568844,2,0.01016287223111307
1620,0.30216443969297385,0.011839797880571268,4,0.026573467608802376
1621,0.3428351889618131,0.15047972886514432,1,0.006144726300151734
1622,0.2862129210687287,0.002501483502191093,4,0.031081962114178432
1623,0.1579310946866889,0.17819081599995648,0,-1.2641216285311958e-05
1624,0.28889275622103455,0.2782017843217285,0,1.0024033982964423e-05
1625,0.09047044643262735,0.11543665158698471,0,-1.375928531574674e-05
1626,0.07677363453913834,0.17532578825810355,0,-1.1785451229717372e-05
1627,0.11442529624791584,0.12945486763774308,0,-1.0598524186631856e-05
1628,0.1714370632376333,0.060551924952855773,0,0.002245636803033186
1629,0.06655980295097984,0.2512902069509736,0,-5.230688248062985e-06
1630,0.018222895284896,0.20420585404292804,0,-5.169407276581104e-06
1631,0.025673732526941866,0.12014072033806916,0,-1.2195796635720548e-05
1632,0.3311266628229753,0.23290994606206714,0,0.000980618922627412
1633,0.09533831633680191,0.07933881099462786,0,2.3345697681735468e-05
1634,0.11814964770927232,0.03052820888498782,0,0.0009692771105822038
1635,0.030434291967848835,0.1404080480761773,0,-1.0685803366340823e-05
1636,0.05909875822331424,0.19543171598150808,0,-8.378616626137683e-06
1637,0.15337068899571918,0.011192628326368637,1,0.007181697300732588
1638,0.21313759936074766,0.16816429305804698,0,0.00013402788175802556
1639,0.12266096925469201,0.18624565770513304,0,-1.50255730289616e-05
1640,0.1992464833237283,0.05030615688706103,1,0.007370556003144501
1641,0.1692753559786105,0.2101007737559184,0,-1.5718685958472035e-05
1642,0.06066184953648351,0.21454196626223976,0,-7.07891907188235e-06
1643,0.07103636522545972,0.21508454333944566,0,-7.78247230422419e-06
1644,0.17085032062755096,0.024474251961667793,1,0.007714980248978575
1645,0.33393466939435446,0.18702302680084307,0,0.0035345590328316784
1646,0.11322166901671496,0.1712129594402006,0,-1.5389269281100406e-05
1647,0.0911350557537154,0.15998761299079814,0,-1.4615258955361533e-05
1648,0.2382014936590944,0.001838666277379969,4,0.029857484437307506
1649,0.15540593408087058,0.015478875972502526,1,0.006606926937617373
1650,0.06196751563139606,0.21573678327034826,0,-7.086411259030646e-06
1651,0.16727730945587121,0.2090153805570699,0,-1.5744385974253136e-05
1652,0.05908041600686061,0.13742289119931914,0,-1.3770225673320655e-05
1653,0.2934502722508596,0.06966129641384441,3,0.013192583915229308
1654,0.10609041914026564,0.014877908634352455,0,0.001136740734121613
1655,0.07041822719923828,0.028723664760877482,0,0.00012434538158963724
1656,0.29316567509061287,0.06863534847435711,3,0.013334959305906297
1657,0.26332223579307656,0.03711733787444482,4,0.01909504025977595
1658,0.33925342401038383,0.31003177380386365,0,4.816941043629953e-05
1659,0.34453900433213513,0.19167773698131205,0,0.003716226187102523
1660,0.14131282500981515,0.23619879958574125,0,-1.2138014268915816e-05
1661,0.09731023120860235,0.06625032132848978,0,6.824728767041897e-05
1662,0.22055849491015522,0.17712152085147317,0,0.00012317705596840935
1663,0.15738513070921784,0.04001348136413349,0,0.0029436934012412913
1664,0.29921190830062017,0.24145636731597628,0,0.00022063246388088928
1665,0.3064717137409881,0.08104750423686063,2,0.01159498728800934
1666,0.18875769417911537,0.1551199705459825,0,7.4820770817236e-05
1667,0.33253622994474297,0.12292784968806514,1,0.0077505073357339105
1668,0.008630092576512765,0.17190071642026386,0,-6.464186845117748e-06
1669,0.293290790211763,0.025292210293469064,4,0.021953137361586533
1670,0.1387769848938613,0.1779860798028086,0,-1.5629982429649983e-05
1671,0.004023475763284656,0.2493150712625879,0,-2.8661413084355938e-06
1672,0.3419760917836711,0.3124207577947697,0,4.899410281933085e-05
1673,0.12509934893676228,0.1606630453202045,0,-1.5380721863136325e-05
1674,0.16369476012669051,0.20796061050874323,0,-1.578563007722507e-05
1675,0.13425125102557817,0.07597284825448505,0,0.0002694355544838552
1676,0.3488839711931209,0.3140062548144419,0,6.664930509687079e-05
1677,0.2558944862130751,0.23803892027402962,0,2.3477849582757866e-05
1678,0.214838754408292,0.02312099584276267,4,0.018438715992308792
1679,0.34395447370891546,0.055255053980467844,3,0.013129727091212833
1680,0.14463006868330572,0.04589398749457435,0,0.0014731736107954604
1681,0.20860242566323464,0.2538507556400694,0,-1.5817551461304923e-05
1682,0.04014560542362228,0.1613942826589351,0,-9.65026024813875e-06
1683,0.18365547199746005,0.07073162178177028,0,0.0023583288899516838
1684,0.32343283780454485,0.08003230751529714,2,0.011127929592371476
1685,0.3115070526403853,0.19553881861855585,0,0.0018134931834358466
1686,0.2590895701051413,0.18146736857496457,0,0.0005368679368686657
1687,0.3341990361062321,0.21634815884676592,0,0.0017690483599953066
1688,0.3453048189843103,0.31341805859425786,0,5.626896315765536e-05
1689,0.23814940540643378,0.14067616698356547,0,0.0011913489227909772
1690,0.1373430267215937,0.1451040964351768,0,-6.797250143741862e-06
1691,0.019567773454851365,0.2286799663522298,0,-4.109678261821342e-06
1692,0.07435366592180745,0.12570526456461423,0,-1.5676225649518446e-05
1693,0.317525004734108,0.048279326540175506,3,0.015602881118950857
1694,0.03839688557685686,0.03913711482775922,0,-7.988357032086555e-07
1695,0.018524771393619553,0.2159917213370597,0,-4.613645022632127e-06
1696,0.3255435821360022,0.010492996947207164,4,0.026698779971548504
1697,0.08698705963542379,0.0787189891370107,0,9.766042289198242e-06
1698,0.11184264402528431,0.19509709515998108,0,-1.3292335596376696e-05
1699,0.07782752864612405,0.16329209477163756,0,-1.3080451713637327e-05
1700,0.32486424855518264,0.1611364124118788,1,0.005010911790476596
1701,0.18564148738026856,0.008713618750371965,3,0.01683440076129849
1702,0.16139408332115224,0.2436209316292095,0,-1.338548933018904e-05
1703,0.3075456964498671,0.23044491284951327,0,0.00048369674698337184
1704,0.11309470419252414,0.0340122266562814,0,0.0006813246851041708
1705,0.2076973123264852,0.10032420158824593,0,0.0018259410821692588
1706,0.15500374832254993,0.04078502066526009,0,0.0026302795556984557
1707,0.25460537722317644,0.1143915177401194,1,0.00448269680947931
1708,0.0570908055179478,0.028084175415134888,0,6.117849613538724e-05
1709,0.0780692886378015,0.018833613903484744,0,0.0002906083039578348
1710,0.0013380187540779076,0.11507426229107787,0,-1.033623288249296e-05
1711,0.011971008121560357,0.10544706784811515,0,-1.229554630804318e-05
1712,0.03032485081019329,0.17922706462129392,0,-7.431061211693831e-06
1713,0.0804466876050102,0.06062656653807468,0,3.232281272191713e-05
1714,0.3263785752717502,0.2383161299865604,0,0.0006998048615122345
1715,0.13698821044912882,0.08024376823634145,0,0.00025060577798796815
1716,0.04931996346697251,0.08803337759130038,0,-1.555713071389261e-05
1717,0.058364462043571604,0.07325696332457293,0,-1.0411200522795524e-05
1718,0.05427121877086911,0.21750768562671893,0,-6.4629100838705515e-06
1719,0.15293317790796265,0.0864686668618634,0,0.00038311592429317575
1720,0.1637583233732132,0.07974971451637188,0,0.0007952639613860075
1721,0.03879723669961096,0.005605694831066835,0,7.886605374827276e-05
1722,0.2832097640629271,0.1257966527519424,1,0.005802865778558067
1723,0.17658575033875124,0.18412621484362954,0,-6.873133166168709e-06
1724,0.32557892916904313,0.26215129853819075,0,0.00027046829125960557
1725,0.1068975787691561,0.20792401776455993,0,-1.1537911703474937e-05
1726,0.055695172556384884,0.19266173592871583,0,-8.328726596418106e-06
1727,0.18856966894225252,0.16769995164687962,0,3.249340216121427e-05
1728,0.26733575754192446,0.08791972070109341,2,0.009667400399021565
1729,0.14795512734656813,0.07448285025543952,0,0.0005209178409777745
1730,0.13909382840815465,0.16606828127876677,0,-1.4250248079212823e-05
1731,0.01949097605288741,0.05867723153561652,0,-1.557600545578731e-05
1732,0.283181637841734,0.05366252840400998,3,0.015763723812528004
1733,0.18147892817962075,0.15460477725306138,0,4.9850778721782965e-05
1734,0.1978793023760391,0.21068075140251863,0,-9.912661384317199e-06
1735,0.16028194912900484,0.19556932123624018,0,-1.5391739765565248e-05
1736,0.059895097853441895,0.17180306873322332,0,-1.0500214561753362e-05
1737,0.09515181092152568,0.009491927876044415,0,0.0009111783031648046
1738,0.04309542267677427,0.09506149786564537,0,-1.5654603142205874e-05
1739,0.1552005390405789,0.017632325103148803,1,0.0060985368587655134
1740,0.13162528255335354,0.16068406133366145,0,-1.4604945568532071e-05
1741,0.014883715287700931,0.21604520910461056,0,-4.447728953661038e-06
1742,0.109429988891297,0.17339588401279873,0,-1.499776684658027e-05
1743,0.16912662128605507,0.0050011536741775275,3,0.013302086075267422
1744,0.20662527777730721,0.18859668809446714,0,2.5361178619849268e-05
1745,0.05492209122519712,0.1698867106910089,0,-1.021685303751645e-05
1746,0.3478524708984876,0.040819988578279925,3,0.015693858668732043
1747,0.23509971773864463,0.011953792028695865,4,0.02536173793625719
1748,0.22772176329331056,0.09752993034788787,0,0.003733165913979208
1749,0.05493058902260433,0.1401012422318962,0,-1.3112085309854896e-05
1750,0.03922816400976727,0.16878770232878126,0,-8.933654614479038e-06
1751,0.26786640591190175,0.07339553775583481,2,0.01209074741307577
1752,0.2580359976605218,0.15417975403447975,0,0.0014317550590348387
1753,0.30061746447808846,0.06665393893461338,3,0.01344982709060159
1754,0.046041240212223666,0.15112402719889131,0,-1.1151704710161513e-05
1755,0.2987316864265395,0.12903695870067272,1,0.006565357541473763
1756,0.05813317678349774,0.24180494289004922,0,-5.286285502312569e-06
1757,0.024809657087942288,0.11199389905034934,0,-1.291740710630367e-05
1758,0.08604491173075994,0.003260973144243423,0,0.0008126445651292038
1759,0.070169485460771,0.0779874372730682,0,-6.5701665600731075e-06
1760,0.27847795533263325,0.24701705215918798,0,6.0090036059915e-05
1761,0.296773007969374,0.16428635478098028,0,0.003038266720024835
1762,0.2511459959877008,0.026008041332820947,4,0.021681881084531885
1763,0.32797444805766796,0.3008391779629085,0,4.278033183919886e-05
1764,0.1860017921710062,0.06283053757305564,0,0.003379734293452026
1765,0.11505960219750032,0.18172997534966656,0,-1.479115364433068e-05
1766,0.28161889204283064,0.06191566384491526,3,0.014388339103711454
1767,0.3271824283303603,0.3017061975946976,0,3.825733621620058e-05
1768,0.04234575589658299,0.12885012495486478,0,-1.2982457692611947e-05
1769,0.0541686328054323,0.006808613441136813,0,0.00016657363617185244
1770,0.03761764332021933,0.23915438697370572,0,-4.430041524533076e-06
1771,0.2042578026340308,0.14304400922270924,0,0.00028934082626245854
1772,0.28397485077593404,0.025884992438408305,4,0.021987835087365758
1773,0.14662661190998905,0.10710650539417454,0,0.00010675528641874438
1774,0.25161957995193934,0.19970205489640994,0,0.00017998674028397063
1775,0.3490875049516738,0.29669111913319085,0,0.00016107162766627355
1776,0.2799217300041304,0.23917806677966588,0,0.00010055507620388679
1777,0.18065657637898555,0.029634934321746575,1,0.008540838388541416
1778,0.2173612028726956,0.13968141488295313,0,0.000572956929297316
1779,0.23340236650863383,0.17448034201129498,0,0.0002530119717790357
1780,0.16459100436212104,0.2459324286671286,0,-1.3470884500902752e-05
1781,0.22309637479036143,0.1633964235594453,0,0.00026503171381193024
1782,0.15884497585453922,0.10656403110668432,0,0.00020019556818230965
1783,0.18415196218358834,0.11742582751815207,0,0.0003762239832872513
1784,0.06960305032459384,0.24439964927554972,0,-5.768848187941375e-06
1785,0.13987052546711654,0.16332276712691,0,-1.3481570049531344e-05
1786,0.27907069830798875,0.2672977477060771,0,1.1892010280088688e-05
1787,0.3465059730558845,0.07768845640232602,2,0.010244853344333293
1788,0.3008361911013093,0.016512042026847994,4,0.024723665469482924
1789,0.2530807399980399,0.2247880281345198,0,5.090333795479516e-05
1790,0.02823872922049281,0.15440680156462522,0,-9.222276211870181e-06
1791,0.07593882328494919,0.06977958007101248,0,6.8908625202869705e-06
1792,0.005123464754113183,0.08047247327870104,0,-1.4053663928302607e-05
1793,0.280132055739875,0.254407968817836,0,4.15959402271403e-05
1794,0.2222144204237409,0.04495927777535383,3,0.013037163285025556
1795,0.33717103349155897,0.11725892440716301,1,0.00796880415505567
1796,0.3282169172983612,0.21296575974211318,0,0.0016779557800722423
1797,0.16875039316297297,0.2100029938446442,0,-1.573179613933004e-05
1798,0.014164355886049638,0.250022382433844,0,-3.1486934707259604e-06
1799,0.2505483868767164,0.034180206719847506,4,0.019350876972483732
1800,0.008809745675799684,0.19332671092138645,0,-5.245381601445739e-06
1801,0.03773698917856659,0.07279888234314899,0,-1.5283652919470496e-05
1802,0.1319282140821011,0.06890485321541032,0,0.00033451236927999794
1803,0.18170656629174523,0.15505153692984816,0,4.913440375705883e-05
1804,0.18533155953250022,0.021662841640266373,2,0.011983771285286033
1805,0.05890623599056677,0.01263536289484861,0,0.00015757196109413574
1806,0.22344867348339242,0.02861133337460739,4,0.018102199915561824
1807,0.32183877331490196,0.24791344643981528,0,0.00041637255231398364
1808,0.11836525325376338,0.010665588850037794,0,0.0021779477871095732
1809,0.33941268658943485,0.13532742060919267,1,0.006961457643854454
1810,0.3381575317930997,0.15746128518246835,1,0.0056990445050421
1811,0.2542106473945994,0.14963786451733563,0,0.0014818149234695176
1812,0.2951380127755738,0.16207043860221665,0,0.003106216898398814
1813,0.1739973289935217,0.01091175798471078,2,0.012569827811919681
1814,0.11266799183670449,0.21535083983446285,0,-1.1375189317776176e-05
1815,0.27495481225738766,0.09756646962583648,2,0.008826144785282087
1816,0.03373322108247741,0.2175529253116999,0,-5.280179596996523e-06
1817,0.3499324005556001,0.31959874717537046,0,5.081344680819161e-05
1818,0.17382075581416395,0.2472575315575527,0,-1.4211698580469135e-05
1819,0.05904054189952922,0.24117330532952425,0,-5.367176179269228e-06
1820,0.34417569616382615,0.3149556586033326,0,4.78022843438002e-05
1821,0.17909323953381623,0.20997492319828887,0,-1.4942915540334706e-05
1822,0.14676599808228216,0.13340516246039302,0,1.7398905790021996e-05
1823,0.2051440553680225,0.07407485730464514,0,0.004154956974158164
1824,0.034429594896226434,0.0970468537821655,0,-1.509582596822876e-05
1825,0.32631753449864415,0.2960974060535154,0,5.22772377468811e-05
1826,0.22642331017595035,0.06065334678405347,2,0.009850921402133379
1827,0.24332383589624765,0.2528860733814719,0,-8.526454949928798e-06
1828,0.19301623413140487,0.21469861786817623,0,-1.3152766653307743e-05
1829,0.1869234780412755,0.0922155726426888,0,0.00117955097123801
1830,0.2607275182864621,0.2485471500331973,0,1.299103146333604e-05
1831,0.11364086942852306,0.09866043213381909,0,2.1004618837556093e-05
1832,0.06273052454575308,0.19557248509959682,0,-8.659594963723597e-06
1833,0.16299288588718025,0.13705987347496285,0,4.7559328834508326e-05
1834,0.05464720971197952,0.16287400120650355,0,-1.0848835088304402e-05
1835,0.025729864553018574,0.13534858244277972,0,-1.0719933435602618e-05
1836,0.22476462561301042,0.10106149321333366,0,0.003066343658075877
1837,0.2585375796440865,0.1995114565620956,0,0.00024654726362161
1838,0.26336148553470895,0.1686717135192583,0,0.0010203861681091536
1839,0.08477062457761744,0.04630126227113008,0,0.00010428521644523094
1840,0.03708645854810739,0.23788559608837698,0,-4.46263008833657e-06
1841,0.1963264080856196,0.20418208357248072,0,-7.199002164822351e-06
1842,0.09817557369664155,0.14432900227652998,0,-1.5763978435126e-05
1843,0.3143578857577047,0.27541158891764167,0,8.754449958122165e-05
1844,0.1322128107839736,0.017570861288436535,0,0.0027913070273792536
1845,0.1725389410962105,0.20142569790082746,0,-1.4641200295966132e-05
1846,0.18513240496272657,0.19546072986511745,0,-8.581980822931345e-06
1847,0.19236755082513657,0.17079977619215073,0,3.4132805077614476e-05
1848,0.055298610786196384,0.2203450494637751,0,-6.349421640158915e-06
1849,0.2300705564379112,0.10297672970495812,0,0.0033598488947583845
1850,0.013596492650007279,0.1387985222839428,0,-9.306873015355405e-06
1851,0.08713969898804996,0.1579910701242783,0,-1.4446495516242579e-05
1852,0.08304951439463959,0.1271399135985456,0,-1.574790428964022e-05
1853,0.07879366260506186,0.05316385749653726,0,4.8944251997496564e-05
1854,0.05024247410200193,0.1625148355447349,0,-1.0467318149617904e-05
1855,0.07342965030018647,0.2349312916830386,0,-6.571660511085765e-06
1856,0.25526430516881515,0.07464495225311271,2,0.010828193878802708
1857,0.26946533195089695,0.24178551458312356,0,4.800426285205895e-05
1858,0.1343126882697933,0.146675499830972,0,-9.418093853412514e-06
1859,0.26634049142859745,0.009551182833282379,4,0.02772951368738842
1860,0.20736405090556778,0.24024699812228953,0,-1.5225942062694386e-05
1861,0.07496058960196915,0.23468955167486147,0,-6.686155902907722e-06
1862,0.023314840188586084,0.08856660855645117,0,-1.4905172117729012e-05
1863,0.11350686982268825,0.03958149669044238,0,0.0005465855020358737
1864,0.25057031902288057,0.042834397193662464,3,0.017152810051158523
1865,0.09599766278684457,0.0933184471944309,0,2.492062847574457e-06
1866,0.17075156376850276,0.05911039910384357,0,0.002313031759704639
1867,0.053722935087089925,0.1895834861010622,0,-8.416830971097498e-06
1868,0.14168447096207884,0.017443144479189574,0,0.003930907345399251
1869,0.13266975560214658,0.005348253708483158,1,0.004498052423221469
1870,0.2785934812607882,0.16192442354880932,0,0.0020640061842259537
1871,0.06837783655789387,0.02755631040167584,0,0.0001188846582920775
1872,0.03937343696357203,0.03635679525107295,0,3.162721604989665e-06
1873,0.3120467290861191,0.0678486226397183,2,0.012916560670792531
1874,0.3467799408880288,0.08784636043829161,2,0.009378166223103885
1875,0.164117894157392,0.2236825628736933,0,-1.5299968233642083e-05
1876,0.342135633161641,0.239000399089782,0,0.001114459197490116
1877,0.06271466658399918,0.06387764534157263,0,-1.2802046117115207e-06
1878,0.03791644389587738,0.006832748887325338,0,6.972419587507495e-05
1879,0.29462314013708824,0.0003685944763647808,4,0.032251509338066635
1880,0.12258039711834932,0.12329838861056763,0,-1.1775394509730006e-06
1881,0.09322598716535183,0.17854024499479362,0,-1.3093232280966366e-05
1882,0.29782784901765574,0.21168739608420958,0,0.0006939576089084199
1883,0.2654439577741536,0.09757207316131003,1,0.007980275376802686
1884,0.06199734000386993,0.24766280978759736,0,-5.182890979317033e-06
1885,0.3025276343006681,0.23740839432594596,0,0.00030119931835700774
1886,0.1496304560176511,0.13602034148322284,0,1.7806247688619173e-05
1887,0.25356844145229357,0.19510903066188776,0,0.0002419280455880664
1888,0.022795371908498348,0.04938341148174645,0,-1.405060272058355e-05
1889,0.2783635268309571,0.09344263705861561,2,0.009651518258347345
1890,0.12587854050432518,0.058833841773315326,0,0.0004015886664646336
1891,0.06593933109906008,0.07632169022104049,0,-8.139618965682605e-06
1892,0.2550427160495168,0.15326993976265033,0,0.0013403599155989258
1893,0.20249704545736563,0.1667184427867843,0,8.345730542579415e-05
1894,0.34057926361675445,0.30282254120703095,0,7.915947772833316e-05
1895,0.13728077656578258,0.24622922768655364,0,-1.0767830032308861e-05
1896,0.2952737366259754,0.016479265956338585,4,0.024857735140923536
1897,0.17476400055980085,0.051903912843103736,0,0.0034458046721524
1898,0.1231519767962634,0.14882108572070174,0,-1.396141242961606e-05
1899,0.3384342407675101,0.04704274089029137,3,0.014838835722569183
1900,0.3416158862921615,0.2811377883996712,0,0.00023259038133382107
1901,0.1293332050439642,0.21891229541180507,0,-1.2666809621261511e-05
1902,0.20333849370865334,0.1221381858941849,0,0.0006739440636610414
1903,0.029861556499597704,0.2217674689829142,0,-4.8744817691664825e-06
1904,0.06358450011506032,0.0725379950107323,0,-7.279854180055733e-06
1905,0.002724492797045057,0.1330267217739408,0,-8.875077217948416e-06
1906,0.13466731464445142,0.09761721769130621,0,9.415732199642577e-05
1907,0.26511214730887,0.01653354013601971,4,0.025077176440371305
1908,0.30414087987533767,0.24753659419591156,0,0.00020819414416847453
1909,0.2614021817137922,0.055994026905755334,3,0.014911991646473095
1910,0.007810769294929531,0.04759695411847393,0,-1.560465776167979e-05
1911,0.02946798993338263,0.012633496136359862,0,2.579602952681028e-05
1912,0.34703560476449535,0.13562533179251732,1,0.006814878055548224
1913,0.19767732581177702,0.04358392713178433,1,0.008606676302401344
1914,0.2206608717955684,0.04009329746894144,3,0.014122027730588859
1915,0.1532090385390905,0.07318721194647908,0,0.0006828095785014428
1916,0.14370467180237945,0.19063650011094735,0,-1.5776763113586298e-05
1917,0.25736952296225407,0.14046133651018347,0,0.0022226358098030056
1918,0.332484813367485,0.24218430132370475,0,0.0007467066668319963
1919,0.24029556996451717,0.0681427546462742,2,0.010313435389255965
1920,0.19378154256028945,0.13840039047235775,0,0.0002246129908767611
1921,0.3310662643173232,0.3042363746204914,0,4.171926120668281e-05
1922,0.16083595785938845,0.14950624321026174,0,1.365154163686261e-05
1923,0.18338716639347308,0.12826950683754162,0,0.00022402404774803894
1924,0.15600980610091084,0.08056344622441006,0,0.0005620470067654264
1925,0.31789374671357135,0.042868176917998546,3,0.016637837626900118
1926,0.2548497947644596,0.030146522865052067,4,0.020650969469016102
1927,0.32362257255070764,0.05499581948720095,3,0.014179520251972796
1928,0.02863538499664167,0.21746669593605988,0,-5.025212368280532e-06
1929,0.07822992119356766,0.2114315346781406,0,-8.628435276557104e-06
1930,0.3020711018139906,0.15645124454307097,0,0.004069427883361267
1931,0.27776788524868684,0.13503170785791413,0,0.0042948141367176685
1932,0.3116433781073819,0.2212692721003077,0,0.0007855747907150194
1933,0.2475091953097555,0.04944362461149973,3,0.015331494112728482
1934,0.2896225554970039,0.19726599421852706,0,0.0008858187840871662
1935,0.14426338707314595,0.20103261692768692,0,-1.545961421185897e-05
1936,0.2519506722668599,0.16016052576264972,0,0.0009386450953636214
1937,0.29824025774170587,0.23937514851095582,0,0.00023197839096601947
1938,0.0014254524857979026,0.16283054520484153,0,-6.583538315975584e-06
1939,0.2977339953093768,0.17129027385924941,0,0.002572500296583967
1940,0.22877385544408285,0.1341568757138324,0,0.0010914830780519376
1941,0.019836323917864787,0.15959820551373644,0,-8.113426025963397e-06
1942,0.06154479577563701,0.1687784131277741,0,-1.0942855456435367e-05
1943,0.21586234297753937,0.2256216319810493,0,-8.449889115575814e-06
1944,0.22288418917859787,0.21641852864276329,0,5.606244007209945e-06
1945,0.1762612474545661,0.02968753439209537,1,0.007592167017832103
1946,0.009899612013155305,0.17856192074615426,0,-6.131681320503127e-06
1947,0.0831447174133793,0.07155704144528911,0,1.5087730831776996e-05
1948,0.21391319733383107,0.1324045204598039,0,0.0006721848943391891
1949,0.32604826190885594,0.13685587994523282,1,0.0068686758131858905
1950,0.3033072448636952,0.07515105947564646,2,0.012325035847044558
1951,0.18965416197501844,0.16457256509628942,0,4.3944996816624284e-05
1952,0.040447808565629545,0.006004493430169781,0,8.467876918586323e-05
1953,0.08514385691195261,0.015994706703364794,0,0.0004520329241793577
1954,0.048957866157708606,0.10746000985192583,0,-1.535771471754108e-05
1955,0.09316005533471466,0.1488652249085951,0,-1.550776229062428e-05
1956,0.08541625265219555,0.1705037268256498,0,-1.3116505637072852e-05
1957,0.3020175303488928,0.28780296247010023,0,1.5194120938312916e-05
1958,0.033219625782826556,0.20347401034631155,0,-6.035069966463686e-06
1959,0.046887983622293204,0.25394405910539447,0,-4.193199391653928e-06
1960,0.008008145907438535,0.24562520813924935,0,-3.094126779316247e-06
1961,0.29549715109640395,0.05060281397445543,3,0.016050408996522648
1962,0.2448661787464213,0.031432746739598894,4,0.01973409183847843
1963,0.14959345744182867,0.04610634868560574,0,0.0017620287795675233
1964,0.20438742734350676,0.12605050147790006,0,0.0005990222706683598
1965,0.16393446959703797,0.2469121206002266,0,-1.3312018716047643e-05
1966,0.3483674725014809,0.20999307989188154,0,0.002759532490499805
1967,0.2831238697454289,0.11838129863072128,1,0.006693742461959559
1968,0.14570165699822174,0.16248588211237583,0,-1.1408754343368453e-05
1969,0.034986574383277645,0.1958818151235665,0,-6.61397213209539e-06
1970,0.24418985463488604,0.19509870026099332,0,0.00015879326043747783
1971,0.2659046306823364,0.19045316153699188,0,0.00048691700608055475
1972,0.33666033378068283,0.1632601951459806,1,0.0052927278084710224
1973,0.29005134161437385,0.27665847595771537,0,1.4178647956144222e-05
1974,0.2507494142025107,0.2105776856223132,0,0.00010091153704728658
1975,0.1292651499689566,0.23130931045107986,0,-1.143476902509776e-05
1976,0.18967256511955896,0.10391698067936454,0,0.00082512669779929
1977,0.2050090173879205,0.06970713101689922,1,0.004758642626013305
1978,0.18371230445202505,0.17170578558191849,0,1.4378630793003887e-05
1979,0.345245823548652,0.09792409687654408,2,0.008761829797173267
1980,0.34810426210850537,0.287228933964521,0,0.00023400278322333352
1981,0.06530209555542443,0.05110986770941408,0,2.0027621502276923e-05
1982,0.3266378522360402,0.2850943782875362,0,9.860640456424305e-05
1983,0.18845640915392373,0.0830482580448314,0,0.0017687229013582087
1984,0.3415603511501714,0.013304103094516883,4,0.024995160922529035
1985,0.2210224010265637,0.043611650498358134,3,0.013194608045521894
1986,0.25307807028733775,0.08037535916125363,2,0.00953076478582942
1987,0.030441964200649218,0.04941232926304814,0,-1.198460059233085e-05
1988,0.2525882797924772,0.200176349689421,0,0.00018397582659963532
1989,0.325041281126796,0.2284388568867161,0,0.0009440057129632336
1990,0.08946830484182149,0.17555526887275658,0,-1.3017753123276434e-05
1991,0.28180635915876406,0.17139795298465196,0,0.0016750378419222688
1992,0.34230952459042585,0.12907084778688702,1,0.0072265148062395845
1993,0.09198115534853445,0.15087218421408555,0,-1.533585536342598e-05
1994,0.2922149176936849,0.1578468714241641,0,0.0032536712929610934
1995,0.24916623686306305,0.22042969350191996,0,5.2586910435619785e-05
1996,0.26639151117015836,0.1888346232282114,0,0.0005291353440559342
1997,0.1693488676489819,0.10292898441323588,0,0.00037671587976525415
1998,0.3386684392417857,0.12253268508591969,1,0.007645177168645443
1999,0.300602377058031,0.11172983736564057,1,0.008467421424870879
