,X1,X2,Label,f
0,0.1660351042936685,0.3300274246756992,0,-6.4036365275574045e-06
1,0.06956959832683411,0.3568642778658024,0,-1.882547943418652e-06
2,0.24846527143028752,0.19081099014619027,0,0.00023484783252532255
3,0.24243636183616063,0.15750393074017205,0,0.0007356089365549279
4,0.15527252946855608,0.24597903305918853,0,-1.2550692617343612e-05
5,0.25456684460609175,0.0420232391151546,16,0.01759524864819204
6,0.11583665139130496,0.0024844606365017514,2,0.0027289155618422916
7,0.16410942077047327,0.0041263324962483305,11,0.012105861738831939
8,0.3179088954066547,0.10969595519110101,8,0.008835970612079224
9,0.294591488058946,0.042239307360564464,16,0.01767666217711859
10,0.3497290266618278,0.1385362019808737,6,0.006629071708963191
11,0.32275319279965137,0.04825762307366045,14,0.01536503674723854
12,0.02032283274195678,0.0037670478063990187,0,2.523154164911417e-05
13,0.34203192077334654,0.04280523317885787,14,0.015527483617104603
14,0.027874780867499654,0.0059350341160046005,0,3.8514949456107686e-05
15,0.06551631612177551,0.0044908258884271786,0,0.0003170181208587931
16,0.2036435344684878,0.024745443494042316,14,0.015484957436412048
17,0.3064630219251672,0.05589658494468103,13,0.01479428641757987
18,0.29356252807088234,0.0416760967564058,16,0.01782538318234528
19,0.09934185740480153,0.004006362369356113,1,0.001354719320867369
20,0.10892121941937465,0.008759511898227051,1,0.0016317988650441074
21,0.34347190936368877,0.08210326473668463,9,0.01000349906465849
22,0.06975834808434747,0.006891990109241716,0,0.0003440723315416267
23,0.03483544872611665,0.006050098737003663,0,6.068626311154066e-05
24,0.3492893645784773,0.1439640311626702,5,0.006405861809128649
25,0.000307646692473601,0.0032219174524832726,0,-2.7106270563963316e-06
26,0.24173386094972715,0.00797834030702168,19,0.027456797298120127
27,0.17621006624436067,0.023367225286726016,8,0.009210720275549578
28,0.08066592909593223,0.0005178920788896299,0,0.0007291522069564198
29,0.28253579694006825,0.006364949006741269,19,0.02919684627962912
30,0.04952730534744304,0.005480176892960973,0,0.0001412357585936864
31,0.30981574731752765,0.0398574406939324,16,0.017626218472474704
32,0.2108474020898061,0.015344234011981667,18,0.020523144550559293
33,0.28803326489997727,0.07421370216202094,11,0.012602134674100932
34,0.17660192395270316,0.006209295803569364,13,0.015129743031229777
35,0.09528782722070155,0.006658474205794881,0,0.0010311612391844997
36,0.04408626496874713,0.0006904526564203289,0,0.0001368023432961922
37,0.06644172474407342,0.00522813576857234,0,0.00031963442535979937
38,0.1553616613043557,0.004801325250424347,8,0.009404600261761126
39,0.3146840187722037,0.0440288501462191,15,0.016543340835600252
40,0.1961305354248596,0.02379268463689562,12,0.014009364268411782
41,0.08515769478651067,0.004812037133666509,0,0.0007332903704064472
42,0.24997956668700536,0.03498772954687126,17,0.01910269050265315
43,0.3254923509316068,0.06924864109796842,11,0.012166012458658849
44,0.1725578454143061,0.022685433014420914,7,0.008549867142426133
45,0.024255554676527524,0.005925333344430163,0,2.9253873739611677e-05
46,0.12188659303559622,0.0040867956974393735,2,0.0032096270812963248
47,0.17901462262049478,0.020079151346617422,10,0.01086929235604864
48,0.12367728459862277,0.00996152342080021,2,0.0027332081635673077
49,0.02811558849401529,0.0049876040920877685,0,4.19104516958599e-05
50,0.07991972165618628,0.005537993126794874,0,0.0005695342659018082
51,0.20945968942390267,0.013775941991173123,19,0.02085281626999637
52,0.33330188025476704,0.08482589084862222,9,0.010263925617237508
53,0.32198256779719314,0.07974886512950782,10,0.011215404081295446
54,0.13127871139773123,0.001188106926420851,4,0.004998627352065655
55,0.08985675972539091,0.004414866126057464,0,0.0009064397844143808
56,0.34845195056919454,0.5768692660910208,0,-3.3691326886004795e-06
57,0.348588346418655,0.5854717775124795,0,-3.0965301655559123e-06
58,0.1896238824595668,0.010328756244055375,15,0.017318699968077497
59,0.2469342628193464,0.006893294326197993,19,0.028217927013261524
60,0.2092413902587403,0.02943852620790201,13,0.015151638522847458
61,0.10402822023821706,0.0011079715015440902,1,0.0018335628051915247
62,0.0433624840773167,0.0014783662620965537,0,0.00012656525111727696
63,0.23930980294676546,0.03248497940853805,17,0.018956768628020322
64,0.17624081977418996,0.005601100579956934,14,0.015264094521950525
65,0.06130914295762918,0.006033477559334826,0,0.0002433523624880941
66,0.24425108945258553,0.01541739844937301,19,0.024772971412319596
67,0.34039607647214204,0.5863271581375209,0,-2.8300196064063503e-06
68,0.3158811804718711,0.1040457441812649,8,0.009304725298216836
69,0.02126452172605726,0.005537828167090555,0,2.3446360884570612e-05
70,0.2145372932362226,0.022638217062077744,17,0.018550927882775445
71,0.2548870763193658,0.02375408682160298,19,0.022511368440721928
72,0.07144894351143799,4.514949547774257e-05,0,0.0005024490229873544
73,0.30819628217695977,0.06776235755921924,12,0.013070110075120354
74,0.12526967596552832,0.006664907982351883,3,0.003289964714359041
75,0.27393799594235163,0.018797948509236273,19,0.024328117216900962
76,0.3244729534444779,0.027344491329788584,18,0.020278710783232755
77,0.15949710622802782,0.014313280599746401,7,0.007763195914067904
78,0.3074630387885486,0.05755044478552507,13,0.01450166958476077
79,0.10879739113725487,0.007585322502355291,1,0.0017025345351806478
80,0.2458059822007131,0.023944099117034993,19,0.022021873698141074
81,0.31948362401920516,0.08206907839617329,10,0.011092131520211353
82,0.07760756859977092,0.004782153227269826,0,0.0005329897557907693
83,0.03694270588466935,0.0016867851128193057,0,8.870866775048416e-05
84,0.023013565088766317,0.0074775684399610975,0,2.3037952315792376e-05
85,0.2627547353456068,0.009876947081889284,19,0.027541411072029495
86,0.15132576762255967,0.004075265443822196,7,0.008576271963722027
87,0.34867724947121437,0.12730064297793206,6,0.007134493133878966
88,0.10767712824958892,0.003871728843918362,1,0.001891758051229839
89,0.20388044106455971,0.032517443141535485,11,0.012995517256904196
90,0.20713789529249493,0.014332796767409277,18,0.020135039255717656
91,0.2966775495926236,0.05360425288310976,14,0.015501227053474268
92,0.3053976228094861,0.09825630217975062,9,0.009883061012938081
93,0.20457132442516948,0.020995485522950105,15,0.017028308036688353
94,0.16173697727248226,0.014316793628583008,7,0.008277844051978523
95,0.012629211445260196,0.0005901611378508684,0,1.6325140207228305e-05
96,0.3023122953286581,0.05315881867048435,14,0.015389458368063057
97,0.27102753293314036,0.0207998243107025,19,0.02367536054730168
98,0.34615841177797907,0.09378422152850063,8,0.008986889849093706
99,0.2663129901546538,0.01981750378129324,19,0.023977087935802312
100,0.2044020406470873,0.026298292027769368,13,0.015128170533064167
101,0.11704399858045891,0.007676249837456144,2,0.0023302287167496103
102,0.33430836661912205,0.10692968678621917,7,0.00865675099953897
103,0.057269441478053705,4.3699030089383584e-05,0,0.0002669219752513592
104,0.1638860293159489,0.019208383447326078,6,0.0075079992867183015
105,0.23108003759746568,0.029996787163299333,17,0.01876785270736967
106,0.1560678315463922,0.0069190535311217626,8,0.008958113551501215
107,0.33044735441223994,0.014902637045675543,19,0.02459243204041169
108,0.15515303305724054,0.016203985820047093,5,0.006395463036779986
109,0.2772545502848911,0.07326633695478374,11,0.01254619945986635
110,0.17967493360824266,0.004614477574836736,15,0.016743543667236068
111,0.2260452380857384,0.02031882165054788,19,0.02127602292152403
112,0.14613119108151668,0.01255636451481715,5,0.0054514674105566275
113,0.2994875994295718,0.028941455446041695,19,0.020715902381275134
114,0.12686662436358023,0.0006369157485425943,4,0.004375964446073521
115,0.06421720355972037,0.006793723468194111,0,0.00026874844155984204
116,0.2626487961036813,0.055295209897297165,13,0.015113807853450113
117,0.13698262990806065,0.005825377932261254,4,0.005123439552936929
118,0.07226709186975482,0.00019761115178056413,0,0.0005170813260131652
119,0.16606071067218445,0.011236217535688197,9,0.010258545682519774
120,0.16142374207498653,0.016576554757035556,7,0.007621451421970784
121,0.14087782652098585,0.002557544192676481,6,0.006549091353016855
122,0.058545607322002716,0.0053980051588791884,0,0.00022026443030952975
123,0.17671490505051757,0.017502993917125776,10,0.011088613320396226
124,0.22105494701499032,0.031048621327997978,15,0.016924362790029995
125,0.1879698523196844,0.01625999279845817,13,0.014556737499047028
126,0.09882045708364094,0.0012818943294866589,1,0.0014829175075041711
127,0.21003976444271588,0.022127445230986212,16,0.01782579102407484
128,0.17908845551431363,0.021016254301224304,9,0.01059833628008878
129,0.29110538640154715,0.0380042497161395,17,0.018696787961545436
130,0.16246930296758674,0.014017579856535468,7,0.00853224719102216
131,0.32744709812978023,0.10634405026035598,8,0.008903811280878308
132,0.33123765192242793,0.03308548785369246,16,0.018356080197426117
133,0.28293886894646675,0.05278217145366282,14,0.015921343889497872
134,0.15832674515223605,0.010524431040635863,7,0.008496564973731923
135,0.3056771614079194,0.009508566800328383,19,0.027543020555023907
136,0.31621503386945904,0.08482671730190545,10,0.010947559396949158
137,0.20059449625977618,0.023185759348096236,14,0.015309005858415941
138,0.31505870971871486,0.07662352933845898,10,0.011801386995096605
139,0.34307470885498476,0.06582830809650295,10,0.011696549518817349
140,0.2414767539699328,0.018656578279138795,19,0.023456374107619717
141,0.05596799713408374,0.0024864279686735904,0,0.00022396841001384062
142,0.043704069530680165,0.005255711227124373,0,0.00010553770362703038
143,0.07545066788871786,0.0019654579146494676,0,0.0005491011421348408
144,0.3118096826272121,0.07506659511632571,11,0.01208513811807685
145,0.26714022231717405,0.0018658622993744933,19,0.031179249629476602
146,0.047006084787402536,0.0018587763124093583,0,0.00014942721871712735
147,0.305943421214821,0.05302492304545016,14,0.015275611502357232
148,0.05558124584452966,0.00033783273602919434,0,0.00024343372091400168
149,0.26899289492480866,0.05615184893466074,13,0.015190308624201947
150,0.0999203984570093,0.0034664405259202113,1,0.0014172636321719086
151,0.08677733023063938,0.0023467664723075933,0,0.0008706255617543241
152,0.2117577992891727,0.005855785158394314,19,0.024613904959336817
153,0.3472678914203681,0.5725668874886793,0,-3.4755346691623587e-06
154,0.32813491444427906,0.051715053982207326,13,0.014497408006572145
155,0.09667443565420722,0.0017310544830736315,1,0.0013364528766419538
156,0.0367672296718528,0.00827018264959645,0,5.9585364351305765e-05
157,0.013161855190029497,0.008958259099412072,0,4.650842979953278e-06
158,0.1638120460095637,0.00462876772788658,10,0.011837346277603338
159,0.14851127462498398,0.005455111747269065,6,0.0075260114791186475
160,0.2035022331530331,0.004768812627838837,19,0.023345617044162534
161,0.34887406742134236,0.14135026852485297,6,0.006526466898589299
162,0.2121295687210289,0.028733314950301084,14,0.01598779315831162
163,0.05096686751065197,0.0018265593188271766,0,0.00018198168706447845
164,0.09047369996418123,0.005814872101157837,0,0.0008767505607318613
165,0.09980151033348186,0.000395118249742997,1,0.0015983096182047099
166,0.15722371499396778,0.008244572748769035,8,0.008867097665074162
167,0.11507434942777521,0.00803885356097514,1,0.0021312024204146224
168,0.08369526709092612,0.005796486551737921,0,0.0006611995177061898
169,0.2902730720129711,0.06512572323550431,12,0.013863082277455826
170,0.10417708718849168,0.006168340272435765,1,0.001503396266615637
171,0.19538898926987455,0.030024504690604727,10,0.011815490054804199
172,0.16045478516149364,0.0018394890889898846,10,0.011832075120025086
173,0.2324819087391829,0.014325866842018406,19,0.024211110261017098
174,0.0310483707156626,0.007565351891370576,0,4.2935863753312176e-05
175,0.10828929604217807,0.008711448470351262,1,0.001594939223765259
176,0.0018023578107548232,0.0003761678979329174,0,1.4760479047787062e-06
177,0.3253915667496637,0.0283626234297605,18,0.019935133092631806
178,0.20739358629187446,0.03265780493700765,12,0.013723961173233197
179,0.08070617683694464,0.007133401697563703,0,0.0005496837726986864
180,0.09581551438649188,0.0021815579804157458,1,0.001267506072717504
181,0.17054326239778989,0.014607190720371631,9,0.010386228869067394
182,0.2881816211352052,0.05739859323525203,13,0.01507401570664904
183,0.17539391223691425,0.006556362572075765,13,0.014620341929860576
184,0.1558850021647977,0.014733472506023956,6,0.006875905681853998
185,0.10355129637479345,0.007934204833574099,1,0.0013648405796283175
186,0.16774640133047602,0.008010373600049905,10,0.011795436655035749
187,0.339012103054362,0.05412690602088492,12,0.013558997098902795
188,0.2984527823793156,0.06503670423678293,12,0.013724543225297097
189,0.021929392712437323,0.006548093781632224,0,2.272107571433407e-05
190,0.2827915568339484,0.012594906529995065,19,0.026533569647002896
191,0.3453454328726375,0.5945473181513373,0,-2.7387973481122497e-06
192,0.02174726349910894,0.003340481926234949,0,2.9449695309735863e-05
193,0.16896554375084863,0.020080495270760428,7,0.008419040372365932
194,0.13684981720159275,0.00850818470536854,4,0.004624152628673814
195,0.22001669087363734,0.023697718557810173,17,0.0191738416711058
196,0.3235475113927708,0.11099071113170449,7,0.008669129672440603
197,0.21901798542998432,0.006994172481829229,19,0.025388000605304682
198,0.29616932295579473,0.06380059075065005,12,0.01395162652310893
199,0.26391852818602307,0.061995320227996,12,0.013887342180037126
200,0.3493174984019782,0.1445600504289827,5,0.006379499090971128
201,0.3499884573573055,0.14804125724881773,5,0.006218095782217354
202,0.075948930449102,0.15695530892166673,0,-1.3514513109953513e-05
203,0.18712294113600703,0.0696335235848525,2,0.002758003088905827
204,0.24469218975293136,0.4920578765790542,0,-2.7964345800071626e-06
205,0.05563215070353196,0.5293775461983282,0,-2.918583023090078e-07
206,0.2883372297836763,0.32995016449507686,0,-1.585458534051044e-05
207,0.0019472168129739452,0.5596603070780325,0,-1.2611468927200989e-07
208,0.03651089031676074,0.1742092343832845,0,-8.272938834345006e-06
209,0.03132436442080516,0.5250815913811848,0,-2.3899235792039995e-07
210,0.22948643889767642,0.21281352935751177,0,2.188378302783651e-05
211,0.009768115323465942,0.23269769912282137,0,-3.5819858362868287e-06
212,0.32040329734570283,0.21890827901782836,1,0.001124250818454566
213,0.2459383220188595,0.09715539276762408,5,0.005848180947749847
214,0.014087550445545383,0.5961832941435975,0,-9.88145670834721e-08
215,0.18132293177603864,0.5688451701567998,0,-6.899681383503561e-07
216,0.3176665341971969,0.24514841738627516,0,0.0003969130378461704
217,0.049255233142838216,0.27799840211742777,0,-3.3788186643632027e-06
218,0.3478433164714668,0.32464113366707237,0,3.1383057206135934e-05
219,0.16206970141599564,0.06102979872370223,1,0.0015704386602564402
220,0.2605726997199095,0.2689917737954091,0,-8.009466827268386e-06
221,0.07538336511668164,0.07562873020667467,0,-4.569947416833917e-07
222,0.010955560140786712,0.29485418318374634,0,-1.9488961002550996e-06
223,0.17498792100801483,0.01308251964362031,11,0.012089577245586226
224,0.3064886038135728,0.2906726363783521,0,1.7843203459648924e-05
225,0.09024983197502168,0.563814611899901,0,-2.9226009857255524e-07
226,0.30268596905299394,0.38964476078819543,0,-1.2894069539427731e-05
227,0.09105949372184254,0.4991251596402261,0,-5.626166182238241e-07
228,0.27329184165066894,0.3222182607388595,0,-1.581286959371711e-05
229,0.1828295335969904,0.17791942568379768,0,4.261423836367189e-06
230,0.01623556646382962,0.27004608671291136,0,-2.63212959795371e-06
231,0.18331629862644905,0.1178910301906691,0,0.0003558241523623369
232,0.2787366345003592,0.5686108223979309,0,-1.8277130828693128e-06
233,0.3127598051616125,0.3092778328564754,0,6.86930270505632e-07
234,0.17571296098002134,0.5616422716448426,0,-7.011116201473345e-07
235,0.1833950193896435,0.5097197496603018,0,-1.272140859444779e-06
236,0.06846612272887498,0.02031895312362264,0,0.00017238891686874346
237,0.0064132437255594475,0.033197188189160065,0,-1.4084432395487011e-05
238,0.30164429304273693,0.3755957457045165,0,-1.4152508071916339e-05
239,0.11656183112270885,0.15034800902262418,0,-1.5207532408282861e-05
240,0.03966926221632294,0.14358322053424985,0,-1.1265637952866523e-05
241,0.15908753500965483,0.4612306752826405,0,-1.6206905646185592e-06
242,0.2933005650066302,0.08623042957766287,10,0.011116288607017898
243,0.11236682603636723,0.002228453393368468,2,0.0024181134312432546
244,0.11020373638310835,0.19150060261122967,0,-1.3482415840473676e-05
245,0.2930854464625021,0.3849883784116907,0,-1.2403533906607145e-05
246,0.326244344325783,0.18770319873768176,2,0.003081541365362815
247,0.3160954342546512,0.5738856674867567,0,-2.5157931783339158e-06
248,0.292610491542839,0.23402275991653793,0,0.000231021630941092
249,0.2526080244890393,0.5012535131320156,0,-2.760454473048597e-06
250,0.1361409000673739,0.4826528882465204,0,-1.04046567792132e-06
251,0.07933615999856804,0.23799469123865225,0,-6.755844885591449e-06
252,0.2647131794080831,0.3930902076073063,0,-8.995974211111131e-06
253,0.0851649451304517,0.05497382624327496,0,6.511991998094472e-05
254,0.2700723240120078,0.1082261433291786,6,0.006878002063919354
255,0.20276248049230167,0.5019297915535201,0,-1.6682916017095613e-06
256,0.19032636466445238,0.5472013888657785,0,-9.372102616426483e-07
257,0.1892672172025086,0.5583187932657381,0,-8.297999954222691e-07
258,0.22914429110198536,0.5826835702651841,0,-9.682946785189047e-07
259,0.2465141707754297,0.04192102885578847,15,0.017067665979937738
260,0.347464874097825,0.42659506942714365,0,-1.3655324836668712e-05
261,0.047447974726890864,0.27944274558729804,0,-3.2711135545948727e-06
262,0.2005589299849607,0.17731647762238828,0,3.8277191761872074e-05
263,0.31427104392836136,0.3462345032751651,0,-1.533930266046178e-05
264,0.3396694553050993,0.3800311133088379,0,-1.5893697174772596e-05
265,0.11891494203131592,0.4705872482354931,0,-9.884039045852184e-07
266,0.212586416242866,0.5774755200916053,0,-8.646982389135694e-07
267,0.14397802216892952,0.5672481032700405,0,-4.828987727127105e-07
268,0.011597263280506885,0.44273842231373617,0,-4.4710532722006734e-07
269,0.286700874792887,0.4191231449224349,0,-8.655520246033149e-06
270,0.1122542566662185,0.531511950052607,0,-5.029008097847579e-07
271,0.22119323706707814,0.18640675096144677,0,7.759248461301534e-05
272,0.026810914134484366,0.40004123720012025,0,-7.976920457154096e-07
273,0.09140445755052329,0.4728047401152456,0,-7.345310062945904e-07
274,0.10558205968351583,0.18732447682495212,0,-1.343995832664607e-05
275,0.30996125942879516,0.26904887466916433,0,9.76456437665713e-05
276,0.12285836056621105,0.45413454456974606,0,-1.2119163415457453e-06
277,0.2677506153474164,0.4303759249576818,0,-6.474841336862598e-06
278,0.19105154626145981,0.013866422355572311,15,0.016304778050079356
279,0.13715137203604655,0.13443111987446368,0,2.2201955791425943e-06
280,0.3094993117202573,0.11624623465008577,7,0.008254036281717827
281,0.325236847148249,0.062405491304521415,11,0.01302833080483108
282,0.274909108031817,0.5257185594665552,0,-2.7000782435612264e-06
283,0.0780793511382149,0.16588421625699912,0,-1.2849790679058058e-05
284,0.11280549561041281,0.018178977417246788,1,0.001298586009294254
285,0.2019556880790588,0.1725772377665857,0,5.740285239921532e-05
286,0.18310310913010983,0.5316511221122608,0,-1.0187048371514314e-06
287,0.22403137095860223,0.001900003360900654,19,0.028353333950058585
288,0.3338396747026765,0.4351526000886099,0,-1.1460350217626149e-05
289,0.22573046886566095,0.5990186461671666,0,-7.94857578685214e-07
290,0.19962987398784904,0.01211693857449816,17,0.019261204214146444
291,0.08970573826181222,0.5045443701131145,0,-5.257837715469049e-07
292,0.24949282526026118,0.40862060948571044,0,-6.7026975530624874e-06
293,0.040223359475383025,0.023199579837052942,0,2.614453220547269e-05
294,0.27702504090419267,0.3425025368349648,0,-1.4885967530102987e-05
295,0.14110240203632773,0.5047351940201827,0,-8.766990322266257e-07
296,0.24121519582537154,0.24566768189320176,0,-5.257135889386492e-06
297,0.2146471202569472,0.4345119017352032,0,-3.6809467222945596e-06
298,0.16141639141287398,0.1307192275370404,0,6.429667852446484e-05
299,0.10214420163980528,0.1031017163959638,0,-1.2757920261939854e-06
300,0.29487103454033026,0.3145487214621854,0,-1.297597258428623e-05
301,0.3190194981444241,0.23891201216003866,0,0.0005308559367349878
302,0.1665428365945282,0.46662950647822604,0,-1.654133936347163e-06
303,0.1546192174402315,0.10587059019165122,0,0.00016951874897321714
304,0.044590211315610584,0.12412916343259284,0,-1.365837276138809e-05
305,0.30684434189039583,0.32140892116294256,0,-1.1308185238805812e-05
306,0.010544537368480449,0.027537182651500514,0,-1.1237248133916913e-05
307,0.309427122361612,0.2794840351298618,0,5.262373847513581e-05
308,0.28967075806966436,0.39702182572896805,0,-1.0887280789994118e-05
309,0.2675011900985837,0.2880782654564749,0,-1.3110849262526431e-05
310,0.3091339732624272,0.3261419558469987,0,-1.2214311484622053e-05
311,0.22867671188988026,0.5868851229020404,0,-9.2414314066805e-07
312,0.009847089675815879,0.24572117333532728,0,-3.1483332611760997e-06
313,0.0736138637444495,0.47440717322601195,0,-6.051926074989992e-07
314,0.30538391469255044,0.39225953843384287,0,-1.2901736927625892e-05
315,0.16598755318596875,0.5833250596287718,0,-5.12234796228358e-07
316,0.26114197991556193,0.25844641139791047,0,7.179370627493637e-07
317,0.07053738586520653,0.006950407670846847,0,0.0003553306364563392
318,0.12214749561348565,0.4802570693426863,0,-9.267455659442639e-07
319,0.2865652444345852,0.3834377677032231,0,-1.1910743091996933e-05
320,0.2968930213570954,0.41048484728477647,0,-1.0297393866717068e-05
321,0.2856240467505256,0.3939361653846386,0,-1.079657810579899e-05
322,0.26624471429884694,0.13761613744284043,2,0.0030886324110786676
323,0.2734165055533133,0.3699517314129299,0,-1.1947399945423087e-05
324,0.2013421433162795,0.5815816773261571,0,-7.418239232896262e-07
325,0.04062928361752091,0.22823516283603712,0,-5.085785046877208e-06
326,0.1631057974745147,0.45560134385936946,0,-1.7846242341226432e-06
327,0.10611471071050393,0.4807335885124863,0,-7.85905849126773e-07
328,0.14283063623836575,0.0695981902317155,0,0.0005180264567689199
329,0.29571873046461145,0.10045917083664975,8,0.00953001158035013
330,0.0007512974139422535,0.2088711551105815,0,-4.151246227500246e-06
331,0.06638986340924133,0.27927905001109987,0,-3.955874351960011e-06
332,0.26566894424574183,0.45020006342191105,0,-5.220749244347062e-06
333,0.06286009975029855,0.17166643354342742,0,-1.0792597532561499e-05
334,0.20140057162447156,0.15977885036989567,0,0.00011425772361650098
335,0.3095772528950701,0.31412032683485713,0,-6.029050773794702e-06
336,0.13748422793539383,0.019786371296526314,2,0.0031052042675173267
337,0.28721142582933573,0.18509060873717492,1,0.001253485863540498
338,0.31349782408559607,0.49693114122521376,0,-5.2709625169844285e-06
339,0.2774496486176993,0.524175386499568,0,-2.812209640323359e-06
340,0.22394557784810867,0.4898223679857397,0,-2.3256281888973518e-06
341,0.13509011952220976,0.571342008698248,0,-4.241690237977149e-07
342,0.11784871647998271,0.08093367134580905,0,9.436600825046604e-05
343,0.12589011851837872,0.5445409404555679,0,-5.05862923539722e-07
344,0.3041659511603575,0.38291964455610966,0,-1.3699105256541946e-05
345,0.16015243655848288,0.016844554752214386,6,0.007278720057056781
346,0.05352879636719543,0.2077407578873683,0,-7.0568242812440414e-06
347,0.02520255516762321,0.24804947505750474,0,-3.5843340875881397e-06
348,0.01443637599306416,0.1339409856913401,0,-9.80850151672472e-06
349,0.2518770396526079,0.0055484429604849336,19,0.029024760093454418
350,0.12436863953762156,0.08040637752917569,0,0.00013628899614480668
351,0.07821636936031033,0.26845327218194254,0,-4.952603745849203e-06
352,0.1866591309632854,0.5285936844347716,0,-1.0882688079597741e-06
353,0.21948642150440864,0.03766248828902341,13,0.014618421894268289
354,0.16629059060701895,0.4702041848566031,0,-1.5920635830987813e-06
355,0.09498272945420808,0.4966270700710125,0,-5.998954980882361e-07
356,0.25503193910252003,0.08766825495520472,7,0.008469116855712425
357,0.06268003266956307,0.44391936877041677,0,-7.359888651851567e-07
358,0.3312127639164545,0.3858289927017422,0,-1.5622830824937413e-05
359,0.33284798636638946,0.31333022159126994,0,2.3973360847233915e-05
360,0.16360589826641092,0.15592107966417293,0,8.097269067232725e-06
361,0.3296308741591153,0.31510051786582055,0,1.4846032795407267e-05
362,0.018824176511582826,0.3122370068056995,0,-1.7719614641416338e-06
363,0.3080135713393897,0.30967891540954645,0,-3.885375824180171e-06
364,0.04758169847206545,0.4513162728166464,0,-5.878399711564773e-07
365,0.12519710202128947,0.06552975999716333,0,0.0002888493056002935
366,0.03959257011170492,0.12250116332049123,0,-1.3334682844315998e-05
367,0.057519046965026875,0.293001082913029,0,-3.158902454520068e-06
368,0.18532535699706734,0.012212726260978551,14,0.015346084485181061
369,0.09735381821110828,0.07854444843447159,0,2.9597270578153834e-05
370,0.30278046978548145,0.3287805143465726,0,-1.4472996946613438e-05
371,0.003417491764218343,0.4131768612192838,0,-5.537381979747108e-07
372,0.004275177285580306,0.4288153124490274,0,-4.776501659479488e-07
373,0.20552818977266105,0.17875045601502929,0,4.849431137923046e-05
374,0.18118146130145626,0.4649297563419558,0,-1.947012255772257e-06
375,0.309869195240915,0.037268724037949286,16,0.01821037569241953
376,0.34316780305413214,0.37686088974033005,0,-1.5563558905354543e-05
377,0.30237894769596596,0.22310900672438858,0,0.0005309523277592971
378,0.026705238558463493,0.2171503805081258,0,-4.945686837589611e-06
379,0.04629371690690589,0.5264244044931332,0,-2.738350593900606e-07
380,0.23589498354277627,0.5406061727622067,0,-1.5773291918607475e-06
381,0.3418132536351298,0.45658256678055237,0,-1.017641653401087e-05
382,0.27483562229542796,0.23092247795801185,0,0.0001189556415689741
383,0.32156014779738595,0.481820595686013,0,-6.616323102013447e-06
384,0.06254259189066692,0.23849410639581997,0,-5.7041881887802235e-06
385,0.19576200174484604,0.5354599768792185,0,-1.1126940322697551e-06
386,0.34822228260461396,0.28299645514811184,0,0.0002804143853850328
387,0.3289424543769722,0.11443671111496014,7,0.008337909057033497
388,0.14707339188723506,0.5565004368338556,0,-5.54561677223861e-07
389,0.00648858959629095,0.49779021364587195,0,-2.4499818647008367e-07
390,0.09514001668698202,0.041647816975284135,0,0.0002206308291988852
391,0.09651563687292926,0.5409105150622905,0,-3.912119610252391e-07
392,0.25305140193351505,0.1417649237172521,1,0.0018704129361574063
393,0.14158087878005987,0.4665746918077197,0,-1.290097809714991e-06
394,0.27846367378047543,0.4785526493837868,0,-4.473910079150414e-06
395,0.12058416118292145,0.5277385513770828,0,-5.675332019583688e-07
396,0.2887519379536446,0.5455133277349098,0,-2.5434997685751496e-06
397,0.1621458388081632,0.05584108016514411,1,0.00192309063904798
398,0.3278850741006686,0.5045578786511982,0,-5.6319965353006e-06
399,0.3144976683034385,0.36255349895279954,0,-1.5861091883516542e-05
400,0.02581921060838938,0.12329121359100396,0,-1.1898392454307444e-05
401,0.10809494457171653,0.43506847307405844,0,-1.2654666263087787e-06
402,0.31922055089282325,0.2740788595723557,0,0.00011940193143741746
403,0.15906483267417296,0.08896115516559937,0,0.0004462384364905417
404,0.06000390321860506,0.1890043169921969,0,-8.978277425857502e-06
405,0.33896621452056225,0.09959505098060059,8,0.008934498322681726
406,0.10096519061377347,0.46619902548258657,0,-8.632907641670945e-07
407,0.03670576597647651,0.14147745203056536,0,-1.1182893937814547e-05
408,0.10572346209157062,0.4568480444677088,0,-9.940234281885438e-07
409,0.05294907219923544,0.44305901010165555,0,-6.735971472802619e-07
410,0.07340465326025132,0.4339078443764526,0,-9.054445286897669e-07
411,0.17285410726720415,0.14515926107395433,0,5.292610946259307e-05
412,0.21672870394064533,0.0914899758198442,3,0.0033076136596140505
413,0.26274609680784367,0.4017476010050048,0,-8.136864503182214e-06
414,0.04214272916332584,0.13997129999701194,0,-1.186129602306072e-05
415,0.23723237595185964,0.1015526302599324,3,0.004249219769352741
416,0.18195379779869383,0.11352288427262379,0,0.000405904736020089
417,0.005348802072553595,0.4118741151774592,0,-5.719274827083604e-07
418,0.15325208370376017,0.5115627886217256,0,-9.244353191615423e-07
419,0.039436607405888835,0.03668807509130951,0,2.8545936649064346e-06
420,0.0967624337151309,0.1311172194100316,0,-1.5248251649088419e-05
421,0.08855285921860825,0.14445408874111043,0,-1.5497851873900323e-05
422,0.2834913475276687,0.020809198510495452,19,0.02356584463999651
423,0.2641846008958769,0.07328719262889334,10,0.01186245672351858
424,0.14660729737891492,0.599958984420302,0,-3.574424862146834e-07
425,0.09228987729863547,0.569441081276619,0,-2.819570005722716e-07
426,0.1616939632971726,0.08216049786987213,0,0.0006629666225488974
427,0.33364674888139206,0.04723632829273137,13,0.01503421284698702
428,0.2510997183516782,0.13228185947226284,2,0.0024097630599681785
429,0.2758991461269557,0.03393791602813632,18,0.01994053647689339
430,0.09710742631001626,0.41109618380774526,0,-1.4411120582223368e-06
431,0.019812810153887007,0.2972097031540916,0,-2.0795302724514756e-06
432,0.3083517790246642,0.29292517459286005,0,1.7085945439920834e-05
433,0.3165551371232593,0.3576565285832532,0,-1.5878696599505238e-05
434,0.02917382122748169,0.5946177593370374,0,-1.1669922427381118e-07
435,0.032512815644646254,0.45267387772264256,0,-4.988808249960419e-07
436,0.26259592430188927,0.007901758271361081,19,0.02835035027410075
437,0.029385751679661364,0.49500736732943235,0,-3.166523889024483e-07
438,0.03812291090706568,0.17470858290171623,0,-8.360714177423048e-06
439,0.0947546404737305,0.5173383106446174,0,-4.865675446962576e-07
440,0.2472207381512603,0.4873893877059456,0,-3.0044412079594775e-06
441,0.010719166062357566,0.09332967740529709,0,-1.3366627472300395e-05
442,0.28562898333824877,0.4119149207230667,0,-9.168509221164028e-06
443,0.34935701799850055,0.11541127395802103,7,0.007641662321990734
444,0.2613129791348702,0.5517230033062309,0,-1.818666837192194e-06
445,0.02071452501453734,0.466088749099703,0,-3.877533738060542e-07
446,0.2872195869003429,0.03718148693661327,17,0.01898398006100881
447,0.029374968752109043,0.20918159919549822,0,-5.493824022371579e-06
448,0.21226916393825734,0.0006817663185023859,19,0.027059804050906636
449,0.04019232453636584,0.0860545386502821,0,-1.5751296608744058e-05
450,0.05939146416911112,0.5925886482077968,0,-1.6105065413678822e-07
451,0.038455988062369224,0.12160322021004973,0,-1.3311611820694524e-05
452,0.05122548937742882,0.06958244065459775,0,-1.1789718431316615e-05
453,0.3211816280170104,0.5624456782274119,0,-2.9664000735500965e-06
454,0.29543373649758087,0.15672882911852948,3,0.003577533500619541
455,0.21365849334275397,0.06549051329974223,6,0.006738769029328628
456,0.14447498870279019,0.5281116524401394,0,-7.177322080325385e-07
457,0.2948596645123975,0.40095014269998325,0,-1.1006875398879243e-05
458,0.12844219278824828,0.5025041147785746,0,-7.900367891493123e-07
459,0.010085777931875298,0.3190590548204076,0,-1.516845220572629e-06
460,0.027640763076652256,0.4879501741016562,0,-3.339345292528024e-07
461,0.0665598783263107,0.22241480095249835,0,-6.943922621945592e-06
462,0.10011516580826936,0.5350179477727202,0,-4.3014307752935404e-07
463,0.06249513714160845,0.1977268589989236,0,-8.466184417912544e-06
464,0.018434491651562832,0.3086229268842991,0,-1.830007067789201e-06
465,0.19730236527793057,0.03932890231461389,8,0.009602499249430244
466,0.12774189281798784,0.0642985736773153,0,0.00034187392875513473
467,0.19868998423899317,0.5852835678862317,0,-6.961949410529153e-07
468,0.26740339255494955,0.3912197427684083,0,-9.385679635361565e-06
469,0.28271111133816107,0.419949709801769,0,-8.270352316145393e-06
470,0.005423537848220971,0.3463252518190139,0,-1.1023633236946344e-06
471,0.1416348006791021,0.43309307761715443,0,-1.8038805979785643e-06
472,0.24555825450251204,0.06300411907399095,11,0.012085449530531542
473,0.19979250464836507,0.048291402320643814,7,0.007914348416834286
474,0.05522521711436929,0.5317423139390534,0,-2.8388147673066923e-07
475,0.06912238785623005,0.49376488534453905,0,-4.76811180791616e-07
476,0.10550940824911159,0.5994957912820503,0,-2.382294378768539e-07
477,0.17609898015058031,0.5160937541298303,0,-1.1097859242788756e-06
478,0.2551973078236786,0.4428011917293943,0,-5.065889410901974e-06
479,0.2932609213514419,0.23745667441594348,0,0.00020398613613958192
480,0.048862414325024514,0.11104425772024809,0,-1.5125285017178292e-05
481,0.010533402726777781,0.1396681830650942,0,-8.972061968258268e-06
482,0.12953795944486218,0.5016174521156782,0,-8.058399300889618e-07
483,0.27074275000324655,0.5585932491767812,0,-1.865383321562558e-06
484,0.3392374106346016,0.3390660634018005,0,-2.8268457581887223e-06
485,0.006850320655372583,0.3336535812303452,0,-1.2692248910572188e-06
486,0.0213718978051817,0.23334709997901912,0,-3.994227594508363e-06
487,0.14933202685100413,0.5486760328353125,0,-6.13367140853704e-07
488,0.13776678408000528,0.47925549443406107,0,-1.094028377731003e-06
489,0.0504104226535495,0.17832657536239896,0,-9.070870927008112e-06
490,0.33542064345678785,0.4443522756580285,0,-1.0724182366223404e-05
491,0.32268034744581003,0.12840451415387394,6,0.0074378262683186865
492,0.1962661093431537,0.1438367464835182,0,0.0001953246835158176
493,0.09080383442823026,0.2186511039831398,0,-9.071771772664599e-06
494,0.26044884620549863,0.013338060732722479,19,0.02615842577608755
495,0.19954327637250768,0.16977713184942325,0,5.891861379337956e-05
496,0.11909050171234271,0.14437502011190992,0,-1.3871880585401092e-05
497,0.18310111778252078,0.03197352981996608,7,0.008472343412137925
498,0.18999862438457438,0.5310174728890193,0,-1.0982117539382998e-06
499,0.009894685057752166,0.21722834748585904,0,-4.183425839141675e-06
500,0.3335587631877558,0.571961310905834,0,-3.0512509113887223e-06
501,0.05077619230371604,0.09492492590979557,0,-1.5740487360643394e-05
502,0.13505088503305945,0.013725567198220445,3,0.0035778691966539774
503,0.200252423759602,0.19091638394258267,0,9.89262117778957e-06
504,0.1631669371915875,0.1770190469167572,0,-1.0243025209318508e-05
505,0.1500857357619003,0.49094820623647567,0,-1.1006823501088823e-06
506,0.1545670194747558,0.15195434859301674,0,1.940720230519575e-06
507,0.15930910088240682,0.5721457349061427,0,-5.358711928625451e-07
508,0.12824404107316917,0.48463882999854657,0,-9.426854193837911e-07
509,0.1791171403762826,0.12409752255170507,0,0.0002238526451651093
510,0.05797744072722999,0.5870250590700168,0,-1.6787679517245367e-07
511,0.03204781417211639,0.28560356411454996,0,-2.638366991399882e-06
512,0.3208184061463017,0.251057926749575,0,0.00035358724790009015
513,0.2993006240705493,0.5527922427998798,0,-2.6271977777657562e-06
514,0.2526326902418825,0.3908351636585448,0,-8.201121697866443e-06
515,0.18385920296333014,0.09403735130770184,0,0.0009783497607139494
516,0.06596233090289844,0.11576691326777415,0,-1.571447926307778e-05
517,0.0010029911582854628,0.3325018039955931,0,-1.2110864327070417e-06
518,0.3374517366065912,0.33421914086922605,0,-4.659733876027107e-09
519,0.021790037172543495,0.5266334430769102,0,-2.1393557864762402e-07
520,0.33333331799865673,0.04886335905235168,13,0.014746193436212486
521,0.07873289511981812,0.4341888350693558,0,-9.522466348722603e-07
522,0.015757381514492234,0.3151455916728869,0,-1.6692783483927383e-06
523,0.05955016682752018,0.13044744221889623,0,-1.4444606695600968e-05
524,0.12225576939445562,0.5630200382086414,0,-4.055311588375398e-07
525,0.2914549780573138,0.3225783864285229,0,-1.5194349460922004e-05
526,0.13592625068639108,0.4562071032391967,0,-1.3524602662732776e-06
527,0.3413197392062905,0.5192041373981562,0,-5.563000208587684e-06
528,0.15533848047272825,0.4607094404018104,0,-1.5693359716646033e-06
529,0.18846545609567447,0.599119335460458,0,-5.474330397496466e-07
530,0.1737447508408531,0.15525564633611985,0,2.7264358965593366e-05
531,0.32988624847050435,0.5405656208369835,0,-4.0217083256473386e-06
532,0.3496124538403385,0.006071446533254976,19,0.028503459775042084
533,0.28994019089610823,0.0791808527622658,11,0.011958427754875786
534,0.07983761607884043,0.044406722795491606,0,8.84564671477174e-05
535,0.29670390067864383,0.36896835850343135,0,-1.430688521492864e-05
536,0.13216552808730447,0.48114713361644523,0,-1.015151740533521e-06
537,0.23588357690071937,0.170914938870601,0,0.00032872411765905494
538,0.030687595571557067,0.4577075062451796,0,-4.6582058249318183e-07
539,0.27010409482858544,0.5604296530392847,0,-1.8198456144447175e-06
540,0.08174226091947673,0.4825508598545298,0,-6.050365331562082e-07
541,0.34400710539377083,0.4778258285514059,0,-8.528308082618135e-06
542,0.30849062536059335,0.3808093806828546,0,-1.4300997491494584e-05
543,0.11294966532384311,0.4510505661020382,0,-1.1321489266426555e-06
544,0.008250233815491215,0.3761725973419988,0,-8.413417372657956e-07
545,0.03302714320299219,0.027525669866142133,0,6.239635370527472e-06
546,0.2310564484296596,0.42266452482311445,0,-4.871876690253483e-06
547,0.2998446743434657,0.032807942268134944,18,0.019672225950376068
548,0.2490046108691797,0.01687940020238803,19,0.024515315223255976
549,0.06683413172248957,0.032801279819442766,0,8.212853907868277e-05
550,0.2517091912040875,0.16956064746693944,0,0.0006496797929121863
551,0.18960199266041203,0.5876328916286557,0,-6.210632018909745e-07
552,0.17936508529492282,0.4619889241446045,0,-1.9690780918569442e-06
553,0.23349885288385236,0.47774020789200666,0,-2.8857017940072647e-06
554,0.3049728418905095,0.3376921081371846,0,-1.5393417406983404e-05
555,0.32634140236247156,0.08635863506558132,9,0.01043777327567126
556,0.27312080944690337,0.5023126452720198,0,-3.3498710875429843e-06
557,0.31605620630526754,0.41417213291100813,0,-1.1780033679947564e-05
558,0.06254711576737368,0.2968221771489738,0,-3.196948473955195e-06
559,0.1659884330888516,0.138218780689488,0,5.346244974612519e-05
560,0.05820897062096154,0.5088263397041923,0,-3.677902264371191e-07
561,0.3272780243970395,0.1176072776415441,7,0.00816272757471735
562,0.20126468497266284,0.05157037729997835,6,0.007462392945022048
563,0.18153205683278945,0.4830689818373626,0,-1.629892624127479e-06
564,0.09604039313954248,0.5053610110026312,0,-5.555632419388073e-07
565,0.34891179886722457,0.09351418306120131,8,0.008872314638631673
566,0.11373914056177892,0.01994315446256183,1,0.0012541676751264745
567,0.20982637467454035,0.5223539091100994,0,-1.4595519354275454e-06
568,0.09460962370207224,0.5417170322709948,0,-3.807529443129298e-07
569,0.27671933696033624,0.4127909819086762,0,-8.363873413957272e-06
570,0.287152983263217,0.22785598177783167,0,0.00024015636466491206
571,0.01875765052390206,0.025510941773326856,0,-5.733177862263467e-06
572,0.1108655354153116,0.003387582588123017,2,0.0021811593966250395
573,0.32200260051277274,0.41938529677262143,0,-1.1851012386770309e-05
574,0.10640199326210376,0.16376485179602146,0,-1.542366294696157e-05
575,0.309563385302836,0.34877716776361795,0,-1.581722949436337e-05
576,0.01806252971115588,0.5393201439190691,0,-1.8155795026430238e-07
577,0.33996026912192345,0.2971532582659716,0,0.00010317979362931134
578,0.11415002346242759,0.17296638268382558,0,-1.5341451269377848e-05
579,0.16065121857020118,0.5573478950060385,0,-6.297070119337622e-07
580,0.26589900158285384,0.12078234453280665,4,0.004826975569918486
581,0.04458148243269521,0.5988715860518607,0,-1.3044678857992264e-07
582,0.2663530553615869,0.21273495141540308,0,0.0001913304384101422
583,0.33491673599003213,0.4640203827180644,0,-8.918027933909612e-06
584,0.22255383893018843,0.4931316447259437,0,-2.2190206045952406e-06
585,0.321794257834782,0.3122276995667061,0,7.63832364159654e-06
586,0.16727134605645724,0.1025271665328056,0,0.00035073161735946814
587,0.34282393755366075,0.41199199562831174,0,-1.45787006518767e-05
588,0.06483673767890927,0.22572522489535105,0,-6.611895050663267e-06
589,0.020926000417607046,0.21190974428974307,0,-4.9197020856259806e-06
590,0.33640945088193985,0.40545346828280804,0,-1.4589662932949438e-05
591,0.004837973159655856,0.26001753582398346,0,-2.596702959818177e-06
592,0.3462115690397927,0.32281173785141454,0,3.194105304242665e-05
593,0.3134222944815403,0.4899470838423313,0,-5.642538437112914e-06
594,0.10955381284193372,0.49282899654963475,0,-7.207066703778099e-07
595,0.2639413886243229,0.594954742068915,0,-1.2119783086986515e-06
596,0.06609152546092761,0.12547905851403177,0,-1.5305481345799374e-05
597,0.27511013273234025,0.32051580925452083,0,-1.5866776672498718e-05
598,0.3422093801124248,0.5175862044973285,0,-5.701899629669202e-06
599,0.13228560986719998,0.05092267526616934,0,0.0007374523038223005
600,0.3047554738491949,0.3961369815634354,0,-1.245272571715885e-05
601,0.14616977248629848,0.0031661600697294955,6,0.00757394112236342
602,0.07001954134764606,0.02412772977837324,0,0.0001540515365406704
603,0.30046321458411784,0.13766740173143532,5,0.005777304737124576
604,0.3461384865778073,0.43429181844451376,0,-1.2764761524607273e-05
605,0.20965823144320803,0.45322251811101716,0,-2.9067367351193774e-06
606,0.03249000346797918,0.07944985137508487,0,-1.5748671369871066e-05
607,0.27449456524662025,0.14720340423858774,2,0.002879913710153194
608,0.30062172652266006,0.4068611925425583,0,-1.099102750670938e-05
609,0.010954928867903118,0.09013462530435962,0,-1.369588697038423e-05
610,0.014655494152475006,0.5994932448533348,0,-9.614135298602013e-08
611,0.07887423428916637,0.06253770946644803,0,2.426885528705117e-05
612,0.06646412315181552,0.5589288805535739,0,-2.4200273582915255e-07
613,0.3476464488879426,0.21648009446555463,2,0.002358750514964115
614,0.09587899059383632,0.4449618682115247,0,-1.0146657945873598e-06
615,0.01389431668294458,0.48081385519189956,0,-3.126210630750701e-07
616,0.22448303322699392,0.5839553030307595,0,-9.126132199764117e-07
617,0.10478280527564521,0.4725628948864141,0,-8.415433816563056e-07
618,0.3076355679538907,0.033612050818308,17,0.019187407207311036
619,0.12225581523319219,0.17867004472237696,0,-1.547540081589832e-05
620,0.2930170057455712,0.00581962411114052,19,0.029421045241313292
621,0.2897669959717154,0.044451662329698216,15,0.01736195080644253
622,0.10248990861893027,0.5697241199861035,0,-3.1130884737837253e-07
623,0.18812942861240933,0.10650031207878555,0,0.0006999674652098666
624,0.026462221685996243,0.15510829814632712,0,-9.011693553969066e-06
625,0.11903999156727499,0.022958169181669198,1,0.0013682947251390423
626,0.1486942960669296,0.05720132926836212,1,0.0010973943888798166
627,0.015497355385265754,0.17233750901774433,0,-6.8820036469061645e-06
628,0.09192591495643301,0.17043668929899958,0,-1.3750810105184902e-05
629,0.16099209783003435,0.14868760643612625,0,1.5289495415943795e-05
630,0.22406200580098146,0.05567975143865948,9,0.010615133523025436
631,0.2982466005911123,0.09887350408059015,8,0.009758385540725613
632,0.33511121689592377,0.1881188670544776,3,0.003517823757879185
633,0.3334978317635242,0.2214498482995521,1,0.0015013515273951015
634,0.3084945741524032,0.13486628885835,5,0.006506145302906956
635,0.27099374373725205,0.0720808299501881,11,0.01248219855305754
636,0.22964467660607352,0.5959296996574845,0,-8.524402564511637e-07
637,0.2499671682052943,0.15789007213815204,0,0.000952460999156466
638,0.19868856098608137,0.4682920816139601,0,-2.2417996416534416e-06
639,0.30804991479477295,0.15286939434104682,4,0.004795151854562024
640,0.054659388351202765,0.013437097871796099,0,0.00012192107490515833
641,0.006012514948773695,0.04358266313252344,0,-1.547725389037598e-05
642,0.17723569697052743,0.04338258194847677,4,0.005002063437921609
643,0.2234548205050354,0.5589726295345216,0,-1.1595723987858415e-06
644,0.022020444208039284,0.08829821526774398,0,-1.4826560218581767e-05
645,0.20326937161092673,0.17107416766518316,0,6.795020272200448e-05
646,0.31600519312783476,0.25915253275279476,0,0.0002068807114623819
647,0.06570358411362902,0.44281098714735245,0,-7.670056590308551e-07
648,0.006083427185216164,0.2916957487504225,0,-1.915898809530228e-06
649,0.24398627329453446,0.43718741605113615,0,-4.794163740569165e-06
650,0.17189874728894647,0.17517678789079613,0,-3.763532900202168e-06
651,0.031335692404075965,0.4621803605521964,0,-4.4833760325089104e-07
652,0.23506611936664387,0.41386365224180327,0,-5.528776589443974e-06
653,0.210923619287925,0.027787618753441202,14,0.0160528216614113
654,0.18796409115637377,0.16715715484667953,0,3.235614171704282e-05
655,0.2856780877384483,0.34001986105141624,0,-1.5618422671271743e-05
656,0.18136662651781305,0.5931270914749324,0,-5.414740834435345e-07
657,0.2618871379002249,0.019975642683393736,19,0.023873285430824953
658,0.0871155087538941,0.23415155101416388,0,-7.560331732247447e-06
659,0.26642326142348755,0.5181943892812784,0,-2.674822575441431e-06
660,0.19855511939192588,0.013209454158450184,17,0.018548759011347435
661,0.31434339066627115,0.4714564539258165,0,-6.823720637598059e-06
662,0.2342598562695997,0.1540073521601235,0,0.0006200160877135327
663,0.23209553033967684,0.17749902527868225,0,0.0002083201651127249
664,0.12723243464764972,0.49409714128683563,0,-8.490023377985128e-07
665,0.03851937465479177,0.08822115835143376,0,-1.571377251206449e-05
666,0.27270775059596475,0.361464992045092,0,-1.2721733970044965e-05
667,0.057529846146523234,0.48596591562171115,0,-4.5912767298720926e-07
668,0.00946578733905952,0.29336912662053133,0,-1.9488346519250327e-06
669,0.15021194911686878,0.04988833253632993,1,0.0015556261229680943
670,0.17725432538830213,0.49934477030091245,0,-1.3272907313135618e-06
671,0.27799203528802235,0.29622240631897967,0,-1.2454769092824525e-05
672,0.14872317092772455,0.013906151791054089,5,0.005653624820252451
673,0.10511544817861486,0.46557746202750255,0,-9.054265647600019e-07
674,0.00620285861177243,0.2874177507534676,0,-2.0019725070351052e-06
675,0.24857035698367405,0.1701163412686021,0,0.0005643539444665894
676,0.057507289629931464,0.44472435436102625,0,-6.933288602892561e-07
677,0.2999755987666285,0.31679193748043893,0,-1.2097688731224316e-05
678,0.34047256794386815,0.487024584195227,0,-7.552581215241459e-06
679,0.049141226268312785,0.21707113241745835,0,-6.173080372162893e-06
680,0.005914917465949209,0.06008528818052333,0,-1.5573599211611748e-05
681,0.1258974716701023,0.13913597827672933,0,-9.817623278585084e-06
682,0.06117124999267573,0.25617209009981873,0,-4.7254112364615425e-06
683,0.051194590408293966,0.5100392917298077,0,-3.3877107459584113e-07
684,0.14437289222035454,0.5539477411940243,0,-5.537657191892159e-07
685,0.2908740362065014,0.522773881366106,0,-3.25924023457702e-06
686,0.30346212705469006,0.25193076411552234,0,0.0001655464142268885
687,0.2400337816733124,0.047361807232859605,13,0.015051840090389077
688,0.28585252307546793,0.3547259042466076,0,-1.4605741744601543e-05
689,0.10317912255147893,0.07295647514879086,0,6.47203258460354e-05
690,0.2700117797276454,0.05918435684855744,13,0.014662366603913762
691,0.10092900413082276,0.45233390786214966,0,-9.913089489957745e-07
692,0.17216752041415742,0.4648164516704501,0,-1.7816043972594208e-06
693,0.15778034265480345,0.4523397924370767,0,-1.7483512874473082e-06
694,0.024648985171653925,0.4475299744083386,0,-4.855369257969702e-07
695,0.13806013542496356,0.4489976905803367,0,-1.484821242283029e-06
696,0.2919120142858682,0.09733264978310034,9,0.009778320438877166
697,0.34716352511697574,0.387030343327827,0,-1.589230975660997e-05
698,0.021190611235952242,0.2884418703285959,0,-2.3013506482514326e-06
699,0.09579940117703802,0.20895286688474882,0,-1.0379022062409566e-05
700,0.08613203052167843,0.5399824196909622,0,-3.559658210260113e-07
701,0.25869799688092815,0.15849199806809625,1,0.0012572086270259202
702,0.3113122194002132,0.42379199703823905,0,-1.0396951894166771e-05
703,0.273432129629528,0.09757641951376547,8,0.00870389862749041
704,0.04719800237377974,0.17443818004572822,0,-9.128640073291845e-06
705,0.19369451818395286,0.06941104024268853,3,0.0034363551495281567
706,0.275751255344862,0.5378893399452521,0,-2.41131960197647e-06
707,0.32582094434895853,0.2305281761389891,0,0.0009013041348286978
708,0.08033058980060985,0.04966156798184382,0,6.715178844592249e-05
709,0.227816764359905,0.051538127329208094,11,0.012263633505447421
710,0.09101638651614372,0.5029124338761902,0,-5.41475084561566e-07
711,0.18838173337296607,0.04931877449461458,5,0.005705028841176738
712,0.21164866396407228,0.444391970879217,0,-3.2378737561683944e-06
713,0.29317657361972177,0.21297049125656356,0,0.0005598984433666872
714,0.3488373996657071,0.317844964322997,0,5.301079196045428e-05
715,0.13125558245562133,0.09349421328633165,0,9.807739872753285e-05
716,0.08210370861138694,0.47651487054208225,0,-6.450032010569272e-07
717,0.30914252318747076,0.3878358382765012,0,-1.3704101239335266e-05
718,0.2538409124747425,0.3940401270756859,0,-8.046182115526212e-06
719,0.011240507125330831,0.3914213479006269,0,-7.442581505852372e-07
720,0.020824582667715152,0.32096921116438215,0,-1.6566131019758465e-06
721,0.21496434192798358,0.03977317346797171,12,0.013143636540617953
722,0.21965740921547086,0.18559886791734873,0,7.455958439084029e-05
723,0.1555557535617816,0.13947970692165884,0,2.2483564248123073e-05
724,0.2813589184600354,0.5253393108411707,0,-2.890026922209241e-06
725,0.09409004745597062,0.4871916742882296,0,-6.534002059735769e-07
726,0.3150675331895227,0.14140564140916975,5,0.006207006787947891
727,0.312537258050002,0.5700913604555549,0,-2.5219591880877555e-06
728,0.012282067777671601,0.09623538094929386,0,-1.3235842857166278e-05
729,0.015718248316389793,0.2434390679070774,0,-3.4147653371314623e-06
730,0.21937693556693505,0.5660146920772694,0,-1.0376565177099917e-06
731,0.2048801229523967,0.156462042158293,0,0.00016001072217387775
732,0.21045064816872192,0.16740260292917675,0,0.00012193266101920503
733,0.08672153921311154,0.07314327944145116,0,1.8635658225278333e-05
734,0.0589539528408445,0.24111677408318813,0,-5.365589907854262e-06
735,0.023866917683647283,0.3046268649530835,0,-2.0107148671625015e-06
736,0.29142457631371493,0.4010039917750957,0,-1.0674737632259748e-05
737,0.025168349097031667,0.49692685604672976,0,-2.9781803482431316e-07
738,0.08571904236979933,0.03506374209890395,0,0.00019348971169476492
739,0.2789641862477864,0.5203937403347925,0,-2.964680260264975e-06
740,0.2463831934220222,0.043222224662406855,15,0.016731270078057962
741,0.2603073900097805,0.2738434990852351,0,-1.0592502988480244e-05
742,0.07333051487605764,0.15392922701299175,0,-1.3553977462146314e-05
743,0.1435023817897802,0.17064174632661447,0,-1.4288712159894649e-05
744,0.2715314798884503,0.3228963625222061,0,-1.5738359114230622e-05
745,0.002164502664334045,0.12838227244293193,0,-9.220462069953085e-06
746,0.31259646416567977,0.5365058083268495,0,-3.5273267503682687e-06
747,0.34251851611339434,0.08034249945045276,9,0.010204711644711446
748,0.31299340713789614,0.01709979556862784,19,0.024188524305947996
749,0.32057694159426847,0.1454979518223162,5,0.006079011670760661
750,0.27184935075290195,0.41733972142317666,0,-7.644803371352625e-06
751,0.32916649679012355,0.3837396538056393,0,-1.5624194397124423e-05
752,0.297931435105727,0.3211350513250882,0,-1.3890410013864571e-05
753,0.08487594941849991,0.12846469115928047,0,-1.5741280446936128e-05
754,0.05150499130171092,0.2354948862291676,0,-5.270153781626613e-06
755,0.0204835850113238,0.2022069940456927,0,-5.39143853848011e-06
756,0.27396904672135436,0.5156838317390263,0,-2.9566141576397617e-06
757,0.011919251051354121,0.4075785205521157,0,-6.375303918824112e-07
758,0.30794448198898744,0.5774646030027789,0,-2.2382241460740927e-06
759,0.08372970864155461,0.5302981787372081,0,-3.828650112916809e-07
760,0.07895854607961135,0.1904419579236807,0,-1.0537489227019933e-05
761,0.07024925473282341,0.2406445290457785,0,-6.023857380286985e-06
762,0.16080687755141937,0.03094540483173458,4,0.004584697401816773
763,0.06389234327945131,0.05574492214709115,0,9.758429765273589e-06
764,0.31218889813251666,0.33764278461510866,0,-1.4404435438322204e-05
765,0.3087924450661185,0.52048951936748,0,-3.983524435672906e-06
766,0.12516679803082043,0.48372150748588044,0,-9.225881444946273e-07
767,0.20648847144264276,0.14640299986942037,0,0.00027452900755194445
768,0.2381860040564669,0.49139509410773496,0,-2.6383907218113704e-06
769,0.2839740949814209,0.23306188599239222,0,0.00016506058688326092
770,0.2204088736233222,0.5813496158874527,0,-8.993825900730122e-07
771,0.0104242722021535,0.3748689444579232,0,-8.710943292312196e-07
772,0.04444108341004627,0.10420833600751678,0,-1.5282403434814727e-05
773,0.3248621380842995,0.4849530296874154,0,-6.62663771864688e-06
774,0.03669438178726634,0.2142788077617262,0,-5.6150241117355155e-06
775,0.06260083901377818,0.1918773295017765,0,-8.954792735370853e-06
776,0.02701806580426758,0.14720414144164679,0,-9.746239930208293e-06
777,0.00221987904023746,0.4655561329904584,0,-3.2406498664627204e-07
778,0.26750578286021187,0.36018770072327955,0,-1.233188928551044e-05
779,0.27441118101443124,0.38172701787412366,0,-1.089453642010138e-05
780,0.2995734279775033,0.3231632437187934,0,-1.3982144089879892e-05
781,0.012887749108558782,0.28211400028635014,0,-2.2565907254951257e-06
782,0.3224592196963441,0.2986465577442791,0,3.422991056404903e-05
783,0.21916530925796215,0.11272407463169509,1,0.0017204092966525695
784,0.03205047349900858,0.2626917461154735,0,-3.316173633575738e-06
785,0.34592353658014297,0.007754850402911795,19,0.027646723843937168
786,0.3231457285488088,0.5141572208246681,0,-4.8891741457024676e-06
787,0.14821788590513543,0.5759609748732575,0,-4.6174644990309954e-07
788,0.27722287095300213,0.23850344790966868,0,9.066746890709217e-05
789,0.2539692244979708,0.05690090780899809,13,0.01423088919528514
790,0.27344422000521423,0.49030868684336115,0,-3.7873894317872517e-06
791,0.048213646559218,0.07628565018923973,0,-1.4350309405264344e-05
792,0.2571813492820811,0.2024018191450145,0,0.0002040612656349889
793,0.05421276880622035,0.23465020716375473,0,-5.458078058747133e-06
794,0.10807935219483118,0.13757977680975575,0,-1.4645630174953989e-05
795,0.165999861769957,0.47456092462738436,0,-1.5198043249810245e-06
796,0.3028144287511338,0.3594571183395537,0,-1.55022058070766e-05
797,0.06488659507470101,0.187922521415997,0,-9.48979768894261e-06
798,0.13338461906779078,0.5188352418057228,0,-7.04951746457171e-07
799,0.18498626045299116,0.0019278867268505417,18,0.01958436528677243
800,0.009617105363262126,0.34780491250183365,0,-1.1326374387434976e-06
801,0.04546919280694726,0.22255028591078452,0,-5.642332471956348e-06
802,0.31430093139756854,0.03551020832862606,16,0.018450248218831886
803,0.33732283738790314,0.16846801778977766,4,0.004966244624793749
804,0.029706813567433415,0.16387145043747095,0,-8.555538545732374e-06
805,0.032223333762898085,0.4853856283471397,0,-3.5865625605464165e-07
806,0.12017269852658378,0.11796471501133296,0,1.7987116589698523e-06
807,0.20268227127812782,0.09253526005447694,1,0.0020418788279908074
808,0.30651962308569886,0.29449183722726113,0,1.1557746617895072e-05
809,0.1041904569705567,0.42988236418488995,0,-1.2818588368130427e-06
810,0.13141382402318955,0.002501776354161489,4,0.00478462160564581
811,0.09372703151140643,0.01958349692591982,0,0.0005592020927696715
812,0.2933642550782442,0.4799590677370631,0,-5.1116875028413835e-06
813,0.07924886098816959,0.05709811210543519,0,3.849015717835791e-05
814,0.25876943438796624,0.14736390957364712,1,0.0018483356769485146
815,0.3413769439161745,0.38410445893699907,0,-1.593121000941322e-05
816,0.06419508732366609,0.0577621443846896,0,7.332838335587977e-06
817,0.00443313347542958,0.33734825850703604,0,-1.194015615472712e-06
818,0.33263892510375026,0.06983738032578302,10,0.011753197872656563
819,0.14781905764951178,0.17268891187052618,0,-1.3831288672222494e-05
820,0.22961511822603126,0.1649912239372824,0,0.0003263951068385159
821,0.2442496030192296,0.20413131914640448,0,0.0001013323060878374
822,0.2828773712837242,0.3348835082329394,0,-1.571984410439964e-05
823,0.16673453341490135,0.010145409115097592,9,0.010790228661984072
824,0.2412861922984082,0.43163847323602283,0,-4.931646036756815e-06
825,0.2594434981246693,0.15322347317737434,1,0.0015482458137869907
826,0.016666541837747902,0.2877486765503486,0,-2.2150451072083407e-06
827,0.3207838924930716,0.5772594114328231,0,-2.5487166825859566e-06
828,0.30814762666169804,0.021635288969570787,19,0.022689878020052897
829,0.23908542875551878,0.03142565501543845,17,0.019242049400542298
830,0.2036702366816896,0.04357216681966762,9,0.009815318501104139
831,0.21063106771442971,0.19730005963488154,0,1.609671339690351e-05
832,0.19527902576384573,0.11667955153478003,0,0.0006127630730780305
833,0.11380623951852697,0.4659974286944605,0,-9.833634715755815e-07
834,0.25649657839659734,0.21616712141867137,0,0.00010110984801901055
835,0.3057000203371807,0.09015731478223532,9,0.010673744090558766
836,0.06708021795547148,0.5745200349765208,0,-2.0834484234709379e-07
837,0.07775623994117367,0.002338831763895627,0,0.0005963003579021904
838,0.07744812772509402,0.10845774634873803,0,-1.4839350334002549e-05
839,0.004252835448198988,0.2390690969845722,0,-3.1819110200811467e-06
840,0.29878911952565024,0.019788233845728087,19,0.02358693844718499
841,0.1622497315121255,0.09944982938236163,0,0.0003232778014644386
842,0.3100340411059612,0.5154294845127266,0,-4.240814925913225e-06
843,0.24526752203859623,0.026329625049131195,19,0.021255094869862934
844,0.27257350112242634,0.5386028236093946,0,-2.319596456093049e-06
845,0.23872714979080867,0.2277761668302765,0,1.1572424104661185e-05
846,0.2827307442040575,0.324411683044306,0,-1.5849527576140456e-05
847,0.27201064874128944,0.36057523225182614,0,-1.274106166684973e-05
848,0.2644483369201438,0.5613954859366195,0,-1.7035489256650356e-06
849,0.008263716323417089,0.27512829613733786,0,-2.310577564147786e-06
850,0.30722252589839194,0.5624991974825493,0,-2.5802925756918065e-06
851,0.18815979413140715,0.5894564962518296,0,-6.011257858643305e-07
852,0.32211350378591264,0.36141047871760396,0,-1.5838276131643802e-05
853,0.3164109812621797,0.32759238187550305,0,-9.910593725292416e-06
854,0.27932844005852586,0.3741542592080427,0,-1.2115717365417067e-05
855,0.3231690214983363,0.3627646037093591,0,-1.5849370284048032e-05
856,0.155216209438836,0.5499029891783013,0,-6.425459226239265e-07
857,0.27507449756127167,0.14224049763593863,3,0.0033584426921131846
858,0.08403251371779089,0.41651013858726926,0,-1.198116116133277e-06
859,0.1300367756150769,0.5075952830919721,0,-7.628742908888472e-07
860,0.028040127029686394,0.21780845334238247,0,-4.978859139790817e-06
861,0.14786564624900278,0.08341022328560471,0,0.00035217178390450725
862,0.14346529444015654,0.16233413370033498,0,-1.2154153993970349e-05
863,0.011218791848065885,0.39656605755325985,0,-7.067845841341473e-07
864,0.22485230165497866,0.06415968311441872,8,0.008821066614705164
865,0.08427733053651242,0.07226268201259257,0,1.5818406104033895e-05
866,0.29590672965336645,0.1787589714051364,1,0.001979301764178823
867,0.1676831074164394,0.08083161161594359,0,0.0008882929112181765
868,0.309327460600331,0.35510616203867057,0,-1.589336031700971e-05
869,0.17161189038844224,0.4935655059619467,0,-1.3292393883517777e-06
870,0.30024119667440696,0.3993460435634946,0,-1.1686546338521091e-05
871,0.043951230436942976,0.11311766505918662,0,-1.4592266814317785e-05
872,0.05039629684120677,0.1761444938693169,0,-9.255979723763421e-06
873,0.06352602704872384,0.533874212020746,0,-3.0191487011096785e-07
874,0.01696584099125295,0.5499243067922871,0,-1.615120402592768e-07
875,0.03804299187982685,0.12993057325689383,0,-1.2450248524315217e-05
876,0.14106273423712026,0.1143887036157269,0,5.071231013351168e-05
877,0.2646102080656094,0.22858257899662565,0,7.946644266125229e-05
878,0.3104212935063857,0.3396619062296066,0,-1.5006098366339837e-05
879,0.1576224879242933,0.09470801661812409,0,0.00032622606631548494
880,0.13146593716040306,0.11952952767909802,0,1.5115831834913884e-05
881,0.05582275549222174,0.23190825049108554,0,-5.697177163752664e-06
882,0.040760495050498474,0.05228504200117882,0,-8.72654150481293e-06
883,0.16917569276579286,0.06447308571813896,1,0.0017863285609935357
884,0.03887563542248719,0.24651170760534194,0,-4.169505089249346e-06
885,0.035612283844460746,0.04922214224648486,0,-9.783962205190014e-06
886,0.2701772104694691,0.14395577135698584,2,0.0028368986293488166
887,0.21770714343251943,0.04495538394206336,11,0.012217336189042766
888,0.09812797489110775,0.04537172415864738,0,0.00021274835870203893
889,0.07750741457625954,0.009808515883413426,0,0.00042563442096797016
890,0.06612088398770452,0.44170093689502266,0,-7.788056369353242e-07
891,0.3228966501060526,0.3995026596994359,0,-1.3901435408524686e-05
892,0.2232332219571117,0.4378837826675777,0,-3.876299539136337e-06
893,0.18985017138169424,0.05572616177448178,4,0.00483713189331639
894,0.28929895485224383,0.48211188814628353,0,-4.807182364606427e-06
895,0.1841930309874968,0.17223605244986276,0,1.428678018884707e-05
896,0.3400504648952939,0.04071965109299389,14,0.016079544830214763
897,0.2694500587052618,0.12819674515040566,3,0.0043042130013129405
898,0.19397669853805646,0.527893970494332,0,-1.1789302386096643e-06
899,0.21728096051809453,0.16768705567945041,0,0.00016732366811119097
900,0.0873031537111916,0.12028050930090578,0,-1.5095252494647696e-05
901,0.07489711640013863,0.43753059400195127,0,-8.863443895418052e-07
902,0.13160784036197803,0.5561102676173927,0,-4.770731578905321e-07
903,0.27126589987607624,0.38303914251202725,0,-1.04732975828354e-05
904,0.02683554557746787,0.12506685392210165,0,-1.1823354599012593e-05
905,0.24638299669684433,0.16953173739002153,0,0.0005310515122719364
906,0.048255690135231705,0.1725772338908268,0,-9.379575029386628e-06
907,0.2686713821455086,0.06438623926507822,12,0.013685067844056533
908,0.018569331762542385,0.5615566027962913,0,-1.4609780599821787e-07
909,0.005635021669937201,0.29515168395969554,0,-1.8425845513600484e-06
910,0.19351810844842887,0.5764474651189575,0,-7.222394460881483e-07
911,0.2532250995168816,0.04755810359632889,14,0.01622325945690235
912,0.2223860976357609,0.09994181170420917,2,0.002964267946097016
913,0.2656536361953612,0.19966880774501072,0,0.0003299460661867848
914,0.34086615759294175,0.27737997110233936,0,0.0002643194487633231
915,0.3469663070157942,0.024340792238667808,18,0.02040046341818894
916,0.03889484838916155,0.16634544081607408,0,-9.111634910286846e-06
917,0.33320282986346805,0.1835061667510396,3,0.003743750917067396
918,0.08358552272744305,0.0360296001594108,0,0.00016647592046409955
919,0.3404666376243898,0.2085998259032029,2,0.002475093477139008
920,0.22392936322105528,0.5077721648087494,0,-1.9435534828215656e-06
921,0.32706474751543685,0.5696590811283023,0,-2.9268461742734532e-06
922,0.29314127312091,0.23580498703432715,0,0.00021844540983233072
923,0.13559677991192842,0.5567854994541712,0,-4.931164344087904e-07
924,0.3024107457331215,0.4540878837418512,0,-7.1958222393625365e-06
925,0.2600356050493386,0.4316436321849424,0,-5.930511227316844e-06
926,0.0032023817115908876,0.0016087466957317887,0,1.6548205596489974e-06
927,0.3334163930935423,0.4605299396072675,0,-9.086076599632876e-06
928,0.005974485371358855,0.2627485454588975,0,-2.5556538374177246e-06
929,0.2586062369993508,0.21520112048048748,0,0.00011816035599441305
930,0.10663322237870453,0.5430313781283166,0,-4.237212430625782e-07
931,0.27399441012453785,0.5012786577594788,0,-3.4140800232246222e-06
932,0.06472235303367724,0.2210501279310601,0,-6.912253181979216e-06
933,0.09954734890047437,0.08341405331504506,0,2.3568772953214735e-05
934,0.046082638711933424,0.0018585942489778072,0,0.00014263707609576815
935,0.059526756205136755,0.16578459236188328,0,-1.1036753499852742e-05
936,0.024394189158896795,0.5387788916855635,0,-1.9446174548159603e-07
937,0.34565228602691167,0.40874160682905947,0,-1.5076814686608752e-05
938,0.3312131292302869,0.33564789288539026,0,-6.205921013357075e-06
939,0.06025605719229189,0.13480188992281866,0,-1.4121737576662433e-05
940,0.08546992249017003,0.04101799104602243,0,0.00014243167081631444
941,0.3494746315904605,0.02429321565924092,18,0.020323469710695857
942,0.09718148465845704,0.5637973534452868,0,-3.1326191126495745e-07
943,0.08908704491892332,0.15983448304353562,0,-1.4455295502665689e-05
944,0.34882495397183333,0.24008315837382513,1,0.0012955905233437619
945,0.31474159615385877,0.4052896648979936,0,-1.2533458795386782e-05
946,0.005453781797847979,0.3544232191888653,0,-1.016928769812775e-06
947,0.27471632367664894,0.29241380830086616,0,-1.226414890753882e-05
948,0.296777822004817,0.34409562778171937,0,-1.5862418539528964e-05
949,0.26420234292993006,0.5148170927528207,0,-2.706011731665237e-06
950,0.16566057905318377,0.0796043618636198,0,0.0008623719253489002
951,0.3185285511706734,0.3974806392317248,0,-1.3677606377331454e-05
952,0.22883543007378837,0.20033951102720998,0,5.293198332708336e-05
953,0.16794482466235117,0.4722281871066021,0,-1.5861441953440704e-06
954,0.1631428414364911,0.1645530596426888,0,-2.1112549586834085e-06
955,0.250386187893568,0.15230698397444917,1,0.0011867518580922511
956,0.14241638145219043,0.59095456835829,0,-3.750910545933953e-07
957,0.32111112001510433,0.45838623944115825,0,-8.25874605723069e-06
958,0.3403893430717015,0.3650780924250477,0,-1.4362842642163915e-05
959,0.29108617241571166,0.2694462602521082,0,3.0486023252446747e-05
960,0.34933628253177085,0.24912633124413996,0,0.0009952637977647019
961,0.2642759891765637,0.013966081145568632,19,0.025989679848048806
962,0.03427574243312738,0.037391585164018415,0,-2.937204101021532e-06
963,0.17151311276987893,0.4618780094406587,0,-1.8227607754628468e-06
964,0.2800367198311356,0.5991957988470833,0,-1.3639549152776729e-06
965,0.32492502529859946,0.28357528112400104,0,9.786210379014113e-05
966,0.20039765077274266,0.5470226520585939,0,-1.0381573290904622e-06
967,0.11817309677535469,0.5509505471021501,0,-4.3927228040725275e-07
968,0.26324384509946036,0.5441955493409522,0,-1.9988236171123655e-06
969,0.17247712435969678,0.44655465064288696,0,-2.1448748372827617e-06
970,0.33920486961893404,0.46853977444091877,0,-8.897588558243276e-06
971,0.07838517473245152,0.5767591750645877,0,-2.2808334730665614e-07
972,0.2616847754463685,0.1605775578088386,1,0.0012889075897607857
973,0.2674804720328924,0.270626740862481,0,-4.55107239343111e-06
974,0.14142399130719843,0.5952728762223048,0,-3.556974021524393e-07
975,0.14555426202707858,0.10797609952356381,0,9.624770149720772e-05
976,0.07137703765624287,0.25360417423757714,0,-5.361275409137563e-06
977,0.07894260602421403,0.5296216240854978,0,-3.674692872464491e-07
978,0.03448125811703148,0.40813186316971456,0,-7.942783954397829e-07
979,0.1700124648214581,0.04054002490295511,4,0.00440412907007774
980,0.259532784691909,0.17213907137184054,0,0.0007840943733923939
981,0.18727634919806913,0.01875681007277716,12,0.01347430363671074
982,0.13788335572947527,0.12005225294541579,0,2.6601481915977086e-05
983,0.29963316069807683,0.33978899719283634,0,-1.5833715018352986e-05
984,0.21191299412146433,0.4582488111875298,0,-2.8273192348904215e-06
985,0.24709911190801778,0.5159873626979269,0,-2.255603485918151e-06
986,0.002356907436004297,0.38337621426585283,0,-7.381114418663606e-07
987,0.2769181517040423,0.37964286879669706,0,-1.133750210850706e-05
988,0.0049163993933385285,0.3444198423834197,0,-1.1178895860335766e-06
989,0.2834137114274974,0.02288305930242853,19,0.022904326214349256
990,0.3111224061900017,0.4360829347913771,0,-9.275986989712526e-06
991,0.2947355047045989,0.5114221434989967,0,-3.7920543630314125e-06
992,0.07114454132038617,0.5660993429465689,0,-2.3603780944108379e-07
993,0.17089385441287838,0.4512511108476884,0,-2.014493729541011e-06
994,0.2810732362818736,0.007704674094210384,19,0.028592054438155587
995,0.24190006334700603,0.21066031080040898,0,6.182315463780322e-05
996,0.30191478352850554,0.22469441330823217,0,0.0004909809271218421
997,0.1488917173355594,0.05303209244866086,1,0.0013065752207580895
998,0.24751522728586545,0.16866630208121502,0,0.000574264527877868
999,0.29580736834645055,0.2512303378556755,0,0.00011980358158653459
1000,0.23441181079176532,0.5949314187904202,0,-9.029345836219194e-07
1001,0.17863862533636674,0.5212142786484516,0,-1.0814689024169782e-06
1002,0.2832548367593214,0.4188033581916493,0,-8.404055479518347e-06
1003,0.270672537008446,0.568751547221842,0,-1.6841569634030754e-06
1004,0.32399309950793875,0.3200777412377527,0,9.282774439550174e-07
1005,0.20587042040320047,0.43012978996505097,0,-3.5239728793030854e-06
1006,0.1525111017065507,0.17089714110872745,0,-1.201465745334832e-05
1007,0.04312416082062703,0.5723493172857029,0,-1.6760777040892634e-07
1008,0.0911997209068806,0.19026509214327647,0,-1.1732846338627418e-05
1009,0.29709849069776145,0.5490287516024268,0,-2.6686031008034823e-06
1010,0.30712403994923976,0.08572489476310288,10,0.011096551153474679
1011,0.14081689039860906,0.11113180915146804,0,6.132285420693921e-05
1012,0.2896041720150618,0.12152717224094906,6,0.006804081442385758
1013,0.2510882517001093,0.5606281125131701,0,-1.5025387426418673e-06
1014,0.09278401561951254,0.5302058098721547,0,-4.1948476772981405e-07
1015,0.003362723388606059,0.009733965657688415,0,-5.444013969926854e-06
1016,0.1897051929440224,0.4889750112352349,0,-1.6669951839922395e-06
1017,0.19010489966912236,0.5512980317900673,0,-8.976133002183392e-07
1018,0.09902857607855207,0.17857667098055335,0,-1.3651512159602265e-05
1019,0.2169208969056138,0.5130421706984285,0,-1.7193821303822795e-06
1020,0.04120006499893439,0.2006634199676912,0,-6.706480754365935e-06
1021,0.30139472666566824,0.2515242559177517,0,0.00015361734781601562
1022,0.15818201963122658,0.489494769086161,0,-1.2107887727589246e-06
1023,0.14937664514817328,0.48617449013358255,0,-1.1463460660517473e-06
1024,0.06523632255859059,0.4706202470956754,0,-5.781006884784026e-07
1025,0.12157138178224763,0.5842913006306814,0,-3.255979073351041e-07
1026,0.04906421458319318,0.18087200238931248,0,-8.745924733366834e-06
1027,0.2813211108933331,0.13776494687841212,3,0.004306592575317273
1028,0.16870243042152547,0.04210339595904827,3,0.0039976047820425185
1029,0.3243100869006928,0.07172204032115842,10,0.011941455997449961
1030,0.056699069810331314,0.07304476797890111,0,-1.102670299882672e-05
1031,0.11046961689314397,0.09058605079401892,0,3.197984525226144e-05
1032,0.33503788593445066,0.052119071357904445,12,0.014089654155285423
1033,0.3035463350551716,0.5309517110892525,0,-3.4074220821977407e-06
1034,0.3218840204930078,0.32321451914920696,0,-3.80573513631243e-06
1035,0.20322284643456268,0.11781927915908386,0,0.0007978178462680441
1036,0.275426173945914,0.35726311382171094,0,-1.3405038304352279e-05
1037,0.29260939087199406,0.419699675189093,0,-9.09831356832266e-06
1038,0.3397637310308581,0.272396800480956,0,0.000310560094294706
1039,0.1272927521253708,0.16867918720470118,0,-1.5708570159742742e-05
1040,0.00596867924623562,0.27153835530481873,0,-2.3407163638891373e-06
1041,0.2942614052759661,0.04208825013222367,16,0.01771816015463246
1042,0.25587540723888613,0.545751193291104,0,-1.8286193753984443e-06
1043,0.13526601728314258,0.03959783453040072,1,0.001319958734325301
1044,0.27473067519284744,0.28716693086751893,0,-1.0192523223967728e-05
1045,0.08116104666863005,0.05082480841099177,0,6.579923070071123e-05
1046,0.21078447922313967,0.0350771169973024,12,0.013695531796240046
1047,0.0070975132103434195,0.21003679771519904,0,-4.370259663876567e-06
1048,0.2398534103875,0.17511222131374862,0,0.0003239000836591736
1049,0.30867127189458343,0.4433491194249252,0,-8.46786568704439e-06
1050,0.26375612645235813,0.06138924399743653,12,0.013992237322430066
1051,0.11341600085781811,0.07605755346525905,0,9.690782370121737e-05
1052,0.2018374239016435,0.5006941972972977,0,-1.6735070878432456e-06
1053,0.30071990696017176,0.39832900556718803,0,-1.1834202730586774e-05
1054,0.30004163155414704,0.417939473236109,0,-9.902464686589481e-06
1055,0.022449875280050456,0.12117041529350092,0,-1.1775629426929241e-05
1056,0.29208721338133126,0.17519079858873682,1,0.001989349501554845
1057,0.0702349675956749,0.2576290149813594,0,-5.094481194390104e-06
1058,0.2980020705740215,0.5044464666959431,0,-4.198207823524387e-06
1059,0.23987524496852802,0.11179020519467846,3,0.0033488254605656296
1060,0.1283928229408107,0.5015726150390902,0,-7.970366124640943e-07
1061,0.30048577998198417,0.43822845524238113,0,-8.22684693533627e-06
1062,0.22617636869960706,0.14672694735028036,0,0.0006077654258942878
1063,0.12508797405398278,0.5204524937698485,0,-6.385010021716897e-07
1064,0.013006794031330204,0.40636729767731955,0,-6.523475851933133e-07
1065,0.0379525944495224,0.5745779330909877,0,-1.5566156374991057e-07
1066,0.2969827617348038,0.251418209748613,0,0.00012560757492251527
1067,0.2011864845205843,0.5099544241106915,0,-1.515694160786112e-06
1068,0.12122926006761967,0.4889625202817906,0,-8.417366437310027e-07
1069,0.3237767728928762,0.42381987501727036,0,-1.1587839320501461e-05
1070,0.27148899783130664,0.08261285535331901,9,0.010820865299327898
1071,0.1113362359835908,0.5795115776372423,0,-3.0835580159628367e-07
1072,0.08295843367191404,0.5579082011984364,0,-2.882674465826951e-07
1073,0.05394310858929505,0.5241723043428244,0,-3.0230899394824466e-07
1074,0.26603717724161835,0.41075096706978836,0,-7.703236827567086e-06
1075,0.04748246025545522,0.1800170630048752,0,-8.686411676383985e-06
1076,0.263062709229976,0.3755623273760166,0,-1.040742907120202e-05
1077,0.2516443017694919,0.5363228529820916,0,-1.9262627674697994e-06
1078,0.1624375012108891,0.4922042209974624,0,-1.2295602456814396e-06
1079,0.24779307250393942,0.39829699757405784,0,-7.28837803008287e-06
1080,0.09758802128515401,0.5872588147757052,0,-2.4876128168245127e-07
1081,0.2589180946486397,0.17870913518265422,0,0.0005948657743666672
1082,0.017284453615792127,0.4203815185573072,0,-5.918004127475373e-07
1083,0.33957388489677187,0.3430452932148437,0,-5.6451089708042075e-06
1084,0.053897474681571224,0.19914114825351611,0,-7.695386511495276e-06
1085,0.031869424920250106,0.5802340190898159,0,-1.384294663696924e-07
1086,0.34539598135390176,0.053975815838599096,12,0.013263126824637535
1087,0.16067943684605654,0.06767623000911273,1,0.0011474634897111291
1088,0.33374504305668745,0.5534335155896464,0,-3.676592852035592e-06
1089,0.19620615643122324,0.1723554995992537,0,4.012629280993603e-05
1090,0.2976730733516353,0.3713204109164135,0,-1.418089904255978e-05
1091,0.3432289577669165,0.46938963020460883,0,-9.164597966224605e-06
1092,0.29881336297859507,0.3088616551978944,0,-9.209170295365855e-06
1093,0.285518862760604,0.2874091485473047,0,-3.778761385766908e-06
1094,0.014912740460273799,0.010818115599067379,0,4.513617014834617e-06
1095,0.043210075007985606,0.07571920690249971,0,-1.5013380539945548e-05
1096,0.04236993698633005,0.5883657346592256,0,-1.4173113050095681e-07
1097,0.1274364805967017,0.5939568238242585,0,-3.134305236850361e-07
1098,0.02358977640913936,0.5919812700690782,0,-1.1331652136389393e-07
1099,0.17098203624717095,0.1533258413192027,0,2.5483839068026014e-05
1100,0.04598729555931927,0.17285346268941595,0,-9.160659039205884e-06
1101,0.07019284639950021,0.5612676570784251,0,-2.453786689756839e-07
1102,0.1820645962615004,0.03101332552519462,7,0.008493429378479793
1103,0.3452273768823742,0.19879419766577733,3,0.003296035530973135
1104,0.07542845908513357,0.5445703809083151,0,-3.055338689955221e-07
1105,0.26406267068398154,0.16441969849891996,1,0.001217132769576371
1106,0.04642171937921952,0.10139944388963586,0,-1.5538846011725213e-05
1107,0.17975047284057805,0.4983800755966946,0,-1.3739530596667002e-06
1108,0.1051307239346464,0.48080965557644906,0,-7.776303638303002e-07
1109,0.3493955500140504,0.49154458589917616,0,-7.876695748085304e-06
1110,0.27198807922690105,0.02461097253298178,19,0.022494983951691232
1111,0.08183752077912279,0.13910334477002423,0,-1.5427320993882275e-05
1112,0.3483599065410483,0.014681242328358567,19,0.024180547991497874
1113,0.29541030308917937,0.3907556014789923,0,-1.2060123625703971e-05
1114,0.15007833975105303,0.5401593223609119,0,-6.728837206138996e-07
1115,0.07529602646731812,0.4527325077767524,0,-7.643923070941267e-07
1116,0.04303668616627229,0.03758831485781442,0,6.131722072855678e-06
1117,0.11589224022127952,0.4668227085478227,0,-9.958071348982152e-07
1118,0.04692492341114844,0.21981581617694282,0,-5.8797714876327264e-06
1119,0.21966627510306438,0.06359191862490739,7,0.008090768141290488
1120,0.03875006636142031,0.4881031438075986,0,-3.7255424384553695e-07
1121,0.24456067589560265,0.1668033258719567,0,0.000552285271217508
1122,0.03879683820702235,0.16511434545573112,0,-9.208366810833839e-06
1123,0.21711714219450892,0.5694565738408459,0,-9.80205186822681e-07
1124,0.06407037500101884,0.5161220064319968,0,-3.62527187570726e-07
1125,0.309002929813496,0.47764209249640815,0,-6.097927379412281e-06
1126,0.2833387879241049,0.025631614570078898,19,0.022073533480687337
1127,0.344357345966683,0.37351079028993567,0,-1.5091542449697516e-05
1128,0.1918378425843448,0.09304561607709667,1,0.0013689932462097913
1129,0.28760835713812843,0.49480881237229335,0,-4.167920845020173e-06
1130,0.07499120535315086,0.47086485159814606,0,-6.356979418229418e-07
1131,0.10934171183762514,0.5465992593721558,0,-4.200798745068056e-07
1132,0.02909525129236565,0.44569899715326533,0,-5.169662670070192e-07
1133,0.02967866880860012,0.011774438031073697,0,2.8221283322357674e-05
1134,0.1383835095152881,0.035374838319337944,1,0.0017592335183105859
1135,0.13922443014790073,0.5552880814444275,0,-5.190174749488663e-07
1136,0.25545935348909055,0.4537560573229392,0,-4.55677271143415e-06
1137,0.050404645398055795,0.0462742022743991,0,4.4414414669338e-06
1138,0.3034568846634319,0.42989119382867025,0,-9.151510561541288e-06
1139,0.1672294264850987,0.5114125329260764,0,-1.0644366927868676e-06
1140,0.2806481130333157,0.0048853747322260554,19,0.029885588504792924
1141,0.1334756967133725,0.004414370047821914,4,0.00478719328296173
1142,0.037496889341110055,0.21535753218171447,0,-5.599707229706811e-06
1143,0.1512508323146624,0.14224031972963228,0,1.0165805858972246e-05
1144,0.22644996021884442,0.4167475698133258,0,-4.93601542714367e-06
1145,0.08761214617951206,0.183052914703458,0,-1.2091414606282137e-05
1146,0.1154369703713213,0.12978103168742072,0,-1.029843633890034e-05
1147,0.31880052369055717,0.39153434356763833,0,-1.426240176561192e-05
1148,0.10137984777040251,0.19144622439985157,0,-1.2622657094994267e-05
1149,0.2708843293623552,0.4234814243185447,0,-7.138028135945159e-06
1150,0.16125729592540794,0.5516204680148749,0,-6.708680718860877e-07
1151,0.22820795008326136,0.4345482993105477,0,-4.209728938961253e-06
1152,0.2222472822571535,0.1067265073262217,2,0.002349226560149035
1153,0.29516050798201104,0.07289610453971468,11,0.012747439551908879
1154,0.16285324948236649,0.08514115867874587,0,0.0006137624579298764
1155,0.1797460900218976,0.15693120690950144,0,3.7837101221707025e-05
1156,0.002167148878148156,0.1683649655600566,0,-6.282087148713366e-06
1157,0.0019537059941220456,0.34078041621654825,0,-1.1255132750501844e-06
1158,0.28380798034123744,0.16605416764549888,1,0.002098535996835141
1159,0.19046042692793946,0.036211785686733444,8,0.008962727832283277
1160,0.3489218106839744,0.32129802348133063,0,4.2778344701475374e-05
1161,0.05913227847272523,0.12217009302804979,0,-1.5065469822751088e-05
1162,0.2666226631450265,0.41594516429236666,0,-7.368590073288815e-06
1163,0.29671475062195196,0.2856857421672054,0,1.0323171343442865e-05
1164,0.20753619891785197,0.5639162076278765,0,-9.415667436751009e-07
1165,0.060650112023816774,0.25731194790593037,0,-4.648255925920672e-06
1166,0.2780703509795167,0.4017519197599633,0,-9.39489628972969e-06
1167,0.14966412087308675,0.5349713955927592,0,-7.057851354532212e-07
1168,0.037322116496999715,0.516825153910912,0,-2.755872968030662e-07
1169,0.31548099311731415,0.38177567612566626,0,-1.4821406290809135e-05
1170,0.13806792091039488,0.5243520754666131,0,-6.990508485900145e-07
1171,0.11337554643557532,0.5573635866829741,0,-3.9271621574211274e-07
1172,0.1410269836060193,0.15141418177848087,0,-8.397177326804175e-06
1173,0.3372832442863701,0.35898299353602353,0,-1.3705523986288373e-05
1174,0.15866097328020543,0.5421464969133465,0,-7.186558072635022e-07
1175,0.0034918171808830055,0.14376174367063732,0,-8.07553400990315e-06
1176,0.08332153780384306,0.5515238501477369,0,-3.083873004722672e-07
1177,0.3271090998294678,0.5289985635689229,0,-4.3889587968590725e-06
1178,0.2601169324090359,0.45736471583206817,0,-4.603898490980812e-06
1179,0.2900009368420061,0.5586539409215731,0,-2.258680167675611e-06
1180,0.13294471697568766,0.5451582794274852,0,-5.394389459346716e-07
1181,0.03031579096261598,0.5186148120411336,0,-2.5240220661319163e-07
1182,0.20147191268151177,0.5963099005127691,0,-6.410775014656521e-07
1183,0.057257153986782716,0.2693558041025163,0,-3.987594209364916e-06
1184,0.25664156019139645,0.11941456705188482,3,0.004095394547198053
1185,0.10265528274457385,0.460033430220963,0,-9.338131926157489e-07
1186,0.13957538276884346,0.4347068740764586,0,-1.7389163617227757e-06
1187,0.201367626593542,0.4634672538707921,0,-2.416142644792889e-06
1188,0.1616633173255235,0.5622498928887028,0,-6.056751416870472e-07
1189,0.2519722628907926,0.11875479102143244,3,0.003728818646526597
1190,0.2553370091566251,0.556772335663966,0,-1.6291553490376086e-06
1191,0.321313133128933,0.5713746564268559,0,-2.7171547697196258e-06
1192,0.005327851875814049,0.0646820826341733,0,-1.530887436840072e-05
1193,0.06686260901310039,0.45812071555610934,0,-6.657937876892258e-07
1194,0.16571718128499924,0.0954215844907896,0,0.00044706449189558476
1195,0.07077653408108434,0.4332238997753743,0,-8.880427103093639e-07
1196,0.32657297001774105,0.3940782703872384,0,-1.4721187403926861e-05
1197,0.3119707160949671,0.02443626955955922,19,0.0216437247220218
1198,0.347173165213603,0.34112593440438793,0,2.7449185504666236e-06
1199,0.3313079994843387,0.5807743746367451,0,-2.7326163558279514e-06
1200,0.10939356076827585,0.4852448804873595,0,-7.762440426851662e-07
1201,0.25435820182028696,0.08419699526034549,8,0.00899344116691294
1202,0.3340904639156697,0.2934603638163909,0,9.306932245101797e-05
1203,0.027321713975673356,0.3106112305898195,0,-1.96044631578219e-06
1204,0.05629210616193409,0.14098815159350406,0,-1.3158438648003647e-05
1205,0.03580601882262804,0.11568527482584362,0,-1.3626859166249026e-05
1206,0.06246992845452879,0.2365215457597378,0,-5.8118569961781815e-06
1207,0.10350455393918273,0.41908185291028754,0,-1.418275826208477e-06
1208,0.1709238597175285,0.47497673720513484,0,-1.589719052940732e-06
1209,0.008258342695088471,0.552385270947716,0,-1.444577630127091e-07
1210,0.3237073533703779,0.23885451406424366,0,0.000626979526212627
1211,0.31928649457937514,0.5561902300800071,0,-3.098376683641902e-06
1212,0.04797668383100416,0.22611186091727106,0,-5.583854312784125e-06
1213,0.3282951493063535,0.31252311622598544,0,1.70151492508771e-05
1214,0.0234801365347622,0.5268376514926985,0,-2.17134180676775e-07
1215,0.0355562104624995,0.14089110895493,0,-1.1128610208469482e-05
1216,0.03291615614973907,0.1869436534628611,0,-7.071257243169775e-06
1217,0.00013729138666924556,0.2950809831399805,0,-1.7453938923859742e-06
1218,0.05483467158981725,0.427384652213339,0,-8.028759332136157e-07
1219,0.2391912949488852,0.19107561734956732,0,0.0001523387223280372
1220,0.31590455355343877,0.10240875483774171,8,0.00943749555082122
1221,0.34974920336154364,0.06068129649277018,11,0.012028416625476792
1222,0.3345108590464423,0.29869706002097984,0,7.176176941637906e-05
1223,0.2596772034329092,0.10082361767947294,6,0.006880704573652612
1224,0.1364086153836008,0.5609235211829117,0,-4.769796521448902e-07
1225,0.2070698813257527,0.5038418922742418,0,-1.7085681589488403e-06
1226,0.2606173047629202,0.3795627273761998,0,-9.817809234213018e-06
1227,0.27460624816327345,0.34364034822553324,0,-1.4592326941108938e-05
1228,0.34893656355819086,0.21742215836324444,2,0.002364362636435254
1229,0.14451065037376282,0.008683569197421498,5,0.00593235004530254
1230,0.14296073377145252,0.5496214013470037,0,-5.70151768595592e-07
1231,0.13672967964789468,0.4663031494588158,0,-1.2324578737174067e-06
1232,0.07663782137219012,0.5452177160088665,0,-3.0725117228738294e-07
1233,0.02487981233667827,0.16243099038372233,0,-8.285617438635889e-06
1234,0.028441535105384882,0.07588666264279895,0,-1.5745243546174878e-05
1235,0.023185322192682094,0.18114548112131215,0,-6.806837285100969e-06
1236,0.023657589933643246,0.012449491269026836,0,1.4836077105263365e-05
1237,0.3247623864499146,0.44251991910207344,0,-9.908600502852663e-06
1238,0.0026197452264058118,0.5142366112974395,0,-1.9996460979896538e-07
1239,0.03596638363067641,0.4759504075506003,0,-4.091586159024837e-07
1240,0.28361941191569084,0.4019255866923067,0,-9.869769937454919e-06
1241,0.010864213244747165,0.11308847805864586,0,-1.1433265583531098e-05
1242,0.17030966623505292,0.555768293488125,0,-7.044824505059549e-07
1243,0.1394656454190575,0.5467686153724652,0,-5.665319281107824e-07
1244,0.23076373815774107,0.04456675908536095,13,0.014540218431826643
1245,0.1506935169361703,0.49509453746410026,0,-1.062412134696378e-06
1246,0.09390375974124737,0.5602283696486602,0,-3.141892256176696e-07
1247,0.17891543043144845,0.4742955779430271,0,-1.7334199544392147e-06
1248,0.28963920976690066,0.2425489655306185,0,0.0001366051853526592
1249,0.1946230502817221,0.16942155754279387,0,4.410672777185498e-05
1250,0.304812617013134,0.33181975105183276,0,-1.465383989256632e-05
1251,0.03226356518281329,0.49671686297511247,0,-3.203633503330207e-07
1252,0.1686265170795271,0.126495126061241,0,0.00012050224456387957
1253,0.08397150536358615,0.03147820735041308,0,0.00021148362594232146
1254,0.07892037072564605,0.5691026759328534,0,-2.475515916075159e-07
1255,0.3139175540821877,0.3739628249012074,0,-1.5291426076487006e-05
1256,0.20443036034392997,0.14989853631550823,0,0.00021377445028013576
1257,0.27336835392239245,0.3728343395252591,0,-1.1657750134307687e-05
1258,0.04229558146679065,0.42216136295814416,0,-7.463505612401942e-07
1259,0.28401533485246633,0.055800700956544456,14,0.015387813214250411
1260,0.2696150118612164,0.21540675385086835,0,0.0001957752974257043
1261,0.30136709930678907,0.07362376596173607,11,0.012550394113672175
1262,0.06277667338776245,0.14930093658110327,0,-1.297808117666563e-05
1263,0.28827744664215393,0.09882256703000064,8,0.009463491595750762
1264,0.06275049283094392,0.5050785525610066,0,-3.995539400811714e-07
1265,0.03343919977764081,0.2191977685236763,0,-5.179991067734068e-06
1266,0.1331812006841499,0.1775440872906042,0,-1.5770529645032015e-05
1267,0.1354775431828058,0.5364208667963586,0,-6.037648663953466e-07
1268,0.3205358323794166,0.3719360901996905,0,-1.576284722141277e-05
1269,0.16194855841511385,0.5835132473203678,0,-4.91066773727927e-07
1270,0.004475196625446778,0.49633435378931934,0,-2.4364105194754027e-07
1271,0.2036645039396022,0.08387528140785247,2,0.0028626203377085982
1272,0.24476882546539877,0.027842908996871085,19,0.02076803742426874
1273,0.2825686310071221,0.35300185414624247,0,-1.4470809771575032e-05
1274,0.3416134427970999,0.34839157899798695,0,-7.803868854244026e-06
1275,0.12219489556657011,0.49877031188028326,0,-7.705005783917333e-07
1276,0.32982163847394735,0.013987735188785266,19,0.02500487128514293
1277,0.34991011000785976,0.45179572017557157,0,-1.13996726005262e-05
1278,0.30813512453384306,0.3371841755502314,0,-1.4973596786167158e-05
1279,0.32079688978045845,0.5380037388086846,0,-3.7698656132892573e-06
1280,0.008003881220955427,0.30382919177403406,0,-1.7299417808700726e-06
1281,0.32018078599388355,0.29804634137916636,0,3.0292942473833027e-05
1282,0.14332162223829278,0.5392421730838783,0,-6.347861819290502e-07
1283,0.23674699249002004,0.5435328034615613,0,-1.544933661784777e-06
1284,0.003086766811443528,0.32122806099187057,0,-1.3840965949776998e-06
1285,0.012334986431729478,0.5790796010304116,0,-1.1521176845701733e-07
1286,0.07220231470958825,0.49812904937245395,0,-4.7070895115069787e-07
1287,0.07900801396314881,0.19588935174586283,0,-1.0038134698862107e-05
1288,0.3378961544146494,0.4079527180098612,0,-1.4501105490818733e-05
1289,0.1677323420661766,0.5930231922908861,0,-4.730636482208254e-07
1290,0.18601191247475743,0.5875490992871318,0,-5.997040417321621e-07
1291,0.19783874800209247,0.5213835033146532,0,-1.3076455490592139e-06
1292,0.021905865757894587,0.5100097281645442,0,-2.529183445635282e-07
1293,0.06536686230132903,0.4468453039426842,0,-7.34206626718453e-07
1294,0.28063295448681647,0.3625227835179634,0,-1.3398929050152096e-05
1295,0.07495020037749747,0.2510476313827121,0,-5.6950187508496445e-06
1296,0.0039027825971824567,0.5720272765650949,0,-1.136427369742546e-07
1297,0.13523442020360096,0.5233879571651633,0,-6.86135240233867e-07
1298,0.28499377922956853,0.37811199225038833,0,-1.228433235045037e-05
1299,0.03219978106168324,0.4213660153134607,0,-6.801479044295097e-07
1300,0.3110347780106,0.22429867437508136,0,0.0006899818830851368
1301,0.29589176022581754,0.1615141595016463,2,0.0032028325909521024
1302,0.28818478150057414,0.35596646813130584,0,-1.4698076005519084e-05
1303,0.08854450885888711,0.2569602281844624,0,-6.140386057829698e-06
1304,0.28053691721542795,0.3484221122989843,0,-1.4689467964135307e-05
1305,0.30997392649426614,0.30565205809502377,0,1.6103568515414094e-06
1306,0.01303616065390643,0.4718092047555121,0,-3.391574888487733e-07
1307,0.10142683014010531,0.20288566638633945,0,-1.1496435885433797e-05
1308,0.039434667938750737,0.16896462224051642,0,-8.936110451851082e-06
1309,0.28786857657824266,0.43045141553048955,0,-7.857875299133458e-06
1310,0.042876802095626915,0.5812737560563694,0,-1.529197222483005e-07
1311,0.3366796616774573,0.28825527612758506,0,0.0001364821596199655
1312,0.29847533147085153,0.08582693603595556,10,0.011181086075818004
1313,0.31679900906624503,0.2019978202561142,1,0.0017211283954312506
1314,0.3245658065010009,0.5165938778575009,0,-4.840025416820576e-06
1315,0.31043924531079536,0.32213879959928066,0,-1.010738928394006e-05
1316,0.0231539480835916,0.4382691466877239,0,-5.247531012702247e-07
1317,0.03523767427700262,0.541985124207548,0,-2.0986997019062536e-07
1318,0.12253976662755826,0.07161374622874157,0,0.00019235387583946539
1319,0.22389134503813526,0.05260729332185102,10,0.011337099882502632
1320,0.18008250058883893,0.46501176781883347,0,-1.9242099243182677e-06
1321,0.003895746744518272,0.11282013063419483,0,-1.0788085013821375e-05
1322,0.31858517793434066,0.24756842805075527,0,0.0003733009172216441
1323,0.2780686421115112,0.031983748408250336,18,0.02041175800921795
1324,0.21334074993674543,0.15451405866014525,0,0.0002576165833125816
1325,0.24045989137895302,0.10524371352204466,3,0.00413790785404939
1326,0.2765982005887241,0.3138101192545713,0,-1.5678593515032742e-05
1327,0.3490376277328918,0.14784674189652808,5,0.0062384171903140636
1328,0.21776257022343234,0.5531971359583051,0,-1.1606655458745274e-06
1329,0.26578799967247746,0.2192919545790084,0,0.00013664913207899715
1330,0.08379613637075897,0.1742984956979835,0,-1.2581875683994747e-05
1331,0.13196173881871695,0.5029829085807835,0,-8.143826793264812e-07
1332,0.32403371005824255,0.17639954293054255,3,0.003781618548318692
1333,0.2799476419686385,0.20329880454677096,0,0.0004990090194723385
1334,0.037235916029679815,0.16816232385813407,0,-8.819982675071265e-06
1335,0.3183499285924773,0.06220581203150055,12,0.013376684844297755
1336,0.0597692929875818,0.07662862377381102,0,-1.1237200502353021e-05
1337,0.2280846581363553,0.5029283644274707,0,-2.1262043454657123e-06
1338,0.2952316654019092,0.23538723171195952,0,0.00024315731417796238
1339,0.321383952350513,0.1528792533689113,5,0.005513975807662122
1340,0.1797156497312966,0.16886184881038271,0,1.2566645076157323e-05
1341,0.06053815631044984,0.4626581288014064,0,-5.97314868216593e-07
1342,0.12941408141855906,0.06992750388017653,0,0.00028567015529305133
1343,0.21808610961171487,0.5292835936713056,0,-1.4788471916512655e-06
1344,0.17208857738799768,0.043800627431395095,3,0.0042009245103555954
1345,0.0850023910742076,0.22703820732837646,0,-7.932456640352633e-06
1346,0.3306079505790283,0.23176512169907174,0,0.0010024781308935072
1347,0.2951019766843537,0.3084827541093556,0,-1.0746185476476417e-05
1348,0.3373775582364191,0.29713400084897273,0,9.07817400875874e-05
1349,0.2193051893498563,0.5778827376048654,0,-9.209036664282037e-07
1350,0.1678321056319527,0.11845013957394815,0,0.00017307270731143446
1351,0.13906795628568944,0.1443701398467044,0,-5.106219451462545e-06
1352,0.22755667077072927,0.2429581545013034,0,-1.1192503508347272e-05
1353,0.28195551514104134,0.21369620892606453,0,0.0003543100615001547
1354,0.3088151517576798,0.4037024029193895,0,-1.2102277330442255e-05
1355,0.07260549207923431,0.01739948829931287,0,0.0002415659324055127
1356,0.29696097442732045,0.3504148140714286,0,-1.5664833143920903e-05
1357,0.03302976106176769,0.07754281543805575,0,-1.5741966692611837e-05
1358,0.03047933117680093,0.013796172383075789,0,2.545606481866951e-05
1359,0.30324057023900014,0.5017182841490583,0,-4.54304320433075e-06
1360,0.12121972132556039,0.06887559200256022,0,0.000206002962908975
1361,0.09028444363418137,0.12437177190209374,0,-1.5216856980149326e-05
1362,0.12744021559291482,0.52847626560523,0,-6.032777723501978e-07
1363,0.09586176676265384,0.12359144286716772,0,-1.4331153797327959e-05
1364,0.03854399449123552,0.19950452383165512,0,-6.609478809056231e-06
1365,0.1453084802400199,0.035155107382152134,2,0.0022959572460967497
1366,0.19648084097280222,0.47627882795897025,0,-2.0248139979928818e-06
1367,0.30421888711800454,0.3854670300208409,0,-1.3457271428333916e-05
1368,0.03594477902501013,0.028670993249918196,0,8.642200241591786e-06
1369,0.023256420986060584,0.02309324444026337,0,1.26804876454667e-07
1370,0.09759221834135315,0.1403838921845511,0,-1.5730968689713218e-05
1371,0.022046044107501328,0.010038640076349003,0,1.6236149873377162e-05
1372,0.026718035587750835,0.15076790919039212,0,-9.40551513956139e-06
1373,0.05902029866486947,0.41889736860865884,0,-9.11297204514051e-07
1374,0.02483717014646328,0.5217744100854129,0,-2.3152843144748495e-07
1375,0.12235359188041545,0.03927492739054093,0,0.0007995821231581241
1376,0.1206486681993107,0.43338467513236545,0,-1.4587646938315698e-06
1377,0.2438508445530461,0.46057852691597095,0,-3.7952345276193887e-06
1378,0.12169154106200902,0.426988341547142,0,-1.5713573246003654e-06
1379,0.30182418502234665,0.052487950822715755,14,0.015518843950230846
1380,0.29581971895444165,0.5182438383792115,0,-3.581455028613068e-06
1381,0.311130353572006,0.18235180826414965,2,0.0025971691414703913
1382,0.2629653560246165,0.5214060861396345,0,-2.502740495024276e-06
1383,0.21335955529110134,0.05467735661620102,8,0.008959757717540102
1384,0.18800142065544295,0.4383608376734013,0,-2.717336037040797e-06
1385,0.33390241879111815,0.3485947239414247,0,-1.1536149839033485e-05
1386,0.049043681284898576,0.4191596969747391,0,-8.227136595596367e-07
1387,0.15247272079860832,0.5169345862433892,0,-8.693044794476016e-07
1388,0.1119608009012224,0.01708752611317239,1,0.0013128512284342928
1389,0.08572089860467066,0.21986444629434246,0,-8.551073459443474e-06
1390,0.074200828580476,0.21604966439332526,0,-7.947895230699588e-06
1391,0.14266701471599696,0.5837769354917873,0,-4.040110795517695e-07
1392,0.07869862250164288,0.014710817677650971,0,0.00036050594072037346
1393,0.2534961915437913,0.22082739632230214,0,6.644740502303378e-05
1394,0.08838921286281592,0.4628234491713394,0,-7.875512642026262e-07
1395,0.32846074824450283,0.017292149785563593,19,0.023662764778935853
1396,0.3231904010932189,0.5896728734644796,0,-2.3062647452661193e-06
1397,0.10390644372337447,0.4843122531428767,0,-7.417435914258056e-07
1398,0.11516140777612666,0.16372269972705247,0,-1.574786209497188e-05
1399,0.02140564198315175,0.008798984177620976,0,1.7318137543921652e-05
1400,0.2733649567911693,0.31605093367802806,0,-1.585537503328296e-05
1401,0.004483331159008463,0.32403642676113886,0,-1.3646779721342617e-06
1402,0.28112634499089356,0.451213999243681,0,-6.016444183177106e-06
1403,0.0099953570675295,0.39875589024945157,0,-6.83076723766075e-07
1404,0.00682884307427159,0.3297164452180291,0,-1.3199001632491883e-06
1405,0.01216981876264725,0.48852283281089287,0,-2.844838078325353e-07
1406,0.274312922909883,0.3155918726218148,0,-1.5831740432900042e-05
1407,0.28009387476198777,0.23919348513071625,0,0.00010135688144216849
1408,0.040269443038476654,0.10583235329915275,0,-1.488051632745781e-05
1409,0.06449111935463306,0.549916834030243,0,-2.596570444273868e-07
1410,0.06994378980539656,0.5235654457996135,0,-3.5685421732145246e-07
1411,0.22363000470106723,0.15458476587654543,0,0.00039718033612930745
1412,0.2416355456817862,0.5775116105744935,0,-1.1550102467822684e-06
1413,0.0723769232499645,0.2404926695865831,0,-6.1599250010571e-06
1414,0.02569721602819897,0.049986450174294525,0,-1.3539289098978484e-05
1415,0.0091136174987544,0.3909147682265607,0,-7.323127052026813e-07
1416,0.24725307491313064,0.23178979075765066,0,1.9033526195758138e-05
1417,0.32726069718501694,0.33936252589310206,0,-1.0419260824081508e-05
1418,0.026089499185143753,0.5557826908120613,0,-1.6685658759865187e-07
1419,0.2687328188122979,0.012245446194002696,19,0.026684289755079405
1420,0.010586421559199768,0.13069643303987719,0,-9.754673395349109e-06
1421,0.26205804049063247,0.07682456207644188,10,0.011073247355335844
1422,0.04072146662003448,0.4174824259385156,0,-7.698998366718636e-07
1423,0.1949765667026051,0.03007157847091438,10,0.011704358127505058
1424,0.08310873272478816,0.08597434864808062,0,-2.8855810704997864e-06
1425,0.10031344947707421,0.17357449840355432,0,-1.4233872340942104e-05
1426,0.20042528804430818,0.16826278012334853,0,6.799111770649756e-05
1427,0.29660363385427335,0.5695017765213168,0,-2.1645790857519817e-06
1428,0.23178504113261267,0.42777752957282805,0,-4.664694866085292e-06
1429,0.13545571197470999,0.1227250357952338,0,1.6445206926426422e-05
1430,0.2630788285748169,0.1931849116538771,0,0.0003899726525426386
1431,0.09263990860379731,0.2047033327299622,0,-1.0481189496906265e-05
1432,0.05013334197806885,0.44406285578370613,0,-6.483766012216892e-07
1433,0.030522875121624937,0.3107709405558211,0,-2.020875056891622e-06
1434,0.3104683873998057,0.5846779194939158,0,-2.1356874064331633e-06
1435,0.08270189413907686,0.5734725895183187,0,-2.460875933954342e-07
1436,0.11882164123098418,0.5985286461975121,0,-2.747439761106191e-07
1437,0.18743553769582744,0.11654655435168827,0,0.0004482681279635531
1438,0.3479870482174883,0.39477670765693923,0,-1.5913821371327136e-05
1439,0.3271545711003734,0.10270683738545255,8,0.009161538150393353
1440,0.15078927710236345,0.11286985638180788,0,9.770670479800045e-05
1441,0.10994408542959799,0.4898934342456873,0,-7.45073070101034e-07
1442,0.07063095908287685,0.4999482243459744,0,-4.550264326102799e-07
1443,0.20852599364873453,0.01486993967486458,18,0.02022412324978367
1444,0.30180005325206083,0.2831955300632871,0,2.337074544943054e-05
1445,0.30320875506005185,0.10054405975185693,8,0.009649773478587375
1446,0.17972589651764004,0.5617313493391921,0,-7.291155184116508e-07
1447,0.23817804758112404,0.09902174219599838,4,0.004678675195914728
1448,0.26597922324135465,0.042727999477264744,16,0.017847966183162523
1449,0.16641137029754924,0.015630948188102445,8,0.009034874080674268
1450,0.2392690841689935,0.4117788101700999,0,-5.881189103859576e-06
1451,0.20894853070333086,0.4332630335256448,0,-3.5218103160327756e-06
1452,0.3087254163974279,0.37125484721311847,0,-1.511445289248625e-05
1453,0.28068264057231634,0.3921562292669063,0,-1.049902136059489e-05
1454,0.3356265386156552,0.3463392736151966,0,-9.844844716000796e-06
1455,0.1936895856696647,0.016715749541420456,14,0.01592219507712214
1456,0.20820135311771476,0.003061220315670077,19,0.025154544793620354
1457,0.16082828490389373,0.4449485159100908,0,-1.9405010617417216e-06
1458,0.3091307987143831,0.11385294758773021,7,0.008463114286538117
1459,0.030987843271884044,0.14272197133037587,0,-1.0519954473989546e-05
1460,0.09897274905831385,0.12564739680419917,0,-1.4133615276949693e-05
1461,0.17018260650852313,0.10992835545932915,0,0.00028648978998664203
1462,0.3279210846680515,0.29952737116169686,0,4.646477544555061e-05
1463,0.32074411295859906,0.038463984243661875,16,0.01747359332631717
1464,0.3498987394760805,0.3034142686632731,0,0.00012192851831756034
1465,0.24647267403327236,0.45682234140732286,0,-4.043574166263243e-06
1466,0.004939767457231075,0.251539855123675,0,-2.828925424569193e-06
1467,0.09116230271828835,0.5102849273691252,0,-5.037261036371764e-07
1468,0.1303702791519307,0.17881076486156333,0,-1.5754362078378316e-05
1469,0.3141943057274806,0.014595662896477346,19,0.02515458418901267
1470,0.1347360239125558,0.5400659756526128,0,-5.778610340955789e-07
1471,0.32647279644148897,0.26048413677808463,0,0.00030037508426075584
1472,0.14023219963846928,0.03268734098640062,1,0.002094134570681237
1473,0.24187514343889005,0.4087386891431116,0,-6.215851444652134e-06
1474,0.3103791577875359,0.3007946082039794,0,7.943033171152853e-06
1475,0.0068526559897306855,0.23878491034428972,0,-3.274667671402444e-06
1476,0.10294003396744998,0.495083720517416,0,-6.596087384603852e-07
1477,0.003050912337461964,0.1529612702548082,0,-7.36120535319952e-06
1478,0.2392166406616948,0.030651267145344857,17,0.019481501249789087
1479,0.14832337832851536,0.026866560551995433,3,0.0034933933524016604
1480,0.05472566367243674,0.05332702377723739,0,1.3094868870926043e-06
1481,0.06989100274118835,0.020297125740557333,0,0.0001849408535983022
1482,0.0933155549236356,0.17891238561605355,0,-1.306545770204817e-05
1483,0.2601219191253853,0.5627329937242935,0,-1.6099582904124298e-06
1484,0.33718166044264797,0.15786567870235294,5,0.0056549016592033746
1485,0.15679433829154676,0.5810313711337752,0,-4.781576663809067e-07
1486,0.002896455334635958,0.36003218088166755,0,-9.372144915976378e-07
1487,0.07455517280876729,0.07196003678873279,0,2.5259938095555866e-06
1488,0.2756729202518102,0.17809845390065507,1,0.001101144438781004
1489,0.05905324157986716,0.24455639415832525,0,-5.191417873722386e-06
1490,0.12361869390686127,0.03760214278488128,0,0.0009023048181779172
1491,0.012905864415737532,0.17482474670284343,0,-6.549829882262618e-06
1492,0.16553722888105496,0.5568840265254794,0,-6.642561800538675e-07
1493,0.04158531530784922,0.2455679330405901,0,-4.32352041166888e-06
1494,0.18453859183221763,0.5510940907875481,0,-8.508394528516999e-07
1495,0.33066588117500423,0.3396688943304295,0,-8.939764334489869e-06
1496,0.2945443186238432,0.13842721142059639,4,0.005286912142836167
1497,0.14998506533202982,0.006560335991231314,6,0.007581335560632458
1498,0.05230683266933986,0.2568564934970302,0,-4.298655574286171e-06
1499,0.22998195825561996,0.17133629243554685,0,0.00025089027040067297
1500,0.1800087546709425,0.10365469750909896,0,0.0005689277093104973
1501,0.07506509479649427,0.2364635274157132,0,-6.5781324632168475e-06
1502,0.06654791386076872,0.5297582829778226,0,-3.2424021204952975e-07
1503,0.3016535125101354,0.41123043825432665,0,-1.0672289758165479e-05
1504,0.16707995552343127,0.14214983860641886,0,4.4325115673928023e-05
1505,0.015037381191822796,0.03572042933071171,0,-1.25377309886458e-05
1506,0.03409265443053918,0.11268420396031414,0,-1.3749273087196968e-05
1507,0.34229403822497917,0.5110152985315602,0,-6.0871393249579354e-06
1508,0.13041807769123356,0.13291065699866925,0,-2.819854146677651e-06
1509,0.03611586254728941,0.5261820165191912,0,-2.4796523556248344e-07
1510,0.32632464927379623,0.16604327016977494,4,0.004697752498058372
1511,0.322717904271156,0.30525971625086934,0,2.0305479527610392e-05
1512,0.2962353691659151,0.33978252252518554,0,-1.5886172527968837e-05
1513,0.2824634714457442,0.46035750349507704,0,-5.571644454621791e-06
1514,0.03028184306063156,0.5013144339267063,0,-2.999710135320856e-07
1515,0.2836896948833346,0.41063102871876994,0,-9.11310036189475e-06
1516,0.3303107121015559,0.49292767623291206,0,-6.464226416382206e-06
1517,0.32067843031565346,0.19882739567172872,1,0.002076792333814232
1518,0.21498746892370355,0.16653557295848792,0,0.0001587320219406231
1519,0.3199693243760893,0.316401060442952,0,6.46742882964788e-07
1520,0.21003574069712658,0.08327784754553683,3,0.0035519441389938494
1521,0.31107073819952635,0.4870464773443536,0,-5.6734941742731506e-06
1522,0.06931097272714457,0.041710241697273914,0,5.580577456405511e-05
1523,0.25710381805768046,0.2447140491079283,0,1.3417157861378946e-05
1524,0.1359409369492606,0.0867306877979505,0,0.00017559477999762763
1525,0.13134625821180612,0.1403041572287302,0,-7.520123800661908e-06
1526,0.3236418523091821,0.04126333225689488,15,0.01671827450164543
1527,0.3170215056994022,0.32562627637593855,0,-8.599770163468602e-06
1528,0.0689972900038256,0.08350576184732825,0,-1.0258342618831954e-05
1529,0.34051909628861193,0.3729624697176919,0,-1.5448698294546435e-05
1530,0.17474136609989452,0.5623710188633578,0,-6.893039661209855e-07
1531,0.18079937180149017,0.5823021467090822,0,-5.999632305721087e-07
1532,0.09629535675431926,0.1739754893150113,0,-1.3828604068777165e-05
1533,0.339595887857096,0.2690495154594386,0,0.0003528389279799178
1534,0.04999007288105147,0.11040337034497952,0,-1.5241932123284608e-05
1535,0.27301501712095316,0.30820534059240473,0,-1.5541936904445656e-05
1536,0.04958394774848137,0.2899919694468003,0,-3.0077256859587413e-06
1537,0.34772526055197434,0.3683312722281667,0,-1.3483758110396631e-05
1538,0.039139554083404964,0.5860523767528838,0,-1.4044247541046074e-07
1539,0.11330483920838293,0.5017552051155294,0,-6.843235260333738e-07
1540,0.10487828529953022,0.17367175944018837,0,-1.461938072812081e-05
1541,0.05834017787161629,0.11798731206567253,0,-1.5289646768924413e-05
1542,0.028038182415309327,0.1047373118838206,0,-1.3927108734534598e-05
1543,0.2607249640513006,0.22586647338524163,0,7.475878419883006e-05
1544,0.035251702753391664,0.41382043683916686,0,-7.561550071008789e-07
1545,0.28671115344218906,0.5341105853061064,0,-2.7927416858963653e-06
1546,0.18041715410740466,0.4831194811914528,0,-1.6110501040254683e-06
1547,0.14750530300232562,0.06216156507329082,0,0.0008559726576946327
1548,0.17882259677648632,0.08021669724350833,1,0.0013902634370912405
1549,0.30824252075813413,0.41240193372420525,0,-1.1189861564711194e-05
1550,0.34703405413290933,0.0055279606157892175,19,0.028859035997596774
1551,0.10270557220403287,0.4972204653746589,0,-6.441551383348256e-07
1552,0.29850896000178784,0.32840556586704356,0,-1.5061367455507337e-05
1553,0.1715582564815027,0.5955503569543484,0,-4.792174115463809e-07
1554,0.23411818696827053,0.13612384771447478,1,0.0012245899924794173
1555,0.27805989386103436,0.37158607868056237,0,-1.2245347128505164e-05
1556,0.05473809330445167,0.13519295343831883,0,-1.3569830991111858e-05
1557,0.08645722713829561,0.4231245671798702,0,-1.1489255607510466e-06
1558,0.23454568295248474,0.2464411574583833,0,-9.680501911404488e-06
1559,0.303432214686278,0.23855219009094566,0,0.0002977774642264194
1560,0.06797744302766087,0.18725825303277624,0,-9.822557590673058e-06
1561,0.16994223347063292,0.09041643858628742,0,0.0006566067696335676
1562,0.061574039885269875,0.4366284853228389,0,-7.829541717976895e-07
1563,0.2016772944050726,0.5226413887511804,0,-1.3417218500430946e-06
1564,0.30937590974960966,0.544163571780058,0,-3.165258385009644e-06
1565,0.11752568116255602,0.10242308121307599,0,2.1189660086788038e-05
1566,0.3053155515628777,0.5448643853006088,0,-3.01882606042307e-06
1567,0.029024897116679757,0.5623036515891028,0,-1.6097479760072183e-07
1568,0.27098595141931325,0.4278638325650551,0,-6.847420792439244e-06
1569,0.2140925498716023,0.5717516861189558,0,-9.294892649394499e-07
1570,0.03745206041903754,0.2926543821357055,0,-2.5951782439090164e-06
1571,0.17483205814698025,0.4628662861401974,0,-1.8656020187799245e-06
1572,0.34949302930287074,0.3146887743476086,0,6.631047639024714e-05
1573,0.09104208706944814,0.20164662522002014,0,-1.0618445175084873e-05
1574,0.05511498498057359,0.07379702076127198,0,-1.1910454241176687e-05
1575,0.2112947552804034,0.4511178083266107,0,-3.017175243692461e-06
1576,0.13119220600443537,0.49966953941177866,0,-8.353723317846601e-07
1577,0.10152528884554697,0.18093900305262287,0,-1.366402825988303e-05
1578,0.30563912802472404,0.025564957069630745,19,0.021502699614597002
1579,0.041307107918402634,0.10267442446266539,0,-1.5180304124882037e-05
1580,0.2704437691788806,0.1081792373109794,6,0.006920216041785274
1581,0.006954059905336138,0.23115831843913281,0,-3.5368861507148673e-06
1582,0.0009414249465827529,0.19632198794867456,0,-4.710965494567599e-06
1583,0.2691214106922491,0.2738010278065403,0,-5.691549536907082e-06
1584,0.345980581746086,0.395557989286992,0,-1.5842742390363155e-05
1585,0.3311901491080185,0.4769800889751251,0,-7.610288126706582e-06
1586,0.02363974060929437,0.04332205705346784,0,-1.222112853767652e-05
1587,0.1865266049399304,0.46994797297225144,0,-1.9531885543249722e-06
1588,0.05322778274441035,0.21579559033504694,0,-6.5053669474897604e-06
1589,0.0014296893598144608,0.22085037588328402,0,-3.7097085662222057e-06
1590,0.25641650482867534,0.48106802976738655,0,-3.5062875212509294e-06
1591,0.021776009254225636,0.4507239273426641,0,-4.569702788771417e-07
1592,0.3362086020818076,0.28286074606247463,0,0.00017156936556958017
1593,0.13807489050482005,0.46857597221731334,0,-1.2210548612955358e-06
1594,0.0006816073289676317,0.24297795656344504,0,-2.9532103523710316e-06
1595,0.2452356441931015,0.19552019428892467,0,0.00016341030751460545
1596,0.0643501909781004,0.17757374987006289,0,-1.0376844365605731e-05
1597,0.07612420490507073,0.1254800908621674,0,-1.57251579692247e-05
1598,0.09546597730297907,0.41176488804726846,0,-1.4082437917973742e-06
1599,0.28617533916601395,0.35084479662355594,0,-1.4949965329650503e-05
1600,0.21347249660936035,0.04310390986887319,10,0.011911337104294827
1601,0.08281828173982267,0.19150902348975735,0,-1.0800877282393699e-05
1602,0.2744821212379796,0.2683187085164712,0,4.341469925676065e-06
1603,0.22417496531523826,0.12154462094377842,1,0.0014820672783693559
1604,0.14805014688579812,0.12068051721189473,0,5.279268422388415e-05
1605,0.18726679476051086,0.44005737313741644,0,-2.652221408152076e-06
1606,0.05553460783725995,0.1339812899299646,0,-1.3760762584406445e-05
1607,0.07393840882494145,0.11671139969224158,0,-1.5722095542853617e-05
1608,0.25146663974920697,0.5162053121556014,0,-2.350815338521699e-06
1609,0.3332213747530441,0.49790657864267596,0,-6.334299505898171e-06
1610,0.1899826903443836,0.10460949901731986,0,0.000812224540208886
1611,0.026782114689220315,0.41108708486552886,0,-7.140702984650763e-07
1612,0.16373191313759125,0.057318081437595564,1,0.0019256026812873395
1613,0.2628905167848804,0.5355665169386032,0,-2.1711004332082054e-06
1614,0.3171865368652266,0.09493453975413135,9,0.010028143901886387
1615,0.22928202116798116,0.1316307957357711,1,0.0012211581552992834
1616,0.3249687645540363,0.2666492005428899,0,0.0002176542015731674
1617,0.3312590386635353,0.376076332020745,0,-1.5921235238382486e-05
1618,0.021612688139377362,0.4540311591684362,0,-4.4138398500595745e-07
1619,0.13880011750936724,0.1458772423574485,0,-6.35381340377028e-06
1620,0.2869818376714392,0.2687344530131925,0,2.3198777232897332e-05
1621,0.06758806611931686,0.4509786015807685,0,-7.202818824075377e-07
1622,0.08743812245037676,0.1899572776333415,0,-1.1394982283578246e-05
1623,0.28878880508281446,0.2875375028925999,0,-1.1029944980541447e-06
1624,0.2317353095330461,0.5000008907123469,0,-2.2704276496403617e-06
1625,0.007837188316346552,0.4027742297918678,0,-6.421785427967318e-07
1626,0.30007075294829083,0.5916314961756832,0,-1.7962767127970056e-06
1627,0.15932157836651695,0.5177328797728595,0,-9.234143853818887e-07
1628,0.3380499013980146,0.019063827075627305,19,0.0226601381318843
1629,0.34210413797983746,0.4828085048955385,0,-7.988106057026143e-06
1630,0.2537671318171098,0.5968254654455659,0,-1.0747252853900523e-06
1631,0.10007574480554807,0.4450987032989083,0,-1.0566399773061493e-06
1632,0.04744012190923354,0.19486480988720617,0,-7.536162117125766e-06
1633,0.14031266196323872,0.16289687837162045,0,-1.3260271880383748e-05
1634,0.29168047962953786,0.2714404244394297,0,2.7259696598643143e-05
1635,0.022449362272002806,0.22873661989676514,0,-4.226587658359154e-06
1636,0.3011451433379981,0.3123224313129841,0,-9.78962133122599e-06
1637,0.1566932613104719,0.17604398023125664,0,-1.2350822026442367e-05
1638,0.129995440541337,0.031917159464048106,1,0.0014634420980513287
1639,0.18854902187322511,0.5833417343595573,0,-6.415120849231956e-07
1640,0.07554134393389324,0.1729691618104266,0,-1.189654315265838e-05
1641,0.026551740481707137,0.27055421364688587,0,-2.9025517325321093e-06
1642,0.17304514002272114,0.45476058771862415,0,-1.9872621318624756e-06
1643,0.09130192278343784,0.20764355044053787,0,-1.0085671421678822e-05
1644,0.19767970895324585,0.5813718262036477,0,-7.166999248829795e-07
1645,0.18330038915380126,0.12307567069057901,0,0.00028270359411214813
1646,0.026440788770579853,0.09472718798373271,0,-1.4666076543030491e-05
1647,0.3058112576843578,0.4139891983617332,0,-1.0804068161705327e-05
1648,0.27102604221931476,0.2920283452948181,0,-1.32415800290567e-05
1649,0.06359442641689698,0.11395824018902864,0,-1.5701384670031167e-05
1650,0.11463421149836597,0.5735158389513482,0,-3.3837047816638334e-07
1651,0.3063426633768463,0.4786731081119419,0,-5.881360677572557e-06
1652,0.10572857121623916,0.4647046956272332,0,-9.18971114787501e-07
1653,0.02528404198376101,0.4353398516644135,0,-5.519720379592631e-07
1654,0.30455217168176296,0.327346365004068,0,-1.3823128397071983e-05
1655,0.18282137201943355,0.11228351766682114,0,0.0004438446911238124
1656,0.004812348561890145,0.5608678395747013,0,-1.282188436395682e-07
1657,0.19130044887181213,0.4894888891879075,0,-1.6850592380625427e-06
1658,0.13086539805384473,0.12661497336667005,0,4.037194372630968e-06
1659,0.12950139991486495,0.029122521860609388,1,0.0016051715273462921
1660,0.2126707385947365,0.021541195519768075,17,0.018575897823632025
1661,0.34702982015419337,0.38524367646438756,0,-1.583813550763514e-05
1662,0.07507824513905045,0.07677994245507261,0,-1.8266942505901485e-06
1663,0.2697670768136365,0.11830461212630153,5,0.005506821587599854
1664,0.2299400880012833,0.4563866650303646,0,-3.446227781168582e-06
1665,0.0072381598551393865,0.5344853413979158,0,-1.710220618578523e-07
1666,0.17004640761045822,0.014463602145892013,9,0.010301024315557853
1667,0.23033950037675818,0.45805208366629735,0,-3.402997445957716e-06
1668,0.0344309195112733,0.05239192825844021,0,-1.1626275433771758e-05
1669,0.3153426893433499,0.5872239776402559,0,-2.1856614895442577e-06
1670,0.2200330219220138,0.024641138928944484,17,0.018853594415359626
1671,0.3121290835386019,0.30375462747950976,0,6.305133550107862e-06
1672,0.0469256911019173,0.17174627749431357,0,-9.336437189121277e-06
1673,0.25762748646187894,0.06193167396199619,12,0.013489156605407579
1674,0.17962346542068722,0.4429192538165536,0,-2.3884553581546e-06
1675,0.30256059530485435,0.5381181641909514,0,-3.1416108097827968e-06
1676,0.13167640410780465,0.13332838077871279,0,-2.0935000562990256e-06
1677,0.07391386651773128,0.5297436757531135,0,-3.4904362783273353e-07
1678,0.3385838508279251,0.30581651388237946,0,5.989632279992429e-05
1679,0.10355899078933672,0.13115883752339355,0,-1.4316486891867114e-05
1680,0.10540755904651872,0.005977104262256783,1,0.0015904662472808208
1681,0.15295652810830862,0.45638964272979826,0,-1.6000949297905154e-06
1682,0.10344019513245849,0.59511009656308,0,-2.4381891555149003e-07
1683,0.0287797915611751,0.17162181471810797,0,-7.877194916567415e-06
1684,0.2854681243810511,0.36095161203673165,0,-1.401214944041713e-05
1685,0.2829242186185318,0.2511058970289092,0,6.105421621229056e-05
1686,0.3038729834458315,0.2734148370043075,0,5.473551028137033e-05
1687,0.17944455784409033,0.44526912753092934,0,-2.3288944020326655e-06
1688,0.03125342385038678,0.45397718107247065,0,-4.862655612781831e-07
1689,0.0658318856307754,0.5613551378919789,0,-2.3471511360182922e-07
1690,0.11192275316015914,0.5750689177195062,0,-3.242567528463702e-07
1691,0.20015082368363674,0.15073046450187627,0,0.00016868166693223308
1692,0.02474878676739975,0.23340829544547206,0,-4.127978906709163e-06
1693,0.29570449967938983,0.1627383112071541,2,0.0030905354863943794
1694,0.053180473063955624,0.48404140916133426,0,-4.48151976352414e-07
1695,0.23600899298982156,0.21361780253728027,0,3.4661813778521016e-05
1696,0.13622180767375758,0.4796391842809883,0,-1.0731602732963012e-06
1697,0.0661149315411644,0.44806095653103883,0,-7.307749325796894e-07
1698,0.331491810854947,0.32858102150104146,0,-2.1207195049473617e-07
1699,0.2038121486936947,0.17615338796412602,0,5.142332568491039e-05
1700,0.2729663787675024,0.5784216674408065,0,-1.5643994964214555e-06
1701,0.01020244973378283,0.5583537059178364,0,-1.3875704562593359e-07
1702,0.05003466116980181,0.22528630738631047,0,-5.7445693802361065e-06
1703,0.17600304833736513,0.1795646624383903,0,-4.021609976418237e-06
1704,0.2577414062757015,0.005118138283328133,19,0.0294264773800395
1705,0.16802312033140815,0.12024698361658716,0,0.00016004860442761154
1706,0.026495145817658498,0.30563798636204875,0,-2.043411975299644e-06
1707,0.3202855489821298,0.5739538780384208,0,-2.621167700293771e-06
1708,0.20491599832191662,0.1869622555031209,0,2.524752720217018e-05
1709,0.2888759351399564,0.34953252119580824,0,-1.5245225068054797e-05
1710,0.19135001862678672,0.0987295661100623,1,0.0010797138801250585
1711,0.2969820306726708,0.30396778062544366,0,-7.4764785104038624e-06
1712,0.24807870442180233,0.47888715834461143,0,-3.298285796153091e-06
1713,0.12049501646630982,0.07298796629184517,0,0.00016308406729606707
1714,0.05575459864395854,0.10708091772766166,0,-1.5674941374935133e-05
1715,0.1258443188654791,0.04431642872841429,0,0.0007470271552947521
1716,0.050197333957320074,0.5413905622364534,0,-2.451468619800146e-07
1717,0.03809249078070565,0.490731912044022,0,-3.605127280296261e-07
1718,0.2681398946798292,0.0402917733848384,16,0.01842902703494994
1719,0.030538775367784456,0.4051505869918912,0,-7.867156916399711e-07
1720,0.22886519968853386,0.43289063356467894,0,-4.307592256922246e-06
1721,0.05470146245901008,0.15634420000493476,0,-1.1485000121546891e-05
1722,0.1394038162847603,0.5524146245497005,0,-5.351038199480955e-07
1723,0.005768603927664316,0.3477302896163348,0,-1.0907377458120128e-06
1724,0.028172563939564924,0.26618948594581027,0,-3.0811308018396467e-06
1725,0.12215259331063767,0.48779373830083506,0,-8.59518455878779e-07
1726,0.30074720308798075,0.10684188614933895,8,0.008974546691502204
1727,0.2219991619093996,0.04467545492192684,12,0.013076480959137927
1728,0.23952288608347166,0.4804621248264409,0,-2.981952073155509e-06
1729,0.2772392498949792,0.18767898552911505,0,0.0008213197082732484
1730,0.345379172574469,0.3732364391357986,0,-1.4915118334753663e-05
1731,0.24651131318635408,0.25112734184250346,0,-5.425216927484642e-06
1732,0.13823219809132706,0.08640490483662486,0,0.00019884281771899586
1733,0.1782748432199431,0.048300739859045094,4,0.0043713494904409345
1734,0.30620537914775037,0.13862856985335661,5,0.006028857646993873
1735,0.016642337283954933,0.04856588680820123,0,-1.4930439616075543e-05
1736,0.03552316695376463,0.46315200620962654,0,-4.6296769196493243e-07
1737,0.3013405897167693,0.33813000126428727,0,-1.569405912825806e-05
1738,0.23095374449747869,0.023290168676168666,19,0.020895786654806202
1739,0.03241034169157151,0.4456383949329747,0,-5.346952009339965e-07
1740,0.3193200355222392,0.4307504256274532,0,-1.0492893120142697e-05
1741,0.159846910484159,0.45344760327370826,0,-1.7651217237827685e-06
1742,0.06329856567790253,0.14353483395557867,0,-1.3589825079611329e-05
1743,0.10026288197802276,0.1915431245496493,0,-1.2502372413976005e-05
1744,0.3431933980178653,0.03282016230425448,16,0.01791608973620999
1745,0.29221880842626585,0.4788209157067948,0,-5.1114750568451104e-06
1746,0.02724217213396038,0.40770851778187056,0,-7.420087215485685e-07
1747,0.2887227417323581,0.36676909498995597,0,-1.3769359923149854e-05
1748,0.34205630710376317,0.3854925929775481,0,-1.5935151663471186e-05
1749,0.0968019371450109,0.5215754948406925,0,-4.760154435437861e-07
1750,0.13269634617257933,0.1256480435768146,0,7.596250135859608e-06
1751,0.2660611560290079,0.14779483597396273,2,0.002258586117988434
1752,0.08420547072271047,0.4898398994938674,0,-5.765145264916187e-07
1753,0.3024966896193243,0.24933726883082696,0,0.00017866918100009174
1754,0.10606388922382058,0.17201469993415336,0,-1.4847867359435423e-05
1755,0.2001628191379829,0.5600310327300351,0,-9.094189409666953e-07
1756,0.03782549241268317,0.13731711453892617,0,-1.169798694461308e-05
1757,0.24798642048638952,0.4969507389724591,0,-2.751972957619787e-06
1758,0.056871513077489264,0.46650801888302584,0,-5.540895820107488e-07
1759,0.2099142035903041,0.1705689581552929,0,0.00010063186153134647
1760,0.26014999731756283,0.02562229022683895,19,0.022095618494524582
1761,0.012159989503576146,0.3329485612287405,0,-1.347817671865835e-06
1762,0.01028804219613887,0.4630554296112499,0,-3.6016017331066687e-07
1763,0.13949905222250805,0.5878016166983796,0,-3.759921679114529e-07
1764,0.12057422722792405,0.48471298291109766,0,-8.725482469932267e-07
1765,0.3242960661228629,0.15521184507516653,5,0.00545026959757627
1766,0.14257897873483755,0.018251486703396047,3,0.003935295347388767
1767,0.3340090171856154,0.4276053759923229,0,-1.222428378052893e-05
1768,0.006544603651153898,0.2992055446696888,0,-1.7855606431081718e-06
1769,0.3157726424118707,0.31142124420603107,0,1.5349903954561456e-06
1770,0.3407292999050707,0.44188836588660385,0,-1.1473480275697567e-05
1771,0.08547865007184823,0.48875967736566067,0,-5.902325788085265e-07
1772,0.33183718630914183,0.21602986037113925,1,0.0016838579002122457
1773,0.29684761317669367,0.20954118582894424,0,0.0007259177378883544
1774,0.1631747526084275,0.5237034632152624,0,-9.040130650438865e-07
1775,0.2756765988568684,0.21005315270961095,0,0.0003203305999596164
1776,0.30665770320544106,0.42327892130729367,0,-1.001652853438607e-05
1777,0.31239254312981024,0.5029604473596256,0,-4.912163383187815e-06
1778,0.25871951800004056,0.07994040820191246,9,0.010214169272520456
1779,0.33545571847138833,0.2619156039956277,0,0.0003999098956924244
1780,0.30210439781654375,0.5399625959529674,0,-3.0704038177505174e-06
1781,0.10149263564012123,0.540747131756599,0,-4.1181904482296304e-07
1782,0.2956552116046888,0.5453415474168084,0,-2.729132299059775e-06
1783,0.27800975940393896,0.28082669448686187,0,-4.416756962014208e-06
1784,0.22495896576014054,0.5574136572338149,0,-1.1955933673889254e-06
1785,0.01435787349405721,0.24138510613398448,0,-3.4385042177816853e-06
1786,0.12679726176319495,0.06733168124112089,0,0.0002859019927724266
1787,0.0891682472950424,0.07545518375396083,0,1.8862953519662354e-05
1788,0.0033025507500673177,0.1650623405021366,0,-6.560658312298611e-06
1789,0.2881775488647198,0.5755524512260362,0,-1.8735164670669343e-06
1790,0.27308916959509594,0.3501805862796959,0,-1.3862473744543215e-05
1791,0.10518068156133245,0.1796359003752222,0,-1.412580484367955e-05
1792,0.12556864823178782,0.1577218434856404,0,-1.5033270905117581e-05
1793,0.1682881737331351,0.11669885866457023,0,0.000192310003177963
1794,0.32334297681288054,0.3080327303686459,0,1.637998751261351e-05
1795,0.2082598075716511,0.002499517053068585,19,0.025424681228093535
1796,0.3123555594424576,0.21401113129461438,0,0.0010341538270524052
1797,0.3252937618928349,0.35982441073057,0,-1.5590373262872998e-05
1798,0.21691426775791828,0.2179240676907915,0,-2.255530332919168e-06
1799,0.07671496312310577,0.03214358104516566,0,0.0001437926105819981
1800,0.1057233468954017,0.04901324508137865,0,0.00025513605692280457
1801,0.2457097184721518,0.5893959337115096,0,-1.068176513481282e-06
1802,0.3305990756343741,0.13801252519637147,6,0.006834420287190193
1803,0.268678355898695,0.3729318025115352,0,-1.1190943453658892e-05
1804,0.27945428827110935,0.216945495766467,0,0.00027904783041914527
1805,0.1982444316061511,0.11787340638950544,0,0.0006561960512792592
1806,0.02260951506969846,0.08392960832911808,0,-1.5184145620795025e-05
1807,0.17254561059352466,0.04494179392152704,3,0.0040965699033486385
1808,0.003468668383314399,0.24794829562804133,0,-2.889479027421819e-06
1809,0.33193649248332774,0.28719219497733545,0,0.00011499953969621263
1810,0.26411610693219495,0.4808258698374578,0,-3.794090583117212e-06
1811,0.307859260957646,0.08763837996049018,10,0.010891783930086841
1812,0.0874924991828854,0.037270538815716736,0,0.00018933305843553332
1813,0.0020559360874753026,0.35079742235140443,0,-1.0192844692007576e-06
1814,0.12221116285519525,0.5570410890483201,0,-4.303239343315999e-07
1815,0.21617001665426575,0.12993670626812265,0,0.0008082048951217449
1816,0.06628779528149029,0.00905008798722724,0,0.0002662406476069803
1817,0.27180130374010325,0.40625486241459274,0,-8.494235876950891e-06
1818,0.2520904049230178,0.5498705517450674,0,-1.6898822323716732e-06
1819,0.2972886104860861,0.2677611124217277,0,5.2122802023016115e-05
1820,0.22352931360721373,0.010296242596941174,19,0.02468881334952073
1821,0.061994455952898875,0.019167733419943312,0,0.00013221139224456056
1822,0.08317438644920534,0.18599295217913694,0,-1.1366423226463506e-05
1823,0.023818385884714112,0.5943748235975972,0,-1.1088941834752691e-07
1824,0.15946273399979569,0.10282515224207138,0,0.0002452174729328943
1825,0.06577996029635771,0.46935838871472824,0,-5.886286788281506e-07
1826,0.21823047100622972,0.4429351788235669,0,-3.507452726663587e-06
1827,0.29232566850334196,0.026174665811226044,19,0.02171606745114817
1828,0.013057858626507655,0.38126331620981113,0,-8.389214025996003e-07
1829,0.07225906561088655,0.45845396991320597,0,-7.003226083258681e-07
1830,0.0021178850452244933,0.38131655223189953,0,-7.516741237727419e-07
1831,0.1022984842471566,0.16503707981685015,0,-1.5085962262384858e-05
1832,0.19689519902370806,0.5012192722210568,0,-1.5846631271333103e-06
1833,0.0007964362715779383,0.15556531776231194,0,-7.0229766586825436e-06
1834,0.049881947283733435,0.2873081911457045,0,-3.0985330658789483e-06
1835,0.19423284891654224,0.4903767304280799,0,-1.7197507606759322e-06
1836,0.25768815795037564,0.4000417992283716,0,-7.881312117106162e-06
1837,0.2988568154875896,0.3501790700834775,0,-1.5753910332001722e-05
1838,0.010604209691114343,0.38188419891341724,0,-8.135431985264522e-07
1839,0.154910784754821,0.5102362341376838,0,-9.524177738611998e-07
1840,0.34608658002437964,0.2485441056727052,0,0.00092149657040694
1841,0.043564424252044424,0.28858312601792674,0,-2.8726866904434648e-06
1842,0.08537792346580353,0.025957616726457956,0,0.0002921177111734375
1843,0.3038965842110678,0.46260996276096134,0,-6.7202152898052365e-06
1844,0.18671951466913486,0.48176069691427087,0,-1.739052671992125e-06
1845,0.34175937640881293,0.42865751521717,0,-1.2891042242293411e-05
1846,0.33490893762772606,0.4347171978196651,0,-1.1607865324850066e-05
1847,0.11457140947149645,0.021020550379260608,1,0.0012406256690933805
1848,0.07625390854935798,0.011350611443773495,0,0.00037603714961559017
1849,0.27378591721148227,0.45044904852177403,0,-5.640882422352423e-06
1850,0.01660588769881828,0.4857444362752592,0,-3.0575175045653243e-07
1851,0.26263707925971547,0.15461129162012222,1,0.0016328019264027472
1852,0.3180502802632488,0.21760233103007,1,0.0010931076246872844
1853,0.27155806987956627,0.4641990234574977,0,-4.817581602902184e-06
1854,0.23099142648596174,0.5571302115582403,0,-1.2733596286564275e-06
1855,0.320731023070506,0.33202880808251656,0,-9.999906794366255e-06
1856,0.012928498727878185,0.04448482998093842,0,-1.4881155853204542e-05
1857,0.1642295164336859,0.491586632840326,0,-1.2595009295574722e-06
1858,0.1848591698973,0.523433049150491,0,-1.1254899275648016e-06
1859,0.2820747181449542,0.02137585272466741,19,0.02340315611310553
1860,0.17938687170192572,0.5576298000656712,0,-7.570712815814836e-07
1861,0.030007378773027088,0.020413304037737688,0,1.2150735021523703e-05
1862,0.3419994321352008,0.33808074956135437,0,5.938880943709871e-07
1863,0.3174333906529563,0.24333637172716668,0,0.0004225638936385875
1864,0.34899650428641976,0.13379468763261199,6,0.006847234979291764
1865,0.00447406398152932,0.3099759966357963,0,-1.5704991801376918e-06
1866,0.19659345290739658,0.43240874396725115,0,-3.141171054196559e-06
1867,0.08226993064930398,0.15171063048661906,0,-1.45667427537158e-05
1868,0.34080304247997834,0.5593487984201208,0,-3.717906321062427e-06
1869,0.2613991337044661,0.10659700378987569,5,0.0062244894401083046
1870,0.17882052075236052,0.10244380482819868,0,0.0005702461248924131
1871,0.3111326934584213,0.03314868951426355,17,0.01917097311621725
1872,0.003943237677023481,0.09899481932947791,0,-1.2140171030098432e-05
1873,0.19646844081638437,0.5096373012294626,0,-1.4505934195020255e-06
1874,0.3112035176848593,0.31244606227942895,0,-3.589068455279391e-06
1875,0.3230645579228853,0.3274629267036012,0,-6.0851410659242e-06
1876,0.3189740177946943,0.07095811286236488,11,0.012264139175172864
1877,0.29740809278349806,0.5219711654811037,0,-3.5058300444177678e-06
1878,0.2968676440759559,0.10848626750396059,8,0.008683606921773168
1879,0.11672474801451045,0.0055959857545011815,2,0.002498227925017209
1880,0.29861902564502535,0.3698974055199328,0,-1.4395150938306044e-05
1881,0.06523550165129897,0.5923267606100024,0,-1.7117855371430844e-07
1882,0.08451086016299349,0.5893002278177256,0,-2.1389434072348828e-07
1883,0.3423136531001504,0.24022493500111408,1,0.001077746602006883
1884,0.06901504911812367,0.45397696919773767,0,-7.090397442938339e-07
1885,0.03711086628396966,0.2551473702359251,0,-3.7597180748719703e-06
1886,0.3254964579232844,0.48222766320608207,0,-6.846911838359001e-06
1887,0.04149631889780479,0.2021218168782772,0,-6.630882649349194e-06
1888,0.26783024573876146,0.5255408881716748,0,-2.520765345087094e-06
1889,0.12017769820918552,0.09519911817000434,0,4.592070224181972e-05
1890,0.2923039269858826,0.527579633201601,0,-3.151272737898769e-06
1891,0.32544255416298573,0.41100747218746625,0,-1.3027477961566944e-05
1892,0.3248477676455493,0.36159944805744887,0,-1.5732071897855485e-05
1893,0.30905506666386307,0.277511993435415,0,5.805905249694397e-05
1894,0.32521529755582257,0.5651465117671252,0,-3.0057695443966818e-06
1895,0.2575753533788913,0.04530593729863139,15,0.01698732925764392
1896,0.3237683882569086,0.48720307284989395,0,-6.414004676541503e-06
1897,0.10806741705879525,0.14890359547796492,0,-1.5679629909127304e-05
1898,0.33098647973004247,0.010831798938330571,19,0.026415474592077597
1899,0.11098526305082371,0.5607678566189596,0,-3.706202199201596e-07
1900,0.32492681933037904,0.3492407990889489,0,-1.422986650033955e-05
1901,0.039715451764154516,0.1648750125579702,0,-9.307909952642064e-06
1902,0.23380831648885714,0.007878108702978642,19,0.02685986471421009
1903,0.1911174063161838,0.4572095265500273,0,-2.3221636926686842e-06
1904,0.207562557867155,0.005890357786539235,19,0.023750032224407736
1905,0.13187573717795223,0.07305543022349933,0,0.00027665211526024103
1906,0.24024790251378714,0.23688410671193516,0,1.7238938760279442e-06
1907,0.16735002329012177,0.5993560760915589,0,-4.423453208914102e-07
1908,0.33550970441281724,0.1721104204129955,4,0.004651844782856308
1909,0.29959913297937707,0.2908207093346373,0,7.116235447987606e-06
1910,0.08480813969988368,0.0769719352275238,0,9.154536962453499e-06
1911,0.27005332878360533,0.5061871168572795,0,-3.1261357653354315e-06
1912,0.07125913323016611,0.43919815849822813,0,-8.405877118206653e-07
1913,0.08282775872094916,0.21604264633280892,0,-8.626790502577058e-06
1914,0.13490097341108698,0.5422938506960505,0,-5.660618647078702e-07
1915,0.20442573005092754,0.5640713768430434,0,-9.113741486702618e-07
1916,0.30888746553146734,0.35142746125771257,0,-1.5891708935886613e-05
1917,0.2974705817322854,0.3114475605636111,0,-1.1011391290152911e-05
1918,0.2636994943114177,0.40353046636436524,0,-8.072532310835049e-06
1919,0.16850090223449257,0.02951631689261483,5,0.006117737744673065
1920,0.26172058250660934,0.02686068134173311,19,0.021766906137161302
1921,0.22512673354135476,0.43707198419831994,0,-3.981864143183073e-06
1922,0.040441196412816044,0.06225804039823195,0,-1.289538927760933e-05
1923,0.07166190134793998,0.45486249869331713,0,-7.216138572395516e-07
1924,0.2524298597125792,0.18622386529012205,0,0.0003391830831693492
1925,0.32156601926015344,0.29698848057349664,0,3.6221245317791015e-05
1926,0.1530687914321397,0.5930682549357957,0,-4.0845751489702174e-07
1927,0.25990687145933716,0.20367507917440442,0,0.00021723336618713728
1928,0.09432904765072998,0.5041800391480649,0,-5.526374236568938e-07
1929,0.09755794035002556,0.19289717200264364,0,-1.2100027947838452e-05
1930,0.26179482591213815,0.4005827218924672,0,-8.153646705318347e-06
1931,0.050643071485106474,0.47742236401246485,0,-4.6683595282731e-07
1932,0.25623340347168955,0.3884551133979481,0,-8.678650790168888e-06
1933,0.07736057564950179,0.4754780188276458,0,-6.215746893275364e-07
1934,0.34417159101929184,0.303326463967466,0,9.27457729390176e-05
1935,0.28227163214651174,0.4317083137934918,0,-7.357461388193316e-06
1936,0.035304371449114434,0.283934722999629,0,-2.7712446114085926e-06
1937,0.29441233984461995,0.4727885373254941,0,-5.5434726440203184e-06
1938,0.21878996124539352,0.514802848608713,0,-1.7211812828189767e-06
1939,0.018201872350436146,0.17224369238927015,0,-7.071443280520703e-06
1940,0.28681240037667904,0.3806429648501187,0,-1.2212943346967066e-05
1941,0.2757262262823181,0.48798874765829714,0,-3.96458167162992e-06
1942,0.3427927547373737,0.31867841137617686,0,3.386553088462265e-05
1943,0.06336024578001576,0.26021947031969256,0,-4.63899656894377e-06
1944,0.07274341680634572,0.18108464777239205,0,-1.0835555097555492e-05
1945,0.056470478909910284,0.27668081975896697,0,-3.67831764861111e-06
1946,0.16820623276243185,0.5232115612233719,0,-9.552602060058118e-07
1947,0.13964630262658007,0.12144918074241605,0,2.7390586746361787e-05
1948,0.23941933490087708,0.2032208832853302,0,8.245157662790901e-05
1949,0.17635540851646786,0.09436845712609548,0,0.0007209967106902874
1950,0.325285931662994,0.11634626518247293,7,0.008273934147639831
1951,0.3289000174325697,0.39692967696689696,0,-1.4676861413431215e-05
1952,0.28884105752167977,0.5017927773784686,0,-3.9361937385339235e-06
1953,0.29524398277558567,0.2591386596856477,0,7.691773073236811e-05
1954,0.27437525411067676,0.3307479330531016,0,-1.550895010040545e-05
1955,0.3143254710881206,0.3322480300605711,0,-1.2542479822708128e-05
1956,0.30879906237729754,0.32731939102555946,0,-1.2699888386564804e-05
1957,0.2770610290003382,0.06992653371282247,12,0.013057140299984261
1958,0.0959844605982699,0.13405939455797614,0,-1.5540381622948036e-05
1959,0.16129511026813229,0.47695638994834133,0,-1.415789800545269e-06
1960,0.001651574579419373,0.12118373684482181,0,-9.807233967756354e-06
1961,0.11719271681318712,0.492741357792849,0,-7.785091379846602e-07
1962,0.09512705242263764,0.577209031471785,0,-2.683820288216043e-07
1963,0.017781613529517445,0.07364974693104676,0,-1.549742109810557e-05
1964,0.03467110709163799,0.4909913273549539,0,-3.474978286229728e-07
1965,0.3205676361706603,0.13742234850436044,6,0.006721344320816988
1966,0.24611841940424967,0.17885103613249476,0,0.0003578055266782341
1967,0.14338106856355798,0.013721540997297693,4,0.004772648891441867
1968,0.025346001779821943,0.31557737822352394,0,-1.829082608464442e-06
1969,0.29843668156660724,0.3004193599456297,0,-4.013084943764502e-06
1970,0.30108507618953645,0.32323425812857864,0,-1.3656990910448823e-05
1971,0.1260992425942079,0.16509551530953326,0,-1.5610518123479872e-05
1972,0.02893180506019846,0.5234416287032762,0,-2.372067161164787e-07
1973,0.03810547393144261,0.4158434541836723,0,-7.624377750867194e-07
1974,0.26197640048730625,0.5066174818365712,0,-2.872366553241429e-06
1975,0.010889916148746438,0.41933617535646617,0,-5.610141386424752e-07
1976,0.25107072952777815,0.029542006756582806,19,0.02065271587293445
1977,0.18659633662079633,0.5670192704556514,0,-7.406566818508247e-07
1978,0.26374753735571405,0.09144004648897525,8,0.008773095439972612
1979,0.002736861328131286,0.5426173949565646,0,-1.5073247839564394e-07
1980,0.04817498049554386,0.4332504824042573,0,-7.084159753967779e-07
1981,0.10525047039981618,0.05613010325051039,0,0.00017796208949659773
1982,0.3352054631738234,0.3495830237770411,0,-1.1424267677359557e-05
1983,0.07175269719502811,0.44816521684097277,0,-7.722943636338381e-07
1984,0.1880000069812626,0.592601615888163,0,-5.815881175031803e-07
1985,0.20058783418005324,0.5427473276985901,0,-1.0855505160726192e-06
1986,0.1416568582099091,0.09349911588331421,0,0.0001661906741500595
1987,0.19795841981693704,0.09594309686362494,1,0.0015289690771312396
1988,0.2837880436307648,0.2440055573378669,0,9.517151645942748e-05
1989,0.28699115051835034,0.33298374258002145,0,-1.5872362384705654e-05
1990,0.08755093514830302,0.5074519382625774,0,-4.998445251503489e-07
1991,0.18006465056738502,0.4531507218406216,0,-2.1659220406000134e-06
1992,0.03426447933240523,0.03945187174242104,0,-4.609174090640367e-06
1993,0.28090326909580526,0.5295807081432671,0,-2.7577438393304332e-06
1994,0.23051586831928514,0.43516318671248594,0,-4.2809078472809474e-06
1995,0.14423492043898298,0.5905221943321748,0,-3.8361868551870655e-07
1996,0.056162298911498654,0.2918187183977409,0,-3.1534681366651076e-06
1997,0.23168206524572868,0.018260340097145365,19,0.02270065735948018
1998,0.28650690446927046,0.1788127531121741,1,0.0015127371096149043
1999,0.08306282867256977,0.22582659122892018,0,-7.877572769445523e-06
