,X1,X2,Label,f
0,0.32079167275644693,0.08525410969637089,9,0.01074999702286924
1,0.3029025429745833,0.15415701033738952,4,0.0043357501921341335
2,0.004835326357711289,0.5697830982782915,0,-1.1730963594538472e-07
3,0.24953863372633656,0.45302452867154164,0,-4.328657238592544e-06
4,0.17837953760306757,0.4795907184287367,0,-1.6353014340663688e-06
5,0.26528404102910585,0.19294821269434712,0,0.00042969677847110504
6,0.01416953236327212,0.22092722172193657,0,-4.207253861030192e-06
7,0.141726948107645,0.1201218345229483,0,3.570056930407157e-05
8,0.34141314802796724,0.18953825432912158,3,0.003719291056430347
9,0.2295816620891677,0.5566423369907065,0,-1.2617146028765874e-06
10,0.11894515939750336,0.34886877711573605,0,-3.335942066425552e-06
11,0.03524512036315696,0.13714479825432727,0,-1.1462269292751645e-05
12,0.1511118006889991,0.40349029694628674,0,-2.664933203471008e-06
13,0.34754917165142046,0.45100121058144976,0,-1.1247554515109515e-05
14,0.3153816341726199,0.15909045409176306,4,0.004687735514353985
15,0.24303713087652784,0.38735012753213,0,-7.737372792564793e-06
16,0.19477392884220668,0.3029951739884495,0,-1.0826189552412387e-05
17,0.16486193686269793,0.17970311368335445,0,-1.0686257488692239e-05
18,0.28809794491072704,0.12319647721886208,5,0.006498721464444379
19,0.05390111836087676,0.5272144313425771,0,-2.931280734266501e-07
20,0.06599135411032957,0.46215127177736226,0,-6.33953113526512e-07
21,0.07546980624806562,0.20299161699838048,0,-9.101361897600849e-06
22,0.21246074753194416,0.020362273888964028,17,0.018960589976114304
23,0.30803218798702625,0.5351771624660586,0,-3.4158727884334388e-06
24,0.11665949732552568,0.502006139259519,0,-7.058601536353032e-07
25,0.30960572944314535,0.10330209829877829,8,0.009411405933265274
26,0.09482008654466205,0.4129878658684656,0,-1.3821894524956898e-06
27,0.08177233339793304,0.03629341888247377,0,0.0001502299936981727
28,0.2856718262222349,0.09935782150604328,8,0.00927311407817327
29,0.30763545924205765,0.34189447558026465,0,-1.5533929426419205e-05
30,0.023299783661046514,0.27670365650572515,0,-2.6426339348212437e-06
31,0.32907870768872793,0.10890144508927391,8,0.00869073929467521
32,0.007288083318110569,0.4945704461749346,0,-2.550436500071706e-07
33,0.28827102377791475,0.42061612647688823,0,-8.6614635219748e-06
34,0.3131813431781796,0.26447369176481067,0,0.00014307185413305886
35,0.0017662541407107546,0.43368985732566284,0,-4.4366534104296886e-07
36,0.2015809593730978,0.4219357471368881,0,-3.6640423392483364e-06
37,0.24677856571006992,0.14807790496940093,1,0.0012233458205185847
38,0.1620737028444704,0.048839038266839455,2,0.002498929972981978
39,0.028398290869120595,0.3621136215201497,0,-1.1841968877211836e-06
40,0.007516211357087215,0.05555023904445568,0,-1.5738838846231647e-05
41,0.23344057919421296,0.08350915134763455,5,0.006417067842299785
42,0.0040493275025140826,0.0008924135264080997,0,3.4122184475468684e-06
43,0.29719608242379697,0.21199507542568766,0,0.0006710467598381
44,0.10685984170189933,0.5832000819780603,0,-2.841976831562725e-07
45,0.24585228914763335,0.258644369288845,0,-1.0173090569526387e-05
46,0.11893637092160934,0.26223700890397983,0,-7.832745436824837e-06
47,0.1648007174314435,0.5776872561795257,0,-5.355568952542298e-07
48,0.17945352168969037,0.5217571453194736,0,-1.0843986752047055e-06
49,0.23590773147073046,0.03724877305175129,15,0.0172367638386197
50,0.34272195728320465,0.38392709720972246,0,-1.5914921125458254e-05
51,0.34233685919426693,0.11974262650297665,7,0.007684660621328471
52,0.25270291340560064,0.32966537574061733,0,-1.3877415509051837e-05
53,0.2575469813366958,0.0033348030018639785,19,0.03022477072805651
54,0.1970395483871931,0.017633993573729967,15,0.01644452975333739
55,0.31612592018792446,0.08436943808427778,10,0.010993349239791027
56,0.21796953489349213,0.0637671346054636,7,0.007775043991992374
57,0.2556724741651107,0.03303977423986859,18,0.0198997129732139
58,0.1455486215964223,0.05858015002266137,0,0.0009168643600757897
59,0.264498077118072,0.01963220090331222,19,0.024020871343002174
60,0.23306902246179811,0.00594188445151142,19,0.0275981964958945
61,0.31330426140479223,0.08975144574960128,9,0.010575911640383793
62,0.32337869639104755,0.1323562459076361,6,0.007157168418734908
63,0.3351850080812528,0.008809608593986273,19,0.027317645914908588
64,0.1101254740326115,0.0027118040859387803,2,0.002177727293889729
65,0.21862408188326266,0.14360637859434178,0,0.0005128883462921992
66,0.07473330185536126,0.2963337360198911,0,-3.626848036225177e-06
67,0.09862139993769585,0.15289276266992674,0,-1.557359317539059e-05
68,0.19938272506838986,0.0803905422785093,2,0.0028172978159530858
69,0.1977804586020886,0.2239556287782453,0,-1.4211520315318988e-05
70,0.24734575313549947,0.14065528886850912,1,0.0016225523050544
71,0.08473160980067798,0.08862426555605707,0,-3.745821096703444e-06
72,0.2588961495541967,0.11027562384973663,5,0.0054519930677960765
73,0.20611641245239057,0.0863202905558213,2,0.002843876917157601
74,0.24898035319385461,0.05017968078919399,14,0.015292922933200455
75,0.27909005548178295,0.4856185035959401,0,-4.196755129781849e-06
76,0.32196917737377884,0.07954748439900212,10,0.011235444637404689
77,0.1807975176673437,0.06254303024153399,2,0.002879263517643317
78,0.34994072495629525,0.29489090761735015,0,0.00018123460253250637
79,0.31375093272161525,0.08154610729063656,10,0.011343122644694895
80,0.18116005025512266,0.07665229525263315,1,0.0017343297438047701
81,0.27294577322735514,0.10264425320337338,7,0.00793212687131076
82,0.3368457700114863,0.15076019048098188,5,0.00609141478286583
83,0.31545044690523594,0.18193668619705056,2,0.0028763030471134214
84,0.22229458730566848,0.07960064915417628,5,0.005545075056989564
85,0.3404826591601647,0.18428642227648057,3,0.004026298695809473
86,0.2766402651609755,0.0013847550636013838,19,0.031578373062014956
87,0.19373810462778124,0.021834063165803524,12,0.014083370347694975
88,0.3345742240393765,0.18366263139867556,3,0.0038001114563356586
89,0.19867196697598943,0.10234987939777389,1,0.001230649480455183
90,0.21395371696773866,0.12890525839192854,0,0.0007739821058010012
91,0.29633817596419976,0.1923468971960615,1,0.0013030606971257163
92,0.16012971032170817,0.04830233665653583,2,0.0023798238984761642
93,0.2757054626865587,0.1627390076463905,1,0.0018522087618154232
94,0.14664325708952802,0.00010150119342750702,7,0.008525276379969023
95,0.29460378112755037,0.1553751538113,3,0.0036377288944109366
96,0.25703627601128953,0.14092625001021716,2,0.002168234261473203
97,0.24981279201586723,0.1498281687700611,1,0.0012727936170525234
98,0.17256275051759568,0.3529163554016231,0,-5.451975390229943e-06
99,0.30796601518926225,0.07412323486510075,11,0.012316553829497817
100,0.27667744195134475,0.20758223223741096,0,0.000369727118165797
101,0.13901996861512755,0.03609577657279937,1,0.0017517618674840855
102,0.18328349352956572,0.08122049338960775,1,0.0015747213652877465
103,0.16068893678868265,0.06375424649648084,1,0.0013405679303106317
104,0.19802047899815492,0.036890699170176684,9,0.010413104327718827
105,0.18775798552084141,0.004807289068544232,17,0.019126545317003172
106,0.3412292854044907,0.2260474296032387,1,0.0016010614567348999
107,0.2895164686993744,0.597097628128157,0,-1.5309421856379673e-06
108,0.329739624338775,0.22742433392243663,1,0.0011250600413018773
109,0.14792414730300746,0.021727674869656516,3,0.004160637454714544
110,0.11060249409390963,5.588690117240601e-05,2,0.0024634605502949075
111,0.15310837102738173,0.06823892923244153,0,0.000834164093184456
112,0.21163089613262223,0.1126425211994759,1,0.0013292160744219446
113,0.325110620863879,0.2073435312773882,1,0.0018229683280498636
114,0.30889983934543064,0.16123248617781458,3,0.004103951174509579
115,0.28953568897845594,0.020629675213725024,19,0.023515419864934675
116,0.23493878603486987,0.12084422964028432,2,0.002161427900229373
117,0.3390869449106733,0.24342384440692597,0,0.0008822523789666411
118,0.3075542094119943,0.20259867466515274,1,0.0013040525678294425
119,0.3459447488842451,0.5737681666898539,0,-3.3893642764227454e-06
120,0.23478965566277185,0.10310201688296287,3,0.0038086831732352527
121,0.131614900584753,0.002637014029430819,4,0.0047939545030927745
122,0.2543544340768649,0.13391509231421625,2,0.002511560898992905
123,0.27563020285356143,0.1549931784830862,2,0.0023549802694272483
124,0.19188106116957895,0.07641585218853301,2,0.0025357522360934526
125,0.2695014569926022,0.03309075082206041,18,0.020167154025591678
126,0.3488650437116243,0.2529175780363054,0,0.000868071689582836
127,0.22457724395663317,0.49233383134216563,0,-2.282343144683531e-06
128,0.15592597059533814,0.04211505297903921,2,0.002585522063392751
129,0.12335384510187851,0.008897711359188893,2,0.0028142035841019096
130,0.1528256657314522,0.022245253508336726,4,0.0048094361189334025
131,0.34126480965499084,0.014378278187408472,19,0.02451796856750296
132,0.17094470721676505,0.01156178171296196,10,0.01148273381836844
133,0.13578498546618262,0.024790607766800088,2,0.002410832198146962
134,0.2512362847379333,0.1940858597143418,0,0.0002288288947324124
135,0.13177141215362495,0.05860161893476455,0,0.0005216005717476297
136,0.22132924162561032,0.11976252322127358,1,0.001434214176302799
137,0.2884962568132876,0.0670465189033916,12,0.013600934330342233
138,0.20078209606582215,0.04119797644545878,9,0.009840228085407974
139,0.23830917417665368,0.02745602716507803,18,0.020354423460764992
140,0.16795508114403201,0.035779191075251814,4,0.004865881690049806
141,0.13525496816730165,0.006339006789734817,4,0.004741099077259117
142,0.13423009091405977,0.035561964682685195,1,0.001490151364428121
143,0.2957635320128222,0.2333366300372606,0,0.0002715767996715421
144,0.3175849763420071,0.14740209016543973,5,0.005801610153741254
145,0.12475043475966971,0.04948179453480004,0,0.0005739389262677606
146,0.3396414076574387,0.2029928461763101,2,0.002771684453097353
147,0.2311796577168976,0.024169563660934257,18,0.020632568910360846
148,0.28251615906777755,0.04632870443071932,15,0.01713160455855807
149,0.3206942031303454,0.014009057480048145,19,0.025235261180287818
150,0.18064539492349557,0.007427634069279293,14,0.015871060091744278
151,0.3043462309490445,0.04945435096780752,14,0.015949699329220583
152,0.2757523872662611,0.07973280381408482,10,0.011504185505507889
153,0.32391384918234256,0.2227698550891978,1,0.0011008153289029786
154,0.2585230121612615,0.043959001552941454,15,0.017337025260648675
155,0.23691896370079304,0.07999324980429576,6,0.007511236860941409
156,0.14772504041887297,0.004340141222814925,7,0.007631686026943639
157,0.2611867073718535,0.15233000959708867,1,0.0016857991642350426
158,0.20503767578834592,0.10848832514985694,1,0.001227342894218387
159,0.2610895989452602,0.037412047506164725,17,0.018968784585411083
160,0.23235137386825921,0.10683869439008191,2,0.0031710356667835407
161,0.20211852617612544,0.1400693749895024,0,0.0003009189575326669
162,0.29029358472868483,0.10183836662411695,8,0.009183625680236923
163,0.1319601295148827,0.010615342078302267,3,0.0036034186909483083
164,0.2964769710498218,0.11051839473958815,7,0.008446628820464248
165,0.2801535096451544,0.03007760178623578,19,0.020882531136140876
166,0.2354583300434938,0.03621329554347377,16,0.017474618450413648
167,0.3463122713673167,0.24257348628938744,1,0.0011218060465064234
168,0.3156248591836597,0.05866252161373215,12,0.013995616321535087
169,0.11681071417441237,0.006830999870340494,2,0.002387776824248554
170,0.1569396493418454,0.03699396418464681,2,0.0032401879873222485
171,0.24415852267812294,0.0015793781095763126,19,0.030401559985360007
172,0.3273616024100338,0.13707358541734463,6,0.0068694261115660495
173,0.2860488777767725,0.10900582678057534,7,0.008077063483558264
174,0.3016096130602001,0.12545363509724988,6,0.007097391362662053
175,0.332063340273844,0.13829760505245628,6,0.006823502683749425
176,0.29868915515084293,0.08018644141676194,10,0.011820524116936244
177,0.14353059406425428,0.05469960638311404,0,0.0009914950766184939
178,0.2505398672277671,0.04433206794413838,15,0.01678963196507412
179,0.15776967743600415,0.02130055832261138,5,0.005823858846611272
180,0.26684180912971867,0.15223948497227083,1,0.0020049579925202374
181,0.13811728062735865,0.045885272566454104,1,0.0011453881569289711
182,0.055909167792998204,0.5999506912890015,0,-1.4450568320817412e-07
183,0.3064271397049994,0.12206375001469098,7,0.007635445441710253
184,0.33732884571962635,0.12334889113999785,7,0.007633379906342162
185,0.22661087286578113,0.07881430425880583,5,0.006269637533748261
186,0.2520267074308426,0.13812040284373733,1,0.0020471438848136494
187,0.30290082503610166,0.17773754938515723,2,0.002434012227577665
188,0.32588214162653834,0.1451763609592066,5,0.006266124934604632
189,0.16119528767234204,0.05869824136462848,1,0.0016640239028762227
190,0.17922314077841647,0.053710174463764034,3,0.003737096435003366
191,0.16628679675502317,0.055217844594255015,2,0.0022848524911042497
192,0.28339094240112783,0.12129709699565677,5,0.006357473264296717
193,0.18266808125024953,0.026304510276780477,9,0.009905074315646004
194,0.33066031713666627,0.15393652063211608,5,0.005761930359496096
195,0.30551452985687655,0.18657262665275454,1,0.0020200770542637826
196,0.32563247554995467,0.039846685871513854,15,0.01694056007272752
197,0.24118039158863536,0.04857497106750368,13,0.014884569567125649
198,0.15520245469415597,0.003585826201964945,8,0.00973669911088298
199,0.298747628530872,0.09987617750799926,8,0.009660188858614924
200,0.2331346668391913,0.09074007516581352,4,0.005240167942295305
201,0.11271342082098106,0.003988123505345631,2,0.00228586212769764
202,0.19306156737008878,0.045824503068659615,6,0.007208269820618952
203,0.22364388324305878,0.061151017784497726,8,0.009279214900155772
204,0.3158179931699982,0.024953167674761433,19,0.021345392371730977
205,0.31402011159414267,0.004134024402342021,19,0.030105160517391354
206,0.1799210285409829,0.04840599293973695,4,0.004582961673987417
207,0.265051265403226,0.12395009111673705,4,0.004375874782161771
208,0.323360561952699,0.22427876255466275,0,0.001030095300905663
209,0.21146681577378817,0.10878355414030806,1,0.0015254833894851954
210,0.32489929391618527,0.14800981042164124,5,0.006027010857146403
211,0.24917439352933377,0.01926936622605615,19,0.02371091066887727
212,0.33525222286350875,0.21164198465799694,1,0.0020593321490916553
213,0.29332599201359105,0.20133086862184357,0,0.0008672624836896116
214,0.32347893654437243,0.14432433193851266,5,0.00626534056354597
215,0.05805013146020829,9.064312655319669e-07,0,0.00027724368661396066
216,0.3480126266749232,0.009563024809731285,19,0.026651319373630394
217,0.3443751257645604,0.2501667423676791,0,0.0008289667190284953
218,0.2114481224126479,0.05140780425957309,8,0.009378447619138251
219,0.3251998052834511,0.22756113135657502,0,0.0009770254546926994
220,0.17722758227865187,0.04007723164372882,5,0.005583144191144521
221,0.2190577010748351,0.16592109468809543,0,0.00019744040325181387
222,0.16884232846386776,0.020747122891673197,7,0.008215749600383841
223,0.31343561204551823,0.1763052332847725,2,0.0031680949562395075
224,0.21828561980526812,0.01847228250353422,19,0.02073645472904356
225,0.3116143051999303,0.19883723220067157,1,0.0016473983655913324
226,0.26879788740445654,0.07997040323928459,10,0.011061807444385346
227,0.2859721120787066,0.08431744914167309,10,0.011227087000155333
228,0.15909579671295548,0.048351999445540646,2,0.0022891962248431778
229,0.33129240503918,0.2206985009205006,1,0.0014481649458556141
230,0.2480426054001275,0.15551842406664756,0,0.0009721609697870627
231,0.2883072195629254,0.04135160613933544,16,0.018035801812185885
232,0.2636937505112761,0.07196981317633122,11,0.012058952767032819
233,0.251907853974853,0.10696709728196747,4,0.005144185709101417
234,0.26422201350040325,0.0717893032600691,11,0.012128578642864004
235,0.22240971795987774,0.13188931610804885,0,0.0009449688754351266
236,0.12439996247327756,0.023593710556076505,1,0.0016436056961762616
237,0.3478131609754137,0.1541671984047077,5,0.0059535464337473285
238,0.08330940170851471,0.0018523688064809793,0,0.0007696160777420463
239,0.16522143891289173,0.04875776076002831,2,0.0027980184123078513
240,0.16164082531878182,0.04575675106990629,2,0.0027602994944939552
241,0.2776450718791187,0.1492563019755177,2,0.0029362677592915712
242,0.34071890550721584,0.23428348180774802,1,0.0012397176833612348
243,0.25788664472668893,0.14409710581625249,1,0.0020050498930855453
244,0.2055493085170969,0.0520332741977894,7,0.008138598212989429
245,0.23964098790571867,0.1356122766239009,1,0.0015053115475316488
246,0.34177130370317416,0.08711504446238269,8,0.009679296948336823
247,0.3363846572231856,0.23639770913354055,0,0.0010244952282239526
248,0.219530067540097,0.11740515681740639,1,0.0014694600178399772
249,0.3410619828994727,0.05153459697219423,12,0.013890327100120232
250,0.21634822572107207,0.012819685359800312,19,0.02255567793738594
251,0.32737158962245483,0.035460085347512396,16,0.017906106282036413
252,0.10173669270793265,0.016533417491131887,0,0.0008893603792287177
253,0.09915269209987766,0.004761285509100974,1,0.0013035865276052891
254,0.11665529082803378,0.03468597166826653,0,0.0007671868925749478
255,0.3435018599014114,0.2552696923423394,0,0.0006768213923293927
256,0.22325187796684276,0.11231665672963974,1,0.001998636028180565
257,0.3102244667721917,0.19208314476053207,1,0.001941411092206887
258,0.21927988692607225,0.016096016239235067,19,0.021788135427962024
259,0.2810116162458325,0.10849589618980304,7,0.007789431652935598
260,0.17780866119538302,0.049054263535390615,3,0.004198170167281098
261,0.2912833359460704,0.09742558627004468,8,0.00974719958190448
262,0.13084173333565283,0.012140726444143667,3,0.0032675196024014494
263,0.2723259798557436,0.05109828221786903,14,0.016218636209932205
264,0.23575720718289928,0.06152134572612125,10,0.011108678186509449
265,0.19577789775272628,0.050198743441302374,6,0.006777132069305024
266,0.21824494109850703,0.05623733802592168,8,0.009471165447212021
267,0.1616844438392256,0.013930417782044291,7,0.00836942964731328
268,0.3361749872648698,0.032924144466171146,16,0.018188405204228986
269,0.2133474009155855,0.09284300520487294,2,0.002854176154330354
270,0.15794147677949774,0.05675136567676847,1,0.0015901305765467703
271,0.33699243549538993,0.07413095786132029,10,0.011074661070143111
272,0.31238652174148906,0.16363347927997968,3,0.004119804670278137
273,0.258650123706306,0.1412340910850411,2,0.002250310743750604
274,0.32580907361636985,0.21813723847309094,1,0.0013476218303823328
275,0.2858453389466825,0.07270093032978484,11,0.012796867995025702
276,0.0850425613071681,0.007980323998503052,0,0.0006374068626097857
277,0.13504073283032772,0.06688960189738695,0,0.00041862246643987707
278,0.29215333187648834,0.11262229482904344,7,0.008004032085640258
279,0.1541016132247418,0.014426633024092667,6,0.006579225542724553
280,0.3497437662026889,0.2503853339847488,0,0.0009674614143323682
281,0.1881616144447566,0.001182139474700139,19,0.02089605467969547
282,0.17047876408283594,0.03297644607894605,5,0.005782637990280383
283,0.2015413678965959,0.011044445442162223,18,0.020172709652491908
284,0.2344770275302826,0.11239857705076955,2,0.0028205376634878486
285,0.17025697347835542,0.04242950085132985,3,0.00415571601973779
286,0.22942347132493593,0.048562256708308604,12,0.01328176352624805
287,0.13646994963474535,0.02839053309624868,1,0.0021510778278313646
288,0.2639641190350493,0.011547239024784597,19,0.02690123670149985
289,0.15387596766724074,0.034654175346163656,2,0.003176705210464575
290,0.3335837077466136,0.2307665264610291,1,0.0011308727437657302
291,0.17910274050529806,0.02803692590355687,7,0.008613171908512934
292,0.16365290854587133,0.04177447793125228,3,0.0034219397020937062
293,0.23709976245425038,0.021897107191631023,19,0.022009038065187756
294,0.2411126191057365,0.05264425248283282,12,0.013892481942183555
295,0.28775310075317034,0.19061476227888144,0,0.001054110671092312
296,0.15010088737057245,0.061484411806523566,0,0.0009752668643161261
297,0.251751932061035,0.029208640218030518,19,0.020780345169084533
298,0.2684517414919926,0.09997868985295455,7,0.007909809892268168
299,0.22505570927272867,0.023377978105676787,18,0.02008013184561519
300,0.2848838095403212,0.18533141131604214,1,0.0011544911988600585
301,0.3321203228077524,0.23433986669518797,0,0.0009640214737801438
302,0.264021500295678,0.04669676654819203,15,0.016935345644814057
303,0.2175798169016967,0.04901332295626845,10,0.01112057582960115
304,0.3060418288331971,0.2071508882167605,0,0.0010705630853285765
305,0.27886596389620655,0.07234512880787859,11,0.012732756944989395
306,0.3114036704928993,0.15534067868785945,4,0.004779964584699623
307,0.13634444697235515,0.022251655363045967,2,0.0027129780231286596
308,0.31065608807411665,0.1737474632133731,2,0.003192098407488647
309,0.34806846339815845,0.11279953971191237,7,0.00781845183934041
310,0.31176034966645316,0.11859698430882275,7,0.008085745983663196
311,0.1129099804724474,0.038134193068528076,0,0.0005671728238725544
312,0.2108437474799677,0.002870846937145115,19,0.025773017929046637
313,0.30624704700151445,0.17717883215721011,2,0.002669829134457688
314,0.1939746333172796,0.10238321795030385,0,0.0010328444878476154
315,0.17805016065795912,0.05779249949629842,2,0.003114486118625465
316,0.24889529360601717,0.11266350934506295,3,0.0041157416287316674
317,0.16797833872944068,0.0004698104963582819,13,0.01473475098919281
318,0.2684871498656469,0.11546863038222151,5,0.005745730395690499
319,0.18080252630950241,0.06848944865243181,2,0.0023208638750310427
320,0.3344445796272591,0.195828087375785,2,0.0029674550222558707
321,0.29221592020105186,0.0337292943639973,18,0.019678741351643027
322,0.08091008260902616,0.004112944127292417,0,0.0006317072230833254
323,0.3186948932269846,0.19636912123799014,1,0.0021198135392031885
324,0.17742953203117037,0.054108058010742366,3,0.0034778228500058333
325,0.30000661609425716,0.1991042676234221,1,0.001163805097729268
326,0.22857749125426824,0.07909745717089446,5,0.006497502979552094
327,0.19410276190108344,0.02512612432167291,12,0.013061041869689106
328,0.22528479530790926,0.06353436042559463,8,0.009026202254011044
329,0.2990885536061757,0.08830365381003957,10,0.010906480360903333
330,0.09720853942713009,0.005305122968666849,1,0.0011789133620295122
331,0.16621486814864495,0.05999803264867084,1,0.0019026000973774745
332,0.30811674633227437,0.013658645875107078,19,0.025686709769598057
333,0.2412950253782426,0.13157923478316103,1,0.0018295892951371564
334,0.18298605901807288,0.01867663695206756,11,0.012360179509857266
335,0.23710756334655075,0.12527168422005608,1,0.001989551034305519
336,0.2538286822323821,0.02151159538354365,19,0.02317456849298905
337,0.1126666875176953,0.007942580891041644,1,0.0019504257392340015
338,0.23665978043715413,0.11377840783523228,2,0.0028743919600060764
339,0.2576946103945999,0.07813575541452597,9,0.010434281438042991
340,0.19077177814041113,0.0640971195775831,3,0.0037608896648483833
341,0.11229039322388452,0.01885300272737059,1,0.0012377927437031229
342,0.3176071471925127,0.06915284695849104,11,0.012532070875706123
343,0.12460755572066197,0.006352109065340938,3,0.00325023890312162
344,0.23989355285614936,0.14303711797574992,1,0.0011604151761432828
345,0.23776569553638105,0.07651909965244531,7,0.0082772130825307
346,0.0900556519557254,0.0003415131907957775,1,0.0010831593493637883
347,0.15788781783135988,0.04461914111677806,2,0.0025234682070176414
348,0.10577772313130143,0.010444949340201598,1,0.001346127361794075
349,0.26271646519106817,0.042571489282258686,16,0.017803589860725878
350,0.1081008542486499,0.02272981388127709,0,0.0008909185246349811
351,0.3065418896780262,0.1177434569947618,7,0.008049183394216699
352,0.13501579313606443,0.01190586579818555,3,0.0038255765036955365
353,0.3224195636555199,0.22126654084494693,1,0.0011056411958271241
354,0.21534068352411245,0.03317088673969058,13,0.015202772391024745
355,0.18895263862191825,0.018572260281701614,12,0.01398537515670559
356,0.17883988901491815,0.02024671139850579,9,0.010772636479883054
357,0.33355339973604625,0.0781483952484547,9,0.010847522405076906
358,0.1731686909693958,0.020113488075713407,8,0.00940230790964442
359,0.3467339666745062,0.2205481546083811,1,0.002100285991757028
360,0.16738331107778084,0.0032060047955360313,12,0.013451465629762769
361,0.34800977390099436,0.0020649257323233435,19,0.030920013766416937
362,0.32356286387233146,0.17300143750688807,3,0.004015914138581461
363,0.24560445543872508,0.14495069590157753,1,0.0013161183181607263
364,0.3486525259254512,0.18147219567780817,4,0.004495402065241102
365,0.31561887358441054,0.10515234872502044,8,0.009217914697728782
366,0.20280365458157953,0.10388545558128888,1,0.001348221091361916
367,0.32710817999192243,0.19277786795248938,2,0.0027847969198031763
368,0.1357514249250993,0.01921985727900246,2,0.002980750152424166
369,0.05607741442907215,0.02400395427232754,0,7.35844560620162e-05
370,0.269445928815469,0.14404002496535181,2,0.0027768764096333604
371,0.1448052446279363,0.05123812030121193,1,0.0011986975369449268
372,0.33585244040575224,0.06776062966419735,10,0.011832111159853198
373,0.10657564702154587,0.00252375954974619,1,0.0019130389255964028
374,0.27068687971936084,0.16206303695387098,1,0.0016300157418648595
375,0.1092342884955436,0.031561273700102,0,0.0006436801795019039
376,0.19131099393465648,0.055488006211307984,4,0.00508592027816976
377,0.2976031178148409,0.12393513392995573,6,0.0070435946648905925
378,0.3212248499070656,0.17519699669920671,3,0.003715011671193168
379,0.2705704982764455,0.1059750520496544,6,0.0072415849034663075
380,0.32820630751856417,0.19993927148510562,2,0.0023889280989991745
381,0.1632399564721131,0.017996278743020355,7,0.007667127183235236
382,0.21009665303943006,0.11149475137610121,1,0.0013139617361033029
383,0.292199394594368,0.2865898887788409,0,3.3620021602075357e-06
384,0.17449778196318547,0.01991160233339892,9,0.00978552651017282
385,0.3300615755437653,0.08837499194406817,9,0.010116274466038421
386,0.27296401186380753,0.12868244271690976,4,0.004566904864614516
387,0.2351772913328272,0.02956386494116913,17,0.01939063600432759
388,0.2501226773598888,0.03562257651916689,17,0.01894377930579439
389,0.16841160510986963,0.02982605557630631,5,0.006038751958965345
390,0.194119709448183,0.026708281291678994,11,0.0125508438881226
391,0.11045989895195167,0.002796119335990367,2,0.0021984751073631744
392,0.23830350636590267,0.10022926686249263,4,0.004534140577056949
393,0.10528408469419828,0.006983429517320229,1,0.0015195446721569983
394,0.326998284639531,0.22919578662431478,0,0.000977792458119853
395,0.2868723177876659,0.16145314679210626,2,0.002605058296295144
396,0.16009953140107994,0.021367090396746762,5,0.0062441667154905815
397,0.12714504201220428,0.0348717063895088,1,0.001161934424200406
398,0.22162463503485835,0.019326976053303968,19,0.020975220702467264
399,0.27119578749026946,0.08972362573965267,8,0.009698812608741796
400,0.20811111733948953,0.02257698643244893,15,0.017251954769783757
401,0.3238184573059613,0.18419716208851006,2,0.0031942327928437346
402,0.22071882385866634,0.07043002639546658,6,0.0069047398844901695
403,0.11387895989577546,0.006701824862046343,1,0.002146653108602528
404,0.3275082936314798,0.1842785938422126,3,0.003391837601035515
405,0.15410204737601085,0.008333758067158147,7,0.008078609097668917
406,0.19734379774500818,0.07540316004184802,2,0.00313775780486003
407,0.21867467736234034,0.07661590345476851,5,0.005530635966524211
408,0.33089911016618284,0.22478929496438518,1,0.0012642860224772018
409,0.3349183598282384,0.2353439098439182,0,0.0010149175212186415
410,0.28104200830680853,0.18935984885771023,0,0.000880729885171104
411,0.2413145112598466,0.09735836754702899,4,0.005269578750567467
412,0.32109029380019055,0.10031029082508836,8,0.00950191109279325
413,0.23462278567087358,0.024352772694455415,19,0.02096192006416343
414,0.3098083533775282,0.06413498644291343,12,0.013478567733836438
415,0.21845012654818916,0.08749919376980655,3,0.003951580276981785
416,0.3209621549796906,0.1922264652391753,2,0.00249135180812555
417,0.3007184289967256,0.007748988000778903,19,0.028431053354643836
418,0.28041552967448635,0.0720783948639774,11,0.01280901766376954
419,0.2765778951788356,0.022740162864367752,19,0.023036614484504964
420,0.1785480066047621,0.02114352917427538,9,0.010424065415333953
421,0.19551652604944292,0.0020293432602057696,19,0.022597112847635006
422,0.22701527979755132,0.10477157852473144,2,0.0029029062905447964
423,0.27454960579011434,0.07265263275264133,11,0.012545979981854383
424,0.27327857151680224,0.11266792980833026,6,0.006575890816107485
425,0.10531432798723021,0.0034790699576754676,1,0.0017527028522900127
426,0.31619507695063626,0.059669901566680575,12,0.013825110801428812
427,0.3379586701745604,0.028409351635801744,17,0.01942039050909904
428,0.2188425977984499,0.04310262966199767,11,0.012938098326808617
429,0.17473118127364615,0.055202901746158,2,0.0030593849740788853
430,0.14819997742692534,0.03121159982648327,2,0.0029589001644440157
431,0.22767311428339043,0.05657502590070593,10,0.011004316790233412
432,0.2690735306140029,0.11198172160061586,5,0.006265515304124126
433,0.20225256509319398,0.026147169835482775,13,0.0146831699521155
434,0.2846629632299869,0.014910832435790921,19,0.025620280326375287
435,0.1986512686902892,0.08962563382103524,1,0.0019784490048953937
436,0.1790210853694143,0.03290786743767472,6,0.007397879266940756
437,0.21639646773456755,0.09293392923222567,2,0.0031228398619093855
438,0.344713175070677,0.16009909572341846,5,0.005636629034270295
439,0.16716848923082822,0.006376801181095352,11,0.012204857630802911
440,0.1429593924766824,0.04710461892281155,1,0.0013167682395151769
441,0.1974115509491728,0.029324785578417705,11,0.012507884022939288
442,0.1759193301639507,0.06034942884330437,2,0.0026433217807185984
443,0.26952829247821014,0.08015784062093981,10,0.011081292438759936
444,0.28758363805871573,0.10015866100326547,8,0.009266527173583764
445,0.28879664798227955,0.05177751093337228,14,0.016012031441191055
446,0.2948035256794031,0.058365960648633516,13,0.01478887243539457
447,0.12610758418610288,0.03679384381288886,0,0.0010309005341978933
448,0.13498021010312164,0.026944168253336245,1,0.002152567293107707
449,0.3227481480111984,0.07003382286884144,11,0.012202690385550812
450,0.18985757006034398,0.017645693866793176,13,0.01455977740626773
451,0.11742546058147282,0.010658975833213314,1,0.002101888615500335
452,0.22136771788741502,0.04209452870871627,12,0.013679435975908953
453,0.18972379161002767,0.09528227332473958,1,0.0011620868953221561
454,0.16124126605027272,0.017916442315262397,6,0.007253506694182233
455,0.29354802775986716,0.13570440926560726,5,0.00550179400564349
456,0.32447862660613147,0.17895501237254074,3,0.0036141834621021664
457,0.34053125542395324,0.10787961704406841,7,0.008375262268625342
458,0.15402796972980093,0.03075551946191897,3,0.0036848779701746863
459,0.25233013018948286,0.07837602547932407,9,0.009812124981679419
460,0.3374465330067356,0.018138159784785772,19,0.02304547482991844
461,0.10396237034106112,0.010581084782901018,1,0.0012451004484379104
462,0.34337517729983286,0.24607471135666276,0,0.0009209169813714093
463,0.11457466983585005,0.022851539917042762,1,0.001151350390830913
464,0.10158456463447409,0.005710520982855672,1,0.0013818848491859983
465,0.22341914493037054,0.10570327239814674,2,0.0025233775764387026
466,0.3481859990242036,0.2458566214366683,0,0.0010676726515459853
467,0.28753180520098626,0.12227171262074593,6,0.006565230034108059
468,0.29854999798957005,0.1988187633494092,1,0.0011227217297773715
469,0.140211538716455,0.017098919621270085,3,0.003782555482085939
470,0.30406239783959177,0.1290271914377083,6,0.006857954968398455
471,0.34714349664009825,0.1420806053453324,6,0.006523642403959792
472,0.33500235292106495,0.21937602937385167,1,0.0016568815942994207
473,0.13671132167556982,0.001106335162712302,5,0.0060202250564927486
474,0.2978157433112526,0.1387020351392415,5,0.005492849393015967
475,0.31772780018262037,0.018695441156454183,19,0.02344525664471795
476,0.12999126571517536,0.0196496976389199,2,0.0023732759266099795
477,0.18344203858084063,0.07757746597591456,1,0.001817121721262442
478,0.3355042470634403,0.08859391180916636,9,0.009859499604701649
479,0.16677529184258594,0.054005289322705506,2,0.0024322703742513064
480,0.09457542231977827,0.0008453930774946286,1,0.0012739115224609703
481,0.23903929222533324,0.10827508498543219,3,0.003645315586120158
482,0.19818849561446403,0.06079358182663796,4,0.005214497634081455
483,0.2999685218264971,0.1415829494442481,4,0.005347415308160668
484,0.14226638577856546,0.030915763324001214,2,0.002416764747709928
485,0.29223854387340975,0.028699633052442095,19,0.020997512947757105
486,0.290903081018424,0.06847132299533158,12,0.013382230836716923
487,0.1272904431885369,0.01772223731679491,2,0.00231277146559095
488,0.12172497591606612,0.022089445733511785,1,0.0015737377532598442
489,0.14457305354161054,0.056926638686473116,0,0.0009436478494168789
490,0.31706622471714757,0.16500403830623586,3,0.004287745839828836
491,0.31794412612722583,0.18315569777218654,2,0.002934301044920813
492,0.24134464748487836,0.10891824776529324,3,0.0037983703125589376
493,0.30347204161276803,0.16736677836191524,2,0.0032345499568524967
494,0.3367173682151142,0.09413578422504734,8,0.009396273923923832
495,0.13151110354288761,0.027889465494928697,1,0.001820207835684261
496,0.3351929968949236,0.21481703660105414,1,0.001889450967630888
497,0.15551085098781806,0.032903809216430435,3,0.0035837496273285526
498,0.0950828080055136,0.008553958281848715,0,0.0009449301961511386
499,0.30565081623052087,0.021530065452015676,19,0.022800901742928578
500,0.30240188297774223,0.12246123964669983,6,0.007439501711923275
501,0.15437945930013128,0.01818192347226614,5,0.005831687727717297
502,0.18829850856572866,0.007941985428219986,16,0.017930802545389795
503,0.22472816174968327,0.032674767753996,15,0.017026357853323692
504,0.34601350784830387,0.2326335391389705,1,0.0014963636177461053
505,0.34405559299339206,0.10601438919500876,7,0.008338094606358275
506,0.2056639738617855,0.04968679345314742,8,0.008699233440753048
507,0.3180763130015648,0.20918686939951614,1,0.001432771570156514
508,0.17966670287480468,0.041867978484198896,5,0.005654517492483936
509,0.3464833389355363,0.24620313281356654,0,0.0010055518362459895
510,0.11359805406626411,0.02511234058459604,0,0.001008830177036815
511,0.31202694187178376,0.16601864460615195,3,0.003897119430743111
512,0.20021648293610708,0.003243154980322571,19,0.02325051180245582
513,0.33367433763934007,0.17664585267253347,3,0.004253774739021054
514,0.16814977786511537,0.046053697348319225,3,0.0034105854503480517
515,0.33733214727211946,0.18046144121355168,3,0.004149623808518929
516,0.11716429215214057,0.01928929870280857,1,0.001474200591516042
517,0.17179759497657873,0.019279447012594007,8,0.009308186657321891
518,0.14872364589420917,0.0013971199156836089,8,0.008684071609258496
519,0.1493509978479297,0.05533412673029725,1,0.0012132827240478945
520,0.3334458528374743,0.08678762127764288,9,0.010095858546228473
521,0.13694493468048688,0.010260776715219959,4,0.004349572080467147
522,0.30817775170870787,0.146682094409752,4,0.0053763313754744396
523,0.2878285816272055,0.0071846050078536875,19,0.028806335363272696
524,0.21265763520394537,0.06801087416402274,5,0.006121883792167596
525,0.3350246582497388,0.24045580009229472,0,0.0008593037283041295
526,0.28744407383703174,0.14252297383660054,3,0.004315321748197349
527,0.15292118358057896,0.04036533715475675,2,0.002480775234435734
528,0.3441563093142099,0.1998647546518313,2,0.0031804443399928153
529,0.3304256682962347,0.043183422216349326,14,0.01599593494337751
530,0.12214984268755649,0.03957323397777422,0,0.0007831403191927704
531,0.18519679962161892,0.06295870459782187,3,0.0032785278264322337
532,0.2822351463808773,0.15903598661148166,2,0.0024845530466565194
533,0.34207516502112195,0.09518027703291065,8,0.009084784803035961
534,0.33431889314166396,0.17150916587732315,4,0.004646429942369217
535,0.09051248738810701,0.003662716855266029,0,0.0009609999374640985
536,0.17966181637730236,0.049494754919041914,4,0.00438150509401301
537,0.29766711040246036,0.07914447717409094,11,0.011952450028313112
538,0.31922375283163146,0.17214237242487326,3,0.0038370658102986205
539,0.3499102533030429,0.18832333676563365,3,0.004127918034296381
540,0.33570717953973844,0.1741485635343491,4,0.004517861080278347
541,0.2790141468058378,0.11337549763496955,6,0.0069914493003666745
542,0.30110093583384634,0.13879699463749015,5,0.00570396165135
543,0.28310754637722657,0.12880325201133802,5,0.005443412248444309
544,0.34658449138908315,0.21554717242266389,2,0.002362677960757922
545,0.19712126828755647,0.004249938183067492,19,0.02200152225219543
546,0.3349271553838353,0.051836464449570255,13,0.01414313736744182
547,0.22898370100853244,0.09030041584545366,4,0.004798264394074862
548,0.17623226928456562,0.04068286662021818,4,0.0053122162989255395
549,0.09104023155043431,0.007862176325432502,0,0.0008234690801612006
550,0.2323034706116031,0.03871112799870711,15,0.016367210598947624
551,0.28876234117573385,0.12156222133323721,6,0.006739761034945497
552,0.10689656619598716,3.070274684411202e-05,1,0.0021397049611808186
553,0.24657404070438343,0.03266231065762064,17,0.019512118381293287
554,0.16070191728605385,0.03309491839805066,3,0.0042344503556968885
555,0.08970756264808304,0.003053779116181691,0,0.0009537255792177447
556,0.1446250600442159,0.05505720668681649,0,0.0010203110313806263
557,0.17666165318651034,0.01069060949579436,12,0.01341912377341859
558,0.3376669460633634,0.05361772444706588,12,0.013709258909963799
559,0.1797641209244979,0.0014371790203547077,16,0.018161477361272747
560,0.3135636713949774,0.02391146967156981,19,0.021758620197334416
561,0.2557437945374686,0.12064443934527382,3,0.003874396708322326
562,0.14983667063457862,0.06320547138245128,0,0.00089986733146031
563,0.1748657089234398,0.07413142468681137,1,0.001519229430525268
564,0.3302519716818316,0.09890268470596324,8,0.009323565680463154
565,0.08900676607970093,0.0008437873150940354,0,0.0010162763737741538
566,0.17920421724799596,0.056142273786232134,3,0.003429781229862021
567,0.12021400870864242,0.010846608887831866,2,0.0023194410665005336
568,0.32177801492174174,0.11682103623215373,7,0.008274422826022846
569,0.3419991972955996,0.23117669354494075,1,0.0014083713834572844
570,0.3414704822037334,0.24294128946667812,0,0.0009635996858973223
571,0.23410942165926482,0.056605983062402644,11,0.012002111359637673
572,0.18144078680498624,0.030181813754392994,7,0.008571193958720047
573,0.10453204923664186,0.013660950664145011,1,0.001122478551086206
574,0.09683255829703306,0.007101373684518962,1,0.0010780342819496575
575,0.13075527255630517,0.023412678513744668,1,0.002108944504498939
576,0.3184860798375154,0.13636672130122482,6,0.006750070536376035
577,0.15748932180312367,0.06698844252111809,0,0.0010426576606927347
578,0.21951973732721466,0.10263293104134877,2,0.0024801391970402224
579,0.30143072580420155,0.07750233764384401,11,0.01209150808741105
580,0.23113336839879992,0.073504033880212,7,0.007894960924821193
581,0.1489723336238168,0.00971033071547302,6,0.0065972355920643055
582,0.2561775857271376,0.15944955553953385,1,0.0011159165626613223
583,0.27127201963108843,0.07009283154497996,11,0.012823757746882795
584,0.32265753973557176,0.043369572675402236,15,0.016318742758320456
585,0.3344586007299629,0.1399430644871665,6,0.006729044775578202
586,0.16761769349170486,0.07132554471832336,1,0.001293581125151766
587,0.3447081586513931,0.1821284439553332,3,0.0043300060456553146
588,0.18920442353655512,0.0943715478915554,1,0.0011808766964829112
589,0.2185131926702474,0.0756276191675125,5,0.00566901204095458
590,0.27029083021191824,0.06388561446504486,12,0.01383784986998294
591,0.3294739443731035,0.03983348635929307,15,0.01676867593840898
592,0.16911410889017786,0.03622785719606782,4,0.004968252494901525
593,0.2651913326412547,0.08016228486817076,9,0.010759649082009095
594,0.08740292499438104,0.00032920862093568275,0,0.0009722467375385047
595,0.08996066302867672,0.0018909525763639023,0,0.0010116082895134727
596,0.2357495501083966,0.14333001425581307,0,0.0009915690380118834
597,0.1237802240153675,0.0007022323767502002,3,0.003911684578891268
598,0.15738611994111087,0.031454967047747084,3,0.004023400572363319
599,0.3313276977394073,0.020142942010610954,19,0.022469632524212267
600,0.3413754483085824,0.21813874597187555,1,0.0019910111931994534
601,0.3421813863351946,0.21390778552626777,2,0.002253619630191729
602,0.34491644378781855,0.2370619776472453,1,0.0012774960767090735
603,0.19880513563326813,0.05135047287536427,6,0.007071032376707851
604,0.34319916587893967,0.1699165912315126,4,0.00504222066128355
605,0.10162090534999732,0.007894480424019419,1,0.001265626313099319
606,0.24901711303623147,0.09164840673400937,6,0.007083919686679715
607,0.15771068934629306,0.037867521998128796,2,0.003222321269025532
608,0.11186211434839936,0.011149010461332681,1,0.0016628117392259308
609,0.22678833007685592,0.04064062434342554,13,0.015007280915133642
610,0.14714845980622052,0.014160742420725868,4,0.005323427151051148
611,0.20319269817518093,0.027721467279082798,13,0.014374758661322566
612,0.15386124655663705,0.007574125712575208,7,0.008226371376582574
613,0.20136700619749814,0.11911041358780036,0,0.0007052415875723609
614,0.2414439023728234,0.0799817649914621,7,0.008135515112926633
615,0.29877221069056514,0.18282906707806953,1,0.001890575226797392
616,0.31781920877298747,0.02930461616620339,18,0.01995542927165759
617,0.3429463184531392,0.06550457662075868,10,0.01174309836701013
618,0.23352974700769197,0.07905037575460105,6,0.007206171419118332
619,0.33632746537822733,0.19869489061422388,2,0.002877683892554554
620,0.28767043839733814,0.15438521850577303,2,0.003224929100832003
621,0.3087763751550813,0.1901951581496765,1,0.001976350408451672
622,0.2668372617613654,0.12635521468839309,3,0.0042706685048447875
623,0.2954119046463774,0.04204792950065886,16,0.017690830050018654
624,0.15911762538771493,0.011734183394407793,7,0.008355091635067641
625,0.27794381407730784,0.14170106857439235,3,0.003636256308656012
626,0.138155655007392,0.049472994111376546,0,0.0009915961600104398
627,0.25163547593057006,0.1115708391271411,4,0.004524304926559098
628,0.1805831405081881,0.04695009981027138,4,0.004910763811473498
629,0.24144126087538853,0.03526085647751353,16,0.018376432716948048
630,0.19213002715780342,0.059739151110019505,4,0.004534168963211349
631,0.12529037981082372,0.01077217198783724,2,0.0028117566310140655
632,0.18414011185688173,0.02767952855883211,9,0.00985903673003347
633,0.193711456009864,0.09756478751562152,1,0.0012329769951449582
634,0.20441706689231706,0.029936747895715182,12,0.013930157344053945
635,0.19640106785059103,0.0448655047234747,7,0.008053056647360198
636,0.2150010426934819,0.022080800436981476,17,0.018837219603251815
637,0.20760806079650065,0.025574397186138714,14,0.01609312310962237
638,0.3066961846194543,0.12957737632324967,6,0.006926878188643629
639,0.2291198462319975,0.02231504904415893,19,0.020996110061032476
640,0.33628912761113405,0.19212910752594242,3,0.0033048406300378082
641,0.30773781479820594,0.05202112938851668,14,0.015371746869648198
642,0.28961244335106273,0.1917637747470919,1,0.0010757837984076161
643,0.24587994570230987,0.08560859280932545,7,0.007710290492520852
644,0.15236330645797197,0.023892518511829053,4,0.004465927685400087
645,0.27954782510973186,0.14145978044286142,3,0.00378830729010606
646,0.2929495601602725,0.14318461654192433,4,0.004676212396972809
647,0.3169442403428586,0.15156272586486186,4,0.005417576444483809
648,0.34797955121206725,0.22816548912131052,1,0.0017740638980227143
649,0.19457281225204875,0.0652401430881638,3,0.0040646545363854794
650,0.19207175363034223,0.09903341681047753,1,0.0010961807604025204
651,0.22793890406288025,0.041118408758988756,13,0.01505438468039262
652,0.15603475884056847,0.021095455427446556,5,0.005553825786390498
653,0.28718115323281934,0.13181351541582212,5,0.0054366112335435725
654,0.10300859201864437,0.018885919065865665,0,0.0008491810910180961
655,0.2669039173425532,0.04528197662854405,15,0.01731042383059193
656,0.2521581175625142,0.1211165935376669,3,0.0034974717233806243
657,0.32073414805494216,0.19445916927087187,2,0.0023391926041455347
658,0.1744907328449227,0.018941336206023666,9,0.010071658425948484
659,0.16041704769276718,0.022096417804552494,5,0.006150924333659997
660,0.10306134907297451,0.00010264564071031917,1,0.0018384187000425106
661,0.14372627974448257,0.04228426254228193,1,0.0016412192727253343
662,0.3277339837690822,0.06960920198291437,11,0.012018129801790923
663,0.14732386653205368,0.023271680484591144,3,0.003852624141918996
664,0.31705872741574886,0.14297541474552491,5,0.006153878942018257
665,0.3297475892990911,0.0014759440345422092,19,0.03147810879075012
666,0.3281396756849216,0.18092170829791568,3,0.003668400410850953
667,0.25057017651908775,0.01454067150328093,19,0.02541395545809069
668,0.22696616678376805,0.12385075277689199,1,0.0014992466071500762
669,0.3316036680408034,0.22765044738917353,1,0.0011790897617341924
670,0.12312679100715261,0.015603188588245196,1,0.002148220788674681
671,0.247771134736185,0.0581515468385731,12,0.013386346207973271
672,0.19932896577870188,0.10673875221720222,0,0.0010645590281504113
673,0.3336378207269501,0.1017874485774772,8,0.009005425986257035
674,0.1255817432807197,0.03940323066851293,0,0.0009066253533211677
675,0.32106064365674547,0.1559173628739898,4,0.005252235400344122
676,0.3476355182423432,0.08447339656383024,8,0.00959802178700192
677,0.10979432863865445,0.001673027532168683,2,0.002240700564385729
678,0.34923912047914313,0.07079917475324475,9,0.010802050586222066
679,0.2950260472280589,0.10144817310393504,8,0.00940022490767946
680,0.28404401856537154,0.06049116858604227,13,0.014615864035718745
681,0.1487569135239062,0.02458338958368682,3,0.003856645389059145
682,0.2787723835611027,0.09419510097476433,8,0.009571497763008707
683,0.22283786832732155,0.04877612750554552,11,0.012130343834385856
684,0.3172479074343376,0.1943909641135918,2,0.0021627566382832622
685,0.23716513115105792,0.042271409812097406,14,0.016019858044506632
686,0.3477902062279959,0.07613018078208517,9,0.010327510409874934
687,0.2232244381010046,0.10198930644734736,2,0.0028407645084075213
688,0.33496317369247713,0.1432002023879209,6,0.006534461512827169
689,0.11225423469592938,0.023803507255803477,0,0.0010086378742737202
690,0.2394538829371064,0.08413892541576452,6,0.007121695790084487
691,0.12324002600192406,0.0017648556418513942,3,0.003684730478598785
692,0.30656199465910505,0.16432704362619757,3,0.0036869206801678346
693,0.15594036256207022,0.04851332101151075,1,0.002029729729135757
694,0.18203434784636108,0.04324721416902333,5,0.005789747193195073
695,0.13894460114599774,0.04741496008940492,1,0.0011122106177767358
696,0.25776356022629876,0.05237119548528392,14,0.015452932333508007
697,0.144929327826666,0.045512164608514774,1,0.0015127325536791576
698,0.1318630263352866,0.01449528459915165,2,0.0030998461911170365
699,0.11296895450021285,0.01383456012725435,1,0.0015584472936954652
700,0.19584739617582003,0.0869475080642474,1,0.001981598957667923
701,0.3333399273666092,0.13165790322491122,6,0.007225471488898242
702,0.18443021646155403,0.06122019953693835,3,0.00339900653468202
703,0.22771646372356585,0.11710630230370625,1,0.001953960816477397
704,0.2995604002816888,0.06857541887480614,12,0.013224108496163175
705,0.23429749253088195,0.10788723624624276,2,0.003241034712514168
706,0.3343662789502823,0.14756803860988854,5,0.006259741976910154
707,0.2316268747833805,0.06087377628326358,9,0.010632907102095914
708,0.10416540563065921,0.01605186827593496,0,0.0010018858129278974
709,0.2862611414408427,0.08971884101859058,9,0.010532925150468867
710,0.19871714133047882,0.02737754931790901,12,0.01344058309688631
711,0.33571425522976106,0.21070510728497843,1,0.0021317878104794258
712,0.20239618876699933,0.022953682034036936,14,0.015819370385933302
713,0.3494564092120324,0.2204862483404099,2,0.0022220702151055016
714,0.32442584290800147,0.09798730397365023,8,0.0095851966790592
715,0.17090667948737115,0.0701051601487182,1,0.0015334594374805492
716,0.18810444189636608,0.044318274754549414,6,0.006626902111271569
717,0.312927332928289,0.20442662374207782,1,0.0014377151552440641
718,0.3393491377896349,0.07995618270035507,9,0.01039716402072133
719,0.24476004493739625,0.08315023758449408,7,0.007999895859509368
720,0.17597528279537836,0.049396875526118225,3,0.003914252417357448
721,0.3292131251284394,0.20768882318293705,1,0.0019934624833178936
722,0.3466233029717085,0.017483136709279923,19,0.023021902382381283
723,0.24479153214653493,0.10614924764631102,4,0.004482286974096456
724,0.0871053665439589,0.0013729580421239392,0,0.0009193455753779868
725,0.23439525899772995,0.07730845959436383,7,0.007648798266104795
726,0.15074216450350422,0.005868842493342671,7,0.007939340842658387
727,0.28379670610404795,0.15247665172784805,2,0.0031087932232191987
728,0.34988325445491053,0.24476670968680592,1,0.0011579399495067714
729,0.2708544261524267,0.029004406010899833,19,0.021245004760057067
730,0.286198019524805,0.14784372721756975,3,0.0037006685512088557
731,0.21991045981091217,0.013209551656626264,19,0.02299707619017655
732,0.24705883038914378,0.15476535818764392,0,0.0009656797127881805
733,0.33367363962787766,0.016598847765288895,19,0.023787019784237196
734,0.2109938040896612,0.021505656015353883,16,0.018248119132431403
735,0.3246427862421473,0.031249413269530547,17,0.01913392162381065
736,0.22642787303909545,0.03266225036391652,15,0.017295137173074633
737,0.1518684841743877,0.034032733447290825,2,0.003030677734851187
738,0.18951242171069727,0.006375668883463916,17,0.01895233719906506
739,0.2685298908870925,0.1548207648104286,1,0.0019381452774922968
740,0.27579963429143345,0.0943054492585068,8,0.009358104766346345
741,0.30147358895002674,0.09699477842643917,9,0.00999467966432141
742,0.34696542958483473,0.12661055029970972,6,0.007217368914980208
743,0.26875583306988476,0.05123197186539006,14,0.016129260045627206
744,0.12654950518233946,0.0009760214123445514,3,0.004272658859993697
745,0.33275193350076077,0.17000626850595701,4,0.0046891236534577505
746,0.280090420585805,0.13293771081305428,4,0.0047196809836604235
747,0.09070696632930036,0.002034399674057219,0,0.0010367386197372163
748,0.26266786991468893,0.06038011553545777,13,0.014123785483083951
749,0.3081814551706038,0.1493474093093499,4,0.005128106741763292
750,0.30777910986226303,0.2111495047585089,0,0.000986723691548927
751,0.2728049893633522,0.10921368720221675,6,0.006999499532464624
752,0.25640861287379374,0.07584125323488541,9,0.010722963172677034
753,0.11967449323639577,0.006302333877814321,2,0.002714590105197598
754,0.3307873667839723,0.14252145428747232,6,0.006542010859245774
755,0.279177729800267,0.17245671678562075,1,0.00149477178533502
756,0.3120891632778831,0.17707933027029638,2,0.0030288305059002715
757,0.1762271876281825,0.009072233102595695,12,0.013897076802691111
758,0.3406086047126481,0.24669830964284067,0,0.000828607326747663
759,0.24598536258984963,0.12443087204574477,2,0.002673315820365553
760,0.27165654526860483,0.08343887655879266,9,0.010702777544365931
761,0.12511479785095822,0.017716917195365948,1,0.002131436795210756
762,0.24608624230260728,0.1531985182840994,0,0.0009892397843080272
763,0.14790370650581838,0.04061270888800455,1,0.002047456944365787
764,0.31932357296077035,0.2179901704088684,1,0.001121605743062514
765,0.168383391701229,0.017005763449936553,8,0.009125587875406132
766,0.28794271285330997,0.04850739140089037,15,0.01662181846163138
767,0.18982725916389517,0.028538062205394246,10,0.010950426100552415
768,0.10048171072678605,0.014983822545061589,0,0.0009012805913778503
769,0.28594894406300747,0.051022633676066353,14,0.01619788190675534
770,0.3153914943349286,0.2063643210598988,1,0.0014507280547814997
771,0.27125640727449757,0.06592380386410401,12,0.013523265449538259
772,0.3418711716290274,0.1745542368733161,4,0.004715284930661711
773,0.12469302414499323,0.015660503502463306,2,0.002273922287189194
774,0.28657474978135494,0.11077804345947612,7,0.007890895953462653
775,0.212602713004081,0.03376779156332441,13,0.01447166151261436
776,0.1403394589048977,0.04978021401419599,0,0.0010675719409814282
777,0.22687649906717103,0.09663621172376602,3,0.0037501471618107732
778,0.28024875075637223,0.10147346840543585,7,0.00866886213354214
779,0.31118831507002315,0.0435668364554119,15,0.016786948181106046
780,0.3378818600878385,0.2338803968883262,1,0.001159481729265979
781,0.3175984522610468,0.13075058013533097,6,0.007182179057878393
782,0.16301064577292676,0.015724521410236614,7,0.00819989480891774
783,0.277449262050137,0.09255395948958926,8,0.009719792268647689
784,0.30139897934163673,0.01607598280093426,19,0.024876579320104373
785,0.15441798614542404,0.009644957629605466,7,0.0078062020622809486
786,0.21111230317764432,0.011225833353815617,19,0.0222167677968451
787,0.3267705101259317,0.15106549370856923,5,0.005855687232234222
788,0.22269614826550774,0.11051036050013308,1,0.0020908917074787285
789,0.26856528382778594,0.15226871501940242,1,0.0021055264516577424
790,0.3042200081918117,0.11336247903978024,7,0.008408381695968015
791,0.2953306589054594,0.04302499571160507,16,0.01749202050671538
792,0.12240843025269472,0.028968107302928824,1,0.001224759480296217
793,0.33484353919773746,0.0958308419387636,8,0.009357814369471463
794,0.10101016897448271,0.012198482932115673,0,0.0010340961013298137
795,0.28522390924466456,0.1913281011201066,0,0.0009452858236965138
796,0.2596819419713316,0.12639895797390366,3,0.003621809789819487
797,0.12545736794076076,0.037693528896666426,0,0.0009679886201646291
798,0.34159068602427706,0.07246052258304704,10,0.011016161418214581
799,0.25613299326315,0.14969163379562164,1,0.0015733304908921689
800,0.33769562741198633,0.24150990332843641,0,0.000901011977061073
801,0.1442380753619881,0.003936622716611861,6,0.0069450912693119725
802,0.276622024529549,0.08842185224466523,9,0.010263482625514683
803,0.13417665941442028,0.025285585149048377,2,0.002228185034277797
804,0.3370070379483602,0.22844799711721545,1,0.001337700212455827
805,0.258564073728512,0.09126874549526125,7,0.008261740391250464
806,0.2015085815989019,0.03804930952469284,9,0.01084605406239811
807,0.2640021351709837,0.04357433465618319,16,0.017614532888932898
808,0.30236857669037837,0.07095392280833228,11,0.012852463366903794
809,0.24945058288800723,0.07859988150561495,8,0.009429370598632778
810,0.34509171612995015,0.07714786690764715,9,0.010367948706038247
811,0.34199529551554536,0.16241825112733926,5,0.00546705756669374
812,0.2597314222517556,0.040569725007881315,16,0.018169788173533787
813,0.16460208227102405,0.032954822998249304,4,0.004826484726812495
814,0.21386350976071078,0.07217103537489948,5,0.005585242388479408
815,0.2032506250752686,0.042882150422406395,9,0.009908682777944757
816,0.2240359535224365,0.09814598112750851,3,0.0032993313776518555
817,0.15436375067466487,0.062274139727336905,1,0.0011158327522310578
818,0.1182131923651981,0.004361695220150463,2,0.0027721572201938067
819,0.11727384320191805,0.0161182779212786,1,0.0016816740317349818
820,0.19268191960545425,0.03007441719936057,10,0.011165322475149708
821,0.09168090338448061,0.0006291128602972408,1,0.0011434490249382764
822,0.1887327872703677,0.07399205036065333,2,0.0024894939064792343
823,0.3187134968228971,0.04244780306013879,15,0.01668865346649321
824,0.23338619561602153,0.10942716381328425,2,0.0030072646569534256
825,0.23897826707387793,0.07793183485170885,7,0.008179323530296085
826,0.23445085264184382,0.09703853422993837,4,0.004520387919472622
827,0.2997594846059874,0.055337422770983434,13,0.01512221941534184
828,0.0981034469909014,0.00635223806565746,1,0.0011706268457555157
829,0.313468016163103,0.04590458183027464,14,0.016228251213255575
830,0.2581774168944793,0.13332651882271732,2,0.0028430984701884
831,0.23630186208727025,0.03350855382149786,16,0.018346379419028506
832,0.3427509760680392,0.08565281045745252,8,0.00974644840089109
833,0.2313567212941206,0.0452341926155687,13,0.014449960598393647
834,0.23373593425769212,0.07582948928470111,7,0.007831734228011623
835,0.20190752241910576,0.04242169662758999,8,0.009753406261263085
836,0.24860651222228175,0.16425674138712504,0,0.0007115816876809494
837,0.23649428064066574,0.0656513291603526,9,0.010305364514534269
838,0.21283630589307492,0.05100193744955963,8,0.009736260995742728
839,0.3238476527075601,0.16926044690656805,3,0.004322593750516918
840,0.3479497669085566,0.16302776613363648,5,0.0055094722179245565
841,0.13776990255070698,0.009560519231645553,4,0.004591451257583099
842,0.32840936188806485,0.01807211708146914,19,0.023355875168399157
843,0.2989529789308835,0.12215888790044539,6,0.007306400408796794
844,0.16734655788224553,0.006753705821084779,11,0.012122400070263339
845,0.12421547342436229,0.02961006521789242,1,0.0012814207550699479
846,0.18236200933993124,0.02257757112226739,10,0.010939852373119199
847,0.28852916283864766,0.055211178619025233,14,0.015428362800921433
848,0.1327179497976971,0.02282661615236508,2,0.002321885699582442
849,0.3350469014975367,0.22592633047978347,1,0.001368983445008723
850,0.09670963888721339,0.006231200370056403,1,0.001112016121416122
851,0.22534505773622512,0.019373029311186868,19,0.02151229733153825
852,0.3495483064916692,0.10582064570512463,7,0.008110962735416142
853,0.18164036531528455,0.02181155402551226,10,0.010995928086989378
854,0.10705543648673295,0.018506653070224588,0,0.0010175335044941094
855,0.2464207003089245,0.026591240699277707,19,0.02125078721390494
856,0.1883555722757668,0.06091299839902871,3,0.0038886607994396776
857,0.3476048185153882,0.24943981811455532,0,0.00093647730199548
858,0.1574235001420811,0.016812089965862052,6,0.006715514517790339
859,0.09803062671051732,0.0005228402581399392,1,0.0014822016599571719
860,0.30350098620542443,0.1834489046450046,1,0.0021011476378255526
861,0.3094633002830436,0.06591456391303346,12,0.01325899706292852
862,0.13167768250101045,0.038899347951498436,1,0.001179899545228042
863,0.2256280854943254,0.04262305522787943,13,0.014263928028051535
864,0.17213984964082021,0.018005706868379736,8,0.009761979093817486
865,0.09646030091706394,0.012248956984634697,0,0.0008566696034581528
866,0.2448744619717359,0.13330992592728474,1,0.001930623607305937
867,0.18527520883831555,0.03700637868427503,7,0.0076966238141696255
868,0.17203206703645474,0.016589549294024585,9,0.010159937456661522
869,0.2142509944188449,0.050700342097889976,9,0.010074842991353833
870,0.2656331298030255,0.036319987947214166,17,0.019330137950031877
871,0.27011307578216365,0.13671387893266987,3,0.0034817392535385606
872,0.29351836948032506,0.19569587375875086,0,0.0010646989424247702
873,0.15078369528143482,0.05703300956291001,1,0.0011981666640666628
874,0.24489463569344128,0.03536022709870031,17,0.01864759616785228
875,0.09796107746217475,0.00870040853195703,0,0.001056225999533231
876,0.09505621529368942,0.004826045443681682,1,0.0011021653380053373
877,0.15574757014201596,0.009844950229110284,7,0.008064082261949527
878,0.2574499443590304,0.046204840245915764,15,0.01677860580285417
879,0.28566072034827233,0.05508815458619432,14,0.015491525605775455
880,0.08614999582417945,0.0001432884088720882,0,0.0009306025015458193
881,0.28711153470821077,0.11908137466145972,6,0.00691457122819106
882,0.1373130949953835,0.04578562449724727,1,0.0011142581215247212
883,0.12010417195940408,0.036205669336883184,0,0.0008290837707050594
884,0.30459749889203896,0.06736141811632669,12,0.013241183815299063
885,0.30336958371738554,0.10291020759997153,8,0.009417084197257425
886,0.10331486926177709,0.014350287286711432,0,0.001038608691938272
887,0.15287913078526055,0.04892755936170991,1,0.0017846539011034965
888,0.23068135025048045,0.021424649639275387,19,0.021490043180192094
889,0.17069613468391828,0.02726689385485575,6,0.007022628850379461
890,0.21905296260169702,0.09990101617599834,2,0.0026821187909366333
891,0.09143034186404578,0.001350094409958644,1,0.0010985561530076015
892,0.28185466936493603,0.16840122788262415,1,0.0018466079505664154
893,0.11928852497676067,0.0002319929467428576,3,0.003384106069545045
894,0.16907166418438702,0.05468777995172145,2,0.0025696806050881727
895,0.2528967662414787,0.11441762394862509,3,0.004308247365578218
896,0.20736358346661007,0.11698229963210849,0,0.0009641533461853104
897,0.20737404726696348,0.06970913311970024,4,0.005077066552244417
898,0.17693474428551037,0.07068818223674979,1,0.0018668555709936427
899,0.22834368986755627,0.08055453748979186,5,0.006216117990802804
900,0.09961664127885367,0.012448093394565641,0,0.0009669893154083104
901,0.3311810689919856,0.211371956697241,1,0.0018882676632769222
902,0.2849598405985705,0.1374591495411211,4,0.004639148515238287
903,0.28503830018232934,0.09396219567718928,9,0.009936665312025318
904,0.29127861898088686,0.13262703777705234,5,0.005666028324673179
905,0.23072144375965153,0.1397874732596926,0,0.0009459822143792916
906,0.33375475722637654,0.07551947037900798,10,0.011094062919971401
907,0.25386281228918706,0.10856926375248001,4,0.0051425033882318205
908,0.1578946123923759,0.03247463520740036,3,0.003944935810683229
909,0.2524683212075022,0.14093547222669744,1,0.0018889874906904988
910,0.09930295109669643,0.010898836247847628,0,0.0010182176382233646
911,0.16077672281616232,0.03613681076920226,3,0.0038075885209093935
912,0.29101694887525,0.1571975614948005,2,0.0032241868503991977
913,0.1542286258219371,0.010251696438086695,7,0.007606579679822776
914,0.23707258059516503,0.058271603085730816,11,0.012039484937762378
915,0.2574081546078309,0.11124536617827781,4,0.005167215412002005
916,0.326573955695578,0.17582881584996884,3,0.003962692184431854
917,0.09828248299841114,0.010344991149808035,0,0.000999507727839751
918,0.1461883766183365,0.00943160788743408,5,0.006098996670840271
919,0.25898284414651357,0.05314601805370136,14,0.015360776640342468
920,0.3403395357996701,0.17715999665280258,4,0.004493423424813957
921,0.1734833235689982,0.0661600255532052,1,0.001957093597643542
922,0.2326755136242286,0.045528969781273056,13,0.014563463103526414
923,0.34034792595345387,0.1338980757532058,6,0.0070228469826140675
924,0.2700847154327542,0.1304849488641604,3,0.004112187501201473
925,0.09639317709815558,0.009872746343005438,0,0.0009436378563318787
926,0.32059315434370894,0.05787702559828133,12,0.0138843037283217
927,0.2381269770087342,0.12329121115414424,2,0.002196679961708441
928,0.2158166315839657,0.10400937442755753,1,0.0020994409723584253
929,0.3420353673172117,0.10054106345127915,8,0.008743888488263409
930,0.27668400523402964,0.11435976646213344,6,0.006661791549831908
931,0.19279955395410203,0.06632334077955146,3,0.0037128622269477812
932,0.23125441362874527,0.014809389678529416,19,0.023901156502593765
933,0.09422049670856639,0.0023532211181988964,1,0.0011801690230719146
934,0.2866676097178827,0.1696838730112365,1,0.002030468422893122
935,0.13730562784255892,0.043399625973286615,1,0.00122660617429634
936,0.22333444156246515,0.11346611891561174,1,0.0019246845481287486
937,0.1793407725999906,0.045361217998051956,4,0.004988507636355448
938,0.20512737118841706,0.06700553067652969,4,0.005194466447886267
939,0.2694671082934613,0.13838894162246546,3,0.0032718124598828855
940,0.11902637786362275,0.04231366820477135,0,0.0006132140072477134
941,0.25689759376614046,0.04837425390646766,14,0.016266656689298085
942,0.09013222350523073,0.005027719875004333,0,0.0008935260759326948
943,0.18420757520070571,0.05369103998458555,4,0.004371180442383345
944,0.32658420202714245,0.07618054846217122,10,0.011367014787234727
945,0.3200320766623315,0.10405220464628465,8,0.00923929372184633
946,0.20921214852992243,0.07671403438280003,3,0.00428850069386022
947,0.13895720541206968,0.025053491718301943,2,0.0026806554656484253
948,0.27617710507762105,0.15355897003865307,2,0.0024951791167049384
949,0.2967923722737459,0.09473181626990203,9,0.010185545404383213
950,0.0936028187724827,0.011298174543057616,0,0.0007922595381836023
951,0.3321645672121768,0.20861505189219737,1,0.002080971443156707
952,0.19324037301363334,0.0692882421541502,3,0.0034020045309380116
953,0.342199562361462,0.1484688494062555,5,0.0062513470655711145
954,0.32475588980747394,0.1043070730612421,8,0.00911537415616126
955,0.26568947904529433,0.15392868692100586,1,0.0018339433146739375
956,0.2843581474176803,0.11846038402720317,6,0.0067816384779308785
957,0.20469616493908419,0.07518128257772536,3,0.003956203954766706
958,0.27941878439219014,0.14586568285616328,3,0.0033633039505870173
959,0.29928054667673826,0.12952050752762195,6,0.006547289256878867
960,0.1624996132301657,0.062220114895727804,1,0.001523667960309461
961,0.30427055722707436,0.19357753741613537,1,0.0015807986651491463
962,0.19079560873370247,0.07075043327957735,2,0.0029906789796845367
963,0.1902302527525697,0.042183360289748006,6,0.0074789635905987105
964,0.3264814355966635,0.22546376345839947,1,0.001088608663551203
965,0.2813068793807224,0.021825065961881496,19,0.023270146703050196
966,0.34214692019273996,0.2376744377907536,1,0.0011619250861166096
967,0.22367225108782585,0.05008053767848363,10,0.011938244396067476
968,0.16958520983317882,0.06386237718563076,1,0.001855694989604561
969,0.18558845624657294,0.05599462963155093,3,0.004218707444405006
970,0.28817389718552205,0.18868519164497632,1,0.0011426830385973831
971,0.26788848233385426,0.027880353973815917,19,0.021548472337725704
972,0.27495245233541954,0.1734716149620435,1,0.0012646664872062797
973,0.33680430956098867,0.0905054789694417,8,0.009655117568047175
974,0.21265153140812484,0.07198739274352449,5,0.005444753144908246
975,0.31668373612473605,0.044542912773404,15,0.016352321636561924
976,0.2977508556800519,0.09022446438535343,9,0.010692148419078814
977,0.32784003251397426,0.17214963485312182,3,0.004305596206675279
978,0.32681763981045686,0.021538215846206188,19,0.022112419295136822
979,0.24593443431480771,0.09840969344636218,5,0.0056627873153721215
980,0.09902164658712836,0.00950428888272563,0,0.001066570871265839
981,0.21010455788721324,0.06307933043625953,6,0.006632648935704013
982,0.30643741404355473,0.14691878470097305,4,0.005248007425186238
983,0.33575479782386825,0.2370769581330905,0,0.0009833802536518754
984,0.2471933792734909,0.10032056886169434,5,0.005533759284357443
985,0.2521954023281918,0.12783881185575946,2,0.00285916328613932
986,0.11127919142876186,0.025596517829429292,0,0.0009000846512554663
987,0.15572772493516432,0.05090320219083554,1,0.0018372401496001595
988,0.2740030398651489,0.1459521168527119,2,0.002949072116979662
989,0.10136016737237234,0.010186971363581545,1,0.0011397871510346622
990,0.18405339040722749,0.00699702932230685,15,0.017076666112317774
991,0.1763000204075975,0.017942584704264422,9,0.010840800771196372
992,0.13215110080851844,0.03362745177066742,1,0.0014856161630174211
993,0.14268372746974917,0.0036939000990318764,6,0.0066675124740808705
994,0.2317848408690126,0.06441342189710643,9,0.00986801824856713
995,0.25343419726085226,0.03534147455148222,17,0.019198357191657456
996,0.2526515187487689,0.066091009758243,11,0.012220710882448256
997,0.17723337511177784,0.010349736357716341,12,0.013712353393643042
998,0.30623838141675247,0.16792848551011758,3,0.0033694203596568396
999,0.22614548333359005,0.026987538772120075,17,0.019041266146693943
1000,0.3152110361042975,0.044738306991907284,15,0.01637893913168415
1001,0.26212560502301974,0.07761695639980919,10,0.010940210973482613
1002,0.2116871546474352,0.07923281771552809,3,0.0042448917230457845
1003,0.3213588972794286,0.20809673028080913,1,0.0016196306021674521
1004,0.3242330906979841,0.22022344899682766,1,0.001206525210293611
1005,0.3013759143884638,0.07942087991021766,10,0.011872832423546453
1006,0.23510651384539866,0.028592561221293233,18,0.019679276496162603
1007,0.2601312929944263,0.12096633081259292,3,0.004251639864270642
1008,0.34211311781620346,0.23641878672365008,1,0.0012067344368536877
1009,0.16683511150442762,0.039167436168386534,3,0.004172505790064017
1010,0.20453475359448936,0.09517767914390547,1,0.001976043753672093
1011,0.26305169363612396,0.13073351007281586,3,0.0034765916792194383
1012,0.272930046501298,0.09393254322032407,8,0.00919921487153959
1013,0.29627440734893,0.2018354417775972,0,0.0009397567338381338
1014,0.34531137702051395,0.24640864011823177,0,0.000965162967472298
1015,0.3184173464859179,0.2175661615843405,1,0.001106668115125234
1016,0.30407307220388075,0.16772402387106386,2,0.0032451987535128866
1017,0.2858891156579851,0.19378498975422837,0,0.0008850095021892772
1018,0.2505771819499072,0.11021626640325362,4,0.004582511803307778
1019,0.1431450323236755,0.03483226908084784,1,0.0021469472046639097
1020,0.3117660450904341,0.18956157868616463,2,0.002168022376409228
1021,0.32752539582459766,0.22228051181792094,1,0.001242848397944126
1022,0.24015358619237992,0.11712858328618131,2,0.002855069060248164
1023,0.318578928400076,0.17531132977445302,3,0.003552240271526361
1024,0.13731811121997334,0.009909753375616392,4,0.0044632109866544695
1025,0.3367100429532039,0.16074983338916982,5,0.005458793666894135
1026,0.29348522551331074,0.12816562049693958,5,0.006319808558793203
1027,0.1262772994530814,0.02056592723143892,1,0.001991288080170224
1028,0.2762764350388259,0.10674996735579743,7,0.007644784529836787
1029,0.1033141587021962,0.012036828307706488,1,0.001142682323694991
1030,0.15550136872399534,0.021489032592844803,4,0.005386053516245313
1031,0.22099301201134738,0.08095996457845098,4,0.005161141266347458
1032,0.24185797403001505,0.14487428536734967,1,0.0011611261751616644
1033,0.21398634697960828,0.0741774727024328,4,0.005278043411376278
1034,0.29056665485050787,0.1362294088449696,4,0.005219433727880945
1035,0.1868189273648586,0.02306174222294502,10,0.011910169967291653
1036,0.131024852281697,0.02129073585381526,2,0.0023140663456257594
1037,0.33271185298323686,0.2360709316315079,0,0.0009267283525851445
1038,0.22801910744050827,0.08337313858217882,5,0.00571091670755665
1039,0.24132189792108927,0.09970130168458051,4,0.004944045080382446
1040,0.3455763986301512,0.19628790536546567,3,0.0034686619525195897
1041,0.20679274530146416,0.02610721951976507,14,0.015731053437036534
1042,0.27404661567136623,0.1561346872226244,2,0.0021770476376200445
1043,0.28588553488487034,0.04978666834172202,15,0.016423722770983876
1044,0.2980267718332619,0.13277974351304128,5,0.006125772318599323
1045,0.2802811116208463,0.1573566481630051,2,0.0024817615165632387
1046,0.15466865761149734,0.052507082841919184,1,0.0016600101735633128
1047,0.2980384071396163,0.10009778101229191,8,0.009623116994130997
1048,0.3067542361199899,0.03090883405427389,18,0.01992722137477346
1049,0.14936141318822943,0.0033141869136149443,7,0.00830051757615496
1050,0.30420938854224044,0.08166668115063835,10,0.01157522320820741
1051,0.13658511139298923,0.03983877154809172,1,0.0013758991547872892
1052,0.344922107471259,0.0731543508567186,9,0.010773119825199268
1053,0.3412995035302589,0.19534970310752806,3,0.0033349719892008596
1054,0.14986417760088538,0.00646280834516384,6,0.007578584468003525
1055,0.3081304710471583,0.20961342912757155,0,0.001051474699132956
1056,0.24303693933806114,0.04169176844543949,15,0.016812214973314685
1057,0.2652810755844502,0.14422195298204749,2,0.002470308194474085
1058,0.34317948200237874,0.08156921637331387,9,0.010064043586913662
1059,0.3462888894498261,0.2113918046717242,2,0.002584128637552504
1060,0.27480250189769706,0.175191710492899,1,0.0011853849922314793
1061,0.1271328534924718,0.03399751772717277,1,0.001203337299329861
1062,0.33217103590330416,0.1897376980396862,3,0.003257375419948941
1063,0.17756169583423964,0.0025120524119010223,15,0.016979455834746738
1064,0.259206528253476,0.05700745735059124,13,0.014582305108075476
1065,0.1786452098635048,0.07663237382958078,1,0.0015849566315642425
1066,0.11159795038895841,0.0023818533250849145,2,0.0023342056170109872
1067,0.15551204007647534,0.014757962960111148,6,0.006792745987243883
1068,0.1943952296248286,0.07065339442592682,3,0.0033663176924121265
1069,0.22831098160668936,0.03252808418985738,16,0.01761528415276007
1070,0.13278077699923435,0.00772964897752397,3,0.004133210877945348
1071,0.31088628515425903,0.07990754492972743,10,0.01159817170353626
1072,0.294901797245411,0.07209403195801045,11,0.012853824291744876
1073,0.1826407018476483,0.006289673552259321,15,0.01694765777490543
1074,0.33616781764458914,0.20251438430111124,2,0.0026309624244240442
1075,0.19563226333246697,0.004091712742183937,19,0.02167831652792391
1076,0.29648577018937183,0.16933967385837861,2,0.002635642420977125
1077,0.3238602353836196,0.08990008945771683,9,0.0102381880659256
1078,0.25288734113509415,0.08809621431219598,7,0.008146275292499618
1079,0.1086504318806077,0.011437603627048324,1,0.0014488072608350585
1080,0.25332257204505476,0.11453768870099404,4,0.00433649952268166
1081,0.08800914416963115,0.0025994136549768623,0,0.0009064095832263408
1082,0.2155494405226125,0.03518671482806353,13,0.014620394499162718
1083,0.15519997971580682,0.03910865089316623,2,0.002820010748118165
1084,0.3116696297225487,0.21219456082945765,1,0.0010761897822399308
1085,0.10859948605737793,0.0049225390925342226,1,0.001879971908546531
1086,0.2025839333265256,0.027064610064557452,13,0.01445249136401926
1087,0.3382975805087548,0.032254553484733134,16,0.018282196517483966
1088,0.2943955843962021,0.03219984906567192,18,0.02000145600062554
1089,0.16901899517943073,0.03425375418962558,4,0.005298823424892806
1090,0.3265069340205196,0.17293810419541455,3,0.004178012774014422
1091,0.28016222721718226,0.17599662175688816,1,0.0013682167641837749
1092,0.19836165241670906,0.10506298731899717,1,0.001095962368154428
1093,0.20365175952914372,0.08212247013271895,2,0.0030389323102636796
1094,0.30767232963273566,0.0961687826240834,9,0.010073930061985157
1095,0.2946680800394874,0.17659027649751635,1,0.0020438634616175284
1096,0.17225840761755376,0.05978596954144373,2,0.0023780010394179847
1097,0.30932679863749335,0.15501768718730427,4,0.004680745982095435
1098,0.17385104924419653,0.008023320762348352,12,0.013586410382103184
1099,0.2779333705334993,0.12365133244342308,5,0.005603531557675665
1100,0.1593849487882694,0.038123426313278586,3,0.00338076657707305
1101,0.16982654834115568,0.030202182248880802,5,0.006219859918463841
1102,0.3498404995940935,0.23910458518258132,1,0.0013690718275904895
1103,0.23325507216269561,0.13291713188800278,1,0.0013368597134515655
1104,0.31433326046365295,0.15680739214507378,4,0.004824142542705551
1105,0.3191884910343377,0.02736056311406436,18,0.02047547803055309
1106,0.1916364484458555,0.052209626685172726,5,0.005700428307103266
1107,0.24861716675515683,0.0825846805208795,7,0.008594287799493621
1108,0.19755017979468814,0.02655630028158581,12,0.013430544164945024
1109,0.21043970043661003,0.08427120447385196,3,0.0034792063025809285
1110,0.15232921761438623,0.029834286658672587,3,0.0035961266329282058
1111,0.13290520152680688,0.02393632328519606,2,0.002239491245145484
1112,0.275040558128407,0.10592937702166667,7,0.007652466415613337
1113,0.29669830581498013,0.11633377423067656,7,0.007820349903422457
1114,0.21904535704064054,0.0750876756152756,5,0.0058331430851201104
1115,0.1139098449888177,0.007290979527921809,1,0.0020995939656666585
1116,0.2585129983767034,0.11551380345851023,4,0.00473966644000757
1117,0.22092547250102798,0.09760347788684155,2,0.003065066472937796
1118,0.15813172062752512,0.06079065453896829,1,0.001367354427283835
1119,0.34483058720761517,0.059121175629980455,11,0.012500675064286875
1120,0.23773172945260493,0.027009781017702288,18,0.020436572665097654
1121,0.15775748065735037,0.02307319216705627,5,0.005475727670066914
1122,0.348812282574182,0.14742578625078745,5,0.00625993601541236
1123,0.34648104903185295,0.08822445260560265,8,0.009364587590061724
1124,0.2681853001301207,0.05689499504062801,13,0.015026220993839007
1125,0.2437959181672762,0.1408544071978923,1,0.0014342587686635838
1126,0.18481635571120164,0.07200687733709456,2,0.0023423777606267023
1127,0.11981811074990889,0.0035092313682581603,2,0.0030413026351533644
1128,0.12356076435137438,0.031004659682640198,1,0.0011800217605237725
1129,0.32054738358049084,0.22411468928843564,0,0.0009493825682112876
1130,0.26622909819142765,0.06963058646714901,11,0.012638846434688112
1131,0.22363974831037142,0.04384204848989947,12,0.013591476838747285
1132,0.32879789855218533,0.22935832711722492,0,0.001027331059227571
1133,0.28467673617023215,0.09522929004398999,8,0.009755549805401477
1134,0.2974994390806536,0.1613666310476899,3,0.0033249633242097383
1135,0.26752835671580893,0.03750192117058146,17,0.01907021677545829
1136,0.13841071804704505,0.0215106097368272,2,0.003007360871313402
1137,0.19922655179601667,0.04027516248479415,8,0.009758178548580193
1138,0.30665752271331764,0.1827413571277577,2,0.0023178818967010367
1139,0.23279372218687094,0.09797963321813138,3,0.004215930975564997
1140,0.3151039931421407,0.040124739840032855,15,0.017345182661967346
1141,0.19016422072368586,0.013309659404860098,14,0.01627818509046338
1142,0.24705514697548855,0.1274955500535439,2,0.002499331192191827
1143,0.2941167850696344,0.04284474755098142,16,0.017566319498982606
1144,0.21404114500287771,0.0831742619705606,3,0.0040028104663818115
1145,0.16592746930586838,0.006747454827343895,10,0.011710465155841402
1146,0.1480785322697811,0.0018611818545788729,7,0.008387970130298154
1147,0.30594225446812284,0.0960621322454053,9,0.010093770018164654
1148,0.29631842954817894,0.07549501672700583,11,0.012407127245605951
1149,0.2914347866093059,0.048458352106431186,15,0.016549921074296238
1150,0.10355270669091704,0.009003471263052377,1,0.0013065897460556514
1151,0.33928267820096897,0.2201549093304218,1,0.0017988914865958092
1152,0.21437091803753494,0.008087487203099007,19,0.024139906151155417
1153,0.33150525311672685,0.16626130607212278,4,0.004908584439626202
1154,0.12982156424792846,0.03880959254070934,1,0.0011005390220381896
1155,0.14942404501941117,0.05384390921077843,1,0.0012911914154065348
1156,0.2895153398567146,0.04228672512023582,16,0.017809550707122746
1157,0.24071762383163942,0.04278366213254658,15,0.016292858159524814
1158,0.30147658934192856,0.1658750601945658,2,0.0032231234669731165
1159,0.15512504309018005,0.04463963678848709,2,0.0022840668248370432
1160,0.31247739701112875,0.035964227705015506,16,0.018414455129445926
1161,0.3367985071668786,0.24515230578836988,0,0.0007743329126662141
1162,0.2853971705331474,0.1709530215146297,1,0.0018844418165503336
1163,0.30251190703073877,0.18518162339840422,1,0.001946456822773679
1164,0.34660511954706624,0.03919541097435925,14,0.016129085281302122
1165,0.158649247329891,0.012306725367182723,7,0.008090685464249528
1166,0.11997075607701209,0.01972194933642652,1,0.0016163556958691198
1167,0.32103837748940595,0.06293859041879757,12,0.013155765146121805
1168,0.3313884101351475,0.23724382326522253,0,0.0008547983888242662
1169,0.21609155953522086,0.09807926264074227,2,0.002601976469224478
1170,0.2733797724221672,0.10665381311077857,6,0.007405677686522952
1171,0.2484248887761831,0.11375435941953632,3,0.003944013040535202
1172,0.1108627997299781,0.022809022757031925,0,0.0009934928078104233
1173,0.26834214754911695,0.03962733429045495,17,0.018583025877835224
1174,0.14829162671605495,0.014527494752841714,5,0.0054542082136378196
1175,0.3336509823845532,0.12851742503436525,6,0.0074070120614259894
1176,0.13486203654421497,0.0030856014666301884,4,0.005269002110718592
1177,0.09536209636384321,0.005904576866889033,0,0.0010671649678832332
1178,0.10113312610530542,0.00034517141990965654,1,0.001687923414753984
1179,0.2797578808134175,0.0917782084932209,9,0.00996650538061621
1180,0.26330828371102355,0.049475092796752454,15,0.016325161593775485
1181,0.25733213113590225,0.05732482108061168,13,0.014394687635419038
1182,0.28995525462681476,0.10663330203739903,7,0.008593497085483178
1183,0.3372614881139036,0.19607156034681825,2,0.0030931098394568184
1184,0.15794663015432356,0.007295480422669158,8,0.009330460882097939
1185,0.21853552579615265,0.07217290569547434,5,0.0062602484548068575
1186,0.284917357781474,0.104197159267765,7,0.008613401423170398
1187,0.17371794116194647,0.025036746919027318,7,0.008197386516421143
1188,0.1823318776330694,0.052336293007205714,3,0.004320134496851074
1189,0.2740079149296428,0.06301505530484697,12,0.014102407420207
1190,0.09387019230438265,0.004810584448990617,0,0.0010509493161515537
1191,0.2868199353211892,0.18656872170900324,1,0.0011770348703202221
1192,0.28661470374658854,0.058340930090260666,13,0.01494193731664334
1193,0.29157812602692496,0.09945740070251298,8,0.009516871476092249
1194,0.22144527940096892,0.030057051634337004,15,0.017306881531175884
1195,0.2579269701929612,0.07365092911109128,10,0.011275138605771284
1196,0.20278652617882703,0.11322657441002477,0,0.0009406648354013351
1197,0.2444842677779127,0.02848098624614722,18,0.02055922397600368
1198,0.3308106097850424,0.19887343910659758,2,0.00258700043788817
1199,0.23105649461268046,0.06748333502367883,8,0.009097828850458562
1200,0.28172833369919437,0.14842652247566507,3,0.0033083419633466366
1201,0.2589375074418053,0.02661095563637996,19,0.02177941745022612
1202,0.3249888729096853,0.23454960204898112,0,0.0007636533374792393
1203,0.10460354049005202,0.014588093144469832,1,0.0010834902213031677
1204,0.21960222114512945,0.1288784655491864,0,0.0009570506777380805
1205,0.345889155635603,0.035536613534889246,15,0.017069688895383423
1206,0.20579198355291128,0.023470572778559195,15,0.016420742289580504
1207,0.10308033071263228,0.003154481207927225,1,0.0016267104728992674
1208,0.26608293386024695,0.10605244423052308,6,0.0067898308510846205
1209,0.3380693526904532,0.09828329064140015,8,0.009057043399597101
1210,0.33901521552613967,0.0734223733753605,10,0.011046116234681385
1211,0.2566302984391849,0.06541376353538708,11,0.012723642547118958
1212,0.14670364008193523,0.029727522970174104,2,0.002966616929501475
1213,0.240245807225185,0.12456730388114799,2,0.002246016773944677
1214,0.14319741574047798,0.02491167285659547,2,0.003138571784301241
1215,0.17303253813970662,0.05089780673304227,3,0.003373162277221515
1216,0.08890091437509193,0.001300857203775212,0,0.0009927713249308276
1217,0.10424620612046258,0.014732739927729744,0,0.0010615931032753815
1218,0.31791881600979227,0.21811239696918208,0,0.0010704801547549293
1219,0.23954915881135774,0.04120728321185028,15,0.016577583167968653
1220,0.2143552416752394,0.059710425308674986,7,0.008017761899022799
1221,0.18367939039978254,0.001327861282232029,17,0.019453491900948118
1222,0.34826647042983816,0.03631940306445332,15,0.01676243356718262
1223,0.09905282113367112,0.009756034543577131,0,0.0010568422274475399
1224,0.31437861466221834,0.052800996848144016,13,0.01495989667107155
1225,0.31372875710181974,0.19029354832082185,2,0.0022268660418981235
1226,0.2987336532411278,0.05248919503942686,14,0.015624061986843631
1227,0.11329959712476004,0.020084559184423523,1,0.001225346220298589
1228,0.2906971050888893,0.07329377067298419,11,0.012728526375999062
1229,0.28354612274388064,0.14703108934490708,3,0.0035730046811224742
1230,0.31933969652205474,0.07833653292038023,10,0.011461199323387855
1231,0.16074796203624844,0.01594833524219603,7,0.007629211855822405
1232,0.29621367485534145,0.04694485413780354,15,0.016695131677651635
1233,0.16708409128839552,0.06554346186364318,1,0.0015879918279808646
1234,0.305192436664859,0.0854290598851283,10,0.011160459101170743
1235,0.3397324774155464,0.20768714367961064,2,0.0024936164449926327
1236,0.33277136727698425,0.2306058053131796,1,0.001110139408328661
1237,0.15327769717268713,0.04401455452557755,2,0.0021876891316008006
1238,0.17511102208889223,0.013697428098038145,10,0.011913247374997235
1239,0.3320796749905348,0.09498171983289949,8,0.009530893318186663
1240,0.11050102288701517,0.00781409399597311,1,0.0018027748466723378
1241,0.21952001632197218,0.09286475700414192,3,0.003432504709539981
1242,0.27170154121599166,0.13403828059561387,3,0.0038803287369997713
1243,0.24681370807390135,0.08949640589202075,6,0.007165797577264303
1244,0.30701365027845684,0.10397911631041933,8,0.009344797967778146
1245,0.3284321306539789,0.1472548969345668,5,0.006177275907489978
1246,0.22601770688025008,0.08248823196016564,5,0.005585439112962432
1247,0.20137911652800655,0.10126123555497184,1,0.0014144236081599774
1248,0.33115589813490476,0.119555302227679,7,0.007976500780925088
1249,0.30537873510667013,0.05316721654129546,14,0.015273987896293296
1250,0.09997702774895219,0.010771904020572789,0,0.0010520151495788848
1251,0.16589465570689707,0.027796027129587092,5,0.0059928067655166135
1252,0.15435508151811672,0.003114368501050899,8,0.00965407783951209
1253,0.27076002369465635,0.02755635121202569,19,0.02164588798481021
1254,0.23771770940945858,0.07216826335682092,8,0.009123279265334933
1255,0.315688839800547,0.19063263065612998,2,0.002309945802547709
1256,0.275108395681825,0.11924008062506147,5,0.005892423099958344
1257,0.3479957427577155,0.2452261476572842,1,0.001083076504093644
1258,0.22467760452743196,0.05401314602174585,10,0.011124159157220061
1259,0.34949047355534385,0.23520179398513263,1,0.001517025894503476
1260,0.2105716833765923,0.015976871762814215,18,0.02022205260969394
1261,0.28666516916472096,0.09473085999314178,9,0.009907421592784143
1262,0.33329563124163203,0.18806306895125646,3,0.00343032879743595
1263,0.17084090036921915,0.02027649254305275,8,0.00880168230052452
1264,0.14284713868741528,0.014400787527921895,4,0.0045733165782972
1265,0.22213910243323415,0.002833286866328135,19,0.027672621109750994
1266,0.18908874132925182,0.014741596397282479,14,0.015430269127639984
1267,0.24996323069052898,0.13706059749853625,1,0.001991527400108357
1268,0.3453272621438354,0.22135323162684487,1,0.0019977728341162176
1269,0.31368075882644575,0.13750948873097546,5,0.006490571389493824
1270,0.1676489316387049,0.0011950972661443472,13,0.014331330928265745
1271,0.24052605402783947,0.09151767107621388,5,0.006045015458802109
1272,0.16434714627006963,0.017963062908760843,7,0.007921850320192578
1273,0.18693213036297654,0.025664215428289738,10,0.011121599469114951
1274,0.10966481000117098,0.0035119043866077243,1,0.0020725235924550253
1275,0.10248490296425594,0.014453795765188668,0,0.0009999013091271504
1276,0.26395300084282874,0.11899753001718485,4,0.004853738418357291
1277,0.315119516739364,0.10158969131323978,8,0.009515800075898702
1278,0.1791485824170642,0.05916908435256228,2,0.0030751586858789866
1279,0.22644642450427913,0.08863378979950944,4,0.0047264853081978786
1280,0.27594198219157684,0.08459600740891467,9,0.010786196409102196
1281,0.3195369941341962,0.0810862433755844,10,0.011183789170396901
1282,0.1789552170493098,0.004751839357376251,15,0.01646080315012449
1283,0.3006753731369078,0.20409383631428188,0,0.0010023369443094487
1284,0.30389298355081024,0.15221102491814684,4,0.00458355486900069
1285,0.2860861456685065,0.0788972479041566,11,0.011949757071218741
1286,0.1516477975382934,0.00699041703263139,7,0.007855885699980832
1287,0.2844379688544173,0.1556781317673251,2,0.0028895191381059916
1288,0.2154827165805405,0.03680628084286381,13,0.014117525601871727
1289,0.2606392833564082,0.06832027947944774,11,0.012493872802808673
1290,0.24117810313032845,0.01526938541135555,19,0.024622535033035294
1291,0.09524462609230686,0.0028465878144366065,1,0.0012052401567292134
1292,0.1129856158080582,0.016903613874523684,1,0.001377453276718678
1293,0.3390308524547854,0.1274903432372823,6,0.007377261046732791
1294,0.32441339378081635,0.21512835964825075,1,0.0014223626616738153
1295,0.1073978138724104,0.020492302324861635,0,0.0009502336402451809
1296,0.254645924948251,0.11810983704570895,3,0.004052050317285895
1297,0.10281445187071071,0.011540387728146778,1,0.0011430449860744055
1298,0.29021294686063104,0.18750120756471675,1,0.0012689218072908972
1299,0.2790640615545021,0.1799872602874843,1,0.0011516562821921748
1300,0.34898449429968253,0.16025414863803103,5,0.005656069258094041
1301,0.1100368776663084,0.01727251497314984,1,0.001206923167555129
1302,0.2430881810727747,0.11207857860529633,3,0.00361703481369508
1303,0.12349255519023374,0.01651477513799996,1,0.002101477632715502
1304,0.24837599970700183,0.1008173470243476,5,0.005599311063473095
1305,0.2133730377368564,0.08685813400468259,3,0.0034860846938834776
1306,0.13261295535709328,0.003486638954469297,4,0.0048086944756597074
1307,0.3381434270124279,0.2308057949133057,1,0.001284467228837081
1308,0.16655203807062793,0.007129255250448451,10,0.011758070504080969
1309,0.29983557856436327,0.06487310081536765,12,0.013710931836243622
1310,0.21842914273942382,0.11178410530350935,1,0.0017359884033288531
1311,0.32326095792190646,0.07278777427144278,10,0.011872373450022287
1312,0.3033531508738329,0.17506775876511316,2,0.002645565047916973
1313,0.21807252731654525,0.1258495554359632,0,0.0010164924533637267
1314,0.33811798657588926,0.06384896034498717,11,0.01219895385282422
1315,0.1387430783067291,0.03290502514242073,1,0.0019642644710666114
1316,0.31109969142365873,0.03705842793609426,16,0.018209838901239853
1317,0.33389588244478285,0.2318502790646772,1,0.0011023758836045492
1318,0.19671777587544198,0.03608285355603071,9,0.010352208432176149
1319,0.1285734974332125,0.035405638365691064,1,0.0012029543780714697
1320,0.153391077540412,0.009576938214639624,6,0.007588272420275792
1321,0.18174300945146757,0.004222614159131699,16,0.017555618656780566
1322,0.12046133236581325,0.0042732236470159665,2,0.003023833435249109
1323,0.22040558751741726,0.06350325226339831,7,0.008231361333760104
1324,0.23458728788614294,0.022688872507565416,19,0.02150132534181006
1325,0.10800778516385998,0.0027348715228626835,1,0.0020052573477833697
1326,0.1648296612408686,0.04025084193440144,3,0.003759736113024442
1327,0.1497599314091888,0.021353176515900612,4,0.0044863260800775216
1328,0.2480108428889369,0.1188796294310139,3,0.003356599620512407
1329,0.30082548607926335,0.03620242457833678,17,0.01880409319302435
1330,0.2887009923027872,0.1257049767361961,5,0.0062518232869757705
1331,0.14107924605978867,0.03410972602573525,1,0.002045092224011362
1332,0.31860512027883015,0.09373693739176331,9,0.010091087274922183
1333,0.3205692845315869,0.13100780302191967,6,0.007218250757528774
1334,0.12420667273174839,0.03544383925473299,0,0.0010098499940968159
1335,0.25691971708082395,0.1261470900768917,3,0.003406932470718465
1336,0.29072279165071047,0.0960054470769537,9,0.009898388490092568
1337,0.15339307235090952,0.00039551371706788435,9,0.010257188043888104
1338,0.12331488954928553,0.010435403219376527,2,0.0026475423988245495
1339,0.25008741882013374,0.05766738379856608,12,0.013724505007712027
1340,0.3004824041234466,0.051891380511958005,14,0.01566681511193068
1341,0.13770262385745133,0.04654574109908158,1,0.0010971474698240225
1342,0.15125124293028075,0.024613337328720435,3,0.004192664453478671
1343,0.1897260172884153,0.025649177913002603,10,0.011811998801752769
1344,0.2850811446767239,0.15216056429219307,2,0.003228872089516331
1345,0.12641914926668482,0.005377111140722816,3,0.0036021717601805122
1346,0.15272517158168403,0.01950470656327403,4,0.005281912824228897
1347,0.10826670289827518,0.02496153426651265,0,0.0008171089709923016
1348,0.1940640318183653,0.015361679163033925,15,0.016536374770447657
1349,0.22168996721665638,0.06526593223835331,7,0.008074139725624499
1350,0.2677797738130827,0.09492274864425766,7,0.008610546350472063
1351,0.34972928343790943,0.24359285994990357,1,0.001194963977799548
1352,0.20286355502182343,0.03961780967606199,9,0.010700832241960485
1353,0.30066557814566364,0.1817069637239496,1,0.0020554223668366118
1354,0.3272512178860631,0.10052971584346515,8,0.009311420354955937
1355,0.24324710207350733,0.11017614253371161,3,0.003843060137252255
1356,0.26601023010319713,0.133130506220911,3,0.0034900511704136603
1357,0.3092876744968456,0.13169158698532654,6,0.006837952469794508
1358,0.174265481753777,0.03060252269639167,6,0.00697826345094885
1359,0.20488686397111744,0.07826173778021503,3,0.003594815751826046
1360,0.13293494272827971,0.04988227073659786,0,0.0007907436884085981
1361,0.22310840694189132,0.037261181521817156,14,0.015376488681138343
1362,0.14831739821436643,0.0620426806149756,0,0.0008884161711315953
1363,0.27995475658372154,0.06742755126716424,12,0.013506411670083509
1364,0.2268283628661524,0.02188732752857281,19,0.02083982201430574
1365,0.22160504753143334,0.09032672608752053,3,0.0039476309271372235
1366,0.23535427956069246,0.04884810628037409,12,0.014081335589379292
1367,0.2544417060858791,0.12940469200089402,2,0.002896953891633095
1368,0.322788962745024,0.20357981652390958,1,0.001914620432932204
1369,0.1579321679917057,0.014636072740989256,6,0.007335508425784366
1370,0.17130051807272,0.01859246069801644,8,0.009383807521090253
1371,0.15076738044866483,0.023257587275748504,3,0.004332205968933407
1372,0.1618030529367849,0.028009019669289967,4,0.005243632702135144
1373,0.29675261648509177,0.09035984499015622,9,0.010670505541243979
1374,0.2962597377356738,0.19793549209407102,1,0.0010760678706188225
1375,0.3104751216621016,0.18395006991193102,2,0.002452786143312837
1376,0.2955758382961297,0.06598039558194953,12,0.01365916550934532
1377,0.29386620957315507,0.018264697441557377,19,0.024237374430324966
1378,0.34624513041178273,0.13267803065218595,6,0.006964946248211299
1379,0.24764546232549065,0.08746091857206795,7,0.007614307040518823
1380,0.2770532404950737,0.10580132096561443,7,0.007838956740624835
1381,0.26704551229196904,0.11018841739931447,5,0.006308067465872111
1382,0.287937883273888,0.1295377783780733,5,0.005753427597998361
1383,0.3213225817373894,0.21767319323342388,1,0.0012025795579819318
1384,0.3098432750640635,0.054106738926815,13,0.014942079582260912
1385,0.34607008703093967,0.21724915762820907,2,0.002246438542550658
1386,0.27994910276121904,0.09956476793620407,8,0.008907184739922273
1387,0.3010485509537838,0.07914883457003576,10,0.011908997317093325
1388,0.1866346693578629,0.08120361067038162,1,0.0017766453926551286
1389,0.27188622537745627,0.08944422849822806,9,0.009793813481519153
1390,0.09314476544860803,0.004558242759480132,0,0.0010310799840284066
1391,0.3198930869411735,0.12476666237085104,7,0.007685376977639492
1392,0.34755044677412383,0.20252707175541187,2,0.0031689946189787464
1393,0.2961353755865714,0.1752293884406324,2,0.0022108938924300012
1394,0.33124845337554976,0.06922454099732989,10,0.011891504858835455
1395,0.21487670687072577,0.06882346388177665,5,0.006311085250068956
1396,0.1775304312929599,0.0051186305575869505,14,0.015862978902584996
1397,0.17959975695082012,0.035886240870098084,6,0.006843552124686139
1398,0.09436627351872064,0.005409569644601823,0,0.0010460523889079577
1399,0.21325472546054242,0.06878128469927021,5,0.006075054724418033
1400,0.3206625490007567,0.0431718454403446,15,0.016450525620830166
1401,0.3445474689923058,0.03181440043697406,16,0.01814114870220884
1402,0.23489163950046515,0.13144494581829572,1,0.0014905606332791985
1403,0.29674808625034044,0.18650553744469128,1,0.001594373921572433
1404,0.13846456137149715,0.012685809833018953,3,0.004191688213382127
1405,0.2988492930116914,0.13522657366028354,5,0.005923265081021702
1406,0.32364968856160614,0.06403859437749565,11,0.01288970107158453
1407,0.34934739994313324,0.06872293679263376,10,0.011029448345417404
1408,0.3164636912060082,0.21439145403354692,1,0.001158092994304683
1409,0.09966238352892907,0.009177478580984373,1,0.0011095158102250155
1410,0.3219211885299355,0.220282210397764,1,0.0011248694668508923
1411,0.22323114121155288,0.019972932467440585,19,0.020991597029661184
1412,0.33245430328640135,0.15183557462522915,5,0.005950079795067854
1413,0.11353359599742477,0.022243409132848134,1,0.0011322782380525642
1414,0.3390399015992431,0.04038691237983812,14,0.01620181260248795
1415,0.3423000600003222,0.16572472989852213,4,0.005275433062725082
1416,0.3128748014292505,0.21035372487316686,1,0.0011868384724448315
1417,0.2892527253990649,0.15197054934165813,3,0.0035520881642565824
1418,0.2610830698239172,0.1331215733597322,2,0.003088274632033707
1419,0.29401483236885023,0.17565168234635234,1,0.0020659627585799677
1420,0.13111192909423142,0.017818913826079315,2,0.002655374614272706
1421,0.34139762812598623,0.14380483762910123,5,0.0064996440532740255
1422,0.14587191103761882,0.022104955548742054,3,0.003825473015865478
1423,0.11187467439835853,0.021011914348336557,1,0.0011143934763497663
1424,0.09463047326534646,0.003934074829550493,1,0.0011240370958480817
1425,0.20580855174249615,0.08798913409528064,2,0.0026584992641783796
1426,0.3221175024729541,0.03550812079774726,16,0.018121608653991022
1427,0.3422437071877633,0.21639877354977544,1,0.002121093717546087
1428,0.33417619732554166,0.06662372982397595,11,0.012052168822845656
1429,0.20078526894543905,0.06122277145564163,5,0.005524531143282553
1430,0.16820996099201987,0.04244125867553453,3,0.0038872730641188883
1431,0.13821060129221868,0.044768717533416665,1,0.001202558082612116
1432,0.13267026903083823,0.020233892750675695,2,0.002562273198218099
1433,0.21057871100338552,0.020559954858136914,17,0.01850498761326775
1434,0.1190152479002885,0.030404312242549265,0,0.0010087934645747316
1435,0.25628666213212126,0.030644567716260954,18,0.020566862538020512
1436,0.16547914177775352,0.013131610815568018,8,0.009527793857838156
1437,0.341306664559042,0.02706057458521352,18,0.019710078452397004
1438,0.2513600533867404,0.14685822805890883,1,0.001488487153856328
1439,0.3384351704245352,0.1860935374246355,3,0.003814754381165483
1440,0.1533454880468622,0.015691663489006843,5,0.006153201878776573
1441,0.21123908608526862,0.034494769715128826,12,0.013967780853582575
1442,0.3472498207304793,0.24125377911143098,1,0.0011989977881590634
1443,0.09193393790443172,0.004412051474685554,0,0.0009872885571266346
1444,0.09669850005618955,0.007223345181499506,0,0.0010667751817019415
1445,0.28408471168198474,0.17520191678221952,1,0.0015835333852534125
1446,0.24861696245337225,0.14390925641941116,1,0.0015092874665146477
1447,0.2913888434857324,0.1773126148937326,1,0.0018282393116265546
1448,0.28105848412861234,0.05263799366083586,14,0.01596100419578577
1449,0.33421409233414634,0.12054246922739413,7,0.007857816378193988
1450,0.1352849103223782,0.01416387945972941,3,0.0035487858246918574
1451,0.2542669508257014,0.10228601430187571,5,0.006060601105232644
1452,0.27518311689457264,0.038581888294297324,17,0.018841148566503808
1453,0.12678309356819967,0.008868618791468068,2,0.0031953158124301646
1454,0.20234469031805793,0.009148561582249172,19,0.021160496774463966
1455,0.13953065154528632,0.021312740927525015,2,0.0031539696450775833
1456,0.1870272322834589,0.007913329792677115,16,0.01757295332209093
1457,0.11775645336768162,0.009584941175837438,2,0.0022207526645359552
1458,0.0949940346380316,0.0052553108428059075,1,0.0010800053381640035
1459,0.1166349287690208,0.02409166524976155,1,0.0011881151283600776
1460,0.17096618750823742,0.043375264490170776,3,0.004113178714752727
1461,0.3239952679680495,0.07695092857821577,10,0.011405288265725145
1462,0.2249080509776501,0.10634177480058324,2,0.0025857148305878904
1463,0.31553584328221124,0.13758679703631652,6,0.006554039091503427
1464,0.1425895534955428,0.01247479799637231,4,0.004861950457910173
1465,0.11303719917674628,0.004713223693134916,2,0.0022488889705592433
1466,0.3388378557171225,0.03439635268595418,16,0.01767834925969389
1467,0.24440010630133974,0.08132165731983598,7,0.008283576368189926
1468,0.3151822723742949,0.07244852017199352,11,0.012251550424495248
1469,0.11775319264716344,0.007525332527617465,2,0.002407824897483648
1470,0.3459909934420164,0.2407513219147701,1,0.0011761181046628726
1471,0.17547960279352046,0.035888989189930554,5,0.0060875143045931905
1472,0.22416872450779082,0.13307956901599394,0,0.0009628423202219522
1473,0.34930231671648376,0.24702976629219092,0,0.0010623165961600072
1474,0.18019029720770932,0.00598339156246943,15,0.016327059586058863
1475,0.1764614171557092,0.06245518258955648,2,0.002493391065945912
1476,0.15792519388186296,0.06578404799433647,1,0.0011128538645975021
1477,0.10663446769109317,0.01698481913442692,0,0.001065302383649178
1478,0.24478459626625262,0.1011039168592977,4,0.005146745163323288
1479,0.22765765652008854,0.12781246663082252,1,0.0013285910035865526
1480,0.20384735105925103,0.10910195794146395,1,0.0011480266584182827
1481,0.3451823577483689,0.17387137352096393,4,0.004853218361238907
1482,0.31521821779371745,0.0894537269077922,9,0.01055377664888477
1483,0.09122576344556765,0.0020796493165862262,0,0.0010569343023938242
1484,0.12125294688882113,0.015601240292092021,1,0.00200068703282902
1485,0.2927244784901776,0.0260323948971402,19,0.02174757799294327
1486,0.10791829600857324,0.0017657024084464636,1,0.002077088551682123
1487,0.18681788284012282,0.005694216923485332,16,0.018459002606948032
1488,0.32389429531628033,0.13596226608941345,6,0.006901088461106052
1489,0.2964790127777326,0.02440118442441872,19,0.022138653905256402
1490,0.3414913594408136,0.2410466233042658,0,0.0010251160761399465
1491,0.18878173155211525,0.045378575256886294,6,0.006530429325635881
1492,0.278175408435094,0.10070043835022219,7,0.008627147725330941
1493,0.29733255865948843,0.0967014586052201,9,0.009977817206545987
1494,0.20052847853282382,0.04629495748310035,7,0.008516655797082492
1495,0.2004530400196541,0.10738112674006067,1,0.0010825962901725257
1496,0.3332592673188494,0.07883259717601383,9,0.010797056184311768
1497,0.11114610634265998,0.003989682405388226,1,0.0021527145479728342
1498,0.18095961765423324,0.056191268064625925,3,0.0036236536823838965
1499,0.29997406732918924,0.1810398179266,1,0.002058868111916077
1500,0.23763588705966796,0.13015342737996025,1,0.0017087049067535155
1501,0.28174308258246417,0.054682747348264976,14,0.015595371203797979
1502,0.15179250339321018,0.004528924463106828,7,0.008564582131327731
1503,0.23142463355100745,0.08147853282364216,5,0.0064851346388349945
1504,0.2690884699349053,0.10482952589240574,6,0.007262956791716385
1505,0.2168708001750667,0.0827629452985558,4,0.0043865101306998855
1506,0.17085335065858895,0.03553958619853444,4,0.005365914030274325
1507,0.30854818461843886,0.09190848730641837,9,0.010467121982689563
1508,0.20878210469445274,0.10177408706620532,1,0.0017975460541501266
1509,0.20102648324611827,0.058364980703325034,5,0.006068663146253517
1510,0.16017342715898372,0.049771822663521315,2,0.002255118812034435
1511,0.23462922520086868,0.12414420047963412,1,0.0019114726987243807
1512,0.1494489094160029,0.00943679829112146,6,0.0067596328975383655
1513,0.2898233275446526,0.13460907794594643,4,0.0053370413123630615
1514,0.2319030384549286,0.1242183517863648,1,0.0017451980953497937
1515,0.13061349813836623,0.010770682839813639,3,0.003413752449747692
1516,0.17684569179063145,0.05124452757149616,3,0.003773714295948386
1517,0.3454689702789875,0.123144171725478,6,0.007421918229928364
1518,0.18237374347608526,0.011357461169487784,13,0.014827591551400688
1519,0.14565762111499256,0.03656746093702895,2,0.0022027728775792675
1520,0.18500259239929834,0.0148125732767804,13,0.014272629189464477
1521,0.3104942504623835,0.1938264793591338,1,0.001857693146978965
1522,0.22102460114532776,0.11476181467026793,1,0.0017021605710327715
1523,0.2167099012468972,0.022928756258611658,17,0.01885711809477263
1524,0.13218070932713955,0.015142598994980841,2,0.003059322619455567
1525,0.12412159474161354,0.006256072044919316,2,0.0032048653137872725
1526,0.1263357123286512,0.03531134243417647,1,0.0011053031666212406
1527,0.33525342278425135,0.04438608762272942,14,0.01551873803687358
1528,0.13996962368525284,0.014924998323230479,3,0.004065345814787589
1529,0.3416952589466157,0.1182590768352404,7,0.007779781130445656
1530,0.21672208477133795,0.040910108539158024,12,0.013156841509098268
1531,0.2722410305111102,0.06344163096458064,12,0.013980746500364176
1532,0.23924095593784178,0.14411587027853512,1,0.0010898692565386434
1533,0.12213241149634334,0.033557557076659986,0,0.0010041865235881017
1534,0.11710101074574424,0.027745883489678224,0,0.0010421193339725688
1535,0.3103974554505879,0.14922299713665205,4,0.0052719352774981505
1536,0.3210417755870968,0.1638426510003202,4,0.004605365247184843
1537,0.3182803075803338,0.1924343373045777,2,0.0023354488454596922
1538,0.18192377149871605,0.03470885592737555,6,0.007561928055764165
1539,0.2642490082800834,0.08281187584578323,9,0.010235717623158959
1540,0.31659859575736415,0.1766450038614703,3,0.003332731799281739
1541,0.27027849938154586,0.03907593359933835,17,0.018725683507344913
1542,0.16228647179256664,0.017368978630262766,7,0.007613814001915675
1543,0.30837498961069404,0.10818859140188528,8,0.008966550640926173
1544,0.190175525479275,0.09983953791527804,0,0.0009890201692794689
1545,0.3454025662750621,0.1859034767714156,3,0.0041173926252236525
1546,0.2550889900512997,0.13751871434104912,2,0.002286507634835977
1547,0.3298609442922181,0.12276249525880498,7,0.007799107416464983
1548,0.20722286678722682,0.014555135047034649,18,0.020065901405851783
1549,0.32410337034010805,0.19283574680927434,2,0.0026203738989934453
1550,0.15339798868842378,0.061258216618781225,1,0.0011194962768567894
1551,0.2551736284187953,0.15433336854255122,1,0.0012963758565712393
1552,0.33707529838273853,0.12971718929574103,6,0.007293572608455812
1553,0.2996632002590403,0.16696096116404832,2,0.0030179609152773445
1554,0.2990262499298352,0.03865927239610883,16,0.018301838400130964
1555,0.2714861264827925,0.1754239421915473,0,0.001053388010432289
1556,0.19065580154471704,0.0026236629306089707,19,0.020961364898331964
1557,0.0979489624181119,0.007478446459611208,1,0.0011104869257514782
1558,0.2732785433020249,0.07965934742433285,10,0.011389125513479629
1559,0.32424535848741776,0.06252704268337317,12,0.013059610474257459
1560,0.25680381174791533,0.11913876159694163,3,0.004142130248895926
1561,0.15685546793175198,0.06412093541870181,1,0.0011411917905763146
1562,0.2465570127393589,0.024657015445518682,19,0.021846849567981257
1563,0.2938793836686998,0.20576378306676044,0,0.0007524582126897556
1564,0.19520641297441288,0.029135580669539984,11,0.01204612288518263
1565,0.33916326675693753,0.2098747145366169,2,0.002339974687995709
1566,0.31892845983551465,0.16325828166957673,4,0.004538211074601905
1567,0.17936365794097858,0.03489691483155797,6,0.007015137508017523
1568,0.31462430833707417,0.07853598806766202,10,0.011617897407775486
1569,0.207392636734795,0.0934011598767648,2,0.002315728624067158
1570,0.11070306531449745,0.019541485444537404,1,0.0011294302499091928
1571,0.18139373787528373,0.06739317308715143,2,0.002465354882936625
1572,0.34954303316052665,0.16886000745878438,4,0.00522047330555506
1573,0.28823896361310297,0.16891850687064242,2,0.0021682144267499326
1574,0.2997439806278565,0.09310756158351548,9,0.01039020731758907
1575,0.22424677567902856,0.0883418802223924,4,0.004504727822037602
1576,0.22634538050383213,0.0699896184042815,7,0.007856498338132943
1577,0.1936951150266682,0.03791287756548496,8,0.009209864658875898
1578,0.34930477646579167,0.1834306914501536,4,0.00439893196026199
1579,0.11383681801242526,0.024624357613181734,0,0.0010392893079529618
1580,0.24249605451858916,0.11467553653180983,3,0.0032908117655687263
1581,0.31859412780219887,0.10035860296205767,8,0.009554804854022107
1582,0.23301153188465334,0.10447599893079852,3,0.003479540551557375
1583,0.23472216494541873,0.07736188812858219,7,0.007685580390845268
1584,0.18019929286832953,0.005008529833131334,15,0.01673938831754593
1585,0.19258839060490143,0.0626874540595529,3,0.004168862960281195
1586,0.3485987241586743,0.2461712789205096,0,0.0010696692327064159
1587,0.11993979720224782,0.016635278904209218,1,0.0018260796652357972
1588,0.14202108152353243,0.01772672829067665,3,0.003935558793500485
1589,0.20542195353397139,0.1026122948239641,1,0.0015517624071248542
1590,0.32437068877852804,0.1893783225219751,2,0.002864090585759643
1591,0.22462483073003323,0.078903878605193,5,0.005977419091618625
1592,0.3215813470367371,0.1272723146913122,6,0.007511847178405516
1593,0.2112398992153769,0.019909302598820455,17,0.01887943814392934
1594,0.34329524883508067,0.1995652916149309,2,0.0031594490654368863
1595,0.15736977428405535,0.01534978592957056,6,0.007043210062231675
1596,0.21646936627265626,0.05171202114085084,9,0.010235654442569714
1597,0.32240609213521737,0.08456190947525612,9,0.010751049420191752
1598,0.33548635762276324,0.08340316506538034,9,0.010282338921500933
1599,0.14334740502892296,0.02763476998264703,2,0.0028476766885815958
1600,0.31084865874794476,0.13316710485786168,6,0.00676584385124196
1601,0.29157839957272746,0.0907372790130601,9,0.010552140274659833
1602,0.333403107736572,0.2327071876727464,0,0.0010569543379184353
1603,0.21040824110846584,0.07699085117051901,4,0.004396278621594976
1604,0.2511171825344154,0.03963607102753984,16,0.017976619800697667
1605,0.3167984385472317,0.1760365150429731,3,0.003390939768783391
1606,0.10441372310511207,0.014937124499731842,0,0.0010598194969381155
1607,0.3405440318123999,0.02301624941909166,19,0.021101969996484393
1608,0.2449234335177345,0.06728012056277208,10,0.011103615698833252
1609,0.1168864829335109,0.003014656504684235,2,0.002780204426961856
1610,0.2954175228781949,0.1366419584048536,5,0.005538366984284002
1611,0.2932207755518941,0.10897552854853311,7,0.008478221051320872
1612,0.26114208203083344,0.04255376504809081,16,0.017758472366410403
1613,0.32820948373979436,0.09294191008203695,9,0.009834052665770887
1614,0.3419693819808441,0.18614241251331962,3,0.003966245564119803
1615,0.34239975006793066,0.06988320156013608,10,0.011255237134215673
1616,0.3089144026136434,0.05073276807544044,14,0.01554331811477924
1617,0.2575635560112461,0.03652842771300866,17,0.019073051659544427
1618,0.3084822186809755,0.19226600289601906,1,0.0018455521863236506
1619,0.13750567647111459,0.0066707666561152245,4,0.00505689459252134
1620,0.15379662327136756,0.016859762296279168,5,0.005993960738359523
1621,0.3164999848661245,0.11695853538851901,7,0.008270312665967328
1622,0.13222135428656634,0.040898284733424634,1,0.0011115645655872565
1623,0.23807372008378033,0.12179712959865796,2,0.002305629156746903
1624,0.17990375104938938,0.004152449362989907,15,0.017012446015441107
1625,0.09984932120352194,0.010258950820458333,0,0.0010690492716845161
1626,0.3175606650016064,0.1251444082716749,7,0.00763024888430176
1627,0.33877189745428277,0.14089867205440817,6,0.006667993614987758
1628,0.34305007104840773,0.23816689893061627,1,0.0011736300947717414
1629,0.25548141998063467,0.05270763075991672,14,0.015235868760643699
1630,0.24628304602465728,0.07973468608472661,8,0.008820883663873604
1631,0.11070292350110533,0.01580429141967979,1,0.0013159226892874847
1632,0.22557065886305977,0.11899036713685252,1,0.0017036455129702344
1633,0.2257011129438954,0.1319743941226873,0,0.0010615886561567913
1634,0.2169796178115901,0.10947729944742483,1,0.0017962895429634502
1635,0.14193123051014678,0.027429184939525935,2,0.0027273287589907073
1636,0.31867140412627354,0.2233539570791418,0,0.0009182737264827123
1637,0.22361911405237483,0.11602601729457908,1,0.0017744154692621267
1638,0.3393500581658345,0.15791233720142223,5,0.005692027501231465
1639,0.3259137858092821,0.1859957267828547,2,0.003182817260837299
1640,0.24712956572016564,0.11202169185105836,3,0.004014974718172027
1641,0.20381930737958154,0.0724814437599925,3,0.00421030624338103
1642,0.17611188996010163,0.04425711005198029,4,0.0046922325288338606
1643,0.27154691716584556,0.12449460263474114,4,0.004919450100824713
1644,0.30459235764665504,0.032622245244883066,18,0.019553567508529105
1645,0.2673902560260506,0.024163708507564375,19,0.02262223495302167
1646,0.20889916391783797,0.05833696456891708,6,0.007373486398496774
1647,0.22849079912259926,0.09767369538147619,3,0.0037957005979640376
1648,0.10047969448985059,0.009372445798799832,1,0.001137577888639335
1649,0.23672618147332677,0.035395707849709954,16,0.01785336406643028
1650,0.2793520068708792,0.03658517750642043,17,0.019266456824409937
1651,0.22103095071269457,0.12242133637058265,1,0.0012865291969205292
1652,0.11657611049636175,0.029239336516068304,0,0.0009593752157675885
1653,0.10204519177108817,0.011906629186951229,1,0.0010914856385869803
1654,0.208934746235128,0.033680838869063055,12,0.013736226044765754
1655,0.2543837724243968,0.08664906647847019,7,0.008569409023149944
1656,0.19242831449457937,0.09937984314877588,1,0.001095982218185846
1657,0.1751843906314577,0.033504529342429375,6,0.0065230787253619475
1658,0.2610190376359731,0.15744652545027604,1,0.001407331591946064
1659,0.3002133524138973,0.1898151786995911,1,0.0015856514903322572
1660,0.14320473035113335,0.0068974351610817455,5,0.006057339810722111
1661,0.26573339196646784,0.060486100457299095,13,0.014260130639453925
1662,0.3496521400381182,0.027907993961210825,17,0.019109353045143444
1663,0.3034865561526627,0.0784361301121754,11,0.011945166092271546
1664,0.14121519441845218,0.05242743249064712,0,0.0009924033829318145
1665,0.23157287596894885,0.10955029661570036,2,0.0028412945358882702
1666,0.17709208810962093,0.029495689453261118,7,0.007811438901175192
1667,0.26276750313747405,0.09264430911514167,7,0.00848214030685328
1668,0.1538011788590494,0.06282648225099471,0,0.0010677854597956333
1669,0.1159186428523988,0.010060464520569391,1,0.0020317568145515946
1670,0.16513928910720063,0.018263765945977853,7,0.008022940010864484
1671,0.23633084700279924,0.07653307548190576,7,0.008071113069461695
1672,0.14304214959430078,0.03596057262760497,1,0.0020474525693000255
1673,0.1786719398706454,0.011407954720870483,12,0.013736310192500262
1674,0.30788714932642886,0.15856089241288607,3,0.004271977746717055
1675,0.2899013039826207,0.061816029670166375,13,0.014357577285465014
1676,0.3437294102139569,0.09017116258982012,8,0.009355435798575737
1677,0.34566090805066113,0.0310841649833639,16,0.018304713167798525
1678,0.25711136511972843,0.09968594432079486,6,0.006768168797662473
1679,0.19199653819764817,0.10638054608474204,0,0.0008178364628047094
1680,0.0926370405789838,0.0028792795997977833,1,0.0010829173947014441
1681,0.2873988087874018,0.17222301576394056,1,0.0019157994537742115
1682,0.21056415204725765,0.028388936311424987,14,0.01577745698264476
1683,0.2886590089031642,0.11535977162599606,6,0.007469889768751176
1684,0.2713857797087866,0.14872185460796752,2,0.0025408107214125297
1685,0.3470126578482518,0.11032606312808352,7,0.007985317597260209
1686,0.11352297342267344,0.023996188635729148,0,0.0010531476088394488
1687,0.3000547249472723,0.20196157511928195,0,0.0010575851250396206
1688,0.09697752843623103,0.004160895072681685,1,0.0012243511152421416
1689,0.3188797429520226,0.11974076499433621,7,0.008062124205435204
1690,0.3464856052701993,0.034322548125383795,15,0.017364115012590497
1691,0.14194319513086517,0.03849667141590747,1,0.0017802301833457267
1692,0.32003195734087886,0.126805442975005,6,0.0075317254362582044
1693,0.27547668948823456,0.15681422469374548,2,0.0022179132739445504
1694,0.3126993287422735,0.052458559918475395,13,0.015090247847879339
1695,0.10382717171806427,0.013107001229543995,1,0.0011162299193336908
1696,0.14183623105484316,0.007910075648650811,5,0.005587750030754428
1697,0.26630681302744647,0.06243504381081398,12,0.013927882178623723
1698,0.17500187346398255,0.058426102214965754,2,0.0027477525494192523
1699,0.22068849279505637,0.09337812132698006,3,0.0034921728977931775
1700,0.3379299080997257,0.1468030320402477,5,0.006335431025300817
1701,0.09933718423589984,0.013486147329855884,0,0.0009155071774167133
1702,0.1880231461048065,0.09591828198025723,0,0.0010637268356080793
1703,0.2795171859508915,0.05998590895850312,13,0.014693338536575146
1704,0.30450991160454605,0.07825485501091328,11,0.011943409838288482
1705,0.25321133967653076,0.1317548739579875,2,0.002603114384040294
1706,0.3467411440295931,0.23814900943196293,1,0.0012984624463548732
1707,0.21855791165641394,0.09710258283345075,2,0.0029020734675383286
1708,0.34864589360063125,0.19431574603083732,3,0.0037188201089844186
1709,0.22060822749369968,0.051046884860549736,10,0.011152746278602495
1710,0.27386259854079176,0.10185989913425945,7,0.008123036845345778
1711,0.20138780542892715,0.03713030514962522,10,0.011078318268064212
1712,0.13856384978958206,0.005350043796771294,5,0.005496260997474514
1713,0.3357817933732034,0.027567171207518518,18,0.019767726486063317
1714,0.3438306176072133,0.06561769385323088,10,0.011683707880344094
1715,0.322256435511178,0.053765223310719534,13,0.014440633522178439
1716,0.31088364686177633,0.15115884412452707,4,0.005124288712441363
1717,0.24282169681710655,0.09750030705129138,5,0.005427122258794948
1718,0.16719279068255033,0.0011872856194816888,13,0.014187593638579084
1719,0.31602355126763976,0.21209558212824126,1,0.0012316944254213795
1720,0.2473811394176128,0.1349820956375873,1,0.0019722940374124875
1721,0.3131811145382763,0.018668778110955537,19,0.023590526285107317
1722,0.32234691764318296,0.04208710053769003,15,0.01660066672824697
1723,0.1318123835695175,0.004730517854038804,4,0.00446714539615819
1724,0.18426452223856432,0.05390041349819686,4,0.004347969201743159
1725,0.3439094384946536,0.11209679004608152,7,0.008017573930578217
1726,0.26365056695094624,0.0456612173736737,15,0.017147068861660165
1727,0.17793169662564304,0.055637216190691154,3,0.00334939682257021
1728,0.34271573220789314,0.1293848807815049,6,0.007201912409387486
1729,0.2880709468237127,0.19377833800887168,0,0.0009526430457671054
1730,0.239143943870629,0.04649656465590292,13,0.015163781531971418
1731,0.33885226485134,0.23448682484236213,1,0.001169417968926236
1732,0.2894331949191564,0.04824861938576519,15,0.01663748830491399
1733,0.11634923437983556,0.02183633791454261,1,0.0012877618029650535
1734,0.2726997767940846,0.0996324518279126,7,0.008344107911713665
1735,0.28856376346641766,0.14647884003246017,3,0.004012285322749072
1736,0.18792634309126655,0.035965066373192245,7,0.00849053049987387
1737,0.27074029859425885,0.02368901990668908,19,0.022773586421541883
1738,0.33780844940518395,0.038542371249134524,15,0.016686600277187314
1739,0.32036121014178476,0.18469213425672812,2,0.002964073079845695
1740,0.28454538530274043,0.09002253278651387,9,0.010430872029354919
1741,0.2922642563308146,0.07067561658528676,12,0.013069083521758848
1742,0.18619324090438824,0.06606232086767318,2,0.003036264954057378
1743,0.0977197349972534,0.008762219154961622,0,0.001043239226746565
1744,0.13466863964880155,0.04609008259529388,0,0.0009912135588422896
1745,0.32666505314975625,0.20998133749311698,1,0.0017579150886820902
1746,0.25852317052084595,0.13639881475811852,2,0.0026115730682179207
1747,0.1791292214152202,0.05770126775446923,2,0.003237946982410572
1748,0.10733707372371637,0.01647370553678526,1,0.0011192291213626459
1749,0.22232288951062026,0.10057558346575697,2,0.0028973120939489285
1750,0.3441564223518721,0.19943261132458545,2,0.003207508146124262
1751,0.14226106992215212,0.024302221483543416,2,0.0031061797082811453
1752,0.3271625478358101,0.09702494829798947,8,0.009566976441550657
1753,0.19434600594530393,0.004746901168678916,19,0.021033793206102856
1754,0.2764157766726112,0.17546641839955124,1,0.0012371352997187178
1755,0.2350900627175132,0.07389444452518819,7,0.008401286443930754
1756,0.34113813001809,0.05641318975776446,12,0.013091340740602118
1757,0.23635241558352596,0.11025335575315512,2,0.0031870243665549354
1758,0.22822181893450733,0.038475426571795514,14,0.0158465913217736
1759,0.34839910311600353,0.2455475734939174,1,0.0010845665458507658
1760,0.3066997870039667,0.1877364205617286,1,0.002012985654841531
1761,0.13289354475023965,0.01860688768380798,2,0.00275018428396336
1762,0.1572355487731959,0.007317997207602341,8,0.009139950240707283
1763,0.21254983758427273,0.06066120839977715,6,0.007512380060456384
1764,0.3223052038510946,0.2256221502161546,0,0.0009532051103134753
1765,0.26394772929520216,0.12745213437210512,3,0.0038901010422905066
1766,0.14656305772971598,0.026867581184449298,3,0.0032851280079507967
1767,0.15780449693588142,0.004250520311884728,9,0.010240008988459174
1768,0.21683147123952895,0.07166479692908634,5,0.006098875068678845
1769,0.31214435539067836,0.0787428934839021,10,0.011680188384472694
1770,0.29997746712109247,0.1761720668328118,2,0.0023693941134686285
1771,0.27929902088678127,0.12585877386955707,5,0.005460095184026263
1772,0.15495967434750904,0.06531308978939591,0,0.0010106821843599686
1773,0.258744203578369,0.12168897072283862,3,0.004039435098824804
1774,0.3490312379836435,0.029643770301434672,17,0.018593996263701073
1775,0.34600684411979743,0.22538144217076722,1,0.001826245635385132
1776,0.316225630067284,0.026293001219689936,19,0.020911118705669418
1777,0.32562015027024915,0.22384659806631144,1,0.0011183432114177602
1778,0.32424276419131026,0.1625759818037497,4,0.004868738847360635
1779,0.253688666257055,0.13907432347553864,1,0.002085499831203937
1780,0.1406080353209656,0.054034882725257014,0,0.0009071530261188246
1781,0.2389082744674161,0.06172902417831036,10,0.011509456850370327
1782,0.34268405417797043,0.2215379071868021,1,0.0018751713388793184
1783,0.13929405513557302,0.013437120952863445,3,0.004195645576733902
1784,0.09538419807845422,0.005455824236006314,1,0.001088179388908144
1785,0.31805020224264224,0.2153455481481435,1,0.0011771048543001601
1786,0.30532463237700946,0.10166667889646974,8,0.009554678182639238
1787,0.27758953271266373,0.10518870889737954,7,0.007965945818115735
1788,0.2517474723359975,0.1503286893810141,1,0.0013338369714632542
1789,0.22454026249000386,0.010938446315924756,19,0.02457025072975124
1790,0.25694916946802054,0.13202045528661274,2,0.002862153528644638
1791,0.3192384721614795,0.20004905299288062,1,0.0019381156740189375
1792,0.2561168063269999,0.06822212526184604,11,0.01213253771237958
1793,0.16623170623112377,0.04446949469672575,3,0.0033860125896968936
1794,0.3030296029015056,0.09327180848475843,9,0.010378400864639292
1795,0.1920774701886081,0.014508378348772099,15,0.01633450623624189
1796,0.15700611264947176,0.017817195124859166,5,0.006408240568280248
1797,0.21361583907885515,0.08796642273948556,3,0.003385888057186451
1798,0.31397617407844747,0.129294802157695,6,0.007213639131822372
1799,0.28757323684789243,0.17798471362241836,1,0.0016040928420254098
1800,0.2706352185265432,0.09985762663216986,7,0.008129941877041602
1801,0.24597377605749524,0.07081586484389325,9,0.01051073244067316
1802,0.29911684368433006,0.19419340079701766,1,0.0013336362086715232
1803,0.24968675860003053,0.06841842391712405,10,0.011436925838183693
1804,0.3075107287890656,0.10628282579511851,8,0.009134301226725585
1805,0.26595297954883157,0.1145271889616131,5,0.005616890519100927
1806,0.21242447748440102,0.05149476412802005,8,0.009539667881781563
1807,0.3376174239910833,0.19191250239336102,3,0.003384641488160476
1808,0.09265378389596526,0.0007448090290488097,1,0.0011837536346321128
1809,0.26784158564317645,0.15316456157313196,1,0.002003734095574884
1810,0.09228438203100503,0.0015284024266256366,1,0.0011289801860703053
1811,0.3343251131167716,0.2292930147693274,1,0.001210102571590163
1812,0.16148965851686192,0.004120215999195978,10,0.011333565485885278
1813,0.2119017412280147,0.06742699673632523,5,0.006111831669724643
1814,0.2941727502762877,0.1616185003944976,2,0.003077380821193041
1815,0.1255354411202741,0.008679827949383743,2,0.0030752275343529276
1816,0.22914426472564026,0.045025486482443935,13,0.014171002714581408
1817,0.1710020514428043,0.025811128075987597,6,0.007423821130797723
1818,0.34743992284445163,0.24595767944622302,0,0.0010418410332097485
1819,0.22645519317269783,0.05270488560501077,10,0.011746832674368076
1820,0.12831495384185043,0.005881978319618342,3,0.003782489129037357
1821,0.2799124487876323,0.14908334111851074,2,0.003115966772037753
1822,0.3143084921766395,0.1337793563032153,6,0.0068382995113488625
1823,0.3049228609605929,0.20169307682623022,1,0.0012414377434560807
1824,0.2352592466923934,0.05368731443720619,11,0.012869081631712893
1825,0.1503272067785269,0.03723127415000425,2,0.0025446565538588552
1826,0.3108385052470771,0.0609693415755694,12,0.01386967892183685
1827,0.3093531231078686,0.09659069578264187,9,0.010020359124664384
1828,0.33180304183291454,0.23256114054718713,0,0.0010124596515272606
1829,0.17456353505047023,0.021766761025893942,8,0.009268634262014947
1830,0.3276724113433986,0.16887589669215322,4,0.004545364056775312
1831,0.1425949717910752,0.015339195205315964,4,0.0043817922422106645
1832,0.13749268068373252,0.015408388817231018,3,0.0036621054934444174
1833,0.2759075183457862,0.1456556797235742,2,0.003115850040976313
1834,0.34776870651023306,0.22002519170337942,2,0.0021728872068956817
1835,0.17921294395056508,0.013648267959138219,12,0.013074150385438523
1836,0.2199492256148304,0.12717093504686047,0,0.001034843142949062
1837,0.18150158269749656,0.0113451137972562,13,0.01457964298535373
1838,0.27718018375078324,0.13606365549304866,3,0.004136674504998549
1839,0.2640033488018795,0.16611523912750897,1,0.0011435922245004307
1840,0.27508991829052576,0.0811939354692945,10,0.011250307307356185
1841,0.28379507762200135,0.16076937278416406,2,0.002458139940029944
1842,0.13720318847444274,0.0026492122844055553,5,0.005789410350725079
1843,0.31424647612893075,0.1922051098155764,1,0.002138402926682981
1844,0.22269461033454127,0.05538729457934372,9,0.010450677552751086
1845,0.3283476582950338,0.16993747943910759,4,0.004497323011634858
1846,0.32702728246982743,0.2263401813384549,1,0.001075328089871284
1847,0.34316391562858206,0.2353403499073716,1,0.0012833447004270456
1848,0.19744955209352036,0.0617522886102539,4,0.004954317163441413
1849,0.12602853038946585,0.0145416499273195,2,0.0024971479513680385
1850,0.1426008478723922,0.0055380479220890864,5,0.006232400397089505
1851,0.3135487006464394,0.05754260104237212,13,0.014251789450976158
1852,0.14640145093255255,0.013068354222760167,4,0.005400657633726126
1853,0.31403901961209746,0.11030917269300786,8,0.008804583903064048
1854,0.3455773890603062,0.0980785825985063,8,0.008736921927368987
1855,0.16440102065401116,0.01916586519530532,7,0.007630467244473763
1856,0.2550540031414147,0.08339148624956268,8,0.009214128165257946
1857,0.2860728368403413,0.18718084173831434,1,0.0011250950987771102
1858,0.3328951105225759,0.11555774338861063,7,0.008179220950134285
1859,0.1875878988268513,0.09249968489938983,1,0.001195803662340855
1860,0.22570181383104285,0.1284540759469882,1,0.0012116268872826097
1861,0.3246359449759777,0.02349927966694827,19,0.021508333157869375
1862,0.15405160791514325,0.02402075531886887,4,0.004700358379965791
1863,0.0984335807480613,0.009224147031050546,0,0.001053569953944363
1864,0.18112074538557446,0.05447079487169571,3,0.003866446898184226
1865,0.12595852208231276,0.027243119444843415,1,0.0015088689120820273
1866,0.23636279550391376,0.07458986983045376,7,0.00844945934482469
1867,0.1296126253120667,0.028527891093361873,1,0.0016506197089144038
1868,0.24254909914582165,0.023941850105318994,19,0.021801557080418473
1869,0.2591544391733125,0.10499065622205489,5,0.0062118131258620864
1870,0.2726584630249599,0.14629187933467022,2,0.0028229862519615298
1871,0.32950351382923215,0.06475349387004706,11,0.012515731472051591
1872,0.23416247958407163,0.11475457954793175,2,0.0025874426398317086
1873,0.34481947910516736,0.19243577953452745,3,0.0036797958453211326
1874,0.3096973581573886,0.17007547510959423,3,0.0034189872381961074
1875,0.32615319546452437,0.1308118998946332,6,0.007289555525819482
1876,0.20635946633622113,0.08435127876979732,2,0.0030649071426341657
1877,0.13774378496355266,0.03372044869243682,1,0.0018324645736777266
1878,0.13298408301949677,0.008610551695283136,3,0.0040282502598518325
1879,0.33732146328443036,0.20730328080907795,2,0.0024007453038091047
1880,0.19825857849082895,0.09111794616413145,1,0.0018481932684913758
1881,0.15761890582407928,0.010103261610242048,7,0.008441302057665186
1882,0.31886697842451917,0.06450808910255793,12,0.013049792038043078
1883,0.24815221527400536,0.06505041937709816,11,0.01195405364155513
1884,0.25565440199913053,0.03222809381739296,18,0.020115185730485076
1885,0.1875080858233962,0.0957677312583625,0,0.0010494634682513763
1886,0.23270458735269692,0.08021434984661482,6,0.006882399978683762
1887,0.1739207158475307,0.0039884347655703666,13,0.015195897164825055
1888,0.17822795824342483,0.05858526335232292,2,0.0030454190477052913
1889,0.31411548683428225,0.21174227457298947,1,0.0011771004882021611
1890,0.26075089021853787,0.13992420600224603,2,0.0024897516638741884
1891,0.16004058246977856,0.018027714802924866,6,0.006974510436765032
1892,0.2987417785937966,0.12002222472191978,6,0.007522649480933635
1893,0.1227391669345919,0.03422181766833564,0,0.0010012041505931416
1894,0.2124791796895253,0.024639247004943778,16,0.017444143582318612
1895,0.13394631623871778,0.04522018561112011,0,0.0009980004182487663
1896,0.13879088531814934,0.02837240555312174,2,0.002345857103113419
1897,0.3256450558169833,0.18742393472325913,2,0.003068119554361404
1898,0.3385646827461252,0.025898067098525795,18,0.020193108554627668
1899,0.2317238242742126,0.056634421825498646,10,0.011634685653612002
1900,0.31622510383828717,0.1528273787586766,4,0.005272568971694004
1901,0.22270598279053758,0.017788396489856105,19,0.02169973911390295
1902,0.3203370802379074,0.12436115831905527,7,0.007719400199083804
1903,0.21369518580087973,0.02199196103370883,17,0.018616976428917843
1904,0.19634574311848568,0.028341833017325343,11,0.01256562195908048
1905,0.29296047469453707,0.1936443706831037,1,0.0011225367713062013
1906,0.21891401826748053,0.12094807037541017,1,0.001261285172609812
1907,0.3389685342887755,0.23926586005509273,0,0.0010079098495428239
1908,0.10778876553471083,0.015318463094645088,1,0.0011950868144297462
1909,0.2442417529370601,0.06689726243304239,10,0.011097612351182125
1910,0.305838980338635,0.20996988156707638,0,0.0009657536983874317
1911,0.11652556978127164,0.008336876529974243,2,0.002226115135085366
1912,0.11815757819857978,0.009927021239859722,2,0.0022246600666796907
1913,0.2418311240595865,0.054065749094128,12,0.013643496686014531
1914,0.2968614815448979,0.19522208134291968,1,0.0012028575033708514
1915,0.31225926571586954,0.18762355828424143,2,0.00231428740630584
1916,0.25755480728773694,0.1637528431706609,0,0.0009999056915228973
1917,0.18651448255189576,0.07330780817985236,2,0.0023673375555227027
1918,0.3270172269450668,0.1702563275808547,4,0.004408313616284219
1919,0.3496552756576701,0.07827696461734814,9,0.01002909460828012
1920,0.1749081747168564,0.03423202773234002,5,0.0063204231208386
1921,0.19002713599041976,0.05354122275742616,4,0.005220110493223118
1922,0.25566101063659197,0.10103364280499812,5,0.006402388463389913
1923,0.17458685923123243,0.05432143774215461,2,0.003142588140557646
1924,0.1363676312334025,0.012635485735064466,3,0.003903875823124817
1925,0.2053693973201692,0.061609840410287935,5,0.00615766604580895
1926,0.3373296170871774,0.05686118379914192,12,0.013215315857930555
1927,0.2943982476687167,0.15188081635797673,3,0.003940189105353382
1928,0.21208436725618357,0.022856055003114304,16,0.01798888541338171
1929,0.2181922425881783,0.027840644742986993,16,0.017455739186499408
1930,0.11661752723540605,0.0047136757076676914,2,0.0025756424278061516
1931,0.12330540988438861,0.003627150087238985,3,0.0034403073528141673
1932,0.1500057593880266,0.02695068360078089,3,0.003690837482076668
1933,0.3319545912720431,0.0803638565320679,9,0.010716993761742998
1934,0.15123117001882008,0.012493405003643142,5,0.006431505551344831
1935,0.19807901173925835,0.03767223163293684,9,0.010211175144687579
1936,0.17600046338549594,0.005990116321294171,13,0.01503256233536859
1937,0.34086604242998697,0.24126800411306648,0,0.0009992655801080734
1938,0.19554199945735912,0.03578698761643932,9,0.010176038718322272
1939,0.2503506361719464,0.12409098892507835,2,0.0030508783436891456
1940,0.11034343702028178,0.018584833471194856,1,0.0011578495077605667
1941,0.3094396535709896,0.2073258057824991,1,0.0011819981575379144
1942,0.15807307870334444,0.013357745706351908,7,0.0076855079696195915
1943,0.21451950997256478,0.09184821980615193,2,0.0030592078371958053
1944,0.2420126250790609,0.11679696907020916,2,0.0030406819243784335
1945,0.291993279172352,0.10744855833374478,7,0.008597330012779587
1946,0.2676996919927945,0.030449185523102554,19,0.02084585043434338
1947,0.3495293653818092,0.2476826475396638,0,0.0010475391810930341
1948,0.25643682060667117,0.0761831340058039,9,0.010662879856491718
1949,0.3033382330292517,0.1399457905801841,5,0.00573079073403564
1950,0.15515145331938054,0.018264220018934525,5,0.005957981613738894
1951,0.17757547658390674,0.07211582327183767,1,0.0018100532066739352
1952,0.1848539774391171,0.04702107011085735,5,0.005555856079077835
1953,0.23611918320541544,0.06673212536616396,9,0.010018682789739481
1954,0.22277778076171592,0.08108727211856276,4,0.005375715469176099
1955,0.21170222623946344,0.05987273782869069,6,0.0075321276360274005
1956,0.31842284431393775,0.17838569968262344,3,0.003309681337967984
1957,0.15801932972406446,0.023489628081430812,5,0.005442046346242549
1958,0.1992276493359739,0.06765344177701829,3,0.004309747605157863
1959,0.317905028152878,0.18672804796159545,2,0.0026849913924566113
1960,0.25602451319829767,0.10233139041131888,5,0.006251733706160208
1961,0.10413065705168881,0.015142586066978053,0,0.001038879610504534
1962,0.11766394426224633,0.005898395907425916,2,0.0025576765446837903
1963,0.3340886944096087,0.1922199809316276,2,0.003187932518337743
1964,0.13593823083883094,0.008578553162895065,4,0.004469910012536918
1965,0.1483110935151889,0.003479628110206353,7,0.0079986460579836
1966,0.3197086195711122,0.06468183490552246,11,0.012989530641552003
1967,0.25183360849031194,0.040898352506954436,16,0.01770867644547124
1968,0.28615687218934305,0.03153808264281896,18,0.020387570683944357
1969,0.16995597584110766,0.059581916125230894,2,0.00220982616060191
1970,0.2766411640201383,0.04137484502008991,16,0.018211793096056243
1971,0.24489175148383274,0.08912388848235982,6,0.0069850027099330305
1972,0.3483462016495923,0.11634754298966668,7,0.0076373470226821965
1973,0.22468902364519958,0.1122489117030406,1,0.0020986871651660424
1974,0.33497303080339424,0.23248142823731738,1,0.001114779445231349
1975,0.25225645893430676,0.030422540316272215,18,0.020463200345100366
1976,0.16442688315009768,0.023513949200805555,6,0.006618310365136661
1977,0.2772242264229645,0.12082881688825195,5,0.005885844225063748
1978,0.225997348130562,0.07302140882798962,6,0.00721856115887154
1979,0.17496915166841656,0.06484020699007532,2,0.0021674948940651065
1980,0.2498487744010134,0.12946461458409184,2,0.0025437081737045325
1981,0.19863992348170206,0.03910894727323741,9,0.009943453305144888
1982,0.29526050462843834,0.17906136825381078,1,0.0019274164655165027
1983,0.18908743281963047,0.025911075350960266,10,0.011573077402043726
1984,0.32682257863098074,0.06382842823526949,11,0.01276490718887239
1985,0.164300263981479,0.07258557577716294,1,0.0010846130206473333
1986,0.30920535100501234,0.17242969533639438,2,0.003203197583897083
1987,0.24125020791334192,0.05591728235024288,12,0.013140671302540567
1988,0.1848702249484965,0.01995162142632259,11,0.012429071959112876
1989,0.12326458111788766,0.014078215869811173,2,0.002292594262004023
1990,0.281437494979906,0.15334637427985304,2,0.002869222366730691
1991,0.1963496041580232,0.03740839213887142,9,0.009909946028183158
1992,0.333410169787235,0.21178226591827473,1,0.0019676037202422864
1993,0.13306608614642235,0.02700898335240943,1,0.0019984670436464323
1994,0.34859584640746116,0.24626208450655201,0,0.0010665462073643456
1995,0.098017290862193,0.014150321600576232,0,0.0008433847476903599
1996,0.20518349133761285,0.08393817692640315,2,0.0029964595489474113
1997,0.08980973187911585,0.0003733495317719167,0,0.0010709368098950388
1998,0.30925549006364195,0.08210206097380794,10,0.01141734989338994
1999,0.18873821406754462,0.05597242204779484,4,0.004643231559592808
