,X1,X2,Label,f
0,0.21384830830845172,0.055205836732940085,8,0.008926148933868082
1,0.1556017793784548,0.0986430265791449,0,0.00024962906846034754
2,0.00026779415584158304,0.4758535192478125,0,-2.8670981369453934e-07
3,0.3491234163209905,0.43673895109925437,0,-1.2817697727414151e-05
4,0.11313620020019431,0.2079396922785798,0,-1.2150769190813696e-05
5,0.24937446311676786,0.15000134045039282,1,0.0012463207698313898
6,0.04070527113393768,0.16194006830959654,0,-9.651429219361936e-06
7,0.26690763760340136,0.5623200771381641,0,-1.729781135091342e-06
8,0.09760696907609322,0.41301863970948755,0,-1.420747077663004e-06
9,0.01840222419963894,0.34814377824798715,0,-1.2323298012066174e-06
10,0.2668124830455131,0.5444368454491157,0,-2.0662129808332584e-06
11,0.09516577692314247,0.5395841950437273,0,-3.911269324597316e-07
12,0.336877493962458,0.19509907927970502,2,0.0031375261706636736
13,0.259740069821628,0.3097664016718979,0,-1.5775738473766923e-05
14,0.29495300645489064,0.29190132632129967,0,5.527922892139408e-07
15,0.21034847833080644,0.32300922292713247,0,-1.0404361131808032e-05
16,0.11667057372350531,0.43958000502039224,0,-1.3177753636476418e-06
17,0.14086761970457562,0.17152209287450193,0,-1.4856513128934977e-05
18,0.07484801778839296,0.45881452410862444,0,-7.160790739171064e-07
19,0.34050396042886044,0.4110386001914718,0,-1.4458672970849338e-05
20,0.3241390510221383,0.1389444709587802,6,0.006686144492128716
21,0.21534599518092273,0.3980994347204417,0,-5.319566324087867e-06
22,0.0036727736752488692,0.1746785332329134,0,-5.992636994059808e-06
23,0.3483689772149326,0.0011942490255852478,19,0.031469643871352496
24,0.2038183511215483,0.19238232124863963,0,1.305647798787047e-05
25,0.20740592978987343,0.30204646567376575,0,-1.2150069072225531e-05
26,0.2961624427819564,0.42176665395051255,0,-9.224347987441924e-06
27,0.07740615232104847,0.10492206729349808,0,-1.4271901611817469e-05
28,0.15942740660423543,0.4492696451856527,0,-1.8326977358112619e-06
29,0.18365678288657708,0.04478675463038795,5,0.005770693959545259
30,0.0965575090975447,0.04970882586610041,0,0.00015983413827783601
31,0.23246036178784232,0.5173945341728101,0,-1.9221357724850915e-06
32,0.22946690907005082,0.45052024255863143,0,-3.6364623663346486e-06
33,0.2050869819471224,0.4463621625131993,0,-2.9741652876540198e-06
34,0.12566736031978612,0.2308881728250316,0,-1.1126888773652829e-05
35,0.14617733753588444,0.567222044169679,0,-4.937480605427829e-07
36,0.13853444679602697,0.4619106787308378,0,-1.3111944009840338e-06
37,0.23000160846793413,0.5490612479130513,0,-1.3667566052825586e-06
38,0.07325884252565897,0.46126630968006865,0,-6.877350242510518e-07
39,0.010277812039179312,0.2775944475225686,0,-2.3001180444838354e-06
40,0.018658359208394162,0.503190468669965,0,-2.621241730384728e-07
41,0.34596711508449635,0.5227201859237869,0,-5.62454852926823e-06
42,0.059716143746679023,0.5010643315201724,0,-4.0350307382298463e-07
43,0.03759052505332512,0.41627983655423134,0,-7.552236662441629e-07
44,0.2184775696406728,0.014377150703892227,19,0.02231090475830465
45,0.3308587585053631,0.28499436859214305,0,0.00012169217774050794
46,0.2614390433721618,0.43184206271875775,0,-6.000893587572497e-06
47,0.3333266986814087,0.27651109725208656,0,0.00020116231426715712
48,0.23593707013214033,0.16952228274908054,0,0.00034970415296896936
49,0.10959590428146716,0.1823192406670402,0,-1.4281001154237278e-05
50,0.22213513178519442,0.2866365179119819,0,-1.495976973623107e-05
51,0.34361295353095156,0.4046867299398901,0,-1.522533390657697e-05
52,0.22834653926757664,0.1496362057419742,0,0.0005880589405439503
53,0.14125844784460517,0.46475475192965077,0,-1.309564074878042e-06
54,0.028698743709825433,0.4449709761327408,0,-5.186851590304071e-07
55,0.14230053163590506,0.35749747806596727,0,-3.861485793126678e-06
56,0.2646444600027719,0.30841391338770263,0,-1.585703496681354e-05
57,0.19240460550581254,0.5544515656361733,0,-8.899471223780346e-07
58,0.010780047717185458,0.05867409997174804,0,-1.5740375698903562e-05
59,0.06449052969567294,0.19013239824994288,0,-9.263482310212355e-06
60,0.0716124844445121,0.4827371360878582,0,-5.458056653834539e-07
61,0.3057817809177954,0.56801074616442,0,-2.407378434803325e-06
62,0.3426518639550882,0.21893722471211577,1,0.002005693329835461
63,0.11585115724408596,0.2324507555650886,0,-1.0058453359115859e-05
64,0.30906940552648815,0.46320361827558043,0,-7.025161332842345e-06
65,0.19529980265755725,0.05898457994984787,4,0.005092973591226015
66,0.13682196984850828,0.22587080457506353,0,-1.2718221059304677e-05
67,0.27133530900049635,0.04882867484711739,15,0.01665105964565909
68,0.11527881156085557,0.3717066053247568,0,-2.5608643983833673e-06
69,0.0026553528641552636,0.35289952116950224,0,-1.0040776519601868e-06
70,0.003399004383949905,0.1259201320328404,0,-9.541545511084818e-06
71,0.00020067229514593164,0.21488067666610386,0,-3.889032673044424e-06
72,0.3266368313595261,0.11959042344361286,7,0.008040658812968685
73,0.2557797537958028,0.5282261407375256,0,-2.176432780213095e-06
74,0.0934997240603404,0.4541021773023112,0,-9.043032217132111e-07
75,0.15011257967728064,0.3730523872991474,0,-3.574475216194556e-06
76,0.031283406250145945,0.4269362301997447,0,-6.374379141442108e-07
77,0.1120155775826261,0.16953911769493657,0,-1.5415316099442012e-05
78,0.021932265993664088,0.2526763425872278,0,-3.313158095896598e-06
79,0.23129648829057298,0.2476069493152648,0,-1.1562594620886816e-05
80,0.27931435803415094,0.287348570808221,0,-7.94118412547722e-06
81,0.12192013219150678,0.031502917588784894,1,0.001083268190416825
82,0.1659070201795371,0.3759115498433567,0,-4.06442318349508e-06
83,0.2704643973790742,0.16077150423151768,1,0.0016899797422689844
84,0.2144240943349688,0.23019764158009803,0,-1.1278169767307392e-05
85,0.09942670767719151,0.23451004614961293,0,-8.473620988628683e-06
86,0.22687974680056502,0.3242362795337485,0,-1.1876735746632973e-05
87,0.3380283339769843,0.5368252602082442,0,-4.524293560454707e-06
88,0.04489109211622024,0.09272868768884776,0,-1.574323623280797e-05
89,0.23435965031405598,0.4027848596241256,0,-6.122528383429378e-06
90,0.12778297393797525,0.3517533339750663,0,-3.5393379395138917e-06
91,0.27831323388689755,0.03688265716696706,17,0.019209029521424597
92,0.08760501890169384,0.1955401844495357,0,-1.0872198422246785e-05
93,0.07790892519991555,0.534037750928151,0,-3.4798399777388373e-07
94,0.10520930099435474,0.43444157304075104,0,-1.2372613639021874e-06
95,0.16017849955275024,0.3484945765669567,0,-5.040745871678682e-06
96,0.20059329141266874,0.377816375838137,0,-5.619586488954823e-06
97,0.1632740135621658,0.4225174978474202,0,-2.487845506080329e-06
98,0.18106171645933394,0.3866611813976755,0,-4.2450814308915725e-06
99,0.33922958707324113,0.2808940460221871,0,0.0002129640718136133
100,0.075146990672813,0.0987880570682251,0,-1.3423150474194113e-05
101,0.3000502747523439,0.26892673807822765,0,5.7292280760509676e-05
102,0.18257371436907002,0.06940926666679072,2,0.0023849278914787695
103,0.06673972998099598,0.5724263651371347,0,-2.1203049772640503e-07
104,0.11797783693468393,0.21426393176535122,0,-1.2003123760921855e-05
105,0.1917079547825703,0.23603239912172172,0,-1.58033639868187e-05
106,0.08390634138601408,0.45044664124920203,0,-8.522857022677378e-07
107,0.1339253854814506,0.17055139181293016,0,-1.5470978993535743e-05
108,0.06704577363111533,0.4812289985280064,0,-5.293954550173315e-07
109,0.3146172477892382,0.15430925504280785,4,0.005057658466966389
110,0.1897780401730537,0.006437476880154635,17,0.01900208105624268
111,0.11750828811684871,0.03721376224127488,0,0.0007145223790075703
112,0.11592452043069759,0.3107333988860301,0,-4.730546487511844e-06
113,0.19009634812654996,0.03235974350559725,9,0.00991248332617479
114,0.30951840566629235,0.43422513534565366,0,-9.298292408921022e-06
115,0.2717092866547934,0.5722418580979757,0,-1.6433288006032762e-06
116,0.3339269617661022,0.38687209392336297,0,-1.570515979127907e-05
117,0.24749983427655844,0.5253692587320744,0,-2.0620453228199277e-06
118,0.3196855564057443,0.5591066466712974,0,-3.021542355786846e-06
119,0.3201594090499227,0.40934224412069636,0,-1.266840096600687e-05
120,0.00498843767287852,0.25102762514182153,0,-2.8448064077223826e-06
121,0.21056135444405152,0.11012364709088815,1,0.00140615017650417
122,0.3489188424532922,0.141138299928979,6,0.006534806194370426
123,0.01388992374100862,0.26925365178790267,0,-2.591686679378206e-06
124,0.30967022605627154,0.20682739461135904,1,0.0012099820208069305
125,0.06209702414645576,0.29428893924160676,0,-3.2640754491153583e-06
126,0.2395779351960142,0.01933293618784866,19,0.02308103764857439
127,0.333909342404687,0.21631149397330982,1,0.0017584129906589613
128,0.029316448669576355,0.385420028596795,0,-9.466707179845736e-07
129,0.0010484936826770706,0.09354306734503805,0,-1.239403180892978e-05
130,0.001992125057843197,0.4261070354896445,0,-4.796966158765094e-07
131,0.3017402216001676,0.5713910552917735,0,-2.2356472805383646e-06
132,0.11388861419971058,0.19429191843510296,0,-1.3567937974329752e-05
133,0.05253366872432295,0.3617378002886297,0,-1.5126167420729417e-06
134,0.10079195806413947,0.5096720561631013,0,-5.579796857243171e-07
135,0.0014216352203837933,0.5590107218663397,0,-1.2627183751792057e-07
136,0.1269644385676699,0.010989631708976443,2,0.0029653894242438277
137,0.09917494798713775,0.1318381018677545,0,-1.5068519127214278e-05
138,0.23469957131633007,0.4742470479437147,0,-3.023961229490818e-06
139,0.15203624073308517,0.40038289237218494,0,-2.7743324010559096e-06
140,0.1179991801905388,0.48151439820559416,0,-8.780387374216046e-07
141,0.03324292364223605,0.09618663829939644,0,-1.5073083214864759e-05
142,0.3307842057625065,0.3456651829971562,0,-1.1586692633092623e-05
143,0.3241471447972571,0.04890057430744414,13,0.015182215486077713
144,0.1666399193764731,0.29182662465694625,0,-9.287548294147106e-06
145,0.06480398680358425,0.3772914045446293,0,-1.4635470338321754e-06
146,0.01190901993203028,0.44113637614045054,0,-4.557428155528032e-07
147,0.3204122892409886,0.10443593645284185,8,0.009202934237230124
148,0.03105950037918809,0.046871746577913195,0,-1.0772262027406459e-05
149,0.1753224638663976,0.4919821569762624,0,-1.4013875185296572e-06
150,0.20244541338102442,0.320414168167332,0,-9.918547764368007e-06
151,0.1605741298440999,0.32004829558012393,0,-6.69316891282904e-06
152,0.2945137408962184,0.07826503610782187,11,0.012080118793594202
153,0.3262486042584004,0.17840190515236387,3,0.0037525557669753065
154,0.05886387370242898,0.5953308550895062,0,-1.5587087208260212e-07
155,0.2038288984993811,0.49259481361498964,0,-1.8510015456223593e-06
156,0.0711269505420938,0.5258641990413787,0,-3.528902234554591e-07
157,0.2121304234776516,0.289780113144561,0,-1.3817786762771094e-05
158,0.299017771858407,0.35138518570377164,0,-1.5713066410986926e-05
159,0.11491421022515562,0.40734763794838325,0,-1.7871452651372585e-06
160,0.2537262779667606,0.520547988496742,0,-2.302302451194267e-06
161,0.26235205251587257,0.4976134755576168,0,-3.1540237985987277e-06
162,0.18757270935026477,0.5625041818286686,0,-7.824466506880866e-07
163,0.024871298149051785,0.11500385691506511,0,-1.2625796078833473e-05
164,0.3213077153026131,0.3176350320188664,0,7.288627464327212e-07
165,0.1668799866107837,0.3472479254895707,0,-5.451814993659374e-06
166,0.1495412625125304,0.4645367220459641,0,-1.42552687137594e-06
167,0.004108826277452548,0.14062033371652338,0,-8.369662451658042e-06
168,0.3493194516514808,0.3816907722815384,0,-1.5463371871224678e-05
169,0.1681456255030247,0.1037236134385119,0,0.0003455148417804022
170,0.3267329523808255,0.5098709245941525,0,-5.284373034781042e-06
171,0.22338631007606638,0.18881975004150475,0,7.647069507639594e-05
172,0.0002679545281097317,0.43157372994030985,0,-4.464215811618914e-07
173,0.23240140536350307,0.23303700237064123,0,-2.0924750698501517e-06
174,0.138039971005574,0.48101215560671906,0,-1.0779168560913945e-06
175,0.07434852833936254,0.10551502942161235,0,-1.4858593432273823e-05
176,0.11895817940718294,0.2718505207561829,0,-7.140769563916592e-06
177,0.3252788621638831,0.30265112291647056,0,3.120076786362745e-05
178,0.22548082923134605,0.25378291714501056,0,-1.465343251098212e-05
179,0.04653167981573435,0.4126043004006377,0,-8.56684344320388e-07
180,0.1413492015065393,0.5079513727709195,0,-8.510492744059655e-07
181,0.06901922012885928,0.4984889484972179,0,-4.543423902913795e-07
182,0.0223983995506251,0.3266655763688637,0,-1.5897027133288745e-06
183,0.14885516413507766,0.3805813820398854,0,-3.2748613918956234e-06
184,0.06398732972516395,0.3963757819986116,0,-1.1995010641380377e-06
185,0.3287895502315687,0.3782284159086864,0,-1.5835103556432696e-05
186,0.04996134934868962,0.3146962056372386,0,-2.3591391504011327e-06
187,0.10678062005078985,0.12870454541250972,0,-1.3014369674848585e-05
188,0.12732477487053592,0.3320071286139165,0,-4.2881919287779695e-06
189,0.2167312168108147,0.5362972875421071,0,-1.3602120037527592e-06
190,0.1656510629908246,0.28601880590686984,0,-9.710292435576374e-06
191,0.32129186112895436,0.08829840603207381,9,0.01046492482008239
192,0.14715757324112202,0.3413216696005821,0,-4.758295651323309e-06
193,0.19551668681427367,0.5133905297623549,0,-1.3839747295579088e-06
194,0.021450243510827693,0.599911983757235,0,-1.0246354436723422e-07
195,0.1725243287066481,0.43859850150240404,0,-2.3233939990113303e-06
196,0.03581964248168587,0.4855976625324128,0,-3.7098676597512586e-07
197,0.143011527243104,0.2167871834261025,0,-1.4183874400958127e-05
198,0.29315359867631813,0.4732888703063992,0,-5.448357694633282e-06
199,0.26624151562923704,0.15827538593777637,1,0.001613874514851723
200,0.30762213312674147,0.28687709848348686,0,2.770354086565451e-05
201,0.08880058120658028,0.25909617901134374,0,-6.028133479820726e-06
202,0.24393611293744621,0.3551413763235449,0,-1.0533094451513265e-05
203,0.33473592883430653,0.5772298547346851,0,-2.929174191057031e-06
204,0.23318645733202148,0.3044013615292809,0,-1.440507228903756e-05
205,0.3372045686759418,0.1436849969082208,6,0.006513445429698748
206,0.04685421110417324,0.3683863220304581,0,-1.3373116638512558e-06
207,0.008486271944993455,0.5111792621822362,0,-2.1861632082240478e-07
208,0.18039648911205894,0.5694026307596144,0,-6.798174113915674e-07
209,0.2910660185851024,0.008539511003389122,19,0.028169574553318522
210,0.019988234948217175,0.4767694236742638,0,-3.45955234094892e-07
211,0.308228900091542,0.3257771818481377,0,-1.2388898315077927e-05
212,0.3095502392187351,0.3208575468441967,0,-9.916553914254125e-06
213,0.15007344127996258,0.12369235876853273,0,4.9448282475086146e-05
214,0.1431784099749844,0.5807085217062901,0,-4.187315516333299e-07
215,0.12791106339451305,0.034107942344428176,1,0.001235243579360811
216,0.3152070931310156,0.17252259295274078,3,0.0035673578532545982
217,0.03658745994689527,0.5169148601337101,0,-2.7332708696510875e-07
218,0.15838036140104828,0.446046474248662,0,-1.8730246254804144e-06
219,0.0015512720962931768,0.17142204586299378,0,-6.059918981970061e-06
220,0.17423281378665034,0.5923756306013627,0,-5.08058807421883e-07
221,0.12865307954752941,0.20973610319295424,0,-1.3500692513511547e-05
222,0.07339153773131862,0.1043981593112534,0,-1.4835827009827188e-05
223,0.14220700727725893,0.18125014184415777,0,-1.5624396273555516e-05
224,0.3014213172783037,0.321383991600298,0,-1.3087586332216296e-05
225,0.27608737259330035,0.16838472660249418,1,0.0015575260088921408
226,0.21327452473183287,0.07032237451183367,5,0.005810933148037071
227,0.3070172510648078,0.28131390674010887,0,4.004257807492106e-05
228,0.1042383872683986,0.5713112546326218,0,-3.1180415971663357e-07
229,0.24317086939617372,0.3638838380120942,0,-9.663945853361268e-06
230,0.24711315087193922,0.20181737461669338,0,0.00013155830098287037
231,0.0007431856563297145,0.41586426962857437,0,-5.248449842573053e-07
232,0.3433076498056102,0.026692413521898595,18,0.019750349684995727
233,0.06063008577128721,0.05089323051300763,0,1.2210398290952431e-05
234,0.3255078496870795,0.3106724225480254,0,1.549421387260512e-05
235,0.10477544678482975,0.22243064706994117,0,-9.964141370034473e-06
236,0.13453118146297438,0.240846038893049,0,-1.101999945189128e-05
237,0.3412987132367551,0.058470425104943,11,0.0127749123811061
238,0.009566631298784094,0.2749362162338259,0,-2.3453122072509345e-06
239,0.2641009289256318,0.028954723900769364,19,0.021215597580831396
240,0.08681104743215667,0.3859604045129007,0,-1.671803185907952e-06
241,0.2204848267044689,0.34634925085650164,0,-9.219008523929912e-06
242,0.08335721168432986,0.18940099998479357,0,-1.1054102273754401e-05
243,0.1449349032040765,0.023561121715334355,3,0.0035090943865739932
244,0.1882504910248624,0.5464829603506121,0,-9.246106632808529e-07
245,0.15494529934556578,0.059218520552464855,1,0.0012888223875532614
246,0.2046761202430325,0.5236715879761019,0,-1.3683092830952976e-06
247,0.25372199037033477,0.42872928564186075,0,-5.73648427588762e-06
248,0.3458262955558537,0.10839203089566989,7,0.008135079213494524
249,0.09605371692019682,0.1975941854994743,0,-1.1489265654836043e-05
250,0.30370678660144534,0.3642778345103258,0,-1.5253600803535966e-05
251,0.13798310628987975,0.359938108205072,0,-3.610485326354343e-06
252,0.08515268329299558,0.0719056369927729,0,1.8033348637611173e-05
253,0.20106086462850783,0.2508922629350364,0,-1.5752642386582748e-05
254,0.0030130432700973928,0.4374626790608234,0,-4.3259331164021056e-07
255,0.06464658405639248,0.47161981486409554,0,-5.689900277876782e-07
256,0.28962800301012354,0.1259370349214022,5,0.006294561020311575
257,0.08896637106767627,0.557879324868568,0,-3.061813247468751e-07
258,0.34816434204583735,0.11392481248509073,7,0.007759856346255758
259,0.27006535388959485,0.03002397060473023,19,0.020968718571617535
260,0.1396958200005898,0.2624728353381548,0,-9.50176284844164e-06
261,0.20210773635831525,0.36634291684833353,0,-6.383675991522892e-06
262,0.0290420205390467,0.41837472843632256,0,-6.790405832836241e-07
263,0.18670792554021048,0.5156803654810559,0,-1.2388366863025017e-06
264,0.2725414751364305,0.23506607535073643,0,8.525845268901375e-05
265,0.11548158872975231,0.39729280706276243,0,-1.987281846543189e-06
266,0.08597476333593852,0.21387230012959002,0,-9.068148610171888e-06
267,0.30433337996113025,0.5175622191093809,0,-3.923774418554061e-06
268,0.03741883137546911,0.526442185251751,0,-2.505608476845156e-07
269,0.3444548015888354,0.3262539714288766,0,2.0865277331754296e-05
270,0.06096410133029621,0.25567467128334587,0,-4.7390409474301854e-06
271,0.2719020256616364,0.27450407054746295,0,-4.180473775078046e-06
272,0.1401941897703986,0.36388146872788685,0,-3.5485805708254427e-06
273,0.2926050786664452,0.17396998562768176,1,0.002092831269245398
274,0.11259122033105483,0.22788093871748508,0,-1.0178916664306669e-05
275,0.31257995696047075,0.007110531268401421,19,0.028580068978490455
276,0.25443158627316864,0.19312918312580596,0,0.0002739283103582708
277,0.34205168198638874,0.33391245723306473,0,5.309146299213823e-06
278,0.2823533573771181,0.378302515893317,0,-1.2003372673428e-05
279,0.33240087997231704,0.2818689852580731,0,0.00015164312862528905
280,0.19583961659471813,0.18547952450145913,0,1.1509914177057944e-05
281,0.3196258176102232,0.4625475579643377,0,-7.825483956812781e-06
282,0.26356799687041876,0.4095830956726145,0,-7.607927574458502e-06
283,0.015923658234521274,0.09004474300315464,0,-1.4164166446059111e-05
284,0.2995328600991527,0.5808686381545294,0,-1.9894887290098974e-06
285,0.30259061731484027,0.5316924742645703,0,-3.3503953040167853e-06
286,0.20453311233241037,0.3698214764620963,0,-6.3178972611344625e-06
287,0.06099248083563306,0.37159207826863966,0,-1.4915033443010064e-06
288,0.05810913369181491,0.26604395348552307,0,-4.156132354830769e-06
289,0.3097002424022867,0.5023899227202023,0,-4.81041538087561e-06
290,0.016998437476601302,0.0793785915150332,0,-1.5113071184586297e-05
291,0.12998999001518244,0.5782928054342591,0,-3.760437065550741e-07
292,0.09601179906149379,0.09315513460414852,0,2.691871919030661e-06
293,0.13738765855929416,0.39295059471841237,0,-2.5821462347282023e-06
294,0.22026027770411621,0.49892243187404306,0,-2.0469553128788006e-06
295,0.23984201402672417,0.16411053836989217,0,0.0005125481020940667
296,0.16824951640264124,0.5481823014921643,0,-7.445264420656971e-07
297,0.27841263261268656,0.4661091956409484,0,-5.058293751438837e-06
298,0.20267015726927742,0.43900751117414544,0,-3.124473331727514e-06
299,0.01877354399447117,0.5897682999766037,0,-1.1041035432915812e-07
300,0.2417721576767464,0.521085092765108,0,-2.0327739623553587e-06
301,0.16960955793223081,0.5092524160994766,0,-1.1138221607852332e-06
302,0.27548501525837543,0.23556677670924825,0,9.681703854895705e-05
303,0.26388565580699147,0.08546829257493438,8,0.009760558243337767
304,0.15010661846474013,0.544236390590234,0,-6.46186736786065e-07
305,0.2096245265442905,0.4331173542429087,0,-3.550704108571917e-06
306,0.161764763137652,0.14199708777514713,0,3.055243522006952e-05
307,0.15937346555455878,0.06239737399677778,1,0.0013453776780623608
308,0.02395636333117472,0.4742760773838536,0,-3.690309271859238e-07
309,0.3273867834500493,0.3981992636630314,0,-1.4434760308193444e-05
310,0.1283868285861504,0.40871015247518466,0,-2.0166397098687244e-06
311,0.34721169137135616,0.36587194877019147,0,-1.2947645346141512e-05
312,0.34161360742832053,0.13299007973719618,6,0.007047712404560699
313,0.24737010919023564,0.36516833363894424,0,-9.92427358909487e-06
314,0.28687142615757805,0.32261013473542044,0,-1.560456634294234e-05
315,0.2327009574305903,0.39856940051710604,0,-6.278100302615921e-06
316,0.27976071487929816,0.41176344736661497,0,-8.691413179665078e-06
317,0.2553659756180764,0.11526181394157617,4,0.0044542374764186465
318,0.07864841183768972,0.10003129041908988,0,-1.2813519348676787e-05
319,0.18555968912330897,0.5496856703050816,0,-8.71744492288776e-07
320,0.2112962328734059,0.0047112276417162315,19,0.025030434065071307
321,0.24230169738580137,0.42424188216223924,0,-5.359107109896996e-06
322,0.17680457116954149,0.45585887272379716,0,-2.0406715303292994e-06
323,0.12068341173110957,0.27029699514780087,0,-7.370740747016653e-06
324,0.27661244417847836,0.25503359625990507,0,3.097249036584045e-05
325,0.24039219530233794,0.3139291636103783,0,-1.4196576961657437e-05
326,0.041055564302083535,0.18629703807999826,0,-7.696780350498233e-06
327,0.28796755557880727,0.2848220556604659,0,7.626858864125451e-07
328,0.29610661098241275,0.358819694153244,0,-1.5099440061880311e-05
329,0.18261436390445865,0.1354909198843251,0,0.00015319914048091195
330,0.038854743805224766,0.5604688803425277,0,-1.8087088915150455e-07
331,0.31669230675369814,0.07759295333715062,10,0.011639390376277594
332,0.3006115166082312,0.2646105762853173,0,7.594905317086815e-05
333,0.115553706711706,0.5794328144162124,0,-3.2187274731990367e-07
334,0.2374607205197896,0.10343372357180743,3,0.004043725994945918
335,0.23314176342880105,0.5089200990345037,0,-2.1062214681474005e-06
336,0.19591558516857635,0.5696031788962683,0,-7.921223314970619e-07
337,0.060399610513420125,0.5001020342160234,0,-4.101951595752073e-07
338,0.331091828190464,0.08857932812248627,9,0.010055949249165995
339,0.07760454966942011,0.18414657716928637,0,-1.1007014766154467e-05
340,0.14139262335981367,0.10006150726941558,0,0.00011782008272322028
341,0.027090006523458363,0.07233993210298248,0,-1.5747456052860213e-05
342,0.272834415346078,0.46795436680192937,0,-4.700552645729121e-06
343,0.33889871333905003,0.5697133510239765,0,-3.2904959677337024e-06
344,0.05167996240943499,0.5869795355209861,0,-1.5771437491979807e-07
345,0.15180571411601443,0.5761341980776414,0,-4.777577421945263e-07
346,0.3435944689189087,0.20663552218050035,2,0.0027389385767105593
347,0.18147239921643213,0.12856694520514475,0,0.0002024133091177461
348,0.3101849547905722,0.375904458693949,0,-1.4867905758489655e-05
349,0.2069347820149495,0.30855915865671885,0,-1.1461078645249893e-05
350,0.2617553947438823,0.2695287326441509,0,-7.637841138364886e-06
351,0.2666959406135585,0.5643194009312542,0,-1.691990713421002e-06
352,0.15142657342406304,0.510367141903867,0,-9.186589807739995e-07
353,0.04799227815435472,0.5717870078018259,0,-1.7695125122972652e-07
354,0.31300565109250544,0.5922097702543271,0,-2.0316346052826475e-06
355,0.15695659307597754,0.030780712264425646,3,0.004063459446965226
356,0.18747596227231664,0.28842467731550986,0,-1.1531215730625101e-05
357,0.305426362620556,0.3847495494153873,0,-1.3644001572412751e-05
358,0.11632602467725008,0.3185848959088419,0,-4.393470448844063e-06
359,0.15548881199611447,0.18845148983347282,0,-1.516153803203611e-05
360,0.1812322812215214,0.27897546659162914,0,-1.1847896980376834e-05
361,0.05462640493574176,0.2951888768656423,0,-3.0029024548182434e-06
362,0.2957410843572063,0.5926039704890479,0,-1.7037682919340596e-06
363,0.1148597626087418,0.04130841846037625,0,0.0005373216028571613
364,0.19578177713790668,0.21197979992859892,0,-1.1363372224540562e-05
365,0.014133309124790465,0.5651265231975146,0,-1.348637037587499e-07
366,0.22308371896233017,0.2105152991861275,0,1.4512981459434336e-05
367,0.13709347482770284,0.09807159388009763,0,0.00010459293136573915
368,0.0750321925498732,0.3177205619035346,0,-2.939074302316979e-06
369,0.19550903053536023,0.24400384741195233,0,-1.5779462260340506e-05
370,0.0712351910970197,0.13177374527443605,0,-1.5233790828693912e-05
371,0.02397542750905238,0.21527510519116894,0,-4.904167147240924e-06
372,0.23991250458393656,0.344228056049283,0,-1.119178377595501e-05
373,0.2993380805212537,0.5385806836287078,0,-3.028521505830265e-06
374,0.24707253947690397,0.08066769811557137,8,0.008749168184983443
375,0.311793736209819,0.19554447897935012,1,0.0018268463525157826
376,0.22878108904375835,0.49805861580206234,0,-2.2477359110032344e-06
377,0.29158003763621504,0.3527676123973669,0,-1.5208790984792736e-05
378,0.13623243819922645,0.2597499182676983,0,-9.437531978189366e-06
379,0.13971536518596012,0.3585996932311433,0,-3.7224868114231815e-06
380,0.25529844242732513,0.04016647710880367,16,0.018079558991718463
381,0.3054233629663532,0.41430975682910265,0,-1.0736765188903336e-05
382,0.27776783206519967,0.2680350806048618,0,8.913542893941859e-06
383,0.157988460307354,0.2809388063229141,0,-9.48347898100754e-06
384,0.19192549922227287,0.5272510032624566,0,-1.1624925909104826e-06
385,0.17927154218464347,0.35444407229710884,0,-5.736763909211853e-06
386,0.19649964140082293,0.34707310897500304,0,-7.292068726001399e-06
387,0.14908914950127208,0.1292393819555861,0,3.1066437702789456e-05
388,0.2777313856835486,0.07167144038921659,11,0.012805023077338554
389,0.21420217702673414,0.07161912633253573,5,0.0057253820285553154
390,0.2787363544416726,0.4488881199517848,0,-6.013037319047453e-06
391,0.16213321981317594,0.062262980384306416,1,0.0015004666831772303
392,0.25928252155035664,0.2805186820494722,0,-1.3258008506181928e-05
393,0.12192257789647935,0.4424917598944537,0,-1.3488625133595864e-06
394,0.0814494843898742,0.5641823994769168,0,-2.666878283358512e-07
395,0.1740050300242672,0.5223099346359102,0,-1.0213453715252303e-06
396,0.015595008768337176,0.32489629597653,0,-1.511791343474021e-06
397,0.05982226127692144,0.5521269696333564,0,-2.424097522629513e-07
398,0.15447606293743496,0.4829068802066167,0,-1.2462584359007843e-06
399,0.033988309738112524,0.13954726352313684,0,-1.1107176178574891e-05
400,0.28821366895558975,0.18694695752874352,1,0.001214446169751721
401,0.19389796804365184,0.25636130052602396,0,-1.5108483776312343e-05
402,0.14866440775827852,0.13710121809636033,0,1.4230149700709707e-05
403,0.14982767492872986,0.5134009549536984,0,-8.770995669337745e-07
404,0.13635064712278538,0.34682838456984233,0,-4.047522147765229e-06
405,0.18371086311282112,0.40529604611536213,0,-3.6207334603040774e-06
406,0.16753419105151193,0.16371905006166243,0,3.1542514584515045e-06
407,0.12950792133844494,0.5817823538964689,0,-3.614047927557838e-07
408,0.14020330466733155,0.5001460215002486,0,-9.096623668752316e-07
409,0.20510510623879563,0.4595225785050209,0,-2.6085721088585818e-06
410,0.26508391636144696,0.499933791394915,0,-3.1667873475108158e-06
411,0.253433053119706,0.21817685881996587,0,7.707397687793256e-05
412,0.12739861350037976,0.3941772430330121,0,-2.308903418420563e-06
413,0.2963897636031117,0.06278201455963199,12,0.014091902752115557
414,0.1800739953848099,0.5100277994643276,0,-1.226887577122046e-06
415,0.07413795579626262,0.04190519232280556,0,7.383972893072743e-05
416,0.11573325112357963,0.3048421631156866,0,-5.005310253325878e-06
417,0.3101562957375365,0.3704878894541418,0,-1.5271200084939116e-05
418,0.2886072100128636,0.591234331075289,0,-1.60867392398095e-06
419,0.05181671682639108,0.12929627966453305,0,-1.385203846651975e-05
420,0.2670479306964908,0.5996681945963662,0,-1.1925879155506804e-06
421,0.24315436939290533,0.27309589484537167,0,-1.493637445018347e-05
422,0.019901837888648053,0.5779321020540859,0,-1.2569203196305808e-07
423,0.2047686068734261,0.08713350264364898,2,0.002648886812086684
424,0.17743597521876742,0.564940539225166,0,-6.90135425181899e-07
425,0.223958910504991,0.4117800412826436,0,-5.058744715254759e-06
426,0.14077716667022874,0.35957249233084854,0,-3.7257177822403423e-06
427,0.2652808310444527,0.06432937888897403,12,0.01353057686262594
428,0.21345666931650423,0.23619242748244615,0,-1.3489041883419043e-05
429,0.12494312173856234,0.3186716329675558,0,-4.780749642686867e-06
430,0.12907391584147446,0.2959331320425926,0,-6.230692017900197e-06
431,0.26500972747508283,0.13924708430389224,2,0.0028519216593754313
432,0.305042817652024,0.28297005128050096,0,3.087068987840131e-05
433,0.3403481010456796,0.06663530828395185,10,0.011737909082360649
434,0.20757842809780716,0.14307523251066964,0,0.0003331352201524907
435,0.21332153104272542,0.15539620537457766,0,0.0002473785675503528
436,0.0066792730886498725,0.5799151302492148,0,-1.0797704586455801e-07
437,0.014278198758119946,0.23607388274754645,0,-3.6225033882014702e-06
438,0.2833710362941472,0.32717823484084557,0,-1.587472643283341e-05
439,0.21402314982851758,0.2166381756689584,0,-3.5863065185109934e-06
440,0.22373714112800488,0.09956609563036635,2,0.0031236530646286268
441,0.2849092141735302,0.20399089186626163,0,0.0005842671147905903
442,0.33742108907268936,0.500304826973601,0,-6.446044082448932e-06
443,0.32284142882247907,0.3675238959245039,0,-1.5913470687734308e-05
444,0.2220744860515006,0.03452637240318446,14,0.01601971999325894
445,0.1767172241946756,0.3779160961232167,0,-4.435101693431406e-06
446,0.1546854302272121,0.003047216452191015,8,0.009764878079189498
447,0.07291654157077718,0.5864835868851357,0,-1.959486507757914e-07
448,0.2999627431797833,0.44760832691333313,0,-7.482151773605206e-06
449,0.1947865711902842,0.10434890795490374,0,0.0009859405053889226
450,0.11463118213091786,0.2078541501363757,0,-1.2307357186877461e-05
451,0.006074575419312161,0.25266460011730946,0,-2.8291766432806055e-06
452,0.04510434044133443,0.016357077020361797,0,6.0402153092496446e-05
453,0.20457268221295657,0.3631421252254657,0,-6.746308747409394e-06
454,0.05816497857900124,0.36677955148694774,0,-1.5214513036658073e-06
455,0.32835873645561336,0.03847554809677129,15,0.01713161319241883
456,0.011282898093067916,0.5569401825534395,0,-1.4225947941670574e-07
457,0.28865105487277093,0.4735854717763401,0,-5.196905429728549e-06
458,0.32769648850674377,0.588175385446022,0,-2.448435991414802e-06
459,0.22865847141593693,0.2911626508582504,0,-1.5108127956988294e-05
460,0.24036622334458557,0.5032707182250877,0,-2.3948550119920887e-06
461,0.20471107747457687,0.18557010341201197,0,2.7887769765065975e-05
462,0.16551315113174128,0.027131639449500165,5,0.006057982913347615
463,0.33880879953528226,0.5753772873299552,0,-3.107111027514327e-06
464,0.15046150527489324,0.596081096549387,0,-3.861520211220321e-07
465,0.0006227974924598478,0.17320965306208125,0,-5.9004379698251865e-06
466,0.0534406377686818,0.10490960120290609,0,-1.5670570391229926e-05
467,0.10820331720845977,0.2682510062730013,0,-6.662039965826056e-06
468,0.0882793571919721,6.197817386204285e-05,0,0.0010191361893019627
469,0.32243725555130764,0.42528146224763064,0,-1.1313864245861474e-05
470,0.12339270970285518,0.08829060387456888,0,8.507966740764356e-05
471,0.012025078609998113,0.07147133696820993,0,-1.530299475370254e-05
472,0.3094632891766119,0.47257670481063146,0,-6.436805289854677e-06
473,0.08046022153503594,0.0642149851141909,0,2.4054980873853366e-05
474,0.15544306212061526,0.11374955768489065,0,0.00011893705064228772
475,0.18024470752778804,0.5928396949405947,0,-5.369847626338272e-07
476,0.10899704269698203,0.11309814143037034,0,-4.024528507183696e-06
477,0.046454683959764806,0.44021912324464463,0,-6.494760349524853e-07
478,0.2975992307229155,0.40498693608779585,0,-1.0881704967949544e-05
479,0.03635950161621864,0.142885111333569,0,-1.1013864962529389e-05
480,0.18880406433838173,0.5253770463746048,0,-1.1481495236517919e-06
481,0.2536617931162275,0.5596791760887918,0,-1.556291531841173e-06
482,0.16961504649326428,0.16811473482866068,0,6.161655622419317e-07
483,0.31598533960066677,0.5398690369416339,0,-3.5279087575160743e-06
484,0.04122057934653833,0.5894473276922825,0,-1.3860603952917325e-07
485,0.04537701997933599,0.33507440758066465,0,-1.8384422627726648e-06
486,0.1386688867050188,0.3030822421288441,0,-6.380604899950265e-06
487,0.17748148092785668,0.20439645148925928,0,-1.430923476016455e-05
488,0.3206790038649949,0.4805076970150225,0,-6.644405685433012e-06
489,0.2782605903391698,0.07130000367852263,11,0.012876204992770136
490,0.1599729758344192,0.3708467823371271,0,-4.029891553743805e-06
491,0.33456504897288303,0.4692283266648426,0,-8.462763982759716e-06
492,0.28868614151083705,0.4651578900258755,0,-5.64931319664737e-06
493,0.10863601150435186,0.457849682074498,0,-1.013155876032657e-06
494,0.22394871125741045,0.18349526536887595,0,0.00010528156468688823
495,0.11579043266666139,0.5749255927848765,0,-3.375082913718696e-07
496,0.1096708770036967,0.3636742970806354,0,-2.623843009622864e-06
497,0.16028775455817296,0.20449508231342323,0,-1.578317507092939e-05
498,0.3292555092457709,0.5082778592893148,0,-5.502918803237041e-06
499,0.224332564156761,0.45090024301097337,0,-3.442496458446426e-06
500,0.23692707283701014,0.5598889376044209,0,-1.3142885270449343e-06
501,0.12536429475712965,0.28010603780396376,0,-7.013039392227947e-06
502,0.33448667456823544,0.5324101385178591,0,-4.564115750033095e-06
503,0.3097367146397178,0.022377798992606456,19,0.022390164026508542
504,0.1686423404314877,0.05757317419743162,2,0.0022740359517548175
505,0.04570268547088971,0.033412628972273595,0,1.6619755410334835e-05
506,0.1981866060550084,0.08574196381190644,2,0.0022413771866622956
507,0.06674024432767696,0.5249780352034644,0,-3.4076966432044675e-07
508,0.036909505775238646,0.17918214232204627,0,-7.919527515892852e-06
509,0.14807638893199201,0.5412543690814197,0,-6.523865681396095e-07
510,0.057468424311240586,0.05884345071761829,0,-1.4581314280543593e-06
511,0.24154932320981648,0.15245829530236674,0,0.0008646249408712475
512,0.019270417061901062,0.0371568829730347,0,-1.1585600888506919e-05
513,0.10962504509832392,0.26184666531264106,0,-7.188435058272114e-06
514,0.09063540161401099,0.13639382001106617,0,-1.5761738555141734e-05
515,0.023430873550429082,0.5604027238137914,0,-1.5514774501564558e-07
516,0.19355886383961418,0.3076569412137042,0,-1.0274367527829229e-05
517,0.18257121956057126,0.22156145287883194,0,-1.5655985611812345e-05
518,0.14215100167937755,0.01228923674974578,4,0.004823102424773175
519,0.17295946405950208,0.21698069391863198,0,-1.5788918227416e-05
520,0.2713200816266339,0.09561481951142488,8,0.008818201096114918
521,0.14175681529616793,0.28646123384342737,0,-7.724856321356698e-06
522,0.04151222614892896,0.5499200442845575,0,-2.063996601679775e-07
523,0.015299438540106618,0.5910823252219672,0,-1.0525225320040414e-07
524,0.12363926876526013,0.2694514021674842,0,-7.645472181350548e-06
525,0.2503636976091748,0.005259765071392719,19,0.02908357112803384
526,0.28441289769149775,0.16914641219451618,1,0.0019394877520550577
527,0.11103030439024345,0.36061740795914793,0,-2.7420609533731147e-06
528,0.3330046773347602,0.33282391655931526,0,-2.7227371214527544e-06
529,0.05106808031438695,0.4708780738881148,0,-5.005282580440641e-07
530,0.09997191314062583,0.26852037288547387,0,-6.131320226029651e-06
531,0.027709983111970714,0.5681920197176865,0,-1.4978942396291705e-07
532,0.10093663233252836,0.39495363692281843,0,-1.7594496800736079e-06
533,0.12943681611673133,0.5883028040343488,0,-3.3835244578593814e-07
534,0.19233297401993601,0.3049461592185642,0,-1.0412519665472534e-05
535,0.21013774400801744,0.128271961471787,0,0.0006856365950470717
536,0.2569665997502491,0.5038218300233271,0,-2.809932256754439e-06
537,0.021659339176621988,0.1605795687336847,0,-8.178634069705934e-06
538,0.08891892385424062,0.3445030480242427,0,-2.5835556241106654e-06
539,0.02863050016714899,0.1964944981674448,0,-6.178603956036208e-06
540,0.19131209238220562,0.21448055532300753,0,-1.3533129190446681e-05
541,0.19134888200893943,0.29063275583544573,0,-1.1693965610242303e-05
542,0.016016298043588555,0.4607757508940898,0,-3.9016398047372904e-07
543,0.07458176221139204,0.4945611758392777,0,-4.995366606631868e-07
544,0.30808158232031624,0.5833312142538137,0,-2.1137419521055766e-06
545,0.05260083782440823,0.5580810548717381,0,-2.1250434295599487e-07
546,0.1327458093206201,0.44082687072567556,0,-1.5279609885898017e-06
547,0.0755857642843569,0.2338007528606778,0,-6.785457805732811e-06
548,0.021901395817279033,0.056120566348456614,0,-1.519694503862314e-05
549,0.2428940094269629,0.47621511356411494,0,-3.2170798491388996e-06
550,0.13248357739099748,0.2819822353603104,0,-7.3774262961272984e-06
551,0.31659388698453594,0.5250880641915202,0,-4.111518883232096e-06
552,0.13701438375381916,0.0968450745813811,0,0.00011116644925791604
553,0.09793918643952938,0.26949855225751124,0,-5.9529433150175724e-06
554,0.03613097842852337,0.5041125774207945,0,-3.092438915012949e-07
555,0.0341631094730048,0.5586840938358779,0,-1.7569819014759223e-07
556,0.15293313524275093,0.525296412114469,0,-8.032635936859926e-07
557,0.3147436948178834,0.28687331039956077,0,4.578184078035586e-05
558,0.09867905303539627,0.19049695431134564,0,-1.2449231887033181e-05
559,0.23717940696608314,0.5981962784237624,0,-8.984084412338058e-07
560,0.09028099172103543,0.5045444184540423,0,-5.288126339246285e-07
561,0.09644910528561149,0.5629693185922577,0,-3.135647413409794e-07
562,0.24570918910312953,0.4157371532200775,0,-6.025371161027805e-06
563,0.31057394092811014,0.43270613527695095,0,-9.522340338976763e-06
564,0.2121310753928445,0.4400402093578349,0,-3.397677661601314e-06
565,0.05844618403166926,0.10331868958155999,0,-1.5749590893484754e-05
566,0.06983552223275967,0.31875016816364904,0,-2.762185017914422e-06
567,0.053165977591288625,0.5734315676834756,0,-1.832965116911998e-07
568,0.1256260516858549,0.4065191483073557,0,-2.0052791698509397e-06
569,0.13591624403978692,0.21843838880648173,0,-1.3360372867972549e-05
570,0.014391780404796389,0.4958603147578687,0,-2.7029086053171484e-07
571,0.10498351898279634,0.45172524561845734,0,-1.0385637894646805e-06
572,0.17566586743858065,0.46006541801471573,0,-1.9345788710727735e-06
573,0.01193055023314557,0.12191410235487589,0,-1.068684748043679e-05
574,0.29138863809203275,0.04994132390665979,14,0.016280478155472705
575,0.12581612366846584,0.028803633819568606,1,0.0014094544462152072
576,0.15425222691155088,0.5209899254282451,0,-8.497223761321752e-07
577,0.12463808520114847,0.12071142300252158,0,3.7086808271091383e-06
578,0.33629565573395626,0.1131390085200316,7,0.008225302293763202
579,0.19394457691702063,0.24528093294744172,0,-1.5706187255741612e-05
580,0.14956822211586393,0.37109863165056445,0,-3.625045020887009e-06
581,0.04007416504834617,0.3148420148595174,0,-2.134389952283737e-06
582,0.28675739533546923,0.5985371940296251,0,-1.4681265111651235e-06
583,0.3268995524956545,0.28943331587450494,0,7.946019155608164e-05
584,0.03220199272921284,0.3626676681384626,0,-1.2232527741320872e-06
585,0.0951763170662482,0.35314771848785437,0,-2.5224637577433507e-06
586,0.2348645626599598,0.24507511487657507,0,-8.820802829861522e-06
587,0.15063704100562636,0.20653181349631936,0,-1.550567392623512e-05
588,0.2247235737193483,0.13695541397549968,0,0.0008462637399861266
589,0.10958566437764519,0.2912764097682165,0,-5.386628958146669e-06
590,0.31733810524104755,0.039795739183633085,15,0.017321163197029223
591,0.26426805671863196,0.532259430213682,0,-2.275024107258563e-06
592,0.34054121984945424,0.15391116727148416,5,0.005943647111231224
593,0.1568472965949414,0.10514659172968523,0,0.00019505301985312876
594,0.14342715658605096,0.024237674338455382,2,0.0032451867767136966
595,0.2524835319354575,0.40843741218401913,0,-6.9124596799455194e-06
596,0.2850690543672054,0.03277011284998388,18,0.02009600740271307
597,0.19947154795117186,0.03832479906343036,9,0.01033250130174838
598,0.05355659914804742,0.3468868101327501,0,-1.7727071143331708e-06
599,0.2024720903878507,0.10286992319026622,1,0.0013843344393494664
600,0.13772371436341338,0.05989513869649865,0,0.0006325653496330953
601,0.1306748872490989,0.4911246596552592,0,-9.051956687475109e-07
602,0.02305861149180258,0.10473960988516921,0,-1.345528640728666e-05
603,0.30550095806735234,0.44809248210091607,0,-7.853432445742052e-06
604,0.28136325570917536,0.10387102837820868,7,0.008425054140716171
605,0.18668583007992046,0.22237883502256503,0,-1.545478020853664e-05
606,0.20922620132432881,0.06627106719391959,5,0.0059136156761031965
607,0.09812612589403409,0.24872392685283373,0,-7.303630747389911e-06
608,0.28929111033717014,0.1358652088318468,4,0.005158963374094678
609,0.17792886656318752,0.3693036603172366,0,-4.8887310577431916e-06
610,0.11927436567651631,0.4396963185340687,0,-1.3509039574584647e-06
611,0.3351943067880677,0.18472690287613694,3,0.003755979640901255
612,0.17474005633961512,0.31875601179821006,0,-7.77119931935469e-06
613,0.22888138444749728,0.2955788557644263,0,-1.4787360904734708e-05
614,0.1869129878226447,0.2761756790687923,0,-1.2688552413010166e-05
615,0.1454534391689092,0.11659047671506137,0,5.811330400707865e-05
616,0.2749503153219083,0.00713047185471578,19,0.02883301827024154
617,0.30439649331275875,0.20637681588847806,0,0.0010435894540732392
618,0.2701751683410013,0.43448909402135594,0,-6.368442816841074e-06
619,0.27465986448694135,0.30969399854509777,0,-1.553301053883403e-05
620,0.25348312824740765,0.12722594684723415,2,0.0030169314858443266
621,0.13247437883041635,0.28560850113220254,0,-7.122395666094049e-06
622,0.06272172975390099,0.17198757366360337,0,-1.0748965539525202e-05
623,0.207117785514962,0.5950162388839514,0,-6.870679366275559e-07
624,0.18122573114177148,0.44511087545708145,0,-2.3743663966591896e-06
625,0.07989305119008505,0.02173753542622001,0,0.00027628889326059995
626,0.06715243266734608,0.4450016654159908,0,-7.613232649149485e-07
627,0.08197741198379929,0.034908849391124375,0,0.00016261676957678178
628,0.004411269462773398,0.4817559947857368,0,-2.8169898661908994e-07
629,0.2270283242950305,0.11149080071046517,2,0.0023200343606022437
630,0.1961375328693107,0.020750397313677803,13,0.015073332369044203
631,0.0660617774250872,0.031264878804227104,0,8.578254796800799e-05
632,0.25807875929547586,0.45191659372162185,0,-4.7624008448963985e-06
633,0.2281130997462384,0.4856555649282117,0,-2.527236221185742e-06
634,0.06265325546082852,0.546510465697425,0,-2.637676451616437e-07
635,0.04731813007854251,0.12657365777216054,0,-1.3685034206416772e-05
636,0.31051624626237845,0.01186578146821866,19,0.02639812808714553
637,0.2928339988311681,0.16492519864284616,2,0.002730461119328121
638,0.3236292513804891,0.10564619476067624,8,0.009046788519044812
639,0.03560713586339634,0.35510652651134456,0,-1.364948848490364e-06
640,0.28434594657663603,0.5718510613633624,0,-1.8712480010096722e-06
641,0.14760429247542947,0.24897753366336636,0,-1.1497173447730427e-05
642,0.0051639207790519556,0.027058316302422458,0,-1.2895943975892861e-05
643,0.15299771846956417,0.21672870721063647,0,-1.5015275533232863e-05
644,0.12976782371098042,0.07304778555716085,0,0.0002515550307002037
645,0.21844976357906584,0.07415840099530298,5,0.005904882255126015
646,0.09327335125685425,0.36234483366542286,0,-2.257801545887558e-06
647,0.1841557263656469,0.008529473500683381,15,0.016472152937022585
648,0.051186942045960054,0.560090652206362,0,-2.0535591506401492e-07
649,0.18800635013110673,0.17860307016692714,0,1.0198113838306004e-05
650,0.14180981632605563,0.5144817802850644,0,-8.009291629291237e-07
651,0.030034450154167783,0.12174858024914542,0,-1.2468377111389631e-05
652,0.2569777863825306,0.4089560743566529,0,-7.183491515884249e-06
653,0.34442566858438617,0.532304605186088,0,-5.0399566469594635e-06
654,0.0998557035980347,0.3053883152269516,0,-4.254014603144029e-06
655,0.1679745784663209,0.4077403372522133,0,-3.0214829468122186e-06
656,0.30701938487943425,0.29525423988003935,0,1.1146699355333808e-05
657,0.17515257264979864,0.35101719380726787,0,-5.698288065914866e-06
658,0.33588981294365977,0.05848955388320811,12,0.013046023504323384
659,0.18385099194830687,0.29322073094277007,0,-1.0719219542725098e-05
660,0.14942381902078344,0.12872600335008558,0,3.3161411682175244e-05
661,0.28916529085791154,0.14122954342979485,4,0.004583037854375191
662,0.16244501160049177,0.1273112324383109,0,8.312868963709718e-05
663,0.03721633069183491,0.4192983058128024,0,-7.300354847252155e-07
664,0.23264800034250788,0.31598973395588853,0,-1.326535902721971e-05
665,0.15364588767908752,0.3928753637277206,0,-3.038485961405783e-06
666,0.15645868320084658,0.3376227791768807,0,-5.410242142551321e-06
667,0.07956288907527494,0.10477395322631995,0,-1.3801067339384052e-05
668,0.04018426870469541,0.26230120887246916,0,-3.609861281811341e-06
669,0.2803454198674623,0.10742264667061156,7,0.00788033474204145
670,0.18443852493539203,0.20995395710533252,0,-1.4047910954851917e-05
671,0.0520693620865606,0.4539529624462581,0,-5.987898001512814e-07
672,0.2688730435035983,0.34088070765211914,0,-1.4332173458689153e-05
673,0.10545253873177068,0.23963346803177774,0,-8.545500013260816e-06
674,0.2901942497232843,0.26363708766755284,0,4.3424330059413966e-05
675,0.2425716644470681,0.5756478111458421,0,-1.1877715653402431e-06
676,0.29669025365666013,0.1008573542820357,8,0.009510800089527519
677,0.1365359272895227,0.5462941887516232,0,-5.528169186709814e-07
678,0.25716380955257523,0.5416511850500607,0,-1.929712100799579e-06
679,0.14380810785649895,0.44507465226403015,0,-1.6353744465379147e-06
680,0.09336803841970748,0.09197437071304794,0,1.110663152473198e-06
681,0.23741082255881285,0.23184661186677924,0,4.264720826357143e-06
682,0.2138338237236164,0.3153130516214715,0,-1.147381117162886e-05
683,0.28139792392133545,0.27179653066461124,0,8.647133596955339e-06
684,0.2870075337092176,0.3688987064687802,0,-1.3397630097871542e-05
685,0.064914313850177,0.5556886626602666,0,-2.461328692462237e-07
686,0.03898260650734607,0.14327094157843104,0,-1.1229419217849993e-05
687,0.2754798423478073,0.0010635034319625535,19,0.03172736875677116
688,0.005911761287527989,0.3830746265091997,0,-7.671033208392612e-07
689,0.2917813597767918,0.19567696314595953,0,0.0010069682420680353
690,0.3249098302057714,0.24769345051137331,0,0.0004702028963196799
691,0.1126181488197972,0.19347849905422887,0,-1.3524175038965347e-05
692,0.3086065238484169,0.5877454544850057,0,-2.0331789046468795e-06
693,0.05543439885877642,0.020080856739314677,0,8.87917856134766e-05
694,0.24655201572961094,0.509000347712323,0,-2.405462369973984e-06
695,0.11986894755379411,0.12794274097220923,0,-6.917362097857097e-06
696,0.12289064798631537,0.19877009638493418,0,-1.3993566687032357e-05
697,0.2014354470812954,0.060898277214944535,5,0.005678342135337715
698,0.025143552038569994,0.28105564729821836,0,-2.577215637705037e-06
699,0.2730854920093151,0.35283762373495936,0,-1.3607942165998953e-05
700,0.2338794631466442,0.39379403549342207,0,-6.653997001710061e-06
701,0.3283818869195188,0.14126171011511854,6,0.006594702264548796
702,0.2547833526135493,0.25693365672109963,0,-3.6283845078707334e-06
703,0.15847317927839877,0.4976919417938968,0,-1.1187653042622686e-06
704,0.3295925869685865,0.28501459394530393,0,0.00011444053284893187
705,0.18083269697261892,0.32689530235957415,0,-7.6188984000015875e-06
706,0.24428350674312388,0.02718396180690381,19,0.02093035036018154
707,0.3317441393849814,0.252675464563486,0,0.000497693786525573
708,0.3499044193647089,0.5565150180793371,0,-4.18523959509967e-06
709,0.32500483089598037,0.19646323337644586,2,0.00243782020519681
710,0.11606962492029807,0.21524566275151472,0,-1.1718141632021399e-05
711,0.09795972615266263,0.006380411551826315,1,0.0011625039181218622
712,0.1901469545065751,0.03919001209681503,7,0.00815753995823902
713,0.12848096508104734,0.5585067920506177,0,-4.51459431252616e-07
714,0.1738272106283635,0.42147977336144427,0,-2.7925094560880698e-06
715,0.3377975289981753,0.08700178421625016,9,0.009877950950670735
716,0.2946929964658513,0.5477393668397517,0,-2.6392003395102807e-06
717,0.21321882424510333,0.2304845971625018,0,-1.183420434025477e-05
718,0.03602810501894863,0.02166746193114999,0,2.0579085029805958e-05
719,0.06350649795112191,0.003033918760429355,0,0.000309347169074622
720,0.09433008941482808,0.3265338855177824,0,-3.2622092941939226e-06
721,0.009431777091778564,0.06845743235807904,0,-1.5328216229811372e-05
722,0.17102290514495233,0.09068301227900556,0,0.0006782056279786773
723,0.05651569423359878,0.307437988007831,0,-2.70784963566308e-06
724,0.24946786981401609,0.557605312045049,0,-1.5237992618892835e-06
725,0.18079423172368897,0.16091622545382983,0,3.0304596530609502e-05
726,0.2659734495603177,0.5224577379152823,0,-2.551925828976156e-06
727,0.17956824685878808,0.21099462152510948,0,-1.5014001478074542e-05
728,0.029470632660557397,0.16935306925499255,0,-8.103239118994669e-06
729,0.3127064488397837,0.5556154512539996,0,-2.9187778279501876e-06
730,0.10952086968217489,0.5904559180243587,0,-2.714255407716433e-07
731,0.006075560713603333,0.4248288104098473,0,-5.060968365865898e-07
732,0.30253931753996477,0.46967508669169933,0,-6.1895683741716926e-06
733,0.03714441229827886,0.5779124566203097,0,-1.4934616609587655e-07
734,0.1694198989594838,0.13039953622108208,0,0.00010229876607864144
735,0.1104466680987,0.34601924451634786,0,-3.1536565284828624e-06
736,0.1952150150159921,0.3602722059051718,0,-6.333483961170584e-06
737,0.23322694609630426,0.43489656238240665,0,-4.409100967250155e-06
738,0.021184259641043812,0.20470744512223063,0,-5.2964300659193026e-06
739,0.30488619616045065,0.21011974975630313,0,0.0009315847168314567
740,0.08067274076766766,0.4319513321758072,0,-9.92837922352181e-07
741,0.31828411937009465,0.4403401179821381,0,-9.527032817279597e-06
742,0.25813208338080085,0.3099059804322674,0,-1.5717176407278635e-05
743,0.24131795720296664,0.04682519960213749,14,0.015333051295728336
744,0.21729915016232132,0.39486950517440195,0,-5.598333636357239e-06
745,0.21088052121742626,0.5504347350356731,0,-1.1139819740537306e-06
746,0.26447156288879337,0.45702485781663793,0,-4.8226235226490235e-06
747,0.12833071764744677,0.39412797709888253,0,-2.3316134086801524e-06
748,0.25174254849514793,0.3549349693648788,0,-1.1298081280886743e-05
749,0.16061527614602866,0.3764397930479626,0,-3.836167157780867e-06
750,0.07866944322831121,0.23827040949621958,0,-6.694148519461874e-06
751,0.24124492791263508,0.4756987125480652,0,-3.1810727729453284e-06
752,0.31371901380767026,0.2568928524107277,0,0.00020734016835068176
753,0.08537649824577788,0.3534547124776103,0,-2.2805747478465817e-06
754,0.2845337832178046,0.05289813334123361,14,0.015883869235247372
755,0.002359496513977405,0.5427365278731693,0,-1.4998653131879257e-07
756,0.15815807289649633,0.40468038149221836,0,-2.8250028619851613e-06
757,0.11696737348392834,0.3811167825984894,0,-2.3707392974573725e-06
758,0.06132737924846156,0.07990680063579236,0,-1.1882663477419392e-05
759,0.22002070643275495,0.258987696361412,0,-1.5693202352913848e-05
760,0.030684188784775798,0.18752055527103262,0,-6.8810964563687405e-06
761,0.06557544160937119,0.07517319746391102,0,-7.678243141076391e-06
762,0.0530883453071608,0.462337822693163,0,-5.562634848768518e-07
763,0.1693269420049665,0.44749173256137265,0,-2.059169243229608e-06
764,0.2509434903365709,0.22072786513664577,0,5.753562355641838e-05
765,0.0006049040204530064,0.5748006589155316,0,-1.0695211687273393e-07
766,0.17497805329317465,0.3961076026844314,0,-3.637822061160713e-06
767,0.3014004446286891,0.3570284447309348,0,-1.5558183768360605e-05
768,0.2231176824612002,0.033257549632484375,15,0.01658454597954936
769,0.1923805521976528,0.3150400117714362,0,-9.502676258036252e-06
770,0.12586088206996543,0.3075053349769555,0,-5.387627751096992e-06
771,0.17753716623475677,0.10148207353045895,0,0.0005634690457699744
772,0.01972207685772513,0.02219047471899267,0,-2.34705564696351e-06
773,0.12634212080716584,0.06460483187138029,0,0.00031699278214185415
774,0.24676045309772593,0.09810044841172001,5,0.005805722711907088
775,0.1578164375824594,0.3437580616961664,0,-5.160744254368972e-06
776,0.12293236621421955,0.46781762532297344,0,-1.0577417123377414e-06
777,0.008505555267398995,0.3350150244416969,0,-1.2729368397786598e-06
778,0.3347127878812933,0.49396180733517264,0,-6.679309911818457e-06
779,0.14929763879456112,0.20355246614160435,0,-1.5582420909212453e-05
780,0.1884351104684463,0.5609570144057305,0,-8.015138228202104e-07
781,0.08783369234130543,0.27066204988590054,0,-5.328273856806563e-06
782,0.1760762993833791,0.11296103335128349,0,0.00032374859683693296
783,0.14356953225764163,0.34981177707846756,0,-4.221046222485463e-06
784,0.11931148148146124,0.35083847575327837,0,-3.2830209803477524e-06
785,0.19520668265441338,0.3758281424130681,0,-5.4350617720528105e-06
786,0.2742681007753162,0.5915861357756311,0,-1.3894618815093416e-06
787,0.058121411163144274,0.4149092296772274,0,-9.398968559524616e-07
788,0.25282916439569303,0.0937892452411134,6,0.00719577463461328
789,0.31006376209560377,0.0387708590126181,16,0.017857935422339523
790,0.2414831636138316,0.5189785435796112,0,-2.0700340312029863e-06
791,0.05008125242574822,0.49543355648351983,0,-3.877104338270789e-07
792,0.3171890955854027,0.4543334317133085,0,-8.269951497824968e-06
793,0.023655915391442628,0.46042755887138975,0,-4.225729837724414e-07
794,0.25982565470027036,0.3849910193637703,0,-9.270647812377505e-06
795,0.09125800597333569,0.15693536916428721,0,-1.4869469633178037e-05
796,0.1380109322012973,0.015421918115596322,3,0.003727587900649364
797,0.28440570210901,0.5112457582801626,0,-3.4283396461836595e-06
798,0.3491363436507532,0.30118502052843404,0,0.00013096930026118783
799,0.30880899710580867,0.3284613815947892,0,-1.3034813615248009e-05
800,0.3378182586931655,0.02108830664319943,19,0.021897465431459165
801,0.03226108451828916,0.038951450444708643,0,-5.7100700907588e-06
802,0.3351417277149679,0.46119143584290606,0,-9.176241377810787e-06
803,0.22839483570211538,0.4947818207361377,0,-2.313592085038074e-06
804,0.3402448084356495,0.35104313068971765,0,-9.924929994506713e-06
805,0.030506816668977657,0.3108867625064714,0,-2.0182138461082843e-06
806,0.16549578603348924,0.20914545390962352,0,-1.578020933902987e-05
807,0.27241477676465464,0.5342571791312728,0,-2.4186381699678053e-06
808,0.08509759686229607,0.2332342105487223,0,-7.480781808295727e-06
809,0.14004842933331463,0.4194714540693308,0,-2.034475521516501e-06
810,0.14727640552723809,0.14598659330906563,0,6.064935578689749e-07
811,0.33983856216611147,0.3678378026235602,0,-1.491819685032385e-05
812,0.0522157324902031,0.0031097636954463327,0,0.00018161362498138046
813,0.3227906086593515,0.36159118726580686,0,-1.582183849962049e-05
814,0.27900631375149176,0.0621888832668386,13,0.014326443544992792
815,0.02739245459397557,0.19504612704158758,0,-6.1914443915780165e-06
816,0.10365170679105644,0.19996081923275746,0,-1.200307195673676e-05
817,0.02133214417002009,0.5211265682266737,0,-2.250154142002197e-07
818,0.2018100150694928,0.454747628383777,0,-2.6475715971137977e-06
819,0.26802172355830095,0.0725526171975794,11,0.012242700856525821
820,0.17814583448603194,0.5217760788390589,0,-1.0701355871120548e-06
821,0.11990329371655786,0.03838364492220603,0,0.0007507401917505392
822,0.29321647814702617,0.08634603861913194,10,0.011101693539235421
823,0.11344028412453463,0.11980357153035892,0,-5.738856484319592e-06
824,0.046156866972950045,0.4440466311494673,0,-6.232312708361748e-07
825,0.20993087602428812,0.2138513837585966,0,-4.578116694497335e-06
826,0.18798385898643877,0.0015227635907687942,19,0.020683832570104435
827,0.11264279554473126,0.441906179823561,0,-1.23674167490919e-06
828,0.022043894593386796,0.07870386711626214,0,-1.5458101115490486e-05
829,0.3407449938849992,0.34112634404843223,0,-3.3102049626219425e-06
830,0.10594552455242263,0.515708687959142,0,-5.530349058341421e-07
831,0.08072352120525933,0.4259628151308736,0,-1.0546377027706725e-06
832,0.3337506455383309,0.0208604467457397,19,0.02212139803711345
833,0.22573991617260145,0.41570985480891826,0,-4.952129887057795e-06
834,0.21923273889063413,0.1981542331512283,0,3.199824666901321e-05
835,0.23664836601573022,0.04308782866124099,14,0.01574016538466523
836,0.03335305810053046,0.5331907238140605,0,-2.2488873374728665e-07
837,0.17391942378492378,0.16628579239913713,0,7.885222150852245e-06
838,0.15694345553520955,0.402485862297505,0,-2.8528276650142906e-06
839,0.13861264205320106,0.2421480184228775,0,-1.1287927454828996e-05
840,0.3085180979343282,0.2684297357328851,0,9.371786694233727e-05
841,0.22986370532394132,0.23907788631472116,0,-8.236761923785346e-06
842,0.2912988504294962,0.11716161377497533,6,0.007426697231180909
843,0.10926675356432007,0.025315159286514753,0,0.0008388274105434683
844,0.20285393241875263,0.5422127596189975,0,-1.1163275581543413e-06
845,0.19967595756439824,0.09574114534867874,1,0.001636936530954389
846,0.32467533592028847,0.23383633903655335,0,0.0007750106862790359
847,0.20974331610928998,0.36519224810783935,0,-6.9534503383517885e-06
848,0.3169013617986081,0.17630328750252092,3,0.00337675167862891
849,0.06466394643075044,0.4203804560862163,0,-9.499415714090448e-07
850,0.20422552455126386,0.3020148752252729,0,-1.1838744480018654e-05
851,0.06217161787236152,0.5158420248109403,0,-3.567143222373805e-07
852,0.039795562939290915,0.3813548083236123,0,-1.094727553592015e-06
853,0.3149704560522808,0.0416153304269657,15,0.017028964642009044
854,0.3462176530815988,0.25370525373073116,0,0.0007792511310366954
855,0.24801339786154733,0.13421693258174008,1,0.0020631650018979445
856,0.23176862817278057,0.5219291474138484,0,-1.8243603914541814e-06
857,0.07365395701075526,0.19980544952194554,0,-9.218561655181242e-06
858,0.09569473365682925,0.5814496395433192,0,-2.587018041536203e-07
859,0.2410435773781891,0.5342170696646045,0,-1.7699088031581934e-06
860,0.28395774141053975,0.5265125179481587,0,-2.9312342877827008e-06
861,0.06992554828449005,0.18354893850192286,0,-1.0338966324843226e-05
862,0.07863684772250679,0.1785996355256,0,-1.1646410568221981e-05
863,0.04602419075808667,0.014387602821462274,0,7.191140768470045e-05
864,0.27863278462274277,0.2732262014401811,0,3.378052579550266e-06
865,0.15166864366581592,0.10361988926062098,0,0.00016417559531721544
866,0.34926913229763773,0.4512951003083552,0,-1.1386131864329302e-05
867,0.020843794420378835,0.33267097096276504,0,-1.4740100520044313e-06
868,0.02218182326991327,0.519644365309995,0,-2.3032199246032007e-07
869,0.11369569823952923,0.03890616557673674,0,0.0005671756336642244
870,0.13233485178567767,0.1668882652392199,0,-1.5297842241456302e-05
871,0.23068140267640452,0.3902882452673681,0,-6.6744939557401175e-06
872,0.1929535125872482,0.4633903727058203,0,-2.223463889729941e-06
873,0.3253966260426882,0.36326309839683246,0,-1.5787881471548696e-05
874,0.027740894622941662,0.5521100276110503,0,-1.7597756937295193e-07
875,0.09587964427351779,0.11631073086987447,0,-1.2553765373306184e-05
876,0.0430792900467679,0.38545154034434653,0,-1.0858226448190468e-06
877,0.24847633332097577,0.40448290966971373,0,-6.90960358138454e-06
878,0.25217060582632744,0.44742513533576644,0,-4.696686024456915e-06
879,0.030621101826872502,0.5915410712996573,0,-1.2209788168137938e-07
880,0.2960723927619503,0.20513753497415146,0,0.0008297807281481284
881,0.34007945025744174,0.07820026386073424,9,0.010522079015993838
882,0.14268817303948655,0.5036142462060069,0,-9.007270520684365e-07
883,0.3455422513731136,0.38629135866942715,0,-1.5910357172282756e-05
884,0.15092752728640627,0.4027447413553517,0,-2.6799165183832514e-06
885,0.10059350681785366,0.5447260293135346,0,-3.922181272159827e-07
886,0.03171185978171627,0.223219356703979,0,-4.8936491619266955e-06
887,0.2171212662038168,0.25001776943943804,0,-1.5243077666199723e-05
888,0.23374089746847249,0.4045310651776285,0,-5.982165893383843e-06
889,0.08691865109035352,0.3802302199521777,0,-1.772254922353911e-06
890,0.29344263883081345,0.12012422581620386,6,0.007219162967077361
891,0.08672198002724611,0.542314625473677,0,-3.498152325684763e-07
892,0.046634852403394565,0.15300959974637982,0,-1.1027135327159815e-05
893,0.3066697140350122,0.31401833691773756,0,-7.787096961063812e-06
894,0.18291957170305823,0.5403989035705662,0,-9.316862334055058e-07
895,0.014640902891673212,0.27707473089192186,0,-2.414977976732105e-06
896,0.04224023115136649,0.15155397651690164,0,-1.0746967978233918e-05
897,0.21082632142620497,0.13923108480443566,0,0.0004493528972323572
898,0.05316558379394437,0.12196913702778686,0,-1.4621716016619975e-05
899,0.021239026921167678,0.2384200675471591,0,-3.7925705745477276e-06
900,0.07113852134612915,0.3586274926611731,0,-1.8788567937374546e-06
901,0.22190076738939785,0.5764130330808589,0,-9.590550738185485e-07
902,0.18704388889676996,0.20221960377135828,0,-1.0916795029521698e-05
903,0.03194348059638309,0.03545241610056258,0,-3.2633069283293377e-06
904,0.07872480049278448,0.3914529030793952,0,-1.4597618855799396e-06
905,0.1391825453349299,0.14266796739722812,0,-3.7022727885019493e-06
906,0.236583512632935,0.46644392646750604,0,-3.3304679749832653e-06
907,0.23872607223677747,0.39321881684656457,0,-7.013617514403105e-06
908,0.15765878470873387,0.555825991249152,0,-6.205455025335482e-07
909,0.16513287274696437,0.18680131721247908,0,-1.3071353930895197e-05
910,0.2153547248832154,0.12390853691763487,0,0.0009913024953673315
911,0.20260411021026647,0.3998846450341621,0,-4.608474598138723e-06
912,0.16684189540860148,0.48710414671736646,0,-1.352017518142018e-06
913,0.018864975603747478,0.17576595432531683,0,-6.877684310986304e-06
914,0.2295334376228681,0.41290634476015425,0,-5.285423904259764e-06
915,0.0944454573077396,0.08496400664170871,0,1.1535059334881876e-05
916,0.18647344373362074,0.05429127748613209,4,0.004588553057083419
917,0.31604652569141123,0.058667718616103,12,0.01397613816002897
918,0.060140815908104044,0.03994975912657312,0,3.3529165135692186e-05
919,0.23937610206605267,0.5433055498898937,0,-1.5895863906968103e-06
920,0.23175308292606353,0.24771332808266475,0,-1.1431539433806654e-05
921,0.00939373304088577,0.19727104125014489,0,-5.073942411158705e-06
922,0.3179703960244736,0.2079807865699575,1,0.0014828040229764095
923,0.32499358624543573,0.387321564216826,0,-1.5131365845893029e-05
924,0.23360268844401993,0.3384700126988618,0,-1.1139819430467795e-05
925,0.26108466287872417,0.39852130997999946,0,-8.259383244292204e-06
926,0.26755633279074925,0.13086676417979784,3,0.003850152117933892
927,0.16261063301598674,0.04750210880797507,2,0.002676487148912028
928,0.11327709748888103,0.4103760802030056,0,-1.7057623030359e-06
929,0.26812888461375484,0.2636851362120445,0,2.4720880888780534e-06
930,0.04612927730442293,0.01421927016414075,0,7.30763972749858e-05
931,0.15856884500351923,0.35674786361958755,0,-4.571624167072921e-06
932,0.1301176693832366,0.39644921679971845,0,-2.3191353551123886e-06
933,0.27244414183243465,0.4258674068629931,0,-7.080803042175289e-06
934,0.31215700386813183,0.2287881880514531,0,0.0006081253732106003
935,0.3002336565740465,0.03353286905293593,17,0.01947546606835545
936,0.08224360906378603,0.4790925206874952,0,-6.294693729424939e-07
937,0.17826956274398217,0.42783525799314553,0,-2.739462188676655e-06
938,0.051425050798123755,0.072646376652679,0,-1.2731416244458805e-05
939,0.05372987761752524,0.5330528051832171,0,-2.760319853215149e-07
940,0.16364746750897866,0.4261206555952606,0,-2.4088667563443384e-06
941,0.20747987535044846,0.24328490698060715,0,-1.5489412175080725e-05
942,0.17249037570090453,0.25454828564129167,0,-1.3400290325640138e-05
943,0.18673893410450684,0.3618124591988264,0,-5.741475699915444e-06
944,0.04118966086403368,0.46708867725152076,0,-4.710153270360863e-07
945,0.3460176204480348,0.25329027780337005,0,0.0007853385801679134
946,0.07509842812954784,0.1953538212961725,0,-9.734403559819453e-06
947,0.31065887753055327,0.15309938263679576,4,0.004935618151924471
948,0.33907283814803235,0.19198348794846168,3,0.003450001609681476
949,0.0036694579321771056,0.22042231726920042,0,-3.8094827573884876e-06
950,0.05387384550155205,0.2620316271270834,0,-4.14715906672897e-06
951,0.08917961798735569,0.14923572964070397,0,-1.526461168540789e-05
952,0.07347399467112548,0.5224844776037262,0,-3.7367771604812224e-07
953,0.1655436324804857,0.45102149870514585,0,-1.914193468829338e-06
954,0.26461826242393083,0.18714962421454048,0,0.0005288252845582493
955,0.19445310544214328,0.3656091119884766,0,-5.965962590590869e-06
956,0.2230080078480224,0.31462048824402394,0,-1.2447993352045939e-05
957,0.09168517120074338,0.3670087673859771,0,-2.121131190885294e-06
958,0.29814985750703915,0.36881876070940983,0,-1.4449214968169074e-05
959,0.2732222904148316,0.4432178415219651,0,-6.0231291187095925e-06
960,0.2680391919092287,0.46077015286863493,0,-4.813715796721235e-06
961,0.01820337930761388,0.050585762024404436,0,-1.4988889081527036e-05
962,0.15303409348845243,0.5297668920684682,0,-7.689237164709247e-07
963,0.3117599257159579,0.08697945496317647,10,0.010872179714925477
964,0.2904191690988665,0.5566591674663143,0,-2.3137433517946543e-06
965,0.2979921767945916,0.34974227097415705,0,-1.5737280059232138e-05
966,0.06387871763875473,0.014365057370685252,0,0.00018460293588636162
967,0.2511314980286054,0.0859783026195468,7,0.008301281112278056
968,0.007216962190624942,0.18395493278207153,0,-5.663902369863322e-06
969,0.22649415455951377,0.4130697952803965,0,-5.121137903894008e-06
970,0.13227976403228675,0.18123537438967952,0,-1.57461574171514e-05
971,0.30704699386682927,0.21595923936627606,0,0.0008142037648074617
972,0.328495374914357,0.40684951536122144,0,-1.373353672045467e-05
973,0.05218229414576891,0.22560698641066257,0,-5.848599085593567e-06
974,0.2805349431771498,0.43582727985008013,0,-6.952033225826348e-06
975,0.06046811970644111,0.2670924098974028,0,-4.21049580774933e-06
976,0.27146680886632873,0.169553166955442,1,0.001294838359647077
977,0.15070512373707579,0.5502940198752648,0,-6.118539012713331e-07
978,0.11878901361423165,0.47049617347463474,0,-9.880613695806744e-07
979,0.30205029071019124,0.08400802067060854,10,0.011354925411778181
980,0.04689055698090278,0.2756167358390102,0,-3.3794908950426093e-06
981,0.01987849213088129,0.5044784210899723,0,-2.6194306658330805e-07
982,0.32568082220248895,0.27914736726838196,0,0.00012665325340723168
983,0.04927547182577592,0.28080498645640833,0,-3.2862488992014808e-06
984,0.30594947520111365,0.38295839971914714,0,-1.3865648687432649e-05
985,0.07370683235801014,0.19495197889682844,0,-9.64654609483383e-06
986,0.2943472938241159,0.5185668840707385,0,-3.518120421979512e-06
987,0.1960406858062031,0.30509879120412847,0,-1.0746323354754131e-05
988,0.25357624442434584,0.23304370693646123,0,2.9436551912546258e-05
989,0.31054765852306415,0.4329588178455224,0,-9.497850902929113e-06
990,0.25983563374857643,0.4585328552693787,0,-4.538221953429081e-06
991,0.18697379802192265,0.5724272318936917,0,-7.043206319028977e-07
992,0.25634992173132576,0.1347020253107081,2,0.0025918372562293308
993,0.20817898201331236,0.4965959816777721,0,-1.8573084323896975e-06
994,0.28439039368667063,0.042837762702723436,16,0.01780688526881258
995,0.1652499764907757,0.044898749610010634,2,0.0032251750063391274
996,0.29974938196544215,0.15931480974107912,3,0.0036548595619634193
997,0.024847746454068384,0.05022266453355379,0,-1.3791959646102642e-05
998,0.11827453487260677,0.27799927005835157,0,-6.681941607568769e-06
999,0.17659096183237932,0.06080743829611441,2,0.0026598674851904007
1000,0.2979009976200531,0.4922653732741983,0,-4.732789755925936e-06
1001,0.06270921362086032,0.5210242632651835,0,-3.4052326025749765e-07
1002,0.23250218440084527,0.4621442892608104,0,-3.3380261110764456e-06
1003,0.27295461299002743,0.39344301936676385,0,-9.67701305902804e-06
1004,0.20318235588636374,0.1770204177941527,0,4.666975165719942e-05
1005,0.16838590102114379,0.1563403022989924,0,1.4720380727115868e-05
1006,0.11806801361540063,0.3207884857618705,0,-4.373252245784034e-06
1007,0.14900391472744132,0.3403636338884573,0,-4.892176771520496e-06
1008,0.223291603372692,0.4165357220563581,0,-4.794418585337839e-06
1009,0.20629924681580425,0.26268069721565285,0,-1.5491158637168968e-05
1010,0.1338568423574928,0.25846903331227905,0,-9.34271018358929e-06
1011,0.34412125470061344,0.5753005951700328,0,-3.2780828065022585e-06
1012,0.21091593667735423,0.21896619435178397,0,-7.418101935997524e-06
1013,0.19780837316503425,0.318988952302256,0,-9.632001037272768e-06
1014,0.1430184759973652,0.04631804268193833,1,0.0013618175376907708
1015,0.31155209029089453,0.3312557364703933,0,-1.3062635794910356e-05
1016,0.3090580552880678,0.1660716461117893,3,0.0037037505664131603
1017,0.28308194695980465,0.26730529635202027,0,1.8537701055758732e-05
1018,0.08998072650315818,0.31524368159615473,0,-3.4961281367953574e-06
1019,0.12432406612705275,0.24884190476944854,0,-9.35238005366308e-06
1020,0.1458104582264055,0.37148228853158083,0,-3.478760309788376e-06
1021,0.273325775765356,0.0021486524672605033,19,0.031149566635557836
1022,0.0018085996886819554,0.17449811202642881,0,-5.89441750912115e-06
1023,0.2426685787028869,0.20691177685022827,0,8.018225625358809e-05
1024,0.33309622476021544,0.38567900335799515,0,-1.5720922733604716e-05
1025,0.1527899194703684,0.34091453623179935,0,-5.051005824070185e-06
1026,0.010476327049306665,0.38020241746025624,0,-8.262840004345959e-07
1027,0.26903721274944925,0.5950126226797906,0,-1.2744327359098219e-06
1028,0.17454287005490401,0.38761550249204585,0,-3.941615063061518e-06
1029,0.29759428386245484,0.28872339725733626,0,7.284302074443752e-06
1030,0.2739491208930142,0.5777988633246625,0,-1.5896676755076423e-06
1031,0.32154096294536877,0.5929284700101695,0,-2.196121182274023e-06
1032,0.2694826184830911,0.4126241134755989,0,-7.819684398995627e-06
1033,0.035456120045700715,0.1981159501198494,0,-6.5009539075596184e-06
1034,0.329922052149718,0.09079724671377605,9,0.009930919653232284
1035,0.10577558089585476,0.17730569851424374,0,-1.4386311812251142e-05
1036,0.10177954574817735,0.22786211459928535,0,-9.220738450651528e-06
1037,0.3484513726733794,0.29193507072916475,0,0.00019381961735835576
1038,0.012362012825012147,0.3095205915181099,0,-1.7069617349183623e-06
1039,0.25313249359326184,0.2699717795587928,0,-1.1861209131346496e-05
1040,0.26875903447623545,0.39098656373595153,0,-9.52426867141752e-06
1041,0.04449107583087383,0.33034189076777887,0,-1.91051718911213e-06
1042,0.16686675529141062,0.18158175278054123,0,-1.0639840218561972e-05
1043,0.2623027085494734,0.36668478688946654,0,-1.1180039299709901e-05
1044,0.09719532688310566,0.5656447433990548,0,-3.075706035416761e-07
1045,0.043910247706238845,0.13054565813059094,0,-1.2969371537557231e-05
1046,0.03998536445884111,0.48224371851692815,0,-3.9993997759206633e-07
1047,0.175880497912586,0.2774401249553534,0,-1.1473688087351818e-05
1048,0.3100260194300086,0.025587289802597345,19,0.021348475825365556
1049,0.26359293521455646,0.39098063786057746,0,-9.079825149452823e-06
1050,0.24350869357932073,0.559685230193935,0,-1.4063291607161171e-06
1051,0.19137411297604145,0.18293996331814902,0,8.740997116294154e-06
1052,0.01371640756503426,0.2722481271912924,0,-2.51098136021507e-06
1053,0.27227114781670547,0.14649538021530178,2,0.0027785428280108623
1054,0.0586014283148608,0.29786708743161283,0,-3.041852850634054e-06
1055,0.3262692873861503,0.241812986987034,0,0.0006145949083645731
1056,0.18388342807197242,0.5760872202763656,0,-6.583871804250498e-07
1057,0.1870790226293727,0.36931526555483946,0,-5.3500472865092974e-06
1058,0.19090782281150362,0.580606755980072,0,-6.750031731314648e-07
1059,0.14873336108650262,0.3008994494622153,0,-7.18740373447476e-06
1060,0.24823889989093142,0.21494757461989022,0,6.929660831573497e-05
1061,0.0184762054721945,0.425131365575644,0,-5.711070490904108e-07
1062,0.09960831966182632,0.330659848860714,0,-3.2996424954669814e-06
1063,0.1663967350989027,0.5039830379730065,0,-1.1370225779024223e-06
1064,0.007182670481579855,0.4327533956810578,0,-4.727388879695577e-07
1065,0.1509707221144032,0.30616217112935074,0,-6.979266787424458e-06
1066,0.07550617389561859,0.5349216799764308,0,-3.367433298558364e-07
1067,0.13789432735975077,0.19053725482091521,0,-1.5644872087264804e-05
1068,0.1709045227229703,0.43858930566439275,0,-2.286383146934052e-06
1069,0.07769660992124752,0.40752634449234243,0,-1.2303637704952826e-06
1070,0.20667535745677254,0.10541341676584104,1,0.0014612605048179349
1071,0.17602100411414556,0.38387283171833364,0,-4.151532926341983e-06
1072,0.08314472880854001,0.2218761454730372,0,-8.186986673070262e-06
1073,0.1260802339429298,0.3348320044484512,0,-4.118310141845058e-06
1074,0.1697660694446208,0.5121559890799315,0,-1.0836451174782945e-06
1075,0.09408570300249902,0.32251624118435757,0,-3.3872760585703686e-06
1076,0.11380401871332964,0.4133644885628836,0,-1.6642929275696175e-06
1077,0.20451929847220937,0.5125124212757959,0,-1.5273809973752671e-06
1078,0.2616924309758724,0.44938661631851873,0,-5.060556308885058e-06
1079,0.24718245183792298,0.24518583220900758,0,2.0824598091451525e-07
1080,0.10779043333887554,0.26637379054711857,0,-6.757846740525383e-06
1081,0.10875175488551239,0.2089369007179463,0,-1.162011159354416e-05
1082,0.21148277228622409,0.5951781420304764,0,-7.164992955576073e-07
1083,0.01606021384784683,0.5230997552110505,0,-2.093012575592981e-07
1084,0.10139743960547076,0.511196077074632,0,-5.528735666375951e-07
1085,0.22942570494359513,0.4650242294663937,0,-3.1457951542625976e-06
1086,0.12819585153136678,0.15050109895850608,0,-1.3160353217632673e-05
1087,0.06328527181072068,0.21421871450270377,0,-7.283641153626108e-06
1088,0.24800495207209736,0.20509539399267865,0,0.00011658731960584774
1089,0.2090072672151101,0.1880621536914852,0,3.202168042544471e-05
1090,0.29176160776568477,0.07179580785714303,11,0.012923106544099472
1091,0.21351882189024918,0.4921146976185951,0,-2.048591286184521e-06
1092,0.3430866510995563,0.3665106240907321,0,-1.4119286936986324e-05
1093,0.006555159467005578,0.28255856413213143,0,-2.108986052803872e-06
1094,0.01314769778751294,0.24238598374730105,0,-3.363593193860359e-06
1095,0.2946563871535187,0.35072429124801585,0,-1.553197348826191e-05
1096,0.11478498046911101,0.2688003191580378,0,-7.063919903511472e-06
1097,0.15958557443743812,0.2256284781207629,0,-1.4839657197029376e-05
1098,0.09980412791803633,0.11889876991038485,0,-1.212717122713337e-05
1099,0.12039281413096227,0.5600818363429757,0,-4.0992578677996655e-07
1100,0.11502898429039156,0.13656537765182886,0,-1.2919908164649478e-05
1101,0.013136875094730976,0.19098394215091424,0,-5.602002344864648e-06
1102,0.27869792960556017,0.18721960032001206,0,0.000878577980979825
1103,0.1346070041668051,0.19930507836656364,0,-1.4943223243802934e-05
1104,0.17239846983513524,0.24097188870301708,0,-1.4634547615812211e-05
1105,0.20467576065314766,0.15877336212774837,0,0.00014148158381196968
1106,0.14869901424529258,0.4172593069246066,0,-2.2673678143453845e-06
1107,0.22415765515696587,0.543851726179894,0,-1.3582747649247647e-06
1108,0.28155255347906327,0.5404691023845776,0,-2.4897946008313495e-06
1109,0.029144663777833965,0.5655482170635008,0,-1.5602231505671878e-07
1110,0.1515819591877223,0.25811713728268226,0,-1.0995831116841253e-05
1111,0.2392061505377366,0.44077317427221874,0,-4.412984056928307e-06
1112,0.30350528355780715,0.36804874347878513,0,-1.4960867500784846e-05
1113,0.19932667866539291,0.07764667618348442,2,0.003092407987518546
1114,0.08023866821026276,0.5673696855971074,0,-2.552170597881691e-07
1115,0.23663254664254516,0.32778740922388794,0,-1.2490728932924989e-05
1116,0.3156675947772639,0.2986720184662663,0,1.9692909000480712e-05
1117,0.062291646091252366,0.5087527329039164,0,-3.8337942685839004e-07
1118,0.21541727804902516,0.4117164895062512,0,-4.6522453693178905e-06
1119,0.30154009143430555,0.385370616454379,0,-1.3204292176857105e-05
1120,0.23010674214216667,0.24798676099804,0,-1.2120410624981575e-05
1121,0.18146636575433236,0.07704931006569722,1,0.001727398738889042
1122,0.3374937584906456,0.3604144814633686,0,-1.3987348286980494e-05
1123,0.22309640571953263,0.22576559267725493,0,-3.717304417710021e-06
1124,0.2756027571567525,0.19102906777751413,0,0.0006835818800194804
1125,0.26344634346640877,0.08780227787136465,8,0.009334339777958769
1126,0.2466595600867996,0.2859672610516126,0,-1.5738258272948923e-05
1127,0.1712685797912059,0.1232024486803545,0,0.00016192143029349168
1128,0.10920536107349961,0.2111044934303999,0,-1.1452194203592774e-05
1129,0.18277628067309343,0.39443585725664815,0,-3.996760487453327e-06
1130,0.08961430112747747,0.020346714167552894,0,0.00045329373939891515
1131,0.15277472512640392,0.5030649933055675,0,-1.0016277757935895e-06
1132,0.07745110553628598,0.49940914490540733,0,-4.897322608738282e-07
1133,0.021894714898910247,0.24266729583897514,0,-3.6593036106009424e-06
1134,0.13412880131352958,0.19989361122907567,0,-1.4861669697029655e-05
1135,0.0706943506074841,0.37818791313204075,0,-1.5383492102038424e-06
1136,0.3084483334377444,0.5889466681088856,0,-2.005765706075281e-06
1137,0.00404330466926791,0.38421710610657495,0,-7.443657085667252e-07
1138,0.3164626648732953,0.13567933938791113,6,0.006746548579246218
1139,0.14562628198502428,0.09608174356032925,0,0.00017731369036653506
1140,0.002678824398442364,0.2890464039135866,0,-1.9015575224675544e-06
1141,0.048148076541925766,0.30332027490065955,0,-2.5956224681854464e-06
1142,0.23768135638575522,0.12026240492998735,2,0.0023976240973625565
1143,0.22810933789636562,0.4897757410720534,0,-2.42528558387005e-06
1144,0.340431065260313,0.30035003473570765,0,8.961467724261011e-05
1145,0.2227452616573045,0.12526833954737332,1,0.0012291792397586974
1146,0.3453326181024611,0.08988131988489201,8,0.009298894663364024
1147,0.33078263593641233,0.35268017098296556,0,-1.3723554290981856e-05
1148,0.2666561764701305,0.3301391662495116,0,-1.503936487477107e-05
1149,0.15520212226230798,0.4887879502985335,0,-1.1836424668343013e-06
1150,0.1420641067253474,0.3792139214982131,0,-3.102810886164867e-06
1151,0.3349594102201079,0.23860808031522188,0,0.0009124711956637457
1152,0.21328513105465238,0.340348523924949,0,-9.118027069924957e-06
1153,0.2416336020637237,0.16611823469224857,0,0.0005067301176587827
1154,0.23449368021272143,0.4421077299354085,0,-4.15619047982694e-06
1155,0.15700257245770882,0.10173550590276963,0,0.0002306081011270662
1156,0.2382545957897391,0.4011248195110227,0,-6.464092165539414e-06
1157,0.14376546511500773,0.5881206481718794,0,-3.911048120451371e-07
1158,0.2522767175550656,0.27240487442242306,0,-1.2921430225712417e-05
1159,0.22459916415951992,0.511598501689862,0,-1.8831852775423659e-06
1160,0.062169438000814765,0.24963285344010014,0,-5.0915488762601155e-06
1161,0.22284349845303528,0.17169487969872257,0,0.00017915764564322144
1162,0.30849903139717855,0.02825945414718074,18,0.020603722367914568
1163,0.22721018612924912,0.5906738964381628,0,-8.768674136316647e-07
1164,0.32396673558149225,0.5371799760918227,0,-3.92230065876908e-06
1165,0.3279801093998318,0.061180621632319604,12,0.01306059905958194
1166,0.34406846687878784,0.18011818375650682,4,0.00443459655035262
1167,0.14071834899040012,0.29797712486757116,0,-6.841691553835556e-06
1168,0.3190761375861273,0.5535014397075422,0,-3.1759017339093697e-06
1169,0.10862510468519129,0.5830697518435192,0,-2.8962911532640563e-07
1170,0.24052790122267112,0.06218855671539651,10,0.011627211776068958
1171,0.1288973766564882,0.3570414756872832,0,-3.395086680268638e-06
1172,0.12842625782937062,0.11187354292944075,0,2.3995117342181897e-05
1173,0.20089533048648978,0.058835602773539095,5,0.005962014791770058
1174,0.3214207049038147,0.5034580699797205,0,-5.34290163435672e-06
1175,0.13981635311737858,0.36684127046496157,0,-3.432528993783152e-06
1176,0.12946063178352402,0.12992899463912885,0,-9.89266415727828e-07
1177,0.11437184393013662,0.07448455778620623,0,0.00011095014864464092
1178,0.3104870311277211,0.26641024783151046,0,0.00011461868111797176
1179,0.18104350648798417,0.5167419127612652,0,-1.158392504388357e-06
1180,0.1310939971297916,0.023734588144035885,1,0.002109240714135717
1181,0.17722261422446367,0.4391056597035715,0,-2.4225021180963648e-06
1182,0.23229437120045354,0.32413984571858456,0,-1.2422887555195903e-05
1183,0.20959212960391213,0.5561647042518464,0,-1.0385249096025525e-06
1184,0.11116680958967974,0.4712193909961927,0,-9.090617819161778e-07
1185,0.12103273380532806,0.3842739158903026,0,-2.39218975376394e-06
1186,0.25510616552347526,0.43689150321528264,0,-5.3656371889043505e-06
1187,0.089256543344332,0.002701089383960076,0,0.0009501248741476885
1188,0.33645014771194864,0.04785326259282156,13,0.01478134301530889
1189,0.2688848467581143,0.10398623660561454,6,0.007364549010395165
1190,0.1895965835157357,0.17625402064972692,0,1.656784884675049e-05
1191,0.2406586136267179,0.059393566534360426,11,0.012269221009316203
1192,0.18748624157343924,0.4135477428633361,0,-3.4625646648902403e-06
1193,0.29517513513020693,0.158572377622751,3,0.003399738161021075
1194,0.11198922774911016,0.35308353624412614,0,-2.9845671764837076e-06
1195,0.0929967449474968,0.35280917703211206,0,-2.476588396035498e-06
1196,0.005012621458749411,0.05704305082369218,0,-1.5651913804182073e-05
1197,0.17345583687460717,0.20164766353073624,0,-1.4528747204684664e-05
1198,0.18958040961567424,0.3789567675773233,0,-4.985223804106292e-06
1199,0.1522731670350674,0.28702749702968366,0,-8.492453017645778e-06
1200,0.045347065295280334,0.5363965051393047,0,-2.45513355353012e-07
1201,0.07497978571158372,0.5528872178597279,0,-2.798947428817833e-07
1202,0.2705328431770457,0.5412589227189357,0,-2.2134118948989607e-06
1203,0.2690843059416787,0.190437491523432,0,0.0005499350171845923
1204,0.15517598245569772,0.11228215794741478,0,0.00012654900862237858
1205,0.1062973217012643,0.04177638712624843,0,0.000363821231038613
1206,0.11952001761368897,0.18364649283672477,0,-1.498589589846643e-05
1207,0.24270157177448953,0.5449734326194202,0,-1.6160264276338262e-06
1208,0.008022753995541426,0.380463213204628,0,-8.041788342886536e-07
1209,0.3368332899294334,0.06620132328553065,11,0.011969473155928025
1210,0.12357737576470965,0.4307316982630894,0,-1.542404181871486e-06
1211,0.05895399729575004,0.5962814234528283,0,-1.5453530854283123e-07
1212,0.18236675457345317,0.358083919134667,0,-5.70573118832508e-06
1213,0.0018691708274063245,0.12622186224487505,0,-9.381529270459573e-06
1214,0.05760687012563308,0.3871680505089,0,-1.2339915543353181e-06
1215,0.07209794311559935,0.35673035892804983,0,-1.9332439524310565e-06
1216,0.06086467231791098,0.4982442220172399,0,-4.1983237800001235e-07
1217,0.021516551123806658,0.09319048458630068,0,-1.4380499380088635e-05
1218,0.16015949578720026,0.5687808303596911,0,-5.58932632765334e-07
1219,0.005777929298108497,0.2931888275379473,0,-1.881772768618773e-06
1220,0.10838152200744797,0.26988738629239284,0,-6.567905829451395e-06
1221,0.21741993426359943,0.09181401149913934,3,0.0033401894803747204
1222,0.07419666107482645,0.39846777370471886,0,-1.300737967723658e-06
1223,0.19260287585478583,0.21217281773000612,0,-1.253231464558803e-05
1224,0.33584676864177526,0.20519758728062643,2,0.0024533025594646054
1225,0.2714614692213194,0.4349695190568473,0,-6.418611093817985e-06
1226,0.34548244978599507,0.20868015254785213,2,0.0027052070497366326
1227,0.25226450080234286,0.20960954958785757,0,0.00011455185784092425
1228,0.15901979248443335,0.1114714187573184,0,0.000159351840548332
1229,0.26897661494337016,0.28856660458134714,0,-1.2833504984741652e-05
1230,0.30293712959088237,0.3809045315260339,0,-1.3774733592568101e-05
1231,0.18175388131606224,0.1922126820784989,0,-8.63514893037586e-06
1232,0.006276744054140276,0.3028610820528544,0,-1.7168968325062298e-06
1233,0.1268774369289625,0.05620161432524149,0,0.00047024745846050857
1234,0.20955683270848496,0.3950639686833649,0,-5.177477893141351e-06
1235,0.21118349991523874,0.3574325183137504,0,-7.600310784827809e-06
1236,0.18570892257215516,0.25362834684303537,0,-1.4688267323167741e-05
1237,0.12228018627028787,0.2491931662569199,0,-9.146729509926277e-06
1238,0.24248111957487836,0.2210627948126267,0,3.197399996437459e-05
1239,0.12189134831119022,0.31400932630769,0,-4.857893670576305e-06
1240,0.04266901551989967,0.4862798264435449,0,-3.9455535902075374e-07
1241,0.2203200194637812,0.15778492561847138,0,0.0003013349430143078
1242,0.22665387568035314,0.2664223824991981,0,-1.5733680135925623e-05
1243,0.1768462302800387,0.4158015177213607,0,-3.0455008108866e-06
1244,0.15933105298829045,0.07700523434259887,0,0.0007460819317058393
1245,0.004985781800766825,0.2076770521449276,0,-4.381132536359223e-06
1246,0.015068689512487602,0.10567305199250947,0,-1.2580083881638609e-05
1247,0.22796891961010768,0.09376485059714475,3,0.004217985791235413
1248,0.1726708130818534,0.5705384167653436,0,-6.222555073427524e-07
1249,0.2554681373182292,0.26199880593409447,0,-6.8105270816885714e-06
1250,0.05633575806798566,0.350940236208928,0,-1.7502107739598831e-06
1251,0.2822571574532626,0.07676391569983844,11,0.01216826622368398
1252,0.29419036757461114,0.17306394384311213,2,0.0022405588817554383
1253,0.07943223136559142,0.3264032701558681,0,-2.8159259659441983e-06
1254,0.16942603042436372,0.46233952956016294,0,-1.7769869393444655e-06
1255,0.311038115056286,0.021945968050242116,19,0.022494271074907455
1256,0.07786248297865679,0.5361768586558512,0,-3.4046156854460845e-07
1257,0.3084644769705282,0.30836299664848654,0,-2.4249357151032803e-06
1258,0.26008567462327226,0.499198430825909,0,-3.0353499214624267e-06
1259,0.21463686738878765,0.19257597640851098,0,3.4629219655302685e-05
1260,0.15886987906185399,0.5376683815453864,0,-7.53134159454562e-07
1261,0.13898182963568295,0.46469516525975474,0,-1.280904448280173e-06
1262,0.2775148312529545,0.23958778210311743,0,8.685841184399428e-05
1263,0.08858253715911196,0.005672362643120388,0,0.0008155997781005978
1264,0.31591688250964023,0.3673302209997632,0,-1.5759772296780278e-05
1265,0.07496167433305702,0.2737246984838333,0,-4.5514767041450186e-06
1266,0.10697194644357118,0.39529363514704247,0,-1.8623410047581712e-06
1267,0.23043079286174262,0.4185752376819578,0,-5.041846325653764e-06
1268,0.3315915118631486,0.10630295221206962,8,0.0087850406753369
1269,0.2808541886883903,0.3820940260496658,0,-1.1481635092573416e-05
1270,0.17139051200690766,0.22435311969396168,0,-1.564101133644017e-05
1271,0.10932568484793226,0.5253640541366351,0,-5.193746415279238e-07
1272,0.09983734434370464,0.4831709609138702,0,-7.2038411596557e-07
1273,0.10100503122803213,0.24503394464975137,0,-7.780471107335434e-06
1274,0.17522909855768232,0.3823531415974877,0,-4.181736811256483e-06
1275,0.30493845810893244,0.4253961328725716,0,-9.671799919657042e-06
1276,0.048837552597794764,0.44406877730616745,0,-6.40001474657997e-07
1277,0.2633388010856186,0.5901454929262683,0,-1.2640420829840965e-06
1278,0.07749524042899109,0.3475067680731603,0,-2.237195314560597e-06
1279,0.3083127275263762,0.5162432042844992,0,-4.135542088995418e-06
1280,0.2321945243870874,0.5038721722875505,0,-2.1943328949841976e-06
1281,0.1761513331006798,0.41933730860991464,0,-2.919669460116362e-06
1282,0.09867214052675896,0.2907449128946156,0,-4.8618944085419326e-06
1283,0.06473522458110378,0.21161388104266085,0,-7.574204297512326e-06
1284,0.02015655745529425,0.19188931660784506,0,-5.948959999613987e-06
1285,0.02605828298331949,0.06608240712594601,0,-1.561801861698163e-05
1286,0.08177263998423104,0.5676294861941906,0,-2.5848465447861625e-07
1287,0.12298201082859819,0.5406719040373809,0,-5.107686051660163e-07
1288,0.22017330047615008,0.08726377394055537,3,0.004175038527416171
1289,0.022004056936888193,0.14174407123046612,0,-9.786648189934362e-06
1290,0.22384759582102387,0.01399257609912874,19,0.023284262347218254
1291,0.15932242769690175,0.34434303372179526,0,-5.2077891002530335e-06
1292,0.10551251747765689,0.34122026647333176,0,-3.1496498683162105e-06
1293,0.0799987131303524,0.4844038539494787,0,-5.836770413802536e-07
1294,0.3499628309025647,0.12752225190040595,6,0.0070843188765512205
1295,0.047089893846016105,0.44691159802349484,0,-6.113000750251276e-07
1296,0.08081439028324551,0.44617032872357226,0,-8.624744725370618e-07
1297,0.22548026144702787,0.17563473939062726,0,0.00016794805906292083
1298,0.17690317172040584,0.17065257600502806,0,6.004948328392094e-06
1299,0.035644928873356414,0.30891858843167813,0,-2.1666080965293226e-06
1300,0.1277378170713136,0.12350778737837606,0,4.0414087090140846e-06
1301,0.290782179420544,0.23850510388851787,0,0.00017431777379206374
1302,0.09165625126620863,0.08601759313311719,0,6.095130647574472e-06
1303,0.24911312469084113,0.14965031936657183,1,0.0012510794504502476
1304,0.026157621282757254,0.43018966558729865,0,-5.862368811657563e-07
1305,0.22789622748476573,0.22594383320195827,0,4.1834145729925956e-07
1306,0.07808773362405491,0.2215975970856564,0,-7.8219934579735e-06
1307,0.2816355333583951,0.2504741505445476,0,5.87885911610374e-05
1308,0.02479086698546483,0.5896666555295421,0,-1.1736967387136003e-07
1309,0.24608952017123173,0.223294654141743,0,3.528800333817585e-05
1310,0.040605289337637816,0.18008068597445517,0,-8.133710569645275e-06
1311,0.03953007662661584,0.5567470550138917,0,-1.8899993813618707e-07
1312,0.15916377502927753,0.19719756679331185,0,-1.5584277285522538e-05
1313,0.14018549285065812,0.32226042087075907,0,-5.363433513952558e-06
1314,0.25401147236472305,0.1368940730456412,2,0.002260779398998553
1315,0.31698474935564813,0.16714452467688534,3,0.004106844011521737
1316,0.2611450358125805,0.04851582876964879,15,0.016443071105412467
1317,0.31289176352670023,0.2399194032765904,0,0.00040755307074630455
1318,0.24283367345240872,0.007656698292249086,19,0.027661160280314633
1319,0.29158198706747446,0.5191684379413789,0,-3.402325725506785e-06
1320,0.1308443487281791,0.13604386874415023,0,-4.984020811341846e-06
1321,0.02063777652516651,0.5777141265566426,0,-1.2689575320980636e-07
1322,0.12436873720106748,0.04283083700358126,0,0.0007483416426786311
1323,0.2071809598718129,0.007365489782382273,19,0.02302455506537839
1324,0.07643009873839636,0.5352119264103641,0,-3.3887996874993747e-07
1325,0.023393868673912202,0.03812855165480435,0,-1.0294097497515161e-05
1326,0.028450725233998452,0.11489103764123847,0,-1.2990317437433345e-05
1327,0.1575475168651061,0.038748316788206116,2,0.0031020424517723784
1328,0.19963675186522573,0.5629647044167049,0,-8.785083073676317e-07
1329,0.2617293571886433,0.21100433366348967,0,0.00016818662912123952
1330,0.31710094031968433,0.49740736459347706,0,-5.435583163567519e-06
1331,0.007781587969007791,0.0020830894259844077,0,6.5666361261962075e-06
1332,0.029396967711635705,0.5212004685536432,0,-2.437126092076657e-07
1333,0.2563643306056702,0.2754870455141904,0,-1.2637229798013198e-05
1334,0.10033132870470238,0.5767193047496528,0,-2.8408698115760287e-07
1335,0.2956663423284344,0.31106517663063427,0,-1.156077803994711e-05
1336,0.013703117821622805,0.1205633039517451,0,-1.098423930940815e-05
1337,0.10531276673022939,0.13018314201291217,0,-1.3758169002494056e-05
1338,0.10176673588147604,0.5023987339642685,0,-6.059426725097135e-07
1339,0.3436733200283696,0.4183914720671263,0,-1.4076456372205872e-05
1340,0.21581686886160026,0.15462576675133735,0,0.0002854659145790572
1341,0.3391798973044488,0.3670976855947498,0,-1.4904176429587223e-05
1342,0.16194819826674905,0.5751200473646318,0,-5.340556315506307e-07
1343,0.10161862121114326,0.1264220304208094,0,-1.3737484940044812e-05
1344,0.03526007683119539,0.23821968750402422,0,-4.368010558025993e-06
1345,0.24629370218390095,0.5274464847406769,0,-1.9955569278276e-06
1346,0.3458774338254501,0.5817799977566636,0,-3.1271932567198852e-06
1347,0.254110822468818,0.4966593348209365,0,-2.9334953764467596e-06
1348,0.21918123424822814,0.27963975030815136,0,-1.5248557913496444e-05
1349,0.19574721925317667,0.1613844809072286,0,7.752560956131513e-05
1350,0.30487264845028256,0.4740317067003186,0,-6.067612066056722e-06
1351,0.1454280136063479,0.252432199982539,0,-1.0951939808891354e-05
1352,0.21998015477718563,0.577795868342969,0,-9.279325925079633e-07
1353,0.008887024428336554,0.37863097646538235,0,-8.261500685818143e-07
1354,0.09101405876376872,0.5179311985171999,0,-4.659567858533516e-07
1355,0.15807432108884895,0.3248617980402027,0,-6.231766765130344e-06
1356,0.31827596181339346,0.13383676950121595,6,0.0069490224014246565
1357,0.27860603816007556,0.5160721060587415,0,-3.08424289571118e-06
1358,0.23190859217244073,0.41159994258005395,0,-5.4806748152598686e-06
1359,0.24502087522665267,0.20007873200689788,0,0.0001295601008615508
1360,0.03559501488759765,0.407043989228127,0,-8.119481432170479e-07
1361,0.29438352677331125,0.04320384480277179,16,0.017484892878450443
1362,0.14463360952087406,0.39741053861568215,0,-2.654652958150825e-06
1363,0.27628428459158605,0.30008581487680097,0,-1.3944256393232069e-05
1364,0.001594487947604156,0.5035855965766755,0,-2.201715420997779e-07
1365,0.04588588998421961,0.26295447627944585,0,-3.7957175840176265e-06
1366,0.06322089544986778,0.52532461544049,0,-3.27861559931996e-07
1367,0.18039622459350876,0.5413872385233122,0,-8.995816740973305e-07
1368,0.036081060612957565,0.23511503061857938,0,-4.541557687765774e-06
1369,0.1314219418025789,0.37509605246257555,0,-2.9078019402184784e-06
1370,0.21294991705369784,0.1091873929749001,1,0.0015823382441540938
1371,0.1550746948849632,0.3902684127370808,0,-3.163211808941619e-06
1372,0.3237134791339637,0.5466134843609165,0,-3.561892402951294e-06
1373,0.15782503773441015,0.018244108098153577,5,0.006476249588393538
1374,0.33278561552678887,0.5106512429661964,0,-5.565427727915929e-06
1375,0.19435996616729512,0.11831692561698365,0,0.0005520774867306888
1376,0.02521672546497441,0.5348039220448921,0,-2.040165101555428e-07
1377,0.2408449686607398,0.48990290960040694,0,-2.7498411410255596e-06
1378,0.22989726604153302,0.06041596472009651,9,0.010465913992195926
1379,0.21964290335815517,0.5568947210856553,0,-1.1397292600564555e-06
1380,0.030209336480481533,0.49335446519082643,0,-3.245890810991218e-07
1381,0.06853431776862073,0.48817535876402984,0,-5.01267970768583e-07
1382,0.302468920987813,0.1254360909275431,6,0.007141149974969312
1383,0.2610042012447977,0.2543444820279375,0,5.193598272052524e-06
1384,0.11093224505519401,0.5021831302210832,0,-6.654487592974445e-07
1385,0.3356464428151758,0.5139237579296336,0,-5.54243612477481e-06
1386,0.10702775407379765,0.25341624112862454,0,-7.6052789133033715e-06
1387,0.19131474035565396,0.45427698393206595,0,-2.3958904099703373e-06
1388,0.2893211716111277,0.30922129141325205,0,-1.3014275623472216e-05
1389,0.3294769444307669,0.13232365147074404,6,0.007197425760721402
1390,0.24297407985236208,0.1447788377020702,1,0.001210940359916992
1391,0.13112000707311586,0.18176132769848338,0,-1.570723592479164e-05
1392,0.2600166560638885,0.2651859740324782,0,-5.943395043257525e-06
1393,0.005400978551516572,0.49250482250207106,0,-2.555042731011229e-07
1394,0.15243977694778982,0.599932247924689,0,-3.7897627887618504e-07
1395,0.15633424102731178,0.5401761176382165,0,-7.161265622398236e-07
1396,0.2898622675970993,0.42495511771262595,0,-8.438962794967812e-06
1397,0.24541946225904884,0.446135278591579,0,-4.449776624183513e-06
1398,0.18082178954132494,0.5736626501096583,0,-6.542406960342852e-07
1399,0.017965094386895412,0.015869034220896295,0,2.1802142066928988e-06
1400,0.021992510590318315,0.21639229189397174,0,-4.755933977056057e-06
1401,0.12373805832214532,0.01961801948498665,1,0.0018766261077526453
1402,0.33664435353003097,0.21269733060053894,1,0.002066224202402386
1403,0.22429691780375854,0.181100083840156,0,0.00012124038720222285
1404,0.08458075650634787,0.15451682677704595,0,-1.4524838891516398e-05
1405,0.06646789346917868,0.0997293743168212,0,-1.5113266477480662e-05
1406,0.3194812044263824,0.04104043310306802,15,0.016953787168763047
1407,0.0593093849492059,0.4238933684512136,0,-8.69397099617502e-07
1408,0.3391843458194253,0.5729468514138996,0,-3.1952106174426016e-06
1409,0.07364896159998974,0.12875202412037712,0,-1.5534501178098663e-05
1410,0.08878123578500698,0.5565538995760316,0,-3.0969328443722117e-07
1411,0.24591155983376692,0.5699606715457779,0,-1.2998434889031174e-06
1412,0.242728978087542,0.5151260478063298,0,-2.1781295190438445e-06
1413,0.19643571714137462,0.255596950763239,0,-1.5328886786059264e-05
1414,0.19110250125148326,0.213495949566514,0,-1.333655464970015e-05
1415,0.288553244283799,0.31821116873547534,0,-1.5004661370424544e-05
1416,0.10660690277783347,0.3370700499364363,0,-3.318698077609762e-06
1417,0.30464989414241217,0.05004023066825525,14,0.015834428295342894
1418,0.1128264481205758,0.5164455339234268,0,-5.880201736060911e-07
1419,0.26747637223898285,0.5965292250501392,0,-1.2358694129800892e-06
1420,0.24058485273743432,0.1777266379594569,0,0.00029830884149808156
1421,0.3271778151776383,0.5253170567274994,0,-4.555308682145754e-06
1422,0.1560232180557846,0.27756251709018287,0,-9.608013425795222e-06
1423,0.23347610956835885,0.29233124278434836,0,-1.5353633619775456e-05
1424,0.0036661865981029215,0.16232217315035405,0,-6.762260954587365e-06
1425,0.03166830581810194,0.20529618135730757,0,-5.838395993676972e-06
1426,0.023950319002252404,0.5862087754091564,0,-1.2048321282646443e-07
1427,0.05223923481639273,0.2071506749763752,0,-7.009188618864433e-06
1428,0.1471912709647564,0.02931965100699294,2,0.0030648088453168456
1429,0.268816857826793,0.2873154983949083,0,-1.2497143246260156e-05
1430,0.17110017205827227,0.33399983648722803,0,-6.471756318801925e-06
1431,0.23434166662290576,0.07652573116228138,7,0.007787664171843467
1432,0.20973115878180099,0.10653840750227443,1,0.0015600390781408838
1433,0.3026907721027156,0.100570566289928,8,0.009642474334679194
1434,0.04661380717426586,0.4982809094195443,0,-3.6399953765478256e-07
1435,0.027031122368474922,0.3284317757998608,0,-1.6358308079980171e-06
1436,0.13198502266868864,0.2383067219080545,0,-1.1019776084028911e-05
1437,0.009385443454492775,0.09428978515555476,0,-1.3143159143781775e-05
1438,0.23085611392917876,0.039209641370039745,14,0.016025550983656163
1439,0.22139837062652384,0.26540197955547873,0,-1.582230697373614e-05
1440,0.07515744011218767,0.27772725486401983,0,-4.382678199040922e-06
1441,0.21114001340173244,0.2945442058319057,0,-1.3262902397494388e-05
1442,0.24845046403804513,0.18066272888050663,0,0.0003646024241533508
1443,0.31679798535452375,0.25820661393064703,0,0.00022301950684496593
1444,0.04648912466004812,0.03219473062802229,0,2.0380052620006203e-05
1445,0.20549320241116387,0.10140822217145197,1,0.0016265201606039555
1446,0.32909308808927334,0.21977809586853553,1,0.0014030562521930444
1447,0.2290730505623703,0.04703575175156105,12,0.013625508724228675
1448,0.17214632723869297,0.136692822857502,0,8.402607822521694e-05
1449,0.005478163610380493,0.05895055551911041,0,-1.5601356326832825e-05
1450,0.30222660530240775,0.3789151949796525,0,-1.3896559138265641e-05
1451,0.21840624919891108,0.2212452394848446,0,-3.808784741037236e-06
1452,0.09432005952972827,0.19108842170603701,0,-1.1959036418981192e-05
1453,0.124718930395003,0.5368796248270791,0,-5.397896854887141e-07
1454,0.04499723774872438,0.03501357043949566,0,1.2701178408247488e-05
1455,0.2455724130136868,0.5236420882148591,0,-2.058010458998849e-06
1456,0.3408853617285115,0.055936748433643,12,0.013177691813508217
1457,0.1323650121094134,0.5382325822947263,0,-5.747833508948641e-07
1458,0.17947398715832913,0.5945815613296669,0,-5.236689626395047e-07
1459,0.23163886517416415,0.01206247968293559,19,0.024980068448603777
1460,0.27004647472229787,0.2705572148944738,0,-2.4341012035010635e-06
1461,0.15470190680992732,0.08392810210834652,0,0.00046117332830891353
1462,0.3370989376755629,0.4673810505103908,0,-8.819338579469552e-06
1463,0.20440925054312378,0.5555301584812323,0,-9.92454486252316e-07
1464,0.22945857764235153,0.16053890768060144,0,0.00039215796779312333
1465,0.030225912055029766,0.4945113788204336,0,-3.2090869250515483e-07
1466,0.1457992116082348,0.05664470306341973,0,0.0010019403266036057
1467,0.33223763763164005,0.44094483219729846,0,-1.074640950139009e-05
1468,0.2866549999449536,0.5786610703931571,0,-1.7888669249383673e-06
1469,0.10104379122439007,0.14770339446213163,0,-1.5763354497430533e-05
1470,0.11562070270264703,0.07680379855970951,0,0.00010473359348481604
1471,0.3259402613644169,0.09495852016833206,8,0.009763767554275589
1472,0.16838087050891465,0.311664041902565,0,-7.82701340385807e-06
1473,0.34338932512802933,0.4009574127417252,0,-1.545941461315063e-05
1474,0.29329857397398434,0.39162626359763447,0,-1.1765045049906585e-05
1475,0.16753250737259776,0.26200466964578534,0,-1.217445996964926e-05
1476,0.13652797534344677,0.3351571647644592,0,-4.553078447015341e-06
1477,0.07083770049176388,0.11762652000862955,0,-1.5755177760651475e-05
1478,0.2257445266406447,0.19482118994986436,0,6.16741223869214e-05
1479,0.2769291160494434,0.12076104723809926,5,0.005867745061390529
1480,0.32388684983342186,0.030902439419025707,17,0.019261455283449445
1481,0.09068850050525473,0.5540288722306053,0,-3.237199899224778e-07
1482,0.22759043613323188,0.5793963176077412,0,-9.85250219593186e-07
1483,0.2141102907239673,0.5410034867038612,0,-1.2642110392690041e-06
1484,0.084908766031508,0.08290662508402817,0,1.8122605889835744e-06
1485,0.31014428130446225,0.5425274383674379,0,-3.2419730927458424e-06
1486,0.13919874368936702,0.04548222097006405,1,0.0012144505369128783
1487,0.02606220969061933,0.27322920665900885,0,-2.812322720376576e-06
1488,0.3152858620105615,0.37581302341736905,0,-1.525868046865493e-05
1489,0.25589615413282985,0.08544000411006021,8,0.008950064163378863
1490,0.3409231801145878,0.35542248250078784,0,-1.151071637223785e-05
1491,0.08465694955974833,0.03994182295011872,0,0.00014438973314030788
1492,0.015120902777507583,0.14530254360925607,0,-8.88403547781841e-06
1493,0.24762094655743033,0.5547240780789211,0,-1.539692790885555e-06
1494,0.1264147239010635,0.30617687860524656,0,-5.4885672809450535e-06
1495,0.2925792161141319,0.24725145177714603,0,0.00012485732421469673
1496,0.1440195078341577,0.0425810585058656,1,0.0016402799109200446
1497,0.24067587692788495,0.4168945075221157,0,-5.6702888191431265e-06
1498,0.3382825852454144,0.30290523163791083,0,6.964518529756234e-05
1499,0.17317242055370669,0.35199997951189094,0,-5.5345757952854695e-06
1500,0.32123786767869816,0.056443615878806946,12,0.014068846309313855
1501,0.26811064950715435,0.3736479777204504,0,-1.1066955195391234e-05
1502,0.12740326454618794,0.5177101826456667,0,-6.715985066300571e-07
1503,0.18952896760879612,0.5623915661854797,0,-7.987729711722171e-07
1504,0.2721213032911418,0.2724896025985795,0,-2.336535704398211e-06
1505,0.09474336548758162,0.2456768792777,0,-7.280335687336882e-06
1506,0.30925518513104483,0.48935896128218126,0,-5.447653314294985e-06
1507,0.18697118892492268,0.30011474137340516,0,-1.036420613692515e-05
1508,0.030228086426422284,0.04615054100934863,0,-1.0817796591622687e-05
1509,0.19004565505656,0.09100934210602614,1,0.0013862334427771426
1510,0.16796621439034543,0.11516649652960304,0,0.00020369814957202435
1511,0.25099761859837383,0.05422923164733253,13,0.014557646476422808
1512,0.33927315329750246,0.08230565487463341,9,0.010193917736030327
1513,0.030707929798676963,0.3929410350025177,0,-8.903769515427944e-07
1514,0.30673963960795436,0.047165446037839696,14,0.016272454792749264
1515,0.06153493407744748,0.3848333047008451,0,-1.313665143633947e-06
1516,0.13475225328644425,0.29527807301144643,0,-6.628053301149147e-06
1517,0.034698085705980014,0.2603847094125492,0,-3.483955043915432e-06
1518,0.20018267673729062,0.2762164052959081,0,-1.3970920226624937e-05
1519,0.13098450874231754,0.4404186491313699,0,-1.507475349166118e-06
1520,0.16526650890327796,0.236202024091434,0,-1.443387554677137e-05
1521,0.3164200817260395,0.3506261018681354,0,-1.55473860341524e-05
1522,0.2426530599561977,0.5634573013046293,0,-1.3427842448583107e-06
1523,0.08242216225901963,0.565523568532087,0,-2.6570366503127644e-07
1524,0.007997244538926635,0.056737554692055076,0,-1.5729635580159674e-05
1525,0.148788027891645,0.37721338578890423,0,-3.384417889393201e-06
1526,0.11064263858791432,0.04231121671425655,0,0.000429494608999453
1527,0.013261737481533802,0.12806409054063841,0,-1.0236449388660397e-05
1528,0.21541445738884385,0.20756477855379857,0,7.539047319514024e-06
1529,0.25637586463674483,0.26535374515736126,0,-8.296562501068876e-06
1530,0.16570712933325193,0.3556232337519388,0,-4.961035949047186e-06
1531,0.19130698594211462,0.17145645245250254,0,2.9935737323506504e-05
1532,0.3001831506144738,0.016115273191369583,19,0.024889172800566493
1533,0.25374678481691026,0.009668413584994439,19,0.02738538317225654
1534,0.19859973119625612,0.4168360078111576,0,-3.7423776381384394e-06
1535,0.08581040643432689,0.5597643996651042,0,-2.9114154977159323e-07
1536,0.02903687814660325,0.22556484587652204,0,-4.656262531914318e-06
1537,0.21971946679547508,0.5877247317474642,0,-8.380628701178209e-07
1538,0.11805598180940657,0.2954907865315026,0,-5.616741040842037e-06
1539,0.04605512948356435,0.42070387147722954,0,-7.862847938799761e-07
1540,0.3006440407364583,0.1989444766182296,1,0.0011934266327872569
1541,0.051158465057476024,0.3240481755293226,0,-2.1745282702786145e-06
1542,0.294859996642576,0.21557428306485762,0,0.0005387386674701139
1543,0.055153919448466135,0.16266437067893244,0,-1.0917181150059282e-05
1544,0.2034975912840893,0.06741961097160787,4,0.004903863339354694
1545,0.09923786790840242,0.3932692893097076,0,-1.759239799924083e-06
1546,0.30437319422909476,0.45294269657736863,0,-7.41485794437288e-06
1547,0.0911864019727918,0.5390517299940928,0,-3.778952780625314e-07
1548,0.3209659631864893,0.45146738292434524,0,-8.805268366952912e-06
1549,0.2442567646412353,0.14941436290660012,0,0.0010676848128579935
1550,0.16888698322386905,0.037631241811787515,4,0.004700510676002342
1551,0.33842289760006683,0.3053028823842983,0,6.116584216453623e-05
1552,0.1702674887642389,0.10027226630295058,0,0.00043934989038164066
1553,0.04487947441735539,0.39634571380054473,0,-9.914232066663014e-07
1554,0.2540999623784957,0.5875822459327594,0,-1.1826788859055332e-06
1555,0.019457964306614797,0.09604821735407973,0,-1.3938025331267953e-05
1556,0.21763286159583448,0.3560384755367266,0,-8.192023045940845e-06
1557,0.25738659256735624,0.0009605200530584445,19,0.031341450412093616
1558,0.21473204752328898,0.5614937398577478,0,-1.0364631160627325e-06
1559,0.029369508625891213,0.45641396052928096,0,-4.6571308227211824e-07
1560,0.21953797339010536,0.13130295984449294,0,0.0008692581069458139
1561,0.1091953189429373,0.22156828832593803,0,-1.0449760587439746e-05
1562,0.11573191352485561,0.0044109954656007975,2,0.0025208429328866053
1563,0.28041307688600103,0.4700882445755398,0,-4.959997083509167e-06
1564,0.1811313792581683,0.13695517860021608,0,0.00013245001930109931
1565,0.13535771515297684,0.46952693601703,0,-1.1771366143731794e-06
1566,0.07791733811874975,0.2155086995701391,0,-8.276930555320335e-06
1567,0.09996804087921003,0.41504806901569885,0,-1.4254170631809829e-06
1568,0.3423599676864508,0.34658923007524406,0,-6.202013746931065e-06
1569,0.2378574995011398,0.14905885683388867,0,0.000860736498842963
1570,0.0348718890419043,0.2584360427859013,0,-3.5584148650582315e-06
1571,0.015325542649918637,0.24391571801559425,0,-3.38531610182331e-06
1572,0.1641854885703731,0.20596349137952166,0,-1.5743254151958398e-05
1573,0.10637274992409906,0.284495405311429,0,-5.579866054635614e-06
1574,0.3442835198320634,0.5668381924631931,0,-3.572119367633245e-06
1575,0.20191578854407957,0.27033302989079316,0,-1.4646559569200126e-05
1576,0.28344859364024716,0.39337446708423474,0,-1.0644017496376296e-05
1577,0.04871191278691061,0.3689442838078651,0,-1.3547725343198617e-06
1578,0.10270590190478533,0.4565595395752272,0,-9.673077530419556e-07
1579,0.09863847983178822,0.442623565166218,0,-1.0676837905512417e-06
1580,0.3232748463920269,0.2539347431851244,0,0.0003461753930201911
1581,0.09360269848905904,0.5643065641004236,0,-3.0072867577436957e-07
1582,0.24553288145126562,0.05752029129667038,12,0.013283088034614969
1583,0.12342849524182155,0.2120363859363376,0,-1.2763978954734388e-05
1584,0.2937393392823821,0.22601738703641278,0,0.00034026194800806936
1585,0.21438816087704418,0.3293181197917185,0,-1.0193300144167557e-05
1586,0.07493280202372336,0.5786614529374318,0,-2.1620111969539965e-07
1587,0.32959131687084636,0.4304216294011457,0,-1.1508873483358481e-05
1588,0.3225008541846494,0.10445553818666868,8,0.009158333608804478
1589,0.10110809928448747,0.12506512537801787,0,-1.3536864497299949e-05
1590,0.3328835214723514,0.47559149779958226,0,-7.838508143694513e-06
1591,0.16555844602780506,0.20006226049515707,0,-1.532880409265238e-05
1592,0.34150606383748966,0.029195429081822887,17,0.019037253739290865
1593,0.0783392304781158,0.5199397286364338,0,-4.023931923151877e-07
1594,0.2044676063481884,0.10992238713341375,1,0.0011380109483844208
1595,0.0739125208361735,0.025450761044416813,0,0.00017472982058699992
1596,0.23455254532028028,0.3186899009808386,0,-1.3186895133876085e-05
1597,0.3089394309888757,0.11678278568192552,7,0.008194906649599541
1598,0.04899219056983223,0.45139474861310624,0,-5.957122956438582e-07
1599,0.16107568054350607,0.23592765628983192,0,-1.4084243893351581e-05
