,X1,X2,Label,f
0,0.10267285329324591,0.5762569020284698,0,-2.921558186073375e-07
1,0.29202215900227846,0.1565760191508473,3,0.0033481476999000994
2,0.28164211897511426,0.3023813529792779,0,-1.3214336649316274e-05
3,0.3032009562064303,0.22453881456211,0,0.0005178999860304095
4,0.15661087068464302,0.12198438950802254,0,8.112081507449649e-05
5,0.2903459340765773,0.43832209857665344,0,-7.460299593089684e-06
6,0.008889285636271019,0.08137118514972012,0,-1.431085987848622e-05
7,0.08563157636168403,0.15521997579014915,0,-1.4554117141502222e-05
8,0.34176144274596415,0.29955646023938776,0,9.981171484742908e-05
9,0.2286518346323525,0.20087902886101497,0,5.055868457673436e-05
10,0.2484676746511474,0.25985235729948347,0,-9.51687194036503e-06
11,0.25693194172696454,0.5278194977177012,0,-2.210527531465444e-06
12,0.2485317882266224,0.14072769821155034,1,0.0016812922886278421
13,0.3455407203615545,0.005365603554964981,19,0.0289776134833324
14,0.31965659756708376,0.1311807266931571,6,0.007189297678289636
15,0.13883861294376862,0.40470942976534585,0,-2.3294969139142023e-06
16,0.19160486840432497,0.4479584002419748,0,-2.5593206310812967e-06
17,0.04376829385382269,0.2530254519880489,0,-4.102598464128909e-06
18,0.1717859418795358,0.22264806545897833,0,-1.5713140013492547e-05
19,0.24810072751029333,0.4006192298408007,0,-7.147572800963581e-06
20,0.29419738958996866,0.5825004690716643,0,-1.8559604415102315e-06
21,0.34146024090004423,0.556079918076534,0,-3.8659250966948416e-06
22,0.1285313286664378,0.013707115452246559,2,0.002829258894129843
23,0.31691750196057084,0.16987068250477763,3,0.003881715271206205
24,0.234827838454322,0.11408660661405542,2,0.002697582478195393
25,0.11814115381003348,0.03943579736240519,0,0.0006678045183070488
26,0.3003759890796577,0.16718299506576897,2,0.003047055041741495
27,0.21118912813871277,0.041132673538980424,11,0.012005262838893888
28,0.24157524621494175,0.04299102517306813,15,0.016330622204719543
29,0.008277941008832517,0.4092440642641799,0,-6.046033873519076e-07
30,0.19375588045132025,0.1310918792731503,0,0.00031189518119618774
31,0.3491506995998694,0.44904760354189854,0,-1.159508584415707e-05
32,0.22747366845264214,0.12643677599704153,1,0.0013884649799041336
33,0.328019096521077,0.2453508211205072,0,0.0005734534309959807
34,0.3124573201040577,0.4918715095841445,0,-5.484328411798346e-06
35,0.008432242834941888,0.3498196588702291,0,-1.096988748849609e-06
36,0.17433125013506462,0.09259590906954265,0,0.0007153933587252863
37,0.2737738941254561,0.05750364543234139,13,0.015053869949636683
38,0.19449339295013834,0.07137255638744054,3,0.0032943449456045455
39,0.1272607546433384,0.3137435903611736,0,-5.13603932468855e-06
40,0.13504994212870125,0.06519905403904194,0,0.000450784537718192
41,0.18845374000594894,0.03486236294092721,8,0.008881795683792076
42,0.28392188945638436,0.1560484991772326,2,0.002824359636756241
43,0.10425057403187925,0.2461103037736937,0,-7.943506951535638e-06
44,0.023213347419060924,0.18780508109835814,0,-6.380214168750693e-06
45,0.19530067573299564,0.27366658098020874,0,-1.3752082452245738e-05
46,0.08148039102691398,0.09888824901022855,0,-1.1486480179066544e-05
47,0.07076044833163889,0.40552312361486925,0,-1.1712600062817285e-06
48,0.26955972810139733,0.10061432403268132,7,0.007920074013680552
49,0.2443873330122466,0.08996495112243026,6,0.006782083983980335
50,0.22206950968673764,0.12076733732340367,1,0.001418141742909793
51,0.15752672108106777,0.053868993156958866,1,0.0017510226631254912
52,0.3278523490464519,0.16266146473941495,4,0.005024922591509961
53,0.00442572907603973,0.0006416503066304022,0,4.155836696833786e-06
54,0.15941324531875814,0.1542899829260395,0,4.801571438375549e-06
55,0.12234548182585155,0.021456766178005782,1,0.0016533468448093984
56,0.18127508255992772,0.050255244578613564,4,0.004487544379392316
57,0.2131728076558343,0.018084520538532697,18,0.01994206570294582
58,0.09656732906786841,0.04060706765612608,0,0.0002475826666379481
59,0.34231360636741776,0.024854262457953663,18,0.020398638268987305
60,0.23575275223622055,0.00483437293884352,19,0.02831910135356622
61,0.3068289816457979,0.17490563661637482,2,0.0028688996981099156
62,0.0010654276959942864,0.29063147691902114,0,-1.8417606706352577e-06
63,0.3382118558954581,0.20886964162926555,2,0.002352562965820192
64,0.25820647721198475,0.005954940606632486,19,0.029073637859427664
65,0.1785820438748126,0.02698277352141673,8,0.008774238131609269
66,0.023349439310664064,0.13385860972780886,0,-1.0636002116722336e-05
67,0.11057369985605084,0.011055344588309502,1,0.0015870612851184708
68,0.2367882983463227,0.3385079627862761,0,-1.1445221367797258e-05
69,0.11603539203829115,0.01342596894970499,1,0.0017850612865242192
70,0.2506379082401947,0.127766652675383,2,0.0027445661064114625
71,0.05375729477808246,0.03094038978119476,0,4.0742140654336665e-05
72,0.32451669411631057,0.22927773412848862,0,0.0009026005154514239
73,0.33293633358161273,0.01760512140891979,19,0.02340042996375856
74,0.14222361888372706,0.08464420968684318,0,0.0002594600815550981
75,0.2879631152831997,0.16164004498166742,2,0.002661878977747745
76,0.16500519251273293,0.028639934360085204,5,0.005668618669582837
77,0.3055721330444352,0.0004595888560878336,19,0.03220910640384237
78,0.05630910293039056,0.3195276723565878,0,-2.3949513882710474e-06
79,0.34755512648723064,0.18429166233689676,3,0.004292776349907939
80,0.3092196006068697,0.25048319392587926,0,0.00022700154409577533
81,0.2924549114800719,0.20844441798950694,0,0.0006478859285155229
82,0.25080552202857026,0.08335515757176556,8,0.008724805546594135
83,0.2714514313008342,0.10329701765538722,7,0.007704989054307998
84,0.303822907426275,0.1449517419879769,4,0.0052705432159654226
85,0.14636781160854423,0.028627502585145063,2,0.00305498993346171
86,0.33058451173357795,0.0646259070918055,11,0.012478541836921344
87,0.18159880039843865,0.33026809801284895,0,-7.429776737607324e-06
88,0.32970902309176464,0.3545125540970357,0,-1.4344281157364672e-05
89,0.2205321625178276,0.02251208450096459,18,0.01967085784732946
90,0.24469401803926458,0.07317236340143914,9,0.009876074203931853
91,0.22791897649060033,0.08048831305577116,5,0.006168575840343484
92,0.32769997610759816,0.12055404898138901,7,0.00796549077730672
93,0.21298790905536835,0.03507358793230679,13,0.014147339370056812
94,0.27235276797814467,0.061472977210571905,13,0.014323969418676346
95,0.24601273752518107,0.4735535262159829,0,-3.407623571654142e-06
96,0.14449922740300214,0.04218681995004417,1,0.0016963083482135232
97,0.33524168168151874,0.20639933817583944,2,0.002353280387132284
98,0.09870449721470277,0.359762383832915,0,-2.445767895536707e-06
99,0.28521258403573346,0.1517012968467093,3,0.0032783301881095742
100,0.2584299900422548,0.05006559052077464,14,0.015982068153022645
101,0.1921504045359299,0.3888553286603988,0,-4.635874352871674e-06
102,0.18114448634071847,0.0032949147096310027,16,0.01777382178303087
103,0.33145145887225846,0.1668933037742892,4,0.004860545441159048
104,0.1958748305472087,0.018466417782497788,14,0.015836813197817844
105,0.2912823981465869,0.055272267676289316,14,0.01536469721735832
106,0.20274219137171723,0.011939748031431075,18,0.020092788417097416
107,0.22110148398639903,0.13698711688176773,0,0.0007376808609883893
108,0.27302087669035957,0.15526898071180723,2,0.0021733993464009764
109,0.1426716050587361,0.01739942486536692,3,0.004073741813685018
110,0.268683370857164,0.008404225825127301,19,0.02823330862283831
111,0.11602314773004771,0.01144434696581392,1,0.0019308340745396448
112,0.2874183854349522,0.18068660525564584,1,0.0014618984995870901
113,0.22030571754460226,0.1487018151358904,0,0.00044416399473367257
114,0.34194975671938893,0.11092729404175983,7,0.008153508631135214
115,0.26878763197386824,0.14458085800331133,2,0.002685800146062155
116,0.27721626660076604,0.0025640407212061604,19,0.03099046969884359
117,0.3176280855403051,0.21677822505237626,1,0.0011089713327385093
118,0.13709866514017968,0.01029587590127106,4,0.00436705788151801
119,0.184560969272901,0.09372022164565147,0,0.0010175096732735294
120,0.3057598525667565,0.1488851139979387,4,0.005019173293007356
121,0.15558898709712207,0.0062474878170214465,8,0.009031981188748626
122,0.10664204874557423,0.010869693129116799,1,0.0013692681565513486
123,0.23753913871407667,0.05106196188042972,12,0.013823179340274215
124,0.30964539383815187,0.061911703188491346,12,0.013786112447870372
125,0.13275914058057897,0.046604057542160134,0,0.0008992006022967169
126,0.12367600118368376,0.04532991333859476,0,0.0006546912890359845
127,0.18805239121522127,0.012583211830020993,14,0.01597410832549154
128,0.3351090547424285,0.06828747047675147,10,0.011807788135020638
129,0.12573063255823064,0.0020647568299020508,3,0.003983709095196549
130,0.24828829052839066,0.028171330254220806,19,0.020896281183004992
131,0.3429191620075543,0.1466361364515281,5,0.006345530889025329
132,0.33839144050265335,0.2028442163139619,2,0.0027199992394565374
133,0.32958132703229875,0.19264070311888148,2,0.0029252536966046685
134,0.2747171293015035,0.11996718002750265,5,0.005765132089944013
135,0.10063236588878138,0.008328086150722286,1,0.0011949120809053141
136,0.3320972137710167,0.0512800294714067,13,0.014378045990734521
137,0.16650369641623108,0.07579715874559576,0,0.001038696015999909
138,0.1970125203429651,0.060381321159265464,4,0.005112223017851678
139,0.3397499136972925,0.21926324351348428,1,0.0018630356939416022
140,0.13040159900663423,0.018559700331401828,2,0.00251372069838228
141,0.2817038498128352,0.2063340667286158,0,0.0004729427370523971
142,0.33129390078704635,0.03764670728782671,15,0.017195575446142752
143,0.31876754050148925,0.21057596070094922,1,0.0013990665467130483
144,0.11601385307420738,0.005770780650602866,2,0.0024154168632650754
145,0.11285727980499777,0.01641119343345477,1,0.001398137974639568
146,0.11019219256652933,0.0041443432171770446,1,0.0020624860624326668
147,0.1439708261970581,0.016136264875744002,4,0.004459993264697503
148,0.1722697558569215,0.026631934422693328,6,0.007492390194066195
149,0.32418597187425574,0.12547221103945452,7,0.007653778169461288
150,0.325807540985764,0.21048530564125081,1,0.0016953087477399843
151,0.12035689628888842,0.004926765692780631,2,0.0029370055191257185
152,0.2769986168929359,0.1330044619086337,4,0.004445952425940846
153,0.24110304701879345,0.016979627992755708,19,0.024009343238733917
154,0.2885305856189324,0.02743928325154199,19,0.02144465493747951
155,0.18571115656577966,0.0869861569700143,1,0.0013803010970754937
156,0.09665148174483562,0.01056384606595757,0,0.0009265511274918331
157,0.23464111078304822,0.11713223583364916,2,0.002426299002368016
158,0.24030286606774007,0.0714268931331895,8,0.009637058639452791
159,0.32136137040849605,0.0852746835944607,9,0.010727048029335575
160,0.22286534690707166,0.022692482048923823,18,0.019983645229713128
161,0.1904194543342755,0.0874316921611521,1,0.0016091048551899782
162,0.21478552209432594,0.05833509650233493,7,0.008389471371732828
163,0.15116422336345658,0.014678246615080258,5,0.005949778440344025
164,0.12426430929023881,0.02495299618423812,1,0.0015485641236131014
165,0.10054706196338369,0.001581678094368549,1,0.0015687678830088737
166,0.22540105586889234,0.12262839830688509,1,0.001485799389474513
167,0.13983940255574237,0.04133405144821404,1,0.0014694634674151214
168,0.15993755777497853,0.00808696275830581,8,0.009612068206330907
169,0.166263888995276,0.05541771174440975,2,0.0022659615990778697
170,0.1525465198787247,0.03905400431539069,2,0.0025719457677933016
171,0.2850119723272161,0.09272271049148195,9,0.01009653500000614
172,0.25725702757743785,0.09374136046542397,7,0.0077145643497920895
173,0.26081113350166146,0.030573649839740466,19,0.020715323412302197
174,0.23364149998447517,0.032791893513875556,16,0.018245417486934715
175,0.303507599175837,0.13991202890119114,5,0.005744608197010269
176,0.09338320038827574,0.005859013947143393,0,0.0009862862603221677
177,0.3289075207085855,0.2042225271610224,2,0.002171745870781458
178,0.3285215679141283,0.14618949379667456,5,0.006254474764437236
179,0.30289638511152933,0.1366795279006294,5,0.006029207393052451
180,0.31816749150568446,0.17941997430769122,2,0.003217764030197566
181,0.155683652256962,0.0005940238756186669,9,0.010851064329122199
182,0.10578710296233647,0.014505009326849241,1,0.001140320112745867
183,0.25999750819413137,0.09168540485814453,7,0.008348441205912077
184,0.17525423930575618,0.054399545705816225,2,0.0032042246408283065
185,0.16682140244843638,0.054822791095037494,2,0.00236310797591747
186,0.11461418576151909,0.0012015317782426045,2,0.0027405399750668443
187,0.22302488558195638,0.06652193113442466,7,0.008031339139129443
188,0.34215633021624275,0.2503887075308468,0,0.0007674425643665265
189,0.3332719139900478,0.07276722388866466,10,0.011401289239353515
190,0.24891145289358088,0.11231546018017395,3,0.004158086632590697
191,0.31764154377340154,0.17370312777825286,3,0.003621326186048059
192,0.34329136018889084,0.05831840550223448,11,0.012695922357951837
193,0.3368391630823181,0.12415027191387279,7,0.007600573262276445
194,0.20746344885327447,0.06707506163738668,5,0.005516274629578183
195,0.2430594128612038,0.11803983746698554,2,0.0030113347510276685
196,0.11404059138105911,0.007441761534079241,1,0.0020975611530103136
197,0.327075048928211,0.13075565781908363,6,0.007296761911429311
198,0.3215313581887039,0.07854589759739258,10,0.011351513876441328
199,0.2977870452065564,0.1791893304465283,1,0.0020538850790103426
200,0.23813260686053936,0.10606633486830949,3,0.0038041664706734905
201,0.3056635749799161,0.07023828540368804,11,0.01284703150211881
202,0.19420025012907915,0.03704546060105926,8,0.009544605974048999
203,0.3398900792496201,0.19456843571799715,3,0.0033190734933915343
204,0.29964174192016746,0.05761210159011145,13,0.014769095939012709
205,0.3232770053560027,0.11570268136486972,7,0.008341647003229456
206,0.007378805352238937,0.4630009453574163,0,-3.5003449764731213e-07
207,0.20710406992672611,0.02784823855943952,14,0.015213223305836373
208,0.1506521435838602,0.0033459161092160364,7,0.008614424409216889
209,0.28651230738724426,0.09556714645893162,9,0.00979490287707847
210,0.2932741573549156,0.10346692294349417,8,0.009112270035185853
211,0.2936756286205021,0.09226836358443831,9,0.010413132237282638
212,0.13675118556684723,0.04375528466119471,1,0.0011832169278866835
213,0.32273944471131066,0.09064669350552484,9,0.010216747380320558
214,0.10894091059607564,0.005286837490134549,1,0.0018774790305061777
215,0.13332289792053453,0.005162400815736684,4,0.004632605358074692
216,0.27553005911140516,0.075197788803414,11,0.012187085626651143
217,0.34067603325458023,0.1564010269323871,5,0.005801009945517464
218,0.27787839656337976,0.13509967598221856,3,0.004297027147780695
219,0.1711046370626139,0.04881201839212226,3,0.003409048251831049
220,0.30284046066654613,0.21018066380475592,0,0.0008692319987427272
221,0.24989203606963079,0.09233570166176741,6,0.007078710919452312
222,0.2105061920213738,0.07411233471135867,4,0.0048228851686471464
223,0.2736626592383452,0.05546039679340076,14,0.01541998711358669
224,0.1072900078011197,0.014649152516847903,1,0.0012040495295680112
225,0.10304462744456419,0.015511513525112621,0,0.000978974075427594
226,0.3341306205915626,0.16423668587271836,4,0.005148791152393684
227,0.34205705001249015,0.2317463637346435,1,0.0013870386138762454
228,0.2841487727929667,0.017235301065120737,19,0.02477592271129355
229,0.30113820187362755,0.1627288520739787,3,0.0034588499630040853
230,0.10658801981687324,0.005529267329906813,1,0.0016963101163258018
231,0.09579799744951804,0.008601447086376788,0,0.0009710798186372054
232,0.28757489271215914,0.10020955256876761,8,0.00925978531559337
233,0.09125737718120827,0.003310975332915604,0,0.0010054341209077536
234,0.1215862422229995,0.009462731146825743,2,0.002577947549567193
235,0.26442426321789114,0.08738569817706017,8,0.009494598091735362
236,0.33086213972924217,0.09899800623638806,8,0.00929478555828157
237,0.3329794253962048,0.03939670502318719,15,0.016707879122236254
238,0.11446504289393901,0.009146627736251358,1,0.00199248923957734
239,0.18868109692472904,0.04352365608690366,6,0.006896922344289254
240,0.2846243863314774,0.16029125892453744,2,0.0025460207238899636
241,0.2823376646357558,0.027777070194288336,19,0.021475906259323142
242,0.3227333060270569,0.1628391735147466,4,0.004773790936795933
243,0.32033303236351507,0.07299215827740212,11,0.01197889427954505
244,0.3400729484078932,0.08452506120090082,9,0.009968394151564296
245,0.22675612951588997,0.06923167281210567,7,0.008071306976040875
246,0.1797125015164809,0.085719701527487,1,0.0011603040732838224
247,0.28667260800059313,0.16433209406296878,2,0.0023845378533822606
248,0.2664811279172772,0.060722336276509886,13,0.014250053458316573
249,0.12767832543685534,0.009821430643877612,2,0.0031830222157720905
250,0.33640416229008374,0.15144867127464914,5,0.00604359568041069
251,0.156758891919974,0.04569733640746008,2,0.0023272667027908617
252,0.34304742855955034,0.24311444661349013,0,0.0010040322361388923
253,0.3302383654490248,0.21456697068352742,1,0.0016866252695961884
254,0.11606521512946606,0.00674896379393884,2,0.002328783082389875
255,0.10031536872671949,0.010566757321851417,1,0.0010756443429809396
256,0.1394307819163626,0.006495397089841266,5,0.005428596522572934
257,0.09782189368387655,0.005902858466659878,1,0.00117904315790462
258,0.34819795454145136,0.2181244611804845,2,0.002293472768680916
259,0.19825901345986216,0.10483457211620344,1,0.0011015022300688052
260,0.1641443985036977,0.043976154210710064,2,0.003212263889166508
261,0.29183726962646583,0.02129993870622089,19,0.023244075087457527
262,0.11884078180514455,0.013332317277858,1,0.0019959436533187576
263,0.24267395293949204,0.14468848876993426,1,0.0012024686717268006
264,0.19788908026484098,0.03531197056143373,9,0.01082682879385774
265,0.20991309536150765,0.08321893059637091,3,0.003545904249021367
266,0.27493560667042605,0.08358985957205785,10,0.010880386334567867
267,0.29868867590838943,0.18524659936606006,1,0.0017518730057165851
268,0.3496390716922589,0.10600056571350377,7,0.008097357619879269
269,0.3358365313912674,0.0323129034362291,16,0.018370638596473907
270,0.2719338364143744,0.10912171534911826,6,0.00693100808575273
271,0.22799869718921406,0.08235334085180743,5,0.0058718989719381545
272,0.2538648367799778,0.10499734300579677,5,0.005628779707617424
273,0.2308241467503576,0.04441267992232828,13,0.014590522696152877
274,0.2554750282119489,0.10584683723280973,5,0.005687970893914949
275,0.23418562511672653,0.06247546758228539,9,0.010662041622377346
276,0.2269271564491588,0.04332376933685347,13,0.014282447462680727
277,0.1930539220971772,0.06385892956526637,3,0.004065694599749746
278,0.3218905837950884,0.21294362795385702,1,0.00141866494773863
279,0.10924845821718615,0.01808835281676876,1,0.0011309347812955624
280,0.16128882875894138,0.0192706417594201,6,0.0069443895757352134
281,0.09124517970545774,0.002188307965045971,0,0.0010530049286927947
282,0.33425075626338985,0.04471697059983421,14,0.015499341245787652
283,0.3335329646784134,0.2242352629235711,1,0.0013829043795103866
284,0.34954518798852036,0.24228304006075407,1,0.0012368861033694798
285,0.2751471462090104,0.12930120096902864,4,0.004692704577833837
286,0.22326469374286895,0.06134926677633791,8,0.009171984265264645
287,0.34835404671445863,0.07938202552807039,9,0.009995063916715417
288,0.23497059058427303,0.09408596307920969,4,0.004981872433656942
289,0.3211420725519619,0.04292581517560607,15,0.016479604785677646
290,0.1072633100110387,0.008686852186851387,1,0.001533382199316932
291,0.33451295340207127,0.09751258127359783,8,0.009255773938601719
292,0.316037635881438,0.01973054209915409,19,0.023115073641066925
293,0.17120789098166736,0.06861941630179555,1,0.0016416794454604542
294,0.28335764694245613,0.11397518168115005,6,0.007262848659324158
295,0.29860989203376553,0.19049834925644735,1,0.0014813331041396893
296,0.32515688681610083,0.05631476193657293,12,0.013901505673208563
297,0.11086585720612023,3.229021425091294e-06,2,0.0024934055960259475
298,0.344190725069905,0.2459470797661247,0,0.0009476506345000737
299,0.3413405191957388,0.23668768243839908,1,0.0011712542702978059
300,0.1283315747789517,0.031328201487785125,1,0.0014046392800931343
301,0.1890872879582016,0.028383512966507294,9,0.010820814149722404
302,0.17538264505638737,0.04791774282738889,3,0.004043749687678412
303,0.34088274891537956,0.21303727466267924,2,0.0022422095730447312
304,0.2821177541873246,0.03698381126636546,17,0.01913257828323212
305,0.19206176125200178,0.05503142785681026,4,0.005273156655799639
306,0.2083364284039646,0.06258475338652641,5,0.006444721163511236
307,0.3400882278294037,0.027420943946210974,18,0.019643451862346274
308,0.3103176609894177,0.11508568274305817,7,0.008370742359675344
309,0.3009154411562744,0.06566159186820979,12,0.013574240295611191
310,0.2133077323281132,0.021682197563887548,17,0.018651648928917394
311,0.16433838491407574,0.028443764427916532,5,0.005590724217226952
312,0.16771883299669207,0.05948434047419284,1,0.0020480701218575943
313,0.2990810112636756,0.0800754389636745,10,0.011829180668380188
314,0.3416309910173207,0.20974132790771366,2,0.0024636880609859428
315,0.26370519639698176,0.08630062934450544,8,0.00960612300891744
316,0.2670718543779339,0.08944700252290884,8,0.009401586357124653
317,0.25971872336780727,0.13768055378660632,2,0.0025941699915278376
318,0.2651598175316566,0.14848943901616568,1,0.0021533925575850984
319,0.277771216287754,0.017403615401745384,19,0.02478485463177615
320,0.23960015121042655,0.06927813886755926,9,0.009980242445265484
321,0.08876491089738289,0.00032828619335952106,0,0.0010281178582783063
322,0.20896171265388547,0.08124114297202369,3,0.003678687013264276
323,0.28455828103604325,0.1363562964771417,4,0.004723769755695297
324,0.1639371615086262,0.07165650906259043,1,0.0011099022577726657
325,0.20914926060592604,0.01334828399859074,19,0.020958049886963606
326,0.3499847965507083,0.202684441751824,3,0.0032648384446223263
327,0.32341227977109527,0.16754314737152093,4,0.004434656535623798
328,0.23818640165908733,0.13466988197504934,1,0.0014830661105952234
329,0.231907771450965,0.1159541758543831,2,0.0023212104242113832
330,0.1670714134696163,0.04264264020549083,3,0.0037178185904562042
331,0.15699688002391576,0.02297668229291042,4,0.005363229934935083
332,0.24801753497867915,0.08903742692511689,6,0.007393295282149264
333,0.346571730475958,0.20182146236830892,2,0.0031686477055336273
334,0.15579046271395805,0.03280613248197654,3,0.003630926850984766
335,0.22413353064333486,0.026776045714424157,17,0.018807162037316638
336,0.30820627803611633,0.10021657537441864,8,0.009694518109684518
337,0.1135259811095351,0.009050567321157506,1,0.0019290877981574244
338,0.12064708474564728,0.018178729117764567,1,0.0017646824256198252
339,0.10475292891945084,0.014356443433626565,1,0.0011005114124650326
340,0.25666700183354446,0.0992198636832077,6,0.006788995148077544
341,0.29437895325967633,0.18928038665495298,1,0.001358924487238762
342,0.22052207642104532,0.03046266955566397,15,0.017018277324133923
343,0.3273717610896062,0.19054069245904132,2,0.0029483217149508393
344,0.2930404410876372,0.19797105974413357,0,0.0009681195133721214
345,0.30794298193576636,0.2041137025209436,1,0.0012556960522937563
346,0.27580791076128797,0.09759838628617161,8,0.008886674118787238
347,0.29576975387021626,0.16281572764562477,2,0.0030886958563043627
348,0.27984662517544096,0.13165605109029116,4,0.0048407230353033955
349,0.25932321728538016,0.08395446884200213,8,0.009573824135689626
350,0.3408215952204208,0.24633669703528396,0,0.0008443400780041487
351,0.29694010715688385,0.013945695544978931,19,0.025801636882767886
352,0.16344181828062576,0.02546532970653806,5,0.006018064769871416
353,0.11641281627134568,0.019470581139171567,1,0.0014209277919788247
354,0.1836652105754662,0.006734533400350795,15,0.017070288842911487
355,0.3212469489466323,0.14986872020546568,5,0.005751820237214088
356,0.27183061991511714,0.10258493721462282,7,0.007841549284835622
357,0.3299803089724665,0.21035658166981017,1,0.001886939007513593
358,0.2760933842530787,0.07099252074750197,11,0.012861816704328004
359,0.3135963375203871,0.10479535808967959,8,0.009265002079548198
360,0.3107032492308653,0.12359644331179702,7,0.007623222758045528
361,0.139349419318027,0.012749586401400476,3,0.004311443215682719
362,0.11832685925407167,0.005693392898307454,2,0.0026431830762571767
363,0.27021160094174806,0.04843295347747818,15,0.01671472258430005
364,0.34631015077261795,0.24772379011057,0,0.0009527183728193068
365,0.27566655655184447,0.06095802347391392,13,0.014485826124782088
366,0.26426652745352286,0.13666564920042137,2,0.0030196410612741394
367,0.3461946225882849,0.2086246965285151,2,0.002741209933388692
368,0.22640376269147,0.005697783209410057,19,0.02697295697489498
369,0.16823456619765595,0.00085794371370361,13,0.014658352857771822
370,0.34820868322057724,0.02264493883888525,19,0.020958392984853032
371,0.19365699488925087,0.10901505589930617,0,0.0007846880845301502
372,0.24666265403295537,0.08425187534477671,7,0.008049043371547885
373,0.18026915190755954,0.07859584503140808,1,0.0015600148020921978
374,0.13187745538343945,0.042552922692646156,0,0.0010250208837819096
375,0.14201391360660628,0.02232498294291704,3,0.003316249524947215
376,0.3381824466345757,0.22937326735307095,1,0.0013428597646714285
377,0.2571816279234693,0.13285110381512136,2,0.0028080705880155804
378,0.2896370428469287,0.007452762327524332,19,0.02867307845664192
379,0.13872317943717807,0.01251197801708534,3,0.004256506451753821
380,0.18169310319201057,0.01288782054131056,12,0.014053571916029794
381,0.14225276219675415,0.052977797023688385,0,0.001011062371123237
382,0.34940685958596,0.14312754459862767,5,0.0064400726125400315
383,0.27926643266019674,0.11662142286823485,6,0.006594976371017486
384,0.2825619966192857,0.08652704637940842,9,0.01082168925546108
385,0.13130324911146082,0.038170699361342736,1,0.0011974618683510418
386,0.3409596269549674,0.12109712303794808,7,0.0076578474282609
387,0.264772281126504,0.07814691353490762,10,0.011067380903930949
388,0.20118143628801016,0.030742458879761292,11,0.012938629250541015
389,0.30266855635869644,0.03807329791506082,16,0.01830373596760585
390,0.15643294441566313,0.014485185819660185,6,0.007049546063377836
391,0.33567645464515394,0.17194205030793772,4,0.0046700658534104805
392,0.2872303945002313,0.17311673207078843,1,0.0018543899300867382
393,0.1030706725791896,0.007158125960646067,1,0.0013820435657221014
394,0.24053734495656626,0.036389974946689045,16,0.01797841113355296
395,0.3231754204755965,0.2226950354356513,1,0.0010793081122476103
396,0.22311816209662721,0.10743375987039039,2,0.002356835781499238
397,0.24857204382106832,0.011245320571235496,19,0.026553423826582132
398,0.3040507034033021,0.20187228385438916,1,0.0012017711462733855
399,0.301996786552156,0.19172645233788757,1,0.001570795670761511
400,0.14996970099832463,0.00845849193608058,6,0.007103862027875893
401,0.26400822989515504,0.0724419802524896,11,0.011998223756537306
402,0.2799062602754694,0.0847454616971626,10,0.010959748637975974
403,0.21379322473452883,0.1124313364536617,1,0.0014458347804909121
404,0.2920937291461453,0.1819779295419825,1,0.0016100677351266767
405,0.3458258990000033,0.231222017279184,1,0.0015501663367469404
406,0.23556142076214434,0.11839008136182981,2,0.0023927599131378734
407,0.25343517896526635,0.03885793100401378,16,0.01830538991234661
408,0.29897486450517574,0.06480712300080074,12,0.013742816147238018
409,0.16882891005059303,0.07807987645482982,0,0.0010371263508646238
410,0.2671867499534773,0.06832357465428965,11,0.012922220627341819
411,0.13826686076606717,0.03180049850823436,1,0.002014470289468455
412,0.29743584575992205,0.12903112470686295,5,0.006486341705239661
413,0.17741085660765363,0.04543175048872908,4,0.004692782986798392
414,0.29117299639897204,0.19885161370165572,0,0.0008816731862091696
415,0.20803585865883678,0.0641760447277167,5,0.006105232724621947
416,0.23707376135037292,0.10010448867877345,4,0.004414652876988947
417,0.31349847020478494,0.07662564081798119,10,0.01185743805946188
418,0.09993584533015087,0.0109195101860443,0,0.0010438536997746943
419,0.11800665753757482,0.009935435382262717,2,0.002211208102376397
420,0.2980063650441569,0.09226041421513569,9,0.010470298158899103
421,0.34703501180354973,0.20038254931990487,3,0.003277676046864924
422,0.30340246604496823,0.017776912901323827,19,0.02418886697632072
423,0.29425907469267837,0.08127465409457926,10,0.011714248074204835
424,0.3348431184264071,0.14780296398686105,5,0.00625061166028146
425,0.18519724338580207,0.03816620797128083,6,0.00741414550903381
426,0.19105688896536818,0.03081170537947392,9,0.010570393320159669
427,0.29144905309232433,0.13221087702211876,5,0.0057246818091975845
428,0.3188657539027131,0.15651238355560693,4,0.005095698698836025
429,0.13671750015040604,0.018487265854248296,2,0.0031731646933281002
430,0.2577777250452157,0.023075716815868084,19,0.022806076056637654
431,0.23356657241264756,0.04560432005931715,13,0.014669637250027172
432,0.11510303159081268,0.005378215091674077,2,0.0023698012617446138
433,0.19871569098519615,0.09193140580902417,1,0.0018223691312251806
434,0.12881853134419355,0.010240735385238309,3,0.0032648160734378056
435,0.2342259695176196,0.07215857169192891,7,0.00861791977426396
436,0.09774653429394055,0.004516969801022886,1,0.001244473061138163
437,0.20028013112220208,0.07176654108091075,3,0.0038836931804868773
438,0.30826593496659976,0.08625122017109438,10,0.01102149442514567
439,0.21961737033218467,0.11907132422408866,1,0.0013862338489428372
440,0.30637561453510237,0.07011395783892573,11,0.012839986931278337
441,0.10992798770671287,0.0073562515315604236,1,0.0017957001294301989
442,0.191508058205828,0.01721074541896471,13,0.01515965475189089
443,0.2722954071931082,0.06394983518843762,12,0.013895465955201504
444,0.17995079071802658,0.06766076134858705,2,0.0023232330415728117
445,0.15800274777601597,0.056265815963419764,1,0.0016241480599802085
446,0.11349135667008949,0.005723697314620503,2,0.002198581838790022
447,0.1609828172421047,0.06630752455988032,1,0.0012256875394602205
448,0.23723251918144844,0.11378211896323284,2,0.0029218113113104937
449,0.33854299387981024,0.16576069311875286,4,0.005181521573736741
450,0.14235403510953246,0.051760595943626746,0,0.0010665035451624264
451,0.26229136634610145,0.10643560768119696,5,0.006341969786842915
452,0.2156404094644689,0.09514829494047836,2,0.0028340704102590318
453,0.12349120774486574,0.01596137001955174,1,0.002147609014792532
454,0.2838797563353621,0.12618486973813015,5,0.005812882112648449
455,0.20895604525442132,0.010318415868091155,19,0.022150582169008007
456,0.28643603629588865,0.09682257017759548,8,0.009632299084694195
457,0.2892775081877821,0.17154822714204765,1,0.0020593684917923297
458,0.3337884592615386,0.23139796766468412,1,0.0011149398337768031
459,0.33665710488210754,0.0719095430676529,10,0.011324565251362021
460,0.24314830969366152,0.1429213052952785,1,0.0013031347155763131
461,0.2944863512332067,0.07528963991647487,11,0.012450339502631727
462,0.3172740073111719,0.21341050878897808,1,0.0012248160189685339
463,0.33350866923254335,0.21143713172565437,1,0.001990416558745688
464,0.24969731340548645,0.09838149709152717,5,0.006110492435925621
465,0.2967471001935222,0.08123781313577642,10,0.011712820706649503
466,0.11156975697056452,0.0011972887146276048,2,0.0024432757418787103
467,0.21733399307567217,0.09158219786674564,3,0.0033570627751345968
468,0.3490857449586254,0.06734763054514266,10,0.01120367338704319
469,0.16422201880150905,0.05685723081007872,1,0.0019947779412238654
470,0.24179605395394818,0.10443163183206543,4,0.004378403519594798
471,0.19625885690669242,0.08767293021573226,1,0.0019572085445613745
472,0.2611700431500248,0.05618191394693108,13,0.014862057833077631
473,0.2379145105771778,0.12569702195891055,1,0.0020113481255956767
474,0.3342916268727054,0.07054241540378171,10,0.011592202450831838
475,0.2675550926171927,0.1036232540469704,6,0.0072872985954275694
476,0.1576358121188772,0.03290173888153541,3,0.003851140014555898
477,0.23319991883958177,0.07622305487721212,7,0.007679817465301318
478,0.2976894235862494,0.17666526063970636,2,0.0022063067850865213
479,0.2770627631844378,0.08077156550904423,10,0.011409295086821387
480,0.2982663976458532,0.0204515266210859,19,0.023372230692114918
481,0.09940545838883562,0.010538801822164223,0,0.0010378588948952079
482,0.28611184834756875,0.18718441797569324,1,0.0011263729487758388
483,0.3338951651710427,0.21809689285828887,1,0.0016714313230922484
484,0.32850443171311916,0.20127174816956458,2,0.002323957021539924
485,0.263872582526784,0.12572776733436758,3,0.004068808360739164
486,0.12297487646215943,0.0029732457532512403,3,0.003485226545496264
487,0.25419481642229047,0.12490903395250869,3,0.0032953720906844794
488,0.28546128222629674,0.11761163527714466,6,0.006970281622731664
489,0.13877303804535848,0.0333969549169851,1,0.0019290751622869718
490,0.29838520951134534,0.12897581041095457,6,0.006550872054426808
491,0.29608791914502364,0.1719887045783281,2,0.002424074331537827
492,0.2650293720741619,0.08001119263872362,9,0.010771999939178266
493,0.2694787293467418,0.15658198614883706,1,0.0018824944196214743
494,0.3046450540274818,0.16692659063347043,3,0.0033465835411093732
495,0.11142355336712792,0.01821002614779969,1,0.001227602082172176
496,0.10510564885391467,0.002996657156419348,1,0.0017725357449197227
497,0.23770787035888236,0.09526822856098177,4,0.005140014776851952
498,0.13817181955224986,0.04954647212269722,0,0.0009892617079172014
499,0.27482340104639336,0.11013472317199403,6,0.007057658345454861
500,0.27684524329731686,0.03454471703053603,18,0.019783067726755046
501,0.22850903620190274,0.09092506878045234,4,0.004655352696285034
502,0.26133873339116875,0.017847855402037753,19,0.024571823064044273
503,0.15075368146139276,0.03610565469321443,2,0.0026959223533562135
504,0.3392889350906453,0.06186984833147814,11,0.012399976854569802
505,0.14876918996490188,0.004772240633118319,7,0.007763228136119603
506,0.25382452830779656,0.13798948960476018,2,0.0021697314781856593
507,0.2600105044322183,0.14302821220406933,2,0.0022099224995978726
508,0.18016498349872068,0.015697017155436283,11,0.01261724899723435
509,0.22644145319743203,0.1299355172481649,1,0.0011768403999264667
510,0.34853436322850395,0.2246335053262914,1,0.0019687176754872625
511,0.3240377617389231,0.04532899869661313,14,0.01586083143870705
512,0.26597216434170506,0.055617067625825654,13,0.015191806789005174
513,0.2256114674396699,0.04854793762178125,11,0.012665811678424085
514,0.2072495093704505,0.0012718661191454123,19,0.0257843925730439
515,0.17110900489654296,0.031451969822126814,5,0.006198050412045531
516,0.268796790960787,0.1244134221433647,4,0.004672814994379951
517,0.20330726669192284,0.08071009585750744,2,0.00315474620441395
518,0.12605765185275075,0.03076772896612362,1,0.0013145782779699878
519,0.3392752268053139,0.18085883465623112,3,0.004205129438769716
520,0.11056995086802578,0.014615461642049197,1,0.0013738644741889277
521,0.3095245455137792,0.20096727677689896,1,0.001455017725100027
522,0.2447382019883203,0.06861327435521455,9,0.01080396568896423
523,0.2634681854521674,0.028917721792415405,19,0.021216801972546065
524,0.20730728002015364,0.04572473856045455,9,0.009991229670520232
525,0.34758321639271195,0.05286588663321334,12,0.013337979830314123
526,0.2676547941863111,0.02351352429637961,19,0.02281995523319976
527,0.09593162051353352,0.0030342026859685985,1,0.0012295560327025311
528,0.20009973635246903,0.1107091444529204,0,0.0009384110320229777
529,0.31086084056278984,0.21292946288584239,0,0.0010236724797301228
530,0.32623780065899666,0.20316498356781643,1,0.0021023011428212375
531,0.2736661136333293,0.15681983622102885,1,0.002108321025579235
532,0.15349360840353493,0.009882082217468988,6,0.007534013144989063
533,0.18238989111702594,0.09705929350004874,0,0.0008193547119919903
534,0.15467822502450151,0.04654575867490757,1,0.0020899403667461714
535,0.34081566098342125,0.06555827254741513,10,0.01184561513943633
536,0.11842046060822219,0.01001673431266834,2,0.0022390470027921143
537,0.14006605225059843,0.045679909431241277,1,0.0012462260327953875
538,0.10243409020778532,0.013463350073492801,0,0.0010396658044379442
539,0.3295960492603274,0.17405295936022402,3,0.004249858349384043
540,0.2674113663435151,0.018755233894402413,19,0.024336073113427968
541,0.09948545054054692,0.015385386775999507,0,0.0008507200265781389
542,0.12412034433050258,0.0530045249577106,0,0.000480319888535372
543,0.2676489540832679,0.10232677883400648,6,0.0074857592201612744
544,0.13994032689252628,0.030086134338017212,2,0.002290886929529409
545,0.24936221828104316,0.10008722760152855,5,0.005819011873286091
546,0.31482159889814537,0.08016443804114981,10,0.011445603747353868
547,0.3395790935894003,0.2421325113879318,0,0.0009347781350903578
548,0.17129295215549023,0.07447153277582026,1,0.0013131665328022161
549,0.25882854627905755,0.11738684233889983,4,0.004543726050075929
550,0.21715343786976263,0.0032266099941578694,19,0.02673938443486073
551,0.2900928304966445,0.11859925138044175,6,0.007180765768476905
552,0.19945195549574268,0.08702196360475843,2,0.002233499646063722
553,0.16378573407413818,0.007271572240615257,10,0.010919870545593346
554,0.33123183221161745,0.14020276717833502,6,0.0066975422798145655
555,0.13609593279882504,0.0532454336309066,0,0.0007816753826518467
556,0.25233158712220805,0.036265115982008586,17,0.018902851404566053
557,0.1462544923204931,0.0010734292536909162,7,0.008154204555579645
558,0.3456491073510403,0.022158049931743903,19,0.021228106455537223
559,0.3209004331705807,0.15459148083157093,4,0.005353089068284936
560,0.34928047958501063,0.23429126903435538,1,0.0015481888547446564
561,0.29894929398962944,0.09441074031196472,9,0.010245608822477954
562,0.255918388353911,0.07771989419677273,9,0.010327620155792085
563,0.3125409840256467,0.1415334176821135,5,0.006083533912562554
564,0.3365713836985573,0.22595708423956307,1,0.0014246466692240847
565,0.3362326979976446,0.0935167088612408,8,0.009461224989975365
566,0.20929579475439444,0.11360145131136185,1,0.0011789168909768937
567,0.2668798546208916,0.12649318780820745,3,0.004259243779781591
568,0.32924763187391815,0.22854421725534046,0,0.0010693808094076234
569,0.34973366741094974,0.1552500456079848,5,0.005895672776993961
570,0.17135950977039086,0.025359573573209608,7,0.007607327639083305
571,0.3039962200330137,0.1620722316670646,3,0.003707321279538099
572,0.3426679989191233,0.13065873399751057,6,0.007141256587004386
573,0.32759222086197615,0.1418279258635349,6,0.006542782572359084
574,0.2747433032313052,0.026594332150671553,19,0.021903469754812166
575,0.33575032044261066,0.18643222582724836,3,0.003665042313160394
576,0.10306631820293556,0.009178911670002135,1,0.0012722691741842821
577,0.34437456602170013,0.07603227493968705,9,0.010511748915328802
578,0.22191522341359676,0.1174652412746909,1,0.001591191097357451
579,0.2517409158888502,0.15005697217778438,1,0.0013464868066958415
580,0.12652537469530917,0.007500490728630571,3,0.0033353494445431814
581,0.29103464961306996,0.05185293760800913,14,0.015950166882519767
582,0.17206931938421524,0.0514525846052243,2,0.003202491896708948
583,0.31449647098953915,0.21009239126898238,1,0.001256180781994501
584,0.3463458522895213,0.16227355883194944,5,0.005534879373887357
585,0.3473512118616857,0.22570737512273004,1,0.0018661826539902772
586,0.2854434261164564,0.029776214154789704,19,0.02086795565916437
587,0.16638905331913775,0.057560107326820015,1,0.002099889710917183
588,0.2923038774949972,0.22362605733357646,0,0.00035473138415119295
589,0.31058495448080004,0.07927071285258447,10,0.011673592528800633
590,0.2841935429902366,0.09585176971724782,8,0.009650969032160598
591,0.3056875648095041,0.09031008656440372,9,0.010658674661633777
592,0.20078841248066273,0.10290272086320795,1,0.0013013374774307146
593,0.16578470145981083,0.05633746910543769,1,0.0021519293151008585
594,0.3406162663707227,0.2408609449359375,0,0.0010050508358946963
595,0.10061370273023604,0.012631459414193235,0,0.0009994458677291603
596,0.1034080044361456,0.011069615022222833,1,0.0011935588395609314
597,0.21529057844683577,0.1192175312016589,1,0.0011828369043057202
598,0.10739573911191648,0.01303067125651917,1,0.0012919201497022372
599,0.31210360048454816,0.012592557809534189,19,0.026048386278190717
600,0.3214885536080181,0.1346274434714252,6,0.006958033774904919
601,0.27001485333598185,0.06954418174000047,11,0.012857479093682825
602,0.3438825710229485,0.23783691301246357,1,0.001213251106987473
603,0.17842703971432025,0.03424762892224122,6,0.0069779850402307145
604,0.23297985202412314,0.08534571533220672,5,0.006052520940692865
605,0.10600293850494952,0.0004899136927488703,1,0.0020295719382082385
606,0.3460886710608178,0.13497072738054605,6,0.0068649375681266184
607,0.26469767452203224,0.15076146598651619,1,0.0019748120251799534
608,0.24560584142225353,0.07872979306760441,8,0.008921338999947117
609,0.3491420296142208,0.058011653997901244,11,0.012444007351011083
610,0.14633788210358267,0.023117413310111783,3,0.003745218487876511
611,0.18655827403959904,0.0912124945960407,1,0.0012098553964190774
612,0.341442869955223,0.16559103274500905,4,0.005264875795613589
613,0.3006328631194265,0.15574479209801156,3,0.004033207171025785
614,0.27870923921118296,0.1707543027594839,1,0.0015593188028803625
615,0.14715608905998812,0.0023685363120676123,7,0.00802013859518506
616,0.2351047034429149,0.13343126308441428,1,0.0013976674142640408
617,0.10488045087163692,0.01642118093800618,0,0.0010157152478098412
618,0.14763070681482995,0.009296673804807648,5,0.006415839207011711
619,0.2886060930855959,0.1960824437055132,0,0.0008931565969730846
620,0.18974604415209817,0.04508229751296475,6,0.006762745030136439
621,0.3152704945792635,0.1617840638883674,4,0.004451853249968594
622,0.24097512322770764,0.13708425511004008,1,0.0014932928275836952
623,0.2733054311518066,0.11360806817351177,5,0.006453345269290542
624,0.3040926376365644,0.11859954213743257,7,0.007891337848450582
625,0.3403445389603948,0.1764755185836458,4,0.0045387070668658595
626,0.3417652380611525,0.22320686354743877,1,0.0017550862200868846
627,0.22796221848928577,0.11466635667034553,1,0.002143240182130826
628,0.34225406988479495,0.21810874387542492,1,0.0020312488058717272
629,0.23327840256446358,0.03792164307189911,15,0.016719405700165592
630,0.3224314393347646,0.16015328527133496,4,0.004974406099601019
631,0.14259104356257868,0.0026338005863411505,6,0.006898846294504447
632,0.2149246268196874,0.06608107064922293,6,0.00682620573152474
633,0.2906233541907251,0.19562232323550935,0,0.0009712051169147146
634,0.09545712457769931,0.0016967316871271498,1,0.0012745136890860746
635,0.33669137362917145,0.06638617754080053,11,0.011954159869446946
636,0.1122895386041639,0.007241054396835972,1,0.0019767392679248754
637,0.1869966988662029,0.003227322042602093,18,0.019605641222390894
638,0.32100877250774,0.09633628767691128,9,0.009813246651824687
639,0.1357573055147623,0.038942271722192764,1,0.0013811530220247874
640,0.13893582516716774,0.01498687187259704,3,0.0039129931767618925
641,0.16903995685801726,0.014879530266011451,9,0.009913054550806261
642,0.1037201180406099,0.012504938374134794,1,0.001139341516792222
643,0.3492027283713838,0.08705195836346806,8,0.009317643403808258
644,0.2258989260954387,0.09242460951292618,3,0.004158267129270188
645,0.2677975330933671,0.15485719220181537,1,0.001894501427911337
646,0.20497349486908922,0.06389898776390268,5,0.005689888877394412
647,0.09984943306314814,0.012540025134843515,0,0.0009724902914372087
648,0.3069007936692054,0.19708164325331257,1,0.0015258818873489762
649,0.22903090697465717,0.06450139798682886,8,0.009418246469619813
650,0.23080566872130467,0.079569065202472,6,0.0067291504238127095
651,0.32430464107876267,0.22421409127774775,0,0.0010623240806124274
652,0.3365774222612424,0.14246000120961705,6,0.006583453814147228
653,0.2790738884298048,0.046689144444186835,15,0.017095198288330452
654,0.2850963327404783,0.047265287485919426,15,0.016910535569262666
655,0.3487702706963555,0.06336089219982834,10,0.011716719960754855
656,0.21134578280932392,0.048500312794042974,9,0.010074093065810797
657,0.1769341968020829,0.0009633989484957445,16,0.017457900546979592
658,0.34976727119046686,0.2514897952317911,0,0.0009343390723560967
659,0.16474603344974012,0.007953207254541128,10,0.010962133570923226
660,0.3056676540611852,0.156145373691715,4,0.004341577237500177
661,0.30003851444698015,0.11339229054226582,7,0.00827590454433026
662,0.16478269158394132,0.06993690620436624,1,0.0012272098498052038
663,0.1822027424111229,0.07498991841132127,1,0.0019158419997974195
664,0.2863560868908277,0.16757554702378674,1,0.002146868580688342
665,0.1922673835646841,0.06148080148411001,3,0.004297996764684246
666,0.31648349069241966,0.19461501102861792,1,0.0021105328554081823
667,0.22836462929266493,0.04365227911739221,13,0.01442099057162241
668,0.3208957189617424,0.201298627894183,1,0.0019489029724638722
669,0.16109913625978733,0.03847592226126215,3,0.0035375506077963774
670,0.34519849566421307,0.17470128026779277,4,0.004803693023627361
671,0.1986001233536336,0.06975355455586668,3,0.003948082667747007
672,0.24656804532441398,0.05877988307860545,12,0.013118970830598537
673,0.12020275964275491,0.013352426073379239,1,0.002100750979400128
674,0.302218242740293,0.07022354889209768,11,0.012947270106857896
675,0.3060184330988176,0.17693076056331927,2,0.002673698349762803
676,0.23901278758851166,0.04863699386181153,13,0.01461088531143704
677,0.10145140569009553,0.005426215605296823,1,0.0013906150837257386
678,0.1907367432943354,0.1038744456340142,0,0.0008611275009494401
679,0.33638326166626226,0.23406155200556178,1,0.0011043169236428685
680,0.30348186932330296,0.15553101021547866,3,0.004249736033036192
681,0.27837467360244317,0.12866666089376116,4,0.005051040146557658
682,0.26097281971099207,0.06530346897667261,12,0.013082612069015726
683,0.34360423126036177,0.2265714912373481,1,0.0016719039187777201
684,0.3113188263596216,0.15085717639124996,4,0.005176939526525808
685,0.21853710955486982,0.10851940324378098,1,0.001957678667776936
686,0.09239640980647447,0.00301067536339752,0,0.0010665279693081874
687,0.1400074756899971,0.0003281752836430604,6,0.0068881653579071275
688,0.23713481649724447,0.10845658797095337,3,0.003444124488260197
689,0.28880117779402187,0.17782007193013086,1,0.0016714651427268761
690,0.34859421840997057,0.23850620827409258,1,0.0013489735793974886
691,0.15534759325457984,0.04278280890375419,2,0.002469940432177864
692,0.3315835232980573,0.048889641143778216,13,0.014826623644515728
693,0.3104480096692066,0.20695175201546162,1,0.0012335380012224637
694,0.31127997094493354,0.11249369166503029,7,0.008608679077062777
695,0.23298687451643404,0.024762917239777468,19,0.020650178194838456
696,0.263009719107414,0.05540374929814111,13,0.015109263137970064
697,0.3168611118058913,0.12495729203651264,7,0.007635137297831006
698,0.21864926454977257,0.11316197628735292,1,0.001664132907326217
699,0.2128429368108171,0.035371047774973075,12,0.014027332887188385
700,0.33749457188494497,0.1625179795693699,4,0.005363687341598852
701,0.2786118682924806,0.06300315293036318,13,0.01418937927891426
702,0.09688687095235618,0.002303977490401489,1,0.001316593960385078
703,0.2843342280282939,0.16968745975955668,1,0.0019027575551910506
704,0.14071800766195594,0.01951630716298124,3,0.0035188745845892494
705,0.1553544888773323,0.013499839731297935,6,0.007054271141207486
706,0.1658329725528088,0.051437709030281005,2,0.0025887526153236763
707,0.3357983316448525,0.23294212744844378,1,0.001125120103411545
708,0.3195457746385847,0.2173173376170807,1,0.0011542143565666906
709,0.22432159252503975,0.0667003229935411,7,0.008202103790988345
710,0.2560178524173734,0.152092860666314,1,0.001442298700169664
711,0.27690833437374185,0.07634068776704002,11,0.012066350140327758
712,0.10130843623759364,0.012800845582184965,0,0.0010208815165980328
713,0.19032623039822663,0.04996041725653742,5,0.0059017773229975016
714,0.15346406283327366,0.04382806618792567,2,0.0022182661732656835
715,0.14175906499746144,0.02446838955425213,2,0.003032039973986487
716,0.3282574915128199,0.1413364767983277,6,0.00658768932165329
717,0.3183090431770811,0.17957987922202678,2,0.003214239333239825
718,0.18791153852870696,0.05475275149334895,4,0.004717034239359591
719,0.2635634212633167,0.03762897275553333,17,0.018976561807982927
720,0.3444604414380851,0.24297517103186697,0,0.0010508641602536048
721,0.12306351455780444,0.03491672687340388,0,0.0009857379705253781
722,0.34686703571592187,0.055627031596014516,11,0.012924098232729463
723,0.2803190075452969,0.14132331239977622,3,0.003863859808184022
724,0.23934826244275248,0.1284202644420375,1,0.0019171854524753277
725,0.28311733994270344,0.05341478835024691,14,0.01580782214352278
726,0.2368631082682245,0.12062266524331929,2,0.0023108813698180766
727,0.13096214011063062,0.001169522084167554,4,0.00494790959342581
728,0.30749510858576035,0.021697644176455796,19,0.022688700764755983
729,0.13651891266080632,0.0057737766203054125,4,0.005053177016225095
730,0.3370400882436853,0.015628869729848713,19,0.02409406826503124
731,0.23793298831878232,0.04304728155430028,14,0.015907601388223197
732,0.3080506952930377,0.11593997480130827,7,0.008253646643622466
733,0.1561361310612017,0.003446530580909742,9,0.010036455315053733
734,0.3388490920824293,0.09212015317725299,8,0.00944409722398431
735,0.245055495246808,0.14270071499140055,1,0.001400505038151207
736,0.09429187335281743,0.004700374713464008,1,0.0010740447655811299
737,0.24514105959270563,0.12465271130528967,2,0.002590667382601282
738,0.24604717899140582,0.0948235382281846,5,0.006214974234517523
739,0.2795820439881672,0.1873798747846526,0,0.0009003456268278433
740,0.22195545361307506,0.09055446840550276,3,0.003957781670977335
741,0.3239978903589524,0.1717229658409034,3,0.004138640265477548
742,0.3243430793500154,0.22304478120123375,1,0.001105073071273392
743,0.15744672054725048,0.04210006802270123,2,0.0027299072204690325
744,0.11253835407406165,0.0002356486598301317,2,0.002632241311960707
745,0.20120197960514102,0.06609407575706688,4,0.004796065383656555
746,0.14381286408411506,0.02045497997929299,3,0.0037861653645469215
747,0.1872776439390396,0.06119165739889804,3,0.0037245263792768765
748,0.2807934911349473,0.11046917749789457,6,0.007514629988309172
749,0.33070386528875845,0.22936335295510812,1,0.0010873294556777925
750,0.1547717076464847,0.029054511664862365,3,0.004019327858970272
751,0.27011456781330223,0.10267837175872127,7,0.00767057828947366
752,0.32270132798720547,0.08254586108145093,10,0.01092241436655588
753,0.27287112890731946,0.034824220932106915,18,0.019737565697792555
754,0.14480282107344677,0.0500023368313812,1,0.001259404494351727
755,0.24217273238575424,0.07602214823065993,8,0.008982857614287382
756,0.12217331206501512,0.014243986732439064,2,0.002185786355757442
757,0.17018475411512562,0.08842332818103495,0,0.0007197662635949436
758,0.1341968634570275,0.025652424239726315,2,0.0021982964977712042
759,0.3022167613954818,0.18252238879503246,1,0.0020888535364250154
760,0.33789069592173493,0.05624832677706694,12,0.013280580740201876
761,0.2237705358628593,0.03722703344551006,14,0.015498351712302742
762,0.15732000317397488,0.035834128955524736,3,0.0034252707653025325
763,0.34916830909096425,0.21984371584393791,2,0.002243687380759434
764,0.21700700991325203,0.10713790094912454,1,0.001954603828403082
765,0.3380461676928118,0.030644857475501053,17,0.018750026383005623
766,0.1460768202488652,0.018811104876229758,4,0.0043456308302074805
767,0.3364153388720688,0.19435442734846392,2,0.003163433134496352
768,0.21726758573072866,0.10047631138603072,2,0.002487381919777644
769,0.2842352975619929,0.14249504499885096,3,0.0040627000713401775
770,0.09156530639742165,0.0012315378232176258,1,0.001110046003505971
771,0.25490829358189093,0.04132042292356078,16,0.017781532355506516
772,0.21855205862085678,0.09682684307487069,2,0.0029283730490354213
773,0.3361028121533898,0.12488294712914516,6,0.007575210935035261
774,0.15194725019800687,0.010153200220801496,6,0.007124060192779859
775,0.33838470011979216,0.03900529169945147,15,0.016550995994553137
776,0.17602950666792372,0.08224716268137719,1,0.001157288815141741
777,0.28189266619738623,0.18593487501255154,0,0.0010250518724165835
778,0.19494060554713583,0.0959232553171172,1,0.001373083007446941
779,0.2893142313199656,0.12199490009796847,6,0.006728745585378521
780,0.1858573701214587,0.10263005427085743,0,0.0007491321549527084
781,0.2504291626428076,0.04758897391933653,14,0.01601268803501425
782,0.15963365606597676,0.041073743654054425,2,0.0030604504922666304
783,0.18351700162455808,0.08254662338915945,1,0.0015099283030160738
784,0.34453623176580583,0.16596192765420842,4,0.005304721729564604
785,0.1117074044766889,0.01956771236665139,1,0.001174507428449005
786,0.317682452578724,0.19137459882925636,2,0.002369882145960521
787,0.16876804621077948,0.013146724001901889,9,0.010376537075138298
788,0.34053573225783296,0.23759756507162189,1,0.0011127352509140253
789,0.16207034594648634,0.06992478563025983,1,0.001106798334866666
790,0.33222463868286434,0.11754185133129996,7,0.008076510465139892
791,0.13060680276286352,0.02312536562233509,1,0.0021209052691885757
792,0.20736527901796648,0.09003871062267658,2,0.0026025367415403434
793,0.2027947789174099,0.10817273818927368,1,0.0011446998532693117
794,0.2712888068318461,0.15703809506299604,1,0.0019559926250995157
795,0.32346112726780385,0.004022683060785917,19,0.030060910870079473
796,0.2120615730380515,0.01705099861808007,18,0.020112395075414683
797,0.27877874806060854,0.09536140209937156,8,0.00940918386797794
798,0.3103210536758623,0.12427548102321692,6,0.0075518987144732146
799,0.27418402844881656,0.17217042431452634,1,0.0012906327641418285
800,0.1860873684144776,0.04829267310161549,5,0.005524084288900897
801,0.16369484335141513,0.018748816188456075,6,0.007579666449644367
802,0.10343388413224114,0.0005822553367480546,1,0.001829747288381776
803,0.296827408055907,0.04898733263082613,15,0.016298156072904284
804,0.17873313818506714,0.0415382069085871,5,0.005561878723159651
805,0.27544917312519857,0.1440534190774508,2,0.0032228064372305993
806,0.3170990153099436,0.16311615916193362,4,0.00444649799158925
807,0.24934557979363162,0.09357046176141104,6,0.006813417287437897
808,0.19933366052249601,0.015469618600638474,16,0.01785143008569333
809,0.09999655870453415,0.007203706106773792,1,0.001219861758916451
810,0.14170030447011597,0.014330267949590716,4,0.004409817343375257
811,0.3116663172619538,0.08887583526129733,9,0.010695266060451866
812,0.10723371718932284,0.018828111162357313,0,0.0010113614217432244
813,0.1495118639875199,0.057770190412509095,1,0.0011072856752022797
814,0.1775145144493465,0.014073855531832491,11,0.012449363392625094
815,0.29447723269155945,0.19667705775127373,0,0.0010613980145205589
816,0.13135744918756248,0.02106396217257925,2,0.002363620486209944
817,0.3018777731705639,0.13018167311708365,6,0.0066277931065912
818,0.27644013312757715,0.04337530597904313,16,0.017785401100585112
819,0.10074263006972599,0.013398574368038558,0,0.000973178951252635
820,0.18531378473198168,0.010846561484954255,14,0.01587774451752733
821,0.24974626676686887,0.12138313296176217,3,0.003259048952577848
822,0.24376951993986556,0.05179904269264428,13,0.01439988133797506
823,0.22932404637457604,0.054756533960205314,10,0.011709653712069472
824,0.3011221077586075,0.12384264152114063,6,0.007238983543617587
825,0.2924985973537887,0.16031147827156703,2,0.003069323073859431
826,0.33417662074990656,0.10325907801735719,8,0.008890843966259243
827,0.31514010021448957,0.20466115829798556,1,0.0015185896744769824
828,0.34976546559686167,0.18970702957663294,3,0.004040249814214406
829,0.18832598184294647,0.06273159332312626,3,0.0036509937895361196
830,0.3450543590687109,0.1624019920746464,5,0.005513575190475543
831,0.31337504023981944,0.213677105065805,1,0.001079444342582361
832,0.3145927307068725,0.12433313356340464,7,0.007647841229270579
833,0.22931410818585823,0.07382069907396328,6,0.007563494284721453
834,0.23097446233809732,0.09249209831471751,4,0.004730864301377994
835,0.1354483468030789,0.04991083123530532,0,0.0008741598017942357
836,0.34441248896167326,0.08666245328644234,8,0.009585446577194791
837,0.24845604736519494,0.061188540630305946,11,0.012802107997799135
838,0.23809030642733953,0.10875520627782924,3,0.003502297751443994
839,0.13087010251906456,0.044440182696929426,0,0.0009112135855678039
840,0.23697035099717062,0.04358783395108323,14,0.015648518223086303
841,0.34777535227895245,0.2420877130827348,1,0.0011858828864382595
842,0.3289386722668452,0.11502382789556434,7,0.008300575005489896
843,0.1070436767270132,0.016963832124904397,1,0.0010839749349207733
844,0.1369582361634802,0.014306871480246827,3,0.00374482415905985
845,0.3354387319743457,0.005936576696226226,19,0.028829108871497915
846,0.12087371863142628,0.011114140153258985,2,0.002353079232597347
847,0.19835797118664553,0.07737441670626115,2,0.0030272555445892647
848,0.25856652515843653,0.07525174949437508,10,0.011041597770341409
849,0.3460753283119101,0.2155574464158615,2,0.002339206140139843
850,0.2496352751521742,0.06289717018618865,11,0.012566095323853863
851,0.26099979002403717,0.1555950888758888,1,0.001499498991896435
852,0.28432212354207526,0.19466108936215407,0,0.000812401805955503
853,0.3422648789847934,0.24225228659876583,0,0.0010088005002319128
854,0.34901521333902297,0.01718262157623296,19,0.023072526050144
855,0.1580577080883343,0.036083136936952295,3,0.0034807810056509034
856,0.2924413178145322,0.03691261364117587,17,0.018909083472836805
857,0.3192343935059346,0.2039844951319403,1,0.0017298711800088679
858,0.1754567532724656,0.004275797920337082,14,0.015562082086523968
859,0.11090711200777566,0.003927523792267914,1,0.0021383283528552655
860,0.3295731274257955,0.17857290191143513,3,0.003915227735115536
861,0.27043384037175666,0.06607187336113719,12,0.013465858700587835
862,0.10194252484193833,0.012069806786635422,1,0.0010796578690425147
863,0.1655007600822665,0.07138746666228579,1,0.0011909589703051721
864,0.33972908182617517,0.23917058029451593,0,0.0010339466904279076
865,0.10682950742171679,0.0013779259121231063,1,0.002022547717130435
866,0.2783567883737849,0.18322064204585975,0,0.0010034872596625553
867,0.22470310527401666,0.07448556560881567,6,0.006756048051569908
868,0.1398488439633618,0.050713685949017255,0,0.001008120041410911
869,0.09768261231763208,0.00010046653391163247,1,0.0014872020794006772
870,0.3003924944602128,0.2035710316226077,0,0.001011391586895596
871,0.1562859053725407,0.016344713022014703,6,0.006590382692674874
872,0.2210276050676805,0.05762460663444232,8,0.009635255334029206
873,0.3037219410363386,0.04575349307266291,15,0.01665810050135615
874,0.167011507794847,0.0341941719414528,4,0.00498901310020614
875,0.3081060893908509,0.05349174458117669,13,0.015113025177187043
876,0.1076141794802213,0.001394338824753164,1,0.002083458466360381
877,0.13593704026881015,0.010432864240859967,3,0.004173610323037952
878,0.2014441639892023,0.10495061337875815,1,0.0012326748821976658
879,0.22852168401780926,0.04091682069261603,13,0.015200868407450422
880,0.12879167158025306,0.03930080068784255,0,0.0010354581140680041
881,0.3056416996580428,0.15198993726043517,4,0.004720734078667074
882,0.24925620574491994,0.12102738402690037,3,0.0032516923654402554
883,0.26798352798742575,0.12230568169603309,4,0.00484421398999236
884,0.23717991245838901,0.025737583620820282,19,0.020779638194343766
885,0.25386059746880996,0.06827338479906193,10,0.01190755185102831
886,0.13399948975258247,0.009430432498220308,3,0.004048661367573624
887,0.20849424992093216,0.10858938031979988,1,0.001384051243100905
888,0.3165601789357497,0.11899863515040214,7,0.008108329200456975
889,0.3190322698900102,0.22250526821914407,0,0.0009560734379206133
890,0.29533333140710827,0.06538999731237613,12,0.013745953485935176
891,0.3483117579705357,0.12073890065747007,6,0.007436474506103367
892,0.09274775777630914,0.003629235294218635,0,0.0010544636500956722
893,0.34565538329813617,0.24261968388306748,1,0.0010996267952326716
894,0.2360617768122016,0.08670611759123166,5,0.006238323440537987
895,0.19109424275997094,0.08320483344229682,1,0.0019289849557019918
896,0.2582276352424939,0.08911790602319485,7,0.00858123346335905
897,0.18550542417048949,0.06384469436726461,2,0.00321013656690924
898,0.19536600503268345,0.04555994342164906,7,0.007696661847872232
899,0.14519402694841865,0.03242035874499493,2,0.0025382394025563523
900,0.21778870725634414,0.011036087735618497,19,0.023514735576149106
901,0.22259053265033765,0.0497731508398345,10,0.011828830926805622
902,0.2662805119071482,0.12706381058240154,3,0.00414184975390055
903,0.29245689619587967,0.15185789944842337,3,0.00379927558641029
904,0.20275911280152448,0.0901820015093819,2,0.002227615070149092
905,0.25785944975897196,0.12624079462136487,3,0.00347872794805978
906,0.20751181847162117,0.07052419261189787,4,0.0049691157511564015
907,0.32297678026778126,0.19995516413352815,1,0.0021257573310302876
908,0.2529489673125322,0.037267187215364664,17,0.018679336033155268
909,0.2617365401652356,0.14793705693702178,1,0.0019832772049233906
910,0.09314858349586652,0.0018005754420939786,1,0.0011561567954466731
911,0.09086903936243491,0.0011505323058772319,1,0.0010826680390675384
912,0.1024525348361056,0.016413978125300495,0,0.0009203861918256949
913,0.3108105710995855,0.14872360825993214,4,0.005341272800836799
914,0.15198205643149848,0.021259627646103608,4,0.004845124337996415
915,0.20785394107750085,0.034008749771594786,12,0.013404600361421796
916,0.243022561878991,0.12009230429053205,2,0.0028198777715023366
917,0.16969368599795373,0.08010488315285316,0,0.00098898584215925
918,0.3217041858371797,0.09513542156748592,9,0.009888046212630808
919,0.32932265262684823,0.06169022094503054,11,0.012925247256387044
920,0.3421773747115095,0.18333097586602035,3,0.004158597612097397
921,0.33537928196315653,0.23096940082325165,1,0.0011830785048812344
922,0.19751254915606561,0.0019697105623546485,19,0.023154109878488406
923,0.2978165599527183,0.16912780714418843,2,0.0027346031531414686
924,0.2639710680958014,0.138709221175383,2,0.002820070590685236
925,0.18880656104146012,0.09918632624691465,0,0.0009634749942445326
926,0.20790723037424053,0.0718926204757221,4,0.004813756498679859
927,0.3401389724397114,0.14987119069903365,5,0.006170474249730106
928,0.13608059222445937,0.0008107015934122191,5,0.005958873064728768
929,0.3291308894415981,0.18557730106922277,3,0.003386740660559171
930,0.34547942146272026,0.1262626022429466,6,0.00727710906045552
931,0.3031229105985238,0.08669570068383091,10,0.011056010641745018
932,0.32587744887505093,0.1758498187450628,3,0.00392392451602676
933,0.13856475162731224,0.0035459936326801417,5,0.005864310047496165
934,0.30152801482370806,0.16552852280624683,3,0.0032544803249405256
935,0.22796633800422675,0.10597575040353899,2,0.0028704380523079396
936,0.33674015891147135,0.21549825196559735,1,0.0019228967758671744
937,0.2939158716646869,0.15981017887114035,2,0.003207905596418374
938,0.08911727743380438,0.0007115228920153296,0,0.0010265248017795217
939,0.2882959211157059,0.18401835169639483,1,0.0013442400062082715
940,0.21338886208629704,0.10500968279920615,1,0.0018692018152857775
941,0.1550328542326798,0.04115719413677236,2,0.002596466125873241
942,0.34630626393463515,0.20522781299844414,2,0.002949143799662442
943,0.2815477842004835,0.17629715158617626,1,0.0014139932873234338
944,0.21332591351072355,0.08445818906477766,3,0.003763645326935185
945,0.21478084028533825,0.05988973246003548,7,0.008052265925890902
946,0.19415968122368285,0.10289208935262346,0,0.0010195428349877623
947,0.17729250388062898,0.09868455821338726,0,0.0006267343930829068
948,0.25934034517475574,0.15220039942435462,1,0.001598203886643452
949,0.32628671460670744,0.061919975516971495,12,0.013042750362465263
950,0.24111524410613402,0.07916284888432172,7,0.008242806220379387
951,0.3151639838242317,0.1939226674213147,1,0.0020840584545254357
952,0.3040992276296322,0.10705420146576457,8,0.009020810946949643
953,0.09114794878919946,0.0015422995643326475,1,0.0010773709947456249
954,0.30778241270157786,0.14220498965081574,5,0.005775099631239903
955,0.19224394087844804,0.01052733074615475,16,0.017968386771364496
956,0.21385847948298853,0.07802700330192902,4,0.004679449085555491
957,0.22693363430692445,0.11080012106079637,2,0.0023681418468004148
958,0.2349713017478798,0.10641502284478963,3,0.0034577105011608517
959,0.343445723931849,0.24005150088563798,1,0.0011192428495079916
960,0.3420713913230203,0.24140845718821757,0,0.0010306352370749341
961,0.3130860675212403,0.14819495456333479,5,0.005514121328176571
962,0.2504001831799182,0.09436467149542772,6,0.0068142621918655406
963,0.3384364262514223,0.11813055200760866,7,0.007885445115292714
964,0.1477020620708425,0.05409343001955636,1,0.0011962155379000568
965,0.3314918271366062,0.14677103887657922,5,0.006270582531396296
966,0.2955762427266936,0.036706341736184235,17,0.01886201195957419
967,0.13891204547647512,0.029384898187984624,2,0.0022660811478926544
968,0.3127159389747027,0.029152563764696805,18,0.020193537143605948
969,0.10766565455827216,0.019826423156758984,0,0.0009875357857078335
970,0.2757333558704348,0.03328808019695845,18,0.020103784379110087
971,0.14992751318014003,0.03398345902177573,2,0.0028352119479156464
972,0.23083845674981146,0.05988389038935966,9,0.010736338819245211
973,0.3435074256272783,0.23520566985103314,1,0.0013005162062389565
974,0.32050411419703106,0.18758036448486373,2,0.0027725065949219486
975,0.20564908268223514,0.07569813030788834,3,0.004000086985615829
976,0.13322126199067846,0.026674962752414426,1,0.002036613548561202
977,0.20615803421640763,0.06354978471752494,5,0.005929751524812441
978,0.2027121091976306,0.047711170710631384,7,0.008602566598856701
979,0.308382156826845,0.181628173726088,2,0.00248845108540556
980,0.32419816238436816,0.11295957204260532,7,0.00852129503243544
981,0.16606325731780747,0.07470166666274411,0,0.0010668501258454491
982,0.285149254925003,0.18510406070148433,1,0.0011735579020617877
983,0.2212134143188591,0.10320792733964221,2,0.0025642164571820785
984,0.16315659502742064,0.06794552374530376,1,0.0012479967989715408
985,0.3293251046219783,0.22102759010258233,1,0.0013591644596184877
986,0.302475903148726,0.15476409252874077,3,0.0042506661176240365
987,0.3461023528909481,0.2408012328453426,1,0.0011779387467451042
988,0.2994263859971881,0.12684733795412137,6,0.0068367300646801
989,0.09135146250980272,0.0001829897913156849,1,0.0011492904823687368
990,0.2355584519273859,0.05329636880263013,11,0.013006421273114814
991,0.15781950183165983,0.007401864933076285,8,0.009265720278348996
992,0.0990042702552751,0.004592713620643094,1,0.0013048426046399367
993,0.14901878533109972,0.00509547313474219,7,0.007736998123786576
994,0.2878798308676217,0.14771451156654314,3,0.0038415597049870852
995,0.3479451339972724,0.11812858980804639,6,0.007569390119050217
996,0.33292537829795465,0.14935842025057053,5,0.006123633178006147
997,0.29885525629641585,0.04656939337423209,15,0.016679087163917628
998,0.1679713973207917,0.0037690779487654508,12,0.013417269544666877
999,0.33486268067899705,0.14510343294932992,5,0.006417859925887872
1000,0.2952311431986795,0.12127299662849912,6,0.0071976290846732
1001,0.17210384059809694,0.07993786889579552,1,0.001092124735794672
1002,0.30326443194318914,0.08506302578225976,10,0.011226675134436308
1003,0.18460967309351556,0.06487221184426094,2,0.003006604639111316
1004,0.16525503055418123,0.009074454050007818,9,0.010733478012041454
1005,0.2611220323433632,0.12037159604817282,4,0.004414969793217595
1006,0.3367478787721161,0.1640117734905643,4,0.0052454713726271356
1007,0.09491192643526988,0.00523218172516355,1,0.001077439935835824
1008,0.15755513810430982,0.013558170566691355,6,0.007519093514050325
1009,0.2729917839617926,0.09419055721232797,8,0.009165808872104
1010,0.09835619355562665,0.009693815502424813,0,0.001029999127618339
1011,0.3060225622832764,0.11748340561711211,7,0.008059537389070752
1012,0.2399279892754357,0.14810299823730325,0,0.0009619511073017783
1013,0.17487840055061957,0.06735952288689488,1,0.0019662149026590963
1014,0.10221931080425643,0.011159620887397262,1,0.0011335977562942888
1015,0.25686113599828087,0.08634938678281759,8,0.00890026663706237
1016,0.21031583525674338,0.12014128470379683,0,0.0009517886636261162
1017,0.2234810299477248,0.08525016008064056,4,0.00484361746305482
1018,0.28680814345121547,0.0635117799645217,13,0.014132322715092715
1019,0.1435954112378077,0.028616541268023387,2,0.0027683335755922006
1020,0.30928815439824475,0.17236085890130254,2,0.003213705428230381
1021,0.13448894317002463,0.01035717739612417,3,0.0039788985228906
1022,0.32100890845760965,0.14681630692551015,5,0.005988608781406277
1023,0.19664188206671898,0.06270178643189958,4,0.004695771015679854
1024,0.17991796784540479,0.04365452657058476,4,0.005371338342077673
1025,0.19884699215198157,0.027954205939607138,12,0.013283877580369781
1026,0.21582644808460943,0.04788330450980268,10,0.011085449127478223
1027,0.13633731082330017,0.012656385348358626,3,0.00389669553980001
1028,0.11349861980314642,0.013599750310996707,1,0.0016061882267021947
1029,0.2974133221481146,0.19558304636720775,1,0.0012088667054301501
1030,0.3253823957542361,0.18361463164190375,3,0.0033230285111452446
1031,0.24364455923796188,0.12932215674899447,1,0.0021258570707432646
1032,0.12712405123684917,0.02071312171126963,1,0.002044353188876714
1033,0.19995347560652413,0.0960193984872591,1,0.0016359706258978317
1034,0.21778642615914448,0.08662908954732088,3,0.003986768909930518
1035,0.3223490362230564,0.2092476085362264,1,0.0016066724179870566
1036,0.20988448392035494,0.06237877572440157,6,0.006731343775356841
1037,0.11029712006189189,0.0046252718954481135,1,0.0020315703506554603
1038,0.19963734342595832,0.03547774554603586,10,0.011166427405290608
1039,0.11920923844694394,0.011554664801306215,2,0.002171490095613022
1040,0.13527011411433923,0.04614081291580892,0,0.0010130941406814081
1041,0.3444288296138412,0.05527832705668276,12,0.013102123194494589
1042,0.22273001053595026,0.0876975937891451,4,0.004413412618073283
1043,0.31032227839399146,0.05934519788786345,13,0.014122272506645371
1044,0.27710519692073166,0.1780223268629465,1,0.001157300634308603
1045,0.32836094919814657,0.053858306949371236,13,0.014131311280054766
1046,0.1630529679713188,0.0534397856318378,2,0.0021768857560716163
1047,0.2365717759182878,0.054253994235421946,11,0.012916727697187842
1048,0.3360282293993528,0.20965194184075708,2,0.002204953993491013
1049,0.2545191419335521,0.11663541774036214,3,0.004208484495280276
1050,0.3129128846417142,0.16557331940974204,3,0.003989567943362882
1051,0.25323637476543837,0.08660429077907333,7,0.008443586175705616
1052,0.25227657136452913,0.13278545229342495,2,0.0024532377280861066
1053,0.1595826330986,0.061636647579755975,1,0.0013972207023425253
1054,0.16542307437345016,0.0014568291325846097,12,0.013515258213830152
1055,0.12398123885076812,0.03585033702598886,0,0.0009841851445556624
1056,0.19747730640172229,0.013391534878297723,16,0.018200748502628667
1057,0.3243016951474959,0.16752487445212974,4,0.0044822957967104015
1058,0.26842140481367244,0.047258694172452945,15,0.016924355537462802
1059,0.23250880320883305,0.09407786878409795,4,0.004693641149215848
1060,0.13351384661110374,0.00683195050697489,4,0.004384152582124399
1061,0.16785972532444293,0.02260526098031449,6,0.007532347382074146
1062,0.19457952258289948,0.014680685441520326,15,0.016936262515818028
1063,0.21023695700546277,0.0284382872901097,14,0.01569230627602178
1064,0.1802928661084451,0.09112187340678968,0,0.0009583291111920861
1065,0.3041020877573975,0.050482915424496094,14,0.015777908172124915
1066,0.31731803504888556,0.08063141999188966,10,0.011310921261648224
1067,0.30410345345887324,0.12182752354157923,6,0.007573500306135663
1068,0.29193673303161366,0.03890852269432048,17,0.018470621176816863
1069,0.3014536569424902,0.02351720924664986,19,0.0222732747149194
1070,0.10980741738139412,0.020229831354516746,0,0.001059054730567011
1071,0.2277260083044284,0.13112555653723282,1,0.0011780206080221835
1072,0.24401242781938218,0.08479288399674714,7,0.007611324574673126
1073,0.1732074507222981,0.05425464363930509,2,0.0030077406289454617
1074,0.28546386788355527,0.0739922734920765,11,0.012612744129389536
1075,0.1423913524952466,0.012199927301812623,4,0.0048779828985825715
1076,0.18694912976995862,0.06563965654983049,2,0.003158561220900463
1077,0.3247170465155815,0.030770158190125067,17,0.019264667994192484
1078,0.1733471859276622,0.021728910708556537,8,0.008991457773593657
1079,0.3162202231655552,0.05949971486260032,12,0.013848306635875806
1080,0.21812780118239042,0.02100298132977503,18,0.019792648496603227
1081,0.32386886995315706,0.22430397452111103,0,0.0010452917350388417
1082,0.3022073578056528,0.15230466978706947,4,0.004459625758009095
1083,0.29783103264744537,0.20220247248770887,0,0.0009762737887250005
1084,0.24150632822744497,0.13194279326223415,1,0.00181901856111487
1085,0.16183246262639933,0.05249541859096933,2,0.0021593047089058406
1086,0.29723702565269694,0.07212886392916018,11,0.012815303044526945
1087,0.21163071261160046,0.05724181107588992,7,0.008077555978832281
1088,0.3450172993734042,0.24414006400424204,0,0.0010291266166537224
1089,0.09715723792418161,0.008243565379919101,0,0.0010418256036567838
1090,0.21403757747370972,0.09965191273799957,2,0.002308495967359762
1091,0.27840566400848027,0.14514515682424622,3,0.003351014916010561
1092,0.20987769471784606,0.07670484232653327,4,0.004370834985993767
1093,0.2712535732022521,0.06393307475873185,12,0.013864122620325605
1094,0.1270120673103698,0.0009413388292358382,4,0.004348620532466416
1095,0.17009628704026244,0.030050112292660823,5,0.0063011213956791585
1096,0.10633163785323808,0.01452805755329425,1,0.0011644411122395217
1097,0.29654789865448433,0.04293402742118302,16,0.017471633947898958
1098,0.3401178100691342,0.21159625038816052,2,0.0022871925155938696
1099,0.15779050459827984,0.0015281716080128354,10,0.011147734525434497
1100,0.14407654328055025,0.03392278955905698,2,0.0023009676545026527
1101,0.18430653513864256,0.005950515763994385,16,0.01759614786483781
1102,0.34527173767777664,0.10497372003878953,7,0.00834453946958455
1103,0.2922268503110725,0.10187575316846659,8,0.009256992415807458
1104,0.13465715171025563,0.044898009898650525,0,0.0010401658875517745
1105,0.13092555351987423,0.02391593023180811,1,0.002081114245420304
1106,0.25110248026366366,0.08569207832874827,7,0.008347723994885209
1107,0.32714164675011,0.22357045712568246,1,0.0011798991321039349
1108,0.21311746466827827,0.08054891534055601,3,0.004238417706057888
1109,0.23387938716191606,0.058736677795159904,10,0.011468013505508698
1110,0.14068386426640447,0.03454417450201373,1,0.0019814353868867307
1111,0.18225180232454694,0.10394977603799889,0,0.0006152045494241788
1112,0.31197424028781784,0.11858193749107541,7,0.00809053949142812
1113,0.272029241934538,0.14735011434310868,2,0.0026924608738857834
1114,0.2366617665431488,0.04619685614606116,13,0.014931578988503426
1115,0.29541266785754644,0.1957812911431758,1,0.001127797431692894
1116,0.26195956982143104,0.1307676725663992,3,0.003381351889119498
1117,0.32359265038015783,0.0834945031417364,9,0.010800086138590688
1118,0.13445703247659344,0.04266590541916897,1,0.001129987744903263
1119,0.22312070653050334,0.07951322286125033,5,0.0056709599265236665
1120,0.15400188384449734,0.02201531357282833,4,0.005038389251926467
1121,0.19633513942873032,0.02652009224567263,12,0.013149221173739735
1122,0.29341093369813503,0.08910106407545262,9,0.010778392057376055
1123,0.1327205005968692,0.038637935818507926,1,0.0012422450410751191
1124,0.18086130685853183,0.027918715995077135,8,0.009038439670481605
1125,0.2814275154224957,0.14305865262165685,3,0.003783379159899007
1126,0.23656617799019786,0.029688812836228654,17,0.01950253829875543
1127,0.2583853314626805,0.14009644560239057,2,0.002315880498245221
1128,0.3017460359614421,0.05751273318014505,13,0.014715882352315858
1129,0.2996048496724964,0.15316942970702807,3,0.004196798505096217
1130,0.3307231388146549,0.18906978696199872,2,0.0032275075488564166
1131,0.2697103468950864,0.1677233068372961,1,0.0013037524042340538
1132,0.34200064025652255,0.025155152438770895,18,0.02030874371228539
1133,0.2790466840380037,0.15768114601209832,2,0.0023793672393284684
1134,0.28890958036946457,0.07515294069809192,11,0.01247968479015499
1135,0.34050615666309064,0.18428948354223346,3,0.004027088881978354
1136,0.21573933921672578,0.10279147092618704,2,0.0021857422532025206
1137,0.28282608322452096,0.18345408895850263,1,0.0011530593706578908
1138,0.28332472438225714,0.0901613048178645,9,0.010362511306832817
1139,0.34409437813269306,0.18921007862254974,3,0.003855571268238195
1140,0.29273929499658263,0.06999448853818563,12,0.013155988531581977
1141,0.31618825214696045,0.20919834668356485,1,0.0013576954861346804
1142,0.33786092745828655,0.2215910990407846,1,0.001670523196441328
1143,0.3218433787918317,0.027809465405595105,18,0.020238992019673097
1144,0.21570272537202803,0.07400314211011244,5,0.005542934128577493
1145,0.3250935788641081,0.10611082456729042,8,0.008979782780562589
1146,0.1873523569575664,0.0422894252847817,6,0.006915421260980211
1147,0.12252406397114589,0.029604925271260837,1,0.001198932419459421
1148,0.21213136567038365,0.08797231813243818,2,0.00323813771701978
1149,0.17922023057161296,0.058633968913383315,2,0.0031418071749778355
1150,0.27116271550356313,0.18762807017586586,0,0.0006624533693237704
1151,0.2652454488066517,0.028103197910518598,19,0.021465576246366233
1152,0.09546032672945637,0.007073052174626596,0,0.0010206973165539487
1153,0.32250371203583317,0.1910981558102307,2,0.002647544273372593
1154,0.22640262695393112,0.10948081224689662,2,0.002435869111716767
1155,0.2707271114086461,0.040048024316291786,17,0.018506819081797514
1156,0.26280851793542565,0.0641326060986534,12,0.013423431403005446
1157,0.24803843172430365,0.09769587011353903,5,0.0060173146120539615
1158,0.3258459484221489,0.2214816673927765,1,0.0012146038603146885
1159,0.26472987455945396,0.13015546739947584,3,0.0036780168520776134
1160,0.3269362302338627,0.1801810010378993,3,0.0036581056645906165
1161,0.1186606958858793,0.016208677047566476,1,0.0017680240405121223
1162,0.1948377804746251,0.026429046532811043,11,0.012815482167995157
1163,0.24364902394705096,0.08350482570785418,7,0.007791164638351516
1164,0.17750768627101152,0.08823834739952754,0,0.0009659051634088212
1165,0.1615195427044546,0.013419443525503928,7,0.00846909801577884
1166,0.3071328507418619,0.06321940935822046,12,0.01370213507491119
1167,0.22486112061342803,0.06322480790847482,8,0.009024225781278558
1168,0.23475617414826994,0.05492777853051978,11,0.012497325370053951
1169,0.1683851356840562,0.06099076115593525,1,0.0019815475872328324
1170,0.27836739602082633,0.06786934936321135,12,0.013409705832909537
1171,0.26995388955574473,0.03059536534386635,19,0.020816141744753342
1172,0.34792652099137417,0.059310763247636185,11,0.012315618137831684
1173,0.1752544398251462,0.08018039224593683,1,0.0012188898743236882
1174,0.2803294629367883,0.18946036479708198,0,0.0008562867451831303
1175,0.26889922023841656,0.08943523548556528,8,0.00955967582408211
1176,0.34648890557450773,0.14393369007650517,5,0.006447838053682661
1177,0.14959841425906692,0.04350986628406341,1,0.0019490406152057069
1178,0.3442010529139471,0.24297486614788533,0,0.0010430268340594583
1179,0.3107244280067062,0.18028746442724425,2,0.002716212737555862
1180,0.15901915202380107,0.005791842981447207,9,0.010080382795714783
1181,0.3322478256043417,0.204948514500816,2,0.002292439952323394
1182,0.22967543313496716,0.0749974668295818,6,0.007394912939921173
1183,0.14365726496453168,0.011851965500606828,4,0.00515283482481608
1184,0.3310680649382982,0.22939158059617884,1,0.0010980706607668382
1185,0.23743632348434163,0.05422552192810378,12,0.013042195315090712
1186,0.31704504916083415,0.056769768398515164,13,0.014213068398477085
1187,0.24903737516177718,0.11672138149327278,3,0.003674746443024791
1188,0.26292180535202425,0.11988463522499689,4,0.004646314358192637
1189,0.2832226314704013,0.07081053353108833,12,0.013041733260572728
1190,0.2134751819716056,0.047564600743879526,9,0.01072120360578365
1191,0.33932032770368975,0.13585657502186257,6,0.006934661936645036
1192,0.2829985525108395,0.06344546999749806,13,0.01415029302383377
1193,0.304605816648793,0.044798961988781125,15,0.016809436005678705
1194,0.3211563441882582,0.10943752882906173,8,0.008817865142583948
1195,0.27454315502418386,0.08131700527526327,10,0.011202753791543365
1196,0.1592677342712519,0.0665852586469695,1,0.0011350985113047795
1197,0.215368343782436,0.10903304721082219,1,0.0017286315775577332
1198,0.10163821047501907,0.013259201144910563,0,0.0010151678601047615
1199,0.32581722936077734,0.08330798080176272,9,0.010725152252962009
1200,0.3122615200007641,0.09191800459322379,9,0.010401868772144834
1201,0.26193964086958355,0.033703228309416675,18,0.019916668061384913
1202,0.09663531978552911,0.006253929581296267,1,0.0011076298977044264
1203,0.16138870721482337,8.290886909191261e-06,11,0.01279920971719867
1204,0.2690042270851346,0.027040419510894583,19,0.021789374653277935
1205,0.33584196888481577,0.19517436174693878,2,0.003080841567696003
1206,0.09525948280166413,0.009439547896476823,0,0.000917223853571734
1207,0.17924275809060264,0.031885644855390166,7,0.007682856453962068
1208,0.258885826409348,0.06007852364206962,12,0.013947185802406123
1209,0.32284147549066494,0.2035656239863147,1,0.0019178533566341419
1210,0.2050582285908793,0.007347302065428142,19,0.022563951092084762
1211,0.20921285602575349,0.020412163535889163,16,0.018271495697188646
1212,0.34324672627715264,0.06456942809524234,10,0.011844836167756818
1213,0.32668317040662626,0.05354637077197479,13,0.014263626549320054
1214,0.31414142797017636,0.13006362054617787,6,0.0071524310853619275
1215,0.33402420601981553,0.041974523194147205,14,0.01608399329298876
1216,0.11223212143167534,0.02100413746761958,1,0.0011308362681351377
1217,0.18535092987122834,0.015400223745438958,13,0.014153314241513205
1218,0.18187992779353337,0.02150035535165086,10,0.011153861300418212
1219,0.3477101252846629,0.1681740383805057,4,0.00523204488520498
1220,0.3449531588740926,0.11537829222874317,7,0.007812066046426411
1221,0.2500415019431487,0.030171709790801825,18,0.020421383110121163
1222,0.30844267975678014,0.21131333024317273,0,0.001002130798475329
1223,0.2628564033831273,0.05800360195503756,13,0.014591980698003966
1224,0.23488151016822736,0.0371879378636952,15,0.017129592838147144
1225,0.31420265474085735,0.1395298229588267,5,0.006334525894139076
1226,0.2637193587584643,0.06686065217921508,11,0.01297804823795563
1227,0.30523798837440164,0.16958402792659996,2,0.003173342284895956
1228,0.10469162632581774,0.018061693392464558,0,0.0009415861793602842
1229,0.3390833280615282,0.07354583728454245,10,0.01102988890343797
1230,0.3268362003120483,0.04332015918732818,14,0.01613555914573748
1231,0.24415807202370446,0.1477763928849586,1,0.0011303077363245362
1232,0.294722463535707,0.13707668855826272,5,0.005442124132704244
1233,0.34873127208394544,0.14618514919772707,5,0.006316416208413907
1234,0.17695911172514858,3.946166430024434e-05,16,0.01788069347940481
1235,0.1191895990271603,0.03400028287253933,0,0.000875553010512525
1236,0.30624705106878836,0.10821002049522858,8,0.00894171345128681
1237,0.10279829430705073,0.011911244486950471,1,0.0011249754442268019
1238,0.22197578939684467,0.127724667513012,1,0.0010903980202540532
1239,0.16910624883218076,0.00952094334068152,10,0.011661213227082702
1240,0.1873941883016888,0.045387386506374354,5,0.0062866553433595035
1241,0.3140386042171831,0.08812396746591308,9,0.010706396330812601
1242,0.22092876029440903,0.04334668884720887,12,0.013251149443148197
1243,0.19952608695275575,0.05562183742296882,5,0.006340899804155927
1244,0.33934704919085096,0.0988748829791109,8,0.008964328880941926
1245,0.10304201689052168,0.01395290945656215,0,0.0010442238533883575
1246,0.32809099161826527,0.22473209824673485,1,0.0011687559919846579
1247,0.09207613587757117,0.0003668213941603925,1,0.0011745905093761655
1248,0.20956278988779778,0.06311910331281752,6,0.0065388565650084975
1249,0.3090991641865424,0.12833294177363827,6,0.007141693855266759
1250,0.2407039392896846,0.12147304244018606,2,0.0025218832920530215
1251,0.19014088512510816,0.08247609617343188,1,0.00191687757531115
1252,0.3246615183026174,0.20485812166778872,1,0.0019335898551757714
1253,0.1878354829595202,0.005759525849674555,17,0.01873145893087791
1254,0.14523275181508782,0.00414224720441983,6,0.007114324958184658
1255,0.281125669178234,0.09349873628470748,9,0.009805073260642993
1256,0.3246417140530093,0.16538602941451924,4,0.0046671658142034495
1257,0.20219974264933638,0.02963885513090353,12,0.013522136486332144
1258,0.27528923664437,0.08805464734821682,9,0.010236021828641147
1259,0.2832036358671886,0.11730423854927696,6,0.006833774151750906
1260,0.1831367506011292,0.034214033508378774,7,0.007925713424366734
1261,0.33550252418961546,0.08362901009998289,9,0.010262363299708116
1262,0.3132216630307761,0.162409460054831,3,0.004275366216775484
1263,0.13204100547650752,0.018695975550593137,2,0.0026564266421650064
1264,0.1939994389747694,0.030177695626693566,10,0.011443095435876283
1265,0.1642265365233981,0.023150107007893807,6,0.006659188032890051
1266,0.3085801584343448,0.19197392776388744,1,0.0018663906368741787
1267,0.3272591939978748,0.06361900466934972,11,0.012770835886094178
1268,0.23891750509593218,0.0240773350561923,19,0.02146553288715822
1269,0.24542840735172192,0.1537666974243677,0,0.0009460719689368629
1270,0.14843202632468852,0.021491421306654133,3,0.004269260268176913
1271,0.29804454934630475,0.05992920322119892,13,0.014466025519493813
1272,0.160408085970953,0.0005733828494933757,11,0.012280473094779084
1273,0.18203514407012156,0.056410859210277074,3,0.003721780769314431
1274,0.34431091695656735,0.05885607720586389,11,0.012565514055679046
1275,0.26588952943593086,0.07501462636829209,10,0.011685498312258794
1276,0.2116818792285009,0.09917151968218789,2,0.0021743802321711717
1277,0.34953624684259554,0.1678380823948559,4,0.005274082204579712
1278,0.29564972463529815,0.15892620445872074,3,0.0034027589095659574
1279,0.3305863868210331,0.15935983193736458,4,0.005373580332094218
1280,0.1505434004801231,0.005990118801945354,7,0.007860053302831725
1281,0.2310813921241992,0.056822349849807566,10,0.011490314303967387
1282,0.1820607313943418,0.004778273232606569,16,0.017413755783039376
1283,0.19830898751514228,0.06299887437102876,4,0.004878130885677295
1284,0.29231994557363816,0.1356386574866387,4,0.0054171462588414165
1285,0.125993857986258,0.013405795774078237,2,0.0026063540691167474
1286,0.16528529579501244,0.031557550751083116,4,0.005175390142720982
1287,0.32160325967190195,0.13836864591175788,6,0.006673366605445524
1288,0.2843666535596248,0.16700708569473968,1,0.002069526678453822
1289,0.2116761764847841,0.012848573611783338,19,0.021672770399748274
1290,0.20716277388887444,0.06922465357346992,4,0.00512426630272418
1291,0.2736938976851822,0.16595357111072873,1,0.0015697185678201604
1292,0.24359577944245597,0.07947155886642632,7,0.008518809133179189
1293,0.1320962185490648,0.02560158812799151,1,0.0020359755051217883
1294,0.284011455134645,0.18445072057587597,1,0.0011572900417364488
1295,0.25147967633890395,0.11394529548250547,3,0.004222798051253105
1296,0.34654254533613715,0.24593800463818105,0,0.0010158354383382352
1297,0.14717325523045338,0.05717751992580493,0,0.0010349821049771488
1298,0.16147806079108779,0.005208386435650383,10,0.010958270889328759
1299,0.34286156305912063,0.21243235920903225,2,0.0023672130589614745
1300,0.1849593152650881,0.09507886103138506,0,0.0009790336280103456
1301,0.27163577049231635,0.10612759026269314,6,0.0073199200926409545
1302,0.24193417791491093,0.12947233098943522,1,0.002006229074703031
1303,0.3289763553610352,0.22609516506723393,1,0.0011481411955298196
1304,0.3276154434323913,0.12581760333193687,7,0.007623618554461486
1305,0.2811538879028587,0.1339934281400449,4,0.004694693042785746
1306,0.17669654087850178,0.00853260928211353,13,0.014243208176770055
1307,0.25168209544544,0.1465829996682873,1,0.0015186763982708148
1308,0.31133728270604283,0.1763716162881797,2,0.003035782444833217
1309,0.2555968937504255,0.15526613795581315,1,0.001271847378372752
1310,0.1054880748854618,0.01547497340766925,1,0.0010825242280171835
1311,0.3216526721117187,0.03555612222742875,16,0.018129633643659486
1312,0.32569348561778494,0.021369559575853157,19,0.02221087910277382
1313,0.2914695749642693,0.14262427572896688,4,0.004619848675373628
1314,0.30733585503079053,0.10180501990834542,8,0.009548190901394839
1315,0.31419329273896557,0.02269560150929452,19,0.02213892787867246
1316,0.14015283896318279,0.011875576021766351,4,0.004575955755421976
1317,0.15417434908585537,0.043481060498759466,2,0.0023062665879515333
1318,0.20323181255754785,0.094746301696384,1,0.0019202614569526339
1319,0.28910382340529955,0.11469028142714655,6,0.007579104049838933
1320,0.29023730898299016,0.18953455206540645,1,0.001185201137376484
1321,0.12586811251404711,0.0064477330117816796,3,0.0033902430923851926
1322,0.17597969940537733,0.06970044259122102,1,0.0018725854826772777
1323,0.2622014396346355,0.051067261096275476,14,0.015950915762378844
1324,0.29951180428930235,0.19951238844292718,1,0.0011302337893304626
1325,0.19440968794282998,0.03344356218975356,9,0.010580527030563102
1326,0.2914855089501723,0.13498786666100226,5,0.005424094938060052
1327,0.2203100612578327,0.050786658920393773,10,0.011165177357024134
1328,0.3100812641856897,0.08657315532201605,10,0.010950999560876746
1329,0.3036823124830789,0.041991469918148505,16,0.017412778760467672
1330,0.08991744762465531,0.0009815289727703879,0,0.0010487955848104264
1331,0.2773444635120912,0.13041237803251704,4,0.00476210812584792
1332,0.32504240340640383,0.08414203177033075,9,0.010683194291925822
1333,0.2729319980470321,0.10499248824069705,7,0.007598031625159886
1334,0.2544055554577308,0.14908349586294986,1,0.001520218651077176
1335,0.13750725943657252,0.034452532953517745,1,0.0017646872119355369
1336,0.33216164662345454,0.17801751527731277,3,0.004084417882583838
1337,0.1460300068656964,0.038585325634260516,1,0.0020661478645115196
1338,0.3327945822419701,0.17649035312368097,3,0.004224415610010593
1339,0.27855264187064893,0.16706110880124106,1,0.0017513697044240265
1340,0.2787451118604859,0.05947138907907125,13,0.014774205369303111
1341,0.25445993746154905,0.042758648092889776,16,0.017414520670990745
1342,0.23764319166964712,0.07148681441459317,8,0.009250197628232908
1343,0.22540702245313846,0.04212313451048589,13,0.014366537163191124
1344,0.33276829559088245,0.161189145027137,4,0.0053162205947679736
1345,0.2421939840030166,0.060516712181796994,11,0.012215124626655194
1346,0.23058694928820728,0.09532952787179429,3,0.004309268370154757
1347,0.21555706592572887,0.12827333026662524,0,0.0008430411637298479
1348,0.23660351500733232,0.10086421249698779,3,0.00426743961895411
1349,0.3176567929018478,0.09843720712289207,8,0.009728742884816805
1350,0.24465005999033446,0.09520284401603968,5,0.005986869881688622
1351,0.3463161134411979,0.11390691313635594,7,0.007833378832221091
1352,0.25823971611518626,0.12962541732418248,2,0.0031819621777114727
1353,0.27319627580466854,0.12402583980264958,4,0.005127840860995825
1354,0.21005493841213893,0.05674800258393822,7,0.007908443329030505
1355,0.3014134784889047,0.07583184048060043,11,0.01228651657861161
1356,0.13490913731678333,0.03346939215921878,1,0.0016619493549959595
1357,0.13932916543192925,0.03060596197260866,2,0.002195200718875429
1358,0.13045217506061876,0.027417800215465395,1,0.0017811495319000053
1359,0.17627630899841915,0.03457161403594806,5,0.00650131892480591
1360,0.22605229638042534,0.0296297040614538,16,0.01818102391772531
1361,0.146562727857848,0.00453181963536795,6,0.007315804175148902
1362,0.3025688167132521,0.11801754182649343,7,0.007894946201305349
1363,0.2294263328627692,0.1379132063549634,0,0.0009693680585537511
1364,0.2523138337548553,0.05906040559128946,12,0.01363434523801515
1365,0.1964570510164651,0.013584509916901221,16,0.017860050361674016
1366,0.1731296774443017,0.03461977709221289,5,0.005924640587731939
1367,0.1849285047682859,0.043837045539916956,5,0.006166652621644283
1368,0.19937006088294984,0.03228906114097779,11,0.012047480606690633
1369,0.2830260234960803,0.09908626443300274,8,0.009163717319646457
1370,0.24038326484381983,0.05276540083302577,12,0.013774269225479642
1371,0.19973804582921623,0.056680504318355494,5,0.006175118256687023
1372,0.28293334601490233,0.07936482492038224,10,0.011819083224465338
1373,0.2219589028650651,0.06471641037086995,7,0.008231933516270213
1374,0.3359959494078724,0.23446696897280025,1,0.0010778803912464244
1375,0.27591489657605656,0.14292579365726044,3,0.003361026216973553
1376,0.1259142968602046,0.016871793808934447,2,0.0022705906320820506
1377,0.2809711826391104,0.18226239006002187,1,0.0011317643729222724
1378,0.3417429186290417,0.15271400465202586,5,0.006020069983737003
1379,0.17871092028186558,0.002505442999776182,15,0.017349903364421552
1380,0.25954449499947935,0.16432755026185233,0,0.0010486655606765293
1381,0.283093142060873,0.11134254143594322,6,0.007576966343193862
1382,0.20013671254638218,0.014612486080618891,16,0.018386805118065445
1383,0.34423638233398945,0.18484091118100496,3,0.004140885040515617
1384,0.11278728103137912,0.019996032770482616,1,0.0012049409890076683
1385,0.20219081072634126,0.033029384961547836,11,0.012460636806235917
1386,0.2816419329540216,0.04040130195725201,16,0.018371026166553818
1387,0.2452757587494194,0.10103425229969772,4,0.0052124589561282275
1388,0.29175474837629406,0.17121570842789524,2,0.0022211896268876418
1389,0.15293710745517505,0.02978968614124487,3,0.003677710505911304
1390,0.3386086123569352,0.23736363453673753,0,0.0010602933173636327
1391,0.3431710208230034,0.16850850894174008,4,0.0051268456811913886
1392,0.14844681916333233,0.05651871705349419,1,0.001117128561130293
1393,0.250139958383036,0.0671597604198645,10,0.011741820060277268
1394,0.29732455200849767,0.07313189463698619,11,0.012687443491989801
1395,0.26707273427475997,0.10254486181396451,6,0.007397037979039077
1396,0.17905688475864137,0.08715506132690773,0,0.0010697933488298475
1397,0.15912799496196295,0.00232300719177154,10,0.011265497586686636
1398,0.26588217818184684,0.09912989323243927,7,0.007787126146736527
1399,0.27032103686847836,0.047069992547503645,15,0.01699347870581599
1400,0.29751047242807027,0.1399331774157012,4,0.005344644338953683
1401,0.1671579370413756,0.006493626161775103,11,0.012159875961653015
1402,0.3312974858642196,0.15633365590886628,5,0.005611501954924414
1403,0.2559508287095202,0.030882199781522443,18,0.020490023859196623
1404,0.17537552608640056,0.07638445570971354,1,0.0014192631088255734
1405,0.33209321436240796,0.07558960114944623,10,0.011167632794790553
1406,0.34993896028002436,0.21024242825831432,2,0.002815054122472821
1407,0.2242228309779445,0.09581532019608605,3,0.003573465061776207
1408,0.31187444480108634,0.14607579281026833,5,0.005640428954992462
1409,0.24593163631194342,0.06767292945697849,10,0.011147207839189332
1410,0.22416064011214834,0.11337889086315746,1,0.001983391979477133
1411,0.1651513838915931,0.07354722256492939,1,0.0010785759068554941
1412,0.3257086575358373,0.1884125792998117,2,0.003003251065735868
1413,0.28453917803445955,0.19111828346733953,0,0.000930747906968676
1414,0.13912328615344363,0.03694902297103284,1,0.001700593650137677
1415,0.1271914460208507,0.01881177904010789,2,0.0022081901192689147
1416,0.256853333060016,0.08727653055594217,8,0.008740988818994254
1417,0.30712928982741117,0.03591585730478164,17,0.0186386399875068
1418,0.3218842121237815,0.06438285143362071,11,0.01292809452401001
1419,0.21897384754763144,0.062127469185328965,7,0.00828454822982083
1420,0.24758538019778764,0.11534557267713416,3,0.00368735624418644
1421,0.08989952234322461,0.0006831436538400412,0,0.0010611146403270684
1422,0.16473859489278508,0.037392617016765016,3,0.00414945023984864
1423,0.1829021074673929,0.006026830653378723,15,0.01713812280810071
1424,0.3349582679562072,0.03317237558656888,16,0.018173265324863443
1425,0.28726719845511517,0.046107447063755996,15,0.01709307259932166
1426,0.30868581492551134,0.13654879096246977,5,0.006357044587247332
1427,0.1248345771892051,0.009455783065863343,2,0.002908958020800416
1428,0.09297524223682736,0.004274526086444588,0,0.0010361256807522332
1429,0.2626364914896043,0.12788822098338187,3,0.0037282026006893914
1430,0.25957426500523234,0.050402719420731754,14,0.015969118788109072
1431,0.1696075378173867,0.0025603773454933696,13,0.014407560064454625
1432,0.26217946265561154,0.1446992585486744,2,0.0022302883889352616
1433,0.34964792131982325,0.11516694980806375,7,0.007641492184423853
1434,0.22686547844315877,0.021325359912822424,19,0.021038272759221825
1435,0.3478051298384522,0.21320810490064332,2,0.002548939631570585
1436,0.3125071893906491,0.031245511138873784,18,0.019620287592724828
1437,0.19489401948955995,0.04054601711591101,8,0.008791079587891286
1438,0.29661574576167926,0.13492723712348753,5,0.0058040981454114396
1439,0.3321764446901442,0.027921219082930045,18,0.01980081672539873
1440,0.17506682303815146,0.011491644930319095,11,0.012669103320184965
1441,0.10407654309717179,0.01609427655399682,0,0.000996522078342612
1442,0.18967584589258507,0.026582244879321495,10,0.011508408868210276
1443,0.34747250161529103,0.04912144398095067,12,0.014004839212203858
1444,0.34200838790172317,0.1976261969645328,2,0.003222106529738401
1445,0.34964178863617595,0.24969264015942869,0,0.0009861793594307378
1446,0.34841544256331125,0.1657606496738759,4,0.0053707224063993565
1447,0.19310323441652583,0.06186626300826735,4,0.004350642366054434
1448,0.2619284891017312,0.06189232306799838,12,0.013791698982666887
1449,0.31860045506707924,0.08875904037484854,9,0.010515337008895164
1450,0.2015177323429918,0.021030011770177427,15,0.016298231710625537
1451,0.2958083462143402,0.10042421428306232,8,0.009536239770419376
1452,0.12334454412200452,0.03885634354995124,0,0.0008471297364864013
1453,0.18239953593151345,0.02679190442873353,8,0.00970328149203477
1454,0.16896418095499535,0.07082910084565369,1,0.0013872894665838834
1455,0.3132983552272212,0.2006113570081883,1,0.0016340571966984316
1456,0.15169415317832832,0.018156065729375913,4,0.0053574739695930575
1457,0.3101612553888856,0.04112045103059957,15,0.01733835235690566
1458,0.26515992640337266,0.09068858383478945,8,0.009029528240776758
1459,0.32986803580581703,0.03341640950525565,16,0.018326237658515244
1460,0.18501862171677363,0.016964814851970808,12,0.013498457836100769
1461,0.3342325272856218,0.23152971513748297,1,0.0011246766072979695
1462,0.22752541085456346,0.07679837503915615,6,0.006751726833174987
1463,0.3320378770754233,0.158712340679307,5,0.005466713191502043
1464,0.347122089534923,0.24363650447993188,1,0.0011103544237868238
1465,0.19888220669518067,0.06443260872188451,4,0.004735714854840316
1466,0.3367617865661237,0.060237323174799275,11,0.012752478992773793
1467,0.18680509810211984,0.027814132567703282,9,0.010447461308113045
1468,0.28517640569461633,0.03841759835920719,17,0.018747334722866126
1469,0.11303223703209717,0.00770055938174352,1,0.0019972457434533353
1470,0.34646409474290346,0.2031868234226392,2,0.0030802263750842585
1471,0.2845802859688211,0.10213162225192433,8,0.008857952263544154
1472,0.2620564813851385,0.14914904362032935,1,0.0019243846989322557
1473,0.34919781037984843,0.14404336425253747,5,0.0064039006858023296
1474,0.0944504215564553,0.005210086007319896,0,0.0010583729699527923
1475,0.08956181431088013,0.0012930917901171667,0,0.0010203394203548682
1476,0.32859742389389424,0.17324659555665553,3,0.004260778451030164
1477,0.15876574197813467,0.004801832042398746,9,0.010328570583950009
1478,0.19820893086826244,0.08937564744541843,1,0.001966547466800586
1479,0.1349065833494086,0.0019964804854747864,5,0.005489938210856009
1480,0.309859166852047,0.1444513816928633,5,0.005680381782298336
1481,0.14038680385947502,0.02933084687360592,2,0.0023975078022589152
1482,0.18644829913965164,0.06871764566068306,2,0.0027865178794077364
1483,0.2690099844431607,0.17635140315531564,0,0.0009362200576100175
1484,0.16193703142143484,0.060781836521559496,1,0.0015778201889237503
1485,0.10408970291749407,0.012975952369050947,1,0.0011342109302527193
1486,0.30370538079663645,0.12286518088230372,6,0.0074546216784979686
1487,0.22478166204213954,0.1143251104855487,1,0.001957865760399863
1488,0.1318917321327894,0.013524492431629308,2,0.0032198283062483623
1489,0.21281249721223106,0.015432080236062946,19,0.020880106424677695
1490,0.17802628323653072,0.08298363729877556,1,0.0012121437333964407
1491,0.3169347736030338,0.1637364674529787,4,0.004385300111627661
1492,0.305290746386075,0.13084361315869775,6,0.006738847240483146
1493,0.09116117301412285,0.0013135345195893608,1,0.001088236929627972
1494,0.16317818002176834,0.008821767125881718,9,0.010247927385609831
1495,0.23784847497349546,0.12880784698885395,1,0.0018031995238229999
1496,0.16968368531910175,0.03139201442233216,5,0.005953411212438486
1497,0.14440559715221649,0.05582222929396878,0,0.0009805567439612971
1498,0.1926594768031787,0.09678905639022346,1,0.0012221269815176202
1499,0.17564566075213903,0.016564998785843093,10,0.011108305254554992
1500,0.23291646508263994,0.12312522416184186,1,0.0018741540662593034
1501,0.3213615213035973,0.21833550552133443,1,0.0011785199910653587
1502,0.17546501117220173,0.03645720613263545,5,0.00597263468776062
1503,0.23499106347121987,0.09730270175786002,4,0.0045465458096664
1504,0.29917329842132884,0.20440821470839451,0,0.0009441960781626282
1505,0.2644539165230294,0.08528312102492071,9,0.009842826868231933
1506,0.14466521998704862,0.03013687606646207,2,0.0027158836197520232
1507,0.16305109685015326,0.043137418108736364,2,0.0031908537726954215
1508,0.08957621057379034,0.0004167634480086935,0,0.0010588685019387362
1509,0.32678471551202504,0.08926213848229383,9,0.010179027616233073
1510,0.28614483008552744,0.03859379307788893,17,0.018687149697035183
1511,0.17530211046172303,0.0405134166338018,4,0.005194819332972017
1512,0.17992389614428067,0.07432901219488591,1,0.0018111541369558806
1513,0.21375590996148666,0.024946667202351586,16,0.017592829820534218
1514,0.31771924834414395,0.1397023298658584,5,0.006452557481508401
1515,0.22932188202000953,0.023705585682430558,18,0.02055538140900096
1516,0.33362550166648774,0.2328354731369775,0,0.0010595253540799199
1517,0.2846876903447093,0.11316240179341788,6,0.007463828523952633
1518,0.2398113393279317,0.14941255501789585,0,0.0009116284977131688
1519,0.32050977939316266,0.15461203366872384,4,0.005333365740092023
1520,0.1961556788387041,0.07800644556496444,2,0.002758899130088148
1521,0.19047421427738395,0.016671673506143715,13,0.015082646406612431
1522,0.34411640865881277,0.21719583694697223,2,0.002162169426051876
1523,0.3007142829028231,0.10196906002072842,8,0.009474873443496356
1524,0.17067393765504874,0.010962635542104148,10,0.011610075499814654
1525,0.15204364553978492,0.024442564848233143,3,0.004332128682039415
1526,0.2700091440512335,0.05696083590618476,13,0.015068471520627647
1527,0.33197901660430773,0.0909007624203988,9,0.009837178372479893
1528,0.22735956730101076,0.12946694074709794,1,0.0012369239484332818
1529,0.20356733239154354,0.041360789711991336,9,0.010375597696543058
1530,0.1135431370483002,0.005898480801861521,2,0.0021877518867461946
1531,0.10849972513416792,0.019507467450191544,0,0.0010350178826999774
1532,0.29947676328733125,0.08125553537447447,10,0.011689608889227317
1533,0.3487394595537295,0.12485037401982861,6,0.007239079103230742
1534,0.22980357470941248,0.14065108634776044,0,0.0008850328345208594
1535,0.3201729372507013,0.17463936818934103,3,0.0036973508303697216
1536,0.1756533945175165,0.053847735141761145,3,0.0033113979970667397
1537,0.34916184220251817,0.19714108329397953,3,0.003566603955190818
1538,0.3316995360849847,0.18244601363615512,3,0.003743478763142675
1539,0.3168891841251886,0.1945222684859798,1,0.0021366391737947716
1540,0.12248661228278718,0.012056573401704785,2,0.002409740287691712
1541,0.24421675095427683,0.13032517896814028,1,0.002092032333477041
1542,0.32011112258369656,0.16343832445348858,4,0.004588304154369995
1543,0.3317788478555425,0.16220903618383697,4,0.0052106193390453045
1544,0.17925600308603584,0.026786436064637927,8,0.008979153209864138
1545,0.3421779890995263,0.23758178728598922,1,0.001166285945689381
1546,0.1524394954662779,0.04208825975966944,2,0.0022838194840014295
1547,0.21004918287920896,0.04971961988709057,8,0.009523928239083938
1548,0.2508441484272549,0.056209895938155986,12,0.014111029864041965
1549,0.3496651826072737,0.22698805974814298,1,0.001899605856927406
1550,0.1987402310439124,0.011012184356802557,17,0.019490690999165942
1551,0.3453121951924179,0.2184094061047444,1,0.0021505252153984893
1552,0.32997761056949343,0.08585725626585872,9,0.01032636383097187
1553,0.2342605414958461,0.12447497580575444,1,0.0018674098539460866
1554,0.34718364838623045,0.07188243981031905,9,0.010790826029207922
1555,0.12125864403708382,0.03108572425569741,1,0.0010732157473034864
1556,0.17071815407884708,0.01849394051730453,8,0.009270109377503142
1557,0.18534240316835218,0.041431729258597776,6,0.006728282982961454
1558,0.1887728557575794,0.09781637216907768,0,0.001015648906654531
1559,0.34624443831252893,0.06422130680829781,10,0.01173521681901066
1560,0.2566696024111215,0.10414733395182524,5,0.006060234251384288
1561,0.3269028083058342,0.1657695987588034,4,0.004746006893591091
1562,0.32411544953202437,0.08514750769068342,9,0.010632060553858808
1563,0.32591439367037844,0.1497083795994947,5,0.005930371398222069
1564,0.11876361002885315,0.02127123920188398,1,0.0014489583141918535
1565,0.3022030025206077,0.20652839469249762,0,0.0009677042098256509
1566,0.17556251854845725,0.015801599600973368,10,0.011333922556400958
1567,0.1833844936097804,0.025679657246142934,9,0.01025685753366453
1568,0.27483713229424883,0.05204162289836119,14,0.016064978717360588
1569,0.21559182874686125,0.03445817256173972,13,0.0148520840369407
1570,0.22958081787774587,0.055809846636388175,10,0.011495813078876342
1571,0.21331180533106509,0.04250727043690085,11,0.012044688098858393
1572,0.33425391994308,0.1910995061051869,3,0.0032717701980482907
1573,0.3219612487968149,0.16670641159353938,4,0.004424008317472334
1574,0.1453745408661122,0.03850739882005782,1,0.0020227457710448645
1575,0.11331098312790898,0.02312161148258613,1,0.0010824745987744193
1576,0.2972869248789462,0.08987742110247797,9,0.01072798858811167
1577,0.21130435933764538,0.08529744586921412,3,0.0034512298238895847
1578,0.10960067485863817,0.016920953083112533,1,0.0012032644992529971
1579,0.17842413177187214,0.02589389495237134,8,0.009030570976265749
1580,0.3214526617307552,0.22152612996468993,0,0.0010647029675723992
1581,0.13443421443280013,0.03037374637890574,1,0.0018441368494971576
1582,0.2664692588630688,0.14366852703329233,2,0.002595217398426492
1583,0.1949969844130407,0.08950739485101096,1,0.001750817998471772
1584,0.3049689479745983,0.04151144475451724,16,0.01746395395089713
1585,0.2205062150767539,0.0658696265420805,7,0.0077593134219564215
1586,0.19676374465652313,0.059466736280664345,4,0.005226259055858251
1587,0.19347121199175082,0.047941385327023064,6,0.006834792935523034
1588,0.20888323190020713,0.06008060091436704,6,0.007017414922158974
1589,0.3040783846056526,0.04094013870868089,16,0.017619419445549466
1590,0.2482353379388196,0.1472445388012325,1,0.0013242410613793485
1591,0.20896783498980465,0.017193924335376764,17,0.019420509872707912
1592,0.28203304070491947,0.024310487688489396,19,0.022488656596643043
1593,0.24438792695446004,0.15931853165058904,0,0.0007370574990396614
1594,0.31407414306298537,0.056720105770500906,13,0.01435285278608348
1595,0.10467575398217516,0.014792515567806403,1,0.0010775227315654554
1596,0.09440803020502489,0.005551277439842658,0,0.001041683474486308
1597,0.23503076970662493,0.1416774053116873,0,0.0010284678313319398
1598,0.11876991655679281,0.00015276425370638327,3,0.003330487912437439
1599,0.3184359924880584,0.1673339656590053,3,0.004176314972709362
1600,0.25322778345501984,0.1143607105855452,4,0.0043480806196212335
1601,0.2121795066868508,0.029011354293730772,14,0.015906351422994867
1602,0.33830801151607276,0.2355832931278908,1,0.0011123909090528883
1603,0.24563663409223174,0.10261788606354556,4,0.0050360691473855385
1604,0.32405341350819195,0.22347166239924995,1,0.0010803347832640635
1605,0.22698004730779353,0.09380684579707246,3,0.004103444858795333
1606,0.21596408036240083,0.016875261127702476,19,0.020921078206745467
1607,0.10537048877869135,0.013404602500886187,1,0.0011732880122009772
1608,0.27399829465127784,0.04908713495759488,15,0.016625515255555626
1609,0.33195231387134555,0.23149974943504256,0,0.0010528462965544818
1610,0.09858448581506847,0.011046550686697063,0,0.000982793934167476
1611,0.1437596754108073,0.053852142738752606,0,0.0010355302178658814
1612,0.27808886117749954,0.1164923103766112,6,0.006509609452187618
1613,0.2777307843184211,0.09159532718753523,9,0.00987381132970668
1614,0.34785753994200347,0.19193999011291368,3,0.003834221494534626
1615,0.32502953996523887,0.0706198455985732,11,0.012031170043346062
1616,0.19723515114287113,0.01756564981541284,15,0.01651996461240877
1617,0.0890631104885432,4.564284278367941e-06,0,0.001054847065506854
1618,0.10905720562260303,0.002051887710969444,1,0.00214567353035341
1619,0.13344262030962828,0.012805270731676697,3,0.003497990945488439
1620,0.31526496531748033,0.17354849749114093,3,0.0034905143374643313
1621,0.2660185201987434,0.08116422077803913,9,0.01065844888593687
1622,0.24333593393979194,0.02701263936320493,19,0.020913018899745336
1623,0.334124572314333,0.20852862780368817,2,0.002178112086170477
1624,0.29937168987091106,0.1521221145500183,3,0.004277829819885405
1625,0.1263932484858077,0.005807958173640543,3,0.0035404042912589697
1626,0.31846657000763795,0.15845340209780193,4,0.0049125374132330275
1627,0.30294631486600054,0.15874485417836132,3,0.003925058132612788
1628,0.15204409349446552,0.03390646210552867,2,0.003063758159273268
1629,0.1672453651064728,0.0790213277053922,0,0.0009393725216459675
1630,0.17629681086363316,0.05160353475039328,3,0.0036611026942010285
1631,0.16626726367170502,0.015850538145176393,8,0.008937811945711117
1632,0.21032342262015383,0.09301224675755382,2,0.0025805577977570633
1633,0.2983607495593593,0.15976962955109344,3,0.003519367457306229
1634,0.1668167910027955,0.07707395943013766,0,0.0009989979686036044
1635,0.12884468814443925,0.011006294328039882,2,0.003173887499704458
1636,0.19856138323238726,0.06002713814910525,4,0.0053970320045273286
1637,0.2214383158113031,0.06909527541337246,6,0.007269308969173322
1638,0.26297384333521956,0.02506979488259017,19,0.022308848450798245
1639,0.3479807389612684,0.24816375578039726,0,0.0009866187599800109
1640,0.2736628124960064,0.13424682766634452,3,0.004026412368120758
1641,0.23203012261986028,0.12013734630321898,1,0.0020203291395751934
1642,0.31451129110666837,0.16656214166249186,3,0.004005984840249374
1643,0.21312510368076548,0.03048597612858174,14,0.01561738115218085
1644,0.17346697104807005,0.05630848521359052,2,0.0028166546426827786
1645,0.2701119898354574,0.10955034475800433,6,0.006698400849238116
1646,0.09141228450918217,0.0008534136852315582,1,0.0011205872364785457
1647,0.316048403902668,0.08550183810199755,10,0.010889956323318581
1648,0.19276859924454906,0.09385711494388392,1,0.0013729411271453356
1649,0.22465825480034352,0.03747016111697797,14,0.015574291819335805
1650,0.24749947973097347,0.03869371649436038,16,0.017967174581389325
1651,0.2964833360722058,0.04203997858748584,16,0.017658096078233546
1652,0.22775290913934845,0.13596159311449776,0,0.0009826768570653233
1653,0.2336328492850114,0.15373342970352025,0,0.0006119257096990747
1654,0.26073785821693507,0.07550103783387631,10,0.011193628452815496
1655,0.18661253444842665,0.021866371030728637,11,0.012246086118106401
1656,0.0890766561008113,0.00014346271418785956,0,0.0010493490354821003
1657,0.3075499267173641,0.10370642825760976,8,0.009372410917083721
1658,0.27707600526586185,0.13579940689604209,3,0.004155374219163437
1659,0.17163683585517883,0.011056851038193295,10,0.011848267330864217
1660,0.24454483886923684,0.05056157180493057,13,0.014775716301990253
1661,0.20079472238257048,0.08127916078959187,2,0.0028580781656255094
1662,0.1698490547669554,0.018570228150155018,8,0.00903860108989343
1663,0.10107362538964135,0.009317192501994191,1,0.0011678072511990194
1664,0.23832797624695032,0.0620673674564055,10,0.011353534223869656
1665,0.33828968869102355,0.14642567863295738,5,0.006358617332065169
1666,0.24913122744206442,0.12471320985064552,2,0.0028948464003873482
1667,0.150220644721918,0.026453086313265955,3,0.0037865198417146246
1668,0.15805686085552378,0.004503667601342997,9,0.01022825425400576
1669,0.26410002762285956,0.11366891694790399,5,0.005542147337589691
1670,0.27335532681658137,0.15256104113634592,2,0.0023846047374140424
1671,0.2931557451192061,0.16398648270755714,2,0.0028228050022564267
1672,0.14252862014070233,0.0020219386569433305,6,0.007033635336077945
1673,0.24879448930574624,0.07245159169808103,9,0.010529748797541738
1674,0.18969666056109585,0.006363452133963745,17,0.019010788507333027
1675,0.33890346157563267,0.052970832459541185,12,0.01375427578369976
1676,0.1385238314218017,0.0479311138777537,1,0.001071297270525876
1677,0.24486176512458177,0.15044710356222343,0,0.0010496128382977109
1678,0.3088855016831082,0.11919423566140198,7,0.0079743993626853
1679,0.33114586344484676,0.22822647285514758,1,0.0011424797424301357
1680,0.29177320555060166,0.1060550815940248,8,0.008749875199780984
1681,0.3316011993682044,0.19683344023118945,2,0.0027566864438352654
1682,0.23838627394868403,0.039625656026661876,15,0.01687046675901839
1683,0.1737030330691335,0.08231192219200421,0,0.0010566464131241931
1684,0.3270080331695449,0.06018002580711057,12,0.013246610576917868
1685,0.25075974126736233,0.06466047016842387,11,0.012318255531141426
1686,0.13580396513634685,0.04580790690066987,0,0.0010488980208490744
1687,0.13577961839974867,0.04707978935750491,0,0.000994921408666878
1688,0.2062931783697597,0.09180867606401913,2,0.002362864803685075
1689,0.19929324069519827,0.03316842222353864,10,0.0117657534940032
1690,0.20444114585169088,0.062653557038712,5,0.005826887551585444
1691,0.27847276305664714,0.03728214203631193,17,0.019114215253718984
1692,0.23482444921151127,0.10074377828750171,3,0.004092174682669585
1693,0.18284962597891308,0.04383848757660919,5,0.005814389073341508
1694,0.1649687808451092,0.019480454775815836,7,0.007676424481182709
1695,0.31374327843963895,0.055374209752960965,13,0.014574686962098245
1696,0.34273940521861757,0.05119114701552366,12,0.01386662845126353
1697,0.30757943792146075,0.21337118918187198,0,0.0009077898329143381
1698,0.14770922785450308,0.015864362848417805,4,0.005103012195071421
1699,0.09213835476470578,0.004038349801148531,0,0.0010112052834465078
1700,0.3030766486237695,0.044981431689264384,15,0.016832258365261976
1701,0.33505592038095455,0.15592349201414468,5,0.005735177641038082
1702,0.26395691495434515,0.1680839565751604,0,0.0010637679645464327
1703,0.2956348017883417,0.18717255584431483,1,0.0015111158891168497
1704,0.09783775884154093,0.008730241011227496,0,0.001049647758016108
1705,0.34985861202104646,0.13774904949847283,6,0.006659164934426052
1706,0.14914448388215748,0.04707725600628826,1,0.00166827089288011
1707,0.15308069579653866,0.05770624634382245,1,0.0012742526656109045
1708,0.3351650374782485,0.04959653366587886,13,0.014523625884829309
1709,0.1243707022675994,0.19509774780203598,0,-1.4454602184908525e-05
1710,0.15819613681180758,0.020697004491509297,5,0.006025156170403585
1711,0.2511313025846095,0.08910114764479063,7,0.007765359033003696
1712,0.2977207744155321,0.07473054136091771,11,0.012483037738351065
1713,0.2819769987858217,0.050351622900440526,15,0.016371010947880685
1714,0.10280978054627692,0.003428285203161339,1,0.0015917152264265143
1715,0.3400621856194088,0.08620947359100943,9,0.009832882847471204
1716,0.3135458309819854,0.21263878002798728,1,0.0011232811216830593
1717,0.25966247636422846,0.12698564170448035,3,0.003560275196395054
1718,0.2165848088498241,0.04719379308636522,10,0.01140840436558373
1719,0.18823234288474874,0.0018495685980046243,18,0.0206064790419761
1720,0.15410561915312138,0.015064583022211083,5,0.006437953649944633
1721,0.2509264973141453,0.12428009092067635,2,0.0030807810736884567
1722,0.13278532566066453,0.000369856679142252,5,0.005422167511170138
1723,0.3377096474714242,0.045264514057073726,14,0.015223192390692175
1724,0.20303886048641595,0.014407091006887304,17,0.019170440945362268
1725,0.15925066420292977,0.03665091463143383,3,0.0035505785325138177
1726,0.10608310359949745,0.017199306851246418,0,0.001032627574569571
1727,0.29755349466387143,0.11776114115043711,7,0.007706921621604338
1728,0.2957269240567835,0.034410597165637276,17,0.01940583795716328
1729,0.34688766886310474,0.03092194221729072,16,0.01830086661949384
1730,0.16416536031234719,0.07341480390169099,0,0.0010438467192601915
1731,0.1768975704499909,0.019574090985369698,9,0.010486929324443018
1732,0.09744702445922429,0.014322581895307681,0,0.0008178225410888347
1733,0.15376122517037902,0.007390363064045441,7,0.00825238022100838
1734,0.3451045057481931,0.11755404167311258,7,0.007699848647742898
1735,0.19374064261689755,0.05720875423785716,4,0.005157756285668234
1736,0.10713570677571033,0.015635538367227312,1,0.0011491446689660609
1737,0.18714769846943874,0.09821642154120828,0,0.000939860876045498
1738,0.3480248390629666,0.24435686046336885,1,0.0011136766030253003
1739,0.20653434119365235,0.08745016955622521,2,0.002771862063973012
1740,0.25656455653491095,0.04007214603404452,16,0.018161704731555352
1741,0.17947796557931528,0.04775735459884296,4,0.0046214425598323635
1742,0.2067153670825943,0.05116819084909518,7,0.008551141685976874
1743,0.26155200265199513,0.14567368526731825,1,0.002122824538836938
1744,0.33803468925554436,0.21274438310483615,1,0.002127369135554303
1745,0.27535685946123295,0.11770994251826583,5,0.006109257147045657
1746,0.29063839631713556,0.09226959054425886,9,0.010345521116535646
1747,0.13928232945559602,0.051053485771999675,0,0.0009721665458268488
1748,0.20553890830878072,0.04096152921935958,10,0.010893337230109363
1749,0.3326479322301083,0.19241353778170883,2,0.003100926227708155
1750,0.3487060624943996,0.17959505365312048,4,0.004606882273222172
1751,0.10187693121525128,0.013763370938933343,0,0.001003845319792089
1752,0.19352391564026866,0.09999598838040896,1,0.0011146222114081271
1753,0.1357001401016356,0.002209612045632683,5,0.005594660908867632
1754,0.3025793366907483,0.20468980198920114,0,0.0010436656389256535
1755,0.1144439345027842,0.01825532351314136,1,0.001381239715756386
1756,0.16995934753241523,0.02097452311857846,7,0.008409891492678326
1757,0.34511361029554677,0.17833944468548107,4,0.004579388142512561
1758,0.1687671500753424,0.08255303483571384,0,0.000864486457147992
1759,0.3308702222989023,0.20813337445146118,1,0.0020467254526995954
1760,0.3085153280914618,0.2063628919770373,1,0.0011864571477014003
1761,0.12125828621937969,0.029792999928921555,1,0.0011314815318571561
1762,0.11119950536464847,0.0028968251866013056,2,0.002252615707337939
1763,0.15707473919395865,0.007465001551906764,8,0.009055546194464541
1764,0.20173583271055623,0.06422354551368237,4,0.005163884202492567
1765,0.3341427751203272,0.061531368743972976,11,0.012706424040441623
1766,0.1358695970864878,0.027594700908477005,2,0.0021695678201493363
1767,0.22827293616612998,0.064333457081659,8,0.00933435690790062
1768,0.21503394651582047,0.11516956938360136,1,0.0013642433257189098
1769,0.25581403958821164,0.09589450237601772,6,0.00720752956063849
1770,0.2807517576293722,0.07620693410886713,11,0.012210472912010122
1771,0.2167658596615253,0.052435643556552836,9,0.010112281049539602
1772,0.1279551957701565,0.006154017898768953,3,0.003695975241866563
1773,0.3313626347241355,0.13027324138501337,6,0.007321528240050517
1774,0.1573660673513833,0.02776873074065546,4,0.004586241202267152
1775,0.2467429668836739,0.10757815672361641,4,0.004509889908217953
1776,0.33948708570205516,0.1776855448569151,4,0.004426449402082102
1777,0.2773853031672617,0.15912709932664976,2,0.002176747580991631
1778,0.22185201513782243,0.10605404705462992,2,0.002374202414864246
1779,0.306075290979112,0.18711524358015705,1,0.002017190978444825
1780,0.32090437674039957,0.12366633686091834,7,0.007774615233678806
1781,0.09684612373359626,0.008696013567718297,0,0.0010095577009547525
1782,0.2223766158007072,0.03665293634745084,14,0.015431504154275888
1783,0.12727024765332104,0.0036808018742474583,3,0.003959590238619146
1784,0.2743139505677495,0.07781735702490156,10,0.011728204846331813
1785,0.33994690563664004,0.2380994099473338,1,0.0010767902059550653
1786,0.289300744077184,0.07009812604124854,12,0.01316650772660494
1787,0.1415014092527942,0.02344333563890831,2,0.003122603477659377
1788,0.212763668563411,0.09281292431670782,2,0.002805796971590924
1789,0.1628334375463479,0.052497681230627966,2,0.002237986374759175
1790,0.27993834139179496,0.10493898676813934,7,0.008180550813660625
1791,0.09114260240578509,0.0015985041930262607,1,0.0010746253087856037
1792,0.20146179874054357,0.0010039231189997028,19,0.02460006383270005
1793,0.14738079251437763,0.03042524659920942,2,0.00296022976597296
1794,0.31543828670337826,0.15641672539456888,4,0.004920666418191108
1795,0.2887792118807306,0.15325626962308914,3,0.0034030017577311978
1796,0.30716925742933543,0.07397749869563819,11,0.012357428888025867
1797,0.24816474372017158,0.11130286919564383,3,0.004202575674885632
1798,0.14463356436579902,0.01852051489383163,3,0.004181617565227928
1799,0.1759486106448465,0.054861599921390065,2,0.0032252261885742715
1800,0.29223488981138157,0.19262568281849526,1,0.0011359394478058767
1801,0.2819060382231919,0.1363854606072285,4,0.0045004784172808805
1802,0.17261987041621688,0.042202210426605165,4,0.004515363868079729
1803,0.3220251398249349,0.034442637633719256,16,0.018393739359419917
1804,0.2857438241107458,0.10807519449269304,7,0.00817401363070317
1805,0.3056044238308268,0.18203607345528522,2,0.002304636035590095
1806,0.1119403669832259,0.004747141717151673,1,0.0021535966831211346
1807,0.33889020930980773,0.21192514455452174,2,0.0022118550918884096
1808,0.1928704721756552,0.021077397097943925,13,0.014125482290765424
1809,0.15883405500988632,0.048645934092725406,2,0.0022427196894358515
1810,0.10296975589850292,0.01266347537121058,1,0.0010981747692162436
1811,0.3452066921498277,0.20219659556476438,2,0.0030838315121511223
1812,0.22824137819703466,0.014637348938404928,19,0.023617468963894946
1813,0.25178759933524164,0.15781527535453008,0,0.001018191771648581
1814,0.33053214025166533,0.027021275964953684,18,0.020144083771457783
1815,0.2507946862895345,0.03739572927702441,17,0.018524033577481103
1816,0.13172847584289302,0.013094843119550349,3,0.003253601439283666
1817,0.1488684174832551,0.017976540206823464,4,0.004916505823401287
1818,0.14533992251644226,0.011729708460728667,5,0.005470653488328687
1819,0.09438297257248535,0.003930999663955732,1,0.0011129507687623259
1820,0.19497555397603897,0.03285111204645674,10,0.010878756005046696
1821,0.1474077099047141,0.00827675035504083,6,0.006600656372495714
1822,0.32953445981963275,0.03846960173457338,15,0.017079940785719276
1823,0.18208595420239573,0.003114049655826734,16,0.018148475232934915
1824,0.10771439442933375,0.016448173681913137,1,0.0011375277753064834
1825,0.1355529774141277,0.013658667339977143,3,0.0036512253271719437
1826,0.31608679732031186,0.19518348907503905,1,0.002057427278491763
1827,0.1794201199939803,0.048487518207096535,4,0.004500476228017158
1828,0.25974430334097226,0.1293394370954184,3,0.003334102348447699
1829,0.20084976707929167,0.09244983233698907,1,0.001924458391440173
1830,0.13499201210982753,0.012602136106095268,3,0.003724083248858141
1831,0.33157176712541264,0.07690051453788187,10,0.011062736738799093
1832,0.25875086185810686,0.06115927528528189,12,0.013724226197943187
1833,0.10605994295993444,0.016507752015274695,0,0.0010615742704844556
1834,0.3231274587894279,0.04291229920992226,15,0.01639175457426075
1835,0.3493136786109577,0.11467312499155141,7,0.007678116974317889
1836,0.3015913748124189,0.0942229733257393,9,0.010280457473335175
1837,0.2239871618805112,0.09758227781562757,3,0.0033549701952672955
1838,0.3293530546136165,0.029926720687615246,17,0.01931625973024459
1839,0.2901014250610529,0.16651668472894268,2,0.002442038889810637
1840,0.2628363405009823,0.17434009789066343,0,0.0008122952598622399
1841,0.10992008386926819,0.021518262854449022,0,0.0010087622904791473
1842,0.1364132749187142,0.019311089987790183,2,0.0030422221592692157
1843,0.3204411807046633,0.13757191036697483,6,0.0067063807078842335
1844,0.3121347558616556,0.13233296973595987,6,0.006889677602722589
1845,0.2794338045718632,0.17966558636751379,1,0.0011787103732665211
1846,0.1743289260544487,0.013727302357272243,10,0.011687896522084086
1847,0.2951951277314803,0.04190709044428906,16,0.01772701976392015
1848,0.21907717812879307,0.03043626184770245,15,0.016770767308535346
1849,0.15088413535745201,0.011262773205147542,6,0.0066378111458501214
1850,0.22067416235710818,0.039864316943151595,13,0.014190376663871311
1851,0.2527516693310015,0.12566696324668403,2,0.0031016635004159645
1852,0.20019196896210878,0.046146490516972734,7,0.008486595766551693
1853,0.2868830668625648,0.09345162768366334,9,0.010078288006528107
1854,0.1144103110714295,0.007259539629859138,1,0.002142876316364505
1855,0.3197703518449561,0.0913065691515898,9,0.010260002599839889
1856,0.3095541570995976,0.06665489564806432,12,0.01316085690704119
1857,0.16597281306348996,0.06954671102374992,1,0.0013036541414714609
1858,0.17304361772004312,0.007360216816251408,12,0.013595213630740415
1859,0.3316860231806209,0.0251136727697852,19,0.02071214216938703
1860,0.13820112263505968,0.04429179092187097,1,0.0012254190375956858
1861,0.1844081329342933,0.011302962650913247,14,0.015436811478010974
1862,0.3181772437314123,0.15434703013504733,4,0.0052426839083335956
1863,0.29887199774742257,0.16156121298068202,3,0.00340261471177342
1864,0.3110625495039361,0.19002365489599637,1,0.002103516913438367
1865,0.26305492501676714,0.10921137759497283,5,0.006033797456380894
1866,0.16564385461962966,0.05805712250274334,1,0.002006341761748707
1867,0.27527624743905477,0.05346362715257926,14,0.015804131101388133
1868,0.32508159654803304,0.07208242613078833,10,0.011866372436382996
1869,0.34706265907994605,0.2500713970075402,0,0.0009026668871264568
1870,0.21438367554314863,0.07401627245733138,4,0.0053580988600929556
1871,0.18576361268034922,0.07145417429495178,2,0.002468215006695544
1872,0.31698255014870885,0.06949192134325118,11,0.0125185250727671
1873,0.22135548729441923,0.08343864571742968,4,0.00484021035619718
1874,0.31142092640126007,0.07512727440234421,11,0.012091786362862605
1875,0.2672653922073168,0.17585870172145288,0,0.0008973672410389436
1876,0.2798781665199907,0.05273435126620356,14,0.015948700769237354
1877,0.28747978853052897,0.12775322663881666,5,0.005921270090722155
1878,0.33176489165877027,0.23111257616168743,0,0.001060244131819481
1879,0.256465430505912,0.15699080577737093,1,0.0012311406564000642
1880,0.23100684682795808,0.05442251064388117,11,0.01205627825540501
1881,0.152354038266236,0.017687797792815704,5,0.005563108559961686
1882,0.08956875366879402,3.9979894073470306e-05,1,0.0010752562119025926
1883,0.10735126685532834,0.018321963109197224,0,0.0010376809231505918
1884,0.2033967582389573,0.06716716860441949,4,0.004929165320950762
1885,0.30860603649637985,0.04898314210444088,14,0.015864027349010903
1886,0.17026606368040859,0.042925549047329155,3,0.004085344840933624
1887,0.3030376533215389,0.2047830463335739,0,0.0010555834353145022
1888,0.09418693909433244,0.003197247629751254,1,0.0011381753197039451
1889,0.24358681095310508,0.023376456166750905,19,0.022054415004956775
1890,0.14806720536648035,0.04394612672933082,1,0.001810417205026657
1891,0.18152610739388195,0.009527383568815292,14,0.015292557429480148
1892,0.18028617819209752,0.0478022209461375,4,0.004729712937565473
1893,0.3480679307119784,0.22115762569926886,1,0.002126427363941146
1894,0.33839725140523896,0.025389357685951637,18,0.020367305072924387
1895,0.22304195266436577,0.10399726340654945,2,0.0026418500960884734
1896,0.30659317765279565,0.0835642074272821,10,0.011328161854518898
1897,0.24566433065606513,0.07990185482298585,8,0.008710035951208376
1898,0.22178349142995668,0.06656631323541189,7,0.007823528442310644
1899,0.15417878697866116,0.005637768082680161,8,0.008849399899808092
1900,0.12191996458276837,0.0065338258036077585,2,0.0029243092597468078
1901,0.2984194236148024,0.04353946157117607,15,0.017286260435253685
1902,0.186473777776856,0.05361236855520318,4,0.00469336351673948
1903,0.28324813741990795,0.1203635442141798,5,0.006459758588114924
1904,0.309932330419055,0.18885628167909727,1,0.0021144044745924737
1905,0.23117705552750145,0.027605970956472596,17,0.019525792011741323
1906,0.11784872678972426,0.030421273912374813,0,0.0009618183248820186
1907,0.22929789894298208,0.04213326738837604,13,0.014981424865607277
1908,0.2899491193499448,0.08827786659644189,9,0.010816244111139964
1909,0.22533791495034997,0.01829489811010072,19,0.02189695230965567
1910,0.15193035271883767,0.0014557428099078562,8,0.00951256025525152
1911,0.14193782219470275,0.05434279525653057,0,0.0009444974214801191
1912,0.09829692674295484,0.010121048950325338,0,0.0010094479993613638
1913,0.32477603448749015,0.014006526397898499,19,0.025130489067516408
1914,0.11271982954769237,0.024169106202276535,0,0.0010123729415950323
1915,0.14951964370262827,0.024471865572488975,3,0.003974497328244331
1916,0.26723765872591976,0.07949759378407166,10,0.011028173818520393
1917,0.32519418894090274,0.06368895066882899,11,0.012861451743960424
1918,0.23453734826414852,0.024406731913073132,19,0.020935437144353062
1919,0.2784660148883607,0.19294764496233224,0,0.0007046097351146128
1920,0.3441678020728448,0.2393557530868193,1,0.001167138409093015
1921,0.3334689611676081,0.05466631182087502,12,0.013749554015105338
1922,0.3205875350671676,0.09398322718402831,9,0.010013967334713342
1923,0.16240786590282044,0.0061019948655266915,10,0.010922134799705729
1924,0.286258276444646,0.04275051949579356,16,0.017788518602628204
1925,0.2730618344203125,0.1694768418284681,1,0.0013661741372210108
1926,0.23195137397431329,0.031018827720641698,17,0.018566625492326336
1927,0.20186439682183369,0.049231860753216616,7,0.00808919564562557
1928,0.2822885549871479,0.16401377556314334,1,0.0021429813421478846
1929,0.27955889061373623,0.08026131039696749,10,0.011586341058578416
1930,0.15049180199731638,0.01807976793935314,4,0.005166404518187487
1931,0.11892612896213288,0.011490091837754079,1,0.002153718172802364
1932,0.08848110069148783,6.19331899429477e-05,0,0.0010275886676765077
1933,0.2154552649357799,0.016989982956465276,19,0.020785073383803535
1934,0.2889135466244259,0.14342654139896227,4,0.00434007569573838
1935,0.13520826926309207,0.023175810490737643,2,0.0025117332986753604
1936,0.1368471160186525,0.01686973560840327,3,0.0033884697414366246
1937,0.15612367515896505,0.009706244371605388,7,0.008190439364800366
1938,0.22287867648237722,0.09142441965787393,3,0.003951143182538246
1939,0.19265436584188503,0.07085330099116639,2,0.003163754153253809
1940,0.26759063831653956,0.1156605834786408,5,0.0056325001617945165
1941,0.15993521726304455,0.03878234100626476,3,0.003363003751458105
1942,0.3010514990171316,0.027080526076750263,19,0.021197579514940675
1943,0.16982555322839615,0.06462423098091982,1,0.0018184537163016296
1944,0.22904062290618007,0.04306817688798144,13,0.014685365629900478
1945,0.23397157067183028,0.14621746596376076,0,0.000832548315396435
1946,0.13019106397271354,0.015374577429250264,2,0.002820177316606419
1947,0.1822314944792179,0.04680835804354358,4,0.005182707995359603
1948,0.24402476624105868,0.11448598362561373,3,0.003448436531468519
1949,0.10968454753893678,0.0030677540208901375,1,0.0021110747864184587
1950,0.13218995125030833,0.015600618655945002,2,0.003007348726201683
1951,0.32674801590057995,0.03883304417928463,15,0.017121156370893398
1952,0.2431386913170195,0.03812993282289444,16,0.01775408265754978
1953,0.19259335424757507,0.07410912353536236,2,0.0028175998795183523
1954,0.09855037059930565,0.009085151731814433,0,0.0010646924997766412
1955,0.21931786364904862,0.020358206627865475,18,0.02022819679355503
1956,0.24732588609080328,0.09517971975556172,5,0.006315206224308475
1957,0.2566408885459394,0.14239534564419207,1,0.0020427013966656544
1958,0.27248643047363974,0.15455948060231223,2,0.0021890676555244458
1959,0.19899572099725474,0.023407616660196136,13,0.014845207779092394
1960,0.09677392077484917,0.007771579517747074,0,0.0010459948549949923
1961,0.09843415902894966,0.006772172591950504,1,0.001165991904438527
1962,0.15493698680601062,0.056407671369639895,1,0.0014395833174177819
1963,0.09731860674129658,0.0069960980391858135,1,0.0011043000787327574
1964,0.09004293176113898,0.0006601752411006436,0,0.0010683603950621683
1965,0.3168740210248929,0.14926636806257992,5,0.005610517043189625
1966,0.10379154613075689,0.013556221039410342,1,0.0010941624922256245
1967,0.1609344209281725,0.003754948307669507,10,0.011298068299628546
1968,0.18984705540477692,0.0019103968675381554,19,0.021055921143884875
1969,0.33425713519633066,0.041133002022974964,14,0.016257146460769988
1970,0.19387458849957384,0.03916608999854071,8,0.008926990402913308
1971,0.18255366973821535,0.044706451947239045,5,0.0056050144498975335
1972,0.29805430905357544,0.045807651035986344,15,0.01685175157034721
1973,0.30262935164786353,0.15586994493220704,3,0.004160493195944665
1974,0.2741952770654271,0.0323101028186332,18,0.020361616932151085
1975,0.2714491772254635,0.0621704211019793,13,0.014176192888137828
1976,0.160295218119122,0.01566163138083729,7,0.007600710065097178
1977,0.296353722291034,0.16402347704771264,2,0.003031246065709105
1978,0.11058914886332137,0.0213283893865136,0,0.0010445474214940556
1979,0.28647130209040694,0.0682398291409447,12,0.013434214637044275
1980,0.3130173871437842,0.06269122372875417,12,0.013542941887492312
1981,0.13213489045721644,0.003935997649965506,4,0.004652264940069784
1982,0.3407277861786261,0.06285436781750028,11,0.012195377964438595
1983,0.3412271105981743,0.23453984086415777,1,0.0012473522565684908
1984,0.28957076022340883,0.15284537877319226,3,0.0034972312774633058
1985,0.2905767760056937,0.17440010968052097,1,0.001955782789288318
1986,0.3344901891796186,0.05732573376617735,12,0.013288200751371292
1987,0.18762582473304518,0.027088641308718894,10,0.010858222880219424
1988,0.30632805933163365,0.02970711269733557,18,0.020271388776498
1989,0.3103282017295609,0.06451641423103656,12,0.013408025705092558
1990,0.25277343922937284,0.10528862576879862,5,0.0054673311645707205
1991,0.20596026509505128,0.06719604505823551,4,0.00528116242826399
1992,0.2790470459417707,0.12602400946436168,4,0.00541840750094852
1993,0.34843729114453015,0.21978262049744887,2,0.0022149860918856856
1994,0.149208587473463,0.052964731558072874,1,0.0013261039068916706
1995,0.30369866344721974,0.1859676915197435,1,0.001961782865465409
1996,0.23933005896692577,0.07991401902781248,7,0.007859458263903349
1997,0.34196301961282843,0.10382523455693335,7,0.008550468504289045
1998,0.21420972212367934,0.05183260893347137,9,0.009789426744111611
1999,0.3471027306602392,0.21641636400686884,2,0.0023379761683205436
