,X1,X2,Label,f
0,0.24986714682311703,0.5217409388587155,0,-2.1892026205693653e-06
1,0.3099457021357565,0.14207900206778473,5,0.005904710308190194
2,0.3394842414139023,0.023202684422534568,19,0.021074554727387493
3,0.15952999912702154,0.08556779962062559,0,0.0005259785156386566
4,0.3380691115441827,0.059134649256133695,11,0.01284256043931006
5,0.2693409814611371,0.11124233301173567,5,0.006391844991617743
6,0.12522181080240882,0.4450813240810187,0,-1.358397407780701e-06
7,0.014101497723000088,0.46968412895865064,0,-3.5014840953705134e-07
8,0.028377908168121933,0.414276726605743,0,-7.027673452939951e-07
9,0.11464489447422961,0.5396585069118,0,-4.7475712392112603e-07
10,0.30795930584873377,0.5136777399386231,0,-4.227469081037823e-06
11,0.1823824242726762,0.39977141036118463,0,-3.7753140988087875e-06
12,0.11407665339550747,0.32774963037619403,0,-3.9223633446574135e-06
13,0.11966697413275462,0.5822827581972511,0,-3.2594587375505326e-07
14,0.16448575266661375,0.432591826014928,0,-2.277046708518718e-06
15,0.23209366630743547,0.357063139370641,0,-9.293609378142123e-06
16,0.013782414037655531,0.467052779257638,0,-3.583401805397651e-07
17,0.31834537238710786,0.5022911777665424,0,-5.2436426031736025e-06
18,0.30339459092812227,0.09872638452095563,9,0.009831563692737518
19,0.3390971350652675,0.2306957507444255,1,0.0013226487771774472
20,0.3021352363284541,0.3135385495160011,0,-9.90529654815016e-06
21,0.03686073741635621,0.5507143122512854,0,-1.9547060733418602e-07
22,0.1927434564960509,0.1816720037650707,0,1.2682083654220276e-05
23,0.14247281554487545,0.08196600986833935,0,0.00029641361124458233
24,0.3123739343209128,0.2137543351685932,0,0.0010437565132726907
25,0.18474573216295026,0.2946380677928085,0,-1.0669561756202767e-05
26,0.15460321888545442,0.25396721563792557,0,-1.1693083067867541e-05
27,0.10618846962831889,0.4089060330650833,0,-1.6127756443132239e-06
28,0.02227394029887602,0.23015411214249926,0,-4.160202607161733e-06
29,0.0015577967185865847,0.27308017981306854,0,-2.2056709620720794e-06
30,0.14539864427688867,0.5915143563366861,0,-3.8427061681176477e-07
31,0.10924481132797345,0.03886549092308933,0,0.0004701940942071063
32,0.2543841272189074,0.15672427175397133,1,0.0011587286887132751
33,0.30502756260293357,0.10690542215837104,8,0.009049248749121903
34,0.07964527330130614,0.10506655111117255,0,-1.3847838532418836e-05
35,0.10051962930912904,0.1274923087797673,0,-1.4194086102979488e-05
36,0.12735145019982558,0.2454572166008667,0,-9.919848151019545e-06
37,0.09282114256948525,0.0014738721247107734,1,0.0011564338324825142
38,0.08873961420958251,0.10652906200166758,0,-1.1643243014074794e-05
39,0.27427042668091745,0.3580519296102648,0,-1.321452702281603e-05
40,0.01714634258317177,0.3942704576501878,0,-7.673105125543356e-07
41,0.3076010590283912,0.5771371521935404,0,-2.2378862872875564e-06
42,0.14082840587104045,0.27987471167473893,0,-8.154824633598332e-06
43,0.22283802519753534,0.4733886533985745,0,-2.7102353722599094e-06
44,0.3200161449708267,0.39297141512425765,0,-1.4242081203204356e-05
45,0.16515512196351367,0.008653409572965742,9,0.010844111248242696
46,0.2627663077978469,0.13588305509878623,2,0.002972741291608997
47,0.175043884566959,0.17291441628794393,0,1.2158843058591504e-06
48,0.01606110255979753,0.3289382674734884,0,-1.4586935545574733e-06
49,0.12162204907513957,0.5545605790351108,0,-4.385437291350657e-07
50,0.255841277411728,0.30299037120555944,0,-1.5835723609945706e-05
51,0.2985942471055632,0.2248758717496853,0,0.0004303874779875645
52,0.24228275790394527,0.5815723404889755,0,-1.116248241059554e-06
53,0.34779311046424255,0.32245297674264417,0,3.667065947539268e-05
54,0.3025791154057235,0.21748942545409425,0,0.0006610222861953965
55,0.057507706057747875,0.129118901082781,0,-1.4382994922102041e-05
56,0.09317963417051475,0.275517839674237,0,-5.353691633445495e-06
57,0.05581123336652455,0.17692516427931454,0,-9.660411678683341e-06
58,0.298463014302923,0.5873247728169833,0,-1.8454431028465853e-06
59,0.08545826505341489,0.2049622213805752,0,-9.800225668369924e-06
60,0.13639168529800305,0.2933235333466604,0,-6.864021848899977e-06
61,0.16557752709848864,0.4486445449068119,0,-1.960867010602981e-06
62,0.3163450962887391,0.002743559384207006,19,0.03085108524989167
63,0.23670190137196617,0.5354695416990982,0,-1.6738321501918031e-06
64,0.32225627533124335,0.2581733099068493,0,0.0002794974178895017
65,0.11145404534051137,0.13511654230877948,0,-1.3481003503231732e-05
66,0.08812158245687264,0.143288622319398,0,-1.553270879803698e-05
67,0.2911245009565209,0.3695364124953134,0,-1.3734003197571522e-05
68,0.09999357452210221,0.16787972304013385,0,-1.4694177960235737e-05
69,0.16000655416933565,0.2265887585745896,0,-1.4797049680099114e-05
70,0.12758346009557578,0.17682912605980955,0,-1.573916363199144e-05
71,0.16360439489994238,0.2974764366183836,0,-8.561808324761924e-06
72,0.16788940298056199,0.12496785996723189,0,0.00012556319843901785
73,0.14462850289334106,0.5524808472592022,0,-5.633839057205245e-07
74,0.341347406264177,0.4782131250009374,0,-8.286051096632381e-06
75,0.27903010999873995,0.25641416377413323,0,3.339151115986821e-05
76,0.0016792160874445905,0.2547924844397721,0,-2.650921159323203e-06
77,0.18515833447278263,0.5266672773884817,0,-1.0929384778388011e-06
78,0.062793360104877,0.2760297429671432,0,-3.942423626382024e-06
79,0.051972439438833146,0.25343155727553357,0,-4.43266628125126e-06
80,0.34887258882465416,0.2227302359864928,1,0.002079628001670108
81,0.22197030457100392,0.07310897504191734,6,0.006601029761987679
82,0.18548434346168338,0.37001514656892504,0,-5.230344757131038e-06
83,0.12903015690987507,0.2778179065433549,0,-7.42868860511016e-06
84,0.3435820555667486,0.4487131623642933,0,-1.1085933683216543e-05
85,0.004725309161060609,0.5381784154082068,0,-1.6073544450100107e-07
86,0.3442432457242514,0.29107653073012,0,0.0001680712172135291
87,0.24202952021734692,0.09560671598379362,5,0.005608899606975555
88,0.17768015816407184,0.4623347918036003,0,-1.929582979182274e-06
89,0.11929973990496497,0.06683405044496746,0,0.000207433169606569
90,0.08074206378565213,0.45391310309812893,0,-7.976433027803055e-07
91,0.10075939831852673,0.0881910482744424,0,1.66214700253177e-05
92,0.2082344561375553,0.5898508719918835,0,-7.315911164299429e-07
93,0.13353135195877777,0.582122725772472,0,-3.7494088269939957e-07
94,0.2545864830657544,0.3684741138277618,0,-1.0280492849056022e-05
95,0.1364576213465151,0.3497854303180096,0,-3.934380099867782e-06
96,0.04137471065579856,0.28251201955179733,0,-2.9862203848187117e-06
97,0.27166790059424556,0.3072370870031161,0,-1.556724706955119e-05
98,0.0779615640643374,0.3901622405293837,0,-1.4674942654209637e-06
99,0.2706345853683122,0.17012095887148412,1,0.001235703087686473
100,0.01818317999895524,0.48297338102791687,0,-3.193346646695071e-07
101,0.19369724920544834,0.32196637130645533,0,-9.019653070479576e-06
102,0.15175213755532477,0.026447413446593026,3,0.003989860408654772
103,0.31656013914185344,0.19657847360760944,1,0.0020012560144670607
104,0.25566175122964474,0.25442961622109334,0,-6.55096208166201e-07
105,0.07348423273748328,0.1743196590098887,0,-1.1561521286074885e-05
106,0.2583929379897834,0.4375444489540769,0,-5.506409964196024e-06
107,0.026159876487440295,0.5352995993401087,0,-2.0492937248315661e-07
108,0.004691548470926987,0.18802079474140862,0,-5.3075154670676575e-06
109,0.11762494513376157,0.23512773946856363,0,-9.976001938880347e-06
110,0.14669652828690571,0.4266835536517147,0,-2.022816571616003e-06
111,0.19019994624770806,0.2447975498200522,0,-1.5576199526141446e-05
112,0.34114034151270956,0.04888788710333105,13,0.01435905798112918
113,0.18453108579576522,0.4915804687949133,0,-1.5424334066496862e-06
114,0.1973395691339252,0.327301354962194,0,-8.8770556256552e-06
115,0.1668052501075964,0.5047072719684991,0,-1.1334314038208583e-06
116,0.04836265866663862,0.1432524058249214,0,-1.2151230615732715e-05
117,0.0625792816171951,0.43297374032550573,0,-8.202905420171855e-07
118,0.17517822903415226,0.11093963480860744,0,0.0003404901891451716
119,0.16207423185862987,0.1931929721652185,0,-1.4948442326837465e-05
120,0.23282119989253744,0.32113336084772254,0,-1.2774275830936725e-05
121,0.16428539784642204,0.36905934809276986,0,-4.28144001122588e-06
122,0.2433459786381921,0.01249421586682573,19,0.025789791568132034
123,0.34182994457574667,0.5768354123978775,0,-3.155638214648745e-06
124,0.3119676880538189,0.1488881554694902,4,0.005391390661985935
125,0.14355918434341042,0.15274428399724996,0,-7.713355002492249e-06
126,0.31315503965994246,0.5448728335157407,0,-3.2632848960655002e-06
127,0.18974025959244378,0.4335439323898632,0,-2.900967674046172e-06
128,0.11124877293310019,0.2672680857336092,0,-6.928180946824954e-06
129,0.126864057589939,0.40982176270603415,0,-1.9642927220035826e-06
130,0.16359306094267773,0.10446138845388701,0,0.0002738782450584626
131,0.18361764373208406,0.23454745696075788,0,-1.5715213819330308e-05
132,0.3161935571788952,0.5636759624218096,0,-2.7883550630452125e-06
133,0.19627226772632145,0.5535445438847869,0,-9.333962137566688e-07
134,0.31029770351261277,0.5695394634263335,0,-2.4799700597420435e-06
135,0.09068402815755096,0.1353764231067692,0,-1.5756617926331752e-05
136,0.34417854984692237,0.4268406362582436,0,-1.3310620949608363e-05
137,0.04470242302800462,0.5944357327203716,0,-1.3652818332515138e-07
138,0.07495847774417141,0.11278348692510282,0,-1.551389451598736e-05
139,0.14990428873103873,0.4739278971734685,0,-1.302495075300904e-06
140,0.260893263917308,0.39991221169438945,0,-8.135890827541812e-06
141,0.13188143307896102,0.4382470894186193,0,-1.5544090743521268e-06
142,0.15289378536757559,0.5220035901638675,0,-8.298241933067462e-07
143,0.32779010752210946,0.22714888903088284,1,0.0010714838640053282
144,0.2672265821934873,0.15385716230222835,1,0.0019243448829980188
145,0.06398352230106098,0.16272379049130808,0,-1.176865149634754e-05
146,0.16530663989466027,0.37481101106844983,0,-4.084733111292686e-06
147,0.30260764464457496,0.31276665031861267,0,-9.296643117072011e-06
148,0.18926295594236175,0.5334245145496217,0,-1.0642572711967177e-06
149,0.2571888755040306,0.4225379053737222,0,-6.306351375728375e-06
150,0.20735927042842486,0.14907810204070238,0,0.00025295258309584545
151,0.309678989815246,0.4920061762304192,0,-5.329399343007757e-06
152,0.17841592043869825,0.5240990840752833,0,-1.048390501250826e-06
153,0.0479885007022623,0.22646647366056724,0,-5.565018116712684e-06
154,0.11210842252646944,0.30839741066377035,0,-4.661926697802774e-06
155,0.18239845133804145,0.30066571075546816,0,-9.895542012219967e-06
156,0.29109772158215347,0.49218143633932576,0,-4.42852186749456e-06
157,0.23727206657691446,0.20659600037904152,0,6.004936037186614e-05
158,0.2654480968689023,0.5683947723350198,0,-1.6043810131333413e-06
159,0.0006034979393594486,0.10448346025454185,0,-1.1273161065204999e-05
160,0.2533545359193639,0.23670475080183617,0,2.112912803692072e-05
161,0.009787637859948994,0.19961740097588454,0,-4.976829350850083e-06
162,0.3272131458059653,0.19730146115502156,2,0.0025001317032708353
163,0.12237573290507453,0.11626956424327255,0,6.4415898915414795e-06
164,0.12524788648824595,0.4691746118901574,0,-1.0678900789452936e-06
165,0.24215236944259785,0.15270973501555724,0,0.0008753167515987763
166,0.2644309218898607,0.22173192567425834,0,0.00011324921966212425
167,0.33231103713186183,0.4755054672099435,0,-7.802165160696787e-06
168,0.12350860772612017,0.34072574256451,0,-3.7858355796878422e-06
169,0.3487383927258475,0.021684866911252154,19,0.02129389104125149
170,0.23299812746965903,0.524333895329519,0,-1.8030148937770255e-06
171,0.22912033646192823,0.22823460413767108,0,-6.487900036174612e-07
172,0.026019473290636228,0.4756013220281316,0,-3.717555713636993e-07
173,0.07750341443832097,0.3608818317388089,0,-1.9574810984142755e-06
174,0.20759145610536142,0.03164472357532339,12,0.014085673488748552
175,0.23790219983100938,0.5093084616964253,0,-2.2000217024430934e-06
176,0.14825632648151688,0.5738212696292759,0,-4.7191315381936805e-07
177,0.15829881296327203,0.04163009983957768,2,0.0028623120674792636
178,0.30515362004627145,0.35602012965354785,0,-1.5773809424900365e-05
179,0.12086848809877761,0.3430890560628101,0,-3.601987877474933e-06
180,0.31699254812897637,0.1903407135137775,2,0.002398156072045478
181,0.14259923484717943,0.1428365623078088,0,-8.668943007085664e-07
182,0.2201531626914722,0.02606696870352183,16,0.018392401253132573
183,0.20268526605027395,0.1688584640267755,0,7.473793218605006e-05
184,0.07051983336716815,0.20828189642335426,0,-8.264355401918777e-06
185,0.20299778490748716,0.06312125349332198,5,0.005529523044548821
186,0.11266404582984844,0.471112770362807,0,-9.237375598414953e-07
187,0.3489533850963549,0.05022760377027256,12,0.013730013797925877
188,0.15663343833679633,0.006286180232495408,8,0.009290747122437888
189,0.06254013528010512,0.23718653345023688,0,-5.777940526267939e-06
190,0.2574033328365752,0.5707955871584718,0,-1.4455921516806195e-06
191,0.04972554804268899,0.20675030437394493,0,-6.8669123380133526e-06
192,0.23803952481706167,0.4450634300275623,0,-4.1802959633001075e-06
193,0.11912418799047293,0.2838943919064763,0,-6.360533513110851e-06
194,0.09249527842669832,0.5404085609121314,0,-3.7770758938314265e-07
195,0.045180988931444385,0.31661388888879294,0,-2.2065733659433584e-06
196,0.014414613735669856,0.4214240678654469,0,-5.691118095405318e-07
197,0.15487806377894534,0.38383413478379674,0,-3.3661937585117494e-06
198,0.23933891011266364,0.10592441398142761,3,0.003941942296332406
199,0.09228027917399187,0.10598579976281079,0,-9.939609724274131e-06
200,0.12810721550771334,0.502117700565737,0,-7.904472088462055e-07
201,0.002947068826736615,0.014475321525124894,0,-8.686506137722899e-06
202,0.046275618952029016,0.5509961681771396,0,-2.1414045712336392e-07
203,0.311730576323522,0.09496410666338402,9,0.010136879915462959
204,0.08694311965857057,0.37484079268090026,0,-1.8707934071307843e-06
205,0.039852641899812115,0.3283929046810207,0,-1.8599506284526426e-06
206,0.10852808565622546,0.14946314151189355,0,-1.5683401640883443e-05
207,0.3156345437079975,0.47021118048272426,0,-6.993756029413997e-06
208,0.3166597313158431,0.37910840739708107,0,-1.5121385241677678e-05
209,0.27427290495814416,0.4458409846172842,0,-5.930683996627554e-06
210,0.10005705223006774,0.1975800535771526,0,-1.1883607119490218e-05
211,0.0019447683071732002,0.4779969222275871,0,-2.8537084489532416e-07
212,0.014179544956224087,0.4865293363011834,0,-2.9609697981435755e-07
213,0.26625100239953614,0.3638777052749484,0,-1.1841025770979464e-05
214,0.34837411735316687,0.460421889715825,0,-1.0426898050436143e-05
215,0.285583444707321,0.015630480006530466,19,0.025339623393591037
216,0.2593658148135444,0.4043144882010716,0,-7.687169863997803e-06
217,0.2325735501954972,0.2062993270794493,0,4.565654404113807e-05
218,0.1469051381012153,0.39238483405811075,0,-2.8551211978336165e-06
219,0.2883581869299586,0.47126635642449344,0,-5.301989483465111e-06
220,0.11707166425892017,0.07670732332769767,0,0.00011361717456608371
221,0.1629307050963238,0.09585458088317342,0,0.00038998710974285554
222,0.30441055256513877,0.07269090756197982,11,0.012587096510348969
223,0.2911644223918179,0.202576906315677,0,0.0007699540234929923
224,0.24891888548326363,0.3405551547408712,0,-1.2440179401673944e-05
225,0.1516155792125864,0.4145629393632892,0,-2.3979972303372225e-06
226,0.2511244375206996,0.0833240673106768,8,0.00876884304838321
227,0.22511853525105618,0.062043083211276114,8,0.009325483415207319
228,0.26578614344887375,0.4760400104860652,0,-4.0455543099537456e-06
229,0.05215833950604929,0.5560741042862979,0,-2.1585605944729745e-07
230,0.18823343217255636,0.0321893046821784,8,0.009541355339623449
231,0.19234976737436105,0.184371292022667,0,8.088650147031976e-06
232,0.11399249021060968,0.3182307087276468,0,-4.3081086030352995e-06
233,0.07361923030111359,0.21766818475456756,0,-7.782134310222728e-06
234,0.3454443548170059,0.229749391268492,1,0.0016004457221495505
235,0.00136076197312196,0.15637984288909149,0,-7.005897817459734e-06
236,0.033758393621294625,0.5882975058437063,0,-1.3013808963640876e-07
237,0.24992436628537815,0.24165006570702943,0,7.487978806006678e-06
238,0.25301992306721993,0.36028178420449297,0,-1.090492435001107e-05
239,0.15325777724017844,0.3042780622642838,0,-7.266950713601314e-06
240,0.3420490225337045,0.4228593262670647,0,-1.3492831207277026e-05
241,0.2240833951495484,0.46069788169563053,0,-3.1144467256168617e-06
242,0.094543929030595,0.36343726206107807,0,-2.261781637563938e-06
243,0.1193453205233473,0.5168799844943595,0,-6.248474399166914e-07
244,0.1594076115312431,0.2123929671490248,0,-1.5637028629419303e-05
245,0.1670870792742782,0.4984008329104955,0,-1.2105939169269216e-06
246,0.021289327713844758,0.5159420678619914,0,-2.3688752645224801e-07
247,0.01812720150033892,0.011046355701094733,0,8.430231040824158e-06
248,0.1168232507017407,0.3593766361077809,0,-2.9412048305106912e-06
249,0.17573526188869276,0.21574483257048213,0,-1.5694235384131734e-05
250,0.22106428712171536,0.5585193185917683,0,-1.1373850661383018e-06
251,0.11402568524277157,0.115419763997344,0,-1.748240693528677e-06
252,0.2703268173298317,0.30170888249720357,0,-1.5176909991541152e-05
253,0.22772873082868147,0.18372988850175684,0,0.00012582929624660525
254,0.27154601135734907,0.3485127231917295,0,-1.387448710188334e-05
255,0.051033444207344264,0.17620515036813708,0,-9.30560597235742e-06
256,0.1483176236287268,0.42136486395431955,0,-2.1679923636149397e-06
257,0.2108726820796532,0.29021286086616815,0,-1.36570046377994e-05
258,0.08457607567518269,0.09204906657386754,0,-6.386178580064231e-06
259,0.02171203337006486,0.47246838711527706,0,-3.6743202748498364e-07
260,0.29394517477382853,0.20076603008935903,0,0.000903517587368742
261,0.2689371876288261,0.24854160464548236,0,2.8526765178592384e-05
262,0.24222720734462447,0.11107204281507299,3,0.003644662065559287
263,0.03185009014111377,0.35470897035634946,0,-1.31992124165171e-06
264,0.06692736392183393,0.20201250395882922,0,-8.477446639795304e-06
265,0.2720189501439747,0.3967217410406477,0,-9.30776152591708e-06
266,0.045519062478399305,0.2126357764542219,0,-6.22276539573626e-06
267,0.1631992319982251,0.40869045104376395,0,-2.8539617572194406e-06
268,0.11793903241118378,0.06843704265340111,0,0.00018005669171940942
269,0.13118613401266493,0.24100230022721225,0,-1.0686598662001148e-05
270,0.07572997399767646,0.10558025252851733,0,-1.4668299925447499e-05
271,0.2417869282858826,0.5272181055858741,0,-1.9122382150529517e-06
272,0.2472416776351357,0.4475203695109627,0,-4.468928430702622e-06
273,0.15488481030168183,0.23305656042894884,0,-1.3775577182353398e-05
274,0.14721241911834443,0.10789675859963445,0,0.00010556041867815273
275,0.020035022998729418,0.18239930203488372,0,-6.520899845326081e-06
276,0.017919712658776746,0.3095635685896545,0,-1.803588622830277e-06
277,0.11035491640700949,0.31299684101604086,0,-4.3772147063676995e-06
278,0.27468115431308865,0.06297675742191249,13,0.014124927345881035
279,0.14744718785679495,0.027465943417110637,3,0.003313893475560671
280,0.1237037592357015,0.5372485037073126,0,-5.323785810323911e-07
281,0.10805339156416148,0.31678340282371553,0,-4.120417522517459e-06
282,0.23055361930366122,0.4535418538609432,0,-3.5669747829201985e-06
283,0.0370645221668892,0.056824185641147884,0,-1.2257824248416422e-05
284,0.1657225934913574,0.5231943899872065,0,-9.320302471232644e-07
285,0.33500519036500764,0.28731724795713,0,0.00013210237644352112
286,0.05772531227972396,0.148067469799533,0,-1.2601165499505729e-05
287,0.189545785477928,0.45934835580673006,0,-2.2377430618981213e-06
288,0.3246489901691944,0.3667545309738848,0,-1.590509049528955e-05
289,0.12135718709959538,0.4427173221152997,0,-1.3382501086702813e-06
290,0.26497631581844594,0.2634339225218972,0,-4.844471027593246e-07
291,0.27959754711037454,0.2863072344954644,0,-7.142088523617895e-06
292,0.3222393790853465,0.49056980555536406,0,-6.114114996807285e-06
293,0.31153377967071066,0.35127718497323196,0,-1.583746685985113e-05
294,0.32637651804295265,0.35853029835118316,0,-1.5387013890833464e-05
295,0.0360509792447128,0.41652647277494503,0,-7.418674309815176e-07
296,0.31104326476268096,0.1154362249957514,7,0.008350041947536859
297,0.21347261932602005,0.5372855195332061,0,-1.3037595983556993e-06
298,0.11652090778653738,0.557707159700502,0,-4.038564632292075e-07
299,0.12932552635887307,0.2730684835199116,0,-7.79820606032361e-06
300,0.27375468016014354,0.378107270051696,0,-1.1180076387353885e-05
301,0.2962168400007799,0.5800506762138306,0,-1.9406112157690397e-06
302,0.28796711336891934,0.3427069674861925,0,-1.5599621938541853e-05
303,0.06616354718262155,0.38976312821181913,0,-1.3096376044336207e-06
304,0.13402979483729555,0.5846183937495057,0,-3.6752454881453423e-07
305,0.19538180558760537,0.2553739486683114,0,-1.527619600146511e-05
306,0.19562451594199937,0.2686092567196149,0,-1.425048990365199e-05
307,0.14459999056811731,0.423919197815321,0,-2.0364319378349236e-06
308,0.056868776930595916,0.2982587407453839,0,-2.9781244797774973e-06
309,0.22544108562115991,0.3445758891848408,0,-9.808713539524463e-06
310,0.27336631404644757,0.31618409200548525,0,-1.585697865512884e-05
311,0.08605178147621866,0.18821332334380528,0,-1.1430064808974507e-05
312,0.19254140982950377,0.4766059437978588,0,-1.9404557906201656e-06
313,0.34910859029785857,0.3090878544876309,0,8.819492248555659e-05
314,0.327280178292892,0.41674370507917313,0,-1.2638640265771728e-05
315,0.3344142504856334,0.022312287664240916,19,0.021571923945632343
316,0.21580301954140307,0.14289630018960559,0,0.0004717042144586981
317,0.18515476832790104,0.0874676417255928,1,0.00132758082711881
318,0.24662597774078748,0.5302089524963751,0,-1.9476752589407057e-06
319,0.046743376737473696,0.36641662097864897,0,-1.3623993924743956e-06
320,0.07938892799141262,0.5087326195759112,0,-4.548556599978992e-07
321,0.06671602954398784,0.24113574301431007,0,-5.790513120114005e-06
322,0.11956457660851211,0.48122596265898504,0,-8.944452994847426e-07
323,0.09278525353868089,0.2652724712084722,0,-5.899380338700851e-06
324,0.10033520771574303,0.28521401424075105,0,-5.220432747076336e-06
325,0.04312141154998183,0.26846953730404105,0,-3.4953728110967568e-06
326,0.19103858324151066,0.3979304933377621,0,-4.190067428948135e-06
327,0.2753487757614687,0.09537560627473114,8,0.00917129595709511
328,0.24841511503087335,0.050393887989612036,13,0.015193222720369588
329,0.17919579888458229,0.2477011389172319,0,-1.4639966161746617e-05
330,0.28017898718035267,0.12345278283136674,5,0.0058249650606773075
331,0.17940469926557384,0.028269174631244207,7,0.008619481049293535
332,0.09981095537478434,0.1758794938837669,0,-1.3978440531914864e-05
333,0.165690754650805,0.07384632759009455,1,0.001088134019067962
334,0.2755505891912302,0.5256838221026833,0,-2.7183196888465816e-06
335,0.0030753768148578217,0.1518621579395403,0,-7.4415041722711345e-06
336,0.14108975044463906,0.019204659701967563,3,0.003606775323417236
337,0.17780943668399996,0.5347673779649937,0,-9.366386569533217e-07
338,0.11230582190836862,0.1271606962326884,0,-1.0516435882443313e-05
339,0.28707755836978344,0.40296466287267646,0,-1.0088568736808883e-05
340,0.30165823165110933,0.5599610985670849,0,-2.503865791034617e-06
341,0.07420842234969893,0.26179375313067604,0,-5.084567859250868e-06
342,0.04784060104071101,0.4918490860401479,0,-3.929659219369654e-07
343,0.11913157575414897,0.35488261881356675,0,-3.147612278711714e-06
344,0.08174422724223866,0.2975972621174338,0,-3.8400781336102416e-06
345,0.10183866853787055,0.14569824716831367,0,-1.575137450503182e-05
346,0.2283101603074579,0.31874481012997463,0,-1.2564127408472028e-05
347,0.2949325695701028,0.13203456034698083,5,0.005996641744077335
348,0.28637951878174805,0.2023811328314542,0,0.0006552665576602897
349,0.1348442906823063,0.509489973013217,0,-7.853624247174538e-07
350,0.34918317662265924,0.5935360123400133,0,-2.874228268633156e-06
351,0.26347588252611487,0.13317950601777592,3,0.003275942167938754
352,0.3202814678794505,0.37791063551359955,0,-1.544890185299776e-05
353,0.15072364353483939,0.3067725332706327,0,-6.9213931646993575e-06
354,0.11916669156844527,0.5884452303280915,0,-3.049397626444653e-07
355,0.15743729166682002,0.3158331100953053,0,-6.764271755200339e-06
356,0.2961614284126354,0.10316043833302764,8,0.00924358734625205
357,0.1972180142967849,0.5633950181646419,0,-8.538744022074627e-07
358,0.15899982358184542,0.10194520218648202,0,0.0002500570402293507
359,0.21525783012390157,0.30361680412797226,0,-1.2773031154542995e-05
360,0.09265710102805193,0.05841835262374814,0,8.227952979028985e-05
361,0.032418335317142694,0.3152210226618244,0,-1.969893175446018e-06
362,0.2331530834142976,0.19755123907079705,0,8.027523681624638e-05
363,0.2172200877014299,0.015301454851931172,19,0.021741654286875002
364,0.04128481742181747,0.13157252890271778,0,-1.260855185475421e-05
365,0.11643305317950012,0.5520128240954888,0,-4.2714455313896417e-07
366,0.20100292679625245,0.3113222820864257,0,-1.0625922422440728e-05
367,0.2211147690729628,0.22230768353797395,0,-2.4598415353788606e-06
368,0.15662262301510077,0.3259445899344502,0,-6.078983494696047e-06
369,0.0507356297734331,0.23042076693567548,0,-5.498979146310705e-06
370,0.002944654202650826,0.3298359383830027,0,-1.2681589226355592e-06
371,0.0987141566285326,0.22447960153929122,0,-9.24840421011425e-06
372,0.24016933810999028,0.09921144358999674,4,0.004879136959195363
373,0.036920530943230175,0.2860071782377708,0,-2.758597428711294e-06
374,0.2803476084387562,0.30525883362513023,0,-1.4191478259208476e-05
375,0.008610455387742555,0.39114372247788015,0,-7.26974893773636e-07
376,0.24432092380350334,0.3998073863479747,0,-6.945320864605451e-06
377,0.1292371978441412,0.5375387301786434,0,-5.609893774318274e-07
378,0.1518737805174504,0.5575537279840642,0,-5.75690839616715e-07
379,0.2178226210060556,0.129143176384408,0,0.0008869383511023429
380,0.042775925870842696,0.5078011962435856,0,-3.184984892641765e-07
381,0.3272091387848761,0.2662373074714866,0,0.0002431549878175357
382,0.30783550190586684,0.25330365445567976,0,0.00018874219585675387
383,0.22283609678042218,0.553458606267405,0,-1.2177433599512147e-06
384,0.22054093202078026,0.39444303226907995,0,-5.8037596313222105e-06
385,0.1289020356970668,0.06400555806351811,0,0.00036442164611544416
386,0.2768427120956941,0.2834335183290742,0,-7.041681632305514e-06
387,0.2061224895786507,0.1766542819468087,0,5.7503746364419014e-05
388,0.34846971289628814,0.45899302778028656,0,-1.0569884974717912e-05
389,0.12555680951145815,0.2105480601605915,0,-1.3120526008676001e-05
390,0.03561736829535064,0.46945141681578234,0,-4.3511283378858285e-07
391,0.036236103755883015,0.35308405822734984,0,-1.401605083554678e-06
392,0.004328784620495806,0.19291516308209714,0,-5.038733843086693e-06
393,0.3268917411970706,0.27358509170405115,0,0.00017367307177177863
394,0.03827936634702428,0.27937236775585356,0,-2.987652119761476e-06
395,0.07931725343126712,0.202703494086833,0,-9.457306158089125e-06
396,0.07676811374585268,0.14982504816972791,0,-1.425410569125755e-05
397,0.3122494073791448,0.5404443644545429,0,-3.379952215606985e-06
398,0.14514906204640843,0.4229459539906009,0,-2.0676254197444754e-06
399,0.20114397302712692,0.10808129870235687,1,0.0010809573848946429
400,0.052233765863866514,0.4523527873069607,0,-6.09448119867986e-07
401,0.3117788718001969,0.32313677213329234,0,-9.957807125324634e-06
402,0.11436921751739747,0.4559602120382769,0,-1.09330096082027e-06
403,0.2143386602378777,0.4106542746499727,0,-4.651599295363336e-06
404,0.22265760359400033,0.5346183978923503,0,-1.46747464425811e-06
405,0.11315364563577578,0.05470919192998453,0,0.0002752216922663667
406,0.22823576677071788,0.05215369828626182,11,0.012177021153537792
407,0.27050604552096685,0.5428104965352502,0,-2.178794069374126e-06
408,0.21298570471461428,0.415030992627543,0,-4.394676628803198e-06
409,0.20467154212454297,0.3399187527954777,0,-8.444006593061122e-06
410,0.06221609912473335,0.14373952594325204,0,-1.3466270288542437e-05
411,0.026914366889096025,0.3398223888831371,0,-1.4580703415998765e-06
412,0.16144163115480534,0.49263204712481523,0,-1.2122040123082568e-06
413,0.2895498370000506,0.20903256799014208,0,0.0005704431063947533
414,0.3478217090695021,0.5641736871402173,0,-3.7991899719184396e-06
415,0.3102559852250711,0.1341270152152019,6,0.006653748220163043
416,0.27313220852480513,0.2975687852008715,0,-1.4069976127928953e-05
417,0.1742484695316905,0.1658064422752988,0,9.01354618846801e-06
418,0.34057943855987244,0.44948862474576956,0,-1.0724836736335214e-05
419,0.10757578321382998,0.4975327684321746,0,-6.74146407026321e-07
420,0.22325508743411818,0.2867676816210864,0,-1.5034165579147236e-05
421,0.19782915859626996,0.28510531197740785,0,-1.2883612503064213e-05
422,0.16032464961454057,0.3769085030205802,0,-3.8073047112232243e-06
423,0.17826357158264636,0.10886269598913054,0,0.00042481045314250835
424,0.2151190097137661,0.2737704754931901,0,-1.5363037961474162e-05
425,0.023603174073694944,0.038366641949523016,0,-1.0307267260377417e-05
426,0.04263135731494787,0.4390749987285768,0,-6.323351668183523e-07
427,0.25340444246784793,0.45817790189491353,0,-4.2732648820151065e-06
428,0.30982184975915605,0.08739181413278149,10,0.010877251252593065
429,0.26231508471214254,0.29738556103163594,0,-1.5514858320581226e-05
430,0.3312208699921224,0.45777070828910604,0,-9.13458573678837e-06
431,0.29231498024796854,0.4019871018134808,0,-1.0665732196288379e-05
432,0.046341168413622215,0.09836247654286127,0,-1.5653028392200646e-05
433,0.14445156354101515,0.39282833658707644,0,-2.7738661414069757e-06
434,0.05480575211061621,0.57565625463159,0,-1.8222405037506688e-07
435,0.022601634371737095,0.14501063646129023,0,-9.549586382013568e-06
436,0.09674066063959579,0.5106845470743895,0,-5.304589762253444e-07
437,0.30065196972154856,0.26323103251843444,0,8.211434077012924e-05
438,0.08891054569099088,0.026092163036799197,0,0.0003403356272436531
439,0.19916814954054102,0.5234534718286813,0,-1.2979686114752736e-06
440,0.28143675917548755,0.1732768118468392,1,0.0015580398823122755
441,0.19340110488629922,0.4060414429751919,0,-3.957111069729193e-06
442,0.2828448234335715,0.4895658958914141,0,-4.1883314171424296e-06
443,0.19671558806576817,0.2774113740898808,0,-1.3528660325260828e-05
444,0.09096224695828611,0.5766040231963875,0,-2.5901062800926526e-07
445,0.2745288475267935,0.46300457178972365,0,-5.019964933025302e-06
446,0.12970885894087625,0.5039901809828509,0,-7.882904646453971e-07
447,0.02060878104783294,0.3985686054017853,0,-7.608967355831188e-07
448,0.16342594477388295,0.5917985935031354,0,-4.5874007218105063e-07
449,0.15574430291046387,0.5413538616117528,0,-7.035871046422204e-07
450,0.2745447641255676,0.5879868510561335,0,-1.4443336386393944e-06
451,0.21767357339088597,0.3725612137870153,0,-6.990215475447136e-06
452,0.14174534251371365,0.4457785537368899,0,-1.5908224899681866e-06
453,0.11119354730437313,0.5832984622212176,0,-2.9647484006212684e-07
454,0.09964402344129744,0.09064364136287503,0,1.0747129163923935e-05
455,0.08825519792800512,0.36531336345515497,0,-2.0847869826059783e-06
456,0.12455525813246629,0.5289220747621642,0,-5.83541231972263e-07
457,0.07716054082317829,0.23517305402715616,0,-6.7986953561754064e-06
458,0.3448186167789432,0.2266452280135439,1,0.001717450545275971
459,0.30687572959310805,0.3845840525578335,0,-1.3798892392029668e-05
460,0.12930478477058058,0.18918353203911334,0,-1.527747278108308e-05
461,0.11273707892714367,0.09897440175139594,0,1.8661256240626766e-05
462,0.23846319836883267,0.46959607965572236,0,-3.288355749834167e-06
463,0.08861906770222153,0.5151111779458927,0,-4.6795620114783896e-07
464,0.24998386036236614,0.2242313685503234,0,4.324411385787892e-05
465,0.07936738864288789,0.0453578993477713,0,8.165488627408018e-05
466,0.08986083992997934,0.0025502732724665077,0,0.0009801488469249296
467,0.01664371604566446,0.5873521589939245,0,-1.1072940003283548e-07
468,0.2629078444653565,0.5353504138914226,0,-2.1761674916928873e-06
469,0.19458726859848005,0.46701002471767467,0,-2.1797208187700868e-06
470,0.17802480645304578,0.4551561882766152,0,-2.080210181413669e-06
471,0.1812722124261995,0.16990499331661865,0,1.3366610713865786e-05
472,0.034516862258436705,0.004289994832061183,0,6.628098083065787e-05
473,0.3128595166134259,0.15433406966602028,4,0.004955600583085085
474,0.020769451891981844,0.3072951672517395,0,-1.8981924817140984e-06
475,0.3070945646907251,0.27434873654192143,0,6.252685692240594e-05
476,0.20194098844986236,0.09472077738026626,1,0.00183893321977832
477,0.3014794547242643,0.20574119566448126,0,0.000971532362045635
478,0.06706400889667971,0.47625850019747906,0,-5.564743233633386e-07
479,0.159433462357758,0.4364057277167878,0,-2.084218251592787e-06
480,0.25397126127205155,0.2770727616340563,0,-1.3708045919949434e-05
481,0.25087947238432845,0.2954935025226556,0,-1.584829086862781e-05
482,0.029541111464760232,0.07753172436619535,0,-1.5740194559941107e-05
483,0.017581228822536907,0.19619587176884445,0,-5.55951418335785e-06
484,0.10651980632112827,0.12291914734774105,0,-1.1148040179373531e-05
485,0.3269279761284844,0.09701855907785177,8,0.009575519433289255
486,0.021651487570130728,0.5010770441678211,0,-2.7584833839609095e-07
487,0.24082724552136203,0.20881565155864937,0,6.480574545752748e-05
488,0.24523163777207035,0.16786681807008566,0,0.0005430898413641253
489,0.2173998681668646,0.4988981843781642,0,-1.989882834990116e-06
490,0.10415223991975485,0.4298746925615739,0,-1.2814681441296682e-06
491,0.2521895027407284,0.2202967569997469,0,6.356788993281495e-05
492,0.06462022702165232,0.11068374150137306,0,-1.5755553287236133e-05
493,0.15198524542515407,0.3214184342044744,0,-6.0728852678478604e-06
494,0.06590412008484878,0.5668449288864411,0,-2.223376915389477e-07
495,0.3307365464227367,0.2531975539097702,0,0.00047065692260173705
496,0.015529874425881905,0.5656892912553902,0,-1.3599089369183123e-07
497,0.2731861614607086,0.514224509335676,0,-2.9766863321075636e-06
498,0.2716495752492612,0.06105356661946077,13,0.014377638457156542
499,0.15444541855272417,0.5939263069244916,0,-4.1057228516211166e-07
500,0.19353817863231615,0.06943385229724142,3,0.0034168733480369204
501,0.009113406184574796,0.5534511979405943,0,-1.4415221519881977e-07
502,0.11555059916076349,0.05173629908569075,0,0.00035047352702517287
503,0.287447916119346,0.2853578739440176,0,-2.831928171057749e-07
504,0.2246546221081397,0.47220415264508897,0,-2.792532121546184e-06
505,0.3099701985124404,0.502604689261035,0,-4.813009449027642e-06
506,0.34730848026908967,0.17683629932033246,4,0.004731850666296656
507,0.3140666833634837,0.531492442357714,0,-3.7623483040445385e-06
508,0.3403144072680475,0.5207228615100749,0,-5.426474875053149e-06
509,0.25591172976987847,0.38691382942895364,0,-8.778987082218852e-06
510,0.23115612967766097,0.14758974560890295,0,0.000710494683097843
511,0.05081354055268108,0.2536392096307242,0,-4.372986523496637e-06
512,0.29836902996784315,0.13298182768647837,5,0.0061267024482398935
513,0.11103787079246769,0.09894553960751566,0,1.5656400034389343e-05
514,0.036142232361949946,0.5920083224439553,0,-1.2841924715344717e-07
515,0.19801627363510438,0.22972885106185978,0,-1.5078536573401996e-05
516,0.05717942863407336,0.08768316486608407,0,-1.4752848682568456e-05
517,0.03393668199263758,0.5193344746780794,0,-2.598217157780479e-07
518,0.018256507713028183,0.4335641118612581,0,-5.23772039622363e-07
519,0.18445230997595968,0.12417192324632931,0,0.0002831013133826052
520,0.26576683168984766,0.23019998509519216,0,7.735038412321014e-05
521,0.1078359238667635,0.02522328014313373,0,0.0007939927088518919
522,0.031019100277455955,0.22322266617249223,0,-4.860065754727378e-06
523,0.2608284744949655,0.15567477080962425,1,0.0014872360490581832
524,0.07258469068260334,0.4218582515541915,0,-1.0130510936954192e-06
525,0.09000581903920375,0.21612839030124129,0,-9.218922307513603e-06
526,0.2738388851733968,0.48760598401645777,0,-3.905880409194802e-06
527,0.268196746250461,0.2453242118425329,0,3.452623213386022e-05
528,0.21868032769562473,0.06423336537496095,7,0.007796012570975944
529,0.06756938268790148,0.5702890803764711,0,-2.1841320456605945e-07
530,0.12753347140748972,0.24837378193087015,0,-9.674720127342703e-06
531,0.04515797019749332,0.14058626306976624,0,-1.2098266024812984e-05
532,0.2908265619872398,0.2652415809565854,0,4.062280571292078e-05
533,0.2757020998218168,0.3017239318622998,0,-1.4391365176630388e-05
534,0.10613622181792516,0.314849183079249,0,-4.121241127396002e-06
535,0.34543425104658787,0.4108028277240832,0,-1.4897865596080152e-05
536,0.21053074175118866,0.17407493593391213,0,8.602312712307379e-05
537,0.3489450774946387,0.08763829638036504,8,0.009286226796620257
538,0.11977299772275894,0.04770923291788198,0,0.0005020832920073125
539,0.12062259111398697,0.11963962146251485,0,5.036001600308935e-07
540,0.303598918591217,0.025616406400431255,19,0.021553120400729688
541,0.09292410375219307,0.5449781530488249,0,-3.6238550804198405e-07
542,0.16396666291379333,0.19598892718600894,0,-1.506456706281486e-05
543,0.07614545926345079,0.4362388283442326,0,-9.091300704643099e-07
544,0.12477638468806478,0.4007451416613211,0,-2.1064446286729714e-06
545,0.3164820357605667,0.38903918063922577,0,-1.4278688233395119e-05
546,0.2384007408284372,0.20067387481979285,0,8.974285823633365e-05
547,0.012658462070970532,0.31161524084644415,0,-1.6765482098119434e-06
548,0.23629652025805084,0.4800432691344175,0,-2.8997991900249222e-06
549,0.17482865652791088,0.2807909071465209,0,-1.1046557850728406e-05
550,0.17417102130310486,0.05052872913388695,3,0.0035482185233294814
551,0.15798533495381062,0.4016670212970381,0,-2.906240766134544e-06
552,0.29182227063759664,0.10448902737664023,8,0.008935331672479722
553,0.031439884313346586,0.004840740863315962,0,5.288644336625793e-05
554,0.14086797973161092,0.5617031417747327,0,-4.94823651873175e-07
555,0.139495388027037,0.39803497615753136,0,-2.506435918965613e-06
556,0.07794379565813556,0.32928302321492137,0,-2.6958293047726534e-06
557,0.0800321399469856,0.36067967724427036,0,-2.011567736202748e-06
558,0.10683534360190972,0.44713970652768414,0,-1.1075784251763728e-06
559,0.04702265281931624,0.13476594608476744,0,-1.2859720439237444e-05
560,0.20770571941519306,0.18343703120339963,0,4.086364664750076e-05
561,0.05211784011823512,0.299595261082084,0,-2.8027479953345924e-06
562,0.33727078948324796,0.042567887555855166,14,0.01580348220271061
563,0.26397682637759573,0.4083101604708737,0,-7.731846308573488e-06
564,0.09139822922826177,0.08629574065772413,0,5.410817786445889e-06
565,0.16012323404977183,0.5134200721518817,0,-9.71849225757067e-07
566,0.3371460342776287,0.5971175370840605,0,-2.460255587344309e-06
567,0.3156862432817274,0.5477722959480903,0,-3.251112765758881e-06
568,0.08146005178378522,0.2416540270487967,0,-6.6552832206631024e-06
569,0.2436580646258921,0.3376997435707456,0,-1.220191134458521e-05
570,0.20252591879209253,0.4817381131562757,0,-2.0364601643551065e-06
571,0.08372949792949562,0.2253794342529241,0,-7.961950725837194e-06
572,0.2580565890878975,0.07886270088681917,9,0.010339946569062475
573,0.23587852566002462,0.16762440865848507,0,0.00037813035340952204
574,0.18357785067420498,0.33823677931557283,0,-7.010942770364237e-06
575,0.16637583749461282,0.1982560000814967,0,-1.5050742316298101e-05
576,0.24358943528308555,0.11298744742042349,3,0.0035663831584174257
577,0.1926640568874454,0.3590688850327833,0,-6.250807466744561e-06
578,0.22182870827943096,0.22907339545301417,0,-6.993971855095819e-06
579,0.2713350991508789,0.3059278948758774,0,-1.5492663975117824e-05
580,0.14845205036053494,0.44075456029968724,0,-1.7885208295264957e-06
581,0.03650604147032106,0.15519855996476536,0,-9.87922515173521e-06
582,0.11460774028693034,0.34634680852615196,0,-3.2763345439888664e-06
583,0.04383367401718271,0.15798794402416,0,-1.0293015423713716e-05
584,0.140142200591044,0.41809263226347,0,-2.064629225519599e-06
585,0.17964973552683736,0.2659234594202188,0,-1.2985885594078626e-05
586,0.27759547582214994,0.18895649176449314,0,0.0007932075320678665
587,0.1569289458985325,0.07895251688709164,0,0.0006245095927864164
588,0.007427299591749558,0.5311305019458274,0,-1.7719129493352814e-07
589,0.04923196531467272,0.17537359926384483,0,-9.222307257677984e-06
590,0.11563706836855718,0.03340011880062372,0,0.0007765213757286023
591,0.05818696457622797,0.24047284423519144,0,-5.359129579591799e-06
592,0.13043785704427896,0.10527280334505781,0,4.6213808742283516e-05
593,0.23417088429455699,0.38936383307915895,0,-6.966850306973945e-06
594,0.3386902539013827,0.12546162902548122,6,0.007490619021644672
595,0.25101904949183557,0.20017694457649945,0,0.0001712479551942315
596,0.03830284220328179,0.24596270000525425,0,-4.168548155823823e-06
597,0.2517473764138239,0.337977976833895,0,-1.2977028689583928e-05
598,0.26958457978716066,0.3976754114267618,0,-9.018997040122482e-06
599,0.3252653763680997,0.2911340103972197,0,6.610164651958264e-05
600,0.21305834465054818,0.3579709769945559,0,-7.698300967796815e-06
601,0.06922875505908657,0.3459237081041465,0,-2.092914354501733e-06
602,0.08057158060732124,0.48572547604201033,0,-5.793189344800267e-07
603,0.2209906093741665,0.27669889433581035,0,-1.5529808809866897e-05
604,0.19694458386057676,0.33783020991546475,0,-8.004067007404545e-06
605,0.029900826517765714,0.42533909419798444,0,-6.388168595324666e-07
606,0.11894674022173503,0.49754535692050567,0,-7.551060067138464e-07
607,0.14519764151176814,0.3991839314262141,0,-2.6227674695805735e-06
608,0.2043060299340882,0.5555500951508245,0,-9.912351424268787e-07
609,0.10090957467373318,0.27087341575476476,0,-6.0466699432512105e-06
610,0.1557651919541728,0.04336742638922706,2,0.0024524317970419382
611,0.20127532195294423,0.5812160027973549,0,-7.440446851394563e-07
612,0.042815859918280186,0.5721913482831222,0,-1.673565803443607e-07
613,0.030234308931163214,0.06588645879031871,0,-1.5334168046827202e-05
614,0.15268236522958403,0.3216044808107446,0,-6.1033329990040865e-06
615,0.2595016209344094,0.12469301720350329,3,0.003783503542963934
616,0.32435338272826375,0.5108792942101216,0,-5.110798983553437e-06
617,0.08005619054688629,0.1497447713412282,0,-1.454604866918488e-05
618,0.19981494888966883,0.3355179095227049,0,-8.408478648074224e-06
619,0.2690440105509528,0.5626495893936994,0,-1.761211480229356e-06
620,0.08069495662038301,0.3189505862267534,0,-3.0717378588043896e-06
621,0.10331230522542743,0.38260451959068326,0,-2.0383163866743725e-06
622,0.30186709153623,0.07177360431929265,11,0.012763986406967619
623,0.015367016191302695,0.07003957575775621,0,-1.555213075158684e-05
624,0.28034869898133974,0.49487506900538814,0,-3.875860703613005e-06
625,0.23134060370559822,0.5499196335178189,0,-1.3733013153846822e-06
626,0.08622972222204305,0.0947672332435909,0,-7.084547681505587e-06
627,0.17693462580860406,0.24393345050920526,0,-1.476342997046064e-05
628,0.14245338556745224,0.5002945440800226,0,-9.289460414584926e-07
629,0.06339902918271345,0.4280109366480857,0,-8.691100836838052e-07
630,0.04307067020118994,0.5595673256867856,0,-1.9035862965414655e-07
631,0.04935046548225431,0.5402924124707972,0,-2.45766050241915e-07
632,0.3415850299535364,0.4443202580419396,0,-1.1319093414592262e-05
633,0.31655975110166473,0.5998867432335815,0,-1.949494774315629e-06
634,0.1690860983148955,0.17799412422740282,0,-7.678437572032504e-06
635,0.309097417111204,0.1814519105527027,2,0.002541367991263885
636,0.18108054855205447,0.19949555790405565,0,-1.2115383065511005e-05
637,0.19407573339053236,0.09966733338775247,1,0.0011522794635400323
638,0.34815142844176494,0.06592185757397025,10,0.011424030504148815
639,0.2227701205493948,0.008146235211629648,19,0.025461771725822795
640,0.1903996472036131,0.14067645667262924,0,0.0001726663624593178
641,0.30357224272813904,0.36851545930233975,0,-1.4929489476393234e-05
642,0.3413045147640181,0.32176916397432676,0,2.3640697887943264e-05
643,0.30855712378320876,0.028606558326506912,18,0.02050189359202909
644,0.1583179787388312,0.5270918254887017,0,-8.325432135266109e-07
645,0.3458864944350159,0.07987551967650412,9,0.010076430502531566
646,0.0882627194373785,0.5915237897214082,0,-2.1717789702910713e-07
647,0.19888116881965726,0.42699226852957683,0,-3.3917812106864877e-06
648,0.015263293305036773,0.31524479577545644,0,-1.6594164773835745e-06
649,0.0018446341445294,0.33510850326089925,0,-1.1898906092137447e-06
650,0.23715121957292845,0.09341016303253365,4,0.005340860827995311
651,0.2906006414287308,0.39019796912822274,0,-1.1640501064150905e-05
652,0.10526508663458094,0.1727992095196583,0,-1.472245980913318e-05
653,0.25678121822190614,0.5430810085309183,0,-1.8950992895548057e-06
654,0.06474449049641286,0.021208347854681973,0,0.0001369900643488205
655,0.05404121081801982,0.3925909744506442,0,-1.1279772793733474e-06
656,0.30646865284502467,0.20800584188437052,0,0.0010539692915040018
657,0.34527440119360453,0.061140555290657116,11,0.012193505625266991
658,0.32692751572246154,0.5541556505416109,0,-3.4113203719560907e-06
659,0.14895095233159716,0.19091297833874912,0,-1.5737891649835636e-05
660,0.25084299449989794,0.21073839234165717,0,0.00010054624151406586
661,0.01110553446095398,0.39953549375367375,0,-6.853305398135061e-07
662,0.1308688659843076,0.0402579208291177,1,0.0010814537067140725
663,0.1554159388253055,0.04930858971227723,1,0.001931307545028928
664,0.04975212702850045,0.5854525796858517,0,-1.5708690342332677e-07
665,0.054755476639183245,0.3189781989029352,0,-2.3710961786448745e-06
666,0.18227067873654507,0.35653308832823316,0,-5.788015295620234e-06
667,0.17263996550670646,0.5696776273868052,0,-6.274410168373349e-07
668,0.02712219092957443,0.4524427959500923,0,-4.7382242762308554e-07
669,0.13512005603307967,0.4351294763946652,0,-1.6562883375990101e-06
670,0.33201556967831464,0.4241742476119832,0,-1.2368281532111701e-05
671,0.07366572844732654,0.24662501967955516,0,-5.873718467542903e-06
672,0.10310864516343962,0.48699884708513425,0,-7.163533374143426e-07
673,0.2336610107214813,0.444608580500314,0,-4.020795373308333e-06
674,0.09645317868996894,0.3252512358515369,0,-3.3747699040467308e-06
675,0.09276193982952534,0.49377253322817494,0,-6.037273201280567e-07
676,0.09290525991790743,0.010130306058478644,0,0.0008085332081527262
677,0.22232629741339827,0.5355783868766567,0,-1.4486654303173726e-06
678,0.04324447216945985,0.18253006509234507,0,-8.148185534247708e-06
679,0.11537897389767049,0.16542881879309368,0,-1.571832794011492e-05
680,0.04990961349388068,0.38119915799899184,0,-1.212965255663562e-06
681,0.15684375698929381,0.08485368946404612,0,0.00048488472862293736
682,0.3208469556341296,0.5550671932835127,0,-3.1822501669349138e-06
683,0.22250832166153,0.5366717620760175,0,-1.435523882325371e-06
684,0.3008983680665221,0.24349842010885445,0,0.000216671638750269
685,0.21057640212546544,0.28954983843077886,0,-1.3692135001023178e-05
686,0.012080690274002891,0.47776320819881474,0,-3.165182053320907e-07
687,0.1519407775220898,0.2205404629677764,0,-1.4633182027250293e-05
688,0.03784628888789328,0.11425023121430383,0,-1.3953529864570214e-05
689,0.00043928996525057217,0.08428967230834129,0,-1.3247063401370417e-05
690,0.04296730583189107,0.2703538724007238,0,-3.4250857478541176e-06
691,0.09342201646230977,0.510750837474625,0,-5.128275749651835e-07
692,0.27866169930139134,0.0067423042533792275,19,0.029020586754603374
693,0.04160218905544416,0.4350963800214849,0,-6.512704455261155e-07
694,0.11132518626818329,0.2130129853148956,0,-1.1472509571373666e-05
695,0.04560735611977315,0.5739163376202183,0,-1.691456056749602e-07
696,0.30338455122752545,0.09649094765716504,9,0.010054236044832765
697,0.15388869365341729,0.48796760640887654,0,-1.1778474794882318e-06
698,0.07205036918513956,0.25609291666686174,0,-5.265958671594949e-06
699,0.05960993939804981,0.007139303027906307,0,0.00021319737210272213
700,0.18488726226690025,0.4231601199742594,0,-3.065826718468792e-06
701,0.08073648378148221,0.3549291305215088,0,-2.145567815818676e-06
702,0.14052888021389373,0.3816447099707773,0,-2.9825246617715977e-06
703,0.3017809776595606,0.1888961921552717,1,0.0017052786586888833
704,0.10302068914839191,0.4630335280334954,0,-9.095292955337189e-07
705,0.13195311333224197,0.16417189387756462,0,-1.5048247445768246e-05
706,0.2944198184739639,0.04537892106874825,15,0.017050707695568813
707,0.2657663468860324,0.29783188930162996,0,-1.5243893123406845e-05
708,0.28609553309421226,0.25849238612499464,0,4.677892951337507e-05
709,0.28971044095043613,0.4166395221032179,0,-9.112710592536768e-06
710,0.1861635987491014,0.09830236403650865,0,0.0009020142757004936
711,0.09867551401778277,0.2346223511044338,0,-8.404648363246324e-06
712,0.04512607557649616,0.196546415907122,0,-7.251110950772958e-06
713,0.14671258659063824,0.18965226120905102,0,-1.5758040685289858e-05
714,0.03840458398040639,0.372115448882961,0,-1.1841144465858278e-06
715,0.25790901142341216,0.14173076553513358,2,0.002167303013405189
716,0.11303106621470298,0.17485502227711505,0,-1.5149375310262391e-05
717,0.3245306272053046,0.2004039617364275,2,0.0021768339660556825
718,0.27218627551275465,0.22972616467964982,0,0.00011087248613792869
719,0.10986392031324362,0.01753872936395069,1,0.0011856118971349558
720,0.04160828654541204,0.4403797151483198,0,-6.177935574804103e-07
721,0.28648087991743054,0.5840405179756498,0,-1.6923127553998706e-06
722,0.047534844763871084,0.32795049647570307,0,-2.0170871332799956e-06
723,0.11439665788828836,0.08842727206866104,0,4.921467030383111e-05
724,0.30239197690083613,0.19329422660088583,1,0.001511862332473324
725,0.1488176787739788,0.392861866477645,0,-2.896219801223742e-06
726,0.06836386871158516,0.5812612636722787,0,-1.9727616296593105e-07
727,0.29089489618017844,0.5379612376444828,0,-2.801750205231594e-06
728,0.21670719221016488,0.254352901849962,0,-1.5622099823627135e-05
729,0.29822182932241253,0.126903977427709,6,0.0067613672531127884
730,0.1948436011488205,0.4021329265904976,0,-4.173224569431861e-06
731,0.2897987100836733,0.18337867094147914,1,0.001437456898863191
732,0.049648770319618236,0.11253112395426917,0,-1.5076722007547522e-05
733,0.12849010753501283,0.3552505333052987,0,-3.442254062223777e-06
734,0.014402200403228586,0.340712779724761,0,-1.2753917483978046e-06
735,0.1420425932616581,0.313372810248449,0,-5.961919544711891e-06
736,0.2772518067692147,0.3193972464181312,0,-1.5851667085544394e-05
737,0.12108809744248121,0.17781276789776865,0,-1.545915019044208e-05
738,0.23177606989915667,0.5734706252949073,0,-1.0899602765982073e-06
739,0.20250246272521322,0.05561184662476557,6,0.0068397574016837385
740,0.04946029669920969,0.20830472763190838,0,-6.746358334423275e-06
741,0.23318994747366573,0.07616313994272617,7,0.007689638500795128
742,0.18544366682992303,0.20546161376001804,0,-1.2648061973307562e-05
743,0.058181480187925384,0.38888991304951154,0,-1.2199090724009126e-06
744,0.2567436123837951,0.18502646295478048,0,0.00042435283648275624
745,0.04677907176177842,0.039402382144961674,0,8.73959213790457e-06
746,0.2546453285276168,0.3213857540250126,0,-1.4784003072904516e-05
747,0.19366809789597203,0.0826448892309376,1,0.002151487343528658
748,0.18518862632531982,0.022947243202047284,10,0.011534857514907198
749,0.2832944783009001,0.1942142516031532,0,0.0007969381184150611
750,0.08615500761809397,0.1241288809189806,0,-1.5528810394455166e-05
751,0.1521493544766832,0.3073474651191989,0,-6.978660778907202e-06
752,0.07208344850166809,0.45115388073789076,0,-7.52035884549232e-07
753,0.01686826256372646,0.04387467063961363,0,-1.4132262799049191e-05
754,0.2711185259421701,0.02095263988346738,19,0.023626246910232584
755,0.32459258222253085,0.547138511400137,0,-3.5743862793321406e-06
756,0.3037729949083873,0.5076157960596905,0,-4.307434362261246e-06
757,0.13556909473280465,0.4920551378173501,0,-9.417196384740679e-07
758,0.10592360800751652,0.11738113322329159,0,-8.849152831342994e-06
759,0.3305562620163258,0.502966374239437,0,-5.872703578987828e-06
760,0.05653641459321065,0.3833360726258082,0,-1.2685540732894116e-06
761,0.0826984855456171,0.26072066544227535,0,-5.5874256425862e-06
762,0.05907489653179707,0.218942600972905,0,-6.678575516534974e-06
763,0.16803767634987693,0.5388499098625501,0,-8.15616333993353e-07
764,0.24759649858964508,0.1741140745400698,0,0.0004623679007448058
765,0.16134065687362734,0.5948274453683923,0,-4.3588575724414426e-07
766,0.1090988271512798,0.04329006755833915,0,0.00038461688327687325
767,0.19388213971370466,0.4139217161142132,0,-3.676142766000418e-06
768,0.30400418057814926,0.016058262655578637,19,0.024822376894523997
769,0.14009749754068385,0.3610478890396981,0,-3.6466584414962915e-06
770,0.23278846245819107,0.48892123226465123,0,-2.562799408252947e-06
771,0.12597465724086757,0.44984436470332656,0,-1.3049994571774691e-06
772,0.188629685264019,0.32681492766556935,0,-8.214389249836368e-06
773,0.2664686458523095,0.5704287025353995,0,-1.5881795284241936e-06
774,0.3197354129780451,0.474341231493334,0,-6.990952037228136e-06
775,0.16436068092981856,0.34489227223274893,0,-5.443287408172913e-06
776,0.16386921951965977,0.2921411573374942,0,-9.024751892325354e-06
777,0.21106808871942537,0.36904893446376413,0,-6.784113744315457e-06
778,0.2864601632990125,0.4365831568258418,0,-7.3080115602979385e-06
779,0.3232400758672619,0.09092698621762904,9,0.010176207154990314
780,0.030101766104653697,0.49388275206606624,0,-3.225321210220643e-07
781,0.20735596530772374,0.5109151643712123,0,-1.59650485703493e-06
782,0.131608854685526,0.49069600624056353,0,-9.175996968845486e-07
783,0.1372385465828058,0.4057729059631152,0,-2.26839511331854e-06
784,0.07660301737566111,0.4674674150303041,0,-6.683371393504877e-07
785,0.04804352632396799,0.2813190622763455,0,-3.229577570531219e-06
786,0.33103234429743733,0.21464525813666568,1,0.0017167260047816235
787,0.3339521479745353,0.42035133352133885,0,-1.2942586799915785e-05
788,0.3105425722492337,0.01792341541588147,19,0.02394359949256688
789,0.28118092429880676,0.12539372358943177,5,0.005678693637681493
790,0.11112458045626616,0.33443024300510077,0,-3.5638231287096613e-06
791,0.26572863351626824,0.0540737905727803,14,0.015482930024712292
792,0.20576810210488505,0.3458705831163407,0,-8.062641202839529e-06
793,0.04380593087219595,0.24010441859061785,0,-4.666046106934512e-06
794,0.3426956806802032,0.2171626792707715,1,0.002100602548431612
795,0.08098752989990116,0.5550105540872299,0,-2.909585796379177e-07
796,0.3094073173140469,0.4728692577310854,0,-6.414926697312989e-06
797,0.12076010579957329,0.2080470316007265,0,-1.2895061537267946e-05
798,0.08206546514695635,0.2560036687844791,0,-5.816740524574903e-06
799,0.15988094684678894,0.13741714905967264,0,3.7502417459748005e-05
800,0.24097794459628288,0.5317395391083308,0,-1.8130860976799978e-06
801,0.023432522642310993,0.5985751710926337,0,-1.0591917466820877e-07
802,0.2739131860193152,0.08570037281729685,9,0.010501259943444393
803,0.26550292872202336,0.15810670437385047,1,0.0015862648536839603
804,0.17645030662860714,0.4014933066452108,0,-3.498639382694069e-06
805,0.0015267814008229185,0.35948751809633134,0,-9.295275749872637e-07
806,0.3242366134283368,0.5015951506684388,0,-5.594681301396046e-06
807,0.00592231797795395,0.3668978847956688,0,-9.01883747518551e-07
808,0.16052886985624848,0.07872306942171518,0,0.0007292698630228554
809,0.27487728278479306,0.4559199266881978,0,-5.402410613998691e-06
810,0.20670491542949737,0.22970021917001693,0,-1.353348605940449e-05
811,0.3415165140598839,0.07080034876415395,10,0.011198747728856038
812,0.1299242965402861,0.16034515922493106,0,-1.4809569498546333e-05
813,0.24802262711817916,0.23820908001656804,0,9.677000092887199e-06
814,0.0019839192609935608,0.5185359241541543,0,-1.9033698407013323e-07
815,0.32625444592583697,0.4376279403634471,0,-1.0496311203325517e-05
816,0.28766914618731376,0.39639735163145484,0,-1.0756459071404053e-05
817,0.14210797225547794,0.4234455684552711,0,-1.995855283745599e-06
818,0.10469884189904674,0.35323808477103097,0,-2.7711644216040466e-06
819,0.2841138572453601,0.11288206159998694,6,0.007457139476305454
820,0.012913776308267637,0.04768184760318619,0,-1.5249434222656286e-05
821,0.16120110173499286,0.33230463637271007,0,-5.973064326445174e-06
822,0.2171209708294209,0.0256344487257389,16,0.01799914484924835
823,0.15216766231057305,0.5146490365702336,0,-8.866943673604065e-07
824,0.06551738281151644,0.5171582355807612,0,-3.6401295024273735e-07
825,0.19318018312244314,0.22775919203452222,0,-1.5370230487016016e-05
826,0.1870675021227264,0.08553453559859447,1,0.0015326687715318684
827,0.03074878752435494,0.2598330839597384,0,-3.368101010346336e-06
828,0.2802020706549315,0.028443048755623822,19,0.021324938112421102
829,0.1568122598801437,0.5154025154260881,0,-9.218016114626681e-07
830,0.013872857684412892,0.15151376068789804,0,-8.279523104249687e-06
831,0.28810691613848505,0.14531316658038754,3,0.004090171240810984
832,0.26151410481346915,0.11902367668899727,4,0.0046118981234792664
833,0.02944128381291394,0.050155626674740536,0,-1.2556880262084002e-05
834,0.13984135353211952,0.14228419637176906,0,-2.8391282352884423e-06
835,0.34941908286808143,0.37605752935696307,0,-1.4740617054545792e-05
836,0.17613815454281576,0.33953002414182637,0,-6.440045427476775e-06
837,0.02801524954134795,0.3286814097481735,0,-1.6478674325124373e-06
838,0.20060654125653984,0.06691988530802544,4,0.004592812689002443
839,0.053938504498082566,0.24070823540809652,0,-5.127158108561973e-06
840,0.31361131294075,0.08471661503214419,10,0.01103818855734751
841,0.10727624248114201,0.558484799307252,0,-3.6539173142955433e-07
842,0.20483100423509587,0.10900265833021713,1,0.0011945202699528202
843,0.11675963522378287,0.01658992306846403,1,0.001617528110073781
844,0.04858675457509082,0.15849775794718698,0,-1.0689618934209029e-05
845,0.20933098973766992,0.2764946359854599,0,-1.4749662800381303e-05
846,0.049433169959412535,0.5715676531612828,0,-1.7991055965175397e-07
847,0.11724292720448572,0.12275976907941388,0,-5.147803116864809e-06
848,0.10773456502474903,0.35100041410629634,0,-2.9207857774446097e-06
849,0.3348525506771425,0.11833946103458819,7,0.007969222420724419
850,0.1053160624618115,0.4054752115229904,0,-1.6545735084791289e-06
851,0.3349383224179141,0.4638436854958967,0,-8.934617158892933e-06
852,0.15142114115805255,0.23500251761219326,0,-1.325491360301091e-05
853,0.15848999289842433,0.30689637585537477,0,-7.452065989894902e-06
854,0.18256559424193275,0.3882832647307981,0,-4.239971287019532e-06
855,0.03759434330448855,0.2788045550785547,0,-2.9841843190453e-06
856,0.15339214893407105,0.02323924495546994,4,0.004729416718307414
857,0.23643834736934763,0.3825031626659599,0,-7.6093673596439375e-06
858,0.2937284905610756,0.5468778610663197,0,-2.636551490359296e-06
859,0.20900378881378523,0.32996871476885703,0,-9.648872153928372e-06
860,0.1082536163278726,0.4891824927094755,0,-7.378288730633779e-07
861,0.2938259791854575,0.12875409544061284,5,0.006278281413558589
862,0.13880274972346257,0.3592081381873668,0,-3.66658796653142e-06
863,0.3062580297307679,0.018979777122315265,19,0.023674203109089416
864,0.04037756083905687,0.014814203728510188,0,4.932913958661798e-05
865,0.06726779752660712,0.24932293346345147,0,-5.370693267302272e-06
866,0.293580718865828,0.1691466438932639,2,0.0024702140312561753
867,0.1516893679504671,0.014594908317453336,5,0.006067047577076365
868,0.21543912386048011,0.33276038697978055,0,-9.974506348614328e-06
869,0.18665326345125494,0.20800785875759048,0,-1.3043447156163702e-05
870,0.05423897002178363,0.44935538538188097,0,-6.406952653952231e-07
871,0.0823369023024998,0.5772066576494218,0,-2.3620564643818955e-07
872,0.05874770251316845,0.34557183547174003,0,-1.8916879100172532e-06
873,0.19955156933187887,0.1280900215796171,0,0.0004529620984328153
874,0.330287052826608,0.3710019779663532,0,-1.5888657668965424e-05
875,0.15132853164436022,0.291476335779204,0,-8.068030226139567e-06
876,0.02894827701454279,0.5465607097279641,0,-1.8827606711971317e-07
877,0.08842181411704726,0.12592448902499503,0,-1.5499890230670338e-05
878,0.22260354814062164,0.10433533085305847,2,0.0025769002136181523
879,0.15327872936543052,0.20442814161807119,0,-1.5698778126131276e-05
880,0.016381294552134412,0.05967861863840637,0,-1.572179318062636e-05
881,0.039554204295060874,0.5515982734292901,0,-1.9903378832676147e-07
882,0.1682801225494761,0.22794365200380923,0,-1.529418138805601e-05
883,0.22998138350171574,0.09297661096819383,4,0.004549280707256917
884,0.20606209901435257,0.23840450892475296,0,-1.5164922524112342e-05
885,0.13739819911084986,0.08101474638193769,0,0.0002463882531209945
886,0.04479991224690973,0.33881893092805465,0,-1.7607331622040805e-06
887,0.07837314223004119,0.23045893729787947,0,-7.201343397506392e-06
888,0.3402391207826834,0.28834660520759764,0,0.00015958006574734508
889,0.005106770739503224,0.020381743866064703,0,-1.0520380988510831e-05
890,0.3296392594863539,0.1267104088049687,6,0.007554107522091695
891,0.3265402285223979,0.5573710402290892,0,-3.2910802554639426e-06
892,0.10894194072254652,0.47731712962513817,0,-8.365010957242625e-07
893,0.023473276368086986,0.07336592392738414,0,-1.570897429013107e-05
894,0.01567947682482383,0.14359391232257274,0,-9.074568498288658e-06
895,0.16658704493742324,0.06333076348919901,1,0.001697864185348399
896,0.08337580269383511,0.020134231954226967,0,0.00034783756778804204
897,0.06424434451791645,0.1411934858048015,0,-1.3900309576363795e-05
898,0.07079893104961094,0.3873514980884237,0,-1.4051503750852138e-06
899,0.14181330538320866,0.0621558704924148,0,0.0006803950914070687
900,0.158231924753049,0.2795433970789857,0,-9.627787846131005e-06
901,0.03327591398675643,0.32818109748768093,0,-1.7454431754425208e-06
902,0.09922245860944634,0.37624915814511484,0,-2.085111913511909e-06
903,0.051075502402348955,0.24597770219442006,0,-4.730659086992454e-06
904,0.20315194734438613,0.30090802115662335,0,-1.1842252901317165e-05
905,0.06597095871976849,0.39440911887397206,0,-1.247793121145785e-06
906,0.20931363678769707,0.38015819030251374,0,-5.982310005863129e-06
907,0.3324994033821269,0.1231754097919433,7,0.007736450849103199
908,0.33451484469502174,0.09064574196257476,8,0.00974690702920192
909,0.32675698855514923,0.45689229360427425,0,-8.834162671868602e-06
910,0.30576039428074664,0.40139806917448556,0,-1.2028441243310518e-05
911,0.298787372030096,0.22023104551684827,0,0.0005200197058038962
912,0.1640494827390195,0.03838012260608498,3,0.0039169771686396815
913,0.056338458382346066,0.0010963589101858906,0,0.00024336133878116988
914,0.3196436980571796,0.06217561062012231,12,0.013321971803107697
915,0.18067078741953702,0.32437855216922135,0,-7.79328124696018e-06
916,0.1806979854081261,0.3747093160346648,0,-4.7624392809646415e-06
917,0.29314645226316066,0.032557194397795385,18,0.01994669393378691
918,0.13046125793403343,0.022224638461163914,2,0.002184892658278097
919,0.10035592337153523,0.5969158844690851,0,-2.3219281077383394e-07
920,0.1140811896714308,0.0659014182135624,0,0.00016917258978181801
921,0.23631524191460082,0.3332939241354078,0,-1.191205428193394e-05
922,0.30792209017768646,0.32138192137798494,0,-1.0866278873831883e-05
923,0.29523603162839673,0.41932371190478496,0,-9.355448503383955e-06
924,0.34584937198610216,0.373721073880792,0,-1.491875069633746e-05
925,0.3259371672686348,0.5392703020754216,0,-3.917413724498109e-06
926,0.2840406018642364,0.2851632453129831,0,-3.1331636891742256e-06
927,0.031007409954775737,0.0816037588680002,0,-1.569295470327434e-05
928,0.30049237946568685,0.43339494068561707,0,-8.613182457272815e-06
929,0.10725749708923718,0.49717998416145226,0,-6.743820289512155e-07
930,0.09665373647529595,0.42317696567371776,0,-1.2713862560983822e-06
931,0.04659218075240493,0.17285256115956796,0,-9.212417017225059e-06
932,0.22398212585228736,0.5954697420555887,0,-8.093224695945159e-07
933,0.15648297004221887,0.06711410443285619,0,0.0009974978110862357
934,0.0038484105261643252,0.42400059925569583,0,-4.990775925289275e-07
935,0.23374387083682338,0.4616654062547734,0,-3.395662313556346e-06
936,0.08188026418531144,0.39324691710288645,0,-1.4797025363266103e-06
937,0.24716692138570723,0.15104880462754938,1,0.0011124380746623146
938,0.32760492344063535,0.22452446844066293,1,0.0011599943864221611
939,0.30072984227344,0.5454297437677246,0,-2.867978732752263e-06
940,0.08359396868592237,0.22119728414542764,0,-8.27531670092391e-06
941,0.25755217946602915,0.39983616361230834,0,-7.886599311309462e-06
942,0.33500772150822333,0.5001311677602744,0,-6.306865398603467e-06
943,0.31236482456543346,0.40715738446882527,0,-1.2110786452602668e-05
944,0.140460409271602,0.19474154726611262,0,-1.557957381057823e-05
945,0.06812275045117783,0.3513213867218798,0,-1.9612480462247123e-06
946,0.25894093724832334,0.0434008574468943,16,0.017482344885137176
947,0.2194142001030464,0.15208182656018412,0,0.0003712245662707292
948,0.20133607949334634,0.06857476876214094,4,0.004446567954622064
949,0.047252994099257,0.09054683241545815,0,-1.5726075859779106e-05
950,0.20412910319809977,0.28268658127110163,0,-1.3732691000229822e-05
951,0.004311477440320571,0.4450264871871472,0,-4.063163893749953e-07
952,0.17168239082454861,0.3777408493954343,0,-4.2265458785080596e-06
953,0.12475236130805395,0.18839599249837868,0,-1.5021298903475131e-05
954,0.07854316362709572,0.3969064553443017,0,-1.3798002651188357e-06
955,0.23588734069807007,0.10490943707985387,3,0.003712252693512414
956,0.2939634593671417,0.436442150197715,0,-7.864426342621939e-06
957,0.06594110239666558,0.5227799939213567,0,-3.4557345097647055e-07
958,0.0298260794298142,0.002982891004251731,0,5.374173584598207e-05
959,0.017751322447502466,0.19133656106479138,0,-5.841762058623763e-06
960,0.029081951378458624,0.5702381492093297,0,-1.4878079889369207e-07
961,0.2860215299430547,0.22284714326502578,0,0.0002844233442610407
962,0.13014084528503658,0.5054461633697926,0,-7.802553440227785e-07
963,0.27272573993088506,0.18045216019783758,0,0.0009159456901891671
964,0.29686703206217147,0.35445215027461296,0,-1.544513599993298e-05
965,0.06371339049931483,0.10955117766989546,0,-1.5755194030686874e-05
966,0.2563772966318207,0.29356151444799783,0,-1.564748878936454e-05
967,0.3092933330123177,0.016406594124728446,19,0.024555663974657693
968,0.2523112377827388,0.0320986161342933,18,0.020004799579445533
969,0.3401365139669614,0.3806121910114508,0,-1.5896971841214737e-05
970,0.05141245716125362,0.25469947798403264,0,-4.352961520702179e-06
971,0.3005204198849409,0.0643436937626336,12,0.01376452491590249
972,0.04379267135664425,0.16358313692289353,0,-9.779783155033524e-06
973,0.15622819053982226,0.25553703897515784,0,-1.1698215425476622e-05
974,0.15595874283440594,0.5759132601072612,0,-4.99084176433583e-07
975,0.10457742648979892,0.09122156026152885,0,1.8009112842121375e-05
976,0.2651965034859374,0.4864378049244957,0,-3.626655102664527e-06
977,0.06416289439157276,0.5993407971769203,0,-1.5788320103405242e-07
978,0.06488136954071254,0.374946145629439,0,-1.4994245974298345e-06
979,0.10987635143824356,0.44525727305394813,0,-1.1634127094980505e-06
980,0.08183965151450379,0.30391718441830246,0,-3.609289705457971e-06
981,0.2434986068784131,0.22662844246365604,0,2.1866537052939924e-05
982,0.08085226003539302,0.12959479180901004,0,-1.5736846824531758e-05
983,0.3087254772842662,0.04983437732944129,14,0.01570783044138714
984,0.32059663674474675,0.16395305657764217,4,0.004572562751214335
985,0.3303131071043701,0.524450391067104,0,-4.739199557349406e-06
986,0.13085962155634823,0.2932676144929297,0,-6.507827193082691e-06
987,0.01879334988692231,0.22148640211714607,0,-4.3804142485755975e-06
988,0.3017942410773827,0.2791512713753794,0,3.239288963528549e-05
989,0.07167317770212256,0.5236359261349285,0,-3.6281549897474846e-07
990,0.09213123610085021,0.03843170646050593,0,0.0002231272695865477
991,0.22046837911787875,0.0685784922219866,6,0.007217812664929832
992,0.18420401828202526,0.213763566723389,0,-1.4765430177773259e-05
993,0.21232085276127446,0.28122364922563164,0,-1.4605498129683574e-05
994,0.23828152748933365,0.24998417815713297,0,-9.609060942152413e-06
995,0.20502225012505731,0.41521592632456317,0,-4.053596823020583e-06
996,0.20776226604566464,0.15858357083129376,0,0.00016554744775430905
997,0.19266718815550032,0.20632792417520526,0,-1.0285231162377735e-05
998,0.22244464010198606,0.30560595577657124,0,-1.3284787717255829e-05
999,0.30976844868604236,0.16728225052463813,3,0.0036494407967266945
1000,0.019298072733591784,0.16102524338890944,0,-7.962556973444012e-06
1001,0.10682143149657407,0.4704854122502039,0,-8.768759570575254e-07
1002,0.05497065047703569,0.3828697817232359,0,-1.2547099133283361e-06
1003,0.23010419413241745,0.030862706805604188,16,0.01837337401560546
1004,0.12848246531365823,0.5121976513126275,0,-7.173443018609478e-07
1005,0.15448796614792185,0.5373708365521783,0,-7.230478503349674e-07
1006,0.2602412962459387,0.5468135520630861,0,-1.8898030793416397e-06
1007,0.16319304200956247,0.25420288565209637,0,-1.251919929914809e-05
1008,0.2150935409419027,0.5592280866939984,0,-1.0640382005166212e-06
1009,0.25021870839477767,0.5646769643684553,0,-1.4304899560076357e-06
1010,0.11299802876696023,0.08892547986219754,0,4.3348851975451314e-05
1011,0.00615430033081456,0.17731943620115184,0,-5.983113449260148e-06
1012,0.34127301722660275,0.18976599382716375,3,0.0036980828011296493
1013,0.1443628511784047,0.37538145838962206,0,-3.298308135880089e-06
1014,0.3300787797089288,0.3159714665010267,0,1.4134691011165967e-05
1015,0.05316302112111559,0.23625079790370518,0,-5.317211442886859e-06
1016,0.2478279838769388,0.2933523685394978,0,-1.5844705893259013e-05
1017,0.2929926511189035,0.5203361719781276,0,-3.4104480535465223e-06
1018,0.34070853147533325,0.40557939993873,0,-1.493750478947256e-05
1019,0.025420622627440024,0.34806434398279423,0,-1.3228592891612047e-06
1020,0.28339280296911923,0.507642388870562,0,-3.5180452573379295e-06
1021,0.30989217883130143,0.37705942934900577,0,-1.47493628810746e-05
1022,0.18533245435598128,0.24232440099553035,0,-1.5454041046273166e-05
1023,0.17527661224050592,0.3757417394176282,0,-4.467648088631874e-06
1024,0.2755386294403787,0.47704362463453387,0,-4.411810020475555e-06
1025,0.313928621690785,0.5202079426438243,0,-4.203302262174057e-06
1026,0.054481370513694366,0.20251090703953223,0,-7.491681337541191e-06
1027,0.14955645646556917,0.4525712064446885,0,-1.606892131804904e-06
1028,0.24103855341759753,0.22073906315178446,0,2.935847775976703e-05
1029,0.054741736175755264,0.05037417675098652,0,4.7121460043033485e-06
1030,0.16336676645110318,0.426576805538981,0,-2.3912166035449194e-06
1031,0.055027112381467645,0.5099197270783876,0,-3.5241141928086086e-07
1032,0.1480196205893198,0.3467727530514145,0,-4.546547498040046e-06
1033,0.31175385824269003,0.38083878385134456,0,-1.4586847311886717e-05
1034,0.01573481167143285,0.3113088235808103,0,-1.7341513957823112e-06
1035,0.2631300349698442,0.5006120142908337,0,-3.084898245710816e-06
1036,0.06885101424194787,0.15100260061220852,0,-1.3404803713760369e-05
1037,0.22633769320196997,0.21334102523366544,0,1.516220243756445e-05
1038,0.22922575983213525,0.2941959412980069,0,-1.4924012142036732e-05
1039,0.04726533088561592,0.38195125533412455,0,-1.1725035954309816e-06
1040,0.14476479671606673,0.07944565779904844,0,0.00036680180629794674
1041,0.2094484245070336,0.3724239862600059,0,-6.461733830358974e-06
1042,0.03419839384718422,0.037805650148855154,0,-3.3500359342435366e-06
1043,0.22965678325388383,0.058741690617605036,9,0.010813905216620272
1044,0.014356394744751182,0.16046577170035337,0,-7.635110565765462e-06
1045,0.13375731088065118,0.5309006977460001,0,-6.271632291123496e-07
1046,0.27240989024641177,0.07187151863490716,11,0.012582322056383936
1047,0.05317088506568898,0.41071727464979285,0,-9.328512792937522e-07
1048,0.14655344657422212,0.20930177872189337,0,-1.5086013636350569e-05
1049,0.19974853241533055,0.14583996761170662,0,0.00020862738415702945
1050,0.02293572333570268,0.2981995924306319,0,-2.1242561510410786e-06
1051,0.2954679764518624,0.5400490837475986,0,-2.8717596418484553e-06
1052,0.006012693012007252,0.05531138816918777,0,-1.5720395222305253e-05
1053,0.1773896739400356,0.4917563860463098,0,-1.4338274362431742e-06
1054,0.26311725893641336,0.042438120081421046,16,0.017845056379142292
1055,0.1915925459343745,0.2780321914014549,0,-1.2967464906003048e-05
1056,0.18915641262108202,0.3162044860505819,0,-9.123970547421806e-06
1057,0.3110820743964322,0.29068085326834886,0,2.6792833328415943e-05
1058,0.19969889414701808,0.5661182658314406,0,-8.5176990474359e-07
1059,0.11636241419130247,0.19045797813744536,0,-1.4157377870610483e-05
1060,0.02095092690783415,0.31201030142125474,0,-1.814096070039915e-06
1061,0.07043628350947664,0.5138121235545593,0,-3.9535198586080793e-07
1062,0.20613641498119253,0.15700366662133863,0,0.00016543645560239615
1063,0.3280032343057547,0.17230547861488302,3,0.004301967641635624
1064,0.019030054139561957,0.1686587483195376,0,-7.380045616598036e-06
1065,0.15193434645286172,0.4288071201235166,0,-2.0865634968912106e-06
1066,0.20672558489637594,0.09240155061712078,2,0.0023469772213498873
1067,0.1496346778536217,0.1368844257706686,0,1.6256559167062894e-05
1068,0.3453479177792478,0.13859548101007726,6,0.006712818206567241
1069,0.20855030331560356,0.26539888595782624,0,-1.546636741242333e-05
1070,0.13213006238588676,0.5846551795772092,0,-3.604862798332849e-07
1071,0.1165076664470815,0.16547132957963895,0,-1.5741392923441465e-05
1072,0.16611691835983394,0.21432357460414925,0,-1.5771236176228255e-05
1073,0.0036554403887551932,0.04789703528466189,0,-1.5736474054204474e-05
1074,0.27643097102859915,0.09538254675956999,8,0.009248209784221242
1075,0.24746336719414974,0.05183588814431848,13,0.014772330836937346
1076,0.3148327269009501,0.27665528042556176,0,8.396023437798125e-05
1077,0.044190769147155966,0.449970566016765,0,-5.759626907714839e-07
1078,0.28376543417684574,0.22893926125786582,0,0.0001977086477892713
1079,0.054720415073964516,0.30725506265029917,0,-2.6646691986221846e-06
1080,0.32927764792118913,0.2515860288262271,0,0.00047475371881120025
1081,0.10704108443161274,0.5104386339859611,0,-5.893723411210737e-07
1082,0.3376195519579885,0.1388453527071235,6,0.006786879261819356
1083,0.09203633177434697,0.029346484563557484,0,0.00033782582030721016
1084,0.27175750779662144,0.5376676353589076,0,-2.3224031113575156e-06
1085,0.07608763067077966,0.3248358567287931,0,-2.766541152692685e-06
1086,0.26666504886771153,0.5116585513010476,0,-2.8619702748574437e-06
1087,0.04132452226576694,0.5788565220610453,0,-1.5425081902607604e-07
1088,0.10837817670033659,0.5302921190801031,0,-4.897456953621177e-07
1089,0.23422875270753385,0.21802244381751032,0,2.0824841918039468e-05
1090,0.31394730552002126,0.5493814402744742,0,-3.1445489416576217e-06
1091,0.13975930217305924,0.06325564178775486,0,0.0005970152926189146
1092,0.29490289937096403,0.052144803929715475,14,0.015799501692237053
1093,0.0414257876310519,0.5413854020843473,0,-2.2459435421484373e-07
1094,0.2910510176635586,0.16429575488054693,2,0.0026627665502064264
1095,0.295921785697298,0.3396344377495816,0,-1.5886617914771264e-05
1096,0.1706920822335857,0.5192408672128427,0,-1.018915868695798e-06
1097,0.2807102251317257,0.14435155453147164,3,0.003603328941685844
1098,0.1444781005347333,0.04388502368626028,1,0.001585560764052935
1099,0.2583692668958723,0.3573821264958315,0,-1.1706014328064391e-05
1100,0.2057032863629109,0.47547580261536865,0,-2.237708285226322e-06
1101,0.06651270864081768,0.4132789630830413,0,-1.0388508026634923e-06
1102,0.27544286706251486,0.039160702675438315,17,0.018708461605930052
1103,0.0808451577077529,0.15611809232585813,0,-1.4053527475718927e-05
1104,0.022175939231804123,0.20039185373838245,0,-5.581125715230554e-06
1105,0.04988198400387688,0.5039514067732556,0,-3.553459312975431e-07
1106,0.3391154358256725,0.244695153979812,0,0.0008461797265611709
1107,0.003968068760004701,0.27440364527268013,0,-2.229697137839796e-06
1108,0.1764172046054826,0.33942840454157625,0,-6.464015370946298e-06
1109,0.003976988083395688,0.48936087336303113,0,-2.5994054963310463e-07
1110,0.07731616654458333,0.08530066468321014,0,-6.700904622838245e-06
1111,0.006555169182787729,0.04733586528102718,0,-1.564762454518705e-05
1112,0.17959565019778673,0.4058138255258807,0,-3.457700556105873e-06
1113,0.036906157805515885,0.15158166023597425,0,-1.0245638657127897e-05
1114,0.16346628057605653,0.28313938049730886,0,-9.772710886370204e-06
1115,0.10516277348561336,0.38965220917358145,0,-1.9351026562175196e-06
1116,0.3382397233173404,0.21911960149869836,1,0.0018054333796937887
1117,0.2966090760431409,0.2742519113483533,0,3.194579786527101e-05
1118,0.1151304518084114,0.001490484805218406,2,0.0027627705210894462
1119,0.3338976741048022,0.569020975067767,0,-3.15262209898784e-06
1120,0.2064602935163333,0.4687037991447629,0,-2.4124278279142016e-06
1121,0.01996702533907713,0.27677915931115277,0,-2.5543023008263426e-06
1122,0.2650369242730511,0.06699380279232212,12,0.01303504673327032
1123,0.26612479219417123,0.4399645757705427,0,-5.8009460746079315e-06
1124,0.04060171457844568,0.4811768047820013,0,-4.067260037587415e-07
1125,0.2383699082146962,0.5051238268699246,0,-2.304638466481718e-06
1126,0.22124445637570114,0.3310510210441045,0,-1.0670043705584324e-05
1127,0.1673056876815119,0.5999011458994784,0,-4.3974635139121636e-07
1128,0.04348125525667859,0.23218902269781255,0,-5.0304665125125075e-06
1129,0.07206700274826389,0.36377085426905026,0,-1.8013291850539351e-06
1130,0.10645238905192711,0.3802131925438186,0,-2.1540431969116277e-06
1131,0.025512609616330267,0.17272713042322976,0,-7.553395457708613e-06
1132,0.239794539082401,0.3728294245909985,0,-8.615730817827512e-06
1133,0.16336738771791154,0.5231516276698095,0,-9.107642464205135e-07
1134,0.22600217921449614,0.230560592484779,0,-5.195393851037494e-06
1135,0.16293879301717074,0.4247891320759269,0,-2.423928674796455e-06
1136,0.22580413036434957,0.28727622330730146,0,-1.5180635635089967e-05
1137,0.14161986683852093,0.48155685187606967,0,-1.1110658685243326e-06
1138,0.22893355837276935,0.23013742505948967,0,-2.5525177774223024e-06
1139,0.20115058515300133,0.1064207042661426,1,0.001152730470554456
1140,0.0757423677507881,0.11175162576661388,0,-1.538289163394609e-05
1141,0.01817030079102018,0.1228294547491733,0,-1.119585576639877e-05
1142,0.19309867783117132,0.11671615728512064,0,0.0005607715371968882
1143,0.286642656592997,0.20654027216055632,0,0.0005643943037198077
1144,0.08127542998896908,0.5979847864306933,0,-1.8986753588708656e-07
1145,0.03175035444548883,0.0417243882883042,0,-7.835006875700266e-06
1146,0.04305662048779199,0.0005116370148801286,0,0.00013097979166813798
1147,0.016706181431875414,0.3848357055186237,0,-8.395261854718086e-07
1148,0.1705510626880501,0.21001595826432432,0,-1.5667012144140613e-05
1149,0.0013092553058639044,0.5616106833484948,0,-1.2289313644936168e-07
1150,0.2381057620071703,0.053583901209285974,12,0.013285881913792775
1151,0.018066345697474645,0.0830318463240447,0,-1.4927061217471255e-05
1152,0.055287933273150465,0.42815400424042405,0,-8.003378597656633e-07
1153,0.11381737975880162,0.2184895400565416,0,-1.1181847202604601e-05
1154,0.2967080416609761,0.45826748745115453,0,-6.537564379232203e-06
1155,0.3474518802837025,0.5243386967517705,0,-5.616895935955431e-06
1156,0.18461542729119274,0.04166060502341538,6,0.006548969230498086
1157,0.15406542759803357,0.5088209315422976,0,-9.578738236797994e-07
1158,0.27411851394155123,0.14000417804865609,3,0.0034917779086292722
1159,0.2134648073134398,0.14120356801813352,0,0.00046054312264347193
1160,0.10556886909106139,0.48156583052482316,0,-7.751566011264958e-07
1161,0.22179072696789703,0.5087973540174797,0,-1.8831560161921767e-06
1162,0.34292786514439244,0.3244722230780277,0,2.1420744728817407e-05
1163,0.0564047894930022,0.10370903796508003,0,-1.574949956341219e-05
1164,0.12571929916063448,0.2536247499226908,0,-9.061881645186141e-06
1165,0.3386887870202265,0.17053388087245752,4,0.004873575809128751
1166,0.2734119359894972,0.13250346958744413,3,0.004188295527690899
1167,0.2976009753722877,0.23068523451308534,0,0.0003271087813325979
1168,0.08755919231744488,0.42361735186270005,0,-1.1559273959555497e-06
1169,0.0829004894797083,0.12747947903061638,0,-1.5753219105443183e-05
1170,0.15976262952401932,0.2740098343318217,0,-1.0267061814642587e-05
1171,0.08555007137112554,0.20436938698296186,0,-9.861721649912224e-06
1172,0.05892802598371501,0.18637825728573856,0,-9.109441207121336e-06
1173,0.11642502951651239,0.2731342874730408,0,-6.881272325316407e-06
1174,0.13422854903301912,0.14100794336730585,0,-6.128600665157045e-06
1175,0.2098139370056397,0.05275597451729008,8,0.00875739660685435
1176,0.2371921749646843,0.2634508044403208,0,-1.4325645244144501e-05
1177,0.20641538273835805,0.46304515113222044,0,-2.551520457574073e-06
1178,0.2782988094874523,0.5294587965633444,0,-2.6904312123511123e-06
1179,0.12839491007579487,0.18302907879380736,0,-1.5561899116033703e-05
1180,0.0584640210170446,0.24625283143408278,0,-5.07543782908617e-06
1181,0.11570642758793101,0.27852873802917405,0,-6.4832159886242565e-06
1182,0.3267299505520296,0.29909273030400196,0,4.430783566473269e-05
1183,0.07925684270576885,0.4788900871892274,0,-6.122092985134266e-07
1184,0.020281246437070598,0.59699224974431,0,-1.0427446584575645e-07
1185,0.12932977298887557,0.35875008169045514,0,-3.3521471109503465e-06
1186,0.27405591236913973,0.5180618377431028,0,-2.889800304981902e-06
1187,0.2504192468520808,0.5179853260340807,0,-2.2854187717291312e-06
1188,0.26780499390005147,0.21970851210146547,0,0.00014733225370807556
1189,0.24472190555908985,0.24617712356091415,0,-2.9410196669223556e-06
1190,0.08972503731859822,0.316605905654674,0,-3.4402235938078183e-06
1191,0.18929036636214366,0.3410725737331236,0,-7.2083796597961215e-06
1192,0.09329711421674414,0.05188575185725303,0,0.00012142721460484835
1193,0.19833444854982166,0.44134735999988,0,-2.9234471937072554e-06
1194,0.13760283376196614,0.2403834532949724,0,-1.1361525486747835e-05
1195,0.3162276262932997,0.12059915161216352,7,0.007977466015351162
1196,0.09958430567077595,0.4384460665899402,0,-1.1237864129449497e-06
1197,0.15145673079060515,0.2959091466752753,0,-7.74219497133585e-06
1198,0.11538882799951476,0.45068701230655,0,-1.1642806776904751e-06
1199,0.30301807832125566,0.48372378674152533,0,-5.41634184677215e-06
1200,0.0025660473681475226,0.5115783048851413,0,-2.0524136318117802e-07
1201,0.16999989282201936,0.11246594387038222,0,0.0002532913455225134
1202,0.11969522172153856,0.13150258004699614,0,-9.080586741901152e-06
1203,0.32759467804992354,0.5400755736438017,0,-3.950571660242669e-06
1204,0.0018772198839061558,0.17456292373516494,0,-5.894634171867021e-06
1205,0.19758931382688621,0.28385844489135964,0,-1.2983273195254265e-05
1206,0.2685277932046898,0.015003673266606964,19,0.025650199898784677
1207,0.26539325571431804,0.031176110839802606,18,0.0206319901899932
1208,0.0586558153689269,0.27345580981195416,0,-3.8817694812948145e-06
1209,0.28186625774870694,0.26289365955910243,0,2.4898344382679113e-05
1210,0.23875477344965979,0.3075139845612562,0,-1.4616762820885077e-05
1211,0.14695563256231522,0.5391680727629594,0,-6.587270057501483e-07
1212,0.17192154122362607,0.4897840086327673,0,-1.3847218345352097e-06
1213,0.21996845464405096,0.5998471315565164,0,-7.442525913403012e-07
1214,0.005726422284960442,0.10386326062935987,0,-1.1834931260938326e-05
1215,0.2909232018372453,0.20547527409225308,0,0.0006858155042544426
1216,0.3187833773211905,0.3605134791738313,0,-1.589270367827054e-05
1217,0.19110209074787993,0.36918228565513217,0,-5.573452765528376e-06
1218,0.34256478064848267,0.12594817830749447,6,0.0073724522444660575
1219,0.1233997542461528,0.1176865506922793,0,5.921428758225749e-06
1220,0.34400407828232005,0.23491992661839256,1,0.0013291668819986175
1221,0.2933917881573536,0.3619764373560656,0,-1.463018860094105e-05
1222,0.11456232805505576,0.3629960303760519,0,-2.7736605794584965e-06
1223,0.331006320832514,0.056721229274365376,12,0.013553038679704758
1224,0.05997360519582166,0.3633841736659174,0,-1.6026599422566274e-06
1225,0.2693719421752371,0.36907758422329634,0,-1.1635134229589413e-05
1226,0.26342201004174975,0.40834759815647587,0,-7.68808722478595e-06
1227,0.0024427986730040873,0.41266884673302784,0,-5.511655280546863e-07
1228,0.311853607432616,0.1123320881054571,7,0.008627056160647557
1229,0.3496550519044719,0.5072230015577455,0,-6.786500281123875e-06
1230,0.1323248724285617,0.4733698970915957,0,-1.0989859572210076e-06
1231,0.31058907911508715,0.2805054578998986,0,5.2999958193576626e-05
1232,0.18439248969983207,0.1761307138023339,0,8.60622808479235e-06
1233,0.10685501744951882,0.48644470205204876,0,-7.477903102522577e-07
1234,0.13635858380828525,0.5171449650003557,0,-7.385743356305511e-07
1235,0.3319654621095946,0.47414448028397466,0,-7.878550849837939e-06
1236,0.26007473825925104,0.5952913548341886,0,-1.1622071159644852e-06
1237,0.26876321003405235,0.07333547282198671,11,0.012154387480874813
1238,0.08718216865506233,0.25983523598340824,0,-5.890269328274023e-06
1239,0.25721432520612925,0.25676829600006,0,-1.4137811864350563e-06
1240,0.08222753950459581,0.5880879536173743,0,-2.1162183729658565e-07
1241,0.25712890394308235,0.5900470849097591,0,-1.1892913295304522e-06
1242,0.24440985555191733,0.5797358869777159,0,-1.1613129462263678e-06
1243,0.15888441054076005,0.31054179529578746,0,-7.221509992992487e-06
1244,0.18150966825377007,0.05102754526965265,4,0.00440330830253197
1245,0.26007801166913347,0.37449800199010136,0,-1.0229990823316616e-05
1246,0.04611533778454496,0.1387421151079216,0,-1.2375944657024866e-05
1247,0.2424809103854588,0.2560437711133813,0,-1.0500049958598967e-05
1248,0.32591303400669247,0.21865934767202838,1,0.0013298333442317287
1249,0.13443045886060354,0.4354077196773071,0,-1.6403608205339613e-06
1250,0.026115251603264788,0.43824075440105037,0,-5.406606667925319e-07
1251,0.11677116223603275,0.46346104784334274,0,-1.0389234397295875e-06
1252,0.09680850267111778,0.5493578313255628,0,-3.6057660445054205e-07
1253,0.13648951444717097,0.4031969363820972,0,-2.3102016492307295e-06
1254,0.0016124261088095336,0.31731823049022984,0,-1.4182332226091768e-06
1255,0.0932374828397092,0.5736810997589841,0,-2.728219094056877e-07
1256,0.16101511246911082,0.05451155600251656,1,0.0019416758245261346
1257,0.3468702190416523,0.3152477339385224,0,5.524841595647086e-05
1258,0.06054894070332767,0.4685375925321372,0,-5.632702752215005e-07
1259,0.23962783474665106,0.49062470843647227,0,-2.6972120111944943e-06
1260,0.01195382649572073,0.22998658828117857,0,-3.7609252908780347e-06
1261,0.17709363430811897,0.15082272094796492,0,4.80946861090202e-05
1262,0.11589158387155028,0.19393526887066717,0,-1.37922317145685e-05
1263,0.18783630105752597,0.3078237504669101,0,-9.740064896328245e-06
1264,0.2103382734653911,0.34735583039074364,0,-8.302284424722675e-06
1265,0.15515713578003643,0.46217027318462856,0,-1.543790508693797e-06
1266,0.08371007846452509,0.4055641252569797,0,-1.3323835140948699e-06
1267,0.32499007232985605,0.5310125195079874,0,-4.212756030972461e-06
1268,0.17736679020352983,0.24295299043988547,0,-1.4875282558496641e-05
1269,0.3428731422110271,0.10022005552011379,8,0.008726881931958324
1270,0.31184871292453065,0.05175966470331415,14,0.015244117860331918
1271,0.23824158807806095,0.24022505874125655,0,-3.3117369569790826e-06
1272,0.07174730803051538,0.16318463082393692,0,-1.2490731589972204e-05
1273,0.023289048140065202,0.32771084014584995,0,-1.5872319171013704e-06
1274,0.13914861457728014,0.347742586178902,0,-4.123847202099982e-06
1275,0.1601603371333736,0.3142728933722974,0,-7.0515207708911175e-06
1276,0.34465542901443913,0.4474573997697696,0,-1.1311700471286754e-05
1277,0.04440823784074053,0.3968475301046137,0,-9.818292696843317e-07
1278,0.2931972346587258,0.028726003732067528,19,0.02096398492675513
1279,0.18380274431737248,0.4755215288829555,0,-1.7978619108885277e-06
1280,0.2886754315283523,0.31142278726417477,0,-1.3750228084115299e-05
1281,0.12657081545718343,0.09568562979899937,0,6.65206444973818e-05
1282,0.18610298943370293,0.5370214079807621,0,-9.947939974022302e-07
1283,0.20868835297376853,0.31271187537826467,0,-1.1227010986885378e-05
1284,0.285655707210094,0.2882742775128912,0,-4.352910097655977e-06
1285,0.1746626509584651,0.22913233567360985,0,-1.5578321257419286e-05
1286,0.10961393820517214,0.19201328780543772,0,-1.3375799119184106e-05
1287,0.2120871726090393,0.5583350990382072,0,-1.04185228710729e-06
1288,0.1202783889525836,0.5813967958596046,0,-3.3086012810360116e-07
1289,0.30902532835594104,0.3255330567211219,0,-1.2041947609156078e-05
1290,0.2728297954935652,0.5925683644754308,0,-1.356293754693965e-06
1291,0.14910353591242761,0.3772707381422753,0,-3.3931182749722966e-06
1292,0.3472542108341458,0.16562692309291083,4,0.005364336603486984
1293,0.31162518171512726,0.24335101939385317,0,0.0003381540473250412
1294,0.13360162879653584,0.10546316000381306,0,5.596092831466492e-05
1295,0.31972606364109957,0.4374425083592938,0,-9.913676665594554e-06
1296,0.25986920204074715,0.26340379556620047,0,-4.763644614871945e-06
1297,0.04519065848971981,0.26964210134600847,0,-3.5266544758778363e-06
1298,0.21316195667645757,0.46490723553202296,0,-2.6786519780736096e-06
1299,0.0685096700863729,0.3052962458856217,0,-3.1176102171962e-06
1300,0.16004663016443713,0.4581694191127092,0,-1.6871145081063558e-06
1301,0.052661482542352686,0.3789226028151106,0,-1.275463931792844e-06
1302,0.045637937777317124,0.5194700855821329,0,-2.9163928869334887e-07
1303,0.2462491793275539,0.17148483810720264,0,0.0004881525105743682
1304,0.03520381888432843,0.42499238910326975,0,-6.759054666744952e-07
1305,0.02183616983827894,0.5708925776821001,0,-1.374900111442789e-07
1306,0.003637563166267099,0.08467010126874065,0,-1.3519662562375038e-05
1307,0.3476739810302377,0.2686488931711197,0,0.000480947502778135
1308,0.21096585858931843,0.49957088714514597,0,-1.8537200154242335e-06
1309,0.12239363274409486,0.3140920640753716,0,-4.878080773216525e-06
1310,0.08774164443771781,0.5749689397246462,0,-2.5494709343473683e-07
1311,0.1917005896154129,0.15286165179819924,0,9.953292130770621e-05
1312,0.1626050769012724,0.21539119373714452,0,-1.5645474814705427e-05
1313,0.07486583257910415,0.19698060719825808,0,-9.569507664642735e-06
1314,0.014173554164241896,0.0025690610369860424,0,1.5554406151484322e-05
1315,0.09398257911582657,0.27872497755431186,0,-5.227988552426465e-06
1316,0.2108573090442503,0.1249240384747196,0,0.0008053761873371507
1317,0.1231878926636671,0.027292039141383607,1,0.0013516340130591597
1318,0.05926774657484405,0.002515645856122939,0,0.0002609318621771566
1319,0.09326584063691863,0.3152864897544473,0,-3.6107311787289547e-06
1320,0.0007418221986703832,0.37279015457159476,0,-8.073980706723188e-07
1321,0.013735454709915784,0.40738526193917995,0,-6.504581243880257e-07
1322,0.05880266235774568,0.29224699846591845,0,-3.2237028848972256e-06
1323,0.06737815254411529,0.45570278203381115,0,-6.85608575981849e-07
1324,0.0484659429625956,0.4611904486923339,0,-5.372952371189503e-07
1325,0.329845301083408,0.43795561678804273,0,-1.0803906301848573e-05
1326,0.023097349440084212,0.25837246489350224,0,-3.1667442337869774e-06
1327,0.06646289046055512,0.18092096272245048,0,-1.0262128662496956e-05
1328,0.24826979648981226,0.07555688017066779,9,0.009861908146997316
1329,0.23306069667497079,0.2647320787842969,0,-1.513532751847672e-05
1330,0.03658314870187246,0.02007816875808548,0,2.502695248303893e-05
1331,0.2913707669768599,0.1933201033163379,1,0.0010787643730222202
1332,0.03985896979730524,0.545592082375348,0,-2.1199859228384195e-07
1333,0.2601362509541194,0.4208387430125924,0,-6.5988176475636805e-06
1334,0.11672995556720901,0.45209042762908747,0,-1.163532553731136e-06
1335,0.07745221633510405,0.27004948469075374,0,-4.838229548494429e-06
1336,0.29976388315870267,0.22112669551631828,0,0.0005207084135539932
1337,0.030349748340294035,0.043067825610583865,0,-9.337013638854559e-06
1338,0.04972057148878991,0.0015416111584481528,0,0.00017365935972556859
1339,0.3357816679494119,0.014323319253437727,19,0.024695326931897688
1340,0.32253376066434236,0.39089777374356405,0,-1.4648462643409239e-05
1341,0.0898761150780947,0.3696778143027047,0,-2.028362515757517e-06
1342,0.009327060791493851,0.012631614034511652,0,-3.053460676039861e-06
1343,0.13797869283004166,0.09710896405457525,0,0.00011526428367984917
1344,0.23031375202430068,0.11472160009347693,2,0.0023032837846844313
1345,0.03393975108295883,0.024295627121967776,0,1.2213212958293486e-05
1346,0.3351277653894344,0.10932111399332194,7,0.008484858302201616
1347,0.007427953493740191,0.29750463807956123,0,-1.8322658808558e-06
1348,0.06262828491994551,0.16853052796009865,0,-1.1070566258176963e-05
1349,0.12525311235866715,0.34159435981000863,0,-3.818876736972031e-06
1350,0.09110960321524902,0.25636617715216686,0,-6.333171898621285e-06
1351,0.20048694700443753,0.37410050476047213,0,-5.822840356192492e-06
1352,0.08077457597420648,0.5097882766025638,0,-4.563509289379992e-07
1353,0.014699118878330314,0.19204866768809103,0,-5.629439222694865e-06
1354,0.13610403041536767,0.27986051673196005,0,-7.796266653840713e-06
1355,0.23970200509630826,0.1242459669734699,2,0.002232864055476411
1356,0.3494928175271977,0.5711337961637374,0,-3.604225116681466e-06
1357,0.3400747559980084,0.06251428274351434,11,0.012273704024369586
1358,0.3018384658898866,0.34465621087387205,0,-1.5886725302176307e-05
1359,0.2927234853182375,0.30330563432701235,0,-9.432111563673254e-06
1360,0.016580245501612814,0.36232872091365176,0,-1.0500914579529264e-06
1361,0.1944900976423149,0.322828325926883,0,-9.013676269208108e-06
1362,0.06956597515715,0.5078524682360476,0,-4.159975168450328e-07
1363,0.151108468232062,0.11158210001384639,0,0.00010647232913020957
1364,0.05995647798559452,0.05563140322947755,0,4.634626396731739e-06
1365,0.13237077448288567,0.37119274114933837,0,-3.0519899546273236e-06
1366,0.2732532744289563,0.12022621225283808,5,0.005596837136625728
1367,0.20568718552485066,0.36603301637935726,0,-6.6303388475922165e-06
1368,0.3302262818589536,0.13240531499929842,6,0.007192084361659309
1369,0.031189611746146505,0.474196106321843,0,-3.969983578256053e-07
1370,0.23100780019138395,0.5395917117342477,0,-1.5175953738026003e-06
1371,0.19927127764975727,0.48517453940054345,0,-1.9048831960736686e-06
1372,0.22107506276433292,0.269668004766601,0,-1.579037609625726e-05
1373,0.019332589171905484,0.41757765435773603,0,-6.212081562858561e-07
1374,0.3338611699373179,0.4663852234514134,0,-8.63587131282486e-06
1375,0.08274280152947551,0.4841422323196465,0,-6.014646160397783e-07
1376,0.3477887980801682,0.13201339124525865,6,0.00695554639834165
1377,0.0886229183967571,0.22692716066666113,0,-8.219701615798189e-06
1378,0.16494357298476017,0.25237461624419116,0,-1.2873929414349205e-05
1379,0.057557437272969775,0.4818879161296309,0,-4.783691763233139e-07
1380,0.31619727762282623,0.04843858347434682,14,0.01563389622771261
1381,0.31645445227145286,0.5209100934763494,0,-4.279830600132803e-06
1382,0.31173968582339956,0.18933474231429584,2,0.002180410076198374
1383,0.21111951793027506,0.3654003933157924,0,-7.032550237284882e-06
1384,0.026511347601809974,0.044095005851188036,0,-1.147751888621998e-05
1385,0.157548962041077,0.4665004723090297,0,-1.5141045748769261e-06
1386,0.19594878625904832,0.3654411443486306,0,-6.064008477763995e-06
1387,0.23775005869659724,0.037185040037706014,16,0.017466587599239587
1388,0.23371204775185442,0.3083953681273146,0,-1.4092297706436444e-05
1389,0.10912371412168861,0.4290447140256474,0,-1.3578930697979075e-06
1390,0.2024778400608373,0.19240569692421503,0,1.0950294965071343e-05
1391,0.31815040445799975,0.44077447189818514,0,-9.477214483679961e-06
1392,0.27649069566850115,0.05148278741712604,14,0.016178763724544156
1393,0.046889672407600544,0.32208743096035647,0,-2.125066131220484e-06
1394,0.07084510228713517,0.5440776304834939,0,-2.9330492047170494e-07
1395,0.050782728244737334,0.31869494402956455,0,-2.2854107679167547e-06
1396,0.3270043829603369,0.1672176542407532,4,0.0046398969467335
1397,0.3369042405684208,0.278376072021058,0,0.00021555083509043274
1398,0.21437432566957576,0.4805783026463516,0,-2.318499574462553e-06
1399,0.1106792425153199,0.244036448301485,0,-8.611566190034303e-06
1400,0.18440790028378276,0.5393629383372508,0,-9.554743379795995e-07
1401,0.20914420931708497,0.07083125170217996,4,0.005143484236121119
1402,0.0774903582449205,0.29444273649936326,0,-3.7985154175392577e-06
1403,0.29989869643359746,0.5539074314322092,0,-2.613634490616485e-06
1404,0.020711660700966732,0.49271493700769725,0,-2.971042260381656e-07
1405,0.1230208640930287,0.09696504444353593,0,4.9253552967848375e-05
1406,0.3162240056223092,0.21665026275264668,0,0.0010669771971466263
1407,0.019807392701472,0.5141370530118896,0,-2.3765784441167145e-07
1408,0.03951836850074513,0.05571153224979943,0,-1.0940782521450829e-05
1409,0.19658937977544652,0.4410711375636438,0,-2.8810142466150415e-06
1410,0.12323706664362813,0.008778423126923717,2,0.0028150275184424607
1411,0.3204897613955805,0.5447985414315706,0,-3.5125806295006206e-06
1412,0.09231217631831252,0.30516410883849165,0,-3.955876657232803e-06
1413,0.22888585806694042,0.5513974406059088,0,-1.3204308832385929e-06
1414,0.1113308566884243,0.27583585362501484,0,-6.377884932525153e-06
1415,0.24376173143734603,0.5925923785525852,0,-1.0146716335746385e-06
1416,0.2035505653894576,0.20462845200398933,0,-2.1798272712146515e-06
1417,0.008304252749577572,0.031785338771200156,0,-1.3329155916490411e-05
1418,0.3304814003721909,0.18642425239418517,3,0.0033986202175314653
1419,0.2186718728225941,0.522043945197433,0,-1.5991387107517014e-06
1420,0.21746106478732213,0.2266806830009742,0,-8.155596257838836e-06
1421,0.04608949409563298,0.07884554743989869,0,-1.5044312640722481e-05
1422,0.11836977636065811,0.5480595182630579,0,-4.5304521681811896e-07
1423,0.11903414449129743,0.4578423950500169,0,-1.124068504262297e-06
1424,0.20855550089224445,0.3184945520461119,0,-1.0660253943499778e-05
1425,0.19759967657919938,0.16077630338667756,0,8.879524296723527e-05
1426,0.28152715368013836,0.43804871748388374,0,-6.869291751473352e-06
1427,0.11519892575697065,0.5781495915127027,0,-3.2487651842212395e-07
1428,0.11674976920218375,0.4068174587231345,0,-1.8298532515459159e-06
1429,0.181429794945903,0.42722665863113246,0,-2.844297760164807e-06
1430,0.0981742315743737,0.3095142956068702,0,-4.015465100853259e-06
1431,0.2154586815488372,0.02883298418557214,15,0.01661678115956038
1432,0.19526578221838486,0.48446161148325156,0,-1.8433705603699776e-06
1433,0.3277394964932523,0.47349672829150236,0,-7.613455025384931e-06
1434,0.3447890631297349,0.3858021919278081,0,-1.5914349337253796e-05
1435,0.035258068519006966,0.05052378141016443,0,-1.0542330151335493e-05
1436,0.15000214972051537,0.1227058780155248,0,5.247416286279246e-05
1437,0.14363685470983797,0.2159334694628389,0,-1.431608074340388e-05
1438,0.21575278053089184,0.16607992490984572,0,0.00016821233318096862
1439,0.15575475993846546,0.04719190080271709,1,0.0021204718744929
1440,0.3008598256584852,0.08187602938220181,10,0.011603912274665774
1441,0.12086100468451615,0.41125984894817535,0,-1.8236908068145513e-06
1442,0.05198755244807494,0.5968450285005639,0,-1.4333793791068492e-07
1443,0.2942112250990833,0.20486582984315496,0,0.0007865107697600984
1444,0.01399981535584478,0.4715117356336348,0,-3.434582443644315e-07
1445,0.04592247609561178,0.4557448274402439,0,-5.531329087734002e-07
1446,0.0058250461023989725,0.5151280334999983,0,-2.0463878239498228e-07
1447,0.2908300383271196,0.3971160104387353,0,-1.0989125725690795e-05
1448,0.009155830933407237,0.3252033869901945,0,-1.4132866768380998e-06
1449,0.24525001779204864,0.49190112805441505,0,-2.8164107955994682e-06
1450,0.29132808543945465,0.1194130772199048,6,0.007167201978352582
1451,0.11951518777403132,0.10670689109535059,0,1.6813334142051772e-05
1452,0.010895136730864185,0.4338475928899822,0,-4.852610914320155e-07
1453,0.04299898833891024,0.19372574203817958,0,-7.300119885035364e-06
1454,0.23802384429832785,0.565179748916792,0,-1.2603006402223195e-06
1455,0.15134096279060372,0.19608844218611562,0,-1.5782355910432506e-05
1456,0.16799034039625446,0.47211509758020914,0,-1.5886594787838965e-06
1457,0.043275912747481646,0.5369759843365509,0,-2.390969686036581e-07
1458,0.1534296082068533,0.09464988935443593,0,0.0002717763431712583
1459,0.27504592509542675,0.4328559765912197,0,-6.784873772614538e-06
1460,0.3495711585934048,0.11689406207512998,6,0.007564429908199152
1461,0.3108043034358944,0.21809647989892025,0,0.0008548159761195191
1462,0.1597889743632638,0.03041831756877844,4,0.004518943088292743
1463,0.034603526402332024,0.5266949277270421,0,-2.429980152118818e-07
1464,0.04275475462717599,0.21591527891417597,0,-5.864509299133562e-06
1465,0.04154046544398784,0.09411709431210326,0,-1.563425785175862e-05
1466,0.09801572207213159,0.4171513011460912,0,-1.368818332923449e-06
1467,0.15677243450147116,0.07441717004061543,0,0.0007491581005886447
1468,0.14623925805402618,0.44495834546025365,0,-1.6774823692672882e-06
1469,0.33525462696129893,0.525371545510616,0,-4.930940263098852e-06
1470,0.14225099409454778,0.14517706892834661,0,-3.262857190769937e-06
1471,0.1383407370491108,0.004215764184067328,5,0.005682889523563318
1472,0.30672726555789065,0.49754376864477545,0,-4.900855833367129e-06
1473,0.17990378612611685,0.5813210078774673,0,-6.004856905861302e-07
1474,0.1152072533264187,0.12112991789762155,0,-5.433293690325973e-06
1475,0.12813175342389593,0.29605004351038244,0,-6.1664530046411094e-06
1476,0.2247675284779446,0.24283039163650158,0,-1.2160219957726428e-05
1477,0.3392530723607469,0.3964705987584559,0,-1.5479600757855306e-05
1478,0.2688638344777777,0.2742995677600081,0,-6.210574423828516e-06
1479,0.22692922919575592,0.48802898586749477,0,-2.439108407180606e-06
1480,0.10082077093322324,0.00889529022262645,1,0.001176230410353003
1481,0.18115390073020973,0.04654565846283509,4,0.005063307410238768
1482,0.3465948955192223,0.4394166730858912,0,-1.2298200781090347e-05
1483,0.10536237514362426,0.15565691457642233,0,-1.5710100662821883e-05
1484,0.22561595904568393,0.28627661922807474,0,-1.5235874966607934e-05
1485,0.23973302596397897,0.424935419054768,0,-5.1895232567990906e-06
1486,0.07316215846387783,0.08874635540345419,0,-1.0738415601999963e-05
1487,0.04218094662601771,0.44667739326373024,0,-5.834153343102501e-07
1488,0.19852614053522807,0.16851818016792477,0,5.9852027355291794e-05
1489,0.29075296045013566,0.18233824633163503,1,0.001530174316082146
1490,0.2615922044798565,0.05350768383691757,14,0.015422684723239901
1491,0.31853545961209007,0.25877578726972084,0,0.00023399166149377275
1492,0.038471505840629014,0.5136207102668462,0,-2.8784700235331894e-07
1493,0.31182521768075017,0.322811155354054,0,-9.780654232597873e-06
1494,0.08796648557820454,0.4070822533398753,0,-1.3692830292142425e-06
1495,0.15762193583038978,0.2946720837902052,0,-8.308674437305268e-06
1496,0.15360829970927553,0.5567951940859774,0,-5.90205967128667e-07
1497,0.16507195379468942,0.26304508169666213,0,-1.1828250933293295e-05
1498,0.319193029908236,0.3597235800100303,0,-1.5869500736596393e-05
1499,0.33164234430090855,0.31914033089845706,0,1.1560883930957356e-05
1500,0.11696772646263824,0.09156612692862089,0,4.732904917127823e-05
1501,0.12858120596434977,0.2760633130839701,0,-7.5228846354686e-06
1502,0.029693431465335006,0.3178248871399452,0,-1.8677860792687065e-06
1503,0.20376877623024775,0.0695319641857316,4,0.004621712198888463
1504,0.2978812523158984,0.548170750207736,0,-2.7126049106465215e-06
1505,0.0928639989774655,0.04279892816663289,0,0.0001874466624071527
1506,0.17740197963092794,0.00442872493089188,14,0.016110361678414876
1507,0.01451972851066397,0.5495130592965561,0,-1.58262806800626e-07
1508,0.32906566893976746,0.17796292295697205,3,0.003933987402223596
1509,0.27222182854223764,0.3990081956673391,0,-9.128963706461525e-06
1510,0.2833116668527996,0.02992410766498299,19,0.02087063569727142
1511,0.08935276138922628,0.0089573869837972,0,0.00073286393148945
1512,0.1000548321577454,0.432285947125603,0,-1.2008047703319968e-06
1513,0.30963986073101557,0.07634478280911913,11,0.012016091204758479
1514,0.0039883242046685865,0.261713749436272,0,-2.531539227759584e-06
1515,0.16246431742310632,0.28532736407268633,0,-9.490345016422523e-06
1516,0.09927339757572681,0.18895285232679407,0,-1.2661326381381304e-05
1517,0.3365778356119266,0.5177219822366396,0,-5.387835770279452e-06
1518,0.13730514470227181,0.11387259410316646,0,4.084861497925283e-05
1519,0.2136961353731987,0.19877687886161874,0,1.890207379690567e-05
1520,0.23284488180600296,0.3103501731515291,0,-1.3828736755932074e-05
1521,0.1515423881162018,0.26173933645059466,0,-1.064706044087781e-05
1522,0.03629634089524868,0.5266885766300222,0,-2.4715749783913455e-07
1523,0.16874927157085282,0.47760027995172283,0,-1.5153331277826816e-06
1524,0.0005352983130677058,0.27961427741375705,0,-2.045280991294215e-06
1525,0.27307628806164064,0.5045933649333689,0,-3.273138440154022e-06
1526,0.21224757371923908,0.24377834431661138,0,-1.5080734424361744e-05
1527,0.00595620783961705,0.4229141366418332,0,-5.15265397678182e-07
1528,0.34168973546632386,0.05495866519595285,12,0.013290904698668858
1529,0.011235885685799012,0.26320984861951824,0,-2.6809847296686485e-06
1530,0.2775193579540289,0.311225436062243,0,-1.542876302354559e-05
1531,0.23009017774288912,0.10447193966861787,2,0.0032058086651442228
1532,0.18972334333647586,0.5892597093593365,0,-6.117833965351737e-07
1533,0.24099049785765805,0.3530143132598348,0,-1.0457064606282341e-05
1534,0.2294996403685372,0.32530492942441697,0,-1.2029832591820096e-05
1535,0.28297618165932276,0.3690941983112645,0,-1.2981834705800803e-05
1536,0.18406707364419353,0.08154999646671088,1,0.0015997885687023942
1537,0.1170566235878658,0.4017786450571144,0,-1.930260919716598e-06
1538,0.2695198998087145,0.19175474291765734,0,0.0005307522298540426
1539,0.18843961089528688,0.08785358000315857,1,0.0014748142044399308
1540,0.1291311600448238,0.33564354464204,0,-4.210791723313444e-06
1541,0.15223291285273208,0.46167835516271616,0,-1.5067826982614247e-06
1542,0.2465285901618868,0.15550197117910627,0,0.0009218048918057367
1543,0.0010256960872759623,0.40859035064705973,0,-5.660388839437353e-07
1544,0.08517114664460436,0.3706997490770973,0,-1.9156637827606723e-06
1545,0.34250870289775115,0.08202288424759685,9,0.010058437097896198
1546,0.2972093247182264,0.27974915640233605,0,2.1253486158086307e-05
1547,0.17382139138606736,0.5329101453123639,0,-9.169581129285622e-07
1548,0.18269908844588342,0.17968463104533594,0,2.0848908037047135e-06
1549,0.059858850833871664,0.17875410219015034,0,-9.858236091904476e-06
1550,0.245449773757982,0.35984322200321195,0,-1.0235871633724764e-05
1551,0.34267549344580017,0.013334232374551225,19,0.02495124082858101
1552,0.1849757339228009,0.09295890362530952,0,0.0010650684451081278
1553,0.19465146251013946,0.37605356926657135,0,-5.393422047397714e-06
1554,0.2030488828059219,0.23740428926090987,0,-1.5363751748195183e-05
1555,0.23463182247906458,0.04433717533222343,13,0.015149159279773934
1556,0.17165208217863837,0.29334136397690047,0,-9.591971553065302e-06
1557,0.2489299403196755,0.10325403351859615,4,0.005319368716891476
1558,0.16760935106581992,0.02026201790368318,7,0.008063753927387542
1559,0.30367010275600625,0.5780335664114526,0,-2.132764426006617e-06
1560,0.0682618521535012,0.11486971428595284,0,-1.5755373097535974e-05
1561,0.02768202378390268,0.4441223305160204,0,-5.178199426709142e-07
1562,0.30863839480327154,0.11319396467248503,7,0.0085151622873769
1563,0.25252375490698514,0.4716742044830696,0,-3.704058858969684e-06
1564,0.1655202957365138,0.007294565488221205,10,0.01140388533759042
1565,0.19579870047177797,0.42754120686495517,0,-3.2714108842242094e-06
1566,0.005878401992528343,0.39394510952085904,0,-6.878615850623823e-07
1567,0.14985411496819076,0.3443784451025099,0,-4.741103738957408e-06
1568,0.2895867579254538,0.00772157362659378,19,0.028550584097823475
1569,0.28717211420996963,0.485029860030811,0,-4.573006186933749e-06
1570,0.1658529161112189,0.5989153642050401,0,-4.377079002339943e-07
1571,0.21446574880369898,0.3310892427335116,0,-1.0038170297102513e-05
1572,0.03691483493418743,0.3601190306702363,0,-1.3152955416795398e-06
1573,0.2562389128789131,0.11065726007715439,4,0.005120956130342738
1574,0.056542089628436265,0.37776021263928455,0,-1.3413571599420327e-06
1575,0.19340978909727688,0.20242096764058867,0,-7.881125235521285e-06
1576,0.03859800899059929,0.3023117960083747,0,-2.3836535793323334e-06
1577,0.16751789597086317,0.5522170282982928,0,-7.098853634806554e-07
1578,0.21199248746715343,0.04619136511299055,9,0.010792018459716075
1579,0.02164509655379765,0.2810858539037709,0,-2.488073508654849e-06
1580,0.08825762416426447,0.32405398112100253,0,-3.1476825621426937e-06
1581,0.2580418213493424,0.27929109041623285,0,-1.3256747971081014e-05
1582,0.20494783195049218,0.024201043254009645,14,0.01597330970825437
1583,0.15975783621387923,0.26232115740741874,0,-1.137873510135986e-05
1584,0.24061304634281291,0.43714583510229826,0,-4.638823915915607e-06
1585,0.038492671855929014,0.436198037940679,0,-6.244370357092929e-07
1586,0.052110641420534884,0.45529652360191925,0,-5.91042395706551e-07
1587,0.3442315519049372,0.037511040080411395,15,0.016644157606699652
1588,0.18155630528743372,0.24873947747826436,0,-1.4748466119574482e-05
1589,0.16976000777334105,0.5429233859122378,0,-7.966436447892909e-07
1590,0.33394070533787124,0.32360540292568035,0,8.369351317700428e-06
1591,0.17873132642567477,0.12122399527014754,0,0.00025105844496101337
1592,0.10366921514055376,0.47039993090294047,0,-8.504333744748002e-07
1593,0.11388161692694905,0.4595528760640733,0,-1.049603515827696e-06
1594,0.09017501815471654,0.316898486838617,0,-3.4456016409429625e-06
1595,0.08330700891375215,0.48472793669852127,0,-6.013308880206383e-07
1596,0.2549025523498614,0.03584272917094276,17,0.019137899837026632
1597,0.3138983232732303,0.2896172079716742,0,3.5876084094794245e-05
1598,0.21713867042686005,0.25270739296543576,0,-1.5484457337618957e-05
1599,0.3239323430556945,0.19951254130640486,2,0.002199045810859488
