,X1,X2,Label,f
0,0.09937034919614693,0.16474218847034724,0,-1.489265018469952e-05
1,0.03943390203655981,0.10463008384918786,0,-1.4908420145618093e-05
2,0.3353349774774331,0.5922203594152077,0,-2.537341765745358e-06
3,0.01728238697676039,0.051496395606367026,0,-1.5195321803853968e-05
4,0.20129242295476524,0.4825989914208481,0,-1.994336947403518e-06
5,0.12804749043737104,0.013897183232135709,1,0.002759087774486546
6,0.1162229318483243,0.0063666159065499835,1,0.002378254258661401
7,0.14731723270747704,0.009387551520273013,2,0.006332363931762425
8,0.3385223042672268,0.009930348932999865,9,0.026681872724403317
9,0.14725432434438876,0.007220517581318933,3,0.00681369378624574
10,0.17006920963853334,0.005733049462134959,6,0.01331201349937887
11,0.3426965978536153,0.024062677542868907,9,0.020655970079342827
12,0.2456321561866164,0.0145277650230712,9,0.025174773599989455
13,0.2985331143516186,0.019882915717522265,9,0.023560638859310677
14,0.10024529218344234,0.0005215215953255905,0,0.0016182693475754726
15,0.2236064220681838,0.038977282330640454,6,0.014959328099613488
16,0.18296995064875318,0.02363249329359793,4,0.010767563480649615
17,0.2129398815570003,0.03946106267221311,5,0.012833506426723491
18,0.334292417861639,0.026813518793029407,9,0.020063221057588915
19,0.17809765307580644,0.036038496164116376,3,0.006530244542212673
20,0.1545319599037212,0.00042378848195040453,4,0.010574097247453562
21,0.21544234777564045,0.03280649096209121,7,0.015336755789539065
22,0.13171573385632568,0.007280527361204513,1,0.004048752205508261
23,0.24643425130333807,0.02572909167348091,9,0.021511656505045326
24,0.1406718339460147,0.02891262511790764,1,0.0024618688693176446
25,0.30767210536626055,0.046594372693244825,7,0.01634187127579802
26,0.11839448057903962,0.012710404171612065,0,0.0020110899989790655
27,0.18645619997965923,0.030575660509492345,4,0.00958289821018512
28,0.2759289793522711,0.03640998187235568,8,0.019341696634754033
29,0.11840427275447944,0.01082337612498727,1,0.00216764985764765
30,0.1425293041165238,0.04015759583405571,0,0.0017052794088685229
31,0.22089372711159486,0.006683005262575092,9,0.0258066523296719
32,0.14567980569971314,0.02241616877170158,1,0.0037568835916523286
33,0.31816281441671973,0.04715970465807276,7,0.015780856112512277
34,0.2862742443153971,0.028783624278678064,9,0.02112004988985718
35,0.23493818072977282,0.012229990079500309,9,0.02524115458332035
36,0.2548846312887142,0.006435868300854505,9,0.028759267158628102
37,0.157367041136532,0.02509605557515795,2,0.005039592499677063
38,0.3237806963548353,0.03810897540672662,8,0.017422029254698525
39,0.24377398897234845,0.03863112611460547,8,0.01767842539130313
40,0.3049052427357227,0.006386265832774396,9,0.029040008097478486
41,0.32234745260473135,0.03304502589318648,8,0.018742880687537752
42,0.2945815078741725,0.02009675327255449,9,0.02358367393309613
43,0.2515216959867932,0.03435561465160833,8,0.019358406804153478
44,0.23967040102376894,0.008069539931024564,9,0.027273583042064106
45,0.1345935325630788,0.0050858375267115,2,0.004853058778360518
46,0.25393622270891275,0.00783064431094959,9,0.028138732234975605
47,0.32073817958384243,0.05563146430367632,6,0.014217025239591083
48,0.11751339496767939,0.005438433960359854,1,0.0025894036620134216
49,0.20739875770612892,0.02364953538386965,7,0.016716021654137946
50,0.2033939503165325,0.033704805871089,5,0.012523772412072726
51,0.18422824227993892,0.022892323890188054,5,0.011310277167843134
52,0.2502235311027323,0.030058257411386673,9,0.02046313320787346
53,0.239346515642111,0.01953154067515249,9,0.022994990351570484
54,0.22901015189721655,0.038738343870034206,7,0.015890059109974798
55,0.24854211977279003,0.01812944273963647,9,0.024063722676129946
56,0.26558483119598564,0.00804743491468117,9,0.028342520783664147
57,0.18749973218420923,0.036837399289690174,3,0.008187281869045136
58,0.314562109567335,0.04739643257971776,7,0.015898321396085123
59,0.2932680702916727,0.03723690674660625,8,0.01880997243697329
60,0.14245595898851818,0.005599126077333892,2,0.006189937991566221
61,0.1333905068772324,0.006845951590640831,2,0.004363131240489222
62,0.2431202340473897,0.02625640875746961,9,0.021126326118298577
63,0.21232234480180054,0.029131566706248672,7,0.01589599337097884
64,0.27622649377863184,0.02480695194328787,9,0.022412433046941495
65,0.18980646794670725,0.03781411315412521,3,0.008422552013870566
66,0.17150685419372189,0.019012985234818654,4,0.009313647210576453
67,0.14045918453180883,0.003888137819033702,2,0.006164097325217599
68,0.26964029567071673,0.03021193144021313,9,0.020917593976600223
69,0.318408333268336,0.0240842359880066,9,0.02153455507072216
70,0.11695561286813685,0.008806269621400294,1,0.002221320477784531
71,0.30812903124425123,0.017606617674106415,9,0.024128453326487772
72,0.10645857524238411,0.006156332070687107,0,0.0016455887819740917
73,0.23811115537265234,0.010623085621769807,9,0.026134319174502093
74,0.14178978982326498,0.011073876996019277,2,0.004979261471060848
75,0.2862563116425959,0.04109727403271212,8,0.018136544034088372
76,0.18882521402347835,0.005736946314821981,8,0.019031275614637407
77,0.33340998653257353,0.037985442569459064,7,0.01701908053275046
78,0.22049117462304346,0.030186701916003165,7,0.0171011360864203
79,0.12572514342031912,0.0012696140585778358,1,0.00410409525823099
80,0.1974720596313739,0.03382118284942416,5,0.011162260272380993
81,0.1671484903912175,0.04021754508002143,1,0.004062032756000657
82,0.2929952121638165,0.030264659960450687,9,0.020549977180709465
83,0.33151381734725077,0.009195790346584132,9,0.02720022443225178
84,0.27891335011931695,0.011436220743278859,9,0.027019223601256814
85,0.3090700598655676,0.03574348572781056,8,0.018604398526393232
86,0.2622416267842087,0.03453885868298786,9,0.019710456649774222
87,0.3194228473982096,0.05207211001062841,6,0.014852153189815477
88,0.15965109795460988,0.040939120182316845,1,0.003077498282146578
89,0.10365857399562531,0.00025183287714961814,0,0.0018705485249746205
90,0.15211039039885033,0.040544618941010455,1,0.002393176995822185
91,0.2569808490707969,0.0126940890082467,9,0.026316381734566217
92,0.30264375708798247,0.04812312208385623,7,0.01625428092349769
93,0.13436107381305207,0.029442221138735507,0,0.0019075666665480892
94,0.23740673254801642,0.0030381142243858655,9,0.029249536650115777
95,0.3431686007623508,0.018174917251411515,9,0.022847948823113026
96,0.2981375989711141,0.016983310644392707,9,0.024608761291949534
97,0.32886202404788356,0.017508414247105614,9,0.023564362069469096
98,0.17795388656605196,0.013479374649774528,5,0.012780550809465429
99,0.11375504116759313,0.002268019875787057,1,0.0025447494992265163
100,0.33043569781982907,0.002629547676516318,9,0.030780508990152982
101,0.16150219326689882,0.0172223189663771,3,0.007478437550170567
102,0.16328809161146152,0.017727588064565376,3,0.007745245267192985
103,0.26004694486186963,0.004406619573162928,9,0.02981241034290017
104,0.1441202683390864,0.03364094104305285,1,0.002329713519610214
105,0.2434133392018384,0.013062589947097664,9,0.025581046654924323
106,0.24618513483421678,0.03863591153356402,8,0.017880637790594633
107,0.12704135904450414,0.005988969492414998,1,0.0035991799830368755
108,0.12516497049318645,0.018812891037372728,0,0.002045426984403253
109,0.16726602810305172,0.026642096544577987,2,0.006488539218638002
110,0.34019714924628963,0.04408133317228063,7,0.015345365577752594
111,0.30330321889638473,0.029125609535815954,9,0.020538652909284857
112,0.11514103327003318,0.013014302700016226,0,0.0017528957506523395
113,0.24004117272602932,0.004786056841835085,9,0.02868265753364264
114,0.16409202493733258,0.000704688521322383,6,0.01338659801496409
115,0.21596743083364245,0.01997448571494441,9,0.019774918934430626
116,0.19475453673939958,0.006403940655025149,9,0.020409110642829742
117,0.25937146319271553,0.03641849623295483,8,0.019162620363342254
118,0.15753983910757358,0.018114334911204198,2,0.006448396337788434
119,0.11426792443330246,0.009407107886242036,0,0.001957057827137998
120,0.13864756714409265,0.0016535461044526328,2,0.006290875562614432
121,0.10175612668116372,0.0032534977753922475,0,0.001537672433771057
122,0.3121172336024302,0.027093302862516464,9,0.02081687743900175
123,0.32004417548958436,0.040508658274657265,7,0.017044599181987103
124,0.11236260833113847,0.004623721830076189,1,0.002199434404937056
125,0.31237953939081436,0.0320540312394213,8,0.01940859090962737
126,0.23678836829922872,0.03612041331696594,8,0.0176557230526975
127,0.1264768460860237,0.014682793537720661,1,0.0025252973242600907
128,0.12063597557017862,0.014741363408468277,0,0.002021712962797078
129,0.17950634198367826,0.02099593815404463,4,0.010709842673842833
130,0.3261755496432759,0.04381628461166622,7,0.016064298131900936
131,0.2632524153269843,0.02473848720199389,9,0.02241106734800835
132,0.2697368394711919,0.04015859020161518,8,0.018475087965419204
133,0.30612422977225856,0.018317735921836872,9,0.023918628996614354
134,0.34038562652168197,0.027467966390601922,9,0.019616829715759954
135,0.12110441126533644,0.014190587096663479,0,0.0021033458240752737
136,0.2294220925812541,0.007194160585813757,9,0.026692898664263054
137,0.24050083078821274,0.02102044597934444,9,0.02258884567714852
138,0.30950790636375264,0.008682254223131208,9,0.02786510169506839
139,0.25343864932502963,0.002701811315165198,9,0.030363401919974903
140,0.2003093645301489,0.005739913820321227,9,0.022145196301282716
141,0.2215449182218961,0.028333580909617496,8,0.0178798659416799
142,0.2188956694014975,0.019767434768751445,9,0.02036903993173346
143,0.3373382150300372,0.002458613059416255,9,0.030805186671841935
144,0.23914530487939797,0.0268251998278103,9,0.020625417775275243
145,0.33661938029978544,0.06039493857228579,5,0.01273767996985396
146,0.20987629677850145,0.014375217918689974,9,0.02070260382607769
147,0.18440330269234467,0.020579961320351736,5,0.012098560027517281
148,0.2605674687605968,0.03534304735772331,8,0.01946676944374449
149,0.17069281308005968,0.02463343261596049,3,0.007642378324375135
150,0.267445122449607,0.033930198126748516,9,0.019942255872671396
151,0.12788393107683388,0.021865369917772288,0,0.0020108355208161032
152,0.26486519650881957,0.013604404599091832,9,0.02613124731661537
153,0.15583374234148542,0.021416659232815882,2,0.0054571528344406536
154,0.1909897437663659,0.03441579027048397,4,0.009549542810957766
155,0.3168031202995429,0.023116783196477114,9,0.021910126242008665
156,0.25627828912633893,0.02937372345345344,9,0.02091743269558409
157,0.23075383716765785,0.011820083462705716,9,0.02497915801218543
158,0.2904744504241872,0.009113848951861826,9,0.02791954925335372
159,0.2895822568466741,0.0050916246542681565,9,0.02978854613644087
160,0.1846090440636364,0.025006389291552102,4,0.010753798704926302
161,0.2549436576564955,0.021203107092579485,9,0.02331100218645149
162,0.0955176453515838,0.0006214530799487297,0,0.001335273016609251
163,0.10817196937599341,0.0006585172422164873,1,0.0021919539518153635
164,0.25625204531277845,0.02442133007167331,9,0.022352556074290684
165,0.2907523080620175,0.04047503443027807,8,0.018160734202418035
166,0.34361985382344784,0.06129677303058797,5,0.012256688258676714
167,0.19498515181106923,0.005415984119911579,9,0.020908408385896502
168,0.33149569947420204,0.04868256567600382,6,0.01486871592688062
169,0.21893265290485964,0.026397562695452296,8,0.018068808942753294
170,0.24186711604762473,0.029148182516064852,9,0.02016032841310258
171,0.11946684210159322,0.0030621918104988023,1,0.0030544024115300803
172,0.24541394265312658,0.016428646533807066,9,0.02448381073162588
173,0.1423903084280407,0.038835455116513574,0,0.0017865813007880678
174,0.2593201491529329,0.03843630800481768,8,0.018665263593848534
175,0.14503605540344205,0.004602414116014211,3,0.0069589267899720425
176,0.2072481636712636,0.004747025787937738,9,0.024190741394652413
177,0.22873806037425135,0.010562150374576088,9,0.025245777450703603
178,0.21534955977215325,0.005572114461103339,9,0.02539444007698561
179,0.2703181954888626,0.026693415853270057,9,0.02189015262624872
180,0.18518093950066422,0.00046246792977648886,9,0.02032354884990902
181,0.20923439870992613,0.03903090637661873,5,0.012203068699181993
182,0.2807356683495547,0.017315404878736913,9,0.024788943981704316
183,0.12673640611104203,0.006101074473868932,1,0.0035447728879492795
184,0.29039537821592437,0.031098203630593582,9,0.020399648935488367
185,0.33775569042464537,0.010495992690774905,9,0.02642056056314663
186,0.2942535342993157,0.004850617260808057,9,0.02988939039116973
187,0.25684050855125323,0.0043690309726931165,9,0.029731233903838906
188,0.1296391665116871,0.01630499197521777,1,0.002666320924011805
189,0.21040696878432036,0.01609646852960114,9,0.020142122041353242
190,0.1632560939047259,0.03593466312169492,1,0.004162714625676364
191,0.32728512682222394,0.047177945069010026,7,0.015351248408097486
192,0.31684747837259825,0.051996669419210766,6,0.014983021940791973
193,0.2916974136058709,0.00170984189448143,9,0.03151159583969782
194,0.16559028051684788,0.018262219623389312,3,0.008125581556754665
195,0.26635538071577175,0.027709338461543102,9,0.021586264037709708
196,0.12190414103593947,0.008818047129808042,1,0.0026749731403722
197,0.18601851835793604,0.0006763842314509369,9,0.02048208951982432
198,0.13240694462302582,0.02315247220357509,1,0.0022662999655760413
199,0.18064501387042375,0.016408921711742176,5,0.012502619859453867
200,0.28924668540082077,0.009512890112901656,9,0.02775598837482289
201,0.3045966621922531,0.02933574240366396,9,0.020435555868754476
202,0.3223972247563869,0.0039854096509846365,9,0.030094292847759937
203,0.25657035084773105,0.03223743427898566,9,0.02014653411372898
204,0.2109965996390961,0.031493218271106876,6,0.014857655327410934
205,0.17827695511922065,0.01925025450706607,5,0.010939939681391762
206,0.19379385773359592,0.013236910251009943,7,0.01729481599079258
207,0.16216775076860107,0.020358847215074943,3,0.006874282415623209
208,0.2575306189191907,0.009174460007555965,9,0.027704070388647976
209,0.339280207875631,0.02326021601793493,9,0.021061739608817322
210,0.1590138533734522,0.01957014423216388,2,0.006420149077873694
211,0.210526312577183,0.03631532605270805,6,0.013267874425712443
212,0.24059020810580295,0.0011893446397263294,9,0.030340103339489055
213,0.18607502692004438,0.009648649585759311,7,0.016578762360401327
214,0.18001109761601097,0.026446552435342618,4,0.009244536851300979
215,0.2988730060045797,0.03217479217876482,9,0.0198672755668879
216,0.1304750874682825,0.01438856628754151,1,0.0029594132596366556
217,0.29977044361450045,0.012037951713643108,9,0.026532357986425212
218,0.18825557896450246,0.03443224466872375,4,0.008950401559458282
219,0.2971797959516103,0.03870062455519117,8,0.018355091069256126
220,0.11777300716693402,0.005838950909537691,1,0.002574157182641633
221,0.09593270501997415,0.001368475275829043,0,0.0013167235012208202
222,0.21945810455438453,0.023840556548589253,8,0.019029171716108587
223,0.23130869235014673,0.008344350669082012,9,0.02642090597046424
224,0.1846657531904696,0.033359566167334105,3,0.0084561242693046
225,0.19153426733446113,0.004556844442094539,9,0.020334711898994547
226,0.3097577612221065,0.010315496344767847,9,0.027103806366090052
227,0.30008654515619015,0.019712341883909613,9,0.02358005258590933
228,0.21079547123159312,0.02988918430729281,7,0.015332835018164686
229,0.10484779060545199,0.002938821243401054,0,0.001758836020181912
230,0.11510845009829455,0.0012489475377626298,1,0.0027866379756530933
231,0.276871346514755,0.005827919033062366,9,0.029429351716298825
232,0.25597688093313886,0.0018815229474902773,9,0.030847527530057654
233,0.1381040977630869,0.023758456936494483,1,0.002730535730353522
234,0.22792231162569182,0.016200538765938063,9,0.022998879998104082
235,0.13563168546985568,0.010736481482371753,1,0.004083175454535946
236,0.19999239285018688,0.03062362247130098,5,0.01270249672775848
237,0.16597456446859352,0.022857842892531198,3,0.0070776236790661565
238,0.28522108893318154,0.027024277398505114,9,0.021634833201702834
239,0.23144339875628278,0.0008886114460266437,9,0.029682801615017053
240,0.23258666008538667,0.019830016066619452,9,0.022252630081948603
241,0.20357379184657126,0.03385327125205538,5,0.012518646829456767
242,0.221119855767868,0.039840189811504466,6,0.01427713814982939
243,0.1907695304123782,0.2655455490603717,0,-1.4088224143304596e-05
244,0.009348022647712501,0.45585964474144064,0,-3.8341398982908097e-07
245,0.1607341018259745,0.010963319317067684,4,0.0089652128944407
246,0.02138202021269592,0.4060024023772567,0,-7.118636950030266e-07
247,0.021067706405789977,0.2951389967640682,0,-2.149765151118624e-06
248,0.22827159329567312,0.10663942922612846,1,0.0028342186660256703
249,0.023729395455356968,0.2593026824963281,0,-3.157317877170716e-06
250,0.007314565332743905,0.3220328214346818,0,-1.432221696752077e-06
251,0.2734713451983414,0.15773272302782246,0,0.0020372575844811473
252,0.24079598113818187,0.15362350226659785,0,0.0008044419646783594
253,0.21694714580790406,0.07845680459063224,2,0.005012553540052497
254,0.037869279003050704,0.3761260916246182,0,-1.1315045137607208e-06
255,0.1516455812516523,0.0004817679195699212,4,0.009739783297709274
256,0.1553901345597656,0.032383753988409154,1,0.003637356667539366
257,0.12852159504120556,0.012655378376433548,1,0.0029448799938319643
258,0.22375880763389774,0.015671999764775596,9,0.022636734459398008
259,0.2974908123451488,0.06916025169374318,6,0.013193133100016881
260,0.2292973669386838,0.08440157978969709,2,0.005716872703937708
261,0.22774261689511635,0.15518740079218837,0,0.0004576149820126614
262,0.06038326042875209,0.3078120232208885,0,-2.8038121838610187e-06
263,0.2599584406946043,0.06379446612935918,6,0.013297710751011051
264,0.08593248094500726,0.316804826876933,0,-3.3062134760841197e-06
265,0.005748710816307873,0.3710359515040319,0,-8.638277288286074e-07
266,0.26462101789587783,0.17806962987198585,0,0.0007522327689695886
267,0.31524308111328914,0.011782993201952918,9,0.026333485885452756
268,0.32774573581601985,0.14780784995928145,2,0.006121345443043086
269,0.28610449285896766,0.030944692754307446,9,0.020543416645053502
270,0.0029558129267701024,0.4828743689541814,0,-2.745451818427191e-07
271,0.10646998611984344,0.3210184128939661,0,-3.888814491021812e-06
272,0.25953028406378315,0.029280451495267396,9,0.02103860430176485
273,0.0025404289011773523,0.39107696583736434,0,-6.846607206225502e-07
274,0.041879629683580034,0.4001140484712527,0,-9.265803494215464e-07
275,0.24024113056827628,0.0663744759985688,4,0.010679692909915741
276,0.28020166290941056,0.05832964528319577,6,0.014973203590222873
277,0.34080316819406065,0.10912591726234028,3,0.008295121683813514
278,0.3458382684132955,0.13627514821616069,3,0.006810777657126924
279,0.025541988185358966,0.25979770431109855,0,-3.1990175197450035e-06
280,0.010782578024671828,0.4490975720161076,0,-4.161582072866395e-07
281,0.03821778165006463,0.38913770713286594,0,-9.969315696446547e-07
282,0.11860390177258823,0.0002689795589126742,1,0.0032954634256725885
283,0.28520606576348106,0.23752498245731007,0,0.00014135667707807173
284,0.13015507204590135,0.0023120853794790786,2,0.00461269256122479
285,0.2948161864770997,0.017260446223160836,9,0.024579048875226682
286,0.2934267237184398,0.1671987661445906,1,0.0025999182959071153
287,0.21726377006021633,0.007567895209098996,9,0.024861079719105724
288,0.2701255334134976,0.08098960410666486,5,0.010987738883374737
289,0.2663461131360596,0.15945117299055891,0,0.001556098410965263
290,0.08322712698715586,0.31113684501749667,0,-3.4054479871597264e-06
291,0.12780672544104077,0.3039105468454772,0,-5.689916527565167e-06
292,0.31839312236998646,0.23052932263719086,0,0.0007073411678447196
293,0.020781784821178137,0.2513018468728249,0,-3.3206086345312313e-06
294,0.1470261888589644,0.020372989496810184,1,0.004239815110150102
295,0.21624646941882042,0.14308020410951258,0,0.00047655284323125147
296,0.16111246014424588,0.0030858746896797323,5,0.011584402448550503
297,0.15729763960579435,0.026343556750579103,2,0.0048125121627831
298,0.33358303022820485,0.1221871886854104,3,0.007775555689077271
299,0.18516522259360663,0.0069111578035168375,8,0.017445319891356437
300,0.31780737867682346,0.21692429708720729,0,0.0011096522856467123
301,0.14995941330523802,0.04468348958932736,0,0.0018876083519909033
302,0.19254039065066358,0.01937398095485283,6,0.014643632805892011
303,0.15662823019436356,0.02318220376601905,2,0.005262708416095094
304,0.22846857868438147,0.24157669661984368,0,-1.0217451581790996e-05
305,0.004691207952079564,0.26649770284358015,0,-2.4304109229039244e-06
306,0.06717416599826151,0.36333890626024923,0,-1.7228872522332256e-06
307,0.11273017969516652,0.32214421814811206,0,-4.09218286069031e-06
308,0.020305332877077108,0.3669194193983729,0,-1.041000130588795e-06
309,0.3401621589954454,0.13390305278174747,3,0.007025391571618023
310,0.2533251458211123,0.17687997753739407,0,0.0005168837384275324
311,0.2886633728041526,0.045750591917376404,7,0.01713196200959497
312,0.10892918853514709,0.3184476189698758,0,-4.0881863866496205e-06
313,0.012484843843434075,0.45187601545026895,0,-4.116963927517868e-07
314,0.02079089179419095,0.3120771599825733,0,-1.8099898483246252e-06
315,0.29111515522825376,0.18174800539218874,0,0.0015763609607870922
316,0.2942943668911369,0.10415326824246751,4,0.00907154874391586
317,0.19191296787020434,0.032427419418672165,4,0.010304217666233828
318,0.055634146704220594,0.32501480980303915,0,-2.2519904973637303e-06
319,0.0004935701564649578,0.4787095410813414,0,-2.792664187374736e-07
320,0.18264221963205127,0.01769338764988615,5,0.012602076153827083
321,0.2173007258402888,0.07649360703805215,2,0.005362674647729535
322,0.16211937215039315,0.27826699462716353,0,-1.0091907794741519e-05
323,0.057046802885957336,0.29847344933390024,0,-2.9770277518128175e-06
324,0.2747085429620045,0.08636348297349357,4,0.01045117463633687
325,0.30835548870837476,0.16841607765440098,1,0.0034665825053065108
326,0.12995844569977774,0.28908520830547113,0,-6.719655247265221e-06
327,0.22783131473657559,0.057508165463398486,4,0.010808803401131965
328,0.20876903153191692,0.06808884656975836,2,0.005535472507323794
329,0.04235832486838345,0.3817098301025369,0,-1.1191284067165193e-06
330,0.08779562022258895,0.2835809554554299,0,-4.687038774140127e-06
331,0.18827202732390275,0.03246958518157381,4,0.009473928199695662
332,0.19943833500170335,0.050876223721457996,3,0.007283306989270762
333,0.10452074476206372,0.2988801506449732,0,-4.752543512579382e-06
334,0.060885429373123016,0.33347594530324626,0,-2.180769395821265e-06
335,0.24029355647589817,0.0608658107888695,5,0.011890014024324111
336,0.05901826560908982,0.29225949237555204,0,-3.230230019980445e-06
337,0.010568789373156334,0.40320544575816725,0,-6.571033094329888e-07
338,0.09138295516736067,0.28712165156859487,0,-4.688954885053184e-06
339,0.27451208938062177,0.21511584253689017,0,0.00024542393123756957
340,0.2346252657687458,0.12520190131390924,0,0.0018423247586616051
341,0.13937455386914607,0.007040617823564868,2,0.005312965534990299
342,0.3082878363706079,0.06248586103637349,6,0.013759431897419178
343,0.2589482023375183,0.02829900806745106,9,0.021297797924121554
344,0.0033685748297461477,0.4610716297583036,0,-3.428399414683148e-07
345,0.2361737541129273,0.11433499185977773,1,0.002783760887986738
346,0.17510145294632018,0.07089011106101362,0,0.0017344558119566837
347,0.03283187044605701,0.3654776404936676,0,-1.1968687177032996e-06
348,0.022982228031246953,0.367930013517531,0,-1.0584589794522284e-06
349,0.067788613927432,0.29085456504426793,0,-3.574626190999125e-06
350,0.20025979129191432,0.24025222493020015,0,-1.57155577331414e-05
351,0.2833372059907645,0.19679442659567092,0,0.0007252891003135662
352,0.004624432265431606,0.4806145761142367,0,-2.855401210494499e-07
353,0.25668155112954066,0.058070054667189314,6,0.014195960887272926
354,0.1499086154230832,0.27914469045712914,0,-8.945984729917518e-06
355,0.19962199019645666,0.25755868293326506,0,-1.5403075317812403e-05
356,0.0034128037399101616,0.45472145539552866,0,-3.654781093203775e-07
357,0.32466684834271897,0.15717489127741277,2,0.005312150087421081
358,0.04028196698796084,0.27168464029009126,0,-3.290772326788463e-06
359,0.19480920945009766,0.0885644473543687,0,0.0018011934584648212
360,0.02724059666920005,0.2984309261475248,0,-2.2123934344575167e-06
361,0.18907297407796556,0.04681441727115357,2,0.00629420618999981
362,0.013426620121252834,0.333826957628652,0,-1.353041361243276e-06
363,0.08686984190464477,0.28939170752554644,0,-4.38402399891336e-06
364,0.21610239286989308,0.12483109382662032,0,0.0009833778113249737
365,0.020721455651990094,0.34502823187505527,0,-1.301112711602539e-06
366,0.3175687756317402,0.13528421260406115,3,0.006812401210440645
367,0.15345666493359603,0.008851687369614239,3,0.007790171692369123
368,0.2951655414080734,0.10596110178546525,4,0.008900004782722183
369,0.06878914101720499,0.3324019125130939,0,-2.3851510255178465e-06
370,0.10202940221567652,0.3296442017582482,0,-3.4145187413642443e-06
371,0.1789812632308971,0.004560644185909318,7,0.016549752474456066
372,0.02648936610325557,0.2760143850612103,0,-2.746883392078244e-06
373,0.1054150449724438,0.32681997413768243,0,-3.6322696100959176e-06
374,0.06469941747045217,0.2834702576033007,0,-3.731020422177593e-06
375,0.08760204333624283,0.3065710759784542,0,-3.7224658036836806e-06
376,0.2343174871837327,0.20308425197735255,0,6.229089098852474e-05
377,0.34385735833924763,0.23109030082453275,0,0.0014811352304845782
378,0.2783372965430726,0.09813773965998576,4,0.008993539856177053
379,0.2043690858908938,0.24845971821932605,0,-1.5810362511344747e-05
380,0.07476794826129167,0.340050418944304,0,-2.3455107205675046e-06
381,0.3394756965154502,0.16154931208113973,2,0.005471254545470313
382,0.2683412492738632,0.002324720581421136,9,0.030979943427592936
383,0.1346079076656814,0.30220063388454693,0,-6.185461455347766e-06
384,0.00039786130358903694,0.45690024629063136,0,-3.469914455065877e-07
385,0.28679438987923656,0.09238284942243709,4,0.010210685863888097
386,0.27996396435079735,0.21050711459767854,0,0.00037340026671424793
387,0.21582317988950458,0.2575772389443866,0,-1.5783709304673883e-05
388,9.502517310187769e-05,0.49470842054889985,0,-2.3703271149099764e-07
389,0.3453043088993963,0.051337400610719924,6,0.01371369171953172
390,0.0002060387141357841,0.48282440878606125,0,-2.6723961821765713e-07
391,0.20588672712518827,0.07819597718057147,1,0.003711902283521662
392,0.011075269612324086,0.28365406639618285,0,-2.1822985860197177e-06
393,0.2410693075599142,0.24889354778497808,0,-7.501880030642267e-06
394,0.16773862969707,0.05515236889278461,1,0.0024108580770473382
395,0.21881792830298025,0.07396087693303557,2,0.0059911337921836035
396,0.05937145324417389,0.2829905996437635,0,-3.555378818328392e-06
397,0.11472101035178976,0.0022914201209798535,1,0.0026367440088339647
398,0.23882190206259607,0.23344147037315557,0,4.0232142349552715e-06
399,0.2707641626235667,0.09360820125205926,4,0.009073082568731385
400,0.3492010459305483,0.2160199904714431,1,0.0024533858042355586
401,0.31663625998747885,0.2049900302072417,0,0.0015664383492715026
402,0.22352603683768288,0.15510838489792247,0,0.0003868144463829499
403,0.002239877506437915,0.35328584013805,0,-9.96064079337628e-07
404,0.05400373019788114,0.27870112191274715,0,-3.5176315277471073e-06
405,0.16522249803971042,0.27239572397410045,0,-1.0932126720489407e-05
406,0.31731243176734275,0.05753166438958268,6,0.014086556653890107
407,0.31450288707191454,0.2058933986243118,0,0.0014358011748299975
408,0.3221066547427906,0.12654729990864272,3,0.0075691552813622965
409,0.2839405601303435,0.15554334241852194,1,0.0028659791250066
410,0.2063299934574463,0.0852504437275336,1,0.0029698139343029427
411,0.06876725564813396,0.3380452788277171,0,-2.253916010242292e-06
412,0.08279373905997588,0.3496600398640307,0,-2.3084368931709496e-06
413,0.16077523279095524,0.26876382399403187,0,-1.0855016203736336e-05
414,0.024037985468102378,0.41653230724616835,0,-6.579447519809884e-07
415,0.2660766414492175,0.002649658489854212,9,0.03077707112674186
416,0.3495057320814238,0.2259485681112701,0,0.0019440532576243767
417,0.3008025116043209,0.060080855876340176,6,0.014361549439165906
418,0.22067434934741353,0.018905505974189524,9,0.020976175815521362
419,0.0873578482567754,0.3232734842069478,0,-3.1439810617149285e-06
420,0.31764553072118223,0.24343504137243885,0,0.000424283457634787
421,0.2381541088903892,0.2152190010528589,0,3.5983466484942746e-05
422,0.2016857902913301,0.24660119041531256,0,-1.581261653786167e-05
423,0.2569069040463078,0.21822552753476465,0,9.262270843519882e-05
424,0.30276118041723044,0.21890268919906666,0,0.0006311927869182769
425,0.2442728940009043,0.04661433247575195,7,0.015698095222411446
426,0.0014699974572940804,0.490724465329103,0,-2.5007801543177925e-07
427,0.07562338551741826,0.35511302392960054,0,-2.0351011263119553e-06
428,0.0618917095501799,0.35033699802304974,0,-1.8612098214016145e-06
429,0.28628736795182064,0.16823018441118212,0,0.0021007617029471415
430,0.2684716564490827,0.13915392968667972,1,0.00312396810358426
431,0.13316923450764662,0.02049675667145392,1,0.0025834764262826315
432,0.2595730911679546,0.1274179100473835,1,0.0035089137202559523
433,0.2835966956969276,0.2086255081746023,0,0.0004640307605779857
434,0.002834809099743523,0.4597025220435841,0,-3.4571764736820675e-07
435,0.20265106089252985,0.018951249507822024,7,0.01733221663521428
436,0.27116486541208834,0.08587841785220235,4,0.010289362478893982
437,0.2556359477313908,0.057196025123551174,6,0.014298836985210282
438,0.00711124145198988,0.4464859227222949,0,-4.117871784779474e-07
439,0.048414539614355837,0.2720319685248298,0,-3.555939784540838e-06
440,0.2862909249726316,0.15558235989228023,1,0.0030264665958558436
441,0.05328452894489171,0.36626759478689586,0,-1.456524542352737e-06
442,0.0012866842138302623,0.3849495687125851,0,-7.188630319194584e-07
443,0.25347226003177104,0.19748104338425262,0,0.00021658546850186514
444,0.002316203714218333,0.40013333962641734,0,-6.239826218458305e-07
445,0.044550687879527935,0.3851749724595501,0,-1.1049477429682573e-06
446,0.19003782708253578,0.25887234970279965,0,-1.46120542082258e-05
447,0.31480600986924245,0.027757458427910286,9,0.020520871527714833
448,0.003389493271088707,0.44578151717132336,0,-3.9956305876257914e-07
449,0.13473978382876697,0.2766549097554632,0,-7.9352497633423e-06
450,0.12784338073764728,0.0007607478740711583,2,0.004507822108883661
451,0.020925140971917913,0.4087567667261815,0,-6.893713834753712e-07
452,0.319236358078686,0.12148340766599112,3,0.007930612595182773
453,0.23267766944776017,0.040082481130715025,7,0.01603552740846467
454,0.20709011380028605,0.25761295573500087,0,-1.5736320795316e-05
455,0.203701377699546,0.06902141649377833,2,0.004688399026567682
456,0.03799090780470715,0.4080394296176488,0,-8.233758319012616e-07
457,0.0360191246064999,0.3786994673342061,0,-1.0825719076178022e-06
458,0.13845339923878605,0.2846902673049289,0,-7.6123215806740475e-06
459,0.0808427815323074,0.3494643958822483,0,-2.268372157862074e-06
460,0.06694865566549701,0.3256541500370135,0,-2.5050287152811995e-06
461,0.02604774697308136,0.38720518961755707,0,-9.000521885011293e-07
462,0.05023766252773835,0.31798482297907343,0,-2.289197871520084e-06
463,0.1717484847783983,0.05572393480315969,1,0.0027132529227610956
464,0.2562744290155433,0.1311970893164415,1,0.002881962815757478
465,0.1865833437326817,0.26605114093945786,0,-1.3648158908054305e-05
466,0.08355593830128652,0.2894778948737595,0,-4.238624993475697e-06
467,0.19898114370161385,0.2512160692356238,0,-1.567687904589169e-05
468,0.06709546420768749,0.2959321863355361,0,-3.374884077985763e-06
469,0.2839298413242432,0.012021732817432884,9,0.02675302006710116
470,0.18795234691457152,0.2549367397104907,0,-1.4764429572580393e-05
471,0.2494954068440391,0.003373638069137541,9,0.029878357559282365
472,0.2693027596040147,0.17498969961773098,0,0.0009937627839000669
473,0.030010495382021985,0.3870281139741284,0,-9.380505744415235e-07
474,0.29482126607581477,0.1097364368597428,3,0.008463819928182752
475,0.0028723896134339785,0.42309461373574153,0,-4.987331177357792e-07
476,0.0013927962037921732,0.4702287435872553,0,-3.0672641655946777e-07
477,0.01188274063345338,0.4542449126420731,0,-3.9964749867329287e-07
478,0.06439380478891328,0.3015857644744101,0,-3.1052001828845425e-06
479,0.04166185082750786,0.33604362751288475,0,-1.754426395920043e-06
480,0.12471906033864795,0.29761762905147904,0,-5.872531711554137e-06
481,0.27979280394891015,0.2369459551496431,0,0.00011205145017393131
482,0.21887701869113224,0.09883186902665761,1,0.002765515923641123
483,0.010802765319898185,0.45251032329235025,0,-4.0227670561849063e-07
484,0.21781937893165168,0.03228628088921259,7,0.015952633048491146
485,0.03509750181937812,0.27976333655027674,0,-2.8831141273102407e-06
486,0.008450779170428795,0.27224323348452445,0,-2.3825813790227472e-06
487,0.040744967265702925,0.3000814525939595,0,-2.4901175188236247e-06
488,0.32138934078467096,0.021286357001714273,9,0.02238512139224421
489,0.22113894037402618,0.23201801835772623,0,-9.08619676590922e-06
490,0.03924979955726143,0.34199486010336816,0,-1.6137667901666011e-06
491,0.098861656730667,0.31117839378702855,0,-3.976600621250832e-06
492,0.0033881868978885097,0.45629761181910666,0,-3.5967438212153187e-07
493,0.06703602576060216,0.34162594256740647,0,-2.1374642833815053e-06
494,0.2384144122520582,0.11658859250433418,1,0.0027628855667766734
495,0.1376885401489018,0.03252015433907171,0,0.0019166681991651068
496,0.004238254262393243,0.2772806782701656,0,-2.1723666074473713e-06
497,0.10033700554910209,0.004070368091182446,0,0.001405905238329174
498,0.031171178693333502,0.40104573827006124,0,-8.248733436516249e-07
499,0.05476757145605376,0.28650511697940345,0,-3.279210632464458e-06
500,0.2831917710695187,0.14428294152970736,1,0.00380491284393874
501,0.20078264134461085,0.01699845617427148,8,0.017619600364940303
502,0.20565178803792297,0.01613240511172162,8,0.019099788994474495
503,0.12361917991697746,0.016016599794572484,0,0.002153355586169227
504,0.2967152972883941,0.08434253754609229,5,0.011352241003552624
505,0.020093524946470733,0.43700935211698616,0,-5.154060315239102e-07
506,0.07932577759437931,0.2882739854945247,0,-4.113271375157977e-06
507,0.11293849344863104,0.011111569988744963,0,0.001736622016005503
508,0.027022633588772892,0.3965108374053518,0,-8.281046037571961e-07
509,0.003924841627561791,0.47908153779110707,0,-2.879319044755711e-07
510,0.32022130591237974,0.13688572192074885,3,0.006754793148819554
511,0.256905377298513,0.05620570791858445,6,0.014595522551226255
512,0.34382857876150086,0.07154784804304731,5,0.01099913189308607
513,0.039998161591347926,0.32316105351019725,0,-1.962640688354495e-06
514,0.330349249927845,0.1544110286628313,2,0.005719744022302634
515,0.22829956737868684,0.2515031368808512,0,-1.364883665745434e-05
516,0.020862299821896434,0.381002666115552,0,-9.09304103245478e-07
517,0.04151812966337775,0.36435895735690127,0,-1.3200115471292002e-06
518,0.03608502338597131,0.38312279827213486,0,-1.0364166225988634e-06
519,0.19916035909434948,0.05285450372124818,3,0.006824032508998408
520,0.21975094428421874,0.20876776195469157,0,1.2020009606656853e-05
521,0.1611430689518909,0.2852871311323972,0,-9.378781672118283e-06
522,0.036635770021510985,0.3703107368311239,0,-1.184563830259151e-06
523,0.2726554135243807,0.1886526545108842,0,0.0006725706781361349
524,0.20482266820877787,0.05911541499515958,3,0.006538155085459111
525,0.12494544590774308,0.29455257635488624,0,-6.0654753526643256e-06
526,0.3178650831798949,0.12116986977126178,3,0.00794634375867998
527,0.2426612586272254,0.24185031453066855,0,-8.873188744158061e-07
528,0.03125340028001798,0.3086409026344441,0,-2.079458745591398e-06
529,0.009107166001515798,0.3901867280475707,0,-7.376159398349243e-07
530,0.3359602370294752,0.11586252638190137,3,0.00808066529097966
531,0.003944681818994555,0.4286080830795283,0,-4.770633585550346e-07
532,0.004519943428509247,0.42420169818091397,0,-5.014274908200369e-07
533,0.32830962364769994,0.21152437346532915,0,0.001752915171623109
534,0.0018762492080639235,0.404888971473091,0,-5.923942965961039e-07
535,0.31144411140941297,0.1394208521106045,2,0.006223043993646745
536,0.30887110283823616,0.06787530934822622,6,0.013031980236493221
537,0.003002630541726816,0.48162547762630115,0,-2.7812545502279646e-07
538,0.2512466460206681,0.16987370562169665,0,0.0006307204032298478
539,0.2779900110750755,0.24593961396606745,0,6.227779156640764e-05
540,0.3191132432418512,0.0516103980529351,6,0.014944300403851194
541,0.15201730254734888,0.03242338263189095,1,0.0032340255105675264
542,0.0472949949530383,0.39367034492886677,0,-1.0431670011310714e-06
543,0.062272649191852096,0.31975513094520425,0,-2.5359689602605207e-06
544,0.1922143446485045,0.26391028362528896,0,-1.436549097439405e-05
545,0.06250495321850118,0.3227536183111063,0,-2.4668615580483886e-06
546,0.21730309924122965,0.005147247537923371,9,0.025910210693042005
547,0.2523392460597806,0.19819802850544935,0,0.0001993393988237806
548,0.09520726564115561,0.28088859128016896,0,-5.179600490840672e-06
549,0.2893268953637838,0.20435944527893,0,0.0006757250554241329
550,0.29755705560424456,0.01045446847575901,9,0.027246813239889044
551,0.008189055176489164,0.36821514502494357,0,-9.104659026164147e-07
552,0.21576730233690666,0.2556925240571504,0,-1.572824020686623e-05
553,0.25038256252772606,0.2494607196475541,0,-8.810068287200412e-07
554,0.28050013637834637,0.24383492859099826,0,8.079534665200993e-05
555,0.2706802997114864,0.22752673280801827,0,0.0001150536681674898
556,0.11141212854229264,0.2883962334701793,0,-5.642356054128195e-06
557,0.004478937901893864,0.4600991971539651,0,-3.5005143823083227e-07
558,0.10195088068248509,0.00491645507049259,0,0.001448294920989366
559,0.05693339545225169,0.38055908223192025,0,-1.3094489360648522e-06
560,0.3046480190868276,0.2147862034336532,0,0.0007834312923220688
561,0.31464979656716696,0.12339517060282162,3,0.007727135550659094
562,0.00534000115008541,0.4021802693685681,0,-6.300884754979866e-07
563,0.2094265724334799,0.09804641498664839,0,0.0021005244184783734
564,0.30938677923377594,0.16803126387358475,1,0.003563830267663747
565,0.2942995546069298,0.2015743937390701,0,0.0008882970348638159
566,0.20894972134792678,0.007892848815059361,9,0.02317154752296866
567,0.1592410037714024,0.028426211499453728,2,0.004762373673630833
568,0.05954867655151495,0.3781491053145873,0,-1.3768734666020441e-06
569,0.06883443567457749,0.3216132453991436,0,-2.657690328290143e-06
570,0.13419010784554453,0.2940577527771447,0,-6.670803574689247e-06
571,0.24301485736002193,0.14502843239048868,0,0.001201641214158801
572,0.06940079004710784,0.28302289679381676,0,-3.92697011928313e-06
573,0.12478896926874901,0.28917827382234973,0,-6.383665154535799e-06
574,0.24151148758420138,0.1414879669714812,0,0.0012982425499121382
575,0.024570934655574694,0.28360362173394826,0,-2.4981531044344654e-06
576,0.22966099205803056,0.1561290224890334,0,0.00047524428499794413
577,0.2955868825507668,0.09018570819600658,4,0.010679514935436599
578,0.3037406239026714,0.027482040831065563,9,0.020993008489903636
579,0.026271110596820094,0.4175708508239474,0,-6.658350076705325e-07
580,0.3141534389349329,0.04551579003640702,7,0.01627331303328624
581,0.33491915272589445,0.15522057337736647,2,0.005778169232748828
582,0.03835217214287849,0.26953839141336033,0,-3.2979588024164525e-06
583,0.1825291393564562,0.2753889726373861,0,-1.2331846785253224e-05
584,0.3238248696532531,0.0633498961283987,5,0.012970945342672232
585,0.17466769808605753,0.26353848712711103,0,-1.2729616318152178e-05
586,0.20192603793446554,0.2228531305838726,0,-1.2969507187486382e-05
587,0.0504957694599345,0.3739362379700381,0,-1.311980164214838e-06
588,0.22751271864988562,0.1801674753627851,0,0.0001485535086107335
589,0.12020998990281613,0.0013577115278957212,1,0.0033521093727606663
590,0.23788657146569278,0.06902417250971939,4,0.009791000958984034
591,0.20682505257533929,0.2427179117246215,0,-1.549511539351086e-05
592,0.34373529765364874,0.17079270434114757,2,0.0050022689324102886
593,0.2498943490113598,0.024110599887562145,9,0.022196557154156134
594,0.18922620570774504,0.25225263743674237,0,-1.5067863591034782e-05
595,0.002081317350405165,0.41767575204221985,0,-5.223595215364502e-07
596,0.19367704494814045,0.0011251313288355574,9,0.022518419777827356
597,0.04676229111204397,0.26993379759278496,0,-3.5718467663361055e-06
598,0.15943908045805807,0.021195887740924735,2,0.0061548479735866485
599,0.019445024117102673,0.3992409459191044,0,-7.470633767387531e-07
600,0.2709034343388252,0.19096564424416254,0,0.000576683767238856
601,0.21851261281093623,0.10788583162265934,0,0.0020004339393434258
602,0.016058669472578505,0.38868821502345313,0,-8.025921850067129e-07
603,0.052821787481586675,0.3534588629546332,0,-1.6478628723701427e-06
604,0.26567111282169076,0.16714949046474598,0,0.001165304658367404
605,0.17779531699310283,0.0760193474309291,0,0.0015730632301601338
606,0.048672064260191134,0.37648088810660985,0,-1.2559400509882811e-06
607,0.20690460126574833,0.10764328813256835,0,0.0013551957996633538
608,0.3009067291405355,0.16066656569183943,1,0.0036179496133530277
609,0.11826986282061487,0.007041645499096942,1,0.0025021649152147216
610,0.17319313842435102,0.02630323428123242,3,0.007766521869942256
611,0.2065370563840054,0.07875417689191522,1,0.0037153589012222593
612,0.22017471436944291,0.07235522384008075,2,0.00647021789066998
613,0.3065445549586645,0.13923700858369792,2,0.005989085215441393
614,0.30981918657824814,0.045487965039102796,7,0.016464596476839795
615,0.04100322103838805,0.28047368740773526,0,-3.0363138774654737e-06
616,0.27223256258271344,0.24884513273720155,0,3.5661811724953885e-05
617,0.03622157693593225,0.3000100287247111,0,-2.3819433819005236e-06
618,0.29439452002498756,0.1704813693198288,1,0.0024264968908203443
619,0.011969842453634744,0.44954042691723645,0,-4.1926246044130664e-07
620,0.09734054393496022,0.331482087495974,0,-3.199633590826168e-06
621,0.025516134646352516,0.34898633498980086,0,-1.3119718948738833e-06
622,0.27140310621304264,0.10935495032732453,3,0.006848877158809218
623,0.1300956428221355,0.2990086195242764,0,-6.106383007774905e-06
624,0.0012950259340544093,0.45349020112199423,0,-3.622601589959006e-07
625,0.2988668024435125,0.09839251557313175,4,0.009819879749166725
626,0.027484948845684278,0.38879577525452697,0,-8.986584951679476e-07
627,0.23525269371100618,0.23690585367459965,0,-3.0041308870866893e-06
628,0.26675924631439074,0.1297409569206341,1,0.0038978638699694113
629,0.316550490208215,0.012862108955147633,9,0.025830133588803136
630,0.28508053691161567,0.2038131872656808,0,0.0005919715990988324
631,0.2509371918194788,0.059479426930012486,6,0.013417764610405931
632,0.13258435582869388,0.01583687250670857,1,0.003023326540213975
633,0.1537841660047901,0.2839723387399603,0,-8.865823657416989e-06
634,0.02315612929252485,0.42367489600890534,0,-6.072184128487282e-07
635,0.12602935303430757,0.2936194666950985,0,-6.18654869828324e-06
636,0.34684837411450276,0.2053570105266455,1,0.002965969554429471
637,0.3070473919312695,0.20490684439063975,0,0.0011906777941710106
638,0.20482988839917585,0.26690957532108855,0,-1.5136363759459454e-05
639,0.01191850484197297,0.4124615930640115,0,-6.071434777885445e-07
640,0.12114492228913414,0.01419952318844915,0,0.002105845234185409
641,0.2664852026328028,0.160536721687158,0,0.0015063084529179703
642,0.2738691728956094,0.18111079731431207,0,0.000930031055325533
643,0.09719806926998108,0.31439956354903453,0,-3.7880111471661246e-06
644,0.1268674044476978,0.3060277720127071,0,-5.5211928265743694e-06
645,0.07439967829069505,0.29812303443787763,0,-3.5509672562537916e-06
646,0.3070106456199295,0.09816845997519164,4,0.009889027304991787
647,0.0031842862725262808,0.4845512165441594,0,-2.7059682600972825e-07
648,0.10003628877710817,0.2830050001323901,0,-5.319900543005287e-06
649,0.16470031894460785,0.020368154446765985,3,0.007400556793805737
650,0.17661776716766434,0.2607524893071334,0,-1.3196906866750865e-05
651,0.26766181053855037,0.16095816064812082,0,0.0015406884231564972
652,0.17835069080325483,0.07272624564738614,0,0.0018186524897682483
653,0.18701107953685056,0.2609852239886521,0,-1.4161843939467632e-05
654,0.3456593845637604,0.14480492533586073,2,0.006416382983338453
655,0.20959510652076419,0.2605298162073256,0,-1.572493848630824e-05
656,0.33378507318316486,0.17098680059824092,2,0.004661675997228939
657,0.06830146216084126,0.3419532216262882,0,-2.1575584837610245e-06
658,0.27224710545664,0.22084316059075373,0,0.00017142150500767
659,0.0006256925850977022,0.48562268185962515,0,-2.6095699495029344e-07
660,0.21971971859197215,0.07568853443116541,2,0.005827862623781424
661,0.00355321224572748,0.40817084767675077,0,-5.829531244311619e-07
662,0.244691521743723,0.12551557146027248,1,0.002486727355599279
663,0.2746245691170576,0.1402804259004269,1,0.0035061149397077394
664,0.006444791653363263,0.3870445215344307,0,-7.411839505408259e-07
665,0.29584450190432593,0.2259473885194045,0,0.00037076475715949335
666,0.2777725775033238,0.09907530181304641,4,0.008823225795403202
667,0.14281174726045975,0.2955358431696609,0,-7.149432605061266e-06
668,0.12804068750038125,0.026838728335067657,0,0.0016618022697036656
669,0.18850279689409044,0.2469182805159103,0,-1.5373112367193878e-05
670,0.22346608705071386,0.15362238761244454,0,0.0004108750967738473
671,0.0022693202100687038,0.4385310599988395,0,-4.248281813099373e-07
672,0.23110377533906865,0.16823067216891519,0,0.0003019786487286317
673,0.21549392617331942,0.15784199241453747,0,0.00024378118704809426
674,0.003717169813607064,0.4701903047772408,0,-3.140526234551256e-07
675,0.11747884287393147,0.28710025257592164,0,-6.065393369558881e-06
676,0.19414273445506905,0.02405290096569833,6,0.013427798756672866
677,0.34988949682025067,0.10084946645109635,3,0.008370878042965664
678,0.3341396893676123,0.19439374009820257,1,0.003045954190673186
679,0.29534008886956464,0.042416205295055916,8,0.017616723845546522
680,0.07878986658690917,0.3473241397121691,0,-2.270416899230926e-06
681,0.004729497077084549,0.4122069567024254,0,-5.665114380346331e-07
682,0.00666015493550063,0.41796446125420417,0,-5.452312129909752e-07
683,0.23143385109255954,0.20223576013793834,0,5.516940539135555e-05
684,0.3489489765776163,0.030039518106434834,8,0.018477608640909225
685,0.28530174752600485,0.006211220250015886,9,0.029265293511272095
686,0.020859150330779695,0.39220828986882883,0,-8.128922901943183e-07
687,0.10284746796901179,0.3093336599346055,0,-4.213697698624104e-06
688,0.27560398089684185,0.05466964416805992,7,0.015586732425565906
689,0.2212912909419466,0.13382915296018855,0,0.0008410397161373048
690,0.18844568992170077,0.01743145769006163,6,0.014258685225788131
691,0.010880164739562536,0.31562631936405205,0,-1.582304940794219e-06
692,0.008906994730769868,0.24194264375652405,0,-3.2387651503869033e-06
693,0.3325233186811841,0.012921626744927805,9,0.0254078886802065
694,0.2645422783234504,0.21448172898608533,0,0.00016244617455303997
695,0.22092005811596063,0.2105132640196263,0,1.1108845213361115e-05
696,0.11336743611776108,0.30318581181487125,0,-4.970480496918756e-06
697,0.04429568016511651,0.2711292615069701,0,-3.4439592320594193e-06
698,0.07713548566598907,0.3473462606069071,0,-2.232757407844743e-06
699,0.0496059102719134,0.3133609972406188,0,-2.3823517851982245e-06
700,0.15053401646855458,0.008821971155255424,3,0.007138919461435986
701,0.02972944653372743,0.37169388293785827,0,-1.0904270377662733e-06
702,0.03279289144998637,0.27568473109377023,0,-2.9346914576283132e-06
703,0.20398109980761328,0.10482732492679657,0,0.0013572505896560574
704,0.1780088763286126,0.2677406549277649,0,-1.2643561828714168e-05
705,0.2833944719157039,0.10573214137764249,3,0.008319266096556532
706,0.014378332197336143,0.42652638080691424,0,-5.406069727234977e-07
707,0.07358916962186843,0.3448400213929959,0,-2.2097833423791175e-06
708,0.033404688917540365,0.31873707739617724,0,-1.920693374407292e-06
709,0.13052773700076925,0.004215527500762921,2,0.004353890926588692
710,0.06306773487970077,0.3677582224106009,0,-1.5822224529688056e-06
711,0.11345823740632117,0.29927682766888714,0,-5.1710780018518065e-06
712,0.12090636617684178,0.2823852303674925,0,-6.5682728439399e-06
713,0.003289965868546031,0.4485153692967298,0,-3.884013569565813e-07
714,0.00785601482695162,0.4086122106627668,0,-6.058765493137217e-07
715,0.323688299263973,0.20355497965643743,0,0.0019583918688418837
716,0.3014922104149612,0.14101403314073477,2,0.00550650866890657
717,0.33029806371900605,0.2006279583388295,1,0.002452824999618643
718,0.2836477843485555,0.07875767834584194,5,0.011920765242180413
719,0.10101549706110709,0.28693309903900294,0,-5.167050617362257e-06
720,0.2405153805014621,0.20295971313701458,0,8.871886378173224e-05
721,0.007835546452632833,0.3822755903923675,0,-7.882605800696144e-07
722,0.04319966585745771,0.3209931792255593,0,-2.070748160935389e-06
723,0.050068662966599356,0.3690775548232813,0,-1.371423379731661e-06
724,0.11050547174530927,0.2919670537841578,0,-5.398745841429094e-06
725,0.2777290326098144,0.23374125306704752,0,0.00011898659565996763
726,0.18926594716882902,0.08859473992075313,0,0.0014773669618363583
727,0.27242658637788264,0.14236481191720274,1,0.003142149338110164
728,0.02372055211324135,0.2659219127822383,0,-2.9552888803992365e-06
729,0.20160830884762102,0.09092565063412944,0,0.0020868828302239286
730,0.0743500787106762,0.3523602900265403,0,-2.0654460995447106e-06
731,0.22573073853157344,0.18864513939420827,0,8.77757567893901e-05
732,0.006876852918340759,0.24038770140091387,0,-3.2235210825477776e-06
733,0.3499561230241558,0.084052083516729,4,0.009514960242408122
734,0.08475567337880853,0.3177659556313463,0,-3.2365340379577867e-06
735,0.09221707822273732,0.334315824991587,0,-2.9556933420161916e-06
736,0.11682576728310598,0.004202218278121728,1,0.002648308413765482
737,0.3226546137871653,0.14351228976024905,2,0.006303898317778761
738,0.2663659185186332,0.20099584316930924,0,0.00032114834179582016
739,0.16564822176098976,0.2753523028056831,0,-1.0691064217561176e-05
740,0.307339455846772,0.008197784833939487,9,0.02812879839534187
741,0.16529232375869665,0.06471638833296296,0,0.0015343665264867848
742,0.004967566782198424,0.4340726249777784,0,-4.563331441319921e-07
743,0.020293444460894317,0.36373023220563144,0,-1.0746034865023924e-06
744,0.332849387935421,0.025454799933256788,9,0.020556322003863255
745,0.1697339403069345,0.28307043114770064,0,-1.0349607839314406e-05
746,0.26917459994151555,0.24080723638328896,0,5.019163362304724e-05
747,0.30577205414728936,0.13789420699180296,2,0.006075844231100757
748,0.004657834517912629,0.24624327275060198,0,-2.974115452398037e-06
749,0.23900451368953313,0.18468722580317412,0,0.00020408350037588372
750,0.05271807342155327,0.30084584422952304,0,-2.7845907361883596e-06
751,0.022968830103139198,0.3525951882405979,0,-1.2336886581888827e-06
752,0.21016361797047928,0.2045361995722185,0,4.759570549905215e-06
753,0.23124546021338077,0.2062977994537652,0,4.1801997946375745e-05
754,0.18101489926253664,0.25513287111979926,0,-1.4149329686158336e-05
755,0.23271530015552042,0.17685525722140238,0,0.00022056646495474322
756,0.3261114122340977,0.14049315984123537,3,0.006611165735033583
757,0.1512293220774823,0.023878889740685194,1,0.0043022344154068
758,0.008371269492365191,0.42729449792603075,0,-5.052254228940883e-07
759,0.3354361902896922,0.107071605131,3,0.008609378922230912
760,0.012395972201383207,0.3875701173018483,0,-7.824583006576776e-07
761,0.1051360015389406,0.3101574585972589,0,-4.275322505774561e-06
762,0.32515531781184726,0.187362980070147,1,0.0030454438645400894
763,0.0018850644016108215,0.48510442017744604,0,-2.6563390858337845e-07
764,0.15505668172100118,0.0293939077731466,1,0.004008535053988787
765,0.2741679623430585,0.19360538618029483,0,0.000587522765522834
766,0.22152240922280342,0.215132218617944,0,5.532868869450409e-06
767,0.3372748151216487,0.12155654185117604,3,0.007731570575772935
768,0.1182534204811624,0.007985862611963277,1,0.0024097941353974865
769,0.09465104614247245,0.3009843883511405,0,-4.2206358342706745e-06
770,0.14931098282582958,0.28507420420934754,0,-8.412112278074133e-06
771,0.2913730530438047,0.12436592992200092,3,0.006600431641617132
772,0.17999053560187603,0.07665273842627222,0,0.001662846666001916
773,0.10068611487286094,0.3277676366224852,0,-3.4327860216585634e-06
774,0.21385502330346357,0.04574333966462643,5,0.011271651415519222
775,0.18142527842584233,0.014045144385387759,6,0.01355294907368638
776,0.0021766041984298875,0.37003706454536306,0,-8.419148814761878e-07
777,0.1166092203929439,0.01380184006514813,0,0.0017979286555780685
778,0.10659905980484452,0.29456526992752013,0,-5.062974874594787e-06
779,0.15968202981905252,0.2771492316650824,0,-9.972161699953071e-06
780,0.3298384269838002,0.09707091822949995,4,0.009467868753965308
781,0.1650233357650416,0.06268362132452805,0,0.0016433960257322849
782,0.23179227866808252,0.24301306697250624,0,-9.327913269349826e-06
783,0.006682407704125504,0.47502176222809134,0,-3.082368396356871e-07
784,0.0717927857085253,0.3537267940815694,0,-1.9860948039571725e-06
785,0.04124479286424842,0.36839923140282915,0,-1.2642962949097604e-06
786,0.018094857136452272,0.3513955707762407,0,-1.18925089098554e-06
787,0.05277037011521024,0.35545459032458754,0,-1.6144849087961166e-06
788,0.3365106063979125,0.0725700221196286,5,0.011261406828714638
789,0.03546225996298903,0.314909575708533,0,-2.0369946941554743e-06
790,0.15212282143700853,0.029543164424540663,1,0.0036090593616317436
791,0.1827807409797322,0.26559984085614885,0,-1.3324638598613712e-05
792,0.16483157899746118,0.014942083271475233,4,0.008844662609085174
793,0.202828434607334,0.23222532041121494,0,-1.4775647800861091e-05
794,0.18148322447423657,0.044102776767775555,2,0.005541547093975796
795,0.23468698411208333,0.06648402788763058,4,0.009860324589713438
796,0.24566844439247537,0.041776826742616534,7,0.01703202186097571
797,0.09898103840583894,0.31986170870645614,0,-3.6516482478949277e-06
798,0.26126369661330134,0.04990152426997477,7,0.016154084606534523
799,0.10514522173018818,0.319058964534483,0,-3.913534121895134e-06
800,0.15995107248999704,0.011343259781120635,3,0.008664238695481266
801,0.02009245364754687,0.3404558769111993,0,-1.3534440084253848e-06
802,0.2421896336550794,0.09841860916693557,2,0.005222000736991039
803,0.28589244300272565,0.1569094705570898,1,0.0028908653160889886
804,0.3395572928992887,0.1623896652615488,2,0.0054207799435544895
805,0.23316561740088815,0.24449786180105168,0,-9.392848380002401e-06
806,0.0875659562324422,0.3046853710345734,0,-3.791653502590549e-06
807,0.2671877549046163,0.1049369893794154,3,0.007060901683373418
808,0.11950420978919153,0.2933739006719806,0,-5.8172325436689375e-06
809,0.2845610797973334,0.02733385878415193,9,0.021559889482483476
810,0.1440379994415655,0.27399984232222174,0,-8.886249507472142e-06
811,0.3257268119947852,0.009206230487927292,9,0.027314272925769646
812,0.04466706952744634,0.27358939721779396,0,-3.372982238595084e-06
813,0.16993962772696053,0.00924963869725387,5,0.011993002488946814
814,0.2896085227076476,0.005941399447681961,9,0.02937945602273476
815,0.1689338200762403,0.2676483155881343,0,-1.1754402648686253e-05
816,0.00976059815510345,0.4346008226604786,0,-4.761921793527331e-07
817,0.023378214398248408,0.25602840982631975,0,-3.250729441886319e-06
818,0.17186619573372958,0.2636330875801068,0,-1.244243465673974e-05
819,0.03498665494021104,0.30405569033706137,0,-2.259581037770057e-06
820,0.16590102304746596,0.03611965266336416,2,0.004505485047714979
821,0.11553468727422297,0.00578132983272148,1,0.002370995774425799
822,0.30460361167380723,0.16073106114570915,1,0.0038636523981484374
823,0.20160868389810743,0.09915526952955009,0,0.0015431112075762448
824,0.1412972298767791,0.004325573578187393,2,0.006236690403575359
825,0.19717305497574988,0.08755806789055184,0,0.0020280332565401557
826,0.09676774935192181,0.2977856255264937,0,-4.449319702889039e-06
827,0.18695793904537586,0.07860905612324684,0,0.0019791304344298054
828,0.22172679668309353,0.2044378705771887,0,2.3362134340085972e-05
829,0.00985669484443986,0.42835086562062175,0,-5.073899581742164e-07
830,0.33589750852414035,0.2066951727796908,1,0.0023676990211851023
831,0.2614979930854408,0.1428075056658178,1,0.0023225955220717753
832,0.21921855164845477,0.03901216526436777,6,0.014172782825285052
833,0.0639452940017627,0.34321230307642375,0,-2.0399505301543424e-06
834,0.2710064942854913,0.21765661466204125,0,0.00018789217379683825
835,0.32286204631031024,0.06211398466441284,6,0.013180561944221137
836,0.030018255409119263,0.4138280331786642,0,-7.175891698178658e-07
837,0.13110319944691912,0.297803939211743,0,-6.240152108658746e-06
838,0.10343219776686793,0.3235224128854945,0,-3.6802565826215295e-06
839,0.11619922596493584,0.008017423702936368,1,0.0022265276772417395
840,0.2959275293829628,0.1337707084372166,2,0.0058793169751229935
841,0.32427718577607173,0.22436668539093876,0,0.0010561239571908257
842,0.005500375384312341,0.4320088000445776,0,-4.6833487293519325e-07
843,0.2180118361181135,0.19952640965166213,0,2.6022111853314462e-05
844,0.010559113110826458,0.4146577868596967,0,-5.85944082084029e-07
845,0.09976374635442958,0.3040187472943959,0,-4.3083628166819665e-06
846,0.24595588476988994,0.2262146847622576,0,2.789984712755016e-05
847,0.03602247578933173,0.4071670715209694,0,-8.144191924752458e-07
848,0.33310291234361894,0.008209477361917183,9,0.02766623585922174
849,0.23165254122778006,0.247651349164781,0,-1.144586623026345e-05
850,0.16976227408274255,0.06569338998389132,0,0.0017418049614746605
851,0.13329179197527358,0.0018614965864356195,2,0.005223929324727512
852,0.27675951747573596,0.24395308005903152,0,6.521176235827609e-05
853,0.08773916424172828,0.32977248108311463,0,-2.9578169934226584e-06
854,0.09260512977151887,0.30683297765633794,0,-3.9020711372880785e-06
855,0.1866018558308241,0.0010372759079854688,9,0.020491987884771405
856,0.028517176995892207,0.3248413608781536,0,-1.7209542169996309e-06
857,0.3220987135288161,0.011738905971029043,9,0.026199074045074062
858,0.321112705253921,0.11432383893958814,3,0.008460629282314202
859,0.2174988563944725,0.11858284972587146,0,0.0013104605077719025
860,0.0014287641524124125,0.4344583921899365,0,-4.3878689758562883e-07
861,0.31943195392644874,0.19527493035908508,1,0.002222085251501929
862,0.24823447721057362,0.19153757384384704,0,0.0002250168175924335
863,0.01768470910119841,0.4308053917356971,0,-5.353557011426089e-07
864,0.14586197291359268,0.018382124064935713,2,0.0043819544799145295
865,0.007900826993084111,0.3884776298116785,0,-7.41342798979747e-07
866,0.26695884275106546,0.049913251745803106,7,0.01634891813057587
867,0.29996086977945136,0.14228319187349894,2,0.005276521518214248
868,0.1250488646431974,0.3111869326561783,0,-5.153771854262768e-06
869,0.2967834664191112,0.12737030584642559,3,0.0066241554660443226
870,0.0451791164743901,0.2838159200313627,0,-3.0615171933174403e-06
871,0.00016407230474793774,0.4892352563519028,0,-2.505400626815935e-07
872,0.30814210517506324,0.1287270333893207,3,0.007068222000038636
873,0.009023856117684198,0.4517667523687782,0,-3.981406590026558e-07
874,0.024153764174461193,0.4183414099445006,0,-6.46896948355137e-07
875,0.011760438711938485,0.24559912734972664,0,-3.2128348496114147e-06
876,0.2191999259140876,0.008028829934810078,9,0.024979683250547488
877,0.04292919221241123,0.36522746114533616,0,-1.3271692422737437e-06
878,0.3080732678809866,0.15225544988512257,2,0.004852895552639855
879,0.005356870594774771,0.25393680807141017,0,-2.7735540787904762e-06
880,0.2285761738679082,0.05932528897105108,4,0.01050527018940602
881,0.012856289878387342,0.40830415166538764,0,-6.388732982102654e-07
882,0.0004293846738612161,0.3414981283134873,0,-1.1005794286654526e-06
883,0.037395160310038214,0.39911195922019793,0,-8.949175289806309e-07
884,0.13792601980851638,0.2750164816324619,0,-8.308487638224758e-06
885,0.32624073710141527,0.08760373432243285,4,0.010337076656635767
886,0.2156544793078255,0.17614940838469986,0,0.00010094950765419571
887,0.3463142864663019,0.12229598348564989,3,0.007434005806819676
888,0.05164359289545528,0.34890284700726387,0,-1.7044773872483257e-06
889,0.03812446502470913,0.29949039084941953,0,-2.440228482144203e-06
890,0.25387374477017527,0.2464124546727035,0,6.339850979823187e-06
891,0.15331817258944513,0.020536253946785696,2,0.005191968966064495
892,0.22937899192054054,0.25874571639980565,0,-1.4825353985318428e-05
893,0.007574799692733572,0.45032604570833,0,-3.981133536784158e-07
894,0.21295799413517238,0.2649263875815747,0,-1.5691511948745365e-05
895,0.021141785461312443,0.28106588707987656,0,-2.4761052468557782e-06
896,0.20438352992561756,0.0029880350711601,9,0.024357658269009035
897,0.3127620308795263,0.17337885550169738,1,0.0033506242343179435
898,0.03445184530642352,0.3846802767902167,0,-1.0038920029013344e-06
899,0.1623512604504092,0.0035624886410837303,5,0.011783315031133803
900,0.006496698175519673,0.4683864003836241,0,-3.287724899583672e-07
901,0.23277101041281426,0.04323568585521406,6,0.01518769424596616
902,0.26291747178642394,0.22260823389593268,0,0.00010027741545490556
903,0.036477929877136245,0.29256509713756007,0,-2.572377962055531e-06
904,0.10054085340921581,0.003956403606957176,0,0.0014239665803766266
905,0.06258420658035307,0.2781498212518271,0,-3.852102676924081e-06
906,0.21624346173930253,0.14918009591048864,0,0.0003683781922325347
907,0.06818492587847089,0.32623051313110885,0,-2.521550780448051e-06
908,0.21178485482706985,0.2530550847943061,0,-1.5767860875290657e-05
909,0.24261588793338934,0.16600942494217286,0,0.0005288493295867624
910,0.1890605691082768,0.06985386414802981,1,0.002916935204194787
911,0.28356222088622096,0.10883076264328573,3,0.007931941377406333
912,0.23883802340639604,0.0020414678740837133,9,0.029814695701697275
913,0.06060108922028646,0.3037432378817155,0,-2.9263631714021327e-06
914,0.09876148895681638,0.3250342968091417,0,-3.4606666242555424e-06
915,0.008366427035083427,0.3344054321010485,0,-1.2789404575301436e-06
916,0.13431533961568615,0.01875002215295279,1,0.0028807073939573023
917,0.2845820345843815,0.07920661077540342,5,0.011879520787576987
918,0.0001884498385131169,0.49064206593764786,0,-2.4710033235981406e-07
919,0.2337722711353714,0.016657566258689138,9,0.023491235059254247
920,0.3498770485013376,0.11037711410321269,3,0.007862573101255651
921,0.07325286375964982,0.3275703557668917,0,-2.6170145272853874e-06
922,0.30185151313006564,0.10475066551819859,4,0.0092107815735208
923,0.24555642476705078,0.12847014343982338,1,0.0023168176985678317
924,0.060855961047709725,0.3267775379898974,0,-2.331015289949082e-06
925,0.2649342097255166,0.0061552556694857204,9,0.029146070686136227
926,0.2353522492407127,0.21311586771122557,0,3.429244783883015e-05
927,0.019174830798188783,0.3306092544712648,0,-1.479835983390213e-06
928,0.2526591708208942,0.09091856107272397,3,0.00764446032484133
929,0.12968718281299974,0.28113545031950693,0,-7.240014599634198e-06
930,0.02765928617251882,0.343850143961935,0,-1.4109811263772378e-06
931,0.07850571465556991,0.28082200870643004,0,-4.393516889928636e-06
932,0.25546780267564145,0.15777479355690835,0,0.0011573684016543818
933,0.20509813009323333,0.21556335282034425,0,-8.770229008143751e-06
934,0.2197562339684466,0.017964119392695155,9,0.021170686485954958
935,0.3336923290924229,0.019114938154631084,9,0.022782391786722637
936,0.10241520029361484,0.28099190449268224,0,-5.555299409038223e-06
937,0.3042701155575076,0.010578679926129986,9,0.027084578956753112
938,0.1597757556362153,0.03911845628432525,1,0.003303983150055176
939,0.09973875330026225,0.31816128069578503,0,-3.742095770537608e-06
940,0.06477533740798402,0.36932781342793636,0,-1.5843720192623397e-06
941,0.0965981243070068,0.3349015533455939,0,-3.0695627067177836e-06
942,0.1543467820445003,0.0028656113930664653,4,0.00972956751295403
943,0.15666679962887112,0.006439056648407848,4,0.009253720641974859
944,0.10830034638211326,0.30208852555386356,0,-4.779236989895758e-06
945,0.25315143562773085,0.1711931901231046,0,0.0006432956359065364
946,0.10035913031425042,0.28169737595428124,0,-5.406197620675529e-06
947,0.3424780990240002,0.07587959526118435,4,0.010623141961139422
948,0.07904592892423323,0.3160258160557493,0,-3.1111519077995073e-06
949,0.024234551214559016,0.30990580341777585,0,-1.9143987535400787e-06
950,0.04733736100885265,0.33549100767022166,0,-1.8669834983534492e-06
951,0.31989829886534077,0.1372218822689567,3,0.006719910570114301
952,0.18582087770629166,0.02777862387135281,4,0.01022516681632585
953,0.23113825946442423,0.054809002414662085,5,0.01198271167904434
954,0.016265882115214413,0.3750193271944493,0,-9.220479666836875e-07
955,0.09765738060860557,0.2933049008221306,0,-4.692746626175157e-06
956,0.20883600063528815,0.05719564797466087,3,0.0076006605658667644
957,0.03112886115266878,0.3437585904281745,0,-1.4620631036362135e-06
958,0.019345406280916508,0.25472122581322393,0,-3.1636965245381924e-06
959,0.08609421182166456,0.32800040768062494,0,-2.961641620825649e-06
960,0.08293062159861608,0.30898784139249186,0,-3.468921515842643e-06
961,0.2207859826661368,0.15287063992240282,0,0.00037993256131505876
962,0.27080740130371517,0.054134337230719615,7,0.015614508966248357
963,0.3449742085128549,0.024713212628777147,9,0.020346564368554785
964,0.03682169171355279,0.31732523433450543,0,-2.0155751424500486e-06
965,0.04530821691650591,0.3777802612453205,0,-1.1987750040743985e-06
966,0.10513144808787474,0.2866363728197782,0,-5.39690412649875e-06
967,0.0019351721003907137,0.48746489916433405,0,-2.595670800935626e-07
968,0.05634310235970966,0.30755172348124554,0,-2.700125952355982e-06
969,0.0747449114181552,0.33565226220980043,0,-2.4502849360922813e-06
970,0.17428033253501107,0.26028294505579774,0,-1.3013532915781427e-05
971,0.2888511969018195,0.10929469665783113,3,0.00821285195463544
972,0.19164601759496205,0.2476761410680507,0,-1.5506442948836346e-05
973,0.03802606001051305,0.4026292937388936,0,-8.69450933739737e-07
974,0.2395649329315424,0.15319308334191356,0,0.0007816545355373621
975,0.1795566587713152,0.26493281364136817,0,-1.3074419162338565e-05
976,0.0531686632553023,0.29642282911995027,0,-2.9233737545929477e-06
977,0.3277920506800315,0.05138766756596902,6,0.014569867312813317
978,0.30815240690383167,0.02161178919393128,9,0.02269770769670731
979,0.24876903722293367,0.022712509843579132,9,0.022575592736413515
980,0.25832806020870736,0.2223852328251427,0,7.965529989510889e-05
981,0.010851093341602669,0.4269898943200558,0,-5.194771171386204e-07
982,0.16537783041431187,0.006385746054895697,5,0.011677282412709551
983,0.007171506693948877,0.4636343316001096,0,-3.471049236631264e-07
984,0.2908697497923597,0.04885395726679925,7,0.016491181515326882
985,0.3328828719976467,0.22309999784120962,0,0.001406168729708334
986,0.1943060544802592,0.07022066151198421,1,0.0034070681238020884
987,0.06792570374478205,0.3127333665471085,0,-2.8778446431937804e-06
988,0.07711635008458065,0.3119919517447638,0,-3.177227702550763e-06
989,0.31763011387547196,0.11125502967223214,4,0.008717003050381951
990,0.09241655411259857,0.29440744332726476,0,-4.40683557363029e-06
991,0.25994430312212413,0.2028379218619961,0,0.00022593813419078356
992,0.00530447940671192,0.46952365134326335,0,-3.212063568855844e-07
993,0.34654361545252194,0.22168340218944907,0,0.002033303099743536
994,0.09972517690259566,0.3336281946453478,0,-3.2071381884927794e-06
995,0.00999354980277563,0.39526700098019396,0,-7.073154888661312e-07
996,0.05742026952014471,0.32415783887234284,0,-2.3121935794948516e-06
997,0.025121098314993744,0.2998146305557186,0,-2.136344528350439e-06
998,0.27491923919251987,0.019904129647970586,9,0.02395514184562982
999,0.30558810956924803,0.1117389295346759,3,0.008596481195266903
1000,0.340629487259093,0.15241470831567308,2,0.006029743868821311
1001,0.027616116039253846,0.41351441326519556,0,-7.027769406419945e-07
1002,0.2657777927734883,0.16785941065572932,0,0.001140245729111234
1003,0.22508377781521569,0.04727835727540711,5,0.012910515247772094
1004,0.17011923187200326,0.02285609808642984,3,0.007959471754823208
1005,0.10204304581817045,0.3068496969370551,0,-4.284664179421413e-06
1006,0.3487658123087287,0.12666147242071313,3,0.007159394308819759
1007,0.026104306064852926,0.33664983808799837,0,-1.4929312838434343e-06
1008,0.065825092769812,0.2982959769600227,0,-3.254846546811932e-06
1009,0.04380522077844938,0.34573142144588404,0,-1.6269427515246806e-06
1010,0.1891915169226786,0.03782741927010756,3,0.008292992759026676
1011,0.16757818166899885,0.061325907931548795,0,0.0019004124903349777
1012,0.09111711951709389,0.2994775604745531,0,-4.136664941056253e-06
1013,0.262573986058507,0.1517648677502201,0,0.0017928454091988542
1014,0.22056708973154673,0.019183500808115417,9,0.02085809390607181
1015,0.05038074416434077,0.31984711468203125,0,-2.250211453615489e-06
1016,0.2958267195286135,0.0964569879057042,4,0.00997775986243701
1017,0.04140435169371591,0.3031664241420322,0,-2.4304968901438302e-06
1018,0.1512886917349571,0.009514274088403284,3,0.007135534983073067
1019,0.28965780347347825,0.11944821080931861,3,0.007051592379576884
1020,0.32674702851833926,0.06188500346973058,5,0.013025120142529215
1021,0.03046301552400247,0.2678225402306176,0,-3.1013220551188543e-06
1022,0.33269097104542766,0.15227974442466352,2,0.005925324167121498
1023,0.16366357116680444,0.05688845126383894,0,0.0019525356848489217
1024,0.06099624757993459,0.34808683993973943,0,-1.8866026382225123e-06
1025,0.11537945916038005,0.3172697845032288,0,-4.409645999903442e-06
1026,0.0024291224567391653,0.47142962974358127,0,-3.0621889591047176e-07
1027,0.18315044658618274,0.25885850420331374,0,-1.4003062986949545e-05
1028,0.3487985128414443,0.01646328257447216,9,0.02338503940623414
1029,0.3321949234398498,0.1203447327509742,3,0.007909835707923698
1030,0.19557974799591837,0.021345897254114496,6,0.014720908656079255
1031,0.2941759111346182,0.21060366118549703,0,0.0006351501310796655
1032,0.006640495386366293,0.45601455638616356,0,-3.7260511130054963e-07
1033,0.24277414445928505,0.23176050286933328,0,1.1580600049446614e-05
1034,0.15369824058159642,0.003693049510251574,4,0.009300585016603713
1035,0.23013925289578568,0.1897242744006115,0,0.00010442853779540914
1036,0.3190256535888035,0.18524149899129466,1,0.002849931957149254
1037,0.0004279754361411249,0.44824348406404496,0,-3.7848156301013723e-07
1038,0.00029756651943292287,0.345537814328533,0,-1.0556192418739516e-06
1039,0.015462465808834557,0.4294742896642086,0,-5.306187333797223e-07
1040,0.13193476039837046,0.2857534197699026,0,-7.075338212122486e-06
1041,0.3427916175027409,0.13737854842733932,3,0.006811534507439288
1042,0.2757980416877334,0.018141714659398206,9,0.024542352643025126
1043,0.03266010796047325,0.3739383003146572,0,-1.0978985102834234e-06
1044,0.024469666485960433,0.27192723662921464,0,-2.80422773316305e-06
1045,1.528429910747765e-05,0.4799180748639018,0,-2.745965819813091e-07
1046,0.0024086443642784413,0.4796620655924195,0,-2.819620137263502e-07
1047,0.06719966322585497,0.34404922629452167,0,-2.089739642585919e-06
1048,0.33488895152908904,0.07053611452291608,5,0.011563107149151673
1049,0.3311251944747041,0.15244855042020453,2,0.005877768631975382
1050,0.21364995900554248,0.0007269523281309975,9,0.02729053945618311
1051,0.2952346103916432,0.18157161288340876,0,0.0017832120671281172
1052,0.18197468294769956,0.05051400655772315,2,0.004544745721317177
1053,0.3209466754902086,0.0669998650194697,5,0.012643430232742175
1054,0.33373634651335565,0.1308809235441207,3,0.007268082566523982
1055,0.022116519013690245,0.3605573156048045,0,-1.12962532228832e-06
1056,0.33187908700076546,0.02717434471071853,9,0.02004375509019539
1057,0.005117252096275121,0.3354170284186421,0,-1.2256418938114307e-06
1058,0.29259857435425307,0.16392739061459186,1,0.0027908754340311803
1059,0.2795342468691606,0.06371250939651249,6,0.014085616836152743
1060,0.06808485073039616,0.3053565675913528,0,-3.102577090383114e-06
1061,0.14395513944270752,0.041708607550480954,0,0.0016933154420580995
1062,0.07978763577446231,0.2921971111666821,0,-3.9740570524306886e-06
1063,0.3404489242441746,0.051475668382718276,6,0.013930995907335063
1064,0.023791058852315958,0.40188717485253794,0,-7.598341665141216e-07
1065,0.342018896106146,0.241310018949864,0,0.0010323043430036456
1066,0.3001935080543701,0.07411230652046996,5,0.012515815593430357
1067,0.001089846457232715,0.4725007334224086,0,-2.9893022626330317e-07
1068,0.3096465282991525,0.04142336154034254,7,0.017295163070967224
1069,0.12489639673133024,0.305313883557761,0,-5.453344578151168e-06
1070,0.3299726748580094,0.040393012738662755,7,0.016619953249123683
1071,0.10735329685227654,0.28771671074199084,0,-5.457843566143156e-06
1072,0.3180260141336486,0.109419012952781,4,0.008856378047716633
1073,0.13316716298744494,0.2824038846486685,0,-7.396023617454265e-06
1074,0.08147858708431631,0.3307663526233255,0,-2.751473500598355e-06
1075,0.03949362178713001,0.32688027565074196,0,-1.8815276517068561e-06
1076,0.1469409456544,0.038540381233944286,0,0.002140373872048238
1077,0.029515152204065413,0.2889289279232396,0,-2.4885236949521846e-06
1078,0.23573649808677838,0.07945410948923037,3,0.007443973225485608
1079,0.2575266230337827,0.024373425320179075,9,0.02240381752431381
1080,0.18867972691072707,0.24095155897266773,0,-1.567214546352118e-05
1081,0.19488210461757835,0.08669949955910013,0,0.0019342461777839524
1082,0.0009907737833910967,0.4765113103414851,0,-2.868946955578105e-07
1083,0.025918269921448286,0.3903661689270643,0,-8.709214299193136e-07
1084,0.3451935833690415,0.12687006995494446,3,0.00725723127763843
1085,0.09724554111393041,0.3236131333384949,0,-3.457478699297801e-06
1086,0.25995954045158864,0.1806281264675735,0,0.0005736688911815328
1087,0.2963321283469095,0.14972100592408155,1,0.004285553270097382
1088,0.23748286900593957,0.13920202662686398,0,0.0012289201826682697
1089,0.21516052505727273,0.11129406417117647,0,0.0015808932343759584
1090,0.06339422477040993,0.33736994558557365,0,-2.1507247501749616e-06
1091,0.002173853991725095,0.427941184181504,0,-4.7183442025720325e-07
1092,0.13014395969387466,0.028973384734333925,0,0.0016550777009971538
1093,0.018455391413965513,0.4114996681528017,0,-6.543758908491066e-07
1094,0.2590095853315129,0.022908823700180797,9,0.022887736669384838
1095,0.20120836538021575,0.2643566632058333,0,-1.5059659485622173e-05
1096,0.2742159665959092,0.09320998477289556,4,0.009403296053117485
1097,0.17094374485543395,0.04471098339850516,1,0.003922042113952119
1098,0.22444298071250054,0.006203492373762165,9,0.02650713666848054
1099,0.26425120791752643,0.13951553992180912,1,0.002773086717129098
1100,0.28434577242677533,0.10295670337372269,4,0.008737856933068567
1101,0.07788063363747212,0.28935628646760103,0,-4.011254600704628e-06
1102,0.005921166293885227,0.25181302101728703,0,-2.8489656894924113e-06
1103,0.14634567884399624,0.27900528909889255,0,-8.663180603188203e-06
1104,0.06793169165795722,0.2984463435707199,0,-3.318862219573258e-06
1105,0.3415442110524004,0.05755726777638112,5,0.012897441604979453
1106,0.14076926167294487,0.29720739049860007,0,-6.896516367041984e-06
1107,0.18756419497235785,0.25797793989886697,0,-1.4477693582687682e-05
1108,0.2522700263911865,0.16380437454519456,0,0.0008277855203282431
1109,0.033192512598498626,0.2716123268026746,0,-3.0685933242559747e-06
1110,0.2320822944421077,0.002631503747294528,9,0.028949613820953967
1111,0.32459622298619795,0.0790684925844824,5,0.011170788946255228
1112,0.130905728370198,0.3056747382360298,0,-5.764861109424331e-06
1113,0.24710180075646915,0.17523870960075416,0,0.0004329232770653909
1114,0.017064928890249728,0.3173433600602515,0,-1.6544663536465341e-06
1115,0.27682150503235087,0.020480863891622902,9,0.023753154044369024
1116,0.29631361213390384,0.1412550332745739,2,0.0051233316803652885
1117,0.0810845188920127,0.35093686913828404,0,-2.2406447001065704e-06
1118,0.23788571675299303,0.042044308199529194,7,0.016166336574621055
1119,0.22741069353934767,0.05410528760995581,5,0.011558658070571161
1120,0.12080243399447625,0.29874270484246823,0,-5.58857660650072e-06
1121,0.30419981208286506,0.21740226789597308,0,0.0007016171037271415
1122,0.25678660621028804,0.010814533005332527,9,0.027030954972231142
1123,0.04247934177366716,0.3697452703222944,0,-1.2628693638635954e-06
1124,0.13553174930421824,0.012241420796684088,1,0.0038471326381809973
1125,0.22127290531652435,0.25894450017731113,0,-1.5629062955250665e-05
1126,0.1922474123687323,0.007928490643525257,8,0.019059111568515183
1127,0.30351707893871477,0.2253802639257981,0,0.0005072227447525031
1128,0.05452271418578811,0.3147329927015962,0,-2.4680611514734634e-06
1129,0.3096802609717837,0.10300977577672883,4,0.009437454154906712
1130,0.28257196430157927,0.21573160313642437,0,0.00033370267335729593
1131,0.3378815765593444,0.21775554217183588,0,0.0018579644976514634
1132,0.04485419147150539,0.31933114740095203,0,-2.140479744533982e-06
1133,0.22984383308406597,0.2179771702899604,0,1.3208950417863694e-05
1134,0.3310187879649643,0.06443724412272052,5,0.01248097195147919
1135,0.0012467868505548405,0.480146746908366,0,-2.7736071454937153e-07
1136,0.3499264506612065,0.0039042970867935456,9,0.029762921736774108
1137,0.153141038456201,0.0507466227544414,0,0.0016791883173852369
1138,0.34709180694473485,0.24035298726521095,0,0.0012269067339127572
1139,0.0434159351893089,0.3092073950086762,0,-2.3345573355015227e-06
1140,0.25290830067358167,0.15990669734604265,0,0.0009800413605079755
1141,0.3040032471325241,0.12150696472888123,3,0.007601277051092747
1142,0.313192900499358,0.19749020574679776,0,0.0017891308311384327
1143,0.07339941478624887,0.295055714285563,0,-3.624897719191697e-06
1144,0.21428187712605945,0.10923706355970723,0,0.0016535079025058602
1145,0.19488167588746755,0.26115188468512307,0,-1.4821546798357133e-05
1146,0.014890796605764277,0.3087214753520291,0,-1.7646509118669822e-06
1147,0.049403096585675293,0.3232681312199943,0,-2.1534871641063685e-06
1148,0.14272886798173287,0.018420588855210095,1,0.003931142111368685
1149,0.3277962298266464,0.1263436326103987,3,0.0075883826158150295
1150,0.0029669363277210147,0.39712781643162287,0,-6.472142962851575e-07
1151,0.2724406120097308,0.2297850555345364,0,0.00011194868652220912
1152,0.06310003901834249,0.28037208278390774,0,-3.7871960130196556e-06
1153,0.02076312239999678,0.37896472262445535,0,-9.271051119027812e-07
1154,0.005419916997423528,0.47633853854859676,0,-3.0039221539570906e-07
1155,0.29307068203853337,0.1591589004608831,1,0.003203506771610763
1156,0.06423909565257947,0.3663621552064623,0,-1.6233315008338911e-06
1157,0.30990641882953257,0.2259666921591044,0,0.0006240157508550948
1158,0.22398219309270428,0.08900492178624594,2,0.004384780215647836
1159,0.2800866953451548,0.1265479402546964,2,0.005447541219331591
1160,0.09811512400518327,0.0004671046845316847,0,0.001490571223054323
1161,0.2745646580309866,0.21342744425205698,0,0.00026479447928011435
1162,0.06925477392877104,0.32884087044087906,0,-2.4830178771327035e-06
1163,0.152009576529297,0.29170403716161397,0,-8.102914319447758e-06
1164,0.13542568336837565,0.03157864974031535,0,0.0018260765571955647
1165,0.2616203413086741,0.14706515630423206,0,0.00203341632644139
1166,0.2071023067638978,0.04880621874185731,4,0.009183461736288938
1167,0.05254653676908134,0.3292977686310328,0,-2.0921877602507642e-06
1168,0.0570115624670632,0.3534990363856667,0,-1.7175623945603856e-06
1169,0.19299891514680068,0.027401524521517215,5,0.012059128325995833
1170,0.21117701470369715,0.08605111872526294,1,0.003353605976880197
1171,0.25663845035134036,0.03144861479038061,9,0.020360651633842746
1172,0.07337642959581309,0.3510702464532182,0,-2.07201374391665e-06
1173,0.34739730339443037,0.18924497543984817,1,0.0039832498837537155
1174,0.11425527986397785,0.3003834121098875,0,-5.155210487677679e-06
1175,0.23255500143352376,0.05491877463847655,5,0.012173302990783825
1176,0.3261478226094136,0.15070536787617148,2,0.0058629643921785796
1177,0.0014716806850128383,0.2968255291517311,0,-1.7382295174676365e-06
1178,0.18404944964651526,0.2620739798236813,0,-1.3785904027809903e-05
1179,0.27872504981958807,0.016478740523035634,9,0.025104766264628646
1180,0.16492108387661525,0.04695106603237007,1,0.002959177208164802
1181,0.31336127356222576,0.1693284632690901,1,0.00370888280788892
1182,0.20555072813568637,0.030736223930718648,6,0.013927151013003965
1183,0.024540699083825165,0.40759026850808977,0,-7.231087080510189e-07
1184,0.17365860850822126,0.0735786870196884,0,0.0014844686364622985
1185,0.33110583798137366,0.0777543630844094,5,0.011001915001722654
1186,0.34089860773926395,0.0710648804113225,5,0.011201335536189044
1187,0.2820643603005702,0.17814813665850412,0,0.0013500041523831013
1188,0.2561858773682431,0.2319839675591429,0,3.8571877614179714e-05
1189,0.3040511623100669,0.03417013436467781,8,0.01918098169100616
1190,0.22536289566141063,0.060798178790751,4,0.009643598849481762
1191,0.08557405047951527,0.2858528942265917,0,-4.482834041381713e-06
1192,0.2227886286340801,0.21566248297740237,0,6.4546668645139655e-06
1193,0.2293333680427519,0.24532705632932372,0,-1.1432886944445909e-05
1194,0.011315954525569138,0.37814278111690336,0,-8.505820024466843e-07
1195,0.23476315481623647,0.17526391867444754,0,0.0002591883679099148
1196,0.011050153459394313,0.3907990885433163,0,-7.474809470997525e-07
1197,0.05759933596823198,0.3127606235776278,0,-2.595595591403619e-06
1198,0.12584787118743046,0.015338116544725467,1,0.002404663299130837
1199,0.26291230586030173,0.1928941539460582,0,0.00039207760564861574
1200,0.34735305813513845,0.17365556030477966,2,0.004917851596973862
1201,0.20921796111688357,0.22629776547316818,0,-1.1750371636739873e-05
1202,0.15675778062552367,0.0557951091256969,0,0.0015790571293351602
1203,0.00625223733403274,0.31570503739140027,0,-1.5096510435246144e-06
1204,0.2944292388928878,0.23122253391638725,0,0.000281311210892834
1205,0.048926095103735,0.2809038113067529,0,-3.2716094522769037e-06
1206,0.26430648011059277,0.1510612359407524,0,0.0019330944635747329
1207,0.006779304637230175,0.4719723646167464,0,-3.1808860478780716e-07
1208,0.1593368842435399,0.0019966793990626283,5,0.011441444147986814
1209,0.27275255170420687,0.10326117570092629,3,0.007827181171945202
1210,0.2123662985797392,0.09479922779055085,1,0.002589033134443406
1211,0.14954810966257295,0.28766533490181284,0,-8.226012267871203e-06
1212,0.26882932273379223,0.06849527747055514,5,0.012978171364705976
1213,0.0002818154353238289,0.4160867503985939,0,-5.212705526217574e-07
1214,0.006694440945594616,0.4228057510558716,0,-5.196422359952228e-07
1215,0.25808407022980956,0.1124071970589163,2,0.005087139477295706
1216,0.2871575873281542,0.00795152161688215,9,0.02846162264067872
1217,0.2228689178103251,0.20287102962132803,0,2.9287901095207144e-05
1218,0.005125216137774439,0.4794263387645004,0,-2.904023706206174e-07
1219,0.22426914545591173,0.25201788582751966,0,-1.4559457027732158e-05
1220,0.0028859206352893287,0.47703093471305535,0,-2.90862661585536e-07
1221,0.3337977925498236,0.03284154299187698,8,0.018312606325182407
1222,0.03867522957073884,0.27312159973999367,0,-3.192452095030036e-06
1223,0.2710567176395963,0.1756922529854217,0,0.0010282965556477482
1224,0.266533439386769,0.012493481008462176,9,0.02656933232625817
1225,0.13133879569131468,0.2807787399639928,0,-7.381759672714748e-06
1226,0.16399407982305,0.26313123572734093,0,-1.1713689944590313e-05
1227,0.0024867072054076886,0.4651728629915944,0,-3.261776839381589e-07
1228,0.01723485430519628,0.43325615912953186,0,-5.200529204640696e-07
1229,0.09165216906341069,0.3058587762910083,0,-3.9029516317107455e-06
1230,0.24214832514825424,0.19341559313525256,0,0.00015643606561027126
1231,0.029106366113117135,0.3154304887511347,0,-1.9018438416436451e-06
1232,0.23802055352596208,0.17855789582258896,0,0.0002577767709777544
1233,0.24758009091598887,0.2521215458895601,0,-5.38174886675866e-06
1234,0.31455673253590716,0.1735407523532982,1,0.00344803870056458
1235,0.14396165511096226,0.29364715562452415,0,-7.3626060625750284e-06
1236,0.3279413110166387,0.23688350183181114,0,0.0007749855767056201
1237,0.030421213629024356,0.39544503343912474,0,-8.658769428303341e-07
1238,0.3284915925956182,0.13448592923734934,3,0.007053312937807405
1239,0.024564862701878444,0.3990344218388378,0,-7.878877326892335e-07
1240,0.1622744042984218,0.27964048742061454,0,-9.980869896692722e-06
1241,0.3498661866477135,0.10644023329131186,3,0.008064032220005945
1242,0.20016103045901307,0.014698110380494577,8,0.018359080490524444
1243,0.003941538167266811,0.4715721552953592,0,-3.104378201231249e-07
1244,0.25364456326624407,0.06666469861700647,5,0.012204091162121133
1245,0.33023339662878304,0.23322174429563894,0,0.0009443333437808978
1246,0.2230516234943376,0.10669454740488195,1,0.0024120543444489466
1247,0.026406222719737384,0.34263913566808984,0,-1.4104077731392569e-06
1248,0.29131887876952894,0.10909829226475651,3,0.008371058103963875
1249,0.27983694849540774,0.15554387721451982,1,0.00258787847778112
1250,0.31682031384958986,0.1429412667679866,2,0.006147224353159639
1251,0.251526628281851,0.0016743539994986956,9,0.03075866875173049
1252,0.32751320173154186,0.19736984486551812,1,0.002511380112083299
1253,0.30448663023008954,0.24183801965149948,0,0.0002705788170783535
1254,0.014012765233789014,0.36112839098774224,0,-1.0358625019765014e-06
1255,0.0046194678613918,0.4401434529245098,0,-4.279637304505001e-07
1256,0.2662733960022936,0.03305873751117139,9,0.020151956874217104
1257,0.07003537285694686,0.3636804459824047,0,-1.766763002652067e-06
1258,0.015582103918715088,0.29168269872630176,0,-2.1067387944920414e-06
1259,0.05966588448298109,0.33832460806948716,0,-2.0525016478262e-06
1260,0.1486615501444839,0.05653379483082003,0,0.0011258246470158266
1261,0.25814644504386963,0.0822194526782703,4,0.009754281628926774
1262,0.2973077694195363,0.015996818938184276,9,0.024996811503379165
1263,0.17767399312138787,0.014028365078861502,5,0.012509531732746935
1264,0.06750371529967021,0.3169024421989161,0,-2.748955331059673e-06
1265,0.14592190089214097,0.2893524491837799,0,-7.81929549265182e-06
1266,0.12961993951871112,0.29585310938736725,0,-6.268960696459365e-06
1267,0.31681638536930523,0.036469313379114354,8,0.0181126110350202
1268,0.23481268046110498,0.10431089296818143,1,0.0036732758963252984
1269,0.0008398463635057896,0.40103525937037393,0,-6.093271043125486e-07
1270,0.19349589222396574,0.008486286120398612,8,0.019166186410153708
1271,0.17676419599929452,0.03476497702365244,3,0.006551149679670459
1272,0.007857289461720283,0.40315487420530166,0,-6.398673154900354e-07
1273,0.19017685972854068,0.08383058027471373,0,0.0018253036168805151
1274,0.2623125155089741,0.17825670927350318,0,0.0006867673041220259
1275,0.3457437548187344,0.11149701477876031,3,0.007976903794521146
1276,0.032988984490365005,0.2637286087660151,0,-3.3128870899143722e-06
1277,0.0015608968821835033,0.46320694708274857,0,-3.2959100654716123e-07
1278,0.15238946734451067,0.03583690188370789,1,0.0028858894455905926
1279,0.0012959954935791607,0.488664610205592,0,-2.5483925140561746e-07
1280,0.10864574156892798,0.28657456863498315,0,-5.590330508253051e-06
1281,0.25204729972198336,0.1835005651307256,0,0.00037455896341969286
1282,0.13956064112786049,0.2742112866186106,0,-8.502752718782506e-06
1283,0.1404743790867621,0.0030946161260566873,2,0.006342980942597124
1284,0.010182259751697903,0.25956665754789543,0,-2.7512316493935005e-06
1285,0.02012795823986237,0.32321045577468605,0,-1.608681162249115e-06
1286,0.14180952006689274,0.046502254279041394,0,0.0012902095055311168
1287,0.2227081936775783,0.1100609799512532,0,0.002124692292140904
1288,0.34328111872840156,0.17708841064741904,2,0.004599663946534245
1289,0.2134072726004727,0.14085344578206954,0,0.00046624109763005156
1290,0.01562084324603603,0.3953923234587692,0,-7.472765181067906e-07
1291,0.11951149770337893,0.3015530098437405,0,-5.367131259268103e-06
1292,0.2924578680800899,0.07440922468395056,5,0.012575717814637484
1293,0.25780395498120595,0.2197060883645976,0,8.967660496258509e-05
1294,0.17515940044963876,0.06419840583896994,1,0.0022347139344100863
1295,0.3218996635566871,0.17987277319054726,1,0.0034004364529435557
1296,0.1928735694407363,0.27114992409290184,0,-1.3760903030565738e-05
1297,0.0345522233270165,0.35266600899434686,0,-1.3840058894743474e-06
1298,0.22237848035501684,0.08303357653510932,2,0.005028501660870692
1299,0.33100071712055135,0.13362652503861308,3,0.007114560206666494
1300,0.10778535090625585,0.31050463332313927,0,-4.374033160737734e-06
1301,0.20357970011033896,0.267124988240979,0,-1.5030684849387133e-05
1302,0.05158167919460671,0.35781188279739956,0,-1.5582803635834988e-06
1303,0.15248199568358844,0.00496876209414767,3,0.00861260714091152
1304,0.028860524608388925,0.2937012616169832,0,-2.3572379064399435e-06
1305,0.22703431379201183,0.1970078107804955,0,5.832800126249516e-05
1306,0.0026769879454242897,0.3760086980802476,0,-7.970872820510437e-07
1307,0.32502744057602273,0.07412183425956442,5,0.011649942835737425
1308,0.22684010633457904,0.0930751504923961,1,0.004180267585535489
1309,0.2744531929991073,0.1893594875946631,0,0.0006987179653375655
1310,0.30265576595453364,0.1831387213113565,0,0.0020748839127220035
1311,0.30058129898266767,0.10509015992326332,4,0.009150955794315902
1312,0.3188681713569915,0.018574164222885936,9,0.023456310401127965
1313,0.1490559667188388,0.05505850915282518,0,0.001212814918654105
1314,0.09086457751643798,0.3312851391261179,0,-3.005662544617601e-06
1315,0.11016179459983028,0.001924208480095559,1,0.0022499488529975353
1316,0.23381766697273093,0.22516047143989312,0,8.318626761621368e-06
1317,0.20704604823067302,0.22895605309134545,0,-1.3256523821807498e-05
1318,0.03128278979178705,0.40670533134281184,0,-7.803571370889156e-07
1319,0.30828245851967684,0.09957613617219152,4,0.009753281499359698
1320,0.18115991985234778,0.02533117957760536,4,0.009826518397984062
1321,0.00299412646048104,0.36003948903244504,0,-9.380607800580176e-07
1322,0.024838372725875822,0.35114823062637524,0,-1.275256602269533e-06
1323,0.21370920567030297,0.07552357910606038,2,0.0050316144266457944
1324,0.08377781468232366,0.34726348394616297,0,-2.387689763781299e-06
1325,0.24184916935599304,0.052635421604309424,6,0.013982773804810156
1326,0.017351491102347485,0.4073786846488431,0,-6.744270987390229e-07
1327,0.12910019603315692,0.30094821299935764,0,-5.933033536929606e-06
1328,0.13867678759111884,0.0007580410714151664,2,0.006500111080363955
1329,0.28256971013459065,0.10533345903295552,3,0.008315502150033587
1330,0.013837665022926108,0.4484431698794365,0,-4.3187141871436474e-07
1331,0.09523634040581465,0.3044109112515008,0,-4.10306169134135e-06
1332,0.33805772064694795,0.15651631974727218,2,0.005755766226864549
1333,0.18651537202437343,0.2553027065200819,0,-1.4616144710806958e-05
1334,0.11711745028445486,0.3027380405473261,0,-5.180896027502093e-06
1335,0.24113612750368746,0.003851559516948405,9,0.029170476048778114
1336,0.009565535676345448,0.4364584639116342,0,-4.6651811862175757e-07
1337,0.012313297603031717,0.3675120424531506,0,-9.55450956493228e-07
1338,0.3095218763526871,0.23827940124470637,0,0.00038264903537643473
1339,0.3445961365790641,0.10743512058382491,3,0.00823746015549488
1340,0.23879381823080068,0.1914599824957569,0,0.0001467299715556366
1341,0.22203806017846,0.09543880681464868,1,0.0033979091655839395
1342,0.2812377187562421,0.19754352729464414,0,0.0006541348370961606
1343,0.013550195245912992,0.35904728172940914,0,-1.0527682199819995e-06
1344,0.10113939195951031,0.32320078837985944,0,-3.6088351167237905e-06
1345,0.04979948153817119,0.29948215510124326,0,-2.7418023194383876e-06
1346,0.13501755472951296,0.2920806979214578,0,-6.855428356698625e-06
1347,0.3271760633137548,0.19452393764251927,1,0.002674460945075785
1348,0.11295299207041898,0.2912261217100204,0,-5.571001351210646e-06
1349,0.1774293013417168,0.2699694781290086,0,-1.2364563741532143e-05
1350,0.33670699359793976,0.06727382988484351,5,0.011846609853281093
1351,0.18781321360757097,0.010508126408509622,7,0.016731384750188854
1352,0.20891177619579368,0.2306057679533928,0,-1.3204511774993045e-05
1353,0.07023970811957586,0.31120346275763516,0,-2.9902871928556554e-06
1354,0.34059960218040064,0.07948155197778313,4,0.010378026286783276
1355,0.05434928890942934,0.3748649912047059,0,-1.3508470292093062e-06
1356,0.050039898226864554,0.3640811041757766,0,-1.4412551812997296e-06
1357,0.31447149804435365,0.07870131915255366,5,0.011606261632611985
1358,0.29916050466969407,0.004451070643650995,9,0.030063616995507875
1359,0.2777042138233259,0.09124149543393409,4,0.009922582962772318
1360,0.17955478177101314,0.0017223265456843828,8,0.017966513440385398
1361,0.25143788333518935,0.05431008419055722,6,0.014577854994140528
1362,0.0014862269437686758,0.34033778522210545,0,-1.1252389732585255e-06
1363,0.2789161914098561,0.15164335093085654,1,0.002830553496109457
1364,0.08693485745669983,0.344968276374733,0,-2.521203269467769e-06
1365,0.19545825240151438,0.06938694916798048,1,0.003632966260114965
1366,0.2545761380482736,0.04216561099718616,8,0.017561807677081872
1367,0.10268134683743688,0.3032166586002385,0,-4.470274826245449e-06
1368,0.2994730911081785,0.161151059876013,1,0.003478351539359026
1369,0.21193129449445341,0.07111736008052123,2,0.005485565234374101
1370,0.0015458999549240275,0.4829777198099627,0,-2.704257611937423e-07
1371,0.33345893637612173,0.2195182996335622,0,0.0015869606623185463
1372,0.08243448631086919,0.32245533687561695,0,-3.018040548167207e-06
1373,0.06146248573988352,0.3172065800246263,0,-2.58040464365971e-06
1374,0.010986110731857537,0.40700840272630673,0,-6.352264613000968e-07
1375,0.09336269601382322,0.2853925493710506,0,-4.864358414292278e-06
1376,0.07265895847391882,0.2817989412319662,0,-4.105822068045568e-06
1377,0.24277456131193606,0.15494336764679834,0,0.0008221567371787011
1378,0.13396610953881766,0.007547993177929712,2,0.004336980189212469
1379,0.28921712021471374,0.1701434955896551,0,0.0021450638677533054
1380,0.21767252951674515,0.10286950037146214,1,0.002320073614845817
1381,0.3257847566644905,0.1789785765656951,1,0.0036844275837433133
1382,0.3075964517143351,0.23940247731013345,0,0.0003392974427863926
1383,0.23311041345886274,0.10421286128819558,1,0.0035176809924508164
1384,0.1557231334287828,0.27262796119220756,0,-1.0023977103484525e-05
1385,0.1675140068599338,0.04722266953649448,1,0.0032006785254303075
1386,0.04921567927240241,0.310500387425159,0,-2.4418800403228672e-06
1387,0.19412896017523618,0.07032001860877117,1,0.003376666952899571
1388,0.18227072184474877,0.05297547899269277,1,0.004219278484951171
1389,0.10296849345864441,0.31562477961295393,0,-3.962938987672504e-06
1390,0.1588265735559341,0.2877582443019328,0,-8.970055916815437e-06
1391,0.1648603077300962,0.06441755874017437,0,0.0015275355380619006
1392,0.23538503757199966,0.05628095523768277,5,0.012265384285140696
1393,0.21173264221325952,0.21984062339867977,0,-7.4590741107237056e-06
1394,0.19182101916985467,0.24117218350502004,0,-1.5760221658513462e-05
1395,0.004681125307701199,0.32870955064365587,0,-1.3049595297781087e-06
1396,0.2535411327189343,0.09155987549704596,3,0.007642721393573596
1397,0.04947966600590746,0.3654882967894468,0,-1.413193328475981e-06
1398,0.1384617862419019,0.29609375887186257,0,-6.817166515037554e-06
1399,0.0393584842139504,0.3070041232527329,0,-2.291824116623281e-06
1400,0.15846340771460496,0.006524456130287981,4,0.009700905338734326
1401,0.3379607188794872,0.13870481257601114,3,0.006792784767553904
1402,0.2391281761470892,0.19769573310029556,0,0.00010910330981954968
1403,0.049156062434364566,0.31708066248555916,0,-2.2851741889976766e-06
1404,0.28957064645089625,0.19032786351634756,0,0.0011291369789435952
1405,0.12714202678162928,0.015329192461023685,1,0.002524408949571256
1406,0.06600016240814367,0.36242040250150376,0,-1.718519140552166e-06
1407,0.1726255960085427,0.06668281924215645,0,0.0018607131141839268
1408,0.059945600441505396,0.3614682539789334,0,-1.633193567854845e-06
1409,0.0692396109874126,0.33524752402844493,0,-2.3287487955490335e-06
1410,0.17748500352300026,0.019972930430908968,4,0.010513441562775786
1411,0.29646600514939575,0.1493963185788089,1,0.00432640268623945
1412,0.280432946207638,0.08445509408990885,5,0.011023093677769888
1413,0.3182225455260804,0.10424359161886503,4,0.009256074061626674
1414,0.3480157504102007,0.0819260772008899,4,0.009789708186619976
1415,0.27533852609984155,0.1314831203636284,2,0.004467085482145426
1416,0.21081053758780086,0.12961767055632095,0,0.0006666831994387234
1417,0.15314312466749183,0.02887382876829013,1,0.0038293399136252117
1418,0.2477824376501747,0.20768214345288621,0,0.00010085610318875782
1419,0.20640728897708413,0.023751433860162832,7,0.01646014148630338
1420,0.31314918004833997,0.02494037587785486,9,0.021442945640810136
1421,0.33181593225030426,0.03848347753079355,7,0.016973370302824496
1422,0.11097435585746014,0.2936909557785387,0,-5.332229878801428e-06
1423,0.10873287609025828,0.001919058496642926,0,0.0021302865268505175
1424,0.028317692501976643,0.3042438256516036,0,-2.110117907788148e-06
1425,0.296154506807773,0.13042024380298609,2,0.006254308385292677
1426,0.32557753121472327,0.13258156475571165,3,0.007163477659059202
1427,0.017639758271251936,0.3352091352852874,0,-1.391821653931427e-06
1428,0.31511362916441876,0.20787407251352055,0,0.0013727915177141896
1429,0.07362928509672012,0.2924438321498234,0,-3.72894135217769e-06
1430,0.004812641243284504,0.4215478131874823,0,-5.16420464966338e-07
1431,0.0047380414353903645,0.3446328723799942,0,-1.1135253940098612e-06
1432,0.06793221258991232,0.28057331337740143,0,-3.965567102982058e-06
1433,0.010954136805087715,0.44014670628333874,0,-4.559059100963244e-07
1434,0.18155222642470387,0.01988063590849866,5,0.011586066425235658
1435,0.0007295225613228734,0.2706145556741849,0,-2.242068574492552e-06
1436,0.07995254720631577,0.3280729531074705,0,-2.783783852360028e-06
1437,0.26149342816499144,0.03811131181725136,8,0.018810383912898593
1438,0.02611554768365319,0.4207200244607496,0,-6.441923321997277e-07
1439,0.0036779912761055796,0.37957825898578046,0,-7.768673936517964e-07
1440,0.33021525334802954,0.23926905742087134,0,0.0007678276018260041
1441,0.04785000152325174,0.3737226992453907,0,-1.2805018037973707e-06
1442,0.0033785757847484606,0.288262819435611,0,-1.929944120583021e-06
1443,0.023373861114578374,0.3040097136509117,0,-2.0132209696535293e-06
1444,0.1820699408911788,0.07379984869750544,0,0.0019933930179952953
1445,0.010923475240440466,0.39869935289857455,0,-6.898290073249947e-07
1446,0.18237599419358547,0.2514108311527998,0,-1.4595524062605293e-05
1447,0.26543842730794265,0.14698311254806362,1,0.00227658735610819
1448,0.2004364618867937,0.0853325450319675,1,0.0024509719645228497
1449,0.14531810907933534,0.28815653037412203,0,-7.863896347830507e-06
1450,0.332170807186709,0.15565854585860228,2,0.005682955261499951
1451,0.2144032224407371,0.25844866846535886,0,-1.5817324059448002e-05
1452,0.0197354269659423,0.36520816662140726,0,-1.0529549069422198e-06
1453,0.23380955313496654,0.16655600344264507,0,0.00036340566848995433
1454,0.14073939676420918,0.021751808420391334,1,0.0032387146403794346
1455,0.03109018348926613,0.3361445887437751,0,-1.577087789547672e-06
1456,0.0771027512748503,0.3531474486971198,0,-2.1063336549090035e-06
1457,0.04730091749561648,0.29884242186809373,0,-2.6914734145681244e-06
1458,0.20057690096160607,0.06250349596768293,2,0.005278695556006915
1459,0.28472418018226536,0.22490439656335526,0,0.00024654435742211384
1460,0.16666098409609398,0.009453984692834039,5,0.010997417909165402
1461,0.19968606314916906,0.2618580521141165,0,-1.5129481777857389e-05
1462,0.2680749978119439,0.06965819110421968,5,0.012739399030844078
1463,0.007959739423402067,0.45644316441976196,0,-3.7593335496830223e-07
1464,0.23812682061803034,0.21378343551622717,0,3.9785573207909414e-05
1465,0.23816400845781233,0.04610573842271286,6,0.015144145340572094
1466,0.2727912027208234,0.14018906735473377,1,0.003368575609059649
1467,0.010707217386658262,0.43128975398101355,0,-4.968994938024156e-07
1468,0.2873004454828696,0.11053852273830997,3,0.007967148204978892
1469,0.14112179900143357,0.29027610419616706,0,-7.400859354841988e-06
1470,0.10715486981194777,0.0030825394644015073,0,0.0019132801313928682
1471,0.012000493006882922,0.26549244051820364,0,-2.6406352354440847e-06
1472,0.3099071743482317,0.16064406264968692,1,0.0042197255478615804
1473,0.021058631684869596,0.42348369818737547,0,-5.957664872218937e-07
1474,0.24195130040821014,0.14356667455483696,0,0.0012219968412262778
1475,0.1826900288346089,0.022787124580486196,5,0.010957208821688
1476,0.03321937952932183,0.36928613363647794,0,-1.1566169780455592e-06
1477,0.05835613026236237,0.3611581082276952,0,-1.61247285765155e-06
1478,0.22444729200916286,0.11465400146265595,0,0.0019143539193254332
1479,0.23204547277573004,0.16072457361251738,0,0.00043222335257296006
1480,0.19622864913729882,0.08416813545732953,1,0.002220760887737595
1481,0.003835163547726908,0.3493872353421929,0,-1.0522954825689628e-06
1482,0.34121285871271423,0.09075508187581488,4,0.009432909781018692
1483,0.030888050757961097,0.3166403017574912,0,-1.912706019075695e-06
1484,0.13935210767842937,0.30109116306921935,0,-6.549493381008212e-06
1485,0.027725888591939633,0.26640054423216014,0,-3.060994814395627e-06
1486,0.21816851679755556,0.1561399974393112,0,0.00029542871688882324
1487,0.16077836494370562,0.060229357794561046,0,0.0015439635839186083
1488,0.22058154606605512,0.1399015619158044,0,0.0006438679182488138
1489,0.3401209515995477,0.23885421788875214,0,0.001056517179648998
1490,0.14202249903538908,0.00475908615237184,2,0.00628762727211699
1491,0.12266588109975116,0.019911955833684162,0,0.0017801618808821918
1492,0.25127305154887136,0.17070799471476436,0,0.0006109632275975933
1493,0.32341681661968624,0.11732108713128553,3,0.008226753116302181
1494,0.18945493358693682,0.24857596464673784,0,-1.5330444606994078e-05
1495,0.1365456382998436,0.0007852041093637935,2,0.00605669158507558
1496,0.2160602287371949,0.15391273477128325,0,0.0002976829891990744
1497,0.020091463221712194,0.4256675053192406,0,-5.772931908480632e-07
1498,0.0412375798047587,0.2750042596639736,0,-3.21406686092695e-06
1499,0.09144333428750256,0.33822144457320763,0,-2.8208686385671816e-06
1500,0.07118512899384388,0.3256182297642214,0,-2.61406873484625e-06
1501,0.17623532923756968,0.04632006877862424,2,0.004389744456697804
1502,0.2533824944017027,0.12904160143672316,1,0.002846128514506917
1503,0.2679390854956943,0.11956978333165136,2,0.005171953625821586
1504,0.039137241170146865,0.4041193289696329,0,-8.661523144748624e-07
1505,0.030379922023023052,0.4226299690420691,0,-6.595076832322756e-07
1506,0.23433943068786833,0.07908053546744406,3,0.007315161058523363
1507,0.11017221843610744,0.2865010775148883,0,-5.679003129330719e-06
1508,0.17846758494797194,0.27699225215236983,0,-1.1771301683403002e-05
1509,0.07335601134498951,0.31060580590688086,0,-3.1030325488570005e-06
1510,0.27334908015454595,0.14001804213501895,1,0.003428941306941875
1511,0.1369630603172626,0.27844957176580654,0,-7.96754691853911e-06
1512,0.005192213260677741,0.28903100905175866,0,-1.950178303037798e-06
1513,0.08341555675863682,0.3169450612813961,0,-3.2198812169399113e-06
1514,0.031653009893007095,0.358432721088468,0,-1.2691828487002615e-06
1515,0.2111886658918691,0.09937809983581351,0,0.0021237813762991337
1516,0.13951465991535053,0.298907845512669,0,-6.70109134146018e-06
1517,0.009636291984778066,0.43875006196407135,0,-4.5627153180997816e-07
1518,0.0191331515906117,0.3240986009758497,0,-1.5787008991866803e-06
1519,0.21791619917223704,0.2551646855250016,0,-1.5600274005957802e-05
1520,0.020852759332401247,0.25871713174996114,0,-3.0860773929882284e-06
1521,0.3035673621556912,0.12732708881006286,3,0.007003420167906163
1522,0.020060492707946274,0.273978625501322,0,-2.6291932659633833e-06
1523,0.24708042573133265,0.08484174923899297,3,0.007997965442438
1524,0.048983067524644125,0.3421957681370242,0,-1.7748907929852442e-06
1525,0.07774139162270423,0.27898262996556006,0,-4.440714639536756e-06
1526,0.17181054583354477,0.035016358701150815,2,0.005621622080833636
1527,0.24859119163921387,0.09524627508284177,2,0.0064578071737618915
1528,0.030673614611688996,0.32536005222588954,0,-1.7493159406202949e-06
1529,0.21788712115174183,0.06300327333643396,3,0.007919217753792208
1530,0.13246757126803,0.29616151029989735,0,-6.426366999880975e-06
1531,0.10589619117529551,0.005157745974707542,0,0.0016758446941288864
1532,0.2522052774255793,0.10933476639349857,2,0.004865527496295636
1533,0.3398309484406064,0.0791070182264488,4,0.010450512399212184
1534,0.23823891312356277,0.18283717971694227,0,0.00021466388639652823
1535,0.2743098172286648,0.09987118789261552,3,0.008444231026315873
1536,0.34255331110029846,0.18797993218547146,1,0.0038707169711079533
1537,0.09981040919174616,0.3207996039423786,0,-3.6476571251402158e-06
1538,0.2538497009359548,0.15460548532872923,0,0.0012282429280304709
1539,0.18088946570960712,0.06392507864452414,1,0.0027481602386499743
1540,0.022721217798807352,0.4299463345033334,0,-5.678353716679268e-07
1541,0.2176596574802923,0.1238555754847296,0,0.0010805649127100382
1542,0.07655611137931294,0.3213240983077483,0,-2.8786449527268333e-06
1543,0.3339009349960101,0.006511659639484552,9,0.02854317149023598
1544,0.3468174843525094,0.0064145815986936805,9,0.028362539285855203
1545,0.034917700514573935,0.31110856781950186,0,-2.1043836091384847e-06
1546,0.2830694396893941,0.12436166490513588,2,0.005961533380605401
1547,0.011632798102384725,0.3576192818891078,0,-1.0476502400618544e-06
1548,0.048965577755117694,0.31501109839126873,0,-2.32848163223985e-06
1549,0.2019248341020399,0.055151311598349545,3,0.006834065646167715
1550,0.016576784233404005,0.4420255523130549,0,-4.73269401647606e-07
1551,0.24368207652761345,0.1881352429965631,0,0.00021473966747719237
1552,0.19598098381415288,0.2518989212515858,0,-1.5513143604395318e-05
1553,0.3417826312787879,0.22939961481414653,0,0.001475047750433418
1554,0.21343066996909593,0.26163009453593083,0,-1.579373192832046e-05
1555,0.0007065457838801026,0.3239071872757762,0,-1.3158574640972384e-06
1556,0.23454657659115682,0.12335161726113128,0,0.0019593632598267053
1557,0.28769634960457935,0.15479988026803815,1,0.0031914756058267165
1558,0.15389912007400444,0.03841283080905843,1,0.0027644436405187774
1559,0.1426437376512244,0.2920262251627406,0,-7.384365337514127e-06
1560,0.07236031410480534,0.30896976862927383,0,-3.1229593410035717e-06
1561,0.007723665962477605,0.4007968786771065,0,-6.542602874112255e-07
1562,0.0028107419935982127,0.3844757545858198,0,-7.333575937779425e-07
1563,0.22892536814303419,0.09257365955917382,2,0.0044813218213347415
1564,0.29291652511445543,0.022370123420314303,9,0.022870813086030124
1565,0.006648483731817245,0.2355230168273251,0,-3.3760425569236587e-06
1566,0.19510586908324742,0.24612095432457537,0,-1.5716802236159708e-05
1567,0.15211772146831848,0.05130555359344015,0,0.0015811331203792688
1568,0.24831310328545064,0.1949424405861169,0,0.00019329852359369008
1569,0.05838729821658271,0.31910783463215076,0,-2.455393964206981e-06
1570,0.01015030710480036,0.46383005831903623,0,-3.568897023573063e-07
1571,0.016300912274002953,0.43440992742134443,0,-5.093135388673481e-07
1572,0.2218386965630902,0.08490694832866982,2,0.004690421431516469
1573,0.19496030474018705,0.04255054953749577,3,0.008315794452142887
1574,0.23618645158909346,0.015371069396101125,9,0.02418463215412128
1575,0.02903427022300985,0.42379418955114123,0,-6.431710518198944e-07
1576,0.05493442364867979,0.27230682374763787,0,-3.783820201719797e-06
1577,0.2623535878304436,0.1793822381976556,0,0.0006585920245229672
1578,0.3483835918904485,0.23154367590314368,0,0.0016346918933588066
1579,0.16672948310902624,0.2628564864502044,0,-1.2010511792795101e-05
1580,0.27846866363599376,0.09839834779949815,4,0.008966484647456068
1581,0.01451975226732347,0.4520196116739165,0,-4.195478850969171e-07
1582,0.03561484986994876,0.32211725273945524,0,-1.8983159863572544e-06
1583,0.30662180037649545,0.03333086260531863,8,0.019297090814909875
1584,0.1052621509865031,0.3122157535315487,0,-4.194009815923548e-06
1585,0.2854345730148462,0.20270317928493722,0,0.0006256430943302672
1586,0.2035382793394198,0.025083054685791736,7,0.01534431695274589
1587,0.28037512083176164,0.12503087199936014,2,0.0056523932506478925
1588,0.1936915230966394,0.01573661304089342,7,0.01629402085934951
1589,0.2966687675206729,0.005360008823018514,9,0.029622968104755176
1590,0.23676568594915043,0.11971337580119862,1,0.0023749617412076466
1591,0.274398769832646,0.040493748542392294,8,0.018413671045435995
1592,0.17409748956706048,0.27131615339302007,0,-1.1901099837772552e-05
1593,0.2587885437290044,0.20435466978591899,0,0.00020047271446758117
1594,0.01718060980217654,0.3906239664834331,0,-7.960779075251029e-07
1595,0.2647935993819638,0.018166182193192937,9,0.024512336355865274
1596,0.16646513593641565,0.03495432365023766,2,0.0047769233959793714
1597,0.28212629848508214,0.029542139644557958,9,0.02099452931621666
1598,0.24742856681023234,0.025458282998347737,9,0.021653353066675853
1599,0.09143891744073948,0.28367669642759646,0,-4.854491743333548e-06
