,X1,X2,Label,f
0,0.1465320736285208,0.5914769712018302,0,-3.88789160491249e-07
1,0.25738520862886544,0.30868835958281715,0,-1.5733738206421335e-05
2,0.009916072517381113,0.1506194688653015,0,-8.041658941118177e-06
3,0.11939941137463243,0.1468358271682991,0,-1.4307155533837429e-05
4,0.13269987223841076,0.29107188589099814,0,-6.768919452534464e-06
5,0.1941442441262012,0.08514725323786813,0,0.00199606555831893
6,0.11282072668772869,0.22332954405467448,0,-1.0624166888368918e-05
7,0.003495841284194972,0.33535020956414646,0,-1.2067582654451693e-06
8,0.10135883014012573,0.3673455245085184,0,-2.3281842281822658e-06
9,0.051372679844692244,0.31388367785670596,0,-2.412088328877502e-06
10,0.025588184468735353,0.16655591810788745,0,-8.020038876837243e-06
11,0.11789021767406951,0.35829901571770334,0,-3.0047687456235577e-06
12,0.2259426896669796,0.17440117505599087,0,0.00018192240380832345
13,0.15666716873638953,0.1465996683450362,0,1.1695971816292023e-05
14,0.2116459506509133,0.09807534735181453,1,0.0022573276872892645
15,0.2214279030229085,0.4419694446867635,0,-3.655689293226772e-06
16,0.09357833644042411,0.35651978388745104,0,-2.400367088142712e-06
17,0.17038219739239235,0.49708727411543613,0,-1.2676036531397136e-06
18,0.2873092245327918,0.04776737714532808,7,0.016773707439550322
19,0.2240874539359035,0.509303131907482,0,-1.917068868927904e-06
20,0.08819598855450136,0.24432650370875608,0,-6.9231983393749926e-06
21,0.1840172468577003,0.2089111023098711,0,-1.3914659512754197e-05
22,0.08495654723122566,0.23004629527884365,0,-7.703483099782184e-06
23,0.17453060707114457,0.4850081935017961,0,-1.4907423033930083e-06
24,0.28108203714297164,0.30542977231849755,0,-1.4078111213762998e-05
25,0.0373125681853188,0.4204560869578132,0,-7.223263626444197e-07
26,0.008408518701178647,0.5253411484666356,0,-1.8960152231601904e-07
27,0.327319988733354,0.035908018560915564,8,0.01779645108279677
28,0.2535416060972356,0.41940685507208714,0,-6.275133502293203e-06
29,0.1334791604513799,0.37200153113375606,0,-3.0610679505600847e-06
30,0.2561312709596247,0.4238082349010371,0,-6.164347544333115e-06
31,0.12060394137016354,0.2820551868177623,0,-6.570077706455679e-06
32,0.32199017396584617,0.39810837175668407,0,-1.3947738888226945e-05
33,0.03634081520614352,0.16763633317723883,0,-8.789519190090758e-06
34,0.3070141915388225,0.4184445308573772,0,-1.0496232277316092e-05
35,0.24377530096663297,0.32025810091944845,0,-1.3923724076213762e-05
36,0.26501880907105946,0.10589217369051344,3,0.006704016705204632
37,0.2939427735846176,0.35577450100695146,0,-1.5163409421494996e-05
38,0.03261099321750488,0.4369845918199356,0,-5.841961886919614e-07
39,0.3454612673205855,0.5593017581457256,0,-3.895553718033052e-06
40,0.3403524090695494,0.5611492628964913,0,-3.6355816649208196e-06
41,0.23134181334206483,0.46910351962105196,0,-3.0785307716438354e-06
42,0.005105227232772602,0.12355032574901254,0,-9.90474185157237e-06
43,0.12653662876244753,0.1950538614715772,0,-1.4641152382131352e-05
44,0.3469748137793927,0.004929506481936974,9,0.02920465119886014
45,0.20748287888111752,0.5813396710002368,0,-7.906192277916444e-07
46,0.20029158966163865,0.27589128514057987,0,-1.4011231235651426e-05
47,0.2638858103296582,0.43133728304757113,0,-6.176780882437792e-06
48,0.006124562665176336,0.2381328380153346,0,-3.272210851005578e-06
49,0.1274415764469307,0.5844566284352194,0,-3.4468297007268365e-07
50,0.23967439298584073,0.5231187579066934,0,-1.9506647218605677e-06
51,0.3335206794008943,0.3017929835557871,0,5.6719743503175195e-05
52,0.21034828403315708,0.10390554862438384,0,0.0017548959197631123
53,0.16798857351406593,0.2524992629654704,0,-1.3161372597852553e-05
54,0.054195715551251966,0.5934155903457723,0,-1.5164681883979847e-07
55,0.07560572984318567,0.09138845657815865,0,-1.0826921754481893e-05
56,0.006249337300215579,0.5017438831310922,0,-2.3493869232398412e-07
57,0.20030218055259597,0.12729183696566163,0,0.00048300966342473654
58,0.18352552652667578,0.15533561902655518,0,5.4147295674914316e-05
59,0.15432256586221196,0.527360277172427,0,-7.978472339366597e-07
60,0.00811794072719057,0.27013874219755346,0,-2.4251283964404706e-06
61,0.24741163702174507,0.2554497013558363,0,-7.680494758363462e-06
62,0.1848824154125145,0.3293699806244665,0,-7.73449225752147e-06
63,0.23097383369664568,0.3267408940210741,0,-1.203330524370926e-05
64,0.16592594058392504,0.5119790607312462,0,-1.0447437039131565e-06
65,0.0916061174079796,0.5333835459984232,0,-4.016127112615935e-07
66,0.05785760999764233,0.42640475310652054,0,-8.356326154465057e-07
67,0.3386590447382492,0.481726260606427,0,-7.810217415473557e-06
68,0.14439498702672904,0.2795673591228848,0,-8.460114633846413e-06
69,0.038055164342432335,0.17016811210288166,0,-8.721978551084372e-06
70,0.09914557206128632,0.4733497689232718,0,-7.892485955268598e-07
71,0.12317534501277679,0.3167039448181619,0,-4.790372925590411e-06
72,0.13782093575296864,0.10542231313845975,0,7.226076487764012e-05
73,0.02562641011726297,0.2135903005842051,0,-5.068701680124553e-06
74,0.09369955811953032,0.02281557078093763,0,0.0004854121719343174
75,0.34630560923971754,0.5754985791958774,0,-3.3434016321946325e-06
76,0.24075565718071879,0.3526511926655642,0,-1.0469118358660406e-05
77,0.04868730950102787,0.3634916329783327,0,-1.4303249184342936e-06
78,0.009258233891709971,0.23314297621156616,0,-3.5480791048952346e-06
79,0.315617400999179,0.07848233494343401,5,0.011587946792542544
80,0.07582442282107758,0.26964192898590994,0,-4.7801954071456816e-06
81,0.10826117595813908,0.3966595557019656,0,-1.8608781406924744e-06
82,0.02682093383921533,0.0477011606365985,0,-1.2606138140622951e-05
83,0.22279450599649359,0.3111771512684163,0,-1.2769236057919181e-05
84,0.2960068068427665,0.5300663583539925,0,-3.189412865136508e-06
85,0.33831620124351597,0.4452557856759915,0,-1.0913412064426457e-05
86,0.17474275721641058,0.019103966389715166,4,0.010086093977501197
87,0.02447794501802304,0.39046600759185834,0,-8.576249931791684e-07
88,0.21751228408420095,0.22222687147144662,0,-5.235458886019343e-06
89,0.17576105570266135,0.2634853236286971,0,-1.2843085385486439e-05
90,0.2806239439849599,0.46887440309231954,0,-5.0303728090203645e-06
91,0.07171416754862178,0.12817058348383278,0,-1.5469122055178167e-05
92,0.1955104546538896,0.15047577591142708,0,0.00013661938946851252
93,0.28073583398391727,0.10270681443045312,3,0.008536721738590904
94,0.05832309593925671,0.10955276406721183,0,-1.567795418553859e-05
95,0.03553558546729853,0.2754332130451701,0,-3.023598467175413e-06
96,0.18911268370739262,0.0725673024587122,1,0.002653504252837474
97,0.18135194869093108,0.11737071485298786,0,0.00033465782060531604
98,0.029860732447927866,0.2782388231991565,0,-2.778407892151083e-06
99,0.2593828857572881,0.1435106733024158,0,0.0021364068480746535
100,0.29520841618458754,0.13319940174056452,2,0.005890335439692739
101,0.20190854981197895,0.4189253030594727,0,-3.787823994777833e-06
102,0.2056213823971959,0.3804377477556293,0,-5.753707789931345e-06
103,0.322109840598703,0.2201423301619093,0,0.0011363857409110026
104,0.14188811361984127,0.4700617995279041,0,-1.2497236988842095e-06
105,0.21833974287614055,0.23102169262196892,0,-9.963844860663728e-06
106,0.18114254381536146,0.1898813718825728,0,-7.645602188582474e-06
107,0.07977091126260719,0.2348136219989317,0,-6.997627578333802e-06
108,0.03981695768987153,0.418614022929218,0,-7.543910218969283e-07
109,0.13580447049709432,0.5974624527711166,0,-3.29006477190894e-07
110,0.1732607921713816,0.19415139533154605,0,-1.2872299895930216e-05
111,0.18276863226938606,0.18013154291143343,0,1.6738735723552694e-06
112,0.28280224223041245,0.003643825416425228,9,0.030494360497830143
113,0.3098707488203021,0.14070535877751503,2,0.006028138920541199
114,0.27670987370529837,0.5351563964522859,0,-2.5017932693632513e-06
115,0.34413287733741804,0.41143336468950303,0,-1.4738504276645486e-05
116,0.21008228642380491,0.4471733691215904,0,-3.1005997620230196e-06
117,0.11265455255602991,0.3834502735490181,0,-2.218598651440839e-06
118,0.11216624303960078,0.5407719197774858,0,-4.5802310639936297e-07
119,0.33787537788204797,0.3286770439410132,0,6.750314732961712e-06
120,0.05731126445035518,0.1740755968050704,0,-1.0051602467916173e-05
121,0.06898814648176524,0.07480131459839676,0,-5.169519475014971e-06
122,0.0783493394706837,0.08036436713189059,0,-2.122706528103611e-06
123,0.10861511694140646,0.4631054020419576,0,-9.610883720772665e-07
124,0.2737905996274029,0.10376697518848976,3,0.007846576628929541
125,0.20759542273582357,0.5584935845194257,0,-9.94608506112345e-07
126,0.34089591468627745,0.3577896256340258,0,-1.2361831273760314e-05
127,0.23817518898773193,0.29759197011994426,0,-1.5319073560214323e-05
128,0.04212302580687699,0.12375910188339513,0,-1.3457617015700543e-05
129,0.3191434551369479,0.34274763619740295,0,-1.4060395124957895e-05
130,0.23043347964552693,0.032905731071654155,8,0.017798360114124213
131,0.3164168653335871,0.5278001351780356,0,-3.995149421481933e-06
132,0.20679779662700487,0.3640400938019837,0,-6.833703898248894e-06
133,0.24040361025922521,0.13034336246841485,0,0.0018557133189980551
134,0.22633382658275664,0.44566668297505774,0,-3.699549734731905e-06
135,0.05169169234827875,0.028702150338676756,0,4.126701443509793e-05
136,0.10433325657889247,0.2747921228155643,0,-6.01702887563714e-06
137,0.0775625433521537,0.3360652913880438,0,-2.5097446806409902e-06
138,0.3062260875728023,0.2089812825709027,0,0.001011654601264949
139,0.056356124724008715,0.5078364428455235,0,-3.6463820703333e-07
140,0.28346169007852573,0.27561967898660267,0,6.24647304523109e-06
141,0.20699345653224466,0.32119090766979663,0,-1.0262423071030357e-05
142,0.16360992224989052,0.02657812493982927,2,0.005825185383771575
143,0.08064888802773677,0.1652786865058211,0,-1.3161974126460527e-05
144,0.03052186925978476,0.3551337172995852,0,-1.2970089606451546e-06
145,0.039602993338866646,0.42342665414852515,0,-7.174115120150365e-07
146,0.008832780550227924,0.20326980897974464,0,-4.754853203251531e-06
147,0.016090587221761533,0.5171675886644233,0,-2.2216022834655194e-07
148,0.33730544493090636,0.06691164793111705,5,0.011859591418627406
149,0.08121143195033856,0.5382431854146138,0,-3.448417008311367e-07
150,0.12575500619827173,0.23811971562752085,0,-1.0447889660815558e-05
151,0.21857639396531825,0.13696936300377113,0,0.0006702265550407523
152,0.2751592935013406,0.5496903483005877,0,-2.130644786149654e-06
153,0.2936355327686951,0.04931269080498439,7,0.01633460589852017
154,0.07875864215850552,0.3225289710640053,0,-2.907360332855082e-06
155,0.10370277983372103,0.4399531547936067,0,-1.153446421871651e-06
156,0.33860585551084443,0.10419907783564457,3,0.008664574225113878
157,0.14979146976776397,0.3082299846730476,0,-6.762436805674678e-06
158,0.2478022162116781,0.34328714404363586,0,-1.2057579857504033e-05
159,0.19133199984768356,0.25901818546383365,0,-1.4707291399600726e-05
160,0.24245541122452383,0.06957241026530388,4,0.010309066905864188
161,0.33654002519861137,0.2977976297742689,0,8.39606872137325e-05
162,0.042106948154088775,0.21218801431120568,0,-6.044700597672127e-06
163,0.2233838101529925,0.5935590101304247,0,-8.200209216607029e-07
164,0.1613283312903266,0.32040816897087837,0,-6.718843354141144e-06
165,0.28651002387964625,0.49138677447212803,0,-4.265369026516636e-06
166,0.08063438389846254,0.09579261500140498,0,-1.0570551960398332e-05
167,0.005028722723829237,0.35927250841909764,0,-9.646908638112586e-07
168,0.31821218205021373,0.4221402191701925,0,-1.1209601018291347e-05
169,0.0044474503949846304,0.31119442030396355,0,-1.5510735628790295e-06
170,0.21321869975937355,0.268927789893997,0,-1.552782656945701e-05
171,0.11225218758464578,0.2605812329710066,0,-7.463755256813739e-06
172,0.28198798006493336,0.5364739807585258,0,-2.6023555640075246e-06
173,0.20078607505522714,0.5822782504345477,0,-7.325984140883841e-07
174,0.29610233361076377,0.4211367147710007,0,-9.273374732935003e-06
175,0.335498624900503,0.5027460710181124,0,-6.176965302582247e-06
176,0.10474180504889002,0.10146266103235595,0,3.113209039465376e-06
177,0.07787050697744292,0.5939918637364532,0,-1.90995332023891e-07
178,0.24256809794498455,0.4422091723707702,0,-4.497788530859516e-06
179,0.32163767779422453,0.13509715219466803,3,0.006925137444761791
180,0.17070291562407272,0.5502815306946779,0,-7.471371752954169e-07
181,0.30945767825148235,0.34716408683468897,0,-1.575485832825712e-05
182,0.07545800781655242,0.022908300192979267,0,0.000212797887449814
183,0.04495229570165793,0.18118413793898303,0,-8.388153356797445e-06
184,0.002144126217931025,0.12675016877763529,0,-9.35950766600397e-06
185,0.22234538068373647,0.5130975232409173,0,-1.813957354553641e-06
186,0.024155955000624868,0.02642662783341505,0,-2.1801127776955794e-06
187,0.2598002128791137,0.4161320794979419,0,-6.885846125877975e-06
188,0.13778386362243214,0.3659304130434819,0,-3.3944906996633116e-06
189,0.23502361498457405,0.17630919909256046,0,0.0002502072301661971
190,0.1825143477046495,0.34479894034449693,0,-6.509257465123806e-06
191,0.2096435637831348,0.010304201707586457,9,0.02229890479214641
192,0.19746229440242477,0.32295937289609983,0,-9.255132260660305e-06
193,0.10990380387016836,0.31284344713977447,0,-4.3643235871757475e-06
194,0.12442318489271752,0.3783285914785664,0,-2.625798492449099e-06
195,0.10118771686369285,0.14091034559055984,0,-1.5630529159057834e-05
196,0.1526852741668161,0.002052427974722848,4,0.009531999066507528
197,0.28617972111491435,0.12510484578359374,2,0.006126459880102561
198,0.06714498266042651,0.4098801333630802,0,-1.0815694891757586e-06
199,0.14295342761816116,0.146739026751279,0,-3.967387626228606e-06
200,0.31757813591079354,0.24411559090610696,0,0.00041205472502723776
201,0.0739685488470343,0.07954384155814483,0,-5.010218771340952e-06
202,0.11829224970107764,0.07076802938839451,0,0.000163426017896554
203,0.3168628209021366,0.23098197980692173,0,0.0006605283811800427
204,0.31783571922257026,0.2186409568627737,0,0.0010491254069929729
205,0.26098347662949245,0.16585665887909998,0,0.0010420262750140336
206,0.29495723922948525,0.06537688382046052,6,0.013755177085141727
207,0.06336552385835538,0.2175063345341521,0,-7.060781146407585e-06
208,0.27907357044797476,0.22074001855303038,0,0.00023276040169779418
209,0.34422785947617385,0.1924940934035389,1,0.0036507927481700428
210,0.10670453361630082,0.23860170976111297,0,-8.731508936674801e-06
211,0.06631935688400557,0.5614846435704844,0,-2.3555540526751054e-07
212,0.22206416162573275,0.24774429503471596,0,-1.4173435537881107e-05
213,0.19321017902738624,0.42486220356855103,0,-3.274534015646233e-06
214,0.1382851127855481,0.49193123219419715,0,-9.688020230884114e-07
215,0.24884950399397837,0.5021034379659309,0,-2.636586704314518e-06
216,0.06940570929111539,0.11287144913206583,0,-1.5734508030768795e-05
217,0.07539406031858878,0.085714182709474,0,-8.127755501185924e-06
218,0.061117459856557754,0.48460306130677777,0,-4.824069544715686e-07
219,0.2894042786015841,0.19351243684598513,0,0.001005056546703163
220,0.030478932627873743,0.5160099385082011,0,-2.594857530906037e-07
221,0.09224472595791401,0.28972466856745627,0,-4.6086199245120425e-06
222,0.31352052228138316,0.2730248586391875,0,9.509804412926714e-05
223,0.26449457875980215,0.33254293071325586,0,-1.4675993840624871e-05
224,0.20968382479314632,0.10697319562439518,0,0.0015326622686112413
225,0.17058851315814766,0.4454698096068694,0,-2.127793335872033e-06
226,0.31667769875356216,0.5468452854728116,0,-3.3137795482337255e-06
227,0.34160807439816937,0.2942827380338708,0,0.00012856427249564826
228,0.04222854454202171,0.5658875997492676,0,-1.772031238437657e-07
229,0.04223414045549875,0.3098831438903031,0,-2.2916681860967117e-06
230,0.3011405052132066,0.3605550514935278,0,-1.533095936932226e-05
231,0.20280063633687076,0.45580756544673384,0,-2.645687504393869e-06
232,0.10662179640792979,0.4537983996852691,0,-1.0340333810177587e-06
233,0.01723830237898777,0.43659314976606173,0,-5.030028311052106e-07
234,0.32059852843625547,0.5111851268857122,0,-4.910130251484815e-06
235,0.18605954399719168,0.3901932512832608,0,-4.306913214043295e-06
236,0.2744405764773704,0.16698859126137477,0,0.0015515228685257707
237,0.29209123774877527,0.09526723509828265,4,0.010026708765095007
238,0.05348573624689615,0.014027103061809654,0,0.00011112680095063685
239,0.1074392729539714,0.22340842058289653,0,-1.0117370447054974e-05
240,0.11892777809336924,0.5241328972709147,0,-5.7871756368249e-07
241,0.3343168230578278,0.4822307097182901,0,-7.455475917446281e-06
242,0.032799285933606266,0.49093590509520496,0,-3.4125009166273083e-07
243,0.024156226003466202,0.38437098602283476,0,-9.085952821514886e-07
244,0.10466415731840248,0.040512528127677534,0,0.00035821815988747055
245,0.1875541396546201,0.40580242497405866,0,-3.7427718520150873e-06
246,0.14882603967621189,0.3858360750817844,0,-3.10677205701335e-06
247,0.18777045149731766,0.4722616393459657,0,-1.9323750896677623e-06
248,0.20705626333131721,0.10000940610690894,0,0.0018069781931600573
249,0.21072712894243903,0.5405793806451922,0,-1.2274425042118477e-06
250,0.058196786303697505,0.4236275352010179,0,-8.62078803465721e-07
251,0.24051720038592658,0.09200869170672188,2,0.005967555434863365
252,0.042410262185822986,0.11174496233255989,0,-1.4578352996490308e-05
253,0.056202509822550505,0.46155450591337355,0,-5.783493745700101e-07
254,0.23292915591826083,0.16632289824770036,0,0.00035392224805610566
255,0.22962638863536586,0.15489392308349445,0,0.0004993263656235128
256,0.34670906936776336,0.08432067413761783,4,0.009656875533616549
257,0.2298821338980212,0.30424694172852373,0,-1.4121976121047497e-05
258,0.24897588993850814,0.5792535065866514,0,-1.2213074237088035e-06
259,0.3466490123141398,0.4751924510172021,0,-8.961883631976984e-06
260,0.07487727544455994,0.012188212857476422,0,0.00034059147945915327
261,0.3436214971512092,0.20784783662079623,1,0.002667982226018006
262,0.2286190679834568,0.06120586951365903,4,0.010082393621666724
263,0.3486190754864022,0.0849357736778789,4,0.009511523247740053
264,0.15719316659972662,0.015817767749946053,3,0.006896450362006282
265,0.18570906145893673,0.5406676150052029,0,-9.55418929047964e-07
266,0.10316829332114469,0.4183173051482632,0,-1.4243683819621981e-06
267,0.15748773405197633,0.3346684957218064,0,-5.6268477853698934e-06
268,0.2460526982127686,0.23343838918993046,0,1.405412493167547e-05
269,0.32848235785287466,0.21782598714527082,0,0.0014639753256551731
270,0.3207078794688124,0.2126211357593558,0,0.0013863519310116023
271,0.24001202848032305,0.5033158158606099,0,-2.3853434336006846e-06
272,0.2937689700380155,0.1327623724162303,2,0.005835182212747242
273,0.22589700542294358,0.022363330610269648,9,0.020547178099233794
274,0.2448369565253304,0.19433407438103334,0,0.00016971055345291455
275,0.08793139741098853,0.20066986679253795,0,-1.041881376092843e-05
276,0.10480030304526178,0.05938340990707629,0,0.00014822264490929268
277,0.0277287521993445,0.29184979924018384,0,-2.3742759833138084e-06
278,0.2235714070054464,0.3029202174379679,0,-1.3654356609712863e-05
279,0.18345489525758385,0.5926354743320665,0,-5.556039941915687e-07
280,0.06088467475907095,0.4307601987708358,0,-8.245754975032289e-07
281,0.07696846226382607,0.34069380548838324,0,-2.38220634269993e-06
282,0.24274038399953388,0.3808760699171743,0,-8.208312882233363e-06
283,0.07579923105489243,0.1341491239015648,0,-1.536683997270938e-05
284,0.2179855638173258,0.3005703018519387,0,-1.3341907652076928e-05
285,0.2920876111755575,0.5898595316853014,0,-1.688507332850611e-06
286,0.30782476243157925,0.4800365706119349,0,-5.887977570015329e-06
287,0.08161155179753948,0.01821358848856589,0,0.0003505906155830262
288,0.10469864811600046,0.35591849445249596,0,-2.6979919020994056e-06
289,0.2561539125377019,0.24707757646229803,0,8.461629494061226e-06
290,0.014695416206116545,0.5162817772067437,0,-2.210347623401747e-07
291,0.2727781268771269,0.25293753857026907,0,2.712782179675015e-05
292,0.334722936830311,0.010326309523197307,9,0.026573270642069678
293,0.17110908579712408,0.4607575004367831,0,-1.8358723108171528e-06
294,0.05215511153833825,0.059913145594575945,0,-6.483297770156372e-06
295,0.011915575743462175,0.404755391645889,0,-6.557605275837766e-07
296,0.10777061994526568,0.20528118719101987,0,-1.1883657676395468e-05
297,0.03359140366580263,0.0913199559973185,0,-1.5401318891010766e-05
298,0.15168172146453496,0.44381183989568607,0,-1.7915070512073242e-06
299,0.07052597616573615,0.1384884590133482,0,-1.468954900418776e-05
300,0.2514451784306444,0.2265469447528169,0,4.072262582861094e-05
301,0.26409110234373095,0.5060750075004902,0,-2.9493800050603446e-06
302,0.19029580996288886,0.4585252111649075,0,-2.27315218919417e-06
303,0.035746231065129,0.3620216547528205,0,-1.2755384109311343e-06
304,0.1655749214367559,0.3042848986114192,0,-8.177224580411401e-06
305,0.03968638258255142,0.09645546143815355,0,-1.5452340260061897e-05
306,0.3120435316414675,0.0974617343993863,4,0.009910449096314094
307,0.32122153444935225,0.5909532535924676,0,-2.23275306899343e-06
308,0.16510111709885028,0.5350001442593365,0,-8.231377207945008e-07
309,0.10302490114716202,0.29237139275083923,0,-4.9945799712707125e-06
310,0.08051464044133874,0.28384777893947694,0,-4.349246359735707e-06
311,0.2531941022080556,0.5502225125306103,0,-1.70258419815323e-06
312,0.14374272447957548,0.511318090156479,0,-8.427764929380411e-07
313,0.2881486580596869,0.15755208537623158,1,0.0029945339609180515
314,0.2138063610159021,0.2402427222668841,0,-1.4299730905044645e-05
315,0.31940513096444595,0.5692586506841348,0,-2.7229356337711297e-06
316,0.035174118768108706,0.027968079221829534,0,8.54928753885782e-06
317,0.33523160938691093,0.3163776355760034,0,2.252674365517306e-05
318,0.32662303739855664,0.11835286489562308,3,0.008122618702050218
319,0.03301087865001348,0.5117945632089035,0,-2.7759021515394466e-07
320,0.14650854038924183,0.4335668014804712,0,-1.8848196567685751e-06
321,0.1552150319959524,0.1369223019487659,0,2.7266985351961072e-05
322,0.0785837717615292,0.02352243327679073,0,0.00023935381122724246
323,0.3303741378772358,0.42315316716041057,0,-1.2306785633290911e-05
324,0.16095940689738836,0.05824955448333022,0,0.0016784276649118976
325,0.22451558604920213,0.2990552284149656,0,-1.410647516917321e-05
326,0.033015731855689956,0.23006958398758318,0,-4.63182523435742e-06
327,0.11813584218127376,0.4526472843241973,0,-1.1734267287227826e-06
328,0.2548049312595449,0.19246443328791196,0,0.0002864508274318154
329,0.21979320094084262,0.31375954773789283,0,-1.2214508177384793e-05
330,0.19129407366197781,0.27620733851089285,0,-1.3118049588099652e-05
331,0.13243344376525593,0.5495323524673652,0,-5.137246666002123e-07
332,0.1278870933916428,0.5519631239873154,0,-4.791377671063073e-07
333,0.21423607148250126,0.2519122565983531,0,-1.5620897409503225e-05
334,0.15435576435714998,0.08102510592529177,0,0.000514659231766033
335,0.16815464797954835,0.48883601308055263,0,-1.3463341284133634e-06
336,0.22381077954248305,0.17929575680575874,0,0.00012964088152770582
337,0.01096934587367629,0.4750242249070495,0,-3.2171577542600365e-07
338,0.2994873872677556,0.4570418684259267,0,-6.79730608679585e-06
339,0.02940062311197258,0.316168565347905,0,-1.893420183054557e-06
340,0.05151506881660789,0.16617268764542428,0,-1.0245578162199405e-05
341,0.3153231091377281,0.12755708211947173,3,0.007393930825594452
342,0.33006234799770473,0.5545425883351067,0,-3.5056735740573266e-06
343,0.20839295947318856,0.564643268283627,0,-9.427735366418134e-07
344,0.2238003425232367,0.21568210077583377,0,7.759430640099592e-06
345,0.18470557760176254,0.19811830195806857,0,-1.0134993743423636e-05
346,0.10871083125934347,0.3044706570268248,0,-4.68670890507217e-06
347,0.1991623878139703,0.08388104367841624,1,0.0024742997592503467
348,0.18909355230768496,0.4525661992257125,0,-2.3838109079892072e-06
349,0.339777638120605,0.4720751941985266,0,-8.652843472443267e-06
350,0.3451442590266648,0.0855571557114319,4,0.009635931943531944
351,0.02865426245956494,0.24169590680894285,0,-3.951747989802229e-06
352,0.0797387682892424,0.42012678279647403,0,-1.1070698530663354e-06
353,0.15265967615546044,0.11639704653210985,0,8.91308620848605e-05
354,0.2047718919238335,0.3828099235520707,0,-5.5741402932869655e-06
355,0.2019642552202944,0.055492734298604816,3,0.006772473884725055
356,0.027850440151644704,0.5514582008418456,0,-1.7732229487428834e-07
357,0.29309608597667264,0.46283793801542084,0,-6.034966244680147e-06
358,0.03585674671969877,0.2846017636592006,0,-2.7680562656790154e-06
359,0.21411846296609516,0.48672471084070007,0,-2.1748873662581247e-06
360,0.14402409326690593,0.2695626053795032,0,-9.261073049901423e-06
361,0.3404038124640839,0.5587408577559678,0,-3.725678106933837e-06
362,0.1495924850003644,0.028332504593446647,1,0.0034581671625337385
363,0.24566852994606725,0.2630016545061308,0,-1.2000549324219949e-05
364,0.28087088417834843,0.1439933499375516,1,0.0036498043894919057
365,0.0005413699964490092,0.24908862771115203,0,-2.7745944124858824e-06
366,0.09646724042569133,0.13021643194445376,0,-1.51866835477446e-05
367,0.2813502198617808,0.325432673366328,0,-1.5873799520205645e-05
368,0.29591756024686433,0.07086446627108596,5,0.012998933721515055
369,0.27446737878426075,0.592545557747615,0,-1.3789396761296314e-06
370,0.21578282597381718,0.256481168175958,0,-1.5754851444679527e-05
371,0.20184568883563914,0.53970973487351,0,-1.1331558681561956e-06
372,0.10383974985177832,0.3598825457851578,0,-2.571182428260872e-06
373,0.20009140838302197,0.21276966022698035,0,-9.865327214243161e-06
374,0.2966079921790346,0.20836161720310506,0,0.0007517560659462123
375,0.27162555268799976,0.47732882230719476,0,-4.232093535778858e-06
376,0.3369540582351987,0.033277295914264204,8,0.018059062925823835
377,0.04750140337255483,0.574317996692287,0,-1.716850786850126e-07
378,0.22516764857051602,0.5514246956947038,0,-1.2720021276790045e-06
379,0.3044911502596647,0.2740326892881931,0,5.4691177836808195e-05
380,0.1010859696696535,0.17595615071605014,0,-1.4088411466408444e-05
381,0.2910084505768812,0.34138242860030915,0,-1.578237762071044e-05
382,0.0007047090611100093,0.4642304741101151,0,-3.234563624997083e-07
383,0.04886770272465573,0.22807049646246086,0,-5.525330133094823e-06
384,0.1293523157752538,0.13100322118274157,0,-2.077047988731796e-06
385,0.1277584826200183,0.5880803793864802,0,-3.3347036543270756e-07
386,0.1844328947731963,0.01676386189268886,6,0.013410336331509983
387,0.033895415522399996,0.03759163166419741,0,-3.4230230810027777e-06
388,0.06535865904830782,0.12122149085226894,0,-1.549826857514652e-05
389,0.11378176941030525,0.22126324485754287,0,-1.0911571119938584e-05
390,0.14904597885878001,0.3291767232381755,0,-5.4664403325828e-06
391,0.10018201446572846,0.44487343120161676,0,-1.060146899915428e-06
392,0.3096775275629288,0.3902775065834981,0,-1.3519450785884309e-05
393,0.33951790437169566,0.3416435507827216,0,-4.664641102235274e-06
394,0.11398737787550277,0.4572203435219038,0,-1.0755047638014149e-06
395,0.05404745908955398,0.2338678529769286,0,-5.491413529222204e-06
396,0.287339913511723,0.5418322227616135,0,-2.6018549511877395e-06
397,0.349722258026464,0.2316526628285332,0,0.0016820912764527358
398,0.06969956599766675,0.3154958517344532,0,-2.8495201690960127e-06
399,0.1258842948985143,0.28866519127710477,0,-6.484721408458853e-06
400,0.06092184578976766,0.07267388054601943,0,-8.885927946293255e-06
401,0.00033585008484589003,0.33713453296658047,0,-1.1485877827159536e-06
402,0.0546627885700883,0.14533407664994114,0,-1.256890754495462e-05
403,0.1907471264477377,0.05538361440599273,2,0.005020844677048551
404,0.2763414188579043,0.012902190002545954,9,0.026448253611920332
405,0.0014034834987795286,0.41051496165372553,0,-5.573487110576083e-07
406,0.17496235301249063,0.13218950510094082,0,0.00012393660249677768
407,0.2323825360277109,0.36365068170947396,0,-8.761948401296217e-06
408,0.058033527507533565,0.5239758017880735,0,-3.1553491004070527e-07
409,0.09872055772544779,0.34159432261644906,0,-2.9326394527667415e-06
410,0.13619951952653256,0.01767143658871004,1,0.0032123948731963238
411,0.21271202682457507,0.5572171481446628,0,-1.0601512881274733e-06
412,0.19563926941527826,0.037523179407691384,4,0.009726470549850262
413,0.10875150075248306,0.5518669911105732,0,-3.9618311834635556e-07
414,0.14047534247812682,0.22195538402028953,0,-1.3460796478093596e-05
415,0.19251396989149852,0.4322784949375021,0,-3.0200925322513944e-06
416,0.07283563479150544,0.2155870048517291,0,-7.879656326962581e-06
417,0.032924676359790385,0.5950282645326365,0,-1.2065821527724617e-07
418,0.0332962460081823,0.19401111715249753,0,-6.625754436827663e-06
419,0.1771595315312642,0.3372937580222955,0,-6.6480475451829436e-06
420,0.1555515258457902,0.5580913262845189,0,-5.940189123605903e-07
421,0.2578477224831728,0.16300265529477515,0,0.0010382532510226198
422,0.0885403283081457,0.2432362899238995,0,-7.020319702404219e-06
423,0.27204339392462495,0.29760398557595696,0,-1.4292896997615645e-05
424,0.06438343412469061,0.303378859791461,0,-3.0498330485338222e-06
425,0.34046463810038724,0.294178462438925,0,0.00012248580497508987
426,0.03457538586166879,0.12510576690548822,0,-1.2585270382204582e-05
427,0.2726633014374176,0.5146287919960313,0,-2.949321968665848e-06
428,0.2692153367052296,0.18338811906837407,0,0.000725560198528609
429,0.287521668980415,0.25817844973738074,0,5.21831342086503e-05
430,0.34019460004761304,0.15256995729079667,2,0.006017579453235614
431,0.10769010549767352,0.2550254605705228,0,-7.536162754054315e-06
432,0.06960157251996588,0.30904062309581093,0,-3.036151582923192e-06
433,0.304767591370547,0.13599023045647843,2,0.006205962825243427
434,0.015705519551904096,0.5346759333844587,0,-1.8576294289236726e-07
435,0.24335426069790503,0.5713887034629455,0,-1.2491458831261843e-06
436,0.08978583706799718,0.585704673640364,0,-2.3371844745300697e-07
437,0.0774937906892216,0.5740348020639555,0,-2.3230511007802462e-07
438,0.006304653322735104,0.49817219814818947,0,-2.4361608257422786e-07
439,0.3470843367954243,0.16928730481844526,2,0.005160375701941903
440,0.0971414269518007,0.41620130560561686,0,-1.3698717514380815e-06
441,0.24495950498587948,0.3555793608194725,0,-1.058791674328502e-05
442,0.057621451162992075,0.2522338753876925,0,-4.743863962836939e-06
443,0.3185775431318783,0.15073890263267484,2,0.005565333643063846
444,0.19925573754836018,0.3543848018794805,0,-6.9766945383117834e-06
445,0.10511067295414542,0.37893695665944893,0,-2.1526779238829076e-06
446,0.10156471442923225,0.0034990791928755315,0,0.0015109172901296372
447,0.09658396259165658,0.44370117712809815,0,-1.0347951892012938e-06
448,0.29720980967343397,0.2233906297428382,0,0.0004331429978191572
449,0.09010983151722579,0.5533350025586554,0,-3.2409556920260956e-07
450,0.33760220159036913,0.4154936068318084,0,-1.377649601133085e-05
451,0.07311438446750339,0.2067239432068334,0,-8.595872545536838e-06
452,0.22861434625434102,0.014954975599173958,9,0.02354409727971029
453,0.10588626670830957,0.24075937253875648,0,-8.489653830611339e-06
454,0.22323669066771634,0.14833763581065135,0,0.0005072105717493041
455,0.29574765264056047,0.17013344701384905,1,0.0025330599409212813
456,0.06929122026072415,0.19659243802259274,0,-9.120878985907352e-06
457,0.2939622245761626,0.4526789071887075,0,-6.721839348303248e-06
458,0.06351609102956467,0.27785744796808165,0,-3.899275803411218e-06
459,0.19500666509703493,0.10171790646007803,0,0.0011016349277223401
460,0.24672021777562259,0.5417467887559433,0,-1.737227098700164e-06
461,0.21834301361143765,0.4466510391893388,0,-3.3837498237408285e-06
462,0.344919649259419,0.544156334456944,0,-4.503703418069532e-06
463,0.0659539613330874,0.5847977170777768,0,-1.8589306581958787e-07
464,0.20521024332966678,0.5873925187786061,0,-7.275034821507091e-07
465,0.21134964824485764,0.10539116863342761,0,0.0017204543049124303
466,0.1448179548633592,0.27206037315026915,0,-9.11515116729978e-06
467,0.21816181725439943,0.1089585041158443,0,0.0019036078701809354
468,0.12945147383164665,0.18994554756207938,0,-1.5238249563786156e-05
469,0.21064838266067654,0.09769826926269588,1,0.0022140829190453785
470,0.17052701437455345,0.540029506280765,0,-8.263329792407883e-07
471,0.032197160378378824,0.24804245823251092,0,-3.842856144782835e-06
472,0.041151760138662445,0.5118432071065446,0,-3.009594468124183e-07
473,0.13520020582645262,0.08570402491698605,0,0.0001781321295936376
474,0.040455739443618896,0.02811157944471645,0,1.6748744805100135e-05
475,0.11965605869403856,0.23927624088785665,0,-9.784804502065587e-06
476,0.2279383196855828,0.301078050696778,0,-1.4233728044031463e-05
477,0.20058848184598715,0.5749225793382785,0,-7.869531794800892e-07
478,0.04323055150406763,0.27487016055727626,0,-3.2828893789105792e-06
479,0.2810890212725907,0.07219056643754145,5,0.012805971259425154
480,0.17136309650924764,0.07164378286301847,0,0.0014695584417162557
481,0.04734416917638399,0.24406754097746883,0,-4.6462211111788905e-06
482,0.007714440883703077,0.5796110461563238,0,-1.094316764700224e-07
483,0.2821094003933339,0.27551628890917285,0,4.7148100463982295e-06
484,0.3253400182042884,0.5812900681094938,0,-2.5618149915771755e-06
485,0.31807020009412185,0.31074235326516003,0,4.866293430081802e-06
486,0.24935803786897773,0.14178490128532004,0,0.001664432750488666
487,0.28345468994527545,0.5922132161407565,0,-1.5132438383246215e-06
488,0.17074366454085937,0.21408561710054863,0,-1.5779327418555504e-05
489,0.16494078574728668,0.2542828422842957,0,-1.2684526747177591e-05
490,0.3004600249877594,0.508829329941441,0,-4.118410247428692e-06
491,0.14703273449673754,0.5033280648807772,0,-9.433466530128164e-07
492,0.07699017394694113,0.2617932657472344,0,-5.226168356766111e-06
493,0.012946118427542523,0.33360018123502616,0,-1.3496202663004881e-06
494,0.2321168410572672,0.5203525619868449,0,-1.859774852753262e-06
495,0.20854351184827105,0.45311896659434303,0,-2.877623395070767e-06
496,0.3097742609768152,0.18513795826018445,1,0.0023365406790036352
497,0.15283007738844473,0.0389065878029081,1,0.0026125869914746893
498,0.22262756562940975,0.013130497855948354,9,0.023441258664395843
499,0.18242003275110044,0.15133066303673837,0,6.477555021375917e-05
500,0.017722195422030573,0.28371389524284707,0,-2.3305795188644977e-06
501,0.24480495313018028,0.05675663564667521,6,0.013372418783087313
502,0.21234710577817187,0.5983324549970968,0,-7.002701041344839e-07
503,0.03586305991265348,0.3256408939766815,0,-1.8371723071837373e-06
504,0.11036892225970667,0.4074574324044597,0,-1.7060158237815388e-06
505,0.1924951180983983,0.058214278251344106,2,0.00481749994050407
506,0.14436290017047826,0.29224401817426676,0,-7.4918966962628336e-06
507,0.16973292170517634,0.12724714991907263,0,0.00012261795292494682
508,0.1938642837554285,0.598749619856765,0,-5.798823107195352e-07
509,0.1312638964230049,0.4912172950185665,0,-9.096912028781878e-07
510,0.061814331987499714,0.46661073517942214,0,-5.815316438870796e-07
511,0.11457537896132432,0.379434813507992,0,-2.354073282741909e-06
512,0.32811577069319264,0.5629023157339501,0,-3.1637196551028503e-06
513,0.10297826515252416,0.12664808043853346,0,-1.3469108160886871e-05
514,0.29466333193642996,0.010003283904048187,9,0.027483169261718156
515,0.24194462272950526,0.4720879979469466,0,-3.320687288744473e-06
516,0.31453853175620566,0.10520895685951268,4,0.009223344416959387
517,0.11867184030675357,0.4173405809234599,0,-1.679068645574314e-06
518,0.30254805930903766,0.33829632250499486,0,-1.5632533842852525e-05
519,0.0075242220387355665,0.21845859013159577,0,-4.036396119283399e-06
520,0.1790791701013112,0.24935574149915102,0,-1.449000007170004e-05
521,0.2861594599224941,0.14030486738367065,2,0.00443899305679899
522,0.15234722816014223,0.5782053553175722,0,-4.7050205046078895e-07
523,0.03064075138483002,0.308230283416472,0,-2.0752795245597208e-06
524,0.2177764398353027,0.16830226608874777,0,0.00016628430286996624
525,0.22190815957245338,0.17552680259427753,0,0.0001425024889164148
526,0.13896082769028076,0.02721544079628637,1,0.0024679987986358028
527,0.23066509960182838,0.5545228732361365,0,-1.3027354195752102e-06
528,0.13226921104886466,0.37096131588727904,0,-3.0559515272291094e-06
529,0.2846539208142833,0.33727643397429913,0,-1.5695747878599946e-05
530,0.10779138960396105,0.5890110893941375,0,-2.706604132186015e-07
531,0.17012409464435763,0.18661817062476707,0,-1.1379005479137652e-05
532,0.07606638063691208,0.2407380602390697,0,-6.370938319932317e-06
533,0.07689946515545358,0.04033846744129627,0,9.428251137649825e-05
534,0.3121251965805196,0.03878220319896386,8,0.01777045843111658
535,0.18179676855790536,0.16644525781139857,0,2.0476133188867546e-05
536,0.31494385611234715,0.37386561459776785,0,-1.5366143581452132e-05
537,0.07842558533689761,0.4916263501858835,0,-5.345448747250767e-07
538,0.1642014732964604,0.24569109647048365,0,-1.3456597768661982e-05
539,0.29031784327173843,0.36820042408115566,0,-1.3784762821538453e-05
540,0.03131734346280711,0.2634920626065,0,-3.2658832178927862e-06
541,0.17611907333225368,0.0541131772869631,1,0.0033310422192965165
542,0.06687938672532565,0.034598348293032384,0,7.423494613608709e-05
543,0.039360108126016875,0.3424694553578891,0,-1.6078987113373164e-06
544,0.3340617109041288,0.09904075300983876,4,0.009170588970321643
545,0.0007600155720576263,0.3688835796930669,0,-8.397147688006023e-07
546,0.24760853351209175,0.20292003315951282,0,0.0001275734299204273
547,0.1894891826983423,0.13822887128408456,0,0.0001859687595751556
548,0.17585979219747103,0.2741453281275526,0,-1.1795389317691774e-05
549,0.3285823239265855,0.16039436922741085,2,0.005224697821367872
550,0.19443661251569191,0.22534847816409279,0,-1.4972095111205748e-05
551,0.054573124420421185,0.5984159236109635,0,-1.4479538550600487e-07
552,0.061585522302330185,0.5259468634634731,0,-3.2054914127731573e-07
553,0.2067869275720611,0.4383715430801745,0,-3.2758257585225013e-06
554,0.18317692330214735,0.3332284368351732,0,-7.331013522465811e-06
555,0.046783796588708154,0.43279972473337114,0,-7.017969166750086e-07
556,0.253669066408179,0.21052911214271564,0,0.00011723007412626447
557,0.28377218464334636,0.3202888246700829,0,-1.5649402619058903e-05
558,0.17071355752377243,0.21924793579622393,0,-1.5767716587118575e-05
559,0.14094985014382563,0.24087977712784792,0,-1.1639860500151143e-05
560,0.0035703154255548207,0.39876276520127285,0,-6.405684297701442e-07
561,0.06715318262181946,0.05398490240251286,0,1.8061913392596125e-05
562,0.16443511024361723,0.40012758706247525,0,-3.146978252060955e-06
563,0.34281727007943885,0.033387265390109985,8,0.017776319806988954
564,0.13972005703533547,0.3134918793279376,0,-5.8207836982885225e-06
565,0.3138477204175903,0.5043617793677555,0,-4.914583520141978e-06
566,0.3412222978155085,0.42269373719271663,0,-1.3428277097765744e-05
567,0.17635190602399722,0.004023169270402804,7,0.015949566433870285
568,0.24304269197146242,0.3051376356783786,0,-1.5138693361245263e-05
569,0.32042334809139983,0.5627997781736799,0,-2.933730952725984e-06
570,0.29247006729767405,0.42894404036570916,0,-8.328509522174551e-06
571,0.2967757948859148,0.5763068511376024,0,-2.0258137809131385e-06
572,0.21918718310101362,0.319225226493473,0,-1.1613986199779022e-05
573,0.3276136015413261,0.2963610954667337,0,5.558919858085187e-05
574,0.3395970625263494,0.4421600810868074,0,-1.1336462767075607e-05
575,0.1966549413215685,0.2820248776989966,0,-1.307217364796014e-05
576,0.18880920095810186,0.1754947959746624,0,1.6534029055351347e-05
577,0.12273976492610772,0.5235955372537477,0,-6.044080164280506e-07
578,0.009418323820354351,0.2710348275869597,0,-2.4349084917991355e-06
579,0.27266823112799193,0.5040051580603917,0,-3.279053333479911e-06
580,0.13145797509529067,0.5554756217002035,0,-4.793924269016935e-07
581,0.32818193958191566,0.20185708343894887,1,0.0022732483630252824
582,0.04975785321199126,0.002173933964381014,0,0.00016863442898519716
583,0.32458203813228526,0.3012599892945311,0,3.29062999854596e-05
584,0.32906575575173386,0.025988613035221906,9,0.02052712644715076
585,0.2649126478665188,0.04376161930848028,8,0.017596101871429373
586,0.04404148151163691,0.10519696108344607,0,-1.5194172546074573e-05
587,0.10517478798065522,0.511325369908003,0,-5.733839423407283e-07
588,0.34708949826738417,0.31484751183216525,0,5.732331543193408e-05
589,0.12300703519836508,0.2934096715842169,0,-6.018495816846366e-06
590,0.2615563309730291,0.39048119220905564,0,-8.950641874348246e-06
591,0.1695836402469871,0.5853928531067222,0,-5.200923295825506e-07
592,0.052352015622770275,0.5122198987638424,0,-3.353180089139608e-07
593,0.214300758453468,0.11553696303374218,0,0.0013112542409956227
594,0.0650416116547728,0.40704327093292725,0,-1.089560113806311e-06
595,0.1639995816389724,0.13771226718596943,0,4.864730409721845e-05
596,0.3062623015394273,0.49950725178620137,0,-4.784484384185341e-06
597,0.3419376018107266,0.03205492393502898,8,0.0181834859056749
598,0.06440527211350024,0.07502997734670243,0,-8.274250334714403e-06
599,0.059490624822590966,0.11613012089420217,0,-1.545931143829954e-05
600,0.24083425897965763,0.4570659244734361,0,-3.8142799476757864e-06
601,0.13574549986558715,0.0601108248500567,0,0.0005775146603767121
602,0.21856197924821189,0.4999267539990926,0,-1.992492645957403e-06
603,0.06631463143478397,0.46140423355045507,0,-6.407719645922384e-07
604,0.10889412444549829,0.4156727406838549,0,-1.548553599033563e-06
605,0.2594845225396466,0.10634115770440815,2,0.006055519554667022
606,0.05234436267496251,0.41698536281545145,0,-8.689756581697634e-07
607,0.32051277250464083,0.22637589505364447,0,0.0008778089162803977
608,0.01338510175522864,0.33214047624491577,0,-1.375478275301088e-06
609,0.10821364358549743,0.02870606131843967,0,0.0006963530456275442
610,0.1459713455400797,0.21034942061230857,0,-1.4967257078807627e-05
611,0.14257772484274275,0.3802207896093083,0,-3.087554941232904e-06
612,0.2982374672307703,0.41271590684262427,0,-1.0215080617146855e-05
613,0.26001999468309467,0.5391260427257974,0,-2.0361665533114983e-06
614,0.20457627309186283,0.01933649790402292,8,0.017639056467827176
615,0.17245495439729108,0.5032338385392778,0,-1.2169718868050765e-06
616,0.06034457861892958,0.505759987563951,0,-3.874184270424756e-07
617,0.21305409340181328,0.20116983405052638,0,1.359744274164496e-05
618,0.3179537227998909,0.1420729433809709,2,0.006263910586706986
619,0.27159204174743234,0.3029628906251629,0,-1.5178348943574948e-05
620,0.10520441449099835,0.3858918845088624,0,-2.010037836877782e-06
621,0.19377214153019875,0.508096092356103,0,-1.434013027732288e-06
622,0.1913699392306344,0.3682435687012409,0,-5.6400703156306546e-06
623,0.2664085522658989,0.10195893954878132,3,0.007417197741570825
624,0.2569906005647808,0.0063764146138724385,9,0.0288546878207256
625,0.01486857914595026,0.10497093088409877,0,-1.2629867985958833e-05
626,0.06636257264827973,0.4937354251327637,0,-4.6398499311648726e-07
627,0.036153097141417824,0.44985730814238195,0,-5.321328922107254e-07
628,0.13908621911797958,0.14708837068862224,0,-6.9608633578792165e-06
629,0.1710817717610512,0.5959062824876034,0,-4.7524900323207576e-07
630,0.059486031822864806,0.5571572265407526,0,-2.2974495926490744e-07
631,0.2878632669235615,0.590223028968672,0,-1.6130051198158351e-06
632,0.11664500809386598,0.1534864396329337,0,-1.5472732006845008e-05
633,0.23410872767095525,0.15571581777297686,0,0.0005756384181250794
634,0.31553145756759804,0.43870611216099814,0,-9.429758307838332e-06
635,0.22776420044879325,0.4695091500172922,0,-2.958844871220592e-06
636,0.14790497651760298,0.003309349166822484,3,0.007946758127813869
637,0.22430853495195824,0.13566219512803818,0,0.0008761882602894719
638,0.31579332160556567,0.311353650816243,0,1.6282050823707137e-06
639,0.21154556526529206,0.2538667013761073,0,-1.5792134584798324e-05
640,0.32312735824883665,0.1860001952735958,1,0.0030280431331912343
641,0.18041822931038531,0.4138055226133308,0,-3.219181766342261e-06
642,0.02805466915262915,0.5887947779779483,0,-1.223210904129529e-07
643,0.27885191577196666,0.1267582193921919,2,0.005314744213593266
644,0.25578282224058674,0.16812445896734302,0,0.0007975757981933011
645,0.0841193466160048,0.12470589567159797,0,-1.565901609450403e-05
646,0.28178398316940395,0.11923810089497348,2,0.006478213366965395
647,0.3441732942266774,0.5175540739420099,0,-5.8146008046933856e-06
648,0.20378361239477666,0.42947725505455875,0,-3.4741274345617236e-06
649,0.2600533745004305,0.18858483399256998,0,0.000417989910599263
650,0.19630048475182976,0.36875045082067526,0,-5.890363636403937e-06
651,0.08016848441692842,0.36787317811822057,0,-1.8745814426737857e-06
652,0.13472482341976433,0.5089876447530329,0,-7.883761403588163e-07
653,0.2930934899794035,0.008969470395676216,9,0.027957797856466304
654,0.2973351202233987,0.028426326973922375,9,0.02092729667058845
655,0.2706776452877791,0.320278212548832,0,-1.579384109021118e-05
656,0.05824245918815546,0.02648571460352953,0,7.218208899783834e-05
657,0.2634906552933041,0.22144767895574033,0,0.00010963357985308948
658,0.2583410678175274,0.17112051632624217,0,0.0007806983282492031
659,0.09297261527813176,0.4635213616308168,0,-8.187002626851551e-07
660,0.004740990498841358,0.5121112788420454,0,-2.0863454518502747e-07
661,0.31416595495746713,0.38550408517889084,0,-1.4388758247175151e-05
662,0.32547880968040316,0.3151436306429877,0,8.591847743884736e-06
663,0.28946866085838346,0.4481028767412625,0,-6.728061518523321e-06
664,0.32777370499450537,0.293414477016952,0,6.673430804445499e-05
665,0.1356479122280354,0.5570259426899142,0,-4.92183488689892e-07
666,0.005641788219197935,0.005656955626342342,0,-2.1592318741390887e-08
667,0.30254951163208593,0.4924373130017328,0,-4.946668873433259e-06
668,0.021475506248353735,0.19336381082879014,0,-5.939788201464758e-06
669,0.0379994311273208,0.12508662891288794,0,-1.2925516472325467e-05
670,0.19518078295765656,0.020157696427651972,6,0.015042968902868216
671,0.25635140569866155,0.37397756418544026,0,-9.937770880229593e-06
672,0.26878321138648653,0.27674931127646457,0,-7.811496054021143e-06
673,0.17797138807613302,0.47560168404931774,0,-1.6949014361449822e-06
674,0.22195971040725176,0.011817528763090723,9,0.023857469113348587
675,0.34113714417324464,0.10707263460258122,3,0.008397296588333719
676,0.16073760195705972,0.26941382681461334,0,-1.0789512719092561e-05
677,0.2519733385549744,0.5138724097125041,0,-2.4184001028739243e-06
678,0.3365659960402243,0.33202646008205194,0,1.3371410667118308e-06
679,0.11500648157527017,0.08853196624048514,0,5.085288505500493e-05
680,0.2516701217064087,0.5690148643103764,0,-1.3897671572895923e-06
681,0.03449844084904157,0.481971764381004,0,-3.796416448752519e-07
682,0.3364746018522021,0.07700864319434154,4,0.010814264726973595
683,0.10266811830050374,0.30731845098766863,0,-4.2912816173804385e-06
684,0.012344186893092206,0.41650059190302485,0,-5.855950141503632e-07
685,0.009584141856445244,0.21176387345234593,0,-4.40323576412092e-06
686,0.05911566311107956,0.2898254697503656,0,-3.312799595483512e-06
687,0.23102229292959525,0.20735263134294615,0,3.8240538864793675e-05
688,0.018954070704241387,0.4531955684963462,0,-4.3342283111759716e-07
689,0.10457356923905732,0.030167833326505387,0,0.0005615609702560012
690,0.22153887738932573,0.1418761232427139,0,0.0006171958763845339
691,0.2150884342761447,0.40234150271417374,0,-5.088258178408709e-06
692,0.24525215830824879,0.5685036228816772,0,-1.3102663403355102e-06
693,0.14754901731813183,0.4879806675023295,0,-1.1054791272868397e-06
694,0.09575085247857341,0.13503872326278435,0,-1.560696322449597e-05
695,0.30779222988182636,0.2854679749646357,0,3.1337781033236785e-05
696,0.19668824929505208,0.14860331625926507,0,0.00015862921246123166
697,0.017596454845516356,0.11637472025728894,0,-1.1770472977528817e-05
698,0.2750298695582084,0.5538127088820946,0,-2.0420563166001324e-06
699,0.21142204222858196,0.20866010571795918,0,1.4680777474273824e-06
700,0.08724324021813959,0.20150855562334877,0,-1.0277127136217844e-05
701,0.22494095928101576,0.42354011685891485,0,-4.5463663186871845e-06
702,0.30273980474222634,0.040780523855236894,8,0.01770408776062308
703,0.027252653162013345,0.1673825840219036,0,-8.084323139735096e-06
704,0.06657508420662701,0.3680764580379374,0,-1.6334017094446456e-06
705,0.18713255745322505,0.5225198855339431,0,-1.161874721674526e-06
706,0.2104395818576993,0.22665105976820712,0,-1.1430682720093557e-05
707,0.16435761759834255,0.40316876831908854,0,-3.050598140393642e-06
708,0.14226463193765587,0.531751845453567,0,-6.769730981081469e-07
709,0.08780994666818423,0.1643638897295015,0,-1.3934677190012691e-05
710,0.015298999757196551,0.061955860151801455,0,-1.5748699562652892e-05
711,0.2423731503240909,0.2502073683074207,0,-7.518119266772904e-06
712,0.046750227304511206,0.09003629065943564,0,-1.5725827095122598e-05
713,0.3170821280301396,0.39571067171700414,0,-1.370902672489442e-05
714,0.0876069678114573,0.4314981020344811,0,-1.068850915622649e-06
715,0.02868571722098555,0.3868045058200206,0,-9.277922359275557e-07
716,0.20726481925994883,0.09011076381963061,1,0.002587686084503497
717,0.0010508113466020706,0.4924456624532177,0,-2.4478336439983843e-07
718,0.19907757309569912,0.2558631536157869,0,-1.5467895343126855e-05
719,0.18626215520776576,0.5817459641656231,0,-6.371194854516287e-07
720,0.24532428335269818,0.5913487866795946,0,-1.0435056221665206e-06
721,0.25032192276470566,0.5826728799236325,0,-1.196223062519962e-06
722,0.2995576348209092,0.27987530700136337,0,2.5719171898475318e-05
723,0.18943732772259253,0.38836058301887183,0,-4.535238051791452e-06
724,0.110015677572131,0.04576606458744779,0,0.0003586184194213405
725,0.32880297740897535,0.4638073178817299,0,-8.436878461991983e-06
726,0.33763874900174334,0.006111897858908954,9,0.02869541418699957
727,0.2513349913011604,0.10610276961193696,2,0.005197586899657861
728,0.0511432977173424,0.4344932925557447,0,-7.20719737947397e-07
729,0.1769390411441827,0.4814715081433397,0,-1.5819470202836033e-06
730,0.1989001381738349,0.21155068625632684,0,-9.846020932354237e-06
731,0.030860498421665487,0.5490427269322471,0,-1.8720243235413734e-07
732,0.1420978676242647,0.5936372020187094,0,-3.640037707627256e-07
733,0.018171421073153143,0.2509456645839223,0,-3.2468976815409336e-06
734,0.2994822804682196,0.002994905420165139,9,0.03081986046379727
735,0.2503364370328589,0.441468799321537,0,-4.892652489129477e-06
736,0.32063277447103555,0.1940510438885829,1,0.002359094525431897
737,0.30138605868869556,0.4987478899421597,0,-4.593822279959357e-06
738,0.33151145839618684,0.11536419289612018,3,0.00822393721437262
739,0.16928819356696928,0.4442706908015987,0,-2.125693162036873e-06
740,0.24306995097031855,0.15786435620610756,0,0.0007426417305682434
741,0.08252481587104292,0.338943693369163,0,-2.5623430663582252e-06
742,0.19054207690782557,0.5310595541860396,0,-1.1037194817400277e-06
743,0.20208871623913274,0.2726276616463044,0,-1.4466026680643062e-05
744,0.32505323038519246,0.10961937203423307,4,0.008736971907945278
745,0.24392775555661567,0.37114836305957155,0,-9.09832898292603e-06
746,0.3477474973084679,0.0230258819845794,9,0.02083706020319741
747,0.22555700269626305,0.4001627029123017,0,-5.763066769637004e-06
748,0.20017380571590213,0.5912518360319683,0,-6.656517316754169e-07
749,0.15639138059309093,0.26507298164089893,0,-1.0789802349311853e-05
750,0.021429225286510777,0.46574276126978553,0,-3.9188504382149704e-07
751,0.251188134729109,0.3802691618436619,0,-8.939817790177887e-06
752,0.31591035535995876,0.42154421289663235,0,-1.1045211352557805e-05
753,0.20352675066643267,0.4670065355300309,0,-2.3829666801358486e-06
754,0.16387318552823835,0.4952806946403843,0,-1.2095260903694775e-06
755,0.06535447164331473,0.06626224821226924,0,-1.0504590649855858e-06
756,0.14640875968170328,0.49868001852854343,0,-9.820851832494968e-07
757,0.006942409888249428,0.13815687593039408,0,-8.798983598872816e-06
758,0.04032404368157726,0.08505834035488521,0,-1.574518091796843e-05
759,0.21292139096179757,0.563704380808656,0,-9.956554706161856e-07
760,0.11425561372835252,0.4855490521842227,0,-8.123826486536855e-07
761,0.34549346530301783,0.5417699818804009,0,-4.637761840696827e-06
762,0.08387963087050303,0.3876799202265776,0,-1.5959231073945182e-06
763,0.08672243923532413,0.40720427206153414,0,-1.3507325906756321e-06
764,0.23087909626750489,0.2008228594538786,0,5.820705524151939e-05
765,0.18973983140253806,0.4301490679137449,0,-3.0008961182738983e-06
766,0.34774669311470374,0.4523936162235621,0,-1.1131547692222747e-05
767,0.06026757466271148,0.14110342566200165,0,-1.3532675821215007e-05
768,0.06363784601750269,0.47659129555285407,0,-5.359684571218283e-07
769,0.0568588571218783,0.4696303358299513,0,-5.369891012933142e-07
770,0.06124697601972139,0.5425743942805881,0,-2.70529959197259e-07
771,0.013999394754842935,0.04264182384154989,0,-1.4434771790893545e-05
772,0.10858115919294901,0.40124907375857594,0,-1.7831328410652183e-06
773,0.29102788312184147,0.02770168927581478,9,0.021309028904334677
774,0.15576834053780234,0.1858285667142497,0,-1.4792902866684922e-05
775,0.12402081314281162,0.5329832650284736,0,-5.573369183480435e-07
776,0.2102788599338233,0.38174004686841206,0,-5.946061611665547e-06
777,0.32610483269737617,0.5853405833278923,0,-2.4791117371885036e-06
778,0.21730280878296504,0.3685991417931615,0,-7.2379291462606806e-06
779,0.014335222730026359,0.5118528716935044,0,-2.302142289380082e-07
780,0.2565053687217447,0.3142560277960956,0,-1.5425282709832868e-05
781,0.3057239162252126,0.09475282371954041,4,0.010221598895105407
782,0.04470769653160456,0.1977906247565702,0,-7.135317328429038e-06
783,0.008620917874678863,0.09030020800827211,0,-1.345690455510444e-05
784,0.19743058051213186,0.1503497113021234,0,0.0001509347222710512
785,0.17239356371342393,0.5629888619603873,0,-6.691906725447795e-07
786,0.07115455607076773,0.3955492751817517,0,-1.2991834529508132e-06
787,0.05010004336098296,0.05961841206844891,0,-7.595201426539023e-06
788,0.03675847040341568,0.21079323493455193,0,-5.814725599953036e-06
789,0.015144900016313433,0.01630714959293822,0,-1.14866361512205e-06
790,0.003591885168901881,0.1736253164779059,0,-6.050128383824124e-06
791,0.17357418050430157,0.17374348203512915,0,-1.064000392257268e-06
792,0.07182752712755025,0.3814359861218378,0,-1.5061438216286523e-06
793,0.23321866373924713,0.418107020352412,0,-5.206447661751639e-06
794,0.03225540743992986,0.35462313436974924,0,-1.32641261498439e-06
795,0.11760491995303346,0.10298650085231431,0,2.023232098432373e-05
796,0.15640046130255714,0.1687294509040871,0,-9.48979030382546e-06
797,0.3185426213291777,0.08249364357991569,5,0.011086808205741825
798,0.02456502665667476,0.308840420633405,0,-1.9412853465191066e-06
799,0.15584821863832002,0.5988755575783272,0,-3.9625931491366376e-07
800,0.21652035018126967,0.42879475520310767,0,-3.969601398935154e-06
801,0.06887794662827253,0.14908915618681964,0,-1.3591605728409858e-05
802,0.3115412386533399,0.2913288662904925,0,2.6361372221484162e-05
803,0.22943857586133065,0.5445426254581265,0,-1.421893969812465e-06
804,0.24021869481251537,0.16883297473248152,0,0.0004285864778000838
805,0.23875163299705246,0.4402548350036683,0,-4.4158272426292655e-06
806,0.19638621579505405,0.5151886181146954,0,-1.3711659008356137e-06
807,0.14314330903634984,0.08329171351303001,0,0.00028760646557213546
808,0.167727518105246,0.04397533819166692,1,0.0036229318624801275
809,0.0437431339036769,0.014167388659055957,0,6.358183009352285e-05
810,0.25254276293941413,0.0214357728808362,9,0.023150647676232174
811,0.26306434177063714,0.14762768528851103,0,0.0020832386299843336
812,0.08779068282626117,0.2768738243303357,0,-5.008785098486032e-06
813,0.25161552580572133,0.3299510059017855,0,-1.3747236092761596e-05
814,0.11344290103142012,0.4593522923291794,0,-1.0471141841264365e-06
815,0.13439963016195722,0.07471559169439727,0,0.00028725180834557703
816,0.2257844067330082,0.5144086728451882,0,-1.8528105220377054e-06
817,0.16840355638534737,0.4201791530275411,0,-2.680186923227503e-06
818,0.0834740573011393,0.030173156262201004,0,0.0002198124637169469
819,0.31525141867897083,0.36661709559276334,0,-1.57612169494443e-05
820,0.1641527468509547,0.013041998151434874,4,0.009219405102812045
821,0.33562603014020276,0.35885036308307344,0,-1.4045604818260552e-05
822,0.2034293685300653,0.21848717666210762,0,-1.0939498129991416e-05
823,0.1721275125154964,0.11810552181073483,0,0.00021498220266889874
824,0.13517249233072928,0.47808039915959394,0,-1.0786583959078742e-06
825,0.3367514415682147,0.049607702210136946,6,0.014443664566481901
826,0.3427457304368976,0.12213928033776413,3,0.007553492666846724
827,0.2603448745711843,0.5780785098502952,0,-1.384120804952631e-06
828,0.23893846420141293,0.5924511366846591,0,-9.68366542136163e-07
829,0.1434753321522254,0.5536532887521631,0,-5.504438326799932e-07
830,0.07783676175509009,0.5298747999566268,0,-3.6251433649042915e-07
831,0.32829089066048067,0.1991366433015168,1,0.0024420878699821136
832,0.17934224561102352,0.5859022148450858,0,-5.703940121289886e-07
833,0.11951512615776926,0.22637940575106497,0,-1.0969757945257065e-05
834,0.014988960426919216,0.014468189103796613,0,5.06452941381141e-07
835,0.10383147291254055,0.24556242354448643,0,-7.953354453564727e-06
836,0.20055659638839746,0.30846950039385806,0,-1.0854403754533057e-05
837,0.062372809789963964,0.03898316254192724,0,4.229597060129922e-05
838,0.28632008205384357,0.48517433918634745,0,-4.528133031956626e-06
839,0.3209024572510036,0.2699002427629417,0,0.00015761901863282126
840,0.31144040272892004,0.47209572224762936,0,-6.592796217514573e-06
841,0.3254635912236261,0.4209300575569492,0,-1.2040302799668765e-05
842,0.1743314547368686,0.027020612342756788,3,0.0078328506003859
843,0.23452033844341436,0.2443039782922311,0,-8.586914792593275e-06
844,0.1452343443257013,0.4062452282718863,0,-2.445095873182608e-06
845,0.31870517292319367,0.25910627508393036,0,0.00023231139677684613
846,0.13033961113234901,0.4603142724819722,0,-1.2276477171637693e-06
847,0.03409722739610677,0.060958874756724256,0,-1.4111617435560481e-05
848,0.29322260652479837,0.3868215772939802,0,-1.2234447246285253e-05
849,0.054090323873677355,0.1923835843397045,0,-8.224473263515094e-06
850,0.10177002327299103,0.24184204044738358,0,-8.080719643560969e-06
851,0.018886003361081226,0.4877999345270948,0,-3.064318806454488e-07
852,0.12751321595887302,0.3839957850086967,0,-2.558962404417301e-06
853,0.143321200257999,0.09459825353763858,0,0.00017064933882476283
854,0.21429620550879355,0.2841326077443568,0,-1.452598165536231e-05
855,0.2884536700605961,0.08453586252423835,5,0.011254544013286778
856,0.19193768863075264,0.2512835177861061,0,-1.531680090271821e-05
857,0.01705239263150624,0.1765971576947224,0,-6.703019577077885e-06
858,0.04076699715331129,0.34712824407516935,0,-1.5564434879423959e-06
859,0.17601906152707666,0.5508134644414749,0,-7.836750461401283e-07
860,0.26343838473336423,0.0641591765476668,6,0.013456878770501435
861,0.2220867643028929,0.25820624690459715,0,-1.553172737665261e-05
862,0.04625231841059008,0.5797942431664648,0,-1.6052089729360098e-07
863,0.29930350502228126,0.2280501431154215,0,0.00038948652059771243
864,0.12093277217610796,0.5153995017033396,0,-6.44298035430685e-07
865,0.25348170589117003,0.10557762600061422,2,0.005505720119293847
866,0.3222588535627804,0.2962068214703676,0,4.010653722284292e-05
867,0.2914369720331837,0.4331554073961662,0,-7.922436405644508e-06
868,0.3495473236905756,0.11595591338232342,3,0.0076087147703972945
869,0.3406765815574341,0.5805904271810299,0,-3.0050310784903735e-06
870,0.3470136079540262,0.40703636403087273,0,-1.5299733589203957e-05
871,0.029950555772971014,0.4334967431664027,0,-5.890673166822378e-07
872,0.049138717799667726,0.14931124032362075,0,-1.1629720892662432e-05
873,0.05746298989549294,0.4451732186172098,0,-6.899185580831776e-07
874,0.07552632443368609,0.4460135492197472,0,-8.193948063691214e-07
875,0.10538913942822961,0.3675515550700555,0,-2.4186923922129112e-06
876,0.13717378339680694,0.28158761830697715,0,-7.747083013369252e-06
877,0.09915713227645837,0.09954700523937561,0,-7.203743903606183e-07
878,0.10543818949847433,0.03014145729883655,0,0.0005831320133093586
879,0.10467406283275815,0.41215544910601076,0,-1.537808728248639e-06
880,0.0011488443743911168,0.590391358195228,0,-9.201124146643654e-08
881,0.3207780076603209,0.2872703880472575,0,6.416430142639208e-05
882,0.30174668307094066,0.27918223786873736,0,3.220447603329499e-05
883,0.10887684259758587,0.3558818745753332,0,-2.813747633053528e-06
884,0.25853520759150944,0.4517738115658916,0,-4.790702400419854e-06
885,0.19363157022208768,0.3776056490852723,0,-5.25829962627842e-06
886,0.0020408591203322167,0.001980534472625206,0,5.8264422561149845e-08
887,0.24456204719304794,0.4817438470789799,0,-3.0954744952119727e-06
888,0.1750677946724167,0.02459722951426746,3,0.008613378451779528
889,0.2462803547326703,0.18631558527247805,0,0.0002609588979651963
890,0.1695265008931985,0.584130666744634,0,-5.263973886452514e-07
891,0.2412948169766844,0.500845944943552,0,-2.476351841527158e-06
892,0.03587426721633132,0.03494929375652831,0,8.753693705449292e-07
893,0.24775645809670227,0.15735246016311893,0,0.0008983333298408952
894,0.14758506124138213,0.35690620521547844,0,-4.093525358548722e-06
895,0.04033000056446672,0.43682574345723074,0,-6.320226400170842e-07
896,0.10973243100052439,0.052308192474459926,0,0.0002631173036825837
897,0.3473895371616051,0.45179845376505984,0,-1.1154703478866953e-05
898,0.13584234259164124,0.5434721349097916,0,-5.647144844581753e-07
899,0.1180875178543366,0.5239070663623532,0,-5.751798692963493e-07
900,0.15334294891826344,0.3088855878243525,0,-6.9551863656910505e-06
901,0.088261482897675,0.23067527109936023,0,-7.903421820552434e-06
902,0.15752487678910615,0.29001946994215194,0,-8.674886837137923e-06
903,0.20530957663003446,0.5763011222717974,0,-8.13627480315177e-07
904,0.22872992591447025,0.35091934114636253,0,-9.536591269226446e-06
905,0.25925750126899544,0.45071020118771593,0,-4.876099344612232e-06
906,0.1837922695362036,0.34448888891407,0,-6.610777776713674e-06
907,0.27831364368221,0.05935118894635742,6,0.014791131081301598
908,0.04786731581706328,0.119610009751946,0,-1.4372322296440769e-05
909,0.13003628186598393,0.5910615775686111,0,-3.311222551903761e-07
910,0.16584465816735117,0.2732616159745981,0,-1.090868123212603e-05
911,0.13253535148865103,0.2923864409105305,0,-6.672075881095793e-06
912,0.07533098817877573,0.25283525874519536,0,-5.6166133118698514e-06
913,0.06878552714606635,0.5703520020132004,0,-2.209432404430351e-07
914,0.10355622010125824,0.5915630077219879,0,-2.529151146598065e-07
915,0.11032094811434652,0.22482239981077579,0,-1.025189313014416e-05
916,0.23708348014569003,0.38940688387211675,0,-7.163006413900302e-06
917,0.13444336065696105,0.43770723437703696,0,-1.6032932429815348e-06
918,0.3220593220764753,0.09599337158756356,4,0.009809761003551291
919,0.27936290111483214,0.5532810033588947,0,-2.1435196092758843e-06
920,0.21026076821431675,0.000599875236492009,9,0.026714926659274153
921,0.09224296098705877,0.46277067952691736,0,-8.188805931172171e-07
922,0.03711851075439601,0.3277397933230089,0,-1.8217229275730302e-06
923,0.09684972563674578,0.29753814120173655,0,-4.4638896825981435e-06
924,0.12133738880405275,0.3824019705693599,0,-2.4447517377803215e-06
925,0.28659068020034056,0.5369325871606949,0,-2.711942350753683e-06
926,0.15392575457985425,0.4174149651900317,0,-2.3849584771942675e-06
927,0.34862238824756603,0.17616624811671291,2,0.004802541742893949
928,0.18271967023032554,0.19928215846031352,0,-1.1452001839348382e-05
929,0.2959750134781976,0.024070173824424865,9,0.022254989447969113
930,0.2421141394022774,0.1244211065756041,1,0.0023878440903500548
931,0.1124639939914124,0.3812166268947111,0,-2.264354034119641e-06
932,0.17340764610473727,0.22033624617975447,0,-1.5790056675594695e-05
933,0.19274390034740688,0.2081924016114437,0,-1.1052912174852252e-05
934,0.0997058380461534,0.23650649810294605,0,-8.336677336690573e-06
935,0.19809548991865325,0.26779068085196106,0,-1.4538841346765915e-05
936,0.33834870905206327,0.3239493422157739,0,1.434135354282513e-05
937,0.08027503706486133,0.3239019026940794,0,-2.911463806347931e-06
938,0.13909598468608095,0.511120472728869,0,-8.061652191441172e-07
939,0.02054574546963741,0.3129295480546435,0,-1.7902474225997801e-06
940,0.29034401627824863,0.06789256128553371,6,0.0134678569653788
941,0.2068609680748727,0.11473759677260686,0,0.0010324116424593572
942,0.21575331184748373,0.041947310019279135,5,0.012677270446610957
943,0.01193399172217554,0.02918620349294425,0,-1.1339571878318258e-05
944,0.03338972030877695,0.23949240060669721,0,-4.23381595074164e-06
945,0.26267971711812893,0.5659806795589878,0,-1.5988076452782617e-06
946,0.09394871128082678,0.4513646099406161,0,-9.335745435710037e-07
947,0.263649817722865,0.3571571633317194,0,-1.2250579965737063e-05
948,0.14539037397735075,0.2827779323923982,0,-8.283945801440811e-06
949,0.17658594788881335,0.25821723690163517,0,-1.3441094329884216e-05
950,0.10289497230222677,0.3863986987056975,0,-1.9543248276077534e-06
951,0.12453675561012166,0.32513251644361424,0,-4.466004446565093e-06
952,0.14133984744113137,0.49667892602068614,0,-9.524953898956933e-07
953,0.03435324590159457,0.092675241921979,0,-1.5368155053407704e-05
954,0.08993655039808925,0.31290752443336606,0,-3.576887157025416e-06
955,0.040823746752872675,0.015299877672224738,0,4.919525290418464e-05
956,0.0010522892554918617,0.03909153838822683,0,-1.5507545074100838e-05
957,0.05280786199873821,0.24482978381736234,0,-4.8675148955140456e-06
958,0.2756421362371536,0.4465778083093277,0,-5.967421596627286e-06
959,0.1834911053725932,0.5778937360615244,0,-6.440746389516352e-07
960,0.28154510421699197,0.06352974888390302,6,0.014131359360329034
961,0.04832736751342455,0.024855027304251286,0,4.272550449279302e-05
962,0.1147749614848052,0.2876795637618876,0,-5.873167798806641e-06
963,0.33412734526339966,0.10452140740083375,4,0.00881269480048274
964,0.3342506738901643,0.5597120047181123,0,-3.4711865582203176e-06
965,0.22422805510846883,0.4748663543900193,0,-2.707784899852245e-06
966,0.2619298495069048,0.5853348355089752,0,-1.307799291292784e-06
967,0.24094667908931397,0.056224529545454045,6,0.0130313852496666
968,0.08148750667788644,0.2974360474956927,0,-3.836443580549795e-06
969,0.24184575578604692,0.3209386655107266,0,-1.3676214473109585e-05
970,0.22674078185176233,0.5506564817868231,0,-1.302083026909437e-06
971,0.11104054008826783,0.08980706467181339,0,3.542277625678221e-05
972,0.20621494764895446,0.27601969062342246,0,-1.4529083280089169e-05
973,0.346468959119862,0.03430722533422707,7,0.017368952789338248
974,0.25454404363963684,0.10644288022834376,2,0.0055033013123891505
975,0.2918839615339548,0.09891241188195372,4,0.009591625886541147
976,0.12835221848392292,0.10632184457650155,0,3.716881620897508e-05
977,0.12954454133729312,0.5196994957317439,0,-6.725982857673382e-07
978,0.1611405863015879,0.012528920704323387,3,0.008623193589770163
979,0.14463407170771342,0.49717683629315435,0,-9.79450581426343e-07
980,0.08699562528457051,0.07857003916249425,0,9.998566444434111e-06
981,0.16599766799666113,0.22680778155194986,0,-1.5219957165584703e-05
982,0.07661140629032087,0.019045609820541397,0,0.00026923197872471774
983,0.049192151628356724,0.2534828366160243,0,-4.3099007153807305e-06
984,0.3151974592322426,0.23134675504047675,0,0.0006152358851060919
985,0.3070569143311772,0.22499092955957145,0,0.0005851657183759757
986,0.3403046545553678,0.4120075193366984,0,-1.4354073447465126e-05
987,0.3059245943163328,0.10924712698723613,4,0.008839182512827988
988,0.053700111064310246,0.5490571832498696,0,-2.351394989327068e-07
989,0.17780054629966052,0.40851715316453047,0,-3.306215885294184e-06
990,0.1332786097798188,0.3662013816459467,0,-3.236897436446765e-06
991,0.18777088667902758,0.13012313648466026,0,0.0002505859767176066
992,0.3044427474229322,0.38811303283444365,0,-1.321950543981362e-05
993,0.16829426959443916,0.2415685535228086,0,-1.422681514233429e-05
994,0.24679520174550407,0.00781290304131368,9,0.02782909299182764
995,0.1736346505986639,0.08919007522652304,0,0.0007996616242638185
996,0.027892713725524074,0.1330609389856612,0,-1.1145577074601606e-05
997,0.12496818630550692,0.04559619697813568,0,0.0006829020004457886
998,0.34025350970592044,0.09410732041131821,4,0.009240623038070725
999,0.08854281278056617,0.5507595470931512,0,-3.2738697140706455e-07
1000,0.3229386988181196,0.4424080042636519,0,-9.755184337294892e-06
1001,0.26453705844195585,0.5001324769140093,0,-3.1433754198581407e-06
1002,0.33008026551537767,0.5703695181504213,0,-2.9946662990977727e-06
1003,0.346489802086227,0.41723525512403864,0,-1.4439553843991641e-05
1004,0.09954435546595695,0.0788492135275073,0,3.4238355168764624e-05
1005,0.3064860477494553,0.009529913121828293,9,0.027519922782501417
1006,0.14668113060006685,0.06384743327391855,0,0.0007726166468849301
1007,0.26955608318116864,0.5771598013592366,0,-1.5312845458881469e-06
1008,0.1424708398995171,0.09459486127307105,0,0.00016382405428988026
1009,0.09860878109016882,0.19846898061601922,0,-1.1653581041984854e-05
1010,0.07912077712871773,0.4641543545284968,0,-7.084397634896156e-07
1011,0.2300896699252299,0.5014250547561119,0,-2.2019454736880967e-06
1012,0.347864049842598,0.10107541703847457,3,0.00845136883178959
1013,0.24960551326837577,0.07160187469232641,4,0.010792614591877112
1014,0.04925873509207448,0.10005095409924844,0,-1.5689107682695797e-05
1015,0.24668185696730127,0.11746267808076527,1,0.0033820451657081913
1016,0.29657667141757205,0.24852313140549384,0,0.00014181791625944654
1017,0.17019155050131615,0.3373993386079009,0,-6.204687993080261e-06
1018,0.1788542861337546,0.31828664462976364,0,-8.118966117834462e-06
1019,0.17571213109332048,0.2858387604976796,0,-1.0649190413567442e-05
1020,0.1308022599422819,0.035885282247425244,0,0.0012877034456135485
1021,0.312814556350778,0.21753205109528098,0,0.0009304634238266565
1022,0.22339058565443298,0.1743592208750718,0,0.00016186923307497661
1023,0.1556418582494802,0.0027915058978718265,4,0.010109757942674547
1024,0.2748995635881564,0.10990734076682403,3,0.007095237263415494
1025,0.2861031797275337,0.07214566617933005,5,0.012876632861442522
1026,0.016783044808773743,0.505553685480926,0,-2.5125125578146225e-07
1027,0.3100350859229652,0.21778500581888033,0,0.0008426627802473775
1028,0.3422339963978616,0.5479495952728946,0,-4.223548896142519e-06
1029,0.2639392690456757,0.05097915733090048,7,0.01603763246844814
1030,0.0974862351331211,0.3068761513350912,0,-4.094145156307888e-06
1031,0.024426173808920374,0.38845534845176377,0,-8.74589974269115e-07
1032,0.26188171471829647,0.19018873647760806,0,0.0004207090544431615
1033,0.10160268131219843,0.39349157413578273,0,-1.7972569879591234e-06
1034,0.23372127124835004,0.13575513668840639,0,0.0012243196423777868
1035,0.14079982418192974,0.5339182006656017,0,-6.528491467288818e-07
1036,0.11233628527218405,0.17122431976433564,0,-1.533707454334139e-05
1037,0.24396327401214102,0.323480680625046,0,-1.3635137440026115e-05
1038,0.015184827835681645,0.20205818599760356,0,-5.124263641455075e-06
1039,0.12353649716278878,0.5954825003798178,0,-2.968952992734917e-07
1040,0.012000298422770039,0.1754603695680391,0,-6.452001107227978e-06
1041,0.07207431105562924,0.3802399036108427,0,-1.5280211670082995e-06
1042,0.04655521096035281,0.4800140569180058,0,-4.3669366960862964e-07
1043,0.2860353638915733,0.5532182153406846,0,-2.2923025735777336e-06
1044,0.262924933724191,0.4878328296655287,0,-3.496804104864848e-06
1045,0.3130681357975961,0.39021310266066195,0,-1.3851669663797632e-05
1046,0.010874206106595213,0.35537219680289134,0,-1.0633679121050636e-06
1047,0.13840236864665043,0.40324166724415716,0,-2.3536398735155537e-06
1048,0.15277573568765834,0.5936716792624589,0,-4.0481426466383014e-07
1049,0.04808749889536792,0.4244305913520107,0,-7.730566806232441e-07
1050,0.1994040137043424,0.45150993102871845,0,-2.669773101283459e-06
1051,0.10891563401333586,0.5184745821214494,0,-5.541423658848823e-07
1052,0.29345839604135754,0.4921613310963012,0,-4.534087785174214e-06
1053,0.09019155613605986,0.5436745932498694,0,-3.57256921981447e-07
1054,0.11049223051084547,0.13516500387017372,0,-1.3720824775564376e-05
1055,0.02878804878710822,0.4908910283463683,0,-3.279945451646181e-07
1056,0.02703109378992398,0.36512234597912835,0,-1.1335187983581817e-06
1057,0.04137310287632445,0.567778705526995,0,-1.724041363997418e-07
1058,0.2406092163262587,0.019800043042405322,9,0.023004138923648644
1059,0.15725293301262572,0.10670206621080569,0,0.0001845754951946083
1060,0.34625544781865125,0.38653952779796724,0,-1.590131576704717e-05
1061,0.2852470894057281,0.5831545229998277,0,-1.6864896544710293e-06
1062,0.25857601341563285,0.5023145693911649,0,-2.898575910809539e-06
1063,0.31945739446799687,0.014458157084267053,9,0.025077287129398006
1064,0.30163894168410893,0.2016811314557757,0,0.0011225209708107882
1065,0.1388942253411937,0.07353490622843681,0,0.0003691755135653982
1066,0.23584691510412686,0.10515461976786579,1,0.0036806655165291103
1067,0.08906433446548756,0.36918595722368613,0,-2.0219116686688054e-06
1068,0.14029946842899194,0.013572543037879914,1,0.004321787174374077
1069,0.19702366931403206,0.5592978155622473,0,-8.878548029104297e-07
1070,0.2820053526457411,0.36771864291942574,0,-1.3022154911015358e-05
1071,0.0008826336008031565,0.06434316682686944,0,-1.5038393410084058e-05
1072,0.27832959661074563,0.4041528780756268,0,-9.209834736515196e-06
1073,0.27046319894686127,0.07179651854617965,5,0.012502897514253717
1074,0.0340666422924375,0.44920389394068516,0,-5.245741319637605e-07
1075,0.3433156684261627,0.08622996009193984,4,0.009673110119044112
1076,0.26690544581100817,0.5187341988300642,0,-2.673254525795853e-06
1077,0.18597973474136142,0.4770605580770026,0,-1.8092877920234083e-06
1078,0.31125508983396755,0.34434458901850495,0,-1.544165759205058e-05
1079,0.24302516128664978,0.41651980062844246,0,-5.8239959887231534e-06
1080,0.16224956689493453,0.024470357878272387,2,0.006001968808519652
1081,0.2955542571292789,0.16844560675948358,1,0.0026425169104008824
1082,0.13060650427003098,0.2823792696164305,0,-7.217192134145526e-06
1083,0.22373428850241292,0.48975348927506746,0,-2.3223330915419855e-06
1084,0.21323832425821768,0.48464562518307686,0,-2.2011307044999493e-06
1085,0.33303787543948554,0.33070185281564507,0,-7.90131616097252e-07
1086,0.2508988137995537,0.003836653809371926,9,0.029736367830479633
1087,7.570452783380865e-05,0.08893727513433776,0,-1.2754256412857876e-05
1088,0.10494885276195301,0.5459683505265823,0,-4.0459546808222803e-07
1089,0.0816877597927342,0.34438915264372627,0,-2.4065382972200656e-06
1090,0.2569226773773123,0.42325589926404134,0,-6.245917769699674e-06
1091,0.18223957479494304,0.5756539794678968,0,-6.504840003275625e-07
1092,0.15754805859528434,0.5746360605647659,0,-5.135832836253423e-07
1093,0.06376992982691296,0.1786447308422817,0,-1.0224019894934533e-05
1094,0.10177288067101015,0.40991048509599404,0,-1.5278186233100303e-06
1095,0.30895989685173764,0.509213010770556,0,-4.463044977382654e-06
1096,0.23715235134349003,0.13351449317815955,0,0.001493057841555862
1097,0.18151739071225348,0.15461858183936417,0,4.992916081424646e-05
1098,0.06544402284800176,0.4217601638985848,0,-9.442536642082538e-07
1099,0.06371310873727751,0.2379608045925247,0,-5.800559296915152e-06
1100,0.18227986382957215,0.24788851045171714,0,-1.4873556890549025e-05
1101,0.18939492432034435,0.27751886246419843,0,-1.2801104537214781e-05
1102,0.13727335555775952,0.19638333530779237,0,-1.5325535609293936e-05
1103,0.1994413138822077,0.23901889439724777,0,-1.569827869568984e-05
1104,0.1500476671320614,0.49069867974084436,0,-1.1030124999259063e-06
1105,0.036571593131118456,0.24588039896845781,0,-4.100850642539828e-06
1106,0.11665015905012509,0.5897962467220367,0,-2.933820844642598e-07
1107,0.05082165955716064,0.3096857683830096,0,-2.50158412108493e-06
1108,0.3494224031095517,0.3138009476627123,0,6.94521049311357e-05
1109,0.06678508903021364,0.2832193895680734,0,-3.818722472911378e-06
1110,0.2925378887251471,0.19893218098741433,0,0.0009202704263569892
1111,0.05450272233224787,0.005863159268337426,0,0.00017739781317909766
1112,0.028716431507149857,0.21670899539918118,0,-5.067084802709565e-06
1113,0.1478956454080999,0.5622369641080445,0,-5.279634371887697e-07
1114,0.2885938587758189,0.29681272507958867,0,-8.128648364549106e-06
1115,0.1575644472755779,0.11275038116178857,0,0.00013926339468448766
1116,0.06565333423475345,0.26344704340666597,0,-4.596052375431383e-06
1117,0.29606695127457955,0.2677924402834108,0,4.822056546778912e-05
1118,0.26875954090166493,0.5773572402746472,0,-1.5161751261954725e-06
1119,0.25893002266519854,0.32913748045286406,0,-1.4491749535762596e-05
1120,0.19969456488107887,0.047291080041060904,3,0.008123795902759847
1121,0.3027029873976553,0.565351233918938,0,-2.3975059306197203e-06
1122,0.06219266622118832,0.2936301174865005,0,-3.2887191118188457e-06
1123,0.0375840284199568,0.4893289048897686,0,-3.637541753502682e-07
1124,0.22975715658198584,0.4804632924595632,0,-2.7056319577092937e-06
1125,0.1392714706432821,0.2944769088156994,0,-6.9798201208410645e-06
1126,0.16892103887890558,0.25812187285336224,0,-1.2697860136627143e-05
1127,0.24040273066983164,0.46108990643692105,0,-3.6488452648713233e-06
1128,0.2800746991558173,0.22497062726202624,0,0.00020119036169310815
1129,0.1645611085639132,0.36630029871592557,0,-4.412418478697741e-06
1130,0.16461529117628862,0.39126528890800993,0,-3.4438382552688782e-06
1131,0.24663412247481312,0.5522435935875828,0,-1.5628821104148319e-06
1132,0.15106270331096522,0.2442098352233367,0,-1.2308946294758729e-05
1133,0.2958789026460662,0.0022511207575189427,9,0.031224522403548963
1134,0.12791903759686818,0.24704776225735836,0,-9.827575930310935e-06
1135,0.34540074229863277,0.08403096412164472,4,0.009745951698758361
1136,0.1299799338124759,0.5421103835285974,0,-5.39911208192073e-07
1137,0.21215481209350062,0.2824220235994313,0,-1.4488987894932336e-05
1138,0.28176365265349074,0.44422017622675564,0,-6.483155585998045e-06
1139,0.08714932914680036,0.0625530839671814,0,4.5510960682210326e-05
1140,0.3008815760554908,0.4406169632742592,0,-8.071966127446187e-06
1141,0.2298246078368174,0.1844026083054701,0,0.00013482303198839217
1142,0.01867033953777922,0.06944714687165436,0,-1.568799415059927e-05
1143,0.12629555308622886,0.5235886951476808,0,-6.262945287276044e-07
1144,0.25950822152314396,0.4435067118479409,0,-5.249097141221442e-06
1145,0.2665410897018509,0.28226481910619644,0,-1.1518374505545264e-05
1146,0.030650720430338455,0.3353960205478365,0,-1.5819765017693188e-06
1147,0.2685993429911004,0.409789030416091,0,-7.967408413155895e-06
1148,0.285299892188732,0.25469583756263764,0,5.6574326671849284e-05
1149,0.23885506654983624,0.18738290382002978,0,0.00017883157560893547
1150,0.06580097008090247,0.35684346669765404,0,-1.8134255925645012e-06
1151,0.0798419001090729,0.31146756717705515,0,-3.281759740389092e-06
1152,0.18503743408556803,0.086412453060171,0,0.0013766192878080117
1153,0.3094521851069499,0.4629652201304294,0,-7.0675472541641755e-06
1154,0.04608328645676263,0.2915372188468697,0,-2.8601466740842544e-06
1155,0.11356801144073567,0.3151897330427143,0,-4.4215524625157896e-06
1156,0.14717648371258593,0.5062610465590414,0,-9.173999051957911e-07
1157,0.1832731674957667,0.03886478862293423,3,0.006891761098243508
1158,0.3249884815123392,0.5163811811285649,0,-4.870506577110313e-06
1159,0.33611371205626667,0.340685276361113,0,-6.355991006994237e-06
1160,0.24078577872183926,0.3489888593543373,0,-1.0817894571604967e-05
1161,0.1123293692105188,0.3543813574656702,0,-2.956167536194171e-06
1162,0.1008011674757826,0.28381743886871746,0,-5.317338738222573e-06
1163,0.20277412636930792,0.3704282589810208,0,-6.173414991130506e-06
1164,0.09834161086921572,0.3611348042663225,0,-2.403755892212537e-06
1165,0.3248270598131454,0.2873474567290208,0,7.974855314792191e-05
1166,0.2362494590833782,0.07433410220010107,3,0.00848305203083365
1167,0.26077560305821196,0.44327037314184514,0,-5.327449048087808e-06
1168,0.24405394165109331,0.4502440377047983,0,-4.214483639830613e-06
1169,0.004181605882734107,0.3003020785035159,0,-1.7249130709675162e-06
1170,0.1561000220959882,0.15052561212171914,0,5.400880059651225e-06
1171,0.13548732700075564,0.4311855531524733,0,-1.7292094917854356e-06
1172,0.22024181827683584,0.5203434344574892,0,-1.6522198000437133e-06
1173,0.344591839269172,0.09179964246043046,4,0.009197876411716927
1174,0.07388472821481248,0.37570189339241994,0,-1.6280968062463305e-06
1175,0.00610068746067891,0.32951474982447654,0,-1.3129808153545105e-06
1176,0.3429803995537811,0.24984843990598082,0,0.0008022741361349468
1177,0.27033217361121165,0.0625023549619812,6,0.014081296135123683
1178,0.24196745120131877,0.4486037146633919,0,-4.19604673385896e-06
1179,0.08431364826097723,0.4792405586849841,0,-6.416666769038667e-07
1180,0.22797612542435278,0.08327960445067319,2,0.0057200876932575456
1181,0.01831512516199244,0.4919534748621159,0,-2.922933828131876e-07
1182,0.1018771785644992,0.28064099281389915,0,-5.5451088041696885e-06
1183,0.12061379439509504,0.5785158837375574,0,-3.4167241879688214e-07
1184,0.22174698944416082,0.27190052480970783,0,-1.575325006539682e-05
1185,0.08670618797730667,0.1363790184083895,0,-1.5720627763408942e-05
1186,0.24240284335208515,0.15811778369410076,0,0.000717357348255241
1187,0.023317057059578355,0.16734304913103654,0,-7.788745461091967e-06
1188,0.01842058178046647,0.5033300577650286,0,-2.611375407886315e-07
1189,0.14150456679979057,0.2590280336224658,0,-9.970234029089828e-06
1190,0.09538840912266834,0.5103237607729882,0,-5.252355136421458e-07
1191,0.018037003868710558,0.4217442755560543,0,-5.881955756717132e-07
1192,0.150066866532523,0.3802295126326893,0,-3.3262378936467255e-06
1193,0.3183496128545592,0.21136129958543384,0,0.0013489836377673517
1194,0.22231935002901676,0.00949108354196817,9,0.024844058644531375
1195,0.2743049319483677,0.41568048125421053,0,-7.952084385577779e-06
1196,0.17992270959066994,0.24296597961057023,0,-1.5066197062262876e-05
1197,0.29482086771873495,0.331787043669264,0,-1.569332254611326e-05
1198,0.04692459784890161,0.2548689059714451,0,-4.156336920419964e-06
1199,0.127205953037651,0.39347224051611907,0,-2.3207574947294216e-06
1200,0.1817710375515873,0.24067600391147098,0,-1.5342701218112286e-05
1201,0.11582439189086736,0.15853159038696932,0,-1.573714478505841e-05
1202,0.24145372850947677,0.3381683800999126,0,-1.1937055062170909e-05
1203,0.08806745309152444,0.248193411886097,0,-6.659048077170403e-06
1204,0.16979731348168217,0.4476107799792967,0,-2.066392547211668e-06
1205,0.27992320741166044,0.22549186819186795,0,0.0001951798788085957
1206,0.34957449209168595,0.24393278705470692,0,0.0011777249766603017
1207,0.13743716639615355,0.21726483225646356,0,-1.3620165982981127e-05
1208,0.17230119175099423,0.42629905544558444,0,-2.62119113513591e-06
1209,0.03957389472800407,0.5754723415230459,0,-1.5679431565665845e-07
1210,0.005292003496786718,0.40854487476929313,0,-5.909529533444893e-07
1211,0.009714016973117738,0.19360290087318352,0,-5.277983307888072e-06
1212,0.04900811088500157,0.5305386701859172,0,-2.7002001706572313e-07
1213,0.31932438038475863,0.16302689303585674,2,0.004579136653340906
1214,0.1945731568476138,0.26050054408223006,0,-1.484865422520905e-05
1215,0.3158110421422612,0.598836580433251,0,-1.9554103894970278e-06
1216,0.23546382828324913,0.5928658026233635,0,-9.315010240261883e-07
1217,0.21254347983583938,0.5578318842088967,0,-1.0518853845291228e-06
1218,0.32407442461719205,0.516940155235444,0,-4.800113717142015e-06
1219,0.22496138440799512,0.3677123126773871,0,-7.857546478295295e-06
1220,0.3173880061248231,0.39468931926581413,0,-1.3836130134591145e-05
1221,0.15428957648305486,0.19870291845467042,0,-1.5781611027430855e-05
1222,0.04891215588688236,0.18027055275150583,0,-8.783006081193389e-06
1223,0.1955918134475909,0.5026659173375714,0,-1.541736646402091e-06
1224,0.1224940038214017,0.11302600820662856,0,1.1218761947068155e-05
1225,0.1801398810701619,0.34828217483230745,0,-6.1468773679148355e-06
1226,0.11345971798040795,0.10895814005331246,0,4.493258033853763e-06
1227,0.1874144922252365,0.48384862442225574,0,-1.714988322324837e-06
1228,0.3194996338808586,0.45467934547994115,0,-8.425119728521608e-06
1229,0.14733447205402678,0.1163484946217753,0,6.606417859263909e-05
1230,0.17688703391349278,0.49831359903784,0,-1.3361374183591034e-06
1231,0.32824069121822386,0.2170237414755765,0,0.0014899764065760836
1232,0.2172027604175983,0.2780126284584413,0,-1.5224864566750974e-05
1233,0.24851373745870603,0.5594363198099166,0,-1.4819976282962208e-06
1234,0.25737529386055047,0.33204249033068417,0,-1.4091247095296048e-05
1235,0.3008804689482052,0.06955395615785677,6,0.013066008439670438
1236,0.1764504446286654,0.12005298886861364,0,0.00023910191061267248
1237,0.045987916005523474,0.5734133191184436,0,-1.706459922863532e-07
1238,0.21984405543929134,0.06304210057351757,3,0.008235643080127949
1239,0.13551804492178907,0.07359224511342785,0,0.0003176210414676782
1240,0.017798243060436418,0.0031840664542086114,0,2.117485204654635e-05
1241,0.07914412166766796,0.11767436184979638,0,-1.5558371246472423e-05
1242,0.2016670500745527,0.4247689661409972,0,-3.5651503739747575e-06
1243,0.19606034283711468,0.20677159796964614,0,-8.850136039730115e-06
1244,0.024300661213236666,0.49902824811205226,0,-2.8910840303960176e-07
1245,0.18382913139565313,0.34428113232352714,0,-6.626567762010946e-06
1246,0.05583746965246405,0.576711157536678,0,-1.821796046541059e-07
1247,0.3190545927476723,0.3872593801126319,0,-1.4662077513547064e-05
1248,0.28643748788766127,0.02820894431014835,9,0.021275493478731877
1249,0.028695278610853744,0.4174562896494293,0,-6.829362448763363e-07
1250,0.19552416458542834,0.40632507540853974,0,-4.029994621830094e-06
1251,0.16142093096540178,0.5429585260403409,0,-7.327573274650251e-07
1252,0.12874345622289204,0.3475537274422847,0,-3.7259350820851693e-06
1253,0.26252288840302324,0.5137595359943048,0,-2.6893732073496174e-06
1254,0.33874017359250275,0.19077984965856168,1,0.0035141348558038396
1255,0.08681592562176516,0.14575152571503178,0,-1.533301676582817e-05
1256,0.18142892218115764,0.3623280260188181,0,-5.42174599078452e-06
1257,0.03109869090123075,0.28717962202621444,0,-2.5726996382694866e-06
1258,0.05890845199513244,0.01805869001611764,0,0.00011941904710233992
1259,0.2495909747204463,0.08034875545119839,4,0.0091222073093858
1260,0.14061234927019342,0.3843172611333267,0,-2.906456118895849e-06
1261,0.3123512141103326,0.15894727180750223,2,0.004520201403126939
1262,0.08106019978144914,0.2570746851524673,0,-5.699170485184034e-06
1263,0.04103395644105384,0.27762076380544826,0,-3.124929103896399e-06
1264,0.023864600861554938,0.48097473811015523,0,-3.448047365405197e-07
1265,0.23239206648293226,0.24661042606814418,0,-1.07288516051423e-05
1266,0.128792448740834,0.3733500456467516,0,-2.882403683579249e-06
1267,0.04321509129494608,0.3323955760542368,0,-1.8480130005320202e-06
1268,0.16983905553545572,0.13938631073905963,0,6.296025666601943e-05
1269,0.22202110869378977,0.11350345957354746,0,0.0018407167274649507
1270,0.07134173061993436,0.5024055828765377,0,-4.4714426529637914e-07
1271,0.1398475058389532,0.28304193543059447,0,-7.837883721263652e-06
1272,0.021898495000886337,0.39227801796616535,0,-8.208028905694835e-07
1273,0.253982218383751,0.09578207570084525,3,0.007013839730135613
1274,0.22464299995807763,0.26739083343360087,0,-1.5810695256279e-05
1275,0.014774514250186681,0.3379396799012232,0,-1.3161329125779572e-06
1276,0.04197393412275457,0.371610483842516,0,-1.233295928645732e-06
1277,0.14081291338791768,0.1507230045974233,0,-8.125596460245092e-06
1278,0.2711799741334232,0.5426732576579364,0,-2.196483729667011e-06
1279,0.0025248374019443795,0.5316243575077462,0,-1.6789139070899044e-07
1280,0.23333010705126478,0.3418528750637871,0,-1.0789154004874642e-05
1281,0.07645430234185169,0.29892113040987417,0,-3.595594881079092e-06
1282,0.20423368097888966,0.40933784684782965,0,-4.263986386599382e-06
1283,0.3246958074948951,0.5889732049826322,0,-2.3575110780074963e-06
1284,0.052668146159558914,0.21868056739301966,0,-6.2898757186556365e-06
1285,0.10923143600619997,0.16956009756206453,0,-1.5247961476102341e-05
1286,0.06130234353799174,0.2152895747656851,0,-7.07150631974228e-06
1287,0.2120640840447691,0.1958765311922254,0,2.1392300998276967e-05
1288,0.2451648648945278,0.2857830399837316,0,-1.5782329316761177e-05
1289,0.34438319328592176,0.28928303855437876,0,0.00018325705202178405
1290,0.278966677239973,0.24745245304491537,0,6.0246536547132474e-05
1291,0.06415315111996703,0.13843397513702382,0,-1.414538465726488e-05
1292,0.27249837402136634,0.4394825491303729,0,-6.203758557471428e-06
1293,0.08323875356356122,0.34461339399554586,0,-2.438588155271006e-06
1294,0.0019868617837689615,0.5316571801988192,0,-1.669367174022019e-07
1295,0.3362570647267174,0.22422785290792654,0,0.0014869527600012789
1296,0.07074245114533792,0.06102680517196075,0,1.2104189327663384e-05
1297,0.2788932229792693,0.2189044550652768,0,0.0002503836952663079
1298,0.15857923808692706,0.5061384270486028,0,-1.0292566205854004e-06
1299,0.046073056708837705,0.3999072097882528,0,-9.682112856521252e-07
1300,0.19083434115909229,0.1578246802468746,0,7.203251915646088e-05
1301,0.14832912266602338,0.11510653409417404,0,7.52924181283119e-05
1302,0.15453626875161294,0.340925830273697,0,-5.138258613194047e-06
1303,0.09058883904983356,0.5473800508837903,0,-3.456302112558493e-07
1304,0.2806196078301448,0.10642549742997891,3,0.00803299158308849
1305,0.11497775587073844,0.5933626743705767,0,-2.7841510491722334e-07
1306,0.27510448408237065,0.20320063094982752,0,0.00041583801387294075
1307,0.2679815287719477,0.11830123553806254,2,0.005334098581043106
1308,0.0830959106002541,0.16424611550855558,0,-1.3499838828082162e-05
1309,0.2979742028685323,0.3532590257812438,0,-1.55752434706163e-05
1310,0.02542694779964808,0.27204731471940774,0,-2.8277298429287e-06
1311,0.15139898604143814,0.45516246591104814,0,-1.5948616994209053e-06
1312,0.19245754043949492,0.14494462994357402,0,0.00015484405690229273
1313,0.1320357309844406,0.21918625418043944,0,-1.2906861997591251e-05
1314,0.27973700152210906,0.19780912665331848,0,0.0006131623895119817
1315,0.21633375512171227,0.054662537596581774,4,0.009499485247308353
1316,0.21517120615621513,0.49790293361371507,0,-1.965599392976957e-06
1317,0.08535820487973547,0.006813887314862654,0,0.0006790247292421635
1318,0.05194968526225835,0.5057636696236699,0,-3.5624610542869373e-07
1319,0.2503437261186584,0.35525271556383947,0,-1.113191337514584e-05
1320,0.23606624313005495,0.5983630464904519,0,-8.87005092955098e-07
1321,0.17896755551263138,0.4243346823617011,0,-2.8566563927241724e-06
1322,0.08601118533847807,0.0880944665275032,0,-2.21790689622796e-06
1323,0.27346666713838663,0.22746818497642468,0,0.0001321449766938973
1324,0.13460742532291345,0.29869419251878343,0,-6.401485205674789e-06
1325,0.08871226671644852,0.14773959968228267,0,-1.532762351694023e-05
1326,0.13161172322490672,0.33996626710901273,0,-4.134216419402703e-06
1327,0.15948745801717382,0.4822662823104176,0,-1.318593750810358e-06
1328,0.2853496960692367,0.26490018616671396,0,2.7988622703796036e-05
1329,0.17070554780883535,0.4920982049806706,0,-1.3367355443490627e-06
1330,0.3365939927186426,0.35453230948768755,0,-1.2670667812867987e-05
1331,0.3150855367659881,0.331626013106604,0,-1.2088573951825374e-05
1332,0.17935359710417698,0.22218303585026827,0,-1.577686106654843e-05
1333,0.29443865770305505,0.17032796088336014,1,0.002439791167118307
1334,0.2781309233237637,0.2895343265158163,0,-9.728822992355443e-06
1335,0.27792864074960455,0.05349036599600787,7,0.015812949214798925
1336,0.3091754096175575,0.11892794556685987,3,0.008005410284441362
1337,0.06103884900839171,0.40460819455330865,0,-1.0726687550431703e-06
1338,0.009677989147613458,0.09100706770401008,0,-1.349055017600246e-05
1339,0.03152293366700862,0.5203468796496449,0,-2.51077440404679e-07
1340,0.1141595618729027,0.35979767513932714,0,-2.8521627978704124e-06
1341,0.037941332370590525,0.10071136697226181,0,-1.508503743448119e-05
1342,0.2979093904450599,0.42013932951084776,0,-9.516973899963231e-06
1343,0.24158910185975557,0.28918304293386987,0,-1.581991280911131e-05
1344,0.1522442750627692,0.18031788362898774,0,-1.4471597971048734e-05
1345,0.14926290521357768,0.50997048354624,0,-9.02602607778562e-07
1346,0.08968292441391536,0.027401208141677545,0,0.0003320582063337676
1347,0.05774467546596273,0.5277166433246157,0,-3.030739217480894e-07
1348,0.1047210039320233,0.1633805780947644,0,-1.5350134876837164e-05
1349,0.34268721025064997,0.5828447114474247,0,-2.997572947278114e-06
1350,0.11600640811920905,0.5422129813646147,0,-4.6911838814817066e-07
1351,0.02502542079172396,0.002854201576269255,0,3.9183843377429486e-05
1352,0.015448917863626342,0.25353351740789154,0,-3.0794863049008214e-06
1353,0.009196162299701847,0.12499826155292453,0,-1.0144893034444416e-05
1354,0.3327494334425912,0.5651697229470276,0,-3.2388134469422717e-06
1355,0.1372016293417418,0.5547174680748058,0,-5.115510011725416e-07
1356,0.17004081892339,0.5568136858242279,0,-6.952887664133764e-07
1357,0.025075332980294945,0.5049592056683756,0,-2.745768654365201e-07
1358,0.10685480534814082,0.06476917824118134,0,0.00012495726647150461
1359,0.2195857150335688,0.09123316044745215,1,0.0036242676666537583
1360,0.007630223395203522,0.27624054725799113,0,-2.2706445623331025e-06
1361,0.21209669546450433,0.13766866887654142,0,0.0005048806781105673
1362,0.005640521120735059,0.14933060749387048,0,-7.815331800508275e-06
1363,0.08546950275079943,0.24982445728924382,0,-6.389833902645311e-06
1364,0.3124537056744228,0.5790917081601973,0,-2.303315052397113e-06
1365,0.18774706446927977,0.4475650865655651,0,-2.472483764506955e-06
1366,0.04339928754660943,0.14742859418820112,0,-1.125400118938739e-05
1367,0.15430173508941308,0.42678242434555586,0,-2.180073036813154e-06
1368,0.19420723884398347,0.5891976752159904,0,-6.401825444305415e-07
1369,0.2810986096783491,0.5153376546570927,0,-3.1848976008021224e-06
1370,0.2649182846416161,0.548604653960316,0,-1.944881491305934e-06
1371,0.014928515827080002,0.5308413264078496,0,-1.915320369073367e-07
1372,0.1482567882724849,0.5128708822436778,0,-8.680410220607784e-07
1373,0.19428964011979766,0.5338926505067768,0,-1.1137807554417285e-06
1374,0.3039689906588396,0.20638216735763754,0,0.0010293329255068912
1375,0.0038458880583555175,0.551248616944051,0,-1.3980863367200264e-07
1376,0.2619830907799393,0.5521588295600058,0,-1.8229021953788914e-06
1377,0.24656441863169187,0.06979860471227435,4,0.010789746606402155
1378,0.11697469700280576,0.015637981150965662,0,0.0016945337309339603
1379,0.24087970267957176,0.599518682191194,0,-9.199545224422497e-07
1380,0.05328705188387947,0.5416532223086182,0,-2.5216695410809435e-07
1381,0.25964749469886106,0.14604574426025796,0,0.001982547605805532
1382,0.21146415568440738,0.25330140883028524,0,-1.5781803505981572e-05
1383,0.27571610709409067,0.2151615505919442,0,0.00025776137260491704
1384,0.03306304207055241,0.12130447853866848,0,-1.2812101291225675e-05
1385,0.30892412469055386,0.20919877202712941,0,0.0010930360075314628
1386,0.02683579898244787,0.2286313130190406,0,-4.4192325209755585e-06
1387,0.07199212814850481,0.4370812705086171,0,-8.64878074922669e-07
1388,0.15983039274042696,0.2872571040600469,0,-9.096996857661686e-06
1389,0.2533221116442355,0.5559229114241442,0,-1.6103600418961715e-06
1390,0.05371158437669897,0.15450024647893137,0,-1.1568717890084149e-05
1391,0.10548012818713529,0.38296321174736075,0,-2.075431841304243e-06
1392,0.07765282528916843,0.4343415662674861,0,-9.405939305123931e-07
1393,0.10058328774602747,0.059595885904298714,0,0.00011837426750574061
1394,0.2917784961941882,0.0036754713753072155,9,0.0304877812859394
1395,0.09555432372357876,0.02539722890238196,0,0.0004697162403269859
1396,0.03859504575444833,0.03446849242520913,0,4.483977150043509e-06
1397,0.2574134921893716,0.482543307792473,0,-3.48953981918825e-06
1398,0.11905456911015241,0.23508819830734087,0,-1.0109666995429977e-05
1399,0.27205513916601864,0.044833918603433595,8,0.017474067530718444
1400,0.11622043723677979,0.41618664106611564,0,-1.6574959578461237e-06
1401,0.22850150398634478,0.3138960151233451,0,-1.3064117762585123e-05
1402,0.2660313692618604,0.01921076301613642,9,0.0241745614890408
1403,0.2669111953657153,0.5985301792217291,0,-1.2045872778060662e-06
1404,0.04811154511790196,0.2228580280328565,0,-5.773342159222694e-06
1405,0.3499799865313105,0.46051639417837675,0,-1.0568210648157188e-05
1406,0.3089469403381239,0.4394885507154855,0,-8.804903881505261e-06
1407,0.06174995087015466,0.2149940661005537,0,-7.122612708894242e-06
1408,0.29209687642157756,0.5449988214235199,0,-2.643176502494742e-06
1409,0.2569774845942589,0.13700257061399249,1,0.0024541052189835637
1410,0.09036774701888925,0.02733618249860026,0,0.0003433662551607383
1411,0.25846935977169705,0.5396797205704833,0,-1.9938775865896314e-06
1412,0.16183349776501546,0.12546790987998457,0,8.906717510280656e-05
1413,0.07339089724648382,0.5543307902102672,0,-2.7154004467200027e-07
1414,0.21026320854729114,0.5120268584259804,0,-1.6253221536767356e-06
1415,0.010691726490326802,0.22780675632079544,0,-3.7954968166260846e-06
1416,0.2772702159998299,0.21380865410067884,0,0.0002915739648075122
1417,0.14152767046738027,0.26580064562071265,0,-9.37089636148236e-06
1418,0.13365657026663777,0.5746516296115054,0,-4.0452950486040075e-07
1419,0.34177600566333355,0.02678578770855833,9,0.019779974761331146
1420,0.13238628873637354,0.15802577681694005,0,-1.3970417057266396e-05
1421,0.016464316837572754,0.14556745874823487,0,-8.97417975712583e-06
1422,0.24217514090650566,0.3672454773869079,0,-9.28274817573859e-06
1423,0.17529050373850563,0.39338399081402076,0,-3.74945135404698e-06
1424,0.3148864508752513,0.48514026780756797,0,-6.0010961144797596e-06
1425,0.27359461539410035,0.14269433787709274,1,0.0032023480693526975
1426,0.3215794736377431,0.32322939721805205,0,-4.054269193919645e-06
1427,0.3366791473432843,0.3358252105311438,0,-2.199291465997404e-06
1428,0.07627552618900438,0.596579470403741,0,-1.831753798334722e-07
1429,0.041100131245019614,0.27699210603436103,0,-3.146660155218055e-06
1430,0.06001698163153013,0.380867174180608,0,-1.3462417792266876e-06
1431,0.0941522902973132,0.4071539715302446,0,-1.4554643851223225e-06
1432,0.1545653083080535,0.27586332289359095,0,-9.629619726634156e-06
1433,0.17233107643384651,0.17334736366245215,0,-1.8348783148594395e-06
1434,0.29057841167140186,0.5759223490822794,0,-1.9118109209121713e-06
1435,0.1590232660766191,0.4525906672405133,0,-1.7657343345156005e-06
1436,0.21176510026083897,0.05251469931282322,4,0.009173597626898242
1437,0.32134714969869554,0.5805205789310552,0,-2.4809609473905817e-06
1438,0.09401868599911858,0.24940320403623784,0,-6.972953100327947e-06
1439,0.0978369734014594,0.015098093418630287,0,0.0008044256205812538
1440,0.11614049801902744,0.032818114734192515,0,0.0008122589767155295
1441,0.08203934098802337,0.5109613559080076,0,-4.56762050822903e-07
1442,0.152893444359571,0.3388610320758282,0,-5.159897583078965e-06
1443,0.05411666318436864,0.3824428766207188,0,-1.2493768117243433e-06
1444,0.1396041003204018,0.30190892382110107,0,-6.5133748811366645e-06
1445,0.2474200923445889,0.5697193913287648,0,-1.3227368531433104e-06
1446,0.28552763730979536,0.418983718103851,0,-8.571700900695064e-06
1447,0.17054853874301296,0.14978879470163856,0,3.2751501059948095e-05
1448,0.09013484586950345,0.58433867465461,0,-2.3776009901061993e-07
1449,0.0028432207240220164,0.07492199666114242,0,-1.4346778953235644e-05
1450,0.11108401816563299,0.3106263341507776,0,-4.513946624182993e-06
1451,0.09862283651562208,0.29373210930189536,0,-4.717784645618405e-06
1452,0.003016728765084059,0.34426455320200566,0,-1.0985818626577274e-06
1453,0.05603274099309589,0.201729380409143,0,-7.661736397887434e-06
1454,0.06535886877014387,0.11101482481968734,0,-1.575516280904964e-05
1455,0.11524877900369294,0.26318591365145516,0,-7.491650527243629e-06
1456,0.18485716521160706,0.29481298088593394,0,-1.0663537805605042e-05
1457,0.001105910363758361,0.5582330970698359,0,-1.2685682890189564e-07
1458,0.17958890469100444,0.23876027425487661,0,-1.5326097046265018e-05
1459,0.062160973343884644,0.3449923145612564,0,-1.968613500695247e-06
1460,0.24180378868443997,0.3856920186945842,0,-7.769220732938476e-06
1461,0.2422988235833957,0.038019442977711045,8,0.01770594886582574
1462,0.31930209521394043,0.024260418762973423,9,0.021445373364796915
1463,0.10580521401932974,0.06065281512048923,0,0.00014619248083773458
1464,0.02984957711727281,0.3069501167983402,0,-2.0854636685435145e-06
1465,0.06237857369694805,0.17762104968763137,0,-1.0190342604029796e-05
1466,0.2088163770700961,0.47190522139653396,0,-2.392034268898724e-06
1467,0.07521719530977948,0.008916314206219167,0,0.0004004408261935558
1468,0.05368987433388109,0.2571665332073129,0,-4.34464282196484e-06
1469,0.20479364462872449,0.19712509229552538,0,7.468571662295366e-06
1470,0.1575291446406941,0.12369587363097795,0,7.749332062219688e-05
1471,0.10418023093805719,0.2316953108748297,0,-9.098123915413388e-06
1472,0.21084957779893893,0.37166432730205395,0,-6.599321949961063e-06
1473,0.12198711830381721,0.5134877934470234,0,-6.63682683714139e-07
1474,0.15794485848156734,0.547635367059894,0,-6.75431485759721e-07
1475,0.2134488424847199,0.22030815057665018,0,-6.682913417131094e-06
1476,0.20631686676001096,0.3368970879050803,0,-8.823958347598524e-06
1477,0.0991903860206325,0.01719012864004892,0,0.000778992710093178
1478,0.11357732555951042,0.3299758386621563,0,-3.8174322090112405e-06
1479,0.19112838521154865,0.26114857290643,0,-1.4511371620841124e-05
1480,0.17588732556171274,0.2583873244677724,0,-1.3356787466254602e-05
1481,0.31193323931303935,0.09025958499668707,4,0.010560636315500931
1482,0.1523669178445113,0.1878762559002172,0,-1.5401869015719516e-05
1483,0.129047402815298,0.28267755325742355,0,-7.08864577942583e-06
1484,0.21378065455411974,0.3105794835496218,0,-1.193472276360361e-05
1485,0.0624566090946885,0.07679278480836031,0,-1.0167386413781104e-05
1486,0.06370495708146948,0.33166649089671313,0,-2.283908121814528e-06
1487,0.1633314536957743,0.24790655752484253,0,-1.3155772708906607e-05
1488,0.06490720699347488,0.2556811989234773,0,-4.927254419573037e-06
1489,0.22716262624266723,0.5105369329432957,0,-1.952542550906588e-06
1490,0.02557450167745292,0.34640782742025156,0,-1.347019178320751e-06
1491,0.09877413965621298,0.2523093471228102,0,-7.098724563644929e-06
1492,0.0005986266113187422,0.06191942819953533,0,-1.5185329030017051e-05
1493,0.2955236118388227,0.24429843952131758,0,0.00016497261351397854
1494,0.12334245979188979,0.4055393941590411,0,-1.9793936269310447e-06
1495,0.0941569054026104,0.21751632027886283,0,-9.457653097988646e-06
1496,0.09601212603058852,0.027046709172729933,0,0.00044568280615247895
1497,0.21505791899322202,0.02665567966885982,7,0.017264332395194187
1498,0.27439921643430076,0.0263775535429279,9,0.02196787321195452
1499,0.05869095153960954,0.054875790613428045,0,4.022673672691542e-06
1500,0.31823286704115655,0.08780805292241808,4,0.01061087727057513
1501,0.2569994088826383,0.46280841371510145,0,-4.229168293519065e-06
1502,0.13407011695231963,0.31002609701345446,0,-5.697581126802113e-06
1503,0.2956122042628564,0.4423587418424512,0,-7.548157559280422e-06
1504,0.02535455390714496,0.2610362961732244,0,-3.153846548967103e-06
1505,0.3142485410898731,0.5523688185650213,0,-3.061427970425914e-06
1506,0.17132502241918107,0.03429658352162981,2,0.005675245155649547
1507,0.1420276083040775,0.539920935433374,0,-6.223995667144695e-07
1508,0.3246612042174949,0.03716890159623349,8,0.01760565982033491
1509,0.0930332393967058,0.25492309877653846,0,-6.5449093459536415e-06
1510,0.1634673661585522,0.17937912999537267,0,-1.112541935002095e-05
1511,0.16123609755547547,0.1061328406029864,0,0.0002281002751161569
1512,0.28241253595833304,0.2805160464155529,0,-3.948111967988629e-07
1513,0.04612390414618508,0.2083229778028767,0,-6.529431785750488e-06
1514,0.09427542932199669,0.04332559994958041,0,0.00019549946343781047
1515,0.13597874322633816,0.3354654870561703,0,-4.514543497635854e-06
1516,0.08281316544753123,0.5894813326543444,0,-2.0991784035014613e-07
1517,0.23200393857759447,0.2891380898239328,0,-1.5455489612439283e-05
1518,0.2405322304110311,0.004082792257797263,9,0.029025581999621956
1519,0.2259028158744738,0.23401179130391314,0,-7.560316028570945e-06
1520,0.26389334355458405,0.5882280942475003,0,-1.295647522941963e-06
1521,0.0005240497987871073,0.19788409774299356,0,-4.619409254305296e-06
1522,0.2782994294412256,0.3703184772429686,0,-1.2395447435260237e-05
1523,0.05859964023912655,0.32584579124020124,0,-2.300441164083215e-06
1524,0.20930633693735873,0.027145774566272294,7,0.0159266200768178
1525,0.01821536776080554,0.2826166385674644,0,-2.3678895646672964e-06
1526,0.1558457048698014,0.5733751150706656,0,-5.113351881773639e-07
1527,0.20263541399234275,0.09760262401769537,0,0.0016944729594491313
1528,0.04023362307810608,0.3331547792826112,0,-1.780258225673209e-06
1529,0.28882093545105914,0.32290411643255607,0,-1.548288669555498e-05
1530,0.34823491704307546,0.32119045835874027,0,4.120197037551562e-05
1531,0.3329925486548675,0.08119070796798855,4,0.010593431771825456
1532,0.2693218204989816,0.16354163548638295,0,0.0014866844815623085
1533,0.06937249920273311,0.3725879632427657,0,-1.605593786016276e-06
1534,0.09053448487136631,0.4143846787479786,0,-1.3059338564794762e-06
1535,0.14829851020141174,0.5463105934835301,0,-6.216005690647745e-07
1536,0.17056945209805816,0.528936440604448,0,-9.236501448498141e-07
1537,0.3253956466580666,0.44029010606927704,0,-1.0169499501321053e-05
1538,0.06503243169761674,0.3680816284428703,0,-1.6083555880927484e-06
1539,0.14470043401510718,0.29597289240404984,0,-7.250395194725501e-06
1540,0.04162386343930136,0.25487566316676735,0,-3.942886745626097e-06
1541,0.14824183214354889,0.03428030336579297,1,0.002639963865720877
1542,0.308834470985091,0.16114277753488732,1,0.0041074903865353125
1543,0.3184477552937714,0.4870576181072961,0,-6.098049232916839e-06
1544,0.25420769574786845,0.5161478000307054,0,-2.4172883521785078e-06
1545,0.3357456735861385,0.23795626613649146,0,0.0009550920361023838
1546,0.021081973960861332,0.06351418899204864,0,-1.570257071635503e-05
1547,0.12511742603028597,0.37487093295965107,0,-2.736895220050833e-06
1548,0.242378432304842,0.048326890937229104,6,0.01508018681879161
1549,0.08871426089848783,0.479224033370602,0,-6.706043717266693e-07
1550,0.10212695741791553,0.42516577579619036,0,-1.316354183640853e-06
1551,0.34763018453858513,0.22945118842917722,0,0.001700096744360892
1552,0.1367373380730098,0.27652180550956085,0,-8.09820494602125e-06
1553,0.3031772626773658,0.023753457225402473,9,0.022146202972550533
1554,0.06974702857565672,0.25566030417079594,0,-5.1696621060785236e-06
1555,0.05958531212786777,0.18216056753682186,0,-9.530876548264116e-06
1556,0.18996573445618817,0.3538029461442287,0,-6.410235880335693e-06
1557,0.22061395167395415,0.16459034572150955,0,0.00022517581497285592
1558,0.3259465937189918,0.5292779373051543,0,-4.326733274202407e-06
1559,0.1302274567461125,0.008167942042102671,1,0.0037149907792254997
1560,0.052127015984401795,0.5549613483871091,0,-2.182030967473703e-07
1561,0.17117036823781076,0.20414424331694891,0,-1.518289488563816e-05
1562,0.058473138600231664,0.33226067128088643,0,-2.1549095438917727e-06
1563,0.008597449836550336,0.12976603244202034,0,-9.660588549787435e-06
1564,0.14483207394892036,0.46479354637610787,0,-1.356590539478576e-06
1565,0.2088618997954736,0.40411720587338296,0,-4.701314048745349e-06
1566,0.037418559592770066,0.06038613214077031,0,-1.321127260645579e-05
1567,0.2852033947452024,0.3095182652726666,0,-1.408539143418732e-05
1568,0.01851159676233581,0.27294445008230184,0,-2.6157591774851145e-06
1569,0.27637228025017185,0.5358576763297329,0,-2.475999785513874e-06
1570,0.29895751967585843,0.19735921938465714,0,0.0011946462944337527
1571,0.23107260118392256,0.5454150905217555,0,-1.4327115545604392e-06
1572,0.04831213087719475,0.26568687745629954,0,-3.7840511688852072e-06
1573,0.15989184649922816,0.5995223142077548,0,-4.0992398170887753e-07
1574,0.27421936118459556,0.08069103249977745,5,0.011280973300631127
1575,0.21398734277740983,0.5875198203508768,0,-7.930924722730705e-07
1576,0.3487008729992376,0.49693690461822476,0,-7.429125126639054e-06
1577,0.0816945568329741,0.07035842514104466,0,1.467108854987298e-05
1578,0.2640827124127171,0.11335245456199489,2,0.005581935006842231
1579,0.22840740812638666,0.30103745676803684,0,-1.4279597096337904e-05
1580,0.17341077533916344,0.43352273770755184,0,-2.465904900754639e-06
1581,0.07642449147302377,0.23698624387840783,0,-6.6319335726116656e-06
1582,0.23790080815783057,0.38827726226966064,0,-7.299115598312367e-06
1583,0.29315242892988413,0.48242795716495995,0,-4.977983609891142e-06
1584,0.04515573417152474,0.5712859035075111,0,-1.728722304543285e-07
1585,0.3035486852122055,0.006457313347357663,9,0.02902022534822592
1586,0.16310769889077328,0.43860958963130037,0,-2.1149255537817522e-06
1587,0.0935171652990348,0.5600910979114702,0,-3.1340847968322677e-07
1588,0.2371218418155616,0.5664160124371767,0,-1.2336711100122057e-06
1589,0.12635920765000355,0.4290529425362668,0,-1.6126636097633913e-06
1590,0.19321803396627724,0.5495074199638688,0,-9.426653071766058e-07
1591,0.23606607928156242,0.263138709572735,0,-1.4471300519618655e-05
1592,0.21813955494844053,0.017966095155416407,9,0.02089792002011063
1593,0.061226311710068586,0.1320370328207534,0,-1.4451918106668286e-05
1594,0.3260756217707616,0.42582163556053265,0,-1.1616449036980363e-05
1595,0.19162664745692,0.2433090886160781,0,-1.5693882374901166e-05
1596,0.3025658972065178,0.25436296993440677,0,0.00014170608718740268
1597,0.2078327253729407,0.42563401047880894,0,-3.7578922486496e-06
1598,0.1960483160618139,0.38320976644357474,0,-5.09497153806595e-06
1599,0.12793714006269843,0.19830843964204795,0,-1.4484937768161178e-05
