,X1,X2,Label,f
0,0.22163951458160286,0.4885195133362831,0,-2.3025537565239036e-06
1,0.2503371219742719,0.06455717178327626,11,0.012295220120599878
2,0.03216836557345189,0.24672994838130435,0,-3.892270728932455e-06
3,0.3339517525237396,0.46015929334374084,0,-9.163068196930127e-06
4,0.2520146761289814,0.02305420079668483,19,0.02261906195914654
5,0.26528404102910585,0.5632620145342033,0,-1.686059995595892e-06
6,0.01416953236327212,0.0595145261199917,0,-1.5747035089988793e-05
7,0.141726948107645,0.19675926462506624,0,-1.5545901598642378e-05
8,0.33872999822205996,0.13882353677977707,6,0.006781350614720541
9,0.15355825166604947,0.5317190265928616,0,-7.580166991456827e-07
10,0.1264744926346311,0.30779097833289604,0,-5.405038168212521e-06
11,0.042154576262680876,0.44542485301719525,0,-5.906129957515263e-07
12,0.20804360641739672,0.3283390011276433,0,-9.708587020322894e-06
13,0.34669015516040524,0.16646604512437532,4,0.00531085692905501
14,0.3010497773235163,0.15402231706512526,3,0.004219718270983164
15,0.1899981400482979,0.4630999528273432,0,-2.165175492831107e-06
16,0.19439781805881678,0.026047978864851152,11,0.012831831863938365
17,0.27471258236768714,0.1805940776432835,0,0.000975273309748985
18,0.12356811361790027,0.5801550693835525,0,-3.461807944203935e-07
19,0.3421446551296153,0.5822708958171383,0,-2.9985523329690144e-06
20,0.053722391718387906,0.5966527957510483,0,-1.4612395346715202e-07
21,0.09862041084735022,0.4629617383408078,0,-8.710580367674637e-07
22,0.07792882040630958,0.036886044447156124,0,0.00011986212437187189
23,0.2775092495090617,0.17527025672676005,1,0.0012899419989511511
24,0.20112226370100633,0.21231332626159755,0,-9.131083129412538e-06
25,0.1365088446916575,0.0034373067199553018,5,0.005498574318032007
26,0.2616142801851291,0.09876395318481347,6,0.007402619574835363
27,0.14680580078555142,0.042677794332429936,1,0.001814531277385457
28,0.20241484968878856,0.057656716204665504,5,0.006424907057183586
29,0.022245191168736078,0.3946077984784566,0,-8.046838094093823e-07
30,0.05323724735995157,0.26639798438058837,0,-3.945886396236953e-06
31,0.318797040512761,0.3807752533690139,0,-1.5156184659309872e-05
32,0.08454072996166365,0.09840083706461111,0,-9.993169554447453e-06
33,0.2833823736521984,0.05215979693157811,14,0.01602797995931043
34,0.20670963408018286,0.5633975862909908,0,-9.38686694482656e-07
35,0.08490404573345926,0.5369939394281245,0,-3.6229361139107556e-07
36,0.00048290352985583956,0.5867184270121378,0,-9.482061211433885e-08
37,0.1954970289492893,0.04957110249906664,6,0.006856517031826593
38,0.25415654326370485,0.1188984942224793,3,0.003917429224438396
39,0.27871154936982345,0.4336095467081376,0,-6.979046166120005e-06
40,0.13252724408312533,0.25345041738643176,0,-9.666558147067024e-06
41,0.074259232874996,0.21163184317983907,0,-8.294590025090613e-06
42,0.23017328500442666,0.14963562402505923,0,0.0006310576631590186
43,0.1484015112216,0.4028686347353289,0,-2.610061509478256e-06
44,0.059112566155399913,0.34788918002312363,0,-1.855122736901221e-06
45,0.306796120773937,0.13272277102091556,6,0.006629339848709081
46,0.28465238829187045,0.27680907036824737,0,6.223418295523002e-06
47,0.1432892947003169,0.12100527026122342,0,3.747913841320513e-05
48,0.26191208483978673,0.3593575509562644,0,-1.1859987717018866e-05
49,0.004653073657336981,0.22552752796325265,0,-3.656265225963696e-06
50,0.08555322835149115,0.4105331000458911,0,-1.291356013694234e-06
51,0.3190730197181656,0.13940585261646024,6,0.0065210856102321585
52,0.308134752777208,0.1557297479024833,4,0.00454080892071639
53,0.0663691269857531,0.14945862187079986,0,-1.3314069027680656e-05
54,0.34199324929742164,0.042810703826274554,14,0.015528138707187503
55,0.3015498606343,0.09956596353403302,8,0.009732388771198105
56,0.13852310890799555,0.023124665016119136,2,0.0028400879603253056
57,0.13395069522098846,0.007059703808054152,4,0.004413763297258928
58,0.13940688379784907,0.05971595984106513,0,0.0006829543537216799
59,0.3056529676286038,0.01248043099554827,19,0.026233602661508055
60,0.2519570562690462,0.005162073500728601,19,0.029196199807849037
61,0.041842379868392184,0.5003916379858596,0,-3.398102370525958e-07
62,0.2286442178539181,0.0722693756669472,7,0.0077610627057244485
63,0.16127737574377454,0.060496489246072774,1,0.0015567062049465885
64,0.24908584763219616,0.020695646687466165,19,0.02323719472203801
65,0.2914814324594467,0.04951717042395243,15,0.01635482700441769
66,0.163467079655751,0.049991659072191205,2,0.0025142439679227066
67,0.16801969422077387,0.015923925989271462,8,0.009346547383909084
68,0.2134616919228723,0.40218440250743404,0,-5.015007673819205e-06
69,0.2906046662950438,0.13805944586623156,4,0.005027006786178919
70,0.2101280086470756,0.14027724081832899,0,0.0004178481700127592
71,0.24798846623661086,0.057832561760156304,12,0.013478945055011377
72,0.01503043778236149,0.30876690466929346,0,-1.7663108192388467e-06
73,0.27598704093347914,0.014989180292378834,19,0.025661683400101276
74,0.25875466556171656,0.20865953025065717,0,0.0001638323049669933
75,0.01989807931741118,0.1174785259565203,0,-1.1888339891263897e-05
76,0.3118054871171188,0.3267629474563195,0,-1.1492286510697475e-05
77,0.338004790096273,0.1636324641171826,4,0.0053047332034022255
78,0.34273543892546515,0.22762967070288959,1,0.0015892607302148709
79,0.1451025571558104,0.04865160065680224,1,0.0013445824112074518
80,0.23127845795883473,0.27360604496335716,0,-1.580945571604e-05
81,0.2122829249294539,0.10512817829171331,1,0.0017930318684814277
82,0.3481275764510507,0.27385793260478186,0,0.00040145201555270095
83,0.30927923321032363,0.0421132516322861,15,0.017165207154870122
84,0.33331766507781707,0.23088550296057156,1,0.0011179178019949615
85,0.19421444512601468,0.06670562515804325,3,0.003828120238636931
86,0.1621649845504006,0.06625350206536929,1,0.0012848220754122874
87,0.32879253029457317,0.20976723556822438,1,0.0018639133101144751
88,0.12068363362649297,0.013828803937714736,1,0.0020997041013914074
89,0.16144565286514487,0.009839718759277173,8,0.009475556781575417
90,0.3220076102680521,0.1271970596594345,6,0.007520843613838024
91,0.15502069618291675,0.023738909140056164,4,0.0049002127495592325
92,0.20086738438921936,0.07583763722216139,3,0.003450495757913362
93,0.3164484979165834,0.06679412046341793,11,0.01286704688340292
94,0.3093623659921706,0.20995491975842684,1,0.0010801825966168337
95,0.2943703309170843,0.15786343260660554,3,0.0034038531873331096
96,0.18346833676471985,0.06887177499276638,2,0.0025073751642003053
97,0.2801179982413686,0.1603643331182239,2,0.0022580719148965296
98,0.12580133433714857,0.038730659616879846,0,0.0009404211872834059
99,0.03620343727908462,0.006870602672161239,0,6.275054887102428e-05
100,0.21306292824098294,0.031116688880409332,14,0.015401756077735279
101,0.2879940445127656,0.08780851658549568,9,0.01082863216154444
102,0.30891273189297364,0.5313245488070396,0,-3.5806701346094476e-06
103,0.17987283436846258,0.06566908796577443,2,0.0024922819517663192
104,0.003669082915476995,0.1695823855379874,0,-6.2995201741396394e-06
105,0.33540237760220504,0.06757817629500895,10,0.011876334065078554
106,0.31333839653264545,0.19060830648894334,2,0.002187127234595201
107,0.33501137749928134,0.0934390575124399,8,0.009519697252624993
108,0.3346659258688315,0.13629822243241066,6,0.006945103190996996
109,0.3260926664953009,0.07932555651444465,10,0.011080763491663244
110,0.18831002688900067,0.15875638286374572,0,5.8722202461497855e-05
111,0.1721655122266043,0.06388200422452263,1,0.0020342883591073333
112,0.20467682008354685,0.09283291316664781,2,0.0021600630291308395
113,0.3274439186564644,0.24193292784024795,0,0.0006369991752968305
114,0.19529089614695744,0.03333884560383484,9,0.01080949009525488
115,0.18312884724742604,0.001219822795620093,17,0.01933035644982762
116,0.3459156142187589,0.0076440974032465185,19,0.027706426575426584
117,0.3151136360246403,0.04440279886841736,15,0.016449749267287223
118,0.14901785134428466,0.060839960546494605,0,0.0009592967426891436
119,0.3308084561956865,0.20003707344571303,2,0.002514782016171015
120,0.259063472230675,0.49603631885503513,0,-3.100896535263652e-06
121,0.30746563530139803,0.1670718837040284,3,0.0035184492336381313
122,0.17235025701117168,0.07162038946162423,1,0.001525502401610128
123,0.29735765591616464,0.20396975043181906,0,0.0009032129419303454
124,0.11171301496985392,0.3605760627110427,0,-2.761922371779759e-06
125,0.22524704464553974,0.03456157335362954,15,0.016534399665144254
126,0.28543783833304043,0.03974059121762774,16,0.01844769116431522
127,0.3469012882663311,0.14747997042200003,5,0.0062775992868859595
128,0.21844747959968353,0.09993965638025394,2,0.0026287846299047446
129,0.2844674532973968,0.13648876300337973,4,0.004702094753202099
130,0.3341141857135802,0.1412323433238831,6,0.006650091106093903
131,0.29072339300913513,0.04591887087682642,15,0.017049032884080988
132,0.12267825526268586,0.05827780527415631,0,0.0003580485862433562
133,0.1521520787919798,0.0190193764313613,4,0.00527442658983415
134,0.346071967112008,0.2511833056781432,0,0.0008443254086479001
135,0.3174514485965985,0.0794434241555283,10,0.011423415696951987
136,0.31189926200426166,0.06534756623061705,12,0.013237894320870889
137,0.27227997110756635,0.1778600507504637,0,0.0009911951145361467
138,0.23376930080728622,0.049257268200200294,12,0.01375558565853601
139,0.2140897517088767,0.03321932838098787,13,0.014941438423992719
140,0.1524025027419197,0.06550299786600958,0,0.0009070255415279079
141,0.3394001288903756,0.21957257076529788,1,0.0018326167904441529
142,0.13789863214375275,0.017052890766147428,3,0.003493184026205813
143,0.3469197143142213,0.08196672854873796,9,0.009841749303052795
144,0.13440404135440512,0.006470674493903483,4,0.004582147529258503
145,0.3159413260199543,0.1928427515137619,2,0.0021879405397859596
146,0.11769582905305655,0.0013412024426166687,2,0.0030576155426657067
147,0.17767333045898948,0.05799315960652448,2,0.003053740125823846
148,0.3486264211650336,0.02117860467759136,19,0.02148839001627158
149,0.13152036494891198,0.03306340299118482,1,0.0014828731022550324
150,0.14269891666918746,0.03896363916041139,1,0.0017983872214746349
151,0.3264555335787742,0.1269571128361862,6,0.007551577314595376
152,0.25238821934857913,0.03282748146915768,18,0.019811369120703217
153,0.21881236911286495,0.02268150830490312,17,0.0193193953025382
154,0.29515227805935756,0.013736075369916528,19,0.025917531110002126
155,0.2101112039108389,0.01108934430768295,19,0.02207093706050648
156,0.23219161010488723,0.05162106378296383,11,0.012928739145047226
157,0.23881602066743696,0.13144155151280545,1,0.001697309607299736
158,0.2384837376275876,0.06522846432111293,9,0.010681529744584174
159,0.19232551675225512,0.02304205182156875,12,0.013311907818286818
160,0.34993937044703083,0.42841798334578146,0,-1.3717891505130131e-05
161,0.19165183707489683,0.04431778302681239,6,0.007274516055600521
162,0.18822798405234273,0.07292484916704187,2,0.0025434423889756264
163,0.17403842302561068,0.06772480456760471,1,0.0018819698310856181
164,0.1411972112611531,0.04592275050037933,1,0.0012895377184344193
165,0.31027974171640466,0.22806613533401876,0,0.0005846675453293298
166,0.3405047053537114,0.06824495485133121,10,0.011539175430595827
167,0.3494688588639551,0.07369339376810514,9,0.01048380360684441
168,0.13127134770383994,0.02484764699161037,1,0.0020328533388758443
169,0.15066577311015192,0.032019420529834246,2,0.003131541359256292
170,0.29880504408171776,0.1656872618654824,2,0.003061785867982716
171,0.34880581985289144,0.17614660802733337,4,0.004807819636756552
172,0.17045119145044954,0.05056059386840028,2,0.0031322298085160547
173,0.17467240200605055,0.047426101074246135,3,0.004021308991922839
174,0.29529984026665446,0.19877166423665976,0,0.0010135071151210107
175,0.27849372093901537,0.12763533736538174,4,0.005180733324569488
176,0.32361052456200223,0.10230464911680326,8,0.009289114438651042
177,0.14224932751259875,0.0005401095665190925,6,0.007340387229128343
178,0.3392324774077513,0.2117982597250154,2,0.002234774554281851
179,0.2634306740768984,0.07775330551526027,10,0.011026663489959922
180,0.277430664929734,0.0730533291457814,11,0.012584329873206856
181,0.2268959240538311,0.10612319907391517,2,0.00276670970920039
182,0.29323227996540824,0.06203330852344184,13,0.014269365470087279
183,0.3265830593917292,0.122864878028411,7,0.007824296326156133
184,0.21915591602355805,0.007630084260709963,19,0.025140370068677025
185,0.18522565489603607,0.0036891576171673712,17,0.018862272235394204
186,0.20408204097979932,0.08397441796966867,2,0.002890831932597989
187,0.33936079473482333,0.24358257302107808,0,0.000885018151711246
188,0.2988426466567636,0.18113781194031744,1,0.0019928795984471793
189,0.23794875389771616,0.14829695149486138,0,0.0008891146343778041
190,0.15055074356510875,0.06299237563686698,0,0.0009337299654762315
191,0.3337060111939062,0.23120765274623747,1,0.001119047983327123
192,0.23255300087001032,0.12151458140421129,1,0.0019589046221885845
193,0.30459674092241135,0.1943297345325193,1,0.0015583073295011422
194,0.2873806308215509,0.16562955058140794,2,0.0023376766836969076
195,0.25802396582312404,0.15231608421705148,1,0.0015267160410832698
196,0.2828665810200044,0.08274795702831605,10,0.011349328917732401
197,0.2751086876728377,0.1558192003835874,2,0.002263910953532821
198,0.2822403593418711,0.12692461539574934,5,0.005588451973037521
199,0.20773216669583333,0.08296892469128288,3,0.003348994022903794
200,0.20746970550061217,0.012876918354306554,19,0.020788259747581767
201,0.26532668878268,0.05938807728185369,13,0.014446911830812249
202,0.34035279807270113,0.085562474059719,9,0.009870554081703675
203,0.29665510520629995,0.17393043853885212,2,0.0023259918262381347
204,0.28752608776323285,0.008771439668106229,19,0.02809443628250494
205,0.19958347000520002,0.026142407333866816,12,0.014054929138305127
206,0.23631271870045478,0.007772317672621223,19,0.027128130840327325
207,0.11042090594148773,0.0010334735740966505,2,0.0023538692506176644
208,0.15171759683233238,0.05872099767392583,1,0.0011611395948371746
209,0.29600380772245,0.15292958522790542,3,0.003960430236309689
210,0.2261242416738434,0.09848280913121543,3,0.0034650265132613717
211,0.19243938908218156,0.014689145569420026,15,0.01636220306660975
212,0.11446676451482922,0.0029510912168554983,2,0.0025449412779082947
213,0.10995246760267065,0.00024653419425149507,2,0.0023852172627379154
214,0.16726623785914507,0.0015215171295242386,12,0.01407697496367157
215,0.24142409691263916,0.11395790457049867,3,0.003267550725140839
216,0.2203641059472669,0.09682024000784646,2,0.003092929018824114
217,0.14465567754635478,0.01933092614634895,3,0.00406240769778096
218,0.11970259703509024,0.008625783905500296,2,0.00248198425367642
219,0.30594049536650136,0.17734074249634005,2,0.0026401587838713113
220,0.14850517242582467,0.06754285649668892,0,0.0007135725144686761
221,0.1606532229791307,0.0522851168669736,1,0.0020860120819274843
222,0.29050834785155216,0.21550775163090458,0,0.00045917122220658486
223,0.31250727461289396,0.016071059036397006,19,0.024602892385883875
224,0.3328245929111323,0.12310067066641708,7,0.007735566813458683
225,0.1700848180767836,0.0028065987024338684,13,0.014460246078205114
226,0.2568513393486912,0.08458424688615822,8,0.009203838023007631
227,0.3424184044887789,0.24437890479061375,0,0.0009458977735616989
228,0.3402330917270594,0.035972599460161625,15,0.017208501802734182
229,0.1799892194223101,0.039835261083794156,5,0.006097670497038075
230,0.24011808675387555,0.16630055429291976,0,0.0004738580520107692
231,0.2542998806444452,0.03358668773886544,18,0.019698010418315974
232,0.24791541652438792,0.05632123774814843,12,0.013804655168838118
233,0.21342260004120994,0.01622617913126234,19,0.020692941619257534
234,0.3111534429420721,0.20403510927152435,1,0.0013835474348017872
235,0.31660781177414005,0.09991765616750495,8,0.009629179288550636
236,0.3008003152422378,0.003067534611592704,19,0.03077585382954946
237,0.32880759516015623,0.15898497799073236,4,0.005337832689530775
238,0.2931225217475417,0.07185501819901001,11,0.012904407307809888
239,0.19943970478250947,0.10054370091257898,1,0.0013555478432796678
240,0.30698859892918107,0.15569667854187325,4,0.00446941112319017
241,0.31935025458129934,0.2158695708783027,1,0.0012027245025376047
242,0.21517858645954388,0.04552156472201538,10,0.011585448520219279
243,0.2353192263915302,0.058398002261262724,10,0.011759247571331115
244,0.17704709267300858,0.0008128307321481412,16,0.017561840266942765
245,0.14875012134124732,0.05015170274030984,1,0.0014566227841937948
246,0.3376090110817683,0.15448159287994218,5,0.005873896202028171
247,0.31621266680786936,0.050297794728736175,14,0.015302344902599354
248,0.23743746696806994,0.09843193242457243,4,0.004673430919411695
249,0.33199922151530475,0.18501035951788872,3,0.0035768986415981832
250,0.2851154160731911,0.17437210675483175,1,0.0016769573565892963
251,0.21053232268904884,0.10384299960296704,1,0.0017699667119365427
252,0.3343700662058164,0.22361911011179197,1,0.0014406520669340802
253,0.16199012875919916,0.029137833895892157,4,0.0050724301822938035
254,0.16262527431459112,0.04466716550829572,2,0.002973344638796237
255,0.29915928727631474,0.2029085090141395,0,0.0009945266938338874
256,0.25888336182285476,0.06986395843390782,11,0.01206441348263383
257,0.34112455056578583,0.07474313398564422,9,0.01080454416781156
258,0.33893812599717105,0.08513213758089204,9,0.009973604288292087
259,0.1530718032869939,0.012396454532524338,6,0.006831451407518567
260,0.26438300500751,0.018292211485324783,19,0.024465236355912648
261,0.23091420411228017,0.02990528813376564,17,0.018774643695886398
262,0.3326743324182044,0.23270136790575138,0,0.0010344967376504093
263,0.32670266955871696,0.21436336122674252,1,0.0015484378127460113
264,0.22029797964173822,0.09086393965893996,3,0.003742134754077661
265,0.3364582591511225,0.262279708739483,0,0.00040916688804721945
266,0.219570141328235,0.10461805165587504,2,0.002320354814005083
267,0.2766235650678936,0.08067450116770557,10,0.011403635888317215
268,0.26872357799232716,0.07964762352353072,10,0.011109234334732078
269,0.32243048332934476,0.15058897487312253,5,0.00574075798986666
270,0.23496236023400513,0.08845137603881878,5,0.00581701490057773
271,0.11931370001194382,0.007106925244726484,2,0.0025955514814925518
272,0.2023944613544449,0.02723890808771596,13,0.014350561493116589
273,0.2744796254305347,0.04808077697961388,15,0.016826240992179983
274,0.2979975971302388,0.08776335181973192,10,0.01096560720522441
275,0.2524809187839333,0.08804726990304543,7,0.008106378023659246
276,0.2612490555096674,0.1771726226242617,0,0.0006886241700407969
277,0.3180542890732279,0.22025131347885873,0,0.0010007197878088593
278,0.20209154886072359,0.10457263865586013,1,0.0012802791800969491
279,0.11887165815551182,0.0024336777305450303,2,0.0030614275459382697
280,0.2637398547982087,0.13974555964976204,2,0.0027166091353512277
281,0.21532536883730197,0.09101896813143197,2,0.0032219215185511543
282,0.3125999112652531,0.19064023312639597,1,0.0021465912835976152
283,0.11934306099115773,0.013139815550543008,1,0.0020501835102089343
284,0.2891566104971139,0.19168096267717094,0,0.001063054426470614
285,0.196418752924737,0.03865935298821528,8,0.009591686312830975
286,0.18900844153953208,0.04554396870395433,6,0.006536807844411291
287,0.3100710469456828,0.07560403950392244,11,0.012083929520453984
288,0.31516596026272087,0.14131179655914433,5,0.006219242378034006
289,0.23650494828025473,0.10506504088204273,3,0.003755997764729324
290,0.16314302557253252,0.05208998311222344,2,0.00229782581752751
291,0.22442977127091213,0.06721723306528127,7,0.008113458789528507
292,0.2688463803455923,0.08099015136710991,10,0.010899700459862686
293,0.20249060980169575,0.09449490012946304,1,0.0018894570454134451
294,0.2761958388145572,0.14176825535889248,3,0.0034907208266740032
295,0.3236821152040733,0.12717529036208491,6,0.007532356244616925
296,0.3271826463070256,0.062178121782503176,11,0.012964532517570628
297,0.2432964498755709,0.028181049843954656,18,0.02056023252530339
298,0.14090098202793838,0.014438863323807977,3,0.004273792977814893
299,0.3128360779081998,0.18968557435000202,2,0.0022169144389122385
300,0.32813336849027397,0.07903312076408107,10,0.011017288036358604
301,0.2382274047266216,0.1385529065543396,1,0.0012910670371725557
302,0.12339665549383518,0.012939582741118894,2,0.002408910530699976
303,0.13680947377676275,0.006490909481553939,4,0.004971521424294036
304,0.17472679579311914,0.06905566809100884,1,0.001834429566319639
305,0.1586920222084452,0.004700864877684827,9,0.010340849577782408
306,0.26189815028805197,0.05482152525993009,13,0.01517207426146169
307,0.1733932970553546,0.04089281594413382,4,0.0048377667099986305
308,0.2704438279316425,0.09942437955746783,7,0.008176403192212118
309,0.34850206977452286,0.2339282518602354,1,0.0015344858318195693
310,0.13351473965979785,0.03550815685023678,1,0.0014526995520460079
311,0.3136390736696581,0.21550769173676743,0,0.0010233733749021978
312,0.24297843933118124,0.029618390899148705,18,0.020111934771933824
313,0.2737517607836482,0.03896211082130447,17,0.018758911810232134
314,0.3042763650519581,0.09228058224341014,9,0.010473713559490587
315,0.12906842713973096,0.005952765888971499,3,0.0038750374786616854
316,0.1129317945234723,0.016162149666887435,1,0.0014164783545840384
317,0.34115461712291373,0.1768555544197781,4,0.004542749391342366
318,0.12840083166974642,0.021653772520181722,1,0.002067626287759672
319,0.3172076726368585,0.1906635028599384,2,0.002389279852301169
320,0.2015218469596585,0.04657156879635557,7,0.00864354319568245
321,0.15869829815130052,0.0643541171225296,1,0.001213627536547563
322,0.18735534592154582,0.00233628567974839,18,0.020119184553315888
323,0.22612997046081137,0.04693525705057843,12,0.013176737696227004
324,0.277923137853622,0.15607693688424193,2,0.0024233535365896274
325,0.1163258517546258,0.02997896917267935,0,0.0009210674671911251
326,0.08761962263373452,0.0002319407746094626,0,0.0009849320659387562
327,0.2896992582157821,0.03826676509559629,17,0.018675248990444097
328,0.2442770589383217,0.17978038214021927,0,0.0003187084807837765
329,0.21456128750343925,0.011067390683249112,19,0.022939107029436582
330,0.1061876861652513,0.006874367663310253,1,0.0015816170156932395
331,0.27876173624473066,0.17095517705128907,1,0.001551451198487264
332,0.2439846656337767,0.06593991490121498,10,0.011266440844458287
333,0.1558770506248332,0.009082382702080437,7,0.008300730567766519
334,0.19225000253826885,0.021370209716445453,12,0.013864307973778666
335,0.16358442211794788,0.009668934258165063,9,0.01008995017016578
336,0.25224440017906935,0.050652859631267866,14,0.01545321324000874
337,0.08829140942672568,0.003737764701066154,0,0.0008742287069653004
338,0.28206576204708717,0.09168584845104137,9,0.010099818734754509
339,0.3190529744582752,0.09654074871774003,9,0.00984942477718881
340,0.3339263047191975,0.17524803333767605,4,0.00436466040422925
341,0.2404267717402337,0.073475377045528,8,0.009243000871142888
342,0.2691385556008176,0.16350394667997278,1,0.0014800516043021264
343,0.11813343910543074,0.012193335960357508,1,0.002032303780949622
344,0.30835153703800994,0.1950080675962852,1,0.0016936390519297047
345,0.1513933992420826,0.0034794027308778647,8,0.008764492011545466
346,0.24756078078499175,0.05244169798698968,13,0.014642856198292442
347,0.20201745468543197,0.06383657483131283,4,0.005267129665504451
348,0.2472962260150824,0.1273547391862933,2,0.002528308106376501
349,0.3353769924433028,0.0958603731735053,8,0.00933347326097546
350,0.22623675520154748,0.07604484891803913,6,0.006699811634472637
351,0.2118177620312196,0.01857616447143926,17,0.019489971877157862
352,0.16568469686552528,0.02881049092000347,5,0.005754342229427169
353,0.12708638704288358,0.009251400764034606,2,0.003183837535067096
354,0.3193176718734641,0.2280669337940483,0,0.0007961913798539367
355,0.1919136280003955,0.035854602137766395,8,0.009367264053607997
356,0.26894740498751935,0.023512391804504727,19,0.02282519607514415
357,0.13747506359286496,0.0034177648027635134,5,0.005682654188709197
358,0.11593335479078305,0.02798041640420255,0,0.0009847118016777644
359,0.28641062286805125,0.11262984250314739,7,0.00765112001637056
360,0.321529696527913,0.10653563927540469,8,0.009025195491210765
361,0.2669365658560686,0.1115737906496881,5,0.006108364438275204
362,0.12282855328801685,0.03395894092489471,0,0.0010157122907385957
363,0.29548951744524266,0.13760665311038983,5,0.005441979135495396
364,0.16856497736585282,0.03216468434633002,5,0.005608783562076493
365,0.12883161110606195,0.010092890464535167,3,0.003284808842502077
366,0.3166227379643317,0.2212671661679244,0,0.0009241354438400643
367,0.10702690660195717,0.04212012695252446,0,0.0003699719386736327
368,0.10104921265041542,0.018964080528282246,0,0.0007806983241027755
369,0.34562222245745455,0.08006535244891447,9,0.01007291200822081
370,0.12105622943670107,0.00926499000296737,2,0.002546890981586966
371,0.2163705653695561,0.1029008857151635,2,0.0022224381766056756
372,0.16921886120144455,0.0033953445967892654,12,0.013952074665900554
373,0.25553338467724523,0.015569072518613572,19,0.025225453537009945
374,0.3157616422083801,0.12460215820358597,7,0.007646476370132313
375,0.15195931715141026,0.057505916624414094,1,0.001230297004565687
376,0.3484457943268617,0.1814182732244398,4,0.0044926634069608175
377,0.2727577064285206,0.11395315494336972,5,0.006356369623970521
378,0.16383927066980764,0.01689651003688994,7,0.008082523304857654
379,0.3069044427539918,0.09578919241083303,9,0.010115037070200901
380,0.3219300562204681,0.0966780519143775,8,0.009760031405742615
381,0.2864194018808115,0.1573631149320786,2,0.002890703366171236
382,0.2322478856608697,0.12701707886860408,1,0.00159846969643474
383,0.2119211747529092,0.027208323640935006,15,0.01645333253326268
384,0.23595845070326732,0.12203556447530707,1,0.0021428651388059813
385,0.33321604898216806,0.21891499050611346,1,0.0016049209368620137
386,0.32157439591060566,0.23720047040302836,0,0.000618895693562984
387,0.21526935872712644,0.01794936158120992,18,0.020391227437737088
388,0.1080429117041972,0.020458829964844265,0,0.0009768211174649513
389,0.17827968182353898,0.04242684135285487,4,0.005328865913282724
390,0.2557226825297575,0.05007329262067506,14,0.015823401462207214
391,0.2502763262924246,0.05669395578502734,12,0.01395346315603535
392,0.25594855961737223,0.10774163117282069,5,0.005478596458789824
393,0.17043465587118992,0.04391424906474534,3,0.003967512813994026
394,0.2653670091028065,0.14654381477343992,2,0.0023035792141588066
395,0.24528597091578816,0.11983934763654328,2,0.0030284913509397737
396,0.3441885231595035,0.21146365121873398,2,0.002483545213222123
397,0.33364763537060815,0.08091057918047323,9,0.010587698859353685
398,0.1994648032463724,0.012458331676170234,17,0.019081061682980408
399,0.18510596534617835,0.021342311331994296,11,0.012030288083217643
400,0.31067619152955317,0.056209886387837416,13,0.014576156868923497
401,0.19571438047405645,0.006962019817146219,18,0.020423106179731067
402,0.22338173530551467,0.016450751045891065,19,0.022292242851399753
403,0.2667849150832868,0.07279742409165435,11,0.01212498764195833
404,0.26900277416023316,0.06643975885312334,12,0.013340905684825129
405,0.09999978022718091,0.024364651290546442,0,0.0005938814988466941
406,0.224908128600447,0.04670268628747657,12,0.01303363956067865
407,0.15041725525632238,0.04735220191987014,1,0.0017310555003050003
408,0.14366037896628686,0.026906478754642804,2,0.002960038397186297
409,0.3318072149438735,0.10866599614762543,7,0.00862892071880158
410,0.2864889351647517,0.03953633690371479,17,0.018470111553130487
411,0.3432770536131161,0.18520006033620487,3,0.004080697101622884
412,0.18040376794752283,0.04759138028163478,4,0.00478039023716846
413,0.22767798873445438,0.09038395949292727,4,0.004631364919125125
414,0.31372302096533217,0.16867679153480597,3,0.0037841250930874984
415,0.29020962863633326,0.09928310401029838,8,0.009486762729366377
416,0.22926220919429605,0.08150025636376014,5,0.006183985329102048
417,0.08912637879994087,0.011298190559442669,0,0.0006570212580973987
418,0.2750935971400379,0.1027999969267444,7,0.008093468249467987
419,0.3213511101694887,0.19235631421004415,2,0.0025038796382184764
420,0.21320823949680814,0.0013414413280737718,19,0.026923278292999585
421,0.18430546576318835,0.048498461256632854,4,0.005210923604454695
422,0.3032047222056292,0.15098769376712673,4,0.004651541840378715
423,0.31904496531461213,0.08850380220055439,9,0.010523307960331529
424,0.12009350061005393,0.020868712824554547,1,0.001551109136236437
425,0.1476749588880479,0.014489788298581406,4,0.005352889174054363
426,0.28330340957714684,0.0359953866988185,17,0.019343279885575316
427,0.2415917947149339,0.12342871342015978,2,0.002428774745334225
428,0.11353861013405732,0.027185848601890217,0,0.0009236397111722685
429,0.320498352619914,0.008186814594938085,19,0.02791619547247925
430,0.24795355255845503,0.0708288027087808,9,0.010751064292296424
431,0.33302063945301236,0.21091117413291877,1,0.001996153508367237
432,0.1411720566595189,0.014351221793794451,3,0.004327588185743769
433,0.3231138485743444,0.2300466760003036,0,0.0008406642841093885
434,0.3249552912916052,0.1666699945801588,4,0.0045823018453615685
435,0.11792962546323006,0.011178863513145598,1,0.0020991271978213957
436,0.28823196230270065,0.1295633761711999,5,0.005773630984400309
437,0.33472668908159126,0.05158133656447127,13,0.014196659751374867
438,0.1328590043478905,0.008841838323205412,3,0.003976070984911915
439,0.24008389063292987,0.022466126839080072,19,0.022082214512443313
440,0.34913091751032105,0.2506649293712249,0,0.0009416909736887451
441,0.33886423627540563,0.10063549224104329,8,0.008872983261431008
442,0.34209451559446746,0.09041961720675862,8,0.00941557180423615
443,0.23698147306817408,0.09185341744570198,5,0.00555063746211926
444,0.21152203344007606,0.03612486924698264,12,0.013530221855497414
445,0.34638985249915905,0.21809307642031212,2,0.0022151386524722825
446,0.3461043871612677,0.23941679196352114,1,0.0012287587785543882
447,0.166828028338448,0.030666469486400436,5,0.005595864255378971
448,0.19911787722127483,0.01863037541834367,15,0.016594133155798222
449,0.2568608647559826,0.10790774762684154,5,0.005554541463209603
450,0.18717776806591774,0.008094468512875728,16,0.01754096779778389
451,0.16079740112897697,0.05497061426227879,1,0.0018927897056254888
452,0.3003447660577832,0.06565925305334347,12,0.013590303364098878
453,0.2124079287881604,0.1099238498997743,1,0.0015113620630468887
454,0.24066701001964427,0.1157365210627125,2,0.0030273964728562345
455,0.21555654208201777,0.08739123597105027,3,0.003651833009571135
456,0.33955877674640744,0.10950137720436261,7,0.008320476403750403
457,0.3311057754029649,0.22462337317446399,1,0.0012782202376604083
458,0.2747696771726657,0.056540567890441346,14,0.015240979958889355
459,0.18467626506299464,0.002401795071224247,17,0.019272742993176
460,0.26023023919136623,0.09194598746211577,7,0.0083308576629507
461,0.13947583927311363,0.012189865458824322,4,0.004420157754796692
462,0.1344808101534426,0.020868958910013523,2,0.0026723470329995213
463,0.11528336507758574,0.006484050405626874,2,0.0022843628380865085
464,0.11848509542882006,0.011342961034022905,1,0.002130197010655083
465,0.20942322786664969,0.10720201691908489,1,0.0015059576665254312
466,0.3277891363216948,0.06936478840801008,11,0.012043495481100579
467,0.16949648418042992,0.07473365120775849,1,0.0012146966628917705
468,0.33903044482271877,0.17798765270319752,4,0.0043884178222024055
469,0.11697479088846843,0.013098434520353499,1,0.0018753068470577163
470,0.17519477147479365,0.026101052188848926,7,0.008250386037577143
471,0.25915799597960576,0.023788894853722636,19,0.022621577594127074
472,0.168545239048852,0.019085226732243613,7,0.008588230320443282
473,0.14118499628077738,0.06908391730173362,0,0.0004942266321143445
474,0.33396272832155705,0.17886561872923837,3,0.004109126896075961
475,0.14256112841413693,0.05492676345698711,0,0.0009453499535579735
476,0.3092494135460262,0.21135246609455513,0,0.0010266469771762828
477,0.33228218437163287,0.17651260969644317,3,0.004198807301852045
478,0.2478706089470777,0.10216500502456659,4,0.005350863952646099
479,0.1820410514398616,0.014110235843549965,12,0.013702184094446842
480,0.2741976853086761,0.14405358273610958,2,0.0031275427403089696
481,0.25787913911785965,0.040046992502226826,16,0.0182237198978662
482,0.2756828299890449,0.10928105856346486,6,0.007249232740034916
483,0.296445078498652,0.170258606596379,2,0.0025669607207121515
484,0.25063641302924944,0.10423001869765747,4,0.005375838088921255
485,0.3162086320792119,0.1764061046649317,3,0.0033275451151736236
486,0.30652112599331144,0.019194014112603894,19,0.02358978819645811
487,0.3244684935769719,0.13220128387236024,6,0.00718033596532559
488,0.1125900964566715,0.01060612174190163,1,0.0017483181005475896
489,0.34209474718595473,0.0941900611522724,8,0.009150578237179836
490,0.290670703152317,0.18722259429782734,1,0.0012991815958233936
491,0.29714396884257605,0.053921433800307936,14,0.015434621051622865
492,0.13919969117321782,0.0036874681278539524,5,0.005957900072125598
493,0.28547858311413915,0.16543856790232697,2,0.0022365121726328112
494,0.26824801047567837,0.09443314179316775,8,0.00872848652483408
495,0.12424654314564561,0.0282457459806153,1,0.0013557009065149127
496,0.18413881967235052,0.0507163644085102,4,0.004819058313458527
497,0.30818839851098406,0.10260396465018497,8,0.009475192569540332
498,0.1441153972901556,0.00973984351124857,5,0.005641340143834116
499,0.2383107796189094,0.06906627786853158,9,0.009842688015399781
500,0.17528614020612535,0.07641272780711958,1,0.0014130315799328987
501,0.16701494652767748,0.07434905116344342,1,0.0011221553000969992
502,0.23840057602921183,0.10334940639391532,3,0.0041521710315268285
503,0.2309774891292377,0.10165827967361993,3,0.0035912056683726117
504,0.3179661564525528,0.17003593268827305,3,0.003930693739015816
505,0.2009258895304968,0.08263684480373042,2,0.0027377884630543515
506,0.27045885367439954,0.0875271092918874,9,0.009981195757861404
507,0.3081430898144289,0.12865537622250187,6,0.007074989555151212
508,0.31082973624174076,0.13939083860787194,5,0.006196774376468351
509,0.13387327962654064,0.04317417716123434,1,0.001081697357579695
510,0.24007030128031856,0.08814516823816458,6,0.006526791224538259
511,0.2710901032166373,0.1253446673942699,4,0.004777594609236592
512,0.30262389014716645,0.1430701228942464,4,0.005376531509206206
513,0.23967678973368148,0.09203125728645231,5,0.005859074753776398
514,0.16247076334761276,0.016448796169611687,7,0.007887664356088266
515,0.27917967003709937,0.0873119584521,9,0.010562539105998633
516,0.2232964838904229,0.09340289882031602,3,0.003757204168996016
517,0.14138901907378654,0.048512992134308944,1,0.0011708720087263537
518,0.34545713408043593,0.12641694025916816,6,0.0072706411521426505
519,0.30377027727218636,0.1072685531673554,8,0.008994313166477823
520,0.20359488198404316,0.10208278188723649,1,0.0014839803984205086
521,0.177770016037875,0.2831684585407265,0,-1.1100317001484941e-05
522,0.14701168008182486,0.023808266381354637,3,0.003737033160270604
523,0.2628029339156057,0.03637364939654675,17,0.019265363134087145
524,0.10803219507518341,0.010814903923115796,1,0.0014500176398334187
525,0.09192078799360488,0.003918331287494059,0,0.0010072736604802989
526,0.08943803007341097,0.0006056137331970778,0,0.0010446706885804278
527,0.2953983430527368,0.08843448066924725,10,0.010877702800215917
528,0.33623095467480707,0.13256743242616748,6,0.00714744411983591
529,0.33785319032087663,0.18668445973635717,3,0.0037478460504975237
530,0.23473507526549717,0.0820574092834047,6,0.006841826284715589
531,0.27797494842819265,0.12850879002799137,4,0.005033973133618389
532,0.21165327467893227,0.01187224276017811,19,0.02206104119910552
533,0.2978052592338743,0.08422528231898777,10,0.011363464598429737
534,0.1188233142947968,0.005458181828373019,2,0.0027175269099873334
535,0.278925821063536,0.006807315364595236,19,0.028991893838097246
536,0.2092843995215422,0.03905973065150414,11,0.012205129286915892
537,0.23900459772156213,0.1533467536259843,0,0.0007610659816783186
538,0.2624725090397501,0.1095538399380693,5,0.00592595147190415
539,0.190502881463796,0.05955193075789434,4,0.004346510930567226
540,0.2497561614447348,0.14287620333354487,1,0.0016233920062488816
541,0.3383928106877317,0.03305561520930486,16,0.018057382735048092
542,0.32765793601773974,0.20384238817846137,1,0.0021327691550042088
543,0.3419383937997806,0.17858342723915224,4,0.004458370200172798
544,0.2973448371309086,0.16689325892261322,2,0.002872631159512715
545,0.12746317943625368,0.04089253742171753,0,0.0009196952999822721
546,0.3165719319233059,0.13212163641883454,6,0.007045543180522298
547,0.31981998684826707,0.030432046383456257,18,0.01955703260747199
548,0.19614973535070762,0.08844142370305555,1,0.0018956790513323602
549,0.34045717799654795,0.19291174671842473,3,0.003454165679384222
550,0.18703001240616227,0.06435078633590352,3,0.0033128575217791904
551,0.224514440530426,0.025022364296468445,17,0.019445939333453042
552,0.3498447719727881,0.1433968635861317,5,0.006420839431801729
553,0.2616070860006303,0.1317867187857161,3,0.0032545625610778542
554,0.2913652468298788,0.12264537094787653,6,0.00679690713998685
555,0.2549576783167472,0.11006343800700934,4,0.005062991220521571
556,0.08746776451507947,0.005632052002194252,0,0.0007799741818093908
557,0.12856716375934607,0.03758852795318765,1,0.0011005662641494257
558,0.3260468138284111,0.14775292625202593,5,0.006080147772468167
559,0.1824838628681686,0.01659747379057399,11,0.012937833781055053
560,0.24873196912817563,0.1012402305879997,5,0.005579830763989183
561,0.31167889671484067,0.11574531447533741,7,0.008331397863440353
562,0.1671672262529077,0.06791351526941918,1,0.0014531768760743442
563,0.22219285945726786,0.06254277293260478,8,0.008732330948118315
564,0.13058026253361593,0.021618978381354497,2,0.0022470950199751554
565,0.13092119231878155,9.496098693340116e-05,4,0.005140150050428189
566,0.11360517870744856,0.001644641348894902,2,0.0025930476086247402
567,0.19676847300835004,0.0008554233264572275,19,0.02348452395621513
568,0.31929963474597767,0.07427620002660573,10,0.011883719344195963
569,0.34931926228474525,0.20241019509506877,3,0.0032530356042314535
570,0.3000996421354776,0.043847809357400326,15,0.017165703361502128
571,0.2545526821201363,0.04943037866156134,14,0.015890103867198906
572,0.287025746953777,0.02011465382113846,19,0.0237358863764869
573,0.3308220177126577,0.08956363402255998,9,0.00998965835518153
574,0.16575762940972316,0.05640169322400578,1,0.0021446507117806263
575,0.14980989823767676,0.032077402166740945,2,0.003032238715527905
576,0.12694823438116556,0.014280854371365337,2,0.0026102664605404573
577,0.3472433066143514,0.09789951325369241,7,0.008670674587285451
578,0.22383177387176284,0.06295852322646679,8,0.0089131724425752
579,0.10956568502310139,0.01974014004461633,0,0.0010701764487106658
580,0.2291454327007018,0.04740339803014963,12,0.013540258111475145
581,0.26431318954952354,0.1372482648852843,2,0.002971808518479011
582,0.33998656216765166,0.04897299491290447,13,0.014400084022000097
583,0.2728668884380569,0.07760324827705292,10,0.01168853548284064
584,0.2255541427310894,0.0031512777860915643,19,0.027983019361266973
585,0.1095328008952213,0.005017799239439978,1,0.0019418249155690836
586,0.27275550895751677,0.07148195366648355,11,0.012660491618285282
587,0.3493940223140588,0.2522479740737831,0,0.0009015675130461495
588,0.2274681908530269,0.0700319586763019,7,0.008021486066333771
589,0.3089975615402415,0.062097507961620696,12,0.013785716763895724
590,0.19062722408523075,0.008742265136132365,16,0.018259660065947
591,0.19863843342058363,0.08871334102422031,1,0.002044292872067578
592,0.24909208665674595,0.06605815572609791,10,0.011851047402142312
593,0.27144153866795856,0.09357188205198678,8,0.009134375576099977
594,0.26097610524076437,0.04403245283342392,16,0.017418097853046616
595,0.11670536764124305,0.027581151074808415,0,0.0010326637268525177
596,0.2559412980538433,0.0743798641899896,10,0.010946735444807938
597,0.328260060598167,0.22220605991532563,1,0.0012720525493962903
598,0.09893785056300528,0.0026685120950294718,1,0.0014079566976558716
599,0.19918410157958996,0.10387859460371653,1,0.0011825306418543804
600,0.19954156260273898,0.10525752353259382,1,0.0011362432662667121
601,0.12682635678129142,0.0015812196528903737,3,0.004217841807146247
602,0.10326528840620525,0.010627768114043439,1,0.0012084740564245458
603,0.17391362555255405,0.06593537834846647,1,0.0020042206927194986
604,0.26270017924271566,0.1461162385709879,2,0.0021638666496591533
605,0.3215765920181476,0.19620532683855577,2,0.002276347585120345
606,0.294042002909591,0.09073474123306263,9,0.01059696109742533
607,0.09539567520526732,0.003165766867329889,1,0.0011967604492444924
608,0.19630725051132,0.07406451776243432,2,0.00317985671427709
609,0.20289950346597027,0.11026940116836219,0,0.0010598896751323923
610,0.26860958793044415,0.003976045201989143,19,0.030197821616528085
611,0.3327520170545753,0.10609727473319121,8,0.008760586197924792
612,0.13307726840593348,0.038279798674433846,1,0.0012780080985742947
613,0.30585584916358155,0.05005868972741825,14,0.015784226034058668
614,0.33224700925364575,0.17185710232223314,4,0.004534079532825783
615,0.15763498795298758,0.008116398627258813,8,0.00900808567151066
616,0.13376206363763524,0.02884573642029744,1,0.0019090742879311578
617,0.25069255442453053,0.05749042735167591,12,0.013820012478393767
618,0.1048124748373601,0.013363773019776204,1,0.0011491973837224998
619,0.21455094361463228,0.06821218868378948,5,0.006372156709822533
620,0.16712792270485735,0.0720055688179575,1,0.0012363749999604972
621,0.09693638048074713,0.01663866985645073,0,0.0007260738364613793
622,0.31885639480925637,0.21955897721718282,0,0.0010499054856172789
623,0.17484474932569624,0.04406758164473817,4,0.004540623871105755
624,0.3452747736605119,0.18495335104956664,3,0.004172490590369799
625,0.28137267872659755,0.1568049582628792,2,0.00259414500734819
626,0.2516104388523501,0.10501030891637043,4,0.0053767552261024705
627,0.3485941169311493,0.242751919836336,1,0.0011884911876627554
628,0.15596778296951871,0.044163101836573224,2,0.0023972063695635545
629,0.34629123423230146,0.13480528342840772,6,0.006868002944173416
630,0.12807559735510457,0.023571283938649493,1,0.0018939053958769276
631,0.31362524449933066,0.04301585442947574,15,0.016794946999367174
632,0.0937986818040109,0.0060802384596444934,0,0.0009939821321814644
633,0.29617565988767564,0.16127297097065257,2,0.00324211458486049
634,0.3271307961919254,0.21876788173498216,1,0.001371124078242266
635,0.3496848581690797,0.2547836362339601,0,0.0008367634210814253
636,0.322766032482953,0.1145036084387919,7,0.008431747949213043
637,0.325960799897053,0.17671539231340644,3,0.0038631858613785855
638,0.33731360278217876,0.23124305761532218,1,0.0012386433200012648
639,0.25423308127354527,0.1484058588721121,1,0.0015477457916579626
640,0.31339939614596535,0.10570421220638544,8,0.009189985963592058
641,0.2774357533955688,0.049490714820541834,15,0.01655676399348715
642,0.21338675533151993,0.0931461276386405,2,0.0028284728085514565
643,0.26364663279721556,0.06541607384176182,12,0.013237596223710705
644,0.1203482285263646,0.02440520014849522,1,0.001358625887300509
645,0.08621070809406337,0.00028639214473736576,0,0.0009273542542519521
646,0.24346267316023978,0.08360543836971913,7,0.00774877512794031
647,0.31211223700101753,0.0770414799933126,10,0.01186078546659648
648,0.27824562456367047,0.03733438442995446,17,0.019104556803353715
649,0.29347692736123526,0.18668492837128609,1,0.001440257771361382
650,0.3227565667645075,0.21072754332800928,1,0.00155392294142786
651,0.15853347548333543,0.049459365416923126,1,0.0021511623517462765
652,0.1871673706388668,0.0714682867825371,2,0.0025864790176925384
653,0.13270514159949476,0.005111704126794837,4,0.004543175210997222
654,0.11598842998644972,0.0007529849067551241,2,0.0029359322077546243
655,0.3182599433593592,0.018587530172294264,19,0.023469684491646502
656,0.10332922730857011,0.01533974233766122,0,0.0009974588330733452
657,0.3233122202785296,0.1614442963447661,4,0.0049137091868953365
658,0.1764507615606835,0.053010829268782145,3,0.003501559013933552
659,0.2918771446139316,0.07963073107342941,10,0.011911835487444782
660,0.21831766231065358,0.06669831798269622,6,0.007244170182060872
661,0.26137423140300575,0.1574984755912969,1,0.0014209891319815115
662,0.31927001058234933,0.22290686822653946,0,0.0009501984359374524
663,0.08947244773849457,0.00105478173223299,0,0.0010267594160554545
664,0.31608628685253365,0.11907584146201117,7,0.008098634439629356
665,0.120922112162978,0.03596306729447757,0,0.0008658250423911418
666,0.17629719874775654,0.050858447193657716,3,0.0037580752884184055
667,0.14291224069620387,0.007284221929957563,5,0.0059185015626421755
668,0.31773286182366417,0.16188101054381734,4,0.004585673023875478
669,0.30544906004404193,0.13719413965799993,5,0.006125993462288742
670,0.09675490086527935,0.0033707172046328893,1,0.0012535149852885151
671,0.09750726628602888,0.006797816223958942,1,0.001121930844521049
672,0.2438201211575134,0.027070860170638374,19,0.02093104767006424
673,0.31166849230422805,0.04528886307533533,15,0.01642497736459497
674,0.19941275587826315,0.04121640268661695,8,0.00955158125328066
675,0.29201710699507194,0.16339277931615306,2,0.0027937435032743393
676,0.16368136429700897,0.04523601305030711,2,0.0030197071817397126
677,0.27052743097056053,0.1692828452556655,1,0.0012679777921091805
678,0.23963917750701724,0.14452545333293076,1,0.0010885423763142992
679,0.10969151347279646,0.02468047778237254,0,0.0008764572471392058
680,0.12612618269080755,0.025026551249680694,1,0.001659224569583963
681,0.17330359993470143,0.028872919314086525,6,0.00717924546646967
682,0.13017426755903688,0.010983383407361155,3,0.0033331974461741545
683,0.22173008271986172,0.11236274419691897,1,0.0018983517779850296
684,0.3396363624874591,0.1669637032824323,4,0.005134131081368177
685,0.2965820460416071,0.1883635884173912,1,0.0014951924289017782
686,0.16578089516017622,0.045746219536896504,2,0.003184265409670548
687,0.2778978069555791,0.14580186804373044,3,0.003253108990207738
688,0.32980423158060035,0.008309513847018349,19,0.027680045500551358
689,0.3193336558197063,0.06924747012813712,11,0.01244633101137394
690,0.26962914533515986,0.10768163478177421,6,0.006911224690675487
691,0.30027044727678287,0.16222960591173616,3,0.0034418623131165114
692,0.20034535457423772,0.0233167442603954,13,0.015203318442514668
693,0.30701070099908667,0.0516843647180963,14,0.015457887208195634
694,0.3207117754793973,0.1958915156346354,2,0.002250812547493747
695,0.10863433469910741,0.015163131211555984,1,0.001244054776909272
696,0.146960278711149,0.03147720344930329,2,0.0028031161408654196
697,0.3040681821216672,0.16846453783185225,2,0.0031860892176788012
698,0.0962454457035438,0.005398064119664225,1,0.0011295521643980041
699,0.3384541508760225,0.19208726469907453,3,0.003413519962834698
700,0.30256448351286575,0.14911847635427197,4,0.004785241519396828
701,0.3269814831830873,0.15342955473503597,5,0.005686397076813222
702,0.22175552057296907,0.07388873759208231,5,0.006429958137820564
703,0.3262619632722255,0.0012697891162707512,19,0.03163180485724378
704,0.29820056878972656,0.07776484399282248,11,0.012110044259546784
705,0.11569593140915456,0.025710708538630844,0,0.001070941201641456
706,0.3439320628635574,0.2151514527045566,2,0.0022647850353795583
707,0.34999273756790766,0.21810800673787178,2,0.0023734495962516563
708,0.22772515171239996,0.03721060045220948,14,0.01613629491695408
709,0.3418074292424596,0.1961446025690811,3,0.00330751250419299
710,0.264722414917476,0.1260742668606547,3,0.004108433722186909
711,0.2612804948990051,0.09278952724352044,7,0.008305420171996454
712,0.17597083059889912,0.006450232171018276,13,0.01483928170520715
713,0.16387179700531035,0.039213246402636515,3,0.0037798712794946477
714,0.30864432496345195,0.16500551562586666,3,0.0037659021646972387
715,0.3199314846935244,0.03983177547692089,15,0.017199270293060724
716,0.23472085510666338,0.0483549916501356,13,0.014119163423168593
717,0.11663728436806121,0.021549300144021278,1,0.001317787223354009
718,0.2354682002806093,0.04863851683636411,13,0.014149969468844186
719,0.3217394654606138,0.07785737958073977,10,0.011411213710366852
720,0.2625912401968832,0.07875364199346101,9,0.010782688987736589
721,0.28930142875123716,0.171885040876667,1,0.002039727516857881
722,0.2967497558586655,0.11008655142714105,7,0.008504699684870696
723,0.33661292015335526,0.09040532132075423,8,0.009671260274490572
724,0.14957280955450072,0.05898076870489013,0,0.001057097191492412
725,0.342368216413008,0.20141858028894108,2,0.002999987437063867
726,0.3373214508196226,0.1668224569179549,4,0.005076021817346752
727,0.1805961162726416,0.035659481844995344,6,0.0070839790361541255
728,0.3104356674610114,0.15998045435344754,3,0.004311039464485004
729,0.34289301589534876,0.24195555715382883,0,0.0010373164079490029
730,0.3475500549385927,0.24467767458883583,1,0.0010879770464385667
731,0.24035340456692564,0.03135278738398197,17,0.019382927917503533
732,0.16753903129333322,0.04627182666905043,3,0.0033153640044377456
733,0.34292694220869024,0.24262213187590453,0,0.0010164354370693375
734,0.3338782430925493,0.22863773686192038,1,0.001219618323053056
735,0.23850678475527262,0.12403554410001906,2,0.0021675864971931465
736,0.27984391886107135,0.13933262469949612,3,0.004023651859015368
737,0.2579204125651509,0.1358797285471252,2,0.0026100662087350296
738,0.34738775097122854,0.017247593293727957,19,0.023096175015797926
739,0.2535463650599689,0.07717071965651165,9,0.010173155836482988
740,0.08743729324116406,0.0017324388721785895,0,0.0009180694905179934
741,0.2664371767069774,0.042596640507681464,16,0.01788591050302945
742,0.23999911347411584,0.14522609829719108,1,0.0010740739491300086
743,0.21662307249987398,0.013443187945445863,19,0.022358025822389844
744,0.29640888667899085,0.038714544967879745,16,0.018377285762291116
745,0.14210981975206,0.004440038049987532,5,0.0063766953117672396
746,0.09425318012755123,0.002115452792863923,1,0.0011933813963516161
747,0.16888869674606627,0.00018064911065840406,13,0.015153370170422632
748,0.22068748125878432,0.019182526745485318,19,0.020877926923078747
749,0.11003087052602385,0.022198266301653908,0,0.0009851828446970716
750,0.30666221072819055,0.20904924522324833,0,0.0010233741539569323
751,0.23219345483904028,0.037207493191236195,15,0.016778019395276164
752,0.3139933119151802,0.19893592462399826,1,0.0017505498579596086
753,0.10787519134143188,0.02665881073782557,0,0.0007486765794155651
754,0.28744034779842326,0.08753280492649775,9,0.010849075277238112
755,0.2586897677131976,0.10250740214190301,6,0.006521835093685581
756,0.22049020670378444,0.10080394337069302,2,0.0027195266776797243
757,0.30684972198092786,0.13982029367799098,5,0.0059500658863589915
758,0.2987488645556196,0.18531061630004383,1,0.0017513328639489646
759,0.17340642359573516,0.017474741044382448,9,0.010241102128335554
760,0.13205017093564625,0.023030859104972698,2,0.0022469479179148314
761,0.16829444104682542,0.027188375346982374,6,0.006568171702458182
762,0.31004549582664653,0.053426174657660315,13,0.015043966881003313
763,0.33552585878172103,0.1250520446654937,6,0.007576632584817953
764,0.12299065930118605,0.004597830637744278,3,0.003277032274639159
765,0.24138830364798688,0.04774143392949395,13,0.015113664860000769
766,0.11966483687246957,0.010867325602026523,2,0.0022699302711848635
767,0.13004926822765692,0.016123073053249712,2,0.002725929302124301
768,0.34728330871289864,0.24095810222112737,1,0.0012109202211961904
769,0.3307008615158307,0.22247334930292814,1,0.0013505112989149657
770,0.256167053961626,0.08819548082133868,7,0.008508330837289966
771,0.3312628644836471,0.019767749131717208,19,0.022612702859702564
772,0.11531675091337276,0.01650835451103144,1,0.0015339743335534136
773,0.233460922665487,0.0639556554642173,9,0.010224665306980041
774,0.30216239635318604,0.15780158698598223,3,0.003954823590931722
775,0.2353531918465061,0.10035320116052326,3,0.004196568841089357
776,0.2763726360941505,0.1264777979559199,4,0.005127121249987616
777,0.2968337853889785,0.11982042660413325,6,0.007446907621393761
778,0.3003288385920201,0.20589266529644001,0,0.0009308316920938576
779,0.32545660169901125,0.06467979784908971,11,0.012721605651969227
780,0.29996979470578916,0.04665325312722062,15,0.016624531570149023
781,0.295146602117242,0.07708398657348271,11,0.012221872573382666
782,0.2619400776810464,0.13141809470192017,3,0.00331706191849101
783,0.32288651103935606,0.2056530242600101,1,0.0018095236360862793
784,0.3239892997343954,0.08508870500106587,9,0.010642238677661212
785,0.1227032518065423,0.005709333104635247,2,0.0031071837151666506
786,0.3189056648032163,0.18168154946166326,2,0.0030953448501544914
787,0.32899729145792583,0.0169804360171681,19,0.023771724995007036
788,0.1710410046345064,0.04243723110414793,3,0.004260259910334363
789,0.3091783097246684,0.06700771456915504,12,0.0131299607350737
790,0.2512232386347006,0.09663222081341372,6,0.0065570585153407
791,0.09373221728923668,3.5098550263104513e-06,1,0.001274779390032191
792,0.1745127576364011,0.008711725860635122,12,0.013524385064281766
793,0.2463581002718229,0.1386747515087998,1,0.0016835860306429423
794,0.2838519417909453,0.12957111257012488,4,0.005417640875680575
795,0.3463436514506525,0.24220852094853232,1,0.0011355665911398217
796,0.25470649581466676,0.07020655471914165,10,0.011615026991317575
797,0.0945852310358871,0.00508765026577284,0,0.0010696146795787023
798,0.3152305223460363,0.1531884250057063,4,0.00518877482519577
799,0.2488701191198936,0.07278329771432525,9,0.01047358791877749
800,0.3158082427112738,0.03190737339420955,17,0.019312569461703063
801,0.09355064388898937,0.002847501818647152,1,0.001125351497504841
802,0.13062665002968568,0.03581746847202988,1,0.0012823897862911297
803,0.24349497238773837,0.14931138116867207,0,0.0010434974622065406
804,0.3466583536968356,0.1713460773181926,4,0.005035690351166807
805,0.12496093704236928,0.03715305281680065,0,0.0009702317706343631
806,0.12377727373166245,0.0007284049747539028,3,0.003907396019574617
807,0.2059095205272331,0.10851404528625427,1,0.0012654039227235662
808,0.19553595635159907,0.06341138577720302,4,0.004443267848929126
809,0.20188779263958173,0.052576260030186846,6,0.007358962970891126
810,0.14909629928292922,0.05907536642050274,0,0.0010336046486198783
811,0.1403327458575965,0.02783534838670845,2,0.0025340141017775033
812,0.22651926351836732,0.04459752750493867,12,0.01386832723386375
813,0.22758175685241122,0.07859176983284151,5,0.006444573939297499
814,0.18496118725187957,0.06854188461946564,2,0.002668455729373821
815,0.09034530310152022,0.002032222261248657,0,0.001021620525350933
816,0.2826301728057518,0.06788530699270004,12,0.013468837982654079
817,0.32901009134412923,0.16084634414974008,4,0.005207641148835586
818,0.30469329231046177,0.16667962641839223,3,0.003369749910607603
819,0.16304311446398295,0.034224752116940774,4,0.004391459840457279
820,0.23437639632963284,0.03252237876157277,16,0.01841332182890126
821,0.09492628306256133,0.004232480174408001,1,0.0011236407416551316
822,0.1352882512954343,0.011726767431730185,3,0.0038883289531636317
823,0.1714424885789115,0.027696131017144895,6,0.007074535349398852
824,0.25330050060146597,0.054267833922314566,13,0.014739822740636893
825,0.30226845519074635,0.22113252302569558,0,0.0005702573467297619
826,0.12238489495582243,0.026042647087891335,1,0.0013774885293128375
827,0.1418814770969453,0.037249010735050936,1,0.0018648867979909672
828,0.25691221738329634,0.09186352839056552,7,0.00798092501788226
829,0.14554790679988527,0.03995365887665517,1,0.001924835644542785
830,0.11040856144928649,0.003987129951056467,1,0.002092784169565225
831,0.30120793211425,0.054575340616132915,13,0.015196369711030258
832,0.32774746820655903,0.042143632358398485,15,0.01634047982139361
833,0.22619917151294583,0.09242722622089594,3,0.004191373559173984
834,0.31818891881028877,0.06649913545560746,11,0.012828226269556877
835,0.12221362754524273,0.011946048595080392,2,0.002395485837879193
836,0.29896819912172345,0.14747427219511017,4,0.004693160198006087
837,0.25094626644079315,0.07096155946639929,10,0.011071486382860837
838,0.29938586950575624,0.17894044954445587,1,0.002156461164680867
839,0.3017011991369024,0.13358573725054917,5,0.006270551435154229
840,0.33026222951251066,0.22913314390971157,1,0.0010812379499460629
841,0.3498758331658817,0.21098677218354908,2,0.002769090162963767
842,0.09718925867114056,0.012235307366679226,0,0.0008832724378748137
843,0.2722100161788726,0.061099171380910436,13,0.014385261145751475
844,0.2001244399922721,0.0532079616291293,6,0.006918585077005778
845,0.2892452490674947,0.10824507418840178,7,0.008361961266924305
846,0.26560927845519916,0.11968451877154229,4,0.0049317413401836875
847,0.17119807712518378,0.07719437215132427,1,0.0011759302176166848
848,0.09053621746977997,0.00267496766248532,0,0.001002420419043622
849,0.21357830174395087,0.046686687593520945,10,0.010969393177580361
850,0.32852527725791336,0.18252215806662067,3,0.0035727745227261466
851,0.3487976561254428,0.11056308973111496,7,0.007899032089607521
852,0.14319391069953827,0.05392421255522326,0,0.001009735841296664
853,0.12592460876422684,0.0025810112165461085,3,0.003933979695116977
854,0.2826919007729861,0.15858097459013965,2,0.0025475561366279046
855,0.22638782200463747,0.020063598520293168,19,0.021412588998719617
856,0.1674005887893666,0.021226284684412736,7,0.0077730116786647405
857,0.22047725554482214,0.1056326593766962,2,0.0023061807032431145
858,0.23797036720042927,0.1438886091615288,0,0.001050945674781659
859,0.15041176942705445,0.044262053538019284,1,0.0019509938318643136
860,0.24758287607570678,0.03579441719462409,17,0.01873233795251184
861,0.3493366704296587,0.0514056508972019,12,0.013501719596783913
862,0.09195324243594419,0.0023855676328352208,1,0.0010749917987154958
863,0.12235088124012164,0.02999421977736426,1,0.0011720141883224558
864,0.11806464489620493,0.024797400194621753,1,0.0012218834262946912
865,0.1093750992433203,0.020312840416175905,0,0.0010371859100492158
866,0.0904787737935736,0.0011725065736241278,0,0.0010646105038698112
867,0.29717725081353497,0.027518270364299702,19,0.021190188117227914
868,0.2217414885536039,0.10322064668657964,2,0.002605389984677908
869,0.31432676409266314,0.20389625844426149,1,0.0015201594120384419
870,0.12137739318596472,0.02944484569227919,1,0.0011531245662778867
871,0.3166080088276088,0.2169926835609476,0,0.0010673793336040064
872,0.09794744565255126,0.00544699335613724,1,0.0012074877493329541
873,0.20797025135639308,0.009068358094454675,19,0.022466037387259497
874,0.3310445640093937,0.08654595028437562,9,0.010222527940889379
875,0.1975834283554322,0.04745266630178736,7,0.007689418144933178
876,0.12489451088929335,0.007346322774586821,2,0.003161681539414505
877,0.1277585879047063,0.012541561358779258,2,0.002876224372705037
878,0.21699224095276973,0.02344447600253735,17,0.01872863677473668
879,0.28917991722493075,0.16960969581582175,2,0.0021774878760296673
880,0.2804420276770492,0.180608586377349,1,0.0011784986571104674
881,0.24496464892232853,0.14170173853973836,1,0.0014467968467634363
882,0.15029543036917642,0.025134115955543424,3,0.003983402587495711
883,0.26105016886198124,0.09441422367580117,7,0.008021380926153954
884,0.3408354600830985,0.09718998050473633,8,0.00900824732955943
885,0.13935821838042353,0.04017179944086399,1,0.0015107206859293276
886,0.19545673265691582,0.08080834508782846,2,0.0024414278200152475
887,0.3382260204900128,0.040525200018850634,14,0.01620829399373647
888,0.1952854765508628,0.02460080448781763,12,0.01352746132480308
889,0.24444873177898874,0.11923696749108446,2,0.0030151143290320327
890,0.09662913207793114,0.0071337353524611865,0,0.001067731830402969
891,0.2657065013624867,0.07003759867150976,11,0.012535493884359846
892,0.20186425680941744,0.022424696762108072,14,0.015880816648899246
893,0.17898249794515408,0.08358289634867769,1,0.001227303363738243
894,0.09144826840722964,0.0018633734078999816,1,0.0010761890346100372
895,0.10215450985747304,0.014105388626351575,0,0.0010009292295216647
896,0.29467192379823154,0.14890969687585132,3,0.004240863422588823
897,0.25879522134809574,0.12996933797475252,2,0.0031952208026012206
898,0.11726516720029373,0.0256879935919816,1,0.0011413803622599844
899,0.09064553203212249,0.00034408042567097706,1,0.0011093700529260118
900,0.10787382361622225,0.00415623800948632,1,0.001884674016006338
901,0.3209940128325903,0.09262792118483915,9,0.010112025072171075
902,0.3059134816186985,0.03988314495008699,16,0.01777687024185317
903,0.2880833965876661,0.18225157558021746,1,0.0014164617622969237
904,0.34821421767191163,0.1863884698457055,3,0.004187401696060606
905,0.20913264601503326,0.0810455314614127,3,0.0037209814745018726
906,0.24821008892755142,0.10751360514783179,4,0.004673816873151518
907,0.25423520242651715,0.15947668841574966,0,0.0010428243950853107
908,0.3429081183774434,0.24791468725328591,0,0.0008542542453232906
909,0.21169160584776303,0.09331615114669817,2,0.0026669020246236413
910,0.12083847224087034,0.01578463428438181,1,0.001955023383257043
911,0.2620342983742145,0.1473349456036626,1,0.0020404442790425453
912,0.32112615573202685,0.12354883488896613,7,0.007784311213277397
913,0.3052308767789797,0.1507779004649148,4,0.004806775648657647
914,0.25145565025699135,0.08218760051020511,8,0.009012500511327274
915,0.3273735535200844,0.19285235365748346,2,0.0027940316637082873
916,0.222313250930622,0.11990793385598497,1,0.0014758578621637596
917,0.25821648278907183,0.07248982082098188,10,0.011516708139703218
918,0.1686310876853095,0.016665479177508002,8,0.009283419411935206
919,0.23511097836576095,0.03176564303937368,17,0.0187226575533964
920,0.3401674923900771,0.19636792154785057,2,0.0032155744608874316
921,0.17926229741941704,0.05244737478465006,3,0.003909562336779228
922,0.24803734863601687,0.08242789757811238,7,0.008550003358475845
923,0.23734638649521242,0.1354350379280817,1,0.00140272729104116
924,0.2506666940828944,0.10192017663460085,5,0.0057042310488201855
925,0.3191465745562298,0.1965064454249779,1,0.002134570328406234
926,0.3117748088100046,0.12867923516800248,6,0.007202134223787632
927,0.2871156265769264,0.13060333807181776,5,0.005567411911656353
928,0.16695650497179346,0.031460819105477635,5,0.005468520578357758
929,0.3498137677946259,0.49623901584370955,0,-7.559664331178685e-06
930,0.10326584878718102,0.012861432941825693,1,0.0011023412947899437
931,0.3057806869804306,0.20056602107842983,1,0.00132164041467887
932,0.25006214457147247,0.09576445651823881,6,0.006553704435632971
933,0.34220611171738763,0.16212099222021484,5,0.005488231825708181
934,0.3400859685246385,0.1915743982753793,3,0.0035247503444807227
935,0.30594225386232476,0.20876552636579268,0,0.0010100053300715023
936,0.2787354254604518,0.023870591154453828,19,0.022667458554936508
937,0.17297357916246833,0.06651848374553702,1,0.0018958812710824949
938,0.14461905409017356,0.050598537648287624,1,0.0012209809682973045
939,0.22894636581103084,0.15763744276718256,0,0.00043379799897293436
940,0.3129878866072309,0.19287500516218775,1,0.002034747010030364
941,0.13609074324577017,0.03194867849085334,1,0.001845551951508634
942,0.2893506439471797,0.02506388610042306,19,0.022118740991310046
943,0.13972164641399296,0.049154250851565794,0,0.0010687003390384444
944,0.16325580569297654,0.06775661879771638,1,0.0012620800913899196
945,0.2401741993982483,0.1451684059631462,1,0.0010830277812159674
946,0.344963019451722,0.2417973463274507,1,0.0011063442354033884
947,0.322231664368879,0.050155496982229875,13,0.015049342971199182
948,0.32435320794297706,0.18949553860504356,2,0.002855198817110146
949,0.301429044863936,0.1437425854762241,4,0.005230896905453563
950,0.3208609276694955,0.023261505116007525,19,0.021721577872372798
951,0.21448500344884863,0.05631235237657586,8,0.0087875451745309
952,0.27437212649293535,0.16052991058982566,1,0.0019126352678917498
953,0.20853998676379093,0.09176858710994074,2,0.0025448616519351363
954,0.21306764620898933,0.09703932377723429,2,0.0024504092878336768
955,0.2939974524473501,0.13071208928873915,5,0.006075016379330702
956,0.14194859885824115,0.026905350023362112,2,0.0027838727437654236
957,0.10818480855822059,0.022183815277076874,0,0.000914539058065958
958,0.11424230511426171,0.01314843316638636,1,0.001683691595448194
959,0.12486557446560854,0.016244907817389426,2,0.0022369687240815206
960,0.14146737262958203,0.006014987353713819,5,0.005906499709204305
961,0.32919957691864415,0.15310503604574352,5,0.005779764261520415
962,0.3443280107721992,0.048258707228027206,13,0.014319910236918568
963,0.34909713861603486,0.19183201784340081,3,0.003887838131654059
964,0.19239545100915434,0.06035601311255455,4,0.004477985420936649
965,0.20049040468268248,0.01494441084812863,16,0.0183434544917117
966,0.2711506694676949,0.15467045503525143,1,0.0021007744385690957
967,0.12630390264503383,0.017917415631620474,2,0.0022117520203129033
968,0.3344519598390138,0.11490989170502987,7,0.008176904610816653
969,0.3494870119261858,0.12795263441019686,6,0.007081177734380977
970,0.2600914982869143,0.1060024386608555,5,0.0061688416915415415
971,0.2543858463548618,0.10347996560233845,5,0.005901608166729287
972,0.3008062411502775,0.03863628278961817,16,0.018244381670391184
973,0.19072285516595422,0.07143216779032237,2,0.0029129547746246207
974,0.343846958670737,0.20662002415115577,2,0.0027516871165147033
975,0.13894136833251988,0.014998449790355563,3,0.003912068311117267
976,0.2244716171035548,0.04715161667799829,11,0.01284006212237786
977,0.24633327144518755,0.09962476310069525,5,0.0055336004938599855
978,0.24043579034573792,0.0009758853358527959,19,0.030428468231751053
979,0.32093382985637053,0.22065180831902215,1,0.0010787722588327655
980,0.33303857955512023,0.20313818035886363,2,0.0024381904049291686
981,0.25590622093387544,0.10252962461800308,5,0.006209486519056701
982,0.3256992752603196,0.052435955665422786,13,0.01449406161075778
983,0.32375878145308706,0.19293791298040167,2,0.0025953350927933635
984,0.3277722563895229,0.03520523742759047,16,0.017952901715832456
985,0.3137078244537746,0.17811099663633456,2,0.0030499869939733695
986,0.2685472024087138,0.03380103317839462,18,0.019982918233638663
987,0.13606480849346098,0.0019839459339657172,5,0.005709533742850139
988,0.14403043030583526,0.006402178607238084,5,0.006330140352051304
989,0.3140952317712977,0.08634261986109398,10,0.01087020827638492
990,0.09982379270351958,0.011277571775224777,0,0.0010237965709654132
991,0.3397043049284305,0.15128393402904144,5,0.006087568172193831
992,0.3246139881698596,0.12564268179281085,7,0.00764217991961596
993,0.31465722827651993,0.11358903305672102,7,0.00853559432788603
994,0.11934528485525546,0.012253649406894263,1,0.0021234013328297646
995,0.3344070803499637,0.051920245708821575,13,0.014154617736568299
996,0.11463395885187119,0.02538193243991667,0,0.001040191601271955
997,0.2921530060508757,0.11003690423627205,7,0.008303979406887343
998,0.3310129745630974,0.050202504668964074,13,0.014618988550175443
999,0.17379881581027293,0.06128584977855252,2,0.002373771473486438
1000,0.3303193340821428,0.09549938399155668,8,0.009562772635394783
1001,0.2430841741063536,0.1491535149048364,0,0.0010345691005936525
1002,0.34867641495521134,0.16678676465672887,4,0.005319462121556148
1003,0.09112628727335181,0.016160518687917073,0,0.0005803266619357983
1004,0.28274647918842216,0.11526454928751301,6,0.007053060943268403
1005,0.1911782357056393,0.010267062267583171,16,0.01778011918001589
1006,0.2423191754407611,0.04808112302634397,13,0.015133809920361058
1007,0.3298560403650127,0.14871783343656006,5,0.006106696669224977
1008,0.33836339619470307,0.23591359167601167,1,0.0011025662651812731
1009,0.28137309950027606,0.03510823541618445,18,0.019588550187349587
1010,0.3260071078737025,0.08612028367327834,9,0.010471701181261728
1011,0.335214682688831,0.2147860774525488,1,0.001891998746777239
1012,0.18598791311680143,0.049398187707751444,4,0.005314238485470242
1013,0.2008384092866189,0.07373118208749653,3,0.003699770071002745
1014,0.18847445969634244,0.07530563592179089,2,0.002353470274326885
1015,0.19699168186217292,0.02025592351867264,14,0.015466247200827038
1016,0.29608563597239884,0.08249130882972465,10,0.011568104735325008
1017,0.16559966687087607,0.050753926994138936,2,0.0026336204753502576
1018,0.266773226005136,0.135676066585974,3,0.003308766482774978
1019,0.28282676355509384,0.1509867262046203,2,0.003165680461326976
1020,0.17585405030912493,0.06061308549207424,2,0.0026121738917317967
1021,0.15885029639211146,0.03704643546414754,3,0.0034526463252938255
1022,0.3485506038264949,0.18862851072554743,3,0.004062939866503522
1023,0.13819344028924505,0.03761019898162074,1,0.0015992343632453391
1024,0.11873407368458139,0.013169257602252134,1,0.0020006927687994816
1025,0.11565053666377352,0.007023890374271964,2,0.0022676892644115905
1026,0.1449274426391611,0.02601228119840195,2,0.0032019543252793767
1027,0.33504340642741126,0.2334159140024905,1,0.0010841918401294827
1028,0.1239396735173987,0.021002212293454902,1,0.0017901672091530903
1029,0.09208238197868317,0.006800290788904303,0,0.0008989337728380987
1030,0.33929546605505445,0.007235363339420271,19,0.028056278473722166
1031,0.11374539231088218,0.006187571395776473,2,0.0021796478779569457
1032,0.12250859751425361,0.032451359719133585,0,0.0010667677696177109
1033,0.2422568210407835,0.012901990860184526,19,0.025566067834901268
1034,0.22106777529008836,0.07999663136634091,4,0.005318809941182339
1035,0.30461885126830346,0.10340543313569002,8,0.009381853234145516
1036,0.17798304908460963,0.0034888410146416637,15,0.016692098166740107
1037,0.15745007406492734,0.05804591036348168,1,0.0014842013926886929
1038,0.3406034660964868,0.24058778538978887,0,0.0010135674083475233
1039,0.14544234282515323,0.03580259444654506,2,0.002250622723176418
1040,0.34991575636465855,0.24929190387600642,0,0.0010067789991837805
1041,0.18084275928553922,0.00125438497134136,17,0.01858948233082212
1042,0.26526952371597357,0.11066817228253119,5,0.006062567537165101
1043,0.33264701961602683,0.14001488068540247,6,0.006718603287654336
1044,0.21177405906011668,0.06355385534657168,6,0.00680902039349081
1045,0.24960194561368765,0.055287836993834806,13,0.014198179684514178
1046,0.1932487015663504,0.02747159730919022,11,0.012097439952902373
1047,0.3473390697145964,0.06167913168711063,11,0.012014215799689875
1048,0.32679901143721773,0.11473080306998441,7,0.008359303399450076
1049,0.24706592727618923,0.15081487417666703,1,0.0011181132577529637
1050,0.1614291979818991,0.04062972800232669,3,0.003308210009088707
1051,0.29721321863910344,0.07229892410706146,11,0.012794152419541134
1052,0.3286990583464994,0.1177851818406599,7,0.00812919285343839
1053,0.30050307237069845,0.1825222967022658,1,0.0019980095406840507
1054,0.2633526722029605,0.09083781873793487,8,0.00883106404560848
1055,0.18935818636336918,0.06531114586300474,3,0.003451314954747952
1056,0.25747676110836126,0.14654016968289194,1,0.001826176456392232
1057,0.1468439118352294,0.008904807970299643,5,0.006343848602345394
1058,0.3198031449349794,0.098633299692661,8,0.009663719968928924
1059,0.2117565422609787,0.0434145813740405,10,0.011487433345843697
1060,0.29242309538514727,0.02710349016151415,19,0.021443454919048477
1061,0.26625443241997493,0.15301918141848259,1,0.0019214605862436069
1062,0.168645443498191,0.06351969708621487,1,0.0018171173844592698
1063,0.33539188724531016,0.17242342913290307,4,0.0046253836107284845
1064,0.12535630083907234,0.0339903741243495,1,0.001121993588108729
1065,0.33369445662331165,0.15160890835616408,5,0.0059899064573930485
1066,0.3477116179319969,0.1178131054889616,6,0.007592767375221938
1067,0.1792985204280246,0.02558078918823718,8,0.009318426550396336
1068,0.15584506892316768,0.06565947858353297,0,0.0010317100546997197
1069,0.2745966018758107,0.08018970845339095,10,0.01137754145932122
1070,0.3171676997242766,0.22310783079012,0,0.0008826185010042638
1071,0.19818857455480424,0.06194481479045504,4,0.005027736268864224
1072,0.1537447337605737,0.06262214672075289,1,0.0010742302491133845
1073,0.32272932873635757,0.21982279510152597,1,0.0011694902875647682
1074,0.18284308933156598,0.0861376889756147,1,0.0012831502099732298
1075,0.11826829939309601,0.00038297252146354203,2,0.0032407560880367814
1076,0.3212733005952423,0.082629636817344,10,0.010971105721491514
1077,0.16066960015192147,0.05083168912083633,2,0.002205481921656683
1078,0.1567931249635372,0.015942033189255665,6,0.006784961770860841
1079,0.32399336834148385,0.11951796120813646,7,0.008069114994313297
1080,0.18553229514442204,0.01342323970746738,13,0.014940805407335164
1081,0.3157402090977925,0.21874511397838992,0,0.0009794886708002419
1082,0.2088542303222901,0.11039755774356641,1,0.0013099081117625233
1083,0.3049973333812976,0.056179808553379264,13,0.014805872249256263
1084,0.14365767475926522,0.051241773706349546,1,0.0011461470384056412
1085,0.20160536291752085,0.1215256742644374,0,0.0006455392456522815
1086,0.22342552489807208,0.03899330087331822,13,0.014923959058246452
1087,0.21233117490853265,0.046519471248092456,9,0.010772085444158353
1088,0.33467496260583346,0.19978265758465658,2,0.0027260210791367296
1089,0.16333485227152128,0.056179404428928215,1,0.001982198398975542
1090,0.3044222697266692,0.08022164052885351,10,0.011728146278360479
1091,0.2981732289283977,0.020260422173118985,19,0.023439892823807856
1092,0.20371639758079624,0.09043345745111349,2,0.0022790427037811902
1093,0.23354630682925212,0.07945129598000056,6,0.0071363611920141345
1094,0.27902842372177344,0.12322100840365,5,0.005752578048723789
1095,0.28056027688373375,0.05622227785549536,14,0.01533219936715053
1096,0.14058893391890748,0.00024953299796333096,6,0.007036353689532271
1097,0.19196266438045534,0.04755115233687361,6,0.006648492572253291
1098,0.2855041599434684,0.12909987115100904,5,0.005608116793249249
1099,0.11778079109410027,0.002778489526459266,2,0.0029010105488876305
1100,0.13666718750948828,0.012877534873268811,3,0.0039096531897933225
1101,0.2572043204179788,0.060303815879420145,12,0.013781769245021546
1102,0.26546254380758266,0.1701650590843599,0,0.001038442522909429
1103,0.17202348353126518,0.05654996775023384,2,0.0026574023195173268
1104,0.1938365543769623,0.06176257936591066,4,0.004461436509286865
1105,0.29328019569808217,0.14771067577503685,3,0.004252559441813075
1106,0.17958800856108784,0.011579067745745089,12,0.01393735429594306
1107,0.15976643872141222,0.06963511860167125,0,0.001024243597187772
1108,0.2854928105593388,0.1446353123051668,3,0.003951884919416101
1109,0.1760008183699375,0.058174174514162805,2,0.0028684704933871733
1110,0.13360249758087048,0.015114286617688953,2,0.003223955397628706
1111,0.29743319886452446,0.17580258089640893,2,0.002247497082768499
1112,0.1652952321347345,0.024466143773266457,6,0.006579349083581073
1113,0.19494242910492174,0.0928299755486476,1,0.0015435305611890397
1114,0.3361983875223645,0.11094069881825647,7,0.008354750265537407
1115,0.34403662654508005,0.07122624699153104,10,0.011023241543401025
1116,0.3375767959372003,0.2154822783521188,1,0.001960862726314458
1117,0.11731257648461574,0.010765991882960969,1,0.0020840068834592374
1118,0.34332994649328197,0.170474068965782,4,0.0050115363794037155
1119,0.3316328504529812,0.24780905955275254,0,0.0005937090083725301
1120,0.3374180101121648,0.17948262312670984,3,0.004220539240858166
1121,0.218990904874388,0.03529172620099049,14,0.01523891588308923
1122,0.21790538563048023,0.02541838264665611,16,0.01821553828286075
1123,0.22954810793310254,0.050030612433907405,11,0.01292364454078967
1124,0.3424207707733802,0.05311664636203918,12,0.013554101233861221
1125,0.2149330298994243,0.034921102323800676,13,0.014581217713449128
1126,0.18233041595875824,0.046517988829918464,4,0.005247866230235
1127,0.09709324323498006,0.00781566473364097,0,0.0010577275731062925
1128,0.3413881064485518,0.14267208253285296,6,0.006558910688196645
1129,0.13562504820039825,0.015398835135654957,3,0.003428922868511941
1130,0.16694769124508294,0.048455034252015194,2,0.003002192265316429
1131,0.25842108801960983,0.16291440278675626,0,0.001062332915603092
1132,0.15308477782445853,0.03745566613498452,2,0.002783917766889834
1133,0.2981959557430293,0.15967076056727275,3,0.0035164139073454457
1134,0.22332490112733785,0.04355229253932191,12,0.013617012465285117
1135,0.15520775974664855,0.03944652190436848,2,0.0027854441952959805
1136,0.2314850469956741,0.06429159753574461,9,0.009848309235246211
1137,0.3187456294842791,0.19759727459508672,1,0.002051433335033245
1138,0.2669458620381316,0.04154443350454897,16,0.018129447807261792
1139,0.14626246983887276,0.01778695263942086,4,0.004538475399468111
1140,0.09395517442196749,0.004096085436705451,1,0.0010863255729969452
1141,0.0973216049870494,0.007443460624412223,1,0.0010841738357376945
1142,0.28269493168601406,0.16380541084050163,2,0.0021805904857199196
1143,0.27053048851088457,0.06391515864729318,12,0.01384156186784245
1144,0.31904720040633255,0.16610031895686622,3,0.004311800757607729
1145,0.2164574584615255,0.07169760268857084,5,0.006038438820269134
1146,0.33928473287963595,0.2340743814890423,1,0.0011990114914134575
1147,0.26492454719380143,0.07479010399467437,10,0.01165493187696631
1148,0.21143133993579152,0.030209017260654756,14,0.015361096445190918
1149,0.17538142749227675,0.03722227326220411,5,0.0058098703477273365
1150,0.2778058601504863,0.04680583972180623,15,0.017078930029099975
1151,0.13871063739893047,0.04484123374729305,1,0.0012226817801708498
1152,0.27518103430236557,0.03295018847489609,18,0.020192862464801276
1153,0.23660678783840025,0.07784777442843316,7,0.007862633793318136
1154,0.2596416105336529,0.13176250569485848,2,0.0030972960164821124
1155,0.2315412763070093,0.10526630528664935,3,0.0032575685460179073
1156,0.20252232701837328,0.1097406816031893,0,0.0010667978836036685
1157,0.10159345885895779,0.01456389872203578,0,0.0009598540263875038
1158,0.3299823376326113,0.11206395376922414,7,0.008465013171007525
1159,0.2516746931648574,0.06261188302238965,11,0.01283300677710603
1160,0.31980274017808374,0.19001060745680584,2,0.0025718568555026374
1161,0.23122475614987853,0.025763324258217528,18,0.02011957810307797
1162,0.08886476089885186,0.0009951476352870053,0,0.0010040268144197873
1163,0.1458503772407614,0.0538278060068143,1,0.0011250559058630144
1164,0.2963971195321071,0.10066084340087415,8,0.009525113380212466
1165,0.3331659335794101,0.18259401208911355,3,0.0038063644355676835
1166,0.2995028028311126,0.10527998743714297,8,0.00910631308729749
1167,0.33739707406975505,0.040275379191802706,15,0.016303336945560017
1168,0.284542781443954,0.12954883997820177,5,0.005477639560793156
1169,0.18128320966959688,0.08893456905305613,1,0.0010851556825783601
1170,0.31940050841782763,0.025599837903553656,19,0.021011566704631154
1171,0.13426507432100726,0.031585185683731365,1,0.0017469769721961898
1172,0.14340319558815767,0.04599155866106351,1,0.0014001720781354897
1173,0.32945531132421235,0.1866659411376427,3,0.0033273734755666982
1174,0.1881197381711424,0.01060761514595255,15,0.016778641479655278
1175,0.24583267020567723,0.12549360171940296,2,0.002572646534956791
1176,0.28172936262373904,0.11336080223612738,6,0.007214683941452837
1177,0.2804996473363811,0.10910701746773174,7,0.007670041153164742
1178,0.1805198755778609,0.011982287248224335,12,0.014055313910202167
1179,0.14858302426864434,0.04447305315691612,1,0.0018081483940135866
1180,0.10389568733758744,0.0030608052529241627,1,0.0016860895075760094
1181,0.22542337087420924,0.04398991066666595,12,0.01385308549542054
1182,0.19448853062408517,0.12061821857399652,0,0.0005042260524209404
1183,0.339413564192061,0.04847832634697532,13,0.014519626504538587
1184,0.29058990691734377,0.1260278435141013,5,0.006354837145549163
1185,0.325058244132446,0.04977174892554216,13,0.014982909728146757
1186,0.3023716756343193,0.09858426356588706,9,0.009839366597726312
1187,0.14846676617761234,0.0387104638095478,2,0.00224866904157977
1188,0.27083436070059697,0.0960758793926195,8,0.008707977243822591
1189,0.3248678272201349,0.18298917173960497,3,0.003339588677131132
1190,0.25014472617392924,0.15149692191681197,1,0.0012120617453015878
1191,0.2914755386774458,0.09765643896378592,8,0.009726152589475606
1192,0.19112305693816026,0.03670521981489248,8,0.008976607047085975
1193,0.17849064038434453,0.06764885822757927,2,0.0022093497404319074
1194,0.2305914454487761,0.06881412559958204,8,0.008749524119685326
1195,0.3428656106687114,0.23552688141332292,1,0.0012658709940148608
1196,0.2861066612083103,0.19114419836732258,0,0.0009799760575491465
1197,0.302261626955056,0.11010229017248141,7,0.008680867584944683
1198,0.30908166701465195,0.1915704522189816,1,0.0019135373477150567
1199,0.25595426815551964,0.04266532427545866,16,0.017515731154104472
1200,0.2948216504062678,0.06486837245337013,12,0.01382919368964184
1201,0.23935848061417803,0.10388941691811435,3,0.00418708315168288
1202,0.3360483033997667,0.12058869997222581,7,0.007813979978181585
1203,0.22828297717153673,0.07740071580481306,6,0.006753435541761541
1204,0.14563595118736258,0.029535256195058566,2,0.002876699416296618
1205,0.19138340874045418,0.10620689261311818,0,0.0008042618605002098
1206,0.16083397386936943,0.04619019713703498,2,0.0026405522120173043
1207,0.2752907235367448,0.07414169181608116,11,0.012341328364673467
1208,0.26517751191281047,0.11663233683911328,4,0.005268575085146019
1209,0.13215836045693705,0.011926823666673034,3,0.003453749850981348
1210,0.09491609141536507,0.006484142083906084,0,0.0010230393662289256
1211,0.1518365941584963,0.07237625482222582,0,0.0006679899455504626
1212,0.32570745948091206,0.05560767699769477,12,0.01398363666482122
1213,0.17999367033833677,0.037003994566077246,6,0.006677704252314642
1214,0.20503725681795112,0.046212840908261055,8,0.0094191699985745
1215,0.17252286483866291,0.016781236946154788,9,0.010227090603438375
1216,0.29525482865039204,0.20217514726145838,0,0.0008976602963710331
1217,0.218520458570111,0.11540208596007961,1,0.0015271893788152296
1218,0.09978120310008409,0.009856519808459759,1,0.0010840041643518982
1219,0.16177558729035107,0.02474537685493336,5,0.0058602468588086825
1220,0.16550046413181274,0.031195010200180014,4,0.005275453764934648
1221,0.21912483891982057,0.07541167481992489,5,0.005790307332061891
1222,0.32495862193113806,0.05660489063159489,12,0.013866951829177679
1223,0.29190936580431737,0.11758092792194676,6,0.0074159108737588625
1224,0.12338429889046677,0.001701223241856677,3,0.0037129394773746235
1225,0.17057109275649512,0.00010943620478140459,14,0.015738229030898276
1226,0.32456768604294306,0.12687503136426376,6,0.007556348919298465
1227,0.17917169478143297,0.032024129624456305,7,0.007635367713900979
1228,0.30310348000508464,0.1859236743896517,1,0.0019338951620374936
1229,0.33111522728357246,0.21486853868672762,1,0.0017093829106927395
1230,0.15947021194588468,0.0735162340474257,0,0.0008653979431218968
1231,0.14132686032413136,0.004737361837773257,5,0.006152335446861802
1232,0.1127172585514236,0.006820989354147905,1,0.00204342479448212
1233,0.3462242278081125,0.1052405819573027,7,0.008288596065595248
1234,0.33788178857262413,0.14467376370209464,5,0.0064578529789234935
1235,0.12183015019451336,0.015266059166867864,1,0.0020724111580118594
1236,0.31463077702549663,0.21610608109762316,0,0.0010344032573436582
1237,0.25650221292148667,0.09839933279831752,6,0.006895887467994079
1238,0.10074250084536719,0.007827997347695667,1,0.0012251440725387622
1239,0.27348638915099116,0.09517946610260315,8,0.009058659787923416
1240,0.22504547253461318,0.08785988894894052,4,0.004665881622396562
1241,0.10982257096186845,0.020900437473466763,0,0.001030778504462672
1242,0.17660640488829762,0.023066190563377168,8,0.009388577425849374
1243,0.34429833967226425,0.051160422551293,12,0.013794588179024157
1244,0.09388352204218324,0.004311038082541234,1,0.0010735517049201952
1245,0.17014680852467406,0.031356771133905316,5,0.006043207993944194
1246,0.16968374120816496,0.04537538880121417,3,0.003676541919148305
1247,0.3427005842177992,0.06499690743097285,10,0.01181897880335516
1248,0.2318887786234861,0.1228202965283994,1,0.0018321771147895524
1249,0.22698341184110776,0.07075679727142818,7,0.007803499215994586
1250,0.32784091150630223,0.2282213096877265,0,0.00103609171384277
1251,0.17637209931533668,0.08019756423266194,1,0.0012702110016426745
1252,0.21848995385997547,0.08312023700962803,4,0.004532398343920419
1253,0.320941468984621,0.2189854062135317,1,0.001139625121799887
1254,0.09676950645750175,0.010129624423242256,0,0.0009480737294586896
1255,0.24558922952337092,0.0775724253987951,8,0.009137854259276665
1256,0.234429105040185,0.03921233982468975,15,0.01650786297199751
1257,0.16377242909049683,0.03650548591915241,3,0.004148831257949101
1258,0.31009149409985043,0.10692228127092525,8,0.009089671756443866
1259,0.3110740875852363,0.1730547453809447,3,0.0032713547004978526
1260,0.28487975357776435,0.08090403789144754,10,0.011655437739904188
1261,0.29065355807906257,0.11983683125679054,6,0.007073532233830916
1262,0.2643728034010031,0.09206937984255319,8,0.008733740095086345
1263,0.19152433835527105,0.06936574058617997,2,0.0032132915926287218
1264,0.3045148138712836,0.13020967860003557,6,0.006763057111299402
1265,0.10674784962870666,0.017298251036550225,0,0.0010564309818221886
1266,0.2550653826726394,0.12073818761373507,3,0.0038013609389627805
1267,0.2998380933596122,0.11832937548605839,7,0.0077522953325888854
1268,0.26380398904665375,0.15337536852271214,1,0.001764236615846853
1269,0.09111227701969228,0.0023572342996018205,0,0.001039977661631503
1270,0.2451641558195894,0.14928494739722112,1,0.0011072988356577204
1271,0.17857033324987376,0.007279651279603824,14,0.015301484549432077
1272,0.15282721683270956,0.04176148062938746,2,0.0023450217158694766
1273,0.1665946619102694,0.019290468129397314,7,0.008086172670207083
1274,0.24915719100975428,0.042803749212756,15,0.017058066942286107
1275,0.28725030823552666,0.11547474091074478,6,0.007360498790320424
1276,0.2538527956509228,0.04392255772924001,15,0.01710488968856456
1277,0.3329018643493945,0.16857258748971957,4,0.00479798625158154
1278,0.2631855460509756,0.09854980949018008,7,0.007600890856888655
1279,0.2786231591534138,0.0704694542671476,11,0.013012418662172714
1280,0.24296100560973954,0.06626293431480863,10,0.011066688478120684
1281,0.2743011518655317,0.09225718301123317,8,0.009549620085207827
1282,0.21669726430684733,0.07874035846326945,4,0.0049376595750025955
1283,0.19127102640477153,0.11053691618394398,0,0.0006721443090199526
1284,0.15653199875824253,0.001499961248849874,9,0.010789697732654552
1285,0.18059448835914352,0.04452378145457989,4,0.005324748702697116
1286,0.32171506722477805,0.13099422099518912,6,0.007236267550891235
1287,0.19219441604267393,0.017327567378813902,14,0.01529873583308698
1288,0.28492535355325943,0.12480407256264789,5,0.006061431915456707
1289,0.20231239241100066,0.0010048392382065036,19,0.024802909291517686
1290,0.2884167533731362,0.1414640778731948,4,0.004499926410307629
1291,0.30609828351184687,0.0714902198424215,11,0.012681993720010212
1292,0.2919224565953882,0.07233052498284076,11,0.012850965675442107
1293,0.24678955680646242,0.042619931174629894,15,0.016915740086232475
1294,0.15472627485077498,0.06151280247868521,1,0.0011665658556679797
1295,0.18230542945351372,0.060010557980507764,3,0.0033107537822158243
1296,0.21417175832460808,0.10230583906555706,1,0.002112386759621393
1297,0.27496168373100915,0.13928340070508832,3,0.0036289417912597913
1298,0.196698608507017,0.04324973896355664,7,0.00849301044640156
1299,0.19944825935351146,0.03301669632877397,10,0.011846172949457409
1300,0.288387489637674,0.19166407256005466,0,0.0010373359886711867
1301,0.2515471483334936,0.1372562311060592,1,0.0020762317880086098
1302,0.2704109672172759,0.11960682086033603,4,0.005405235855246385
1303,0.32929087199754165,0.08086498733198486,9,0.010793877134749063
1304,0.27669830351608943,0.03202365100077647,18,0.020416138439980504
1305,0.3058473060704562,0.07440108096326595,11,0.012346741524258005
1306,0.2841775775200358,0.02391929384308273,19,0.02257126862251202
1307,0.26804570557441887,0.05082115125037518,14,0.016193989130139162
1308,0.25244802561873486,0.08566270268013046,7,0.00851406001481269
1309,0.17299947203170354,0.04381790253959959,3,0.004321773704415958
1310,0.2963721889002623,0.19290661679107424,1,0.0012803715751804274
1311,0.31521313782576066,0.08196257060061234,10,0.011254265984026993
1312,0.14645027319964382,0.040847858823379976,1,0.0019226357688657749
1313,0.18509675671414047,0.09306305365951678,0,0.001065576613307382
1314,0.22207039733887993,0.02324067450083637,18,0.01966949856631389
1315,0.29513903621145277,0.06872665503572792,12,0.0132935275155131
1316,0.34907383328783653,0.14904658439349353,5,0.006184177604285352
1317,0.2261738964633251,0.08172495977290366,5,0.005727764057228387
1318,0.13959115017804655,0.04936536640471771,0,0.001054146913550868
1319,0.2736471508013962,0.1094069044997363,6,0.007050351129857606
1320,0.11405222792690581,0.021568001404305634,1,0.0011883917600424257
1321,0.2212985234049498,0.08703059207275603,4,0.004335307237460237
1322,0.10971931648947626,0.0025740023005146337,1,0.0021557909534789086
1323,0.2848182468124199,0.1703330095188684,1,0.0018902874657142237
1324,0.15791987139535082,0.03781332653658305,3,0.0032520585666902745
1325,0.32974694674984706,0.20321752793345021,2,0.0022708606046726687
1326,0.11180322328146682,0.019533598723444928,1,0.0011806614699620811
1327,0.11436108086342818,0.005788941532802514,2,0.002266900964829731
1328,0.3328487074835528,0.14458504922385154,5,0.006431558639315093
1329,0.3262511815567328,0.1597701053727519,4,0.005177732120166035
1330,0.11479747183883145,0.019653570880290988,1,0.001323405377671412
1331,0.23839319359344666,0.01899786518877422,19,0.023097788634038427
1332,0.24502135724280763,0.05009280015838795,13,0.014936281170286472
1333,0.17602797161964173,0.008805414618079732,12,0.013939267194486415
1334,0.2342097046587477,0.037180407667274595,15,0.01704805244142515
1335,0.25704309886894966,0.1195493218834956,3,0.004118439765199714
1336,0.2585140824313168,0.06099664996293049,12,0.01373948135194945
1337,0.16292255807059042,0.06299404127276538,1,0.0015019901047829663
1338,0.20568553327174763,0.02171775926452875,15,0.01702122336568427
1339,0.3123194262571951,0.03881246010950856,16,0.017755537178735892
1340,0.2907021390337269,0.05865122700984188,13,0.014832472642437198
1341,0.18858723928693344,0.050149403913227114,5,0.005587806705392633
1342,0.14032411279440507,0.0070022202714710505,5,0.005491133621555526
1343,0.31705697092405566,0.21590686138623144,1,0.0011217277231176802
1344,0.30677013327390135,0.12395287609895952,6,0.0074674999899318525
1345,0.33949664352874964,0.07548716821519288,9,0.010812465492405145
1346,0.28180265860461234,0.021685353292089225,19,0.023307727945129017
1347,0.23822592091452208,0.11036671649031497,3,0.00334507592813154
1348,0.09366773620841254,0.005249796150154423,0,0.0010234549012843406
1349,0.21182361405141165,0.0767618313461473,4,0.004604595341791663
1350,0.32624300290810027,0.22458752273244056,1,0.0011121485618870684
1351,0.2674346297146051,0.08966250905507789,8,0.009399243089847126
1352,0.3238895194833929,0.20161186641313533,1,0.0020760045954700997
1353,0.26039695735290835,0.12663911966623598,3,0.0036600457719613002
1354,0.25750640434960387,0.16465592595063,0,0.0009655440830152778
1355,0.11577293977209961,0.02682683834627082,0,0.0010260426966442688
1356,0.2542181256773788,0.11113347924596717,4,0.004847227261851985
1357,0.3257348439138021,0.07486718336097513,10,0.011539915784891183
1358,0.26301722015858797,0.04702605805825444,15,0.016832652244515387
1359,0.2353907004579327,0.12861834525392524,1,0.0016757430849182087
1360,0.2947166365133008,0.06733491163865947,12,0.013488933371912587
1361,0.1494572122998163,0.012664589539591577,5,0.0060456419882721196
1362,0.31537606369368176,0.1758808590529618,3,0.003317489237924707
1363,0.2277150804677076,0.05264427540565184,11,0.011969758376886535
1364,0.27902600737805294,0.16354127799835397,1,0.0019862129412396034
1365,0.09295379156974463,0.005056154782216693,0,0.0010020865017768609
1366,0.26463982380230733,0.11256577266437433,5,0.005742760363941018
1367,0.2820504864434735,0.09693542936481421,8,0.009392887427450848
1368,0.27606586988368575,0.08358233563276038,10,0.010943289333931917
1369,0.34607525629228736,0.12093730307580736,6,0.007505096302220733
1370,0.15155238737540133,0.019913129645627446,4,0.005011629741999863
1371,0.14953663867896236,0.006820773669109359,6,0.007412767748193124
1372,0.31832117838899254,0.15074370922199812,5,0.005553100361878423
1373,0.18894640839034518,0.011452454261536604,15,0.01667312244706472
1374,0.18860339126067416,0.005466432707531576,17,0.01908500645354078
1375,0.3375394486016988,0.1597562123611191,5,0.005542310193082431
1376,0.09579136651662497,0.006788781114058486,0,0.0010468440237164306
1377,0.2656946167632112,0.1320526602677177,3,0.0035697425998455845
1378,0.16597406088922873,0.03187332926361388,4,0.0052307336624926775
1379,0.2875322704361859,0.16001135213694598,2,0.0027576967182547834
1380,0.3359131651344247,0.19345271256302435,2,0.0031979404004284016
1381,0.31001496994754885,0.2089716415078479,1,0.0011390255121378416
1382,0.23201833905983366,0.1329066808070002,1,0.0012815405609956623
1383,0.2998022286744957,0.07662830947837146,11,0.012221860880834242
1384,0.31629590904688076,0.035051466182719995,17,0.01848102442481163
1385,0.3291078581414418,0.0607942036422623,12,0.013058255348724684
1386,0.2887110024188447,0.0676016134376011,12,0.013520234827908853
1387,0.19677925169447158,0.03583910187004906,9,0.01043345089137717
1388,0.18999448679888611,0.025480541236659646,10,0.011931439896893013
1389,0.3342089609012245,0.23641596217402894,0,0.0009591092053122635
1390,0.3298209531043591,0.1967101901287893,2,0.0026725334923099133
1391,0.1297653857703568,0.021804056828555157,2,0.002163847851742557
1392,0.3222023092287324,0.08430305293213984,9,0.010782166006384661
1393,0.297771768103975,0.025115750237355104,19,0.021883126082428348
1394,0.22365570708390617,0.08525858985648456,4,0.004864042191079675
1395,0.2910403954907747,0.07767167854765511,11,0.012157474613681211
1396,0.2899363683834779,0.03120728586832529,18,0.020383001449720804
1397,0.3145445447238541,0.1882289061186602,2,0.0024000958683489814
1398,0.25148098941417124,0.09988886939521942,5,0.006093973035497277
1399,0.20761405945973155,0.07446611812805713,4,0.004403074317786968
1400,0.11804838544093622,0.014791308454617343,1,0.0018271037877803165
1401,0.2511781218646664,0.05203077461454021,13,0.015060290950686847
1402,0.23502730962447277,0.11378070861858697,2,0.002740666650646065
1403,0.27437770576834164,0.06870080867536663,12,0.013172095824954372
1404,0.27419502796549616,0.06767428790183336,12,0.01333321193915272
1405,0.3482037183219776,0.22590809240533005,1,0.001891804255820905
1406,0.2710177635205987,0.0965080215470078,7,0.008659264266848229
1407,0.2890471033402788,0.1057575986347268,7,0.008652088738719976
1408,0.24449724816378365,0.11592761535082727,3,0.0033428294342060837
1409,0.259029496795129,0.12045341559749057,3,0.004205185510722537
1410,0.33298549281087625,0.02272438329359965,19,0.021477012931079155
1411,0.12105914294945214,0.0027533584453104196,3,0.0032774809263950754
1412,0.32752109531517015,0.027339513775846553,18,0.02016230758464607
1413,0.16789595529010246,0.01309634151220771,9,0.010162714235299602
1414,0.2342124986709189,0.03073634976752293,17,0.01892668092392424
1415,0.09406429614528794,0.0072784877686255505,0,0.0009558705249845304
1416,0.18283765156130913,0.08092959647032927,1,0.00156674636885196
1417,0.22506184944349814,0.13546264738706282,0,0.0009078531103597932
1418,0.34841885226681946,0.22021570877412805,2,0.0021912015135171327
1419,0.3079532660872858,0.07512545951446847,11,0.012203191126247693
1420,0.11000151450885545,0.015226537361760507,1,0.0013102549428045313
1421,0.17052184213865224,0.05103155955261726,2,0.0030867053145428687
1422,0.3303015782567549,0.23471808868477428,0,0.000899973042397446
1423,0.21336965548313427,0.07836196982161829,4,0.004570229237258759
1424,0.15141993663846068,0.0235170237781614,4,0.0043865889869236585
1425,0.20766136098703514,0.05352964695444118,7,0.008188262743128203
1426,0.3379792825651736,0.027506121238916846,18,0.019699974012221514
1427,0.2914200356438288,0.09403166799430031,9,0.010154858556712642
1428,0.31283756143473135,0.21841856994933898,0,0.0009030489077721612
1429,0.19134756749713847,0.07979375277360021,2,0.0022049268249599453
1430,0.09169314272424278,0.0011309179630892988,1,0.0011204906771842005
1431,0.2430966564763202,0.08196101207907902,7,0.007995214568431766
1432,0.310854465086326,0.20833828206643282,1,0.001193201245892214
1433,0.23480180524771543,0.09606937693080671,4,0.004689229395577133
1434,0.10464390122248596,0.01426791287953608,1,0.0010996896502638816
1435,0.1820149993768149,0.060771706982650296,2,0.0031926846462699246
1436,0.12834337781346242,0.02110696579813484,1,0.0021078624137300726
1437,0.21096131826634468,0.06571453288709085,5,0.006276653743285006
1438,0.11707999681095196,0.02318366809249577,1,0.0012548926311356915
1439,0.19173168712343067,0.008704406838226701,17,0.018585729630049168
1440,0.12374532583625626,0.010384722299609947,2,0.0026955389825630838
1441,0.1535778593325376,0.04447672602237746,2,0.0021730232496854464
1442,0.1575731296185309,0.007678737414431039,8,0.009120341450569914
1443,0.19511583017200299,0.07537054307817695,2,0.0029255553701260607
1444,0.22543269854070128,0.05501150093477369,10,0.011008520852404278
1445,0.1332393561852297,0.005749515858856426,4,0.004520139064114391
1446,0.2410022523590923,0.10069629721453296,4,0.004773754959829138
1447,0.20049939676094064,0.09505760365398319,1,0.0017279348346843327
1448,0.2827791807764416,0.1013520800539927,8,0.00885075804001719
1449,0.13119713752198847,0.0032411629490870994,4,0.004620823374667236
1450,0.2827089998948086,0.0321458979528356,18,0.020300657164277456
1451,0.3011025811435276,0.08987376779339645,9,0.010734690531651247
1452,0.28509907685880803,0.04739246659042382,15,0.016886100373320764
1453,0.23218253930877988,0.020911728255882236,19,0.021837654132501935
1454,0.1711778608168423,0.010557356825498906,10,0.011890970575334841
1455,0.23805830622507643,0.11562896407716976,2,0.0028202512419034137
1456,0.23968630057254392,0.05526729466007897,12,0.013093523424609834
1457,0.26140921897117,0.05232025914641582,14,0.015656992292848837
1458,0.17835786384682017,0.0742705893901831,1,0.0017159641487824384
1459,0.17098165061271553,0.07453744839132649,1,0.0012945813843373405
1460,0.32751378596729264,0.15124088832807986,5,0.005865413893056696
1461,0.17304426463710568,0.046092168201004056,3,0.0039987114547522596
1462,0.32543229486384306,0.22280394378596677,1,0.0011502904425661883
1463,0.2563074342297842,0.14451844076379877,1,0.0018850429753777828
1464,0.32032315960358526,0.05831309850127153,12,0.013832861628788001
1465,0.16608441554101158,0.04861980801035685,2,0.002897190226608867
1466,0.32216062502333803,0.03183113305980434,17,0.019076004797529692
1467,0.33058826296178884,0.07306781025075904,10,0.011500208523063615
1468,0.3107084826245854,0.059051862461499516,13,0.014149096155170082
1469,0.11617513129760405,0.007659669488332514,2,0.0022561021225811456
1470,0.10305745685471787,0.007656287276145787,1,0.0013535215687060086
1471,0.29348973220737606,0.19177389914005102,1,0.0012165609913130466
1472,0.3446088775658753,0.036445015292670135,15,0.01689351411637312
1473,0.3021562081197898,0.1728473470612564,2,0.0027321501928495506
1474,0.20433522780217256,0.01699890193389643,16,0.018464850075425254
1475,0.15312942073828048,0.014973138184816739,5,0.006265142811830898
1476,0.26531176632709486,0.11420955605242818,5,0.005593964082669097
1477,0.22982032411180028,0.0873677038813261,4,0.0053268776895750635
1478,0.31492627646579946,0.192861120050617,1,0.0021344214313013927
1479,0.30064002295907183,0.0355452183149842,17,0.018967238570287783
1480,0.0933459880983416,0.0037973645592765974,1,0.0010729525330861482
1481,0.3013504954928209,0.06964612494201486,12,0.013042453234015127
1482,0.26645422237647853,0.07321948019278676,11,0.012031291319286545
1483,0.2820262757193441,0.04108154857795269,16,0.018217796785693356
1484,0.32015464877996097,0.19896244163802682,1,0.00204327666098755
1485,0.3192677258268079,0.13465075088300074,6,0.006908129573605062
1486,0.16150014804186016,0.013684225896881971,7,0.008392437693238946
1487,0.3466387915566463,0.18750907849123996,3,0.004062750931019452
1488,0.17065170797946813,0.03646054237415478,4,0.00516914154553615
1489,0.30583340317328483,0.21008560482284297,0,0.0009617199995045965
1490,0.30296302279457155,0.16681828277393598,2,0.003245157836523553
1491,0.11051976025923178,0.012052558074454389,1,0.0015212126695565717
1492,0.34117414646720695,0.19839276888228213,2,0.003133859846703933
1493,0.0924638629835675,0.000796000136348392,1,0.0011722055159637823
1494,0.13326358861614648,0.02477398095536152,2,0.002196872517995344
1495,0.15413775631684093,0.046997690087928146,1,0.002013907313551939
1496,0.19079100300475327,0.07652519748519845,2,0.0024353542913226685
1497,0.3431913825070642,0.08428434198754509,9,0.00983513507047179
1498,0.346595573879255,0.23002788469661578,1,0.0016329604483734017
1499,0.13968000420805757,0.018199626110688923,3,0.003563619827948046
1500,0.21366138861001427,0.07239102893165283,5,0.005520565767471263
1501,0.2614956259751692,0.1022880876353588,6,0.0068589615978014344
1502,0.3094980142068093,0.13629178529428057,5,0.006419854031491159
1503,0.3336079899105637,0.16252388350326463,4,0.0052503850186331295
1504,0.10621692671287436,0.01691986056326377,0,0.0010502967164835288
1505,0.3452212279936166,0.21965108961199822,1,0.002081090078408558
1506,0.32181520438269756,0.14470672324904507,5,0.0061846054482580905
1507,0.3095210712139293,0.16766316448981322,3,0.003602431927928673
1508,0.09422023131498626,0.004422409835862092,1,0.0010833367856275418
1509,0.27443376708570083,0.10030876165339878,7,0.008391829070728189
1510,0.3238888697902382,0.0955613591387534,9,0.009786532832743453
1511,0.13852939858617053,0.020733917651842248,2,0.003110276769999583
1512,0.2558163461848138,0.07162038459964709,10,0.01145354229033569
1513,0.1082700808861643,0.01917686167323121,0,0.0010395606089312348
1514,0.10764599764644932,0.0191489262932762,0,0.0010148236443532589
1515,0.24573840000909006,0.04779113923878591,14,0.015556518609064963
1516,0.30030423676199847,0.1321559929152573,5,0.006333910784470336
1517,0.3156955938185507,0.19505579538641593,1,0.0020451653262652573
1518,0.21294437130621044,0.11935424573785962,1,0.001080878526451355
1519,0.13735845513269682,0.022392167899340027,2,0.002799812222050574
1520,0.15956145920662954,0.03800136013210133,3,0.0034163140865174305
1521,0.18500747490187824,0.007513899997660684,15,0.01714491295252096
1522,0.3411908538762385,0.22130860004030337,1,0.001823114343305552
1523,0.27350376048645575,0.1195645506202411,5,0.005702980387322478
1524,0.11847878966197974,0.001211444893998914,2,0.003163241199014096
1525,0.25689719491695173,0.16030767388350295,1,0.0011085977288733827
1526,0.21297804898666625,0.10224766443645128,1,0.002035014929454587
1527,0.2884363492381824,0.14407186867555935,3,0.004238277966714141
1528,0.1368676485192032,0.043541067109064024,1,0.0011989407263454444
1529,0.2884795622898678,0.11846815901198873,6,0.0070860084891955916
1530,0.32545386001951176,0.0719234419076073,10,0.011866583559544024
1531,0.3010324930255133,0.08661856974797803,10,0.011082423283113135
1532,0.1130096388764421,0.007862500019952274,1,0.0019826913966414497
1533,0.2719670801853052,0.14185751566545823,2,0.00315209610891194
1534,0.11421740674098059,0.023081363773666902,1,0.0011243837487625852
1535,0.3196842062449486,0.047294972779636346,14,0.015685932140540246
1536,0.11488015169634881,0.025070943912727357,0,0.0010640665713875744
1537,0.3441268092980114,0.11929238268151567,7,0.007648962377912889
1538,0.16871994959068742,0.012277564392989136,9,0.010639446501930303
1539,0.2830122019039592,0.06581526766857003,12,0.013784842058840247
1540,0.20651235078622293,0.08954026811049906,2,0.0025765064867702557
1541,0.2789585352582097,0.1046909820527674,7,0.008140355356399322
1542,0.24158813329705345,0.07145287927088607,9,0.009808126865195669
1543,0.3398175111642962,0.07481273704171713,10,0.010863635205315171
1544,0.24368933097129306,0.12440042380077716,2,0.0025035854172581187
1545,0.34514461450253475,0.07244307060753186,9,0.010836151886918352
1546,0.3200852193955125,0.1486609717997184,5,0.005803004359025751
1547,0.20901858666025094,0.06187724909087042,6,0.006688130926352139
1548,0.33695753200915907,0.06704993927196058,10,0.01186065158233421
1549,0.2069021588443779,0.12447525777140017,0,0.000704538878913461
1550,0.3048334199900635,0.20396234433422378,1,0.0011480617896733765
1551,0.3152972062426551,0.18187765597031885,2,0.0028715674282948664
1552,0.321230704337271,0.15892968924355008,4,0.005014713717676352
1553,0.13823623920065184,0.04679544782963155,1,0.001109146516637675
1554,0.20526369282304593,0.052352534180551656,7,0.008015082018446997
1555,0.33568512556659164,0.235156866389311,0,0.0010446203085222967
1556,0.19995194765840768,0.0850059569025313,2,0.002440245158836517
1557,0.3088334872529824,0.0292105590138378,18,0.02032027675888543
1558,0.10577386058753425,0.018736739200637467,0,0.000956782297631169
1559,0.13647199552104583,0.015708788482000163,3,0.003492772652755328
1560,0.22725652834735144,0.07497708562245047,6,0.007042390396244181
1561,0.12708536272758159,0.028351038667123973,1,0.001507885820335349
1562,0.26650766991173047,0.12264081804252652,4,0.004664438154055719
1563,0.34403747010407215,0.06827595031742753,10,0.011354522224866052
1564,0.1627273364912962,0.07522491812294853,0,0.0009177754124983994
1565,0.2485954887991084,0.03144254441393472,18,0.019982481385773344
1566,0.1741672415511592,0.06415144753883681,2,0.0021619201862350477
1567,0.1918168876046614,0.09413739659188335,1,0.0013120160271326206
1568,0.14513807042133847,0.035359365509439813,2,0.002263865720199059
1569,0.3498320140216166,0.24067609856505767,1,0.0013072938848803688
1570,0.1029753535058746,0.009554282038284512,1,0.0012482952996471235
1571,0.1732895186441389,0.03253765473235019,5,0.006374162253509679
1572,0.16019117934869717,0.020431883357060872,5,0.006462891060343018
1573,0.11788211808283128,0.018274256105094363,1,0.0015793333890101334
1574,0.18227506689713238,0.026401455538059615,9,0.009784700701246717
1575,0.29651588554988634,0.0949062154984018,9,0.010162128705405669
1576,0.2571818522056499,0.13334215414915582,2,0.0027661388105771558
1577,0.09529192646593895,0.009019063176373064,0,0.0009347308044430315
1578,0.1791779110771268,0.016607288753067037,11,0.012037920850096523
1579,0.29439070907365195,0.07245583967220992,11,0.012813022188604908
1580,0.30018268197286463,0.05487565410349087,13,0.015182491535076495
1581,0.2738169421539697,0.16909920863837646,1,0.0014172844457478288
1582,0.18743375102534826,0.035839167270167505,7,0.008418933218253932
1583,0.24169720153705124,0.13690422208248587,1,0.001539193159059004
1584,0.31170547811775806,0.12659511424764136,6,0.00738459287769569
1585,0.23984380104887743,0.12375350811238128,2,0.002279690222406266
1586,0.299087057456573,0.13631574149142583,5,0.0058259488955126155
1587,0.3076769047758066,0.1742542796713308,2,0.0029693612236994633
1588,0.18116841666099182,0.03475496880409633,6,0.007400480034608526
1589,0.12676833778032362,0.022328528727771173,1,0.001892569354029709
1590,0.32996206896097924,0.20586425864854105,1,0.0021295623317705774
1591,0.14187027365333155,0.0023538055445697426,6,0.006808966077612768
1592,0.14756002705041568,0.06105610970091835,0,0.0008975574774646509
1593,0.0974741755783096,0.00846911426029526,0,0.001045510874810449
1594,0.22743968128994413,0.11496449743683976,1,0.002086272534953269
1595,0.1541308407453398,0.05932376563115969,1,0.0012440371060676173
1596,0.21796596904528162,0.09692691368688636,2,0.0028669999870721066
1597,0.2674013233163013,0.10513564629685572,6,0.007053609638286494
1598,0.252935755049484,0.034731382870185776,17,0.01933282830553905
1599,0.3114585986230056,0.1567376193456963,4,0.0046594715170809
