,X1,X2,Label,f
0,0.29962897510210246,0.5109654354603319,0,-3.998805480336234e-06
1,0.2662840111400621,0.11619287691013158,2,0.005434526825176642
2,0.2719580063548301,0.33798408568557176,0,-1.4842008819531107e-05
3,0.3154867739858195,0.3229599681049991,0,-7.945450721157048e-06
4,0.34928078469534846,0.06372649366185308,5,0.011642956836569733
5,0.2195984073954174,0.04720633028994257,5,0.01196352238306994
6,0.2593381342522436,0.2982108654089733,0,-1.5735859659429845e-05
7,0.05772815771090686,0.3694510878654977,0,-1.4749081108204923e-06
8,0.15963643125859217,0.485777091260054,0,-1.275010850068471e-06
9,0.172494417360405,0.4013028625514265,0,-3.3700464412532096e-06
10,0.16543772203799154,0.5316150911995845,0,-8.543396070748257e-07
11,0.30107645276113687,0.1336966664683494,2,0.006221874103090874
12,0.05827324316275889,0.4947126644342559,0,-4.238111466568523e-07
13,0.1939872723859314,0.16552989623647452,0,5.458004402252069e-05
14,0.032251452729295145,0.49194710402061925,0,-3.3597328224629553e-07
15,0.20497572633467723,0.16245305761541695,0,0.00011930076316995556
16,0.03544394506640605,0.14442895967864028,0,-1.0778975251361382e-05
17,0.2960402905638497,0.36094652196906174,0,-1.4931983374848538e-05
18,0.21077366175736229,0.1885876512342633,0,3.509223394476105e-05
19,0.30321993875713954,0.09849690768494179,4,0.00985347735309792
20,0.331332109878579,0.35622765579063725,0,-1.4367993637587547e-05
21,0.04840284735375742,0.4639127326810291,0,-5.225368260864026e-07
22,0.27259695025730757,0.5703793218179141,0,-1.6890838094568174e-06
23,0.17758497041822274,0.3310630907253187,0,-7.092604793859169e-06
24,0.14407177650209468,0.31343368926540555,0,-6.07802574694283e-06
25,0.2744327550180451,0.46996728667625987,0,-4.6810888308331334e-06
26,0.07788410097265736,0.28035074300788304,0,-4.387001132582377e-06
27,0.30742705869248343,0.05286794047733869,7,0.015242922324075637
28,0.10559048241639712,0.5367137894595972,0,-4.4667713180902165e-07
29,0.34970214800076327,0.5322366196874071,0,-5.312359539260518e-06
30,0.07579350790574493,0.4793653629858462,0,-5.885928066712087e-07
31,0.28929563879975445,0.360350697095955,0,-1.441559982292907e-05
32,0.2424193308687982,0.5553064592810043,0,-1.4533672201176455e-06
33,0.31927013313291613,0.253459330480986,0,0.00030177606115692996
34,0.00865221918756277,0.3073286624891512,0,-1.6813235339713476e-06
35,0.16252975757874144,0.0379565914743321,1,0.0037814233631373174
36,0.1419009844260341,0.3346103758383984,0,-4.8278368780994255e-06
37,0.058583222845101,0.3257204925706934,0,-2.3029452300334976e-06
38,0.1372966791760607,0.292328462687835,0,-6.991850362459215e-06
39,0.022752830853349015,0.352143854606952,0,-1.23659783684453e-06
40,0.21864781199854602,0.2585929315751367,0,-1.5731921365102285e-05
41,0.1299924005719871,0.34844315810770565,0,-3.7392170747210084e-06
42,0.16005121903443445,0.4841686003630092,0,-1.301053955735914e-06
43,0.13009759579560282,0.2152970763889977,0,-1.3099421748693304e-05
44,0.10842637214622432,0.5007379937452333,0,-6.584513240514611e-07
45,0.06914127267205097,0.25181001783621587,0,-5.338116080964944e-06
46,0.26992888647444396,0.0285307735266737,9,0.021374448553164057
47,0.1810357302521983,0.22445429381959967,0,-1.5787158397318976e-05
48,0.12194318196113198,0.2685746989433747,0,-7.585640793384034e-06
49,0.06405424742228145,0.0637537503393703,0,1.3434258837147275e-07
50,0.043425131910362756,0.5356158746825777,0,-2.427326205995396e-07
51,0.23628112760000355,0.5359057799217108,0,-1.6595720614444671e-06
52,0.021367736847913665,0.18291197399673423,0,-6.573233085519193e-06
53,0.3219323423142096,0.060094414201937285,6,0.013502138607177916
54,0.26102233361769883,0.35192104551341025,0,-1.2511002770553732e-05
55,0.2520840619899425,0.35748104400560404,0,-1.108437115177371e-05
56,0.0035931975577491947,0.4175249698339468,0,-5.311089061669355e-07
57,0.2341838192863717,0.35522599119632203,0,-9.636718034096503e-06
58,0.07936341883567258,0.14064601961333095,0,-1.5185340632302803e-05
59,0.06805138380587859,0.18459518603101502,0,-1.0070365807878805e-05
60,0.30035507544811557,0.33721506588917066,0,-1.5696398511007922e-05
61,0.046816052925964,0.026566681831048065,0,3.3822693270996514e-05
62,0.11345075711334766,0.12979189056207324,0,-1.1142342082805231e-05
63,0.1262789464644287,0.17188192437234306,0,-1.5773901873380674e-05
64,0.036612647631606175,0.5293726053449412,0,-2.4137347280853376e-07
65,0.25590589678941134,0.06377346974916076,5,0.012985097877012604
66,0.1673710292910063,0.15272558941233766,0,1.941637063421492e-05
67,0.1878201005974752,0.2927356056853619,0,-1.1144960046538917e-05
68,0.0994747489115175,0.5945714443526805,0,-2.3561800150685352e-07
69,0.17011478568639804,0.5270207041296044,0,-9.372491183830609e-07
70,0.14673675635874642,0.23689157915218204,0,-1.2606899436507975e-05
71,0.28465006431969503,0.26061331322308384,0,3.6756148720424056e-05
72,0.10245545601519565,0.23493845775537375,0,-8.684018238872737e-06
73,0.2504756047087541,0.05744496397654648,6,0.013809466582232156
74,0.3193806468715052,0.14008352946840996,2,0.006475826710754003
75,0.3059828894218651,0.20847708253576935,0,0.0010213573088551158
76,0.23150990852779169,0.44916273408066826,0,-3.7615073319635804e-06
77,0.025709075945474447,0.48479768977044857,0,-3.380432373050092e-07
78,0.30133849159363446,0.590342229154992,0,-1.842700553050296e-06
79,0.3456651377640519,0.11418356705854116,3,0.007844676043573482
80,0.23054767222518138,0.19006496294083775,0,0.00010475667765446605
81,0.15767028287497223,0.3396304680566668,0,-5.367776939721823e-06
82,0.12390186555940418,0.18668460953524113,0,-1.5083048267045218e-05
83,0.02625749676724691,0.34493261412655285,0,-1.3763898606444613e-06
84,0.3033395170303598,0.09363024153686159,4,0.01034152214550536
85,0.3176513281227367,0.39575366493051606,0,-1.3759492839275558e-05
86,0.15429802199671036,0.5871882724382482,0,-4.3854174620128435e-07
87,0.1998621102911553,0.3527013469085542,0,-7.133335995285609e-06
88,0.2499892535984233,0.5725564669530702,0,-1.319128904494227e-06
89,0.13945407950021768,0.42460564268798523,0,-1.9213040771408756e-06
90,0.05872967364917125,0.1118185825564901,0,-1.5616910238966924e-05
91,0.11482553298284488,0.3421251153905839,0,-3.424574886976271e-06
92,0.08230667299058507,0.2710850079574169,0,-5.024322585588288e-06
93,0.29126871121473014,0.18509349729188676,0,0.001420127979086614
94,0.2706525051941906,0.4419844320426523,0,-5.945012350106205e-06
95,0.22885672307162788,0.23557263566422837,0,-6.7082255723396115e-06
96,0.21400143651552303,0.19987436953114582,0,1.7435534515394472e-05
97,0.01061192835106388,0.548738139106095,0,-1.5338778027660128e-07
98,0.03310623784607242,0.09407976177584688,0,-1.5206391234206285e-05
99,0.1670689441273462,0.4753875035371635,0,-1.5234644448833652e-06
100,0.15693695430190413,0.2016060875532368,0,-1.5784823225851928e-05
101,0.026044367434524346,0.09865078558706698,0,-1.4298391359644115e-05
102,0.17492440949028698,0.42262446055503566,0,-2.7911286106495176e-06
103,0.2671687535165627,0.5433930125785859,0,-2.095296666670592e-06
104,0.11767718334102667,0.14036072576753947,0,-1.3241180859803668e-05
105,0.15644780167673508,0.020350201416688283,2,0.005773892588626305
106,0.023539298293851468,0.23030356715643496,0,-4.206545928714285e-06
107,0.16026622058531168,0.4064851660060052,0,-2.8334609350901462e-06
108,0.044189614368221816,0.5827667954412366,0,-1.526421051910056e-07
109,0.21659995592967482,0.12424898172151896,0,0.001024147548034683
110,0.17874061625004056,0.5236783142137257,0,-1.0562273404201303e-06
111,0.20661123792571914,0.28419501750825527,0,-1.3824726572340203e-05
112,0.24081699700914716,0.5723673061739208,0,-1.2060698802342194e-06
113,0.12294788548838599,0.17094794809888467,0,-1.5758300635713028e-05
114,0.24368459369198234,0.49630142879963174,0,-2.6537127813564384e-06
115,0.328534382383263,0.5377262219224854,0,-4.081764567811677e-06
116,0.1565874517599011,0.2514531411005879,0,-1.2137378005997994e-05
117,0.2647453608489331,0.1810080288488335,0,0.0006754473142850959
118,0.23677819413836126,0.202192554849309,0,7.553600690041636e-05
119,0.3272656663055906,0.5598742120372919,0,-3.233224837519191e-06
120,0.07659015054072181,0.25022076726599557,0,-5.834827917203961e-06
121,0.19340696182591993,0.33697067291231136,0,-7.801992231497317e-06
122,0.08042256235995511,0.3265331143249851,0,-2.8401758721000647e-06
123,0.30315775121010896,0.20631168956260768,0,0.0010054484230976382
124,0.13821839355953858,0.4195171876950878,0,-1.9967582891031846e-06
125,0.13788295970530887,0.08177259705668269,0,0.0002432098545295094
126,0.13669719509610248,0.2769577149006747,0,-8.061492958821264e-06
127,0.3425558009717322,0.135862992964722,3,0.00688963228858515
128,0.1106361767050585,0.1908641779936622,0,-1.3585145476993788e-05
129,0.11946246172621242,0.420265029954396,0,-1.643615224251106e-06
130,0.325986034515335,0.3730487588822403,0,-1.5890028529679e-05
131,0.09493439887715291,0.458232043962212,0,-8.80240908184653e-07
132,0.09593193900216987,0.1578564211145049,0,-1.5142290177367964e-05
133,0.09313140685267543,0.02479414819849284,0,0.0004342541905291967
134,0.1593806346834416,0.482682851230408,0,-1.3117147758065416e-06
135,0.18000759292344018,0.23859437305174427,0,-1.5361691552135866e-05
136,0.006835900742404765,0.028861305892324093,0,-1.2934059770817024e-05
137,0.2395736818360913,0.15671983124416536,0,0.0006814933461632132
138,0.3121813024416115,0.4865454997566636,0,-5.763996526013661e-06
139,0.06950307481430965,0.2816139881714163,0,-3.986453087825866e-06
140,0.1340413299453612,0.5093134127852444,0,-7.804684106136587e-07
141,0.08830139367190697,0.10412831720364692,0,-1.0871747653796158e-05
142,0.037629495256176086,0.05719793266134956,0,-1.219488484741537e-05
143,0.22944531141699856,0.2821606745351538,0,-1.5669270632251047e-05
144,0.08727232370925882,0.17039468112497438,0,-1.3308348590079705e-05
145,0.2112275166595129,0.2176726867640699,0,-6.3928006909543204e-06
146,0.2661875964911745,0.4959151047423175,0,-3.3325944033111798e-06
147,0.07644564842986085,0.11671702789866029,0,-1.5643118306332706e-05
148,0.13732055452952557,0.5985826026393105,0,-3.303042922692646e-07
149,0.1111975663179913,0.34757239345331115,0,-3.128485600446816e-06
150,0.18779663582224315,0.3743513813081439,0,-5.126512343944804e-06
151,0.24046922694519257,0.22811156025798732,0,1.3765418625610992e-05
152,0.16879299750534799,0.412371409505991,0,-2.9086611328867527e-06
153,0.23754578799943743,0.5867545954693489,0,-1.010968260605294e-06
154,0.21783621300098205,0.008839731194460198,9,0.02442208772502484
155,0.3026176423058659,0.3309507447253684,0,-1.4855554801061597e-05
156,0.08661426815563114,0.2514823597636561,0,-6.357726375785822e-06
157,0.009025197126425443,0.09545528814073405,0,-1.2993371998909047e-05
158,0.08069136984114364,0.5555204349627476,0,-2.8862391651336154e-07
159,0.11135752355094462,0.4507871842869367,0,-1.1172336280203725e-06
160,0.1640650053035009,0.41429567913299825,0,-2.7220581444617722e-06
161,0.15578310375815985,0.16751628277105088,0,-9.18520303840478e-06
162,0.18955553809690825,0.018679814355704538,6,0.014107161803047778
163,0.26589853979569833,0.17538934264086262,0,0.0008704638926858032
164,0.30385568800499113,0.23064988850946336,0,0.0004179000026269726
165,0.2597474687634498,0.4456771142913433,0,-5.1498614586548625e-06
166,0.11972741845845741,0.056780467767724295,0,0.0003362011935502344
167,0.01549763544454829,0.028476880561369388,0,-9.452752763371871e-06
168,0.27943071721113866,0.27433914826076466,0,3.0043430528416226e-06
169,0.16213815457797345,0.5754491172270082,0,-5.333116639958196e-07
170,0.004560968397152754,0.5687460664085138,0,-1.1820806054429633e-07
171,0.2723550851493716,0.2566482434654957,0,1.8744638910852937e-05
172,0.26162945248937214,0.29207244438883845,0,-1.5043442791388885e-05
173,0.3140597672562571,0.48543767174990854,0,-5.935368698293766e-06
174,0.2927923285793468,0.4320733240143594,0,-8.108833269791515e-06
175,0.03217666168942571,0.3451251958224127,0,-1.4573932024992344e-06
176,0.2984949019607966,0.45978491290505946,0,-6.554459011396984e-06
177,0.14017180718345437,0.35279169134109484,0,-3.961929981348598e-06
178,0.23704309402804566,0.46404598794854585,0,-3.426634820922411e-06
179,0.29081951975639714,0.3913974592573934,0,-1.1544022746202632e-05
180,0.3285234444460477,0.45642233714113645,0,-9.020892636168596e-06
181,0.22259982886563642,0.1268928551574391,0,0.0011506335915750074
182,0.13060016252312237,0.017617206443114507,1,0.002626128311540147
183,0.3178119468547131,0.24710293297439137,0,0.000369231846192272
184,0.17107766136856398,0.5131051176358676,0,-1.0875547406297138e-06
185,0.2999964151018999,0.46677892066728377,0,-6.211462509881722e-06
186,0.10642402282960588,0.19190918388690748,0,-1.3074673712981304e-05
187,0.11267913218303702,0.5603316375404491,0,-3.785901354644948e-07
188,0.0610879388467657,0.2548287415756627,0,-4.784802433950546e-06
189,0.24854947114130385,0.13427089503665113,0,0.002093338752983684
190,0.09504601579057223,0.31903841386518633,0,-3.5404030425468003e-06
191,0.0021631467240093515,0.575720058602948,0,-1.0763586477219243e-07
192,0.004864793940929607,0.188325029860011,0,-5.300643717180835e-06
193,0.02650183338472804,0.4690678211756514,0,-3.9877157218317935e-07
194,0.001851650884688377,0.23742916112967916,0,-3.1579198641975636e-06
195,0.09140271349898269,0.07185861733968277,0,3.1470926780429705e-05
196,0.051851143906376636,0.2868304552754317,0,-3.1750121828516197e-06
197,0.02820390608473685,0.4784518255754876,0,-3.692788603814811e-07
198,0.30047790482300857,0.13647316275690594,2,0.0059002378603235294
199,0.24028403960074574,0.4279222796450738,0,-5.065986474972937e-06
200,0.28973675209510386,0.4600518836526139,0,-6.001650402710251e-06
201,0.07783149237946527,0.3885529301107616,0,-1.489359498275475e-06
202,0.09688088911537594,0.07569130088470567,0,3.557988963917334e-05
203,0.21135940037783968,0.4725258856885166,0,-2.438272106742289e-06
204,0.198563356322549,0.2607956817829568,0,-1.5125148928239502e-05
205,0.32273587643403934,0.5196792634426962,0,-4.6102170728562694e-06
206,0.06993048232680425,0.5307007609698853,0,-3.3223522736065807e-07
207,0.1119270107821727,0.07531649227410016,0,9.308975888141867e-05
208,0.10172391241993212,0.5560905177893304,0,-3.5406002525370793e-07
209,0.006958171881523745,0.38197708446695955,0,-7.837180557488583e-07
210,0.052066800123164524,0.3857321027391151,0,-1.184461032825008e-06
211,0.16668920977287904,0.002490639481689061,6,0.01351154184584926
212,0.14979003153147402,0.029282909416631385,1,0.003361770879891865
213,0.28672989215141365,0.06328213242121943,6,0.01416762545103285
214,0.20850716226039234,0.5535091353083951,0,-1.0549816643911173e-06
215,0.066242722990499,0.10767992553732204,0,-1.5682959062840378e-05
216,0.13416314503060442,0.5287481029552178,0,-6.434103784356065e-07
217,0.01169618337767872,0.3653474905872766,0,-9.703560439583508e-07
218,0.04952769887803347,0.08039143953898409,0,-1.4800132841810959e-05
219,0.016057696313549672,0.5493236502992621,0,-1.6101771595613991e-07
220,0.12895804571477668,0.3948074634661274,0,-2.330375179867025e-06
221,0.2835515737616512,0.2462698937964016,0,8.326082814554755e-05
222,0.2919095251030177,0.37497142302256653,0,-1.328190763016286e-05
223,0.2490821421575099,0.4903220517849909,0,-2.9723820166797783e-06
224,0.10607378327121514,0.38414381862472186,0,-2.0632767566332526e-06
225,0.34565713706564843,0.5066279268849564,0,-6.56594869815831e-06
226,0.030412793785668916,0.20516965780776117,0,-5.773992759147294e-06
227,0.2710004224286006,0.38316454900753477,0,-1.0436806885323986e-05
228,0.26092103791013455,0.03724343343197469,8,0.019005256562025116
229,0.18663611113273545,0.2705504542356659,0,-1.3216921136428982e-05
230,0.242255098230301,0.005896432976741117,9,0.028359809777460162
231,0.25401351426240076,0.3155741860784216,0,-1.517761535579209e-05
232,0.22018797498446546,0.43976905567930574,0,-3.6909162836612803e-06
233,0.09770962058186916,0.15316976790651102,0,-1.551990537034714e-05
234,0.21183683168002573,0.36275505543339437,0,-7.2653522593149926e-06
235,0.2811307956246171,0.24649374537581165,0,7.208542816846432e-05
236,0.1260004003318452,0.3755859322653036,0,-2.741448791987872e-06
237,0.2559343892935856,0.026594475160049667,9,0.021698041282528984
238,0.17691388849813844,0.2094195123227095,0,-1.513895842164486e-05
239,0.014132055577914176,0.43907758235942,0,-4.756693203541062e-07
240,0.3472233953097216,0.5973920173110022,0,-2.712368614715158e-06
241,0.09127323305462047,0.5912067929309155,0,-2.2451714845214145e-07
242,0.061908071652400615,0.505796475946407,0,-3.933721065125768e-07
243,0.0769860397914881,0.1662419031687336,0,-1.2706357000808798e-05
244,0.18355236701926522,0.4186345492845096,0,-3.165039156251679e-06
245,0.20655814489491275,0.07590964432102029,1,0.004079039703993732
246,0.030703987849721018,0.19204231778319206,0,-6.585763237325918e-06
247,0.17774196697751912,0.5536463747878524,0,-7.750030203149635e-07
248,0.03787341612293958,0.2074916631187228,0,-6.072535249362797e-06
249,0.3476619361231289,0.5898076707786731,0,-2.9383214413988975e-06
250,0.3215449778154458,0.5208812711010191,0,-4.502260917384142e-06
251,0.019007155583204254,0.5415286187723208,0,-1.792760144697404e-07
252,0.3485111540004324,0.357518566706951,0,-9.109910834715334e-06
253,0.0732839613816442,0.5437112437261933,0,-3.016399797779115e-07
254,0.2606993221000272,0.035607360074747275,8,0.01940400270723063
255,0.05152722129525164,0.44456676030676184,0,-6.541616326878479e-07
256,0.21910870732392315,0.29605353607317625,0,-1.3883389428199178e-05
257,0.14797690376768874,0.5311706675611779,0,-7.20878175312176e-07
258,0.13375337867630482,0.4519930373610176,0,-1.380389782264335e-06
259,0.06415442363485128,0.29176054370014864,0,-3.416671961034184e-06
260,0.17097598576947792,0.22669542712257873,0,-1.551804640787138e-05
261,0.20554916141921023,0.06334715693421049,2,0.005872955973203915
262,0.27679535774973396,0.5964696791210762,0,-1.3570465793161086e-06
263,0.2240431964334176,0.3720488203253275,0,-7.4705838939602635e-06
264,0.31416115220401597,0.21131053470252537,0,0.0011954870401956503
265,0.06851990164482118,0.17264063579022051,0,-1.1241924187396182e-05
266,0.020076783331919222,0.4454137426796992,0,-4.7378116531383867e-07
267,0.0032978261761588187,0.4028840102520506,0,-6.130353474927666e-07
268,0.008974785029346127,0.540259168912669,0,-1.6425224638036951e-07
269,0.137147724728236,0.06808578274686751,0,0.00043484884711725486
270,0.0458201619948114,0.039045081457580545,0,7.899395197757859e-06
271,0.04935939013837381,0.5685211787320498,0,-1.85339086466887e-07
272,0.0764517759440684,0.008000281369806772,0,0.00044026056641157594
273,0.2171896778537277,0.5491662168778264,0,-1.2015031222473943e-06
274,0.20477247498955736,0.46913703860394884,0,-2.361944163889237e-06
275,0.32048136434965385,0.09083215904745214,4,0.010277288852844133
276,0.009561453534534836,0.09657730494044349,0,-1.2935616297133046e-05
277,0.015306848881474875,0.2178062223475404,0,-4.3890142867050645e-06
278,0.04014768482299169,0.15369593385957694,0,-1.0349628539787314e-05
279,0.23334683953356836,0.44307030860598773,0,-4.070059830812151e-06
280,0.2589015170336588,0.26160913243555406,0,-4.118072682579609e-06
281,0.16476941412769755,0.5190079020678152,0,-9.62667926898553e-07
282,0.1864493378008246,0.33478540665808715,0,-7.452957128427154e-06
283,0.19300607854980795,0.44209371237626466,0,-2.7517804426181177e-06
284,0.08528016466773822,0.2229658949790564,0,-8.268629988549083e-06
285,0.27857673288775664,0.3832503969933461,0,-1.1147776145576667e-05
286,0.1789979149034847,0.2275491707784969,0,-1.577093797354984e-05
287,0.060167875796478136,0.04805108358202561,0,1.620980327989984e-05
288,0.24988233888171693,0.04519636026140723,7,0.016534328283195624
289,0.2266522750868791,0.5774466844139595,0,-9.952815188374347e-07
290,0.2363862078670785,0.24402810138892148,0,-7.353866307197231e-06
291,0.054231208847430525,0.4922943063395777,0,-4.170057666769376e-07
292,0.22136847016734043,0.2820767380494446,0,-1.5232169994669892e-05
293,0.09164266823418048,0.028003547636918678,0,0.00035264604602381104
294,0.04436586653942125,0.5541430070838098,0,-2.0358609882429516e-07
295,0.294792030029278,0.29102389388260336,0,1.2942281849440938e-06
296,0.03234698329787616,0.24059110332442696,0,-4.14469954143572e-06
297,0.31800486560723934,0.5201357419138102,0,-4.379566957918444e-06
298,0.014683586198058223,0.01391531435619937,0,7.623215507074647e-07
299,0.16230234660252574,0.3776662088508928,0,-3.853672752411892e-06
300,0.3478127078688938,0.40915277421605545,0,-1.5206937996429355e-05
301,0.20505939342962254,0.10110507485335041,0,0.0016201485357244913
302,0.18721021696514992,0.4607195214855664,0,-2.1564938061799723e-06
303,0.2621721379893692,0.571220750134539,0,-1.5095751341982e-06
304,0.34925998318365403,0.10785102618907029,3,0.008017133925511843
305,0.3439705886373208,0.5503092070776099,0,-4.197284915808959e-06
306,0.12260184636929537,0.5267753960167147,0,-5.846867295933664e-07
307,0.22865265723064346,0.4028971519122583,0,-5.783168047207222e-06
308,0.32004016506303845,0.4318980079968217,0,-1.0452662843215533e-05
309,0.27319101431392984,0.38924688746421404,0,-1.0076590818920451e-05
310,0.27233816629875446,0.16388351702902182,0,0.0016135166036565416
311,0.17847472131334602,0.2692776110351777,0,-1.2537059062387356e-05
312,0.01908294057199317,0.18016265288113256,0,-6.603270293881014e-06
313,0.22414368286668976,0.1041154610981722,1,0.0027214800764169913
314,0.08846299252678456,0.5738000158876561,0,-2.5980954746578283e-07
315,0.13217187190592247,0.29201075201027593,0,-6.672912989596286e-06
316,0.02748171216216424,0.11245730472751427,0,-1.313429174612629e-05
317,0.2088849621970279,0.5879939667352477,0,-7.501545590684846e-07
318,0.1028937080558855,0.08096769507308361,0,3.744373217429359e-05
319,0.027928557218909425,0.3252391041758559,0,-1.704081102430366e-06
320,0.08809676423385103,0.5841513529721228,0,-2.3340646688538376e-07
321,0.2974325179993265,0.33053509568342804,0,-1.541352974219279e-05
322,0.2709006206982199,0.14957321460789758,1,0.002443960484356455
323,0.2864885298844243,0.10319117851637617,4,0.008831585814751044
324,0.020499671915698913,0.1111600939646544,0,-1.2573944159283286e-05
325,0.08340942496958602,0.28062109587209305,0,-4.621506464818956e-06
326,0.10793954991750966,0.4296150889994582,0,-1.3343052986768082e-06
327,0.03250947700105416,0.25859299804384633,0,-3.4702912010521834e-06
328,0.27476941423755313,0.5687706574946934,0,-1.754036319984114e-06
329,0.10857127709777152,0.39083191381733984,0,-1.9785857196213723e-06
330,0.10300069679940863,0.4834169250723708,0,-7.416757481874684e-07
331,0.003926815135797795,0.130994455089079,0,-9.147618226427438e-06
332,0.2424068966569245,0.04942872810574996,6,0.014815249858893252
333,0.015568323465263599,0.1429319304688842,0,-9.121355412269686e-06
334,0.09381718757977095,0.5870117386876665,0,-2.4016035332044745e-07
335,0.21068356101494962,0.5531630630075803,0,-1.0818800178835172e-06
336,0.1548570062353192,0.08977115355980092,0,0.00035999892105075015
337,0.27387887325042254,0.5958555336550803,0,-1.3262607879611927e-06
338,0.034442183330063825,0.13800767473081224,0,-1.130008366004477e-05
339,0.26236758466131926,0.27797171059500947,0,-1.145019868383556e-05
340,0.16862886772394264,0.03459744657852246,2,0.00517456779286288
341,0.1185138667106615,0.28688557940636433,0,-6.140106603486383e-06
342,0.34172138959275555,0.19352946439261848,1,0.003472445381021559
343,0.32482468501745543,0.22244987360297197,0,0.0011428552262159875
344,0.2593544865723796,0.45086097221073346,0,-4.8734917532355345e-06
345,0.24176002284912346,0.2339258193506303,0,7.053511666187826e-06
346,0.10341221243137705,0.2043336823693398,0,-1.1548732512005026e-05
347,0.0644922631080138,0.08804069637177854,0,-1.3387447220228824e-05
348,0.15096561543644618,0.23616634495638386,0,-1.3096201819188151e-05
349,0.14672788955889618,0.19436256339470395,0,-1.577121228723216e-05
350,0.1254005938732097,0.5118186363912508,0,-6.982490099946248e-07
351,0.18987939203964657,0.08458761553571492,0,0.0017560634932120714
352,0.219683138494988,0.0881255008550271,1,0.004009934426951916
353,0.14314734143092106,0.3664853041809021,0,-3.560766850238397e-06
354,0.11505322134982347,0.17570981613516248,0,-1.5227068115281719e-05
355,0.3312923098311317,0.3217011782356616,0,7.432662417768075e-06
356,0.1624059204463056,0.47410185119446047,0,-1.4730094278506014e-06
357,0.002772633834123711,0.10221945513331077,0,-1.17062163245496e-05
358,0.13811518651425725,0.2863028005590588,0,-7.470630267840407e-06
359,0.028619156210696727,0.3454848852740352,0,-1.4014779757600716e-06
360,0.03962181374651954,0.09752317844889387,0,-1.5391721058602497e-05
361,0.06488313090781374,0.48310327117442314,0,-5.084641754417459e-07
362,0.04984205949255707,0.21608688577447133,0,-6.275803583167889e-06
363,0.31463020398561276,0.06206653803492208,6,0.013559458540509321
364,0.24008561004510393,0.3329873299171729,0,-1.231610053175698e-05
365,0.22751808556731715,0.5104123018837053,0,-1.9619165002418376e-06
366,0.0019515454335822357,0.11032568610640722,0,-1.0840648632663363e-05
367,0.10125587421473235,0.10343308262658026,0,-2.3765286974295014e-06
368,0.16302541254972258,0.3298825013199427,0,-6.226923207926684e-06
369,0.05922157992117409,0.42272924708200543,0,-8.788053595739556e-07
370,0.2872160680131595,0.1801048161932385,0,0.0014811126455842494
371,0.0941983595725357,0.3396442559204386,0,-2.8585115727259927e-06
372,0.22459648179672867,0.05221983492277269,5,0.011554684132940593
373,0.19562041840214978,0.5554048354792829,0,-9.102556151126026e-07
374,0.2224587019513968,0.3853471699808236,0,-6.4653345889343894e-06
375,0.3328744149243922,0.21994254167583155,0,0.001544028981708955
376,0.25398933540179014,0.4309888811414801,0,-5.625033201752706e-06
377,0.0441851041215283,0.17122434727842836,0,-9.146090133793524e-06
378,0.04867117838730089,0.30917639075679954,0,-2.46098215264751e-06
379,0.06621371250756844,0.012809019052524805,0,0.0002223995339914243
380,0.277556634097387,0.5380144160139675,0,-2.4520101994841986e-06
381,0.06186417547113562,0.1751922102757471,0,-1.0367448682151609e-05
382,0.04110375131521332,0.5503330283307171,0,-2.0471209186124727e-07
383,0.13291679657342825,0.44299528407257954,0,-1.4977506959456958e-06
384,0.02008844992710299,0.1553278582081887,0,-8.469850765412546e-06
385,0.006617919118509768,0.12247775084696194,0,-1.013984661598847e-05
386,0.34870729838576936,0.07223715914712882,4,0.010674629432446391
387,0.2039017528475443,0.3560647170646009,0,-7.179598208049684e-06
388,0.08635114436938937,0.4698930199537228,0,-7.190174852921262e-07
389,0.005112643570320668,0.35451786317655054,0,-1.0125107472148992e-06
390,0.0067280092702583505,0.18213633684711636,0,-5.738574561118422e-06
391,0.11196460039891715,0.44646338046527,0,-1.1736830969792003e-06
392,0.01627880154930239,0.08039988411961559,0,-1.4989663696219622e-05
393,0.053119564371471556,0.48240652714041155,0,-4.552617230719648e-07
394,0.014957156441207263,0.4377572516441693,0,-4.859803241853674e-07
395,0.12654240833294567,0.3850928249857715,0,-2.50670292072857e-06
396,0.06078209742595528,0.48603135954964904,0,-4.7397570384764476e-07
397,0.01003302738671221,0.5473415639099101,0,-1.5464803849392199e-07
398,0.23098946798223993,0.4364568222436253,0,-4.24613255980566e-06
399,0.17555023585164709,0.45278054261720624,0,-2.0782498430625897e-06
400,0.12128748791138497,0.022035260376043263,0,0.0015505734738771634
401,0.02581004987981743,0.5411166350724504,0,-1.926743592898375e-07
402,0.2271538141069036,0.217858197550749,0,9.346117433176168e-06
403,0.2823407219054267,0.5591786126854956,0,-2.081763870638502e-06
404,0.07053011237067579,0.5767156852178472,0,-2.1096552086166395e-07
405,0.04308990560571172,0.27422665970981763,0,-3.299396488025715e-06
406,0.13246740416152164,0.5041816614324235,0,-8.087522124567237e-07
407,0.09867330892593794,0.41973663818052825,0,-1.3426774637323493e-06
408,0.26305534565012534,0.12306789776881323,1,0.004289038614787055
409,0.13632152487527735,0.31740309150966,0,-5.41665074067809e-06
410,0.004067318382304247,0.46420834547064455,0,-3.3458040796771303e-07
411,0.018767894053901987,0.5246393308163103,0,-2.1175436439766522e-07
412,0.11023592490953192,0.5967035783264325,0,-2.5681462155115075e-07
413,0.2954991507140276,0.543929461804147,0,-2.7635627347549594e-06
414,0.16788716677343707,0.4185904954945265,0,-2.709055439232805e-06
415,0.26614778016324453,0.08698347539940114,4,0.009715133359418777
416,0.24298660593747104,0.1607065680350919,0,0.0006625824580968914
417,0.06754807015331582,0.2889307871723989,0,-3.6350814727242016e-06
418,0.08173409659021805,0.12995314775404743,0,-1.5744672497346188e-05
419,0.27323929027146204,0.23142888754240476,0,0.00010711089874146639
420,0.0067351448059831615,0.12764523335884767,0,-9.683723689429258e-06
421,0.10625598595646671,0.3204418529604303,0,-3.902883292326502e-06
422,0.2141448731582998,0.021622347999299674,8,0.01883653524700585
423,0.19861677257590377,0.05753067657274582,2,0.00584094883681994
424,0.20092151728367538,0.05988683127562611,2,0.005777649851436246
425,0.3053204894388488,0.110372321889456,4,0.008721801959340957
426,0.22930442190048117,0.16677062716354904,0,0.00029817898198561605
427,0.11504925256574984,0.030910023757480976,0,0.0008412431136991184
428,0.24845703770212524,0.1136593849513408,1,0.003957923843595021
429,0.14302048541073903,0.28364388392166234,0,-8.032689214718082e-06
430,0.1407117100411015,0.3709055270379789,0,-3.3257523721776224e-06
431,0.11058003774670931,0.15187303342977024,0,-1.5696574642896344e-05
432,0.26433696356351244,0.386055493462528,0,-9.570120253716327e-06
433,0.22302767698249437,0.5260865507939945,0,-1.6040127481877634e-06
434,0.0201097129672942,0.0820932304038509,0,-1.5139956206108844e-05
435,0.08314561445081525,0.07027488280793882,0,1.7361647108832277e-05
436,0.2236143515907738,0.14595032491248555,0,0.0005675693336350034
437,0.08702691099047016,0.21273410074955074,0,-9.255003208600829e-06
438,0.2275811322828421,0.21435883286386728,0,1.5519311308481575e-05
439,0.19841256780259475,0.4357592807431821,0,-3.0934464631991277e-06
440,0.122127175688493,0.5799394189655127,0,-3.4197219651767394e-07
441,0.23822427326628678,0.255094949693405,0,-1.1801603132389958e-05
442,0.10657050137590018,0.3310211891166739,0,-3.523651169476957e-06
443,0.22452552399527462,0.2887120674916827,0,-1.4983781170871049e-05
444,0.1866154864846051,0.30931477433166593,0,-9.500284752885892e-06
445,0.30338555963008323,0.31772499478821825,0,-1.1196609303802204e-05
446,0.25268723263434884,0.293540376163983,0,-1.5797185618704216e-05
447,0.1510777820043577,0.39415926709184307,0,-2.9240598858862516e-06
448,0.061656348457642604,0.5390643611927309,0,-2.813420181013358e-07
449,0.09325348821637483,0.18051091331004276,0,-1.2901852031110227e-05
450,0.14606850886160072,0.18411390821872847,0,-1.557369507438842e-05
451,0.3314395445412465,0.15849445148920943,2,0.005463411098947166
452,0.2430101330489772,0.2585877927018652,0,-1.133879379952689e-05
453,0.1226721420776856,0.4881520219325031,0,-8.608988541209952e-07
454,0.30207746033789157,0.09377640869855909,4,0.01032729937497923
455,0.16239593166914565,0.35390696231782237,0,-4.883625035738281e-06
456,0.15341555285087896,0.12965856773972864,0,4.131521155418877e-05
457,0.3007809160987534,0.16289958757174022,1,0.0034204217052437257
458,0.1996208223455664,0.2828732161031276,0,-1.327965270209986e-05
459,0.2812152829539975,0.47797603714428194,0,-4.623731762865125e-06
460,0.23385727837233955,0.11224019476647158,1,0.0027840516389145307
461,0.13715441589660457,0.255016145048672,0,-9.940314709795883e-06
462,0.01616220894028984,0.3007750761887926,0,-1.9349269869274394e-06
463,0.03606726232391544,0.35228116216467487,0,-1.410520908858706e-06
464,0.06824635864425693,0.4200951863164922,0,-9.873533518531673e-07
465,0.03982713983958362,0.35381102236188,0,-1.4422578941464402e-06
466,0.3004049857075929,0.32959792844094177,0,-1.4972415705926267e-05
467,0.24145961562727278,0.3785591672988888,0,-8.28988674637232e-06
468,0.09810380560738978,0.04642229181764288,0,0.00020211629474835782
469,0.02865294172008088,0.3322766340075471,0,-1.5998501679189804e-06
470,0.010746689725900326,0.3833705925835431,0,-8.026823682216251e-07
471,0.085781772624694,0.24907085712028762,0,-6.456751236543234e-06
472,0.04319078717720492,0.200586870889484,0,-6.842707354206697e-06
473,0.17337679881907195,0.10095237050919548,0,0.0004857970316910316
474,0.08518559241697705,0.5560784985619628,0,-3.001935641498213e-07
475,0.048445736557253184,0.18530002599783446,0,-8.33837559590732e-06
476,0.33567778930594844,0.2374009252060847,0,0.0009707234329727184
477,0.3177495295422645,0.03355123169866576,8,0.0188012482049408
478,0.1176017392188111,0.008510947793703849,1,0.002303126161602284
479,0.21664997651543216,0.041247624408593794,6,0.013047027403532115
480,0.2194692047961859,0.4839276067014642,0,-2.3590258531990695e-06
481,0.19843329094931927,0.0847109811526234,1,0.002344978485514295
482,0.014624033420108888,0.4621967503842568,0,-3.7934632278392065e-07
483,0.04969644857801939,0.4755084066948714,0,-4.713788839216715e-07
484,0.01491067427651792,0.41945386461507583,0,-5.83318715894966e-07
485,0.2461741897243737,0.5044236221950529,0,-2.5084759972277175e-06
486,0.04923176378128063,0.042703597084216116,0,7.5433196049978665e-06
487,0.21275830736450305,0.4689722187275865,0,-2.5618046980092607e-06
488,0.3296629965044076,0.2693527638646006,0,0.00023545231183778824
489,0.05005595250217592,0.07587749986297389,0,-1.3906547025229076e-05
490,0.014382676920710012,0.08981387699961997,0,-1.4045291478216075e-05
491,0.2553804934479236,0.4899769746008077,0,-3.175522282996739e-06
492,0.02442534781110485,0.14035265961689117,0,-1.013187375604876e-05
493,0.09563983331301347,0.3683534987097952,0,-2.1770468563007617e-06
494,0.2429875602451125,0.413143729970446,0,-6.018190002932306e-06
495,0.06750529984818554,0.07226356907949298,0,-4.367601217028231e-06
496,0.3388170927856078,0.06101947294326841,5,0.012539735631547477
497,0.16279293626625874,0.427383273739387,0,-2.358501739670581e-06
498,0.29830645896029784,0.27920863096588255,0,2.4528817599029775e-05
499,0.2675339098753564,0.13947693540347214,1,0.0030229425082219153
500,0.32092266139352654,0.45943653095220327,0,-8.161958394084253e-06
501,0.25567260051190266,0.2751468676685711,0,-1.2741736474206886e-05
502,0.056009572186040434,0.2015137224227507,0,-7.675932770618925e-06
503,0.21674084047536613,0.13639908347531216,0,0.0006387451426807902
504,0.20110544788014673,0.5248413092023281,0,-1.3050703387314688e-06
505,0.05610836499603352,0.2159004204933334,0,-6.683764731737144e-06
506,0.02953173992403723,0.4454694638659932,0,-5.204182729175967e-07
507,0.19447381762437452,0.07633810668553291,1,0.002769678793216158
508,0.2064205057125552,0.102313313424112,0,0.001624711895934477
509,0.2034940921739719,0.52915287415532,0,-1.2801659721861038e-06
510,0.11267036435727261,0.1536949017832776,0,-1.5688681273731368e-05
511,0.24231773251422176,0.5939555619930486,0,-9.86621286302151e-07
512,0.2670951239931085,0.09455341824672898,3,0.008603898755430097
513,0.14271610720267253,0.4057245413402526,0,-2.396901921900862e-06
514,0.048438517949889626,0.37483164693723053,0,-1.2738471481694135e-06
515,0.04680407673648254,0.120796913290946,0,-1.4172940216354958e-05
516,0.07167737963839,0.2700678253323505,0,-4.5685440831401275e-06
517,0.06586324531439193,0.1099175574487888,0,-1.5742610795895188e-05
518,0.30612221394647277,0.5270649449467963,0,-3.6336952261474992e-06
519,0.31494119489818473,0.20447461698733238,0,0.0015189502917473173
520,0.09164875586313453,0.059613608464943874,0,7.248351087951929e-05
521,0.10663584223622401,0.598847996462998,0,-2.4249004559734283e-07
522,0.050462823818054156,0.19695359372690227,0,-7.603962949655167e-06
523,0.3325037386353726,0.545262410411493,0,-3.93913521413076e-06
524,0.27934051483079636,0.5861048794037779,0,-1.5438466874213726e-06
525,0.23927378723415024,0.06611399078664772,4,0.010601662004917195
526,0.1263195879904593,0.2919999141868047,0,-6.303351736243509e-06
527,0.0892289904461355,0.4770251793885725,0,-6.890450501183431e-07
528,0.2641254435565294,0.39021583274043603,0,-9.190235625564013e-06
529,0.002394636902384489,0.1641894032016966,0,-6.5584772862338505e-06
530,0.11989566680546819,0.5080628054832517,0,-6.861988025468649e-07
531,0.3433621116087336,0.2555059785461023,0,0.0006681689893060854
532,0.22005151520070548,0.3620918703066152,0,-7.912101612747801e-06
533,0.09979001214736971,0.5263083061619936,0,-4.677637144374962e-07
534,0.019773569612992856,0.2652325456560376,0,-2.8608800300257373e-06
535,0.11698507185424162,0.16234087113640738,0,-1.5769695200856078e-05
536,0.26006527730230133,0.018452898974244757,9,0.02434382932004074
537,0.2803743482108141,0.0883523929040008,4,0.01047509972264078
538,0.19940151583276608,0.397524421160906,0,-4.5704418808719465e-06
539,0.1825308347813477,0.40485796763752313,0,-3.59415988896411e-06
540,0.23181179551671607,0.006081049747213618,9,0.027414765746816342
541,0.017926027752967505,0.2894095933595861,0,-2.2061487798792972e-06
542,0.0012279684499352072,0.5256403684754702,0,-1.7595017479758193e-07
543,0.2256178980902555,0.40855840416217615,0,-5.308517669666132e-06
544,0.17476376409730826,0.04878441617776463,1,0.0038462861282789473
545,0.21616039425925254,0.4294101708591715,0,-3.9313056747851775e-06
546,0.12014838369729128,0.4011991259442823,0,-2.0022960093703843e-06
547,0.24380461580311405,0.4538431579598238,0,-4.056354221308359e-06
548,0.12709962210077116,0.1540625997133424,0,-1.42290965428292e-05
549,0.0730450281778529,0.2615355837406664,0,-5.039319150172787e-06
550,0.32230097235124466,0.5088701115172238,0,-5.108913734486846e-06
551,0.14135912686255686,0.05434740428961231,0,0.0009228323116708587
552,0.1718493573266198,0.123408781390512,0,0.0001648273255748681
553,0.2570501046769533,0.26109235303662665,0,-5.1117382821838225e-06
554,0.2760245521661892,0.37134137301643255,0,-1.2067707527975157e-05
555,0.11972335047206799,0.4116246722785479,0,-1.7965418267044885e-06
556,0.005139704064943018,0.20259391882544842,0,-4.6148816931391405e-06
557,0.06677452839941467,0.2807522466402885,0,-3.913239274669674e-06
558,0.019621863845089637,0.23119359682408655,0,-4.0103686163198145e-06
559,0.23431154851746594,0.28496459694079995,0,-1.5744345586217965e-05
560,0.11163377510393792,0.4281941315714217,0,-1.404237382753657e-06
561,0.10410839255580172,0.5029406773249415,0,-6.169258930059264e-07
562,0.1832416173561392,0.1413270085736517,0,0.00011780517397312306
563,0.06442691687193791,0.157855978912529,0,-1.2294043441197514e-05
564,0.32471973647202285,0.5502096800156372,0,-3.471104846624401e-06
565,0.1269847758718369,0.4286859187809481,0,-1.6287276247721567e-06
566,0.009173646912602446,0.0748724649352769,0,-1.4872124662563324e-05
567,0.06286206424703157,0.5728773378961327,0,-2.0305796654905554e-07
568,0.3118366274391134,0.13876488822503777,2,0.006300490626701212
569,0.3048194656682561,0.17904716949160684,1,0.0024569723065436698
570,0.22443584936259717,0.20016286840266492,0,4.018520524657049e-05
571,0.17083474547166666,0.19764436802545374,0,-1.4276155894903684e-05
572,0.09805919596149834,0.15544941144278882,0,-1.5421559287412417e-05
573,0.26842826868314845,0.0004534118474755599,9,0.0319118258821195
574,0.08393304963313016,0.20741160529281027,0,-9.448630491034127e-06
575,0.041549109109722766,0.046220442329637686,0,-4.225610466739941e-06
576,0.12531121294206793,0.32117511875579,0,-4.6805915533845986e-06
577,0.11585838844784564,0.22542983611719894,0,-1.0712284180216651e-05
578,0.1147709748747739,0.32295604845100523,0,-4.142353611574406e-06
579,0.24184251675805266,0.09406772379273369,2,0.005816371750018887
580,0.2516181510682686,0.2552067176876988,0,-4.719133061843327e-06
581,0.18421551636957179,0.10937970133909466,0,0.0005313824616572595
582,0.07416055104866606,0.3802752237762233,0,-1.5596295803792056e-06
583,0.32727392542228173,0.04416935420093737,7,0.01594098147476884
584,0.29763024866126875,0.22911746844903488,0,0.0003493605995819221
585,0.13140844565843007,0.32756759963404686,0,-4.666421145198681e-06
586,0.04423841939837267,0.11889240529532547,0,-1.4113394707466878e-05
587,0.10193864106804715,0.452196692389761,0,-1.002727437931798e-06
588,0.21956938919264057,0.02835587094441063,8,0.017532533789448933
589,0.2753908547023713,0.29827874817897926,0,-1.3733410123541712e-05
590,0.03691906033391856,0.2509397621159558,0,-3.913057627937663e-06
591,0.136328118179667,0.5373255447805063,0,-6.034305726878579e-07
592,0.18459310693062736,0.28192546142923275,0,-1.1887843666667494e-05
593,0.009898329109029845,0.2623632153584203,0,-2.667913312232735e-06
594,0.025844457515037715,0.4985964408228422,0,-2.948718121848543e-07
595,0.13980367548065797,0.5925928878069698,0,-3.5949505318805403e-07
596,0.272784468459533,0.1102899100960365,3,0.006850538206366396
597,0.024431588231781962,0.07415590252444597,0,-1.5712528731726117e-05
598,0.08625486249135443,0.22946641480558982,0,-7.843470286988276e-06
599,0.2638097568193673,0.3334509578143348,0,-1.4540577328214759e-05
600,0.32955861722806806,0.4090408816142658,0,-1.362442594426456e-05
601,0.27026715301220794,0.18523619514133963,0,0.0007025596468697487
602,0.18370359536840816,0.49100120456722124,0,-1.5386343873869518e-06
603,0.11090239721623056,0.0884371476211091,0,3.8762767625877196e-05
604,0.156568282328865,0.4104854919484298,0,-2.6240540414116098e-06
605,0.33116878109258563,0.3105554691047579,0,2.635860108421718e-05
606,0.11718984245291039,0.4623036594316213,0,-1.055418192002727e-06
607,0.12858441789518096,0.19118398142242687,0,-1.5096046342826651e-05
608,0.25940786578717473,0.3095537775921265,0,-1.57720578081612e-05
609,0.02983483161242931,0.08256193375012612,0,-1.5628618723964495e-05
610,0.03192355162603529,0.3907126272584797,0,-9.215611080315877e-07
611,0.2777318235997798,0.4399325268592513,0,-6.500067049625093e-06
612,0.32795588951258237,0.5784739728284566,0,-2.7043319815411973e-06
613,0.15387522366323178,0.19882941981881153,0,-1.578471110196495e-05
614,0.28816126181601087,0.569177280519093,0,-1.996395116964653e-06
615,0.053124287613719436,0.5718489710351926,0,-1.8614284434943912e-07
616,0.2768774284567356,0.0699465944128412,6,0.013048993623854513
617,0.28049384825937623,0.11461241122346912,3,0.006954838788087284
618,0.2791800551837164,0.29936786443136404,0,-1.3051011624776324e-05
619,0.22313655435124746,0.037847791389125106,7,0.01520866932453886
620,0.13252639560836757,0.3988235738880083,0,-2.3198401154357867e-06
621,0.06305009002555793,0.023697910065035497,0,0.00011018806221080032
622,0.2520930503720452,0.20771599048938943,0,0.0001249860228392361
623,0.013988227156345267,0.06180929477590899,0,-1.5741187333680097e-05
624,0.24516314299962005,0.3318449812825518,0,-1.2933618317904544e-05
625,0.2705516218388981,0.40445098319001044,0,-8.539170532447585e-06
626,0.072233249505128,0.5860955800660861,0,-1.953725506196929e-07
627,0.2396698139770244,0.48197793045379644,0,-2.9414993139687394e-06
628,0.31596194423592233,0.07802768253918621,5,0.011621952844113595
629,0.30318978859058604,0.1926911284173615,0,0.0015763927084869616
630,0.14795346458562791,0.34455924384872644,0,-4.64443331649297e-06
631,0.022807659029154798,0.38260360790815834,0,-9.124217674031753e-07
632,0.14019478308464428,0.20120515980768094,0,-1.5205022624915534e-05
633,0.044690433237831964,0.23005007002200303,0,-5.19974844020961e-06
634,0.0854634055508082,0.2225792216946838,0,-8.313530995439118e-06
635,0.2916688080786502,0.4271488562865397,0,-8.40763324160795e-06
636,0.07760146131998678,0.11005352391654318,0,-1.5026465589930338e-05
637,0.14096049605164912,0.23590080565041396,0,-1.213268528646046e-05
638,0.3250056718555876,0.3695846930459433,0,-1.591602823877287e-05
639,0.037926482794883726,0.5686199339967913,0,-1.6517446760779534e-07
640,0.274374263342321,0.5448452076890911,0,-2.2188619927502927e-06
641,0.26908501511116467,0.26232777893997816,0,5.164162590393544e-06
642,0.31933277431352497,0.4795647549076648,0,-6.618585209613644e-06
643,0.06287024498691708,0.3831228730858563,0,-1.3542597421065288e-06
644,0.002539770023877619,0.05410393851503807,0,-1.5666267223513962e-05
645,0.24123929330333366,0.5383124604229856,0,-1.702256056023106e-06
646,0.13139978673349148,0.3127844721133077,0,-5.400940335234261e-06
647,0.28354127478920116,0.43858024127340184,0,-6.96860601605067e-06
648,0.0032772074650344817,0.4655608886847463,0,-3.274904794743327e-07
649,0.2981868685765452,0.4669385101784154,0,-6.093030475787273e-06
650,0.24965005455700495,0.492408456020524,0,-2.927658060473014e-06
651,0.01948790830746106,0.31263683654094293,0,-1.7766289037929096e-06
652,0.34987021530766305,0.2502346329397404,0,0.0009757321386086197
653,0.223277838858911,0.22923252360469767,0,-6.156786811573526e-06
654,0.2640504786185116,0.5748160130863842,0,-1.483832498349919e-06
655,0.2764442170486391,0.4640840960831467,0,-5.061386576089911e-06
656,0.17662884966863027,0.12552350293749423,0,0.00018665798113886694
657,0.2549594169929883,0.12802717370137282,1,0.0030629243071068233
658,0.1435876152690096,0.13347647196397383,0,1.1950179255753488e-05
659,0.3129654389395397,0.5314434681507874,0,-3.7232662389817795e-06
660,0.07329983014501057,0.23876561730331045,0,-6.32186584984675e-06
661,0.22875201460058436,0.08805599478806171,2,0.005090883329785149
662,0.34189040553367867,0.16237288620658735,2,0.005467897366124902
663,0.2871787034727303,0.27723951142301495,0,8.987605501786608e-06
664,0.07621968121564907,0.3213869444477574,0,-2.8672099532377645e-06
665,0.17413787281784415,0.5057153282987302,0,-1.2072594804456006e-06
666,0.17124030638403603,0.17755449101589194,0,-6.023594247450689e-06
667,0.254113776459757,0.09067944575325257,3,0.00785555381305437
668,0.038361648869515756,0.10988527208657918,0,-1.439216059230801e-05
669,0.1423197404681614,0.46242625837533247,0,-1.354680238818174e-06
670,0.34559750573364006,0.16189982469051362,2,0.005547388797225153
671,0.23440265451366768,0.09088361499601731,2,0.0053756993821064795
672,0.042336820368469974,0.08724348125656434,0,-1.5746962837707985e-05
673,0.28681359832340425,0.012170787015243767,9,0.026665119773524704
674,0.07572950967089806,0.05599179240877763,0,3.2183473163898525e-05
675,0.076861297374099,0.28047803412775774,0,-4.337238969039484e-06
676,0.30849805032723865,0.02965300761589433,9,0.020208309635514576
677,0.26299995723912367,0.025229033327815852,9,0.022262205631426724
678,0.101897547730671,0.4230054241950022,0,-1.3420174387550208e-06
679,0.036995834938264305,0.22479648958381354,0,-5.076218957674702e-06
680,0.19537317282556996,0.5560268228418673,0,-9.023833034706366e-07
681,0.0770771979610084,0.422297142053975,0,-1.054892858236635e-06
682,0.3462658371414154,0.3301656945319745,0,1.694344002714164e-05
683,0.2073867863633911,0.09436892806553081,1,0.0022374237513214323
684,0.289985010046502,0.47595429383298715,0,-5.143852046249369e-06
685,0.044503647440864665,0.11083036793455281,0,-1.4821329918161212e-05
686,0.24205791855989964,0.5875026860822445,0,-1.049639731589967e-06
687,0.06691748871857087,0.1865307707071779,0,-9.79287164547938e-06
688,0.12672286923588733,0.38813610940013515,0,-2.4360423327818007e-06
689,0.17579480656822902,0.49891740463388395,0,-1.313699787318515e-06
690,0.037497825099587545,0.05804879936123912,0,-1.2512632946301011e-05
691,0.26178785646438096,0.5126748016675572,0,-2.6988218730854634e-06
692,0.26583016416450633,0.01902566390723186,9,0.024234268939124552
693,0.3234246839661876,0.15159190754968777,2,0.005699692129690405
694,0.04674652228005994,0.3247182311593124,0,-2.0669752162185575e-06
695,0.0053180225077086585,0.36927858411179926,0,-8.753674643318312e-07
696,0.0008739384496310509,0.4205755130003094,0,-5.013465786846397e-07
697,0.16690979239917147,0.14520265865621332,0,3.527996748529624e-05
698,0.05200866629580021,0.22908717616808777,0,-5.642007689301906e-06
699,0.11907226444270744,0.454750523062352,0,-1.1598008308014735e-06
700,0.2697462277078046,0.5462902788591639,0,-2.088491513127813e-06
701,0.348193666680482,0.34572913537800726,0,-9.351967352727109e-07
702,0.17486144452331268,0.06000833986731299,1,0.002581179327478908
703,0.24192497781452127,0.18333909543924776,0,0.00024676418432545297
704,0.2422271647887127,0.00568167971809479,9,0.02844949660380639
705,0.21771308085012753,0.09775479183123077,1,0.0027667940498516245
706,0.060761355003996535,0.15165699552635195,0,-1.2545892932672818e-05
707,0.2134211610537589,0.3654572331111791,0,-7.18690956542611e-06
708,0.18856202814518475,0.5790726216322533,0,-6.695745785417613e-07
709,0.028708937172200213,0.3522014389073174,0,-1.3116325962874653e-06
710,0.26086855310896895,0.13330323103120995,1,0.0030547354067278027
711,0.07060589159194004,0.0051129250821978275,0,0.00038704914521810695
712,0.27454767001094743,0.2663726125738763,0,6.86352811677821e-06
713,0.038664980441258795,0.3903519048438639,0,-9.893099332065993e-07
714,0.04167525524369175,0.4019473187061604,0,-9.078945596682056e-07
715,0.2669474923067839,0.43432470476178303,0,-6.18079550920106e-06
716,0.2638183074900162,0.45086910942544706,0,-5.092584050818115e-06
717,0.3023914733767228,0.48368678648200614,0,-5.385022848973523e-06
718,0.24058872568347073,0.2078294956290854,0,6.773409928256214e-05
719,0.25191520613463514,0.5097732606660377,0,-2.5179742422405944e-06
720,0.0922168124396363,0.3735044443677063,0,-1.9983993287363625e-06
721,0.33557329840380856,0.17879244528043628,1,0.004187765988121673
722,0.14312555714974987,0.4864794129815148,0,-1.073724691199433e-06
723,0.011781550885448265,0.41454980856036466,0,-5.937839019560937e-07
724,0.11170044826337801,0.11528182189797251,0,-3.620370635468516e-06
725,0.04559386057734083,0.49706762814133637,0,-3.64708253770633e-07
726,0.23135835441746075,0.23380817991687367,0,-3.622038166863633e-06
727,0.3205643578203402,0.58830411366229,0,-2.277646532572281e-06
728,0.22800155896256616,0.3780734513757024,0,-7.322350101631054e-06
729,0.1791860949928742,0.10338266384689333,0,0.0005565292057248018
730,0.02622590208042264,0.20836841561574485,0,-5.368832889981373e-06
731,0.18581061403853577,0.10428492457576788,0,0.0006991264614106978
732,0.21020768973009316,0.5720279439147935,0,-8.916789278455474e-07
733,0.06828994617273657,0.22890638034402688,0,-6.6291550395230785e-06
734,0.27593420883568864,0.5629133455340248,0,-1.881471919277299e-06
735,0.1320103022153339,0.09520717178878262,0,9.303983086274518e-05
736,0.3238655185244576,0.45529421665692393,0,-8.728044026448564e-06
737,0.27634448508789383,0.0698135513388403,6,0.013054874207892028
738,0.1567949001978825,0.48736751927366795,0,-1.2198094546172432e-06
739,0.17894890959467621,0.23257911508734547,0,-1.5615994452302747e-05
740,0.33996790333676585,0.4724518534501287,0,-8.63758896480593e-06
741,0.15426831026105842,0.40351599717131564,0,-2.749383848186433e-06
742,0.24473829779649345,0.42536796531086446,0,-5.428538902225613e-06
743,0.15063943034184624,0.12335812216995973,0,5.240054246363555e-05
744,0.25526766370564075,0.36273928184605164,0,-1.088432023333831e-05
745,0.32568799985641494,0.14254035839982576,2,0.006454663670211764
746,0.02574539187699149,0.2907571444402934,0,-2.3532974144097176e-06
747,0.1861526287792948,0.04108334757191654,3,0.006951600556047185
748,0.10801250444662583,0.3495898514617665,0,-2.970401691904016e-06
749,0.24570221621800348,0.2892313495745403,0,-1.5838395906899264e-05
750,0.31228172075243543,0.4615567322300542,0,-7.362885693577456e-06
751,0.1371055891180072,0.1786851959943866,0,-1.5720137646921275e-05
752,0.322026701495875,0.024382428847814785,9,0.021308083629605866
753,0.1238320800906783,0.295210632896161,0,-5.961003906874229e-06
754,0.08064001679762489,0.1151270666517692,0,-1.5249972527828852e-05
755,0.1269860452530618,0.37553946971293906,0,-2.7697941578907267e-06
756,0.20409846935857134,0.41932219616989014,0,-3.855844635838823e-06
757,0.038419680519579336,0.31596797194336496,0,-2.075947007734853e-06
758,0.28048798139055325,0.42044538354470334,0,-8.05929997049698e-06
759,0.12993732679249512,0.18852482953583094,0,-1.5356160104076955e-05
760,0.24893983570270703,0.195157924365265,0,0.00019685796890979895
761,0.09242892285623591,0.516136817360934,0,-4.811432918989487e-07
762,0.3119343172922516,0.47083889962108144,0,-6.706194568901957e-06
763,0.3120496270277721,0.14103622874293995,2,0.006105137365080186
764,0.09132042380833238,0.10298571078510806,0,-8.91511012243898e-06
765,0.09515588391275387,0.2710722666684295,0,-5.7034727898296315e-06
766,0.05609214395805529,0.22521023327233503,0,-6.101012710809424e-06
767,0.1374516623859686,0.2974078115660662,0,-6.664661290528594e-06
768,0.2941396711927092,0.3161355671549326,0,-1.3591265174479858e-05
769,0.17968248632436806,0.07339853489116792,0,0.0018595697109798069
770,0.21743023550206048,0.5168316719298174,0,-1.6639152654997883e-06
771,0.30148223129041135,0.5777612957538505,0,-2.0924590267228428e-06
772,0.12019322383406456,0.44240224448803034,0,-1.3269644584889667e-06
773,0.029425533160478027,0.032602904844484026,0,-2.978937735891897e-06
774,0.26529820280794614,0.38892725538210765,0,-9.402464806699303e-06
775,0.1638912482669847,0.4317460619186425,0,-2.2827932448888116e-06
776,0.004721340980701238,0.09902558075626712,0,-1.221416425857306e-05
777,0.07543556270360385,0.03367020561070742,0,0.00012458076890632604
778,0.027934181320147876,0.02378115417582256,0,4.551602611800837e-06
779,0.18719858392455935,0.011647706633411881,7,0.01610067899010261
780,0.08937902602773387,0.08294213573852183,0,7.167506972877548e-06
781,0.03447790943453122,0.39931656567630763,0,-8.674418445637568e-07
782,0.2491140767546578,0.25964502307391374,0,-9.08673363979963e-06
783,0.14193632374415285,0.2658547407484004,0,-9.401655073656554e-06
784,0.0887182366992152,0.21674398852557278,0,-9.056933533205118e-06
785,0.14675117301895926,0.2670207286915828,0,-9.722358475112134e-06
786,0.015978714618577073,0.11840683382851162,0,-1.1412842852850503e-05
787,0.16949672564117638,0.35044475520276636,0,-5.420424681844811e-06
788,0.08770387547751934,0.3788604981541299,0,-1.8108208272621645e-06
789,0.03941896523439545,0.5281584485384069,0,-2.5126746007606297e-07
790,0.08382726912361603,0.5871593389544488,0,-2.1703602560252235e-07
791,0.14163261598047913,0.40923658744799435,0,-2.289407248684339e-06
792,0.3309054174336117,0.10406400923062362,4,0.008952196074445659
793,0.30961614914406194,0.1959367192166738,0,0.0017040279656061468
794,0.32638697441197206,0.26716365078796706,0,0.00022586110789546827
795,0.2069736877188034,0.2686409516912078,0,-1.5165316488228108e-05
796,0.0006545448872427195,0.37249806823311454,0,-8.0905401501378e-07
797,0.15317045286158312,0.3151410010332681,0,-6.533037731493912e-06
798,0.15931570725086142,0.23394662386057544,0,-1.4104644979596049e-05
799,0.21401155647298306,0.042183992532853744,5,0.012272252818132396
800,0.2672859228087204,0.3025442728489473,0,-1.5537355291113933e-05
801,0.20765068405311837,0.13474660515316556,0,0.0004765497364149735
802,0.030241363759113418,0.5397754998951931,0,-2.0411363562659325e-07
803,0.15155008060412845,0.30292421900950567,0,-7.2423439514999036e-06
804,0.14712529928630533,0.21275668146233642,0,-1.4871852555065818e-05
805,0.1483417183320111,0.1173935768972683,0,6.587041888451734e-05
806,0.3471086932153424,0.01929818284576439,9,0.022269135165263677
807,0.011883882521612793,0.47875329277706496,0,-3.127843730702715e-07
808,0.00745538862341632,0.36131950161247656,0,-9.683361036473986e-07
809,0.04119550261408958,0.2076679412315964,0,-6.26250406835067e-06
810,0.049307715186100054,0.19641656477296413,0,-7.558951893256779e-06
811,0.192623314713583,0.23047863304497934,0,-1.560681085822027e-05
812,0.17981521076376122,0.15537525577616543,0,4.2419358614556665e-05
813,0.2233542453607252,0.3255240371746128,0,-1.1404243781988136e-05
814,0.2582486543574505,0.17784722762761088,0,0.0006000534351329729
815,0.17941833304402355,0.40103787503685073,0,-3.61980038337427e-06
816,0.1325757603349502,0.32676257604699027,0,-4.758460949083383e-06
817,0.11995796963662586,0.04615819849308027,0,0.0005410051045320611
818,0.15925698489914075,0.19574723153883192,0,-1.548448334488965e-05
819,0.06498179040855147,0.22736814658865978,0,-6.515891536809158e-06
820,0.23127139931146,0.32424868984666216,0,-1.2310462660867256e-05
821,0.261468728297187,0.5233992822435701,0,-2.4171213189203874e-06
822,0.29424579670357714,0.5626698602909378,0,-2.263618062311044e-06
823,0.2217144243663568,0.28515400913062616,0,-1.5039475853597755e-05
824,0.22868823434982266,0.187624327608987,0,0.00010818245785249809
825,0.08231772582202629,0.2613710166954247,0,-5.530951042789548e-06
826,0.21484043009114046,0.5124815447984759,0,-1.6935338753183043e-06
827,0.08218773988456457,0.4272476701716646,0,-1.0565100819458404e-06
828,0.3226920970084047,0.22125118868290386,0,0.001115262085782129
829,0.15083536136509304,0.3986787460261845,0,-2.7883626537244544e-06
830,0.3278413358257201,0.009410365842898805,9,0.027170934467410115
831,0.17946882167338563,0.012652148641205696,6,0.013506620948632978
832,0.04172930981996808,0.04917152557220814,0,-6.248477595153113e-06
833,0.018426365720320248,0.16055899583210526,0,-7.931795458103747e-06
834,0.09216238045061267,0.46664986822172017,0,-7.870917569580217e-07
835,0.18230590606922492,0.10639500533986938,0,0.0005570269223115902
836,0.30352333330326825,0.4619848289629257,0,-6.736792934975552e-06
837,0.030512351316349325,0.4692105577949772,0,-4.1447877202740446e-07
838,0.1220108666142644,0.38289627769042783,0,-2.4491040104478055e-06
839,0.23852147069911545,0.20044288351795378,0,9.145393972024348e-05
840,0.012242791636836147,0.26981820521905986,0,-2.5351172274255095e-06
841,0.18685788374716195,0.5045790993373521,0,-1.3863084935518548e-06
842,0.2346770258532001,0.341696131941047,0,-1.093244369400001e-05
843,0.2340356714872615,0.44800758264528845,0,-3.901617301989961e-06
844,0.15585331026913127,0.3592644524119422,0,-4.340479177168702e-06
845,0.21114889918915658,0.015900538195622583,9,0.02036911107835572
846,0.12594549835157434,0.13270543752255418,0,-6.073791880467378e-06
847,0.04201089188607666,0.46378566849691777,0,-4.908421665694256e-07
848,0.12324446554097294,0.07139644680067882,0,0.00020094739013081794
849,0.11293993236704335,0.51308832559957,0,-6.087844324887649e-07
850,0.1403481694154333,0.12235400831727267,0,2.6916957924184532e-05
851,0.055329887994259315,0.2333388890100272,0,-5.590273743424631e-06
852,0.17328146270432235,0.37279001286045865,0,-4.51043927669853e-06
853,0.05632456352603738,0.5091485213717111,0,-3.597717984687269e-07
854,0.30949870493641135,0.1442138065199714,2,0.005682540100007601
855,0.13177573761980174,0.38107581662826817,0,-2.7490098244008917e-06
856,0.16702113337788171,0.3607280762710314,0,-4.778115979221613e-06
857,0.11060391220784101,0.005068226178609669,0,0.002019796024343487
858,0.0926795354520277,0.16290973136907033,0,-1.4499308143950231e-05
859,0.2735386394156859,0.4828047150979324,0,-4.084691995681512e-06
860,0.3200287855202892,0.30827022066208604,0,1.0779399040660437e-05
861,0.23657425913762428,0.5368505894762673,0,-1.6487888885612315e-06
862,0.16957448907629125,0.30380847510984127,0,-8.531568060058428e-06
863,0.202890673935578,0.42679743270010007,0,-3.536592585714257e-06
864,0.058276751335911085,0.09336179623601044,0,-1.529409189429154e-05
865,0.23928523960567835,0.15146855363224734,0,0.0008268196383216454
866,0.13635596603678776,0.49880834622020276,0,-8.871732261186487e-07
867,0.3214808735249194,0.3787781435010157,0,-1.5469373824983237e-05
868,0.23533150706037428,0.46004107515182013,0,-3.5059627309205627e-06
869,0.24531639377532383,0.5817291582797305,0,-1.1487443659383077e-06
870,0.08320825104276008,0.24419370017193498,0,-6.603923027441598e-06
871,0.12939281215874354,0.11620691496787795,0,1.7354984044629104e-05
872,0.10758576491182686,0.47405443339921594,0,-8.526171177117224e-07
873,0.32344163051670805,0.4099269123190941,0,-1.2936460809114699e-05
874,0.17452605881015695,0.08212353173530455,0,0.0010985040884761146
875,0.22824028326924295,0.016249745455638752,9,0.023020346628226218
876,0.2302331894196782,0.4211179340346779,0,-4.906985254332067e-06
877,0.2066768772340714,0.4188071879404165,0,-3.976135662297807e-06
878,0.3141750708211131,0.4322701088964937,0,-9.880964795668516e-06
879,0.11792449129781353,0.5260049444329667,0,-5.62323690838677e-07
880,0.12106901878403921,0.5995299615088512,0,-2.781799698919595e-07
881,0.20887333530756852,0.15353613261558055,0,0.00022088328175676384
882,0.19653740718768023,0.4430562073356577,0,-2.823044199638356e-06
883,0.06787811896108067,0.5430975029058578,0,-2.8754553634558744e-07
884,0.17190636073108623,0.17764348753166814,0,-5.6247518640512885e-06
885,0.2646903726154734,0.21192543903733968,0,0.00018432717868576372
886,0.1616554301178794,0.32384677929492345,0,-6.517906758887057e-06
887,0.2647787674394924,0.09041216800112813,4,0.009037720724378747
888,0.14950889873472792,0.029683295064449222,1,0.0032799859722899383
889,0.009118876710430057,0.5289835494526228,0,-1.8412176563239462e-07
890,0.18995522510259719,0.3559262961991183,0,-6.277776160667236e-06
891,0.1578490445302805,0.007459597414213403,4,0.009256183228870929
892,0.1941710214542927,0.4913810148390936,0,-1.7015262884067556e-06
893,0.04994719031219293,0.10460389720792478,0,-1.5553150463967757e-05
894,0.13222523659714783,0.4097863021981923,0,-2.072947558447107e-06
895,0.10777559367241545,0.371872479153385,0,-2.3723210901910354e-06
896,0.12689426924641728,0.3238769242476484,0,-4.62882741576708e-06
897,0.060697990105321856,0.05522974558520708,0,6.0729487626257985e-06
898,0.2855166915443869,0.3140567384243956,0,-1.4838999589289973e-05
899,0.18756526509743496,0.570188414305588,0,-7.245290482575416e-07
900,0.18496863627487622,0.1869943301878586,0,-2.8312823820017404e-06
901,0.03741909444808608,0.2908719886593139,0,-2.6409117080513074e-06
902,0.20418527146424356,0.1759251598408972,0,5.3413495535907194e-05
903,0.07984872156638223,0.5010862745855075,0,-4.932581198584107e-07
904,0.06112677632575507,0.37353739621008314,0,-1.4647400136305685e-06
905,0.2998166609516999,0.49087079372532566,0,-4.890259353936162e-06
906,0.18090723845211987,0.3251926170772583,0,-7.750157345002994e-06
907,0.10144360438516899,0.12101841780081439,0,-1.2290579436757987e-05
908,0.0703719469665153,0.015151822103674738,0,0.00024193340784419104
909,0.3081118727804574,0.5491559491987321,0,-2.9739298525990004e-06
910,0.26580716839561036,0.42361801992910986,0,-6.786442770016306e-06
911,0.1827247454984788,0.5844663184217631,0,-5.985130417532918e-07
912,0.0836105695615512,0.10132433960621275,0,-1.160531382349361e-05
913,0.16111535306633532,0.3820830268296541,0,-3.6446493565135727e-06
914,0.09197628853322848,0.26493329866022103,0,-5.872270304008977e-06
915,0.01306768153769276,0.524087615025038,0,-2.0114028191090762e-07
916,0.2752209982423664,0.5709379087660515,0,-1.7242051744873828e-06
917,0.2174907141543573,0.3605400096318665,0,-7.83644315894016e-06
918,0.21909876502948783,0.24310923828614553,0,-1.3809419243477937e-05
919,0.21584323990211346,0.14780271429756808,0,0.0003842664098163288
920,0.3063190399838028,0.07823258816737992,5,0.011902817399805856
921,0.26401532115309645,0.40643936047335893,0,-7.874743068319386e-06
922,0.2994406625697579,0.2195974449602101,0,0.0005457494955825866
923,0.33049636683493305,0.13903557979953488,3,0.0067673994495863156
924,0.15968562316594107,0.052964268532459786,0,0.0019625591597527904
925,0.3119448124856496,0.0724897778917273,5,0.012369357098710022
926,0.10936148501215642,0.2694436546090703,0,-6.659674986398291e-06
927,0.054299848158908606,0.18666953816299098,0,-8.699187425629991e-06
928,0.3374219815369781,0.33373335276124544,0,4.487037666482992e-07
929,0.19451087217020485,0.2514028801616246,0,-1.5461200356528206e-05
930,0.15186649082659465,0.35628105284074185,0,-4.2977504503056775e-06
931,0.0461191419476453,0.09799707790036134,0,-1.565756706827384e-05
932,0.19884009176061007,0.017246134118477797,7,0.01704527806753856
933,0.1818622856963205,0.12822841140221314,0,0.0002093704927338798
934,0.07201484791479773,0.5631081282193429,0,-2.4532785251525785e-07
935,0.07465510935200839,0.50321375168519,0,-4.584681245270547e-07
936,0.3026234657268398,0.5496807316530847,0,-2.8011819880304697e-06
937,0.20297726515282552,0.2887648773201656,0,-1.3029885469190704e-05
938,0.030709933239873536,0.1502918838004757,0,-9.799903647702777e-06
939,0.12893662558589455,0.58426929064088,0,-3.5052303293911584e-07
940,0.2068932255819739,0.49790163339421883,0,-1.8098751831193555e-06
941,0.20286922067513213,0.06923256056027098,2,0.004548721231377677
942,0.3449771253905515,0.1781696189762863,2,0.0045856604071982665
943,0.06623279347946615,0.42246425137006294,0,-9.450440992289438e-07
944,0.31678778310448596,0.030437073660832325,9,0.01967553446713512
945,0.005883842918984866,0.4152602081961135,0,-5.558491121163352e-07
946,0.07340239033623289,0.09201183815523328,0,-1.1911602877496462e-05
947,0.2568992484415135,0.2478530235415029,0,8.404435776608158e-06
948,0.34635233226651907,0.39695227198956956,0,-1.580822464650059e-05
949,0.30760812447721403,0.43746026691694073,0,-8.862457754482529e-06
950,0.25583087126466464,0.065836544566762,5,0.012571226902859068
951,0.2015748723185966,0.37819549433127236,0,-5.652912946588365e-06
952,0.3209782821772454,0.0693990724075531,5,0.012355856660801686
953,0.26784613387175915,0.5772280995581697,0,-1.5043680928654909e-06
954,0.2245822043773184,0.42018272595768247,0,-4.683623661080092e-06
955,0.3401543460441097,0.2792349462306036,0,0.00023756763888109313
956,0.3490774491710267,0.24105168310883893,0,0.0012673053683543713
957,0.09909064097370218,0.1314877512493269,0,-1.5036869650011583e-05
958,0.04355884728980619,0.30751901997886777,0,-2.377652751641709e-06
959,0.2922771132334219,0.3179297331945162,0,-1.4374723178016333e-05
960,0.2945724786843544,0.44041287086999387,0,-7.614503766863438e-06
961,0.08977019274245204,0.1127061583544008,0,-1.326151112244707e-05
962,0.16630038549499881,0.1776382407137544,0,-9.027730072499392e-06
963,0.2864479736544653,0.014440436673927226,9,0.025776530227449957
964,0.2611649932475045,0.3309318138903576,0,-1.4529845737064e-05
965,0.2701326683100934,0.33739453792693863,0,-1.4741348521742182e-05
966,0.1284268376081912,0.2209400661649838,0,-1.237565975555534e-05
967,0.05909737421199828,0.5208162892848095,0,-3.2914197947982164e-07
968,0.22218153187330394,0.544024702007553,0,-1.3294592014959775e-06
969,0.2575127675787231,0.1892172472138739,0,0.00036781363265930996
970,0.055473386169192195,0.5354281110785182,0,-2.7428791159383166e-07
971,0.04438582919009869,0.23936707878428543,0,-4.727352224982755e-06
972,0.2522988994650448,0.5826758424251954,0,-1.2200114434267738e-06
973,0.04970884790897315,0.17496848633902248,0,-9.298162936674772e-06
974,0.22072741049007855,0.36399371048315216,0,-7.819579589478764e-06
975,0.18219714500276715,0.10559472463117811,0,0.0005733788867580129
976,0.2073777397663881,0.11356364866041935,0,0.0011009198348166784
977,0.24975941853443412,0.10778635893906996,2,0.004804436165299676
978,0.18858528347495535,0.12492139932355592,0,0.0003276562399795088
979,0.252570125736155,0.15985608368007476,0,0.0009702989029471547
980,0.10322039063381314,0.016054396545707526,0,0.0009640084024988783
981,0.25034009677885233,0.3777762460267574,0,-9.07865018889537e-06
982,0.18229281676188308,0.13280010481089347,0,0.00017196232025744137
983,0.17270622158700089,0.04556164371808635,1,0.004029558707577786
984,0.2363838108941285,0.49236873254378094,0,-2.5663851544287086e-06
985,0.2045860264610595,0.016417364513606536,8,0.018746244808329638
986,0.34735825376619467,0.0244857568492584,9,0.020335494785732985
987,0.20583222821904656,0.06735890677762935,2,0.005236712889147393
988,0.312483580088838,0.5824038084787175,0,-2.229046532556912e-06
989,0.22360509586585917,0.3367933258637833,0,-1.0352409352568763e-05
990,0.3271109467765549,0.07496596404317553,5,0.011466535899780233
991,0.3428599766464632,0.47722205970693055,0,-8.484854202728627e-06
992,0.285458217193248,0.14920850999488824,1,0.003518649182219555
993,0.13617525751937307,0.07558534903174514,0,0.0002989157339260929
994,0.032341186023908286,0.07899716223538619,0,-1.5749879551636044e-05
995,0.13008161793403472,0.3606064136674502,0,-3.3153989458300253e-06
996,0.3105253348951252,0.4564079207070062,0,-7.608043104095556e-06
997,0.027017175812016334,0.4140339920587338,0,-6.949649393923749e-07
998,0.32671676230995167,0.33716864555695125,0,-9.642998465194217e-06
999,0.13225765082211857,0.5193515625129265,0,-6.934749284237839e-07
1000,0.1730337318210415,0.24255800716651335,0,-1.4554593901011244e-05
1001,0.057807749395327346,0.19100207633659713,0,-8.631402499139045e-06
1002,0.11731326485648512,0.2952809987989572,0,-5.5873915144868606e-06
1003,0.09188226999075227,0.5786862782765401,0,-2.560147923226596e-07
1004,0.1991870305629177,0.5423672881606726,0,-1.0745565187967201e-06
1005,0.18411379048001872,0.27072216941901955,0,-1.2952071580987447e-05
1006,0.06476940763798512,0.12866596895098362,0,-1.50037085830051e-05
1007,0.28453081570168864,0.1376473255970456,2,0.0045840661472170115
1008,0.34069242865684957,0.5007771521427821,0,-6.623935435825573e-06
1009,0.1812347689288226,0.21246559074973273,0,-1.4991776746700438e-05
1010,0.02767487613028395,0.24896648299235782,0,-3.6401974484011196e-06
1011,0.2175607257898157,0.07488890524654931,2,0.005657411503663283
1012,0.20373591170325425,0.5060993835661123,0,-1.6158117563927386e-06
1013,0.14989977086029985,0.02047327823006575,2,0.00465213619320412
1014,0.31054273403345706,0.41234033137011256,0,-1.1419306432175101e-05
1015,0.2244180505383965,0.3037151238327351,0,-1.3659194635740744e-05
1016,0.30199204184875994,0.5027116223806916,0,-4.443271468436323e-06
1017,0.2705496073594379,0.3956621568508341,0,-9.272742384147168e-06
1018,0.34266119586942173,0.14446300890227987,2,0.0064583733215329425
1019,0.21265416153284816,0.5269320490000474,0,-1.4341596768742253e-06
1020,0.22024646051826377,0.09801181674539651,1,0.002963150479555707
1021,0.07397633026918143,0.5012735811934663,0,-4.6429162421711164e-07
1022,0.21412994323590606,0.038964162755764926,6,0.013214310298539598
1023,0.25154688164389116,0.05213222646427713,6,0.015067917562305112
1024,0.14535841256136242,0.0572981773066914,0,0.0009588313053376813
1025,0.02829444096557347,0.016281014767369872,0,1.6220402854736268e-05
1026,0.20550784379684903,0.27396950509808354,0,-1.464274425202006e-05
1027,0.02199560553933773,0.5067453969043323,0,-2.6154489478965077e-07
1028,0.2585211539789669,0.40902519337830856,0,-7.286428109009749e-06
1029,0.040288775759773646,0.3170438987313904,0,-2.0924194493780026e-06
1030,0.3228041035201571,0.0557951841302015,6,0.014094085761533192
1031,0.04768316101895,0.2623595544641814,0,-3.887094934799806e-06
1032,0.27712551255833473,0.5607652273052777,0,-1.9452487528256376e-06
1033,0.23231223825740763,0.3248036585688895,0,-1.235859172761538e-05
1034,0.12609481479303267,0.0713282019587717,0,0.00023025216909596614
1035,0.2545401375029087,0.32417295817756536,0,-1.4541683279269556e-05
1036,0.10391583913369623,0.10990681658049728,0,-5.431047791031181e-06
1037,0.041820224512634056,0.27852372008097775,0,-3.1212641137068556e-06
1038,0.0827269255621377,0.5769459574074622,0,-2.3774648288742048e-07
1039,0.2012859820457382,0.22345805388805137,0,-1.33082481016262e-05
1040,0.0346248814461464,0.45295793646675103,0,-5.080720107553904e-07
1041,0.22614105470287416,0.2990157485998014,0,-1.4257791811578548e-05
1042,0.27436522343248226,0.061884781441584776,6,0.014302701849877373
1043,0.21246289329975132,0.5981708806568118,0,-7.022132313162472e-07
1044,0.3371789377467442,0.32552872483611667,0,1.0135824929788648e-05
1045,0.04297057428377062,0.4874986399875392,0,-3.9095154508261746e-07
1046,0.12959862823401241,0.3669752273305378,0,-3.0964563833330654e-06
1047,0.3059465210277414,0.5713418692156309,0,-2.3324521704225454e-06
1048,0.15536243182172854,0.09099353139860085,0,0.00034863418383583903
1049,0.27007089768512976,0.5380966081014191,0,-2.273941335323286e-06
1050,0.02347537398529981,0.22338633426511692,0,-4.502859844921427e-06
1051,0.16752561350919126,0.3343763558110599,0,-6.226761962124986e-06
1052,0.153751645445318,0.030619209228706777,1,0.003668539996598543
1053,0.32175146047378234,0.23103703312046442,0,0.00077690522134333
1054,0.19632364388966805,0.27902546918211496,0,-1.33339703963972e-05
1055,0.33543788114447304,0.4364281991329949,0,-1.1491532944495527e-05
1056,0.12479317337230833,0.244368432399379,0,-9.788020262239422e-06
1057,0.3335223772154381,0.37481114491057077,0,-1.5904148082736332e-05
1058,0.21992193988186018,0.45862614468470536,0,-3.0504808940567485e-06
1059,0.036854591439922785,0.5446019529707113,0,-2.0777820452894515e-07
1060,0.09768354001531587,0.5504760933126518,0,-3.596964916560039e-07
1061,0.16619810349186095,0.12908965687396884,0,9.248318042623785e-05
1062,0.09204213367279088,0.005315050697883139,0,0.000954994946985112
1063,0.14782979013356562,0.4143116004667253,0,-2.3149698668470453e-06
1064,0.10553513159962,0.2153361695948865,0,-1.0692166298086311e-05
1065,0.2217265954019863,0.5162972506403131,0,-1.7460650830950244e-06
1066,0.13389964658202466,0.2505957668345722,0,-1.0046744668478287e-05
1067,0.21931842798903886,0.5316735835966039,0,-1.461798240573339e-06
1068,0.19388291876095232,0.18793307927402225,0,5.392142755159529e-06
1069,0.2889984100649882,0.5295919282332379,0,-2.9887686748399655e-06
1070,0.22430074649071752,0.009183673954489291,9,0.025244944836578197
1071,0.1620299759948366,0.3914886581913013,0,-3.3489329965652883e-06
1072,0.19115193273358216,0.20906953267793538,0,-1.1979175755774938e-05
1073,0.18337020049861216,0.5088807652185305,0,-1.2825377444261428e-06
1074,0.3226591423857451,0.28941979504029314,0,6.300454233291955e-05
1075,0.22661515760429413,0.5496433881647149,0,-1.313688601257293e-06
1076,0.012647404626221836,0.3641669844319441,0,-9.912517838226325e-07
1077,0.2323459646050436,0.03717713776831224,7,0.016807105217375447
1078,0.3355658735128267,0.5820228700634007,0,-2.815580484868781e-06
1079,0.22311627778089593,0.07254753131201576,3,0.006874327359499176
1080,0.2687179172526105,0.1118296845921577,2,0.006251045264668171
1081,0.3450307037554627,0.5730821590197961,0,-3.381760892666583e-06
1082,0.04395896571722119,0.4652258820998707,0,-4.933301280965357e-07
1083,0.24820577632055724,0.11720087831739802,1,0.003546997361228256
1084,0.09306578025119351,0.1607390025716868,0,-1.4711788484077333e-05
1085,0.02224237239487332,0.5042475761968871,0,-2.688218200897181e-07
1086,0.0521658965273228,0.020202018173971048,0,7.319310339754549e-05
1087,0.3455605425423884,0.3089878219625965,0,7.365284644099866e-05
1088,0.1729608503061368,0.3821329553309553,0,-4.097646303748377e-06
1089,0.2675591610643196,0.10606328976820223,3,0.006936625633028864
1090,0.21635961263987502,0.39141844734644704,0,-5.738628986176276e-06
1091,0.1152856592090457,0.046185444056461945,0,0.00044281617941782165
1092,0.3404629936488877,0.11640131512552704,3,0.007915338482312252
1093,0.003029884647746378,0.266407401816214,0,-2.3926103391947796e-06
1094,0.07891824683604744,0.08295679114362964,0,-3.840018461877219e-06
1095,0.086175246469458,0.14400035305736386,0,-1.5396915453847195e-05
1096,0.10685850545052897,0.5267005449197746,0,-5.000086055050403e-07
1097,0.0035128681186227303,0.09274139414374383,0,-1.2717594797393634e-05
1098,0.241044808947368,0.4226941175064449,0,-5.374674620564098e-06
1099,0.11479033891283519,0.10157534040113345,0,1.7615802970838814e-05
1100,0.27400399708261786,0.11565328005571882,2,0.006249750684937534
1101,0.10157531125255985,0.07205196553694786,0,6.207064228348426e-05
1102,0.08885427706736705,0.45072339880757983,0,-8.929787833500183e-07
1103,0.07182379561053175,0.4083111173914988,0,-1.1512202071468054e-06
1104,0.15118959023577294,0.48036658244485386,0,-1.2370634774631775e-06
1105,0.25698532403740254,0.16550017239251216,0,0.0009188401335253906
1106,0.08648019730952725,0.3348049116969437,0,-2.777854903272285e-06
1107,0.2715129953347999,0.12223355065823721,2,0.005186692265476683
1108,0.05283870816261048,0.2457077411241303,0,-4.826836529990009e-06
1109,0.3260612156623933,0.45661353066678845,0,-8.799777232817133e-06
1110,0.21324539969587078,0.11135405579419015,0,0.0014760859092305101
1111,0.2772813268600815,0.0902764654100745,4,0.010035009787636821
1112,0.023105708599055374,0.44993974070835363,0,-4.6672604085071074e-07
1113,0.3364396815566733,0.41612307309542124,0,-1.360367565195467e-05
1114,0.3076004403064498,0.579113806435456,0,-2.1941311230005775e-06
1115,0.291112928601594,0.3120601912098166,0,-1.3310518463396577e-05
1116,0.22208143279951817,0.5055886032939442,0,-1.950155833597436e-06
1117,0.1739768997249678,0.34114324248032163,0,-6.206739281603344e-06
1118,0.027865103761834636,0.5134816174016246,0,-2.592713947687699e-07
1119,0.057713499404116894,0.2724787982580127,0,-3.8831580405432875e-06
1120,0.2567660105278162,0.3797499545806122,0,-9.460719276909364e-06
1121,0.22712046149270462,0.3790034162172539,0,-7.195318910557565e-06
1122,0.022419538948803164,0.45275187501549685,0,-4.506844749324188e-07
1123,0.23421539890335974,0.579084851256016,0,-1.0558586945608853e-06
1124,0.3288187572772462,0.10626558871575853,4,0.008871039517811374
1125,0.3437701036434086,0.5765279852649714,0,-3.2269521702408556e-06
1126,0.267661512738072,0.3786769260895428,0,-1.0545273868496369e-05
1127,0.2506001400650139,0.22751464638986385,0,3.585000767563596e-05
1128,0.12565082506485215,0.3219454631020385,0,-4.660616703253609e-06
1129,0.23009687263465656,0.47772221654720404,0,-2.790093769813715e-06
1130,0.2989814456176436,0.4756138126694045,0,-5.638819564016491e-06
1131,0.2573105974157849,0.036537327771178484,8,0.019061324337483795
1132,0.061773545098835626,0.032397416721300476,0,6.249525084026537e-05
1133,0.09707017919513847,0.27252455308168755,0,-5.729304420885257e-06
1134,0.0961429286789511,0.32789311411476557,0,-3.276908705216123e-06
1135,0.18803621151416378,0.28233270588197507,0,-1.218806101002827e-05
1136,0.058066447128542774,0.16617502114340854,0,-1.085967557694916e-05
1137,0.09786609230015134,0.25177125914145865,0,-7.073396650436766e-06
1138,0.16765797884750339,0.23896770875462855,0,-1.440111168885397e-05
1139,0.056186684062331786,0.10967699610057964,0,-1.5601515891517502e-05
1140,0.016908632233971432,0.5366463066192945,0,-1.8434080145372835e-07
1141,0.22268247804155628,0.3115910589305506,0,-1.2717011788686445e-05
1142,0.042309636825493074,0.06764372292365929,0,-1.3793610167341032e-05
1143,0.04558968875367567,0.3949599670911594,0,-1.0124117907589e-06
1144,0.32624350382251166,0.42037586488033696,0,-1.2172908875632668e-05
1145,0.29567659397070234,0.34205964350225965,0,-1.587528093744126e-05
1146,0.17666687385775387,0.1735973704634684,0,2.2130663410851914e-06
1147,0.2297990998370469,0.024156634251339893,9,0.02046655712443009
1148,0.3051395782071454,0.02148446940426465,9,0.02283145373579085
1149,0.23979652433866824,0.33895434223450605,0,-1.1696032286729237e-05
1150,0.24762508742030648,0.34514812148075386,0,-1.1855637764811049e-05
1151,0.28021507466439366,0.16231289048720063,0,0.002133132080049002
1152,0.291236362306753,0.014904769662918649,9,0.02552782191975293
1153,0.2863170523687139,0.5226931115004176,0,-3.1173561896311202e-06
1154,0.2992048367853156,0.547794133162577,0,-2.7589266119072795e-06
1155,0.3221742247604323,0.5072579402717622,0,-5.184475850963654e-06
1156,0.23260795461197917,0.011481750533038525,9,0.025304446267897567
1157,0.2824899670973743,0.39063164115026944,0,-1.0813620698852083e-05
1158,0.05272877706621103,0.5811377603816872,0,-1.689626963813869e-07
1159,0.13620359973479385,0.5664882715969689,0,-4.5024120826712304e-07
1160,0.08662488990950498,0.46378365019271317,0,-7.664035908793584e-07
1161,0.28265954903564744,0.33141097553505433,0,-1.5822982349858246e-05
1162,0.06291221079632027,0.2627996267765855,0,-4.501720332975293e-06
1163,0.32822139813994966,0.10201006014867453,4,0.009177060195032637
1164,0.24001818900364708,0.1831173618702371,0,0.00022930749662258056
1165,0.23725556144634846,0.0018526494768559719,9,0.029774286645331164
1166,0.23120039149014565,0.05604320670600602,5,0.01169477783288564
1167,0.0008990897007106978,0.535696620051617,0,-1.5859509109896676e-07
1168,0.021669930095188483,0.2405710238564196,0,-3.728154429330567e-06
1169,0.13604507475431185,0.3554629653947973,0,-3.7029986904701563e-06
1170,0.02634293242731151,0.4542297108078994,0,-4.618221859300753e-07
1171,0.3272749406051358,0.020463918198697504,9,0.022485652803224843
1172,0.2920312366376528,0.06006524485774436,6,0.014588464401389686
1173,0.33771392685440615,0.19688359485285709,1,0.003062846682878388
1174,0.30343086091234583,0.39914769531293914,0,-1.2021172283445447e-05
1175,0.2611888866803428,0.1285614291158447,1,0.00353355815422221
1176,0.11337544383417933,0.14724158495477271,0,-1.5212884247902833e-05
1177,0.1508370477554814,0.015069672672330435,2,0.005808277727206971
1178,0.05486921536777932,0.5429449771226655,0,-2.5289561145401597e-07
1179,0.29000959515054436,0.23008153780859408,0,0.0002458744912191616
1180,0.22883207902219946,0.06885376286412383,3,0.00847013445305886
1181,0.1505319407783573,0.5860187436587727,0,-4.2732709097496434e-07
1182,0.10544278046205177,0.31935796162218427,0,-3.91345985321076e-06
1183,0.19082541875495923,0.5944334914348754,0,-5.87366035958999e-07
1184,0.03382262463430309,0.22590465139053403,0,-4.865760136048481e-06
1185,0.05485540455789654,0.3578902349522989,0,-1.6087945925647802e-06
1186,0.1507468138213951,0.3646289555269284,0,-3.911747293570339e-06
1187,0.34039720043090155,0.3564624443253796,0,-1.2078219471773626e-05
1188,0.23787031897547986,0.059365062551121506,5,0.011899547075484585
1189,0.30897552242066434,0.5040588999519472,0,-4.6977853518890475e-06
1190,0.05639885651945389,0.5459210659755643,0,-2.4925950950686797e-07
1191,0.2919762262924235,0.304327026536846,0,-1.0271415173767407e-05
1192,0.12307091767385432,0.18008853937912617,0,-1.544383223835361e-05
1193,0.1789548283299983,0.43219189355556303,0,-2.6408462720931646e-06
1194,0.017822832175216585,0.38800305693186404,0,-8.224764444494074e-07
1195,0.08472628211534018,0.12957137317443101,0,-1.5755992055407984e-05
1196,0.04634463352525957,0.06684692434810054,0,-1.2505909774315671e-05
1197,0.11925500213091822,0.3627837756397311,0,-2.91260282126369e-06
1198,0.23506722055445536,0.15560966799597703,0,0.0005998900480387802
1199,0.2775672553049986,0.15324511763856244,1,0.0026114903703359847
1200,0.06464178609109378,0.3963219241553043,0,-1.2080159842628092e-06
1201,0.3079300576866813,0.09225660224202552,4,0.010442243693220766
1202,0.052949991594194126,0.021665155337657782,0,7.030265099537252e-05
1203,0.27012004461279177,0.2571024468915877,0,1.4108689451559403e-05
1204,0.1730501980606694,0.10171015929036961,0,0.00046405241475036476
1205,0.10640104472832344,0.5115971234729922,0,-5.788728828071048e-07
1206,0.13113623610197003,0.1473731680630705,0,-1.114981010597813e-05
1207,0.2817608458812701,0.5882388543676957,0,-1.5481864457427866e-06
1208,0.20635698487229404,0.4009798496526999,0,-4.731132585024411e-06
1209,0.3091888340152363,0.5073981515157939,0,-4.554417943906595e-06
1210,0.28158273062521166,0.05523591372511818,7,0.015499980704653894
1211,0.07819074426955035,0.4522209165178231,0,-7.908468242562822e-07
1212,0.09115329772386441,0.21566939556060255,0,-9.357341607988259e-06
1213,0.31103604551381525,0.2360411133365785,0,0.00044279274334551894
1214,0.2832553756361634,0.045590210060228384,7,0.01726702110707504
1215,0.15191936891256655,0.41057421958612944,0,-2.5030177214985465e-06
1216,0.3192333277052257,0.35664008213133364,0,-1.5756255830219005e-05
1217,0.2099013062699479,0.361106063583464,0,-7.245551245446984e-06
1218,0.34770613444777626,0.41206024915004363,0,-1.4978978196756697e-05
1219,0.1515859237025845,0.5468698973402215,0,-6.387572264181673e-07
1220,0.06553841052688958,0.10232276238314768,0,-1.5437979765663377e-05
1221,0.20610055979161165,0.42424012146970946,0,-3.7453963902785815e-06
1222,0.26099555422134685,0.3979995717368413,0,-8.29345052364485e-06
1223,0.2257182626862234,0.45161047783004765,0,-3.465637394562918e-06
1224,0.005657385671791381,0.3785333451288331,0,-8.007038703763143e-07
1225,0.028943635306339414,0.01614952521894761,0,1.7628771407048503e-05
1226,0.3087505692164361,0.06224519650008557,6,0.013774874479621092
1227,0.34359180939347367,0.001306707657564976,9,0.031449263685629794
1228,0.25901283500047984,0.3778592841616506,0,-9.827075691133985e-06
1229,0.03598419074767498,0.22683022084296564,0,-4.925560687773125e-06
1230,0.08684516434378561,0.2677783469265153,0,-5.428972891775765e-06
1231,0.15472190428627539,0.3545838423757746,0,-4.496243174377923e-06
1232,0.10897258475293993,0.046570576335637145,0,0.00033030817194550175
1233,0.09959342122349771,0.07012767213778534,0,6.191029525501095e-05
1234,0.01802453458999684,0.3761482739186673,0,-9.278546033854687e-07
1235,0.22586999824669132,0.5467554262214176,0,-1.3421500768610962e-06
1236,0.24331065962608134,0.43335832546220326,0,-4.9462997282258565e-06
1237,0.0010102903504674854,0.15379531836352056,0,-7.159407729165602e-06
1238,0.23524347196751813,0.42526653179086704,0,-4.948443713738447e-06
1239,0.011942022437860599,0.02952078323045144,0,-1.1464953568703114e-05
1240,0.08528514873498291,0.005225385654255587,0,0.0007243708592008135
1241,0.20272706695844023,0.17748926793618186,0,4.388490188485167e-05
1242,0.06039781688240127,0.16786223472287212,0,-1.0920913378073959e-05
1243,0.15370522202890274,0.07055872217582435,0,0.0007766529511721822
1244,0.17144452740097965,0.23030291292147023,0,-1.534424608190757e-05
1245,0.21686139665396262,0.5136300959864526,0,-1.7082953759743925e-06
1246,0.017336379697612352,0.03695681135407456,0,-1.2196303796542164e-05
1247,0.2774873568216877,0.2466576457527644,0,5.79141134863104e-05
1248,0.27165514510250083,0.1666098634909924,0,0.0014412194826181177
1249,0.03284605240872472,0.5967157336618653,0,-1.1854612620925085e-07
1250,0.008383059896357863,0.5473296169747143,0,-1.5213812349938914e-07
1251,0.2947686265191911,0.2809229610173416,0,1.4792529880221684e-05
1252,0.32716399177112776,0.017852806191841996,9,0.023480299115183668
1253,0.09827305378019004,0.2583895336568232,0,-6.6586236441060586e-06
1254,0.30303791179034945,0.26278445660405503,0,9.521439344377729e-05
1255,0.05714660748400788,0.2215703581216932,0,-6.38806994068418e-06
1256,0.17248182852817825,0.08220937124506049,0,0.0010124359230378771
1257,0.051221304985980765,0.49371193381813533,0,-3.989601164568243e-07
1258,0.08508534239018938,0.5523652345395469,0,-3.112379490449623e-07
1259,0.12425701947458366,0.2624503975647144,0,-8.223729238223266e-06
1260,0.3239617923129307,0.35085634998876675,0,-1.4696223420821048e-05
1261,0.09480518105358138,0.08728737370525497,0,8.617403725332664e-06
1262,0.11905897412145938,0.3404283501913897,0,-3.632764360959605e-06
1263,0.0326166269810454,0.5646800197369288,0,-1.629367252975044e-07
1264,0.17725778621787158,0.5451530541813234,0,-8.396234418718446e-07
1265,0.008794473244921636,0.457405865082082,0,-3.7544937448482106e-07
1266,0.33969505749378737,0.42853076815965485,0,-1.269823889171597e-05
1267,0.15274655290476893,0.4199632269352391,0,-2.2978437137633024e-06
1268,0.16516991409858886,0.27152868149031884,0,-1.1010268831112481e-05
1269,0.14434552075469567,0.4328343623994833,0,-1.8581320760505867e-06
1270,0.2573902530768488,0.547039714739003,0,-1.832698513198797e-06
1271,0.01921675775404348,0.15137503864412563,0,-8.72008001786118e-06
1272,0.07142127325276405,0.49171372346061815,0,-4.97995348315571e-07
1273,0.2139091117324862,0.20974046204225952,0,2.9845873972038534e-06
1274,0.2600178077297634,0.27014916204086553,0,-8.95411035061336e-06
1275,0.11893198951856196,0.24178733862993168,0,-9.498179426665187e-06
1276,0.12494299558103446,0.43445652471958324,0,-1.506422396610759e-06
1277,0.08078135263854137,0.4958026494052326,0,-5.248857664008236e-07
1278,0.22077671424467088,0.43748260239486103,0,-3.7980297221574955e-06
1279,0.14719238095889675,0.04538056676966573,0,0.0016566105369187891
1280,0.23386541923428675,0.313288706085923,0,-1.3645698837029756e-05
1281,0.23812978665484769,0.03727844749871862,8,0.01748272495303941
1282,0.21560363771280225,0.48145277132204134,0,-2.3266723154079113e-06
1283,0.11488048333147349,0.14341904854620938,0,-1.4496780085025418e-05
1284,0.21880242522781254,0.5510700339118475,0,-1.1979749089186176e-06
1285,0.20390605721037033,0.3597352086127403,0,-6.9287008369867895e-06
1286,0.2664934256095448,0.2819189985201158,0,-1.1403831006783849e-05
1287,0.22425487284733775,0.34339972922363315,0,-9.808065964494573e-06
1288,0.08958329167426135,0.30525365863413817,0,-3.846626134841693e-06
1289,0.15139995944780835,0.5146670310299172,0,-8.797668336312155e-07
1290,0.22750136790008735,0.4067739050230903,0,-5.503917036853755e-06
1291,0.34584574252595085,0.060519887042870944,5,0.012250310809710039
1292,0.3115366339565967,0.5983356539489809,0,-1.8832716351503013e-06
1293,0.19740747696046346,0.34416390549698234,0,-7.565551979386613e-06
1294,0.003736419693110787,0.5872931609582157,0,-9.739174396910004e-08
1295,0.3028717698024767,0.5304238172798643,0,-3.4025063600539503e-06
1296,0.19374204501729556,0.09945552600760774,0,0.0011474920986538296
1297,0.19568954219325288,0.4019211359411864,0,-4.217247080702324e-06
1298,0.12801111894840259,0.39099616303986157,0,-2.3980481993673618e-06
1299,0.24994313655852038,0.34865060383202834,0,-1.173810383778745e-05
1300,0.17852994500219457,0.4963502962740763,0,-1.3851430835268905e-06
1301,0.26687390427372587,0.07038680346852126,5,0.012545655850970552
1302,0.25059254555514354,0.3090115313439789,0,-1.5383736028400698e-05
1303,0.16734733563720408,0.5642739292797273,0,-6.281928472718037e-07
1304,0.09899516653753541,0.18519640157878478,0,-1.3005230154734201e-05
1305,0.27989766963904655,0.5831543101209641,0,-1.5989037551499725e-06
1306,0.3164669755054071,0.27144273992621065,0,0.00011916455985699076
1307,0.05532376699770782,0.5005170675262035,0,-3.8830328153517674e-07
1308,0.1322072816692364,0.43489092962168774,0,-1.61267681814634e-06
1309,0.3438957256338069,0.11730944776963143,3,0.007754184894096361
1310,0.20123903212284097,0.03756542841756964,5,0.010923392168744031
1311,0.0667873435118126,0.5292434407104616,0,-3.2669408937748916e-07
1312,0.0015576017610545777,0.051012413967876834,0,-1.571755353905852e-05
1313,0.3246372102923806,0.03134571588010071,8,0.01910746260807002
1314,0.26077113602735874,0.44887413921056835,0,-5.040252036577379e-06
1315,0.15298541178278272,0.35792184580957553,0,-4.275438968796226e-06
1316,0.036739701867165804,0.5487849281381331,0,-1.9903775890103165e-07
1317,0.07887775127492624,0.5641062729821125,0,-2.60123351299911e-07
1318,0.0488682166596856,0.19477607081263912,0,-7.64688713132139e-06
1319,0.13670539239095136,0.01552643180197597,1,0.0035459762491087047
1320,0.0002181203121027264,0.15748511309681384,0,-6.854555036131545e-06
1321,0.06173905143902784,0.10932832110625419,0,-1.574799563961695e-05
1322,0.06812769497904951,0.18456643621878285,0,-1.0079949803953814e-05
1323,0.04665102753918596,0.321626638223141,0,-2.129794620057021e-06
1324,0.1779444502243855,0.1599036789468366,0,2.6156793449461907e-05
1325,0.3265939977765089,0.21948967876496855,0,0.0013209611901823443
1326,0.18139454356055332,0.07399601460564358,0,0.0019323042595100226
1327,0.10471334116083988,0.2753183096236839,0,-6.008366671448631e-06
1328,0.23584119078309174,0.13337839300236692,0,0.0014356971609001377
1329,0.24477290016280248,0.37705957684883323,0,-8.675747452009258e-06
1330,0.025994974671427994,0.5364649216497249,0,-2.022218056950321e-07
1331,0.3405548502171199,0.4102527950186487,0,-1.4532509196557466e-05
1332,0.03615526280691933,0.43486495481578546,0,-6.182137271930627e-07
1333,0.317829956091483,0.12328927675642591,3,0.0077800087594443
1334,0.06825333867884471,0.13989917223391737,0,-1.4379121615159453e-05
1335,0.0900924125143326,0.5627889675950921,0,-2.948091357295519e-07
1336,0.08660875383515056,0.10334521512250698,0,-1.1236943247452466e-05
1337,0.14746581810883788,0.3629759315400161,0,-3.849115577136724e-06
1338,0.28254103615948123,0.5842693720282894,0,-1.6234126807268903e-06
1339,0.22218347922758716,0.10223879815340076,1,0.0027296424236055187
1340,0.1855144223850264,0.5172447919274591,0,-1.2051729822239809e-06
1341,0.00452713639754686,0.28403052593142797,0,-2.036542774096109e-06
1342,0.34197925678687896,0.5591372828467681,0,-3.7694747370095056e-06
1343,0.06940568309930749,0.2316269567483645,0,-6.526009830003903e-06
1344,0.310378134402038,0.31201425420261797,0,-3.89335247192307e-06
1345,0.1144724929509954,0.5771921262743193,0,-3.2563120589737525e-07
1346,0.023286786606252,0.21510120190968327,0,-4.87926752154917e-06
1347,0.08466789240800687,0.415081413082216,0,-1.2230883958506952e-06
1348,0.18967191132550995,0.4669585316202166,0,-2.0765329451077705e-06
1349,0.1188628465340777,0.5230303484299373,0,-5.847538225833538e-07
1350,0.34536346124851275,0.4237573184405869,0,-1.3726859405637353e-05
1351,0.15939941457122647,0.38604209243132587,0,-3.4444226183508056e-06
1352,0.22731402681469134,0.0012684439923112967,9,0.02905257152480437
1353,0.08752076168594335,0.012578435275911182,0,0.0005809990777123133
1354,0.20241480673623913,0.4329338061332637,0,-3.311108679103671e-06
1355,0.29200519184486157,0.012492707191148077,9,0.026468896976017838
1356,0.10399417158058574,0.33139487122440375,0,-3.421709152777165e-06
1357,0.25965605040598805,0.33448911188408287,0,-1.40756619063261e-05
1358,0.26052705350541083,0.5328020995604742,0,-2.1799289136398934e-06
1359,0.0947248836643238,0.27862463958450134,0,-5.271636583333733e-06
1360,0.04023568102485232,0.47512205313889244,0,-4.3053557452499036e-07
1361,0.09232568139633271,0.5709001750980667,0,-2.779723692749274e-07
1362,0.15057815879769115,0.3351593379013477,0,-5.231311457195491e-06
1363,0.07122197266447466,0.1281530510774812,0,-1.5444608178378403e-05
1364,0.1384748789923254,0.11239712621027116,0,4.885482596395502e-05
1365,0.113027627247191,0.09119909314552943,0,3.697001019751865e-05
1366,0.216428878436143,0.4328974338239936,0,-3.8073716746595665e-06
1367,0.1382018206977106,0.5785509377829079,0,-4.0712346048545117e-07
1368,0.21114234017569342,0.48848954740289213,0,-2.0744064690631553e-06
1369,0.23991743811368343,0.08133286722010558,3,0.0076813461043414395
1370,0.1272080335351161,0.22446453074852388,0,-1.1905654935102618e-05
1371,0.16962439787192876,0.30374366200680086,0,-8.540822588631448e-06
1372,0.004102769374384085,0.05167340824413782,0,-1.574330045527407e-05
1373,0.3446932625389465,0.18310044802463693,1,0.004268210056159494
1374,0.003358495919124349,0.047711185394302254,0,-1.5737868073801933e-05
1375,0.19834665230961876,0.48917632985485826,0,-1.813410843335378e-06
1376,0.15990877735549697,0.030062153640644105,2,0.004593974535081395
1377,0.21474427980862998,0.09645223681050885,1,0.0026368446257064495
1378,0.2695837199080373,0.3467465824752439,0,-1.3856190548590799e-05
1379,0.17015487861978776,0.2860851341349419,0,-1.011031171449428e-05
1380,0.030656981282537358,0.25172786593705415,0,-3.64808388391624e-06
1381,0.09760785623043436,0.3786809038725074,0,-2.002532896310509e-06
1382,0.19535015560669927,0.0388624925331823,4,0.009313072197041253
1383,0.12333570168659323,0.22262073718892908,0,-1.1706239163875822e-05
1384,0.09369415580639431,0.5196236754368388,0,-4.705644617429832e-07
1385,0.04962568081972654,0.08843134963876113,0,-1.55623739524382e-05
1386,0.1913718002068875,0.39717184666358335,0,-4.235746194496874e-06
1387,0.2676648285119849,0.2404207877598244,0,4.6763486144649255e-05
1388,0.28160836214872176,0.4149598448990073,0,-8.581061931738844e-06
1389,0.07161895264555027,0.32910156703347143,0,-2.5356501583650136e-06
1390,0.05481651444133578,0.1103739066428266,0,-1.551244481967324e-05
1391,0.05934097685045967,0.1595356032507047,0,-1.1626254028050528e-05
1392,0.11617379266667231,0.12896685215989007,0,-9.568692350316257e-06
1393,0.07044147757112851,0.09318970502577062,0,-1.3185666900775287e-05
1394,0.3448512711299628,0.05305117362756122,6,0.013443400083692263
1395,0.1355688381996416,0.11278953498989913,0,3.904705351675329e-05
1396,0.11812766026003045,0.19541618548833806,0,-1.3862954478323937e-05
1397,0.21544349023900777,0.30782267372199495,0,-1.237324070869725e-05
1398,0.1542309784146565,0.3217877654687604,0,-6.185414918243227e-06
1399,0.165641409400359,0.40048235479076516,0,-3.1737455287818747e-06
1400,0.2022815655096927,0.14663137587436154,0,0.00022555781017950135
1401,0.28179591139963284,0.5883975301356659,0,-1.5462739486485793e-06
1402,0.0790238319221674,0.3442382675069529,0,-2.3469680192584686e-06
1403,0.23888839034352086,0.12993309973348602,0,0.0017931293090112227
1404,0.19879133234898594,0.39555571403892176,0,-4.632498352217781e-06
1405,0.16798235126755975,0.05536845135158439,1,0.0024121134110324997
1406,0.2656250941126385,0.3566175511554958,0,-1.250064299908264e-05
1407,0.24209683787043612,0.45074901077499774,0,-4.1128077361839645e-06
1408,0.031775426204478825,0.39263759532069176,0,-9.026558063691042e-07
1409,0.04651278144214899,0.19257476817811578,0,-7.635781678127077e-06
1410,0.004389833589113079,0.1164106906617423,0,-1.0495845300409274e-05
1411,0.0940363182601014,0.20663198113001346,0,-1.0431252191587033e-05
1412,0.0010408145360413122,0.4179226059825814,0,-5.156835200482283e-07
1413,0.3491153951466018,0.32176877648500607,0,4.198453792645259e-05
1414,0.25030198487953004,0.32812508449525163,0,-1.3796220802572708e-05
1415,0.21452587483302973,0.3517331491757843,0,-8.286555597632707e-06
1416,0.1769000538250748,0.25290937994541884,0,-1.3975796073059395e-05
1417,0.335701615216009,0.13815137476397263,3,0.006833906801862596
1418,0.2760925037234474,0.23919228005672957,0,8.22776943125105e-05
1419,0.20976351013991787,0.16983783002413894,0,0.00010378524729307054
1420,0.16458608670715033,0.1994174609264474,0,-1.5357206604959888e-05
1421,0.1832077192262146,0.5776163024353775,0,-6.440394044548931e-07
1422,0.09489178713199581,0.1376708632592076,0,-1.572962347793657e-05
1423,0.08166998097908493,0.21160891136559618,0,-8.897045654266745e-06
1424,0.0620364777204801,0.109828018018537,0,-1.5746074020472848e-05
1425,0.012998184369621302,0.33255759558786585,0,-1.3644711993727017e-06
1426,0.09994706926248878,0.17127379286188962,0,-1.4404447011570408e-05
1427,0.11997608398719611,0.5906164256235377,0,-3.0081203114330073e-07
1428,0.08305392901658615,0.2652585770852058,0,-5.361568142160872e-06
1429,0.18964862681117978,0.44344847137029203,0,-2.6255113362655937e-06
1430,0.3097641007283492,0.5569142770990599,0,-2.7980772654041562e-06
1431,0.3000451536353145,0.055873041290134505,6,0.015027634683000427
1432,0.3019119662808472,0.5106802357375567,0,-4.101956049982738e-06
1433,0.20999365586733895,0.08579156132929212,1,0.0032641495461125385
1434,0.11388515599678746,0.36926737665005216,0,-2.587797714593425e-06
1435,0.18849762499918565,0.4992665379900448,0,-1.4860323938793349e-06
1436,0.11785155789613293,0.24067324441648133,0,-9.501296384891132e-06
1437,0.27018129797271984,0.4787123138450413,0,-4.114987335681864e-06
1438,0.11450677393074857,0.5931754322156317,0,-2.776280914099176e-07
1439,0.006108632466309344,0.13224162055774735,0,-9.227390131785462e-06
1440,0.2381794831275933,0.3928549961151602,0,-7.001276128176151e-06
1441,0.2378256173808009,0.3729650243351847,0,-8.446296823389769e-06
1442,0.04257615119147423,0.30538198770389346,0,-2.405255310497241e-06
1443,0.19335256499718975,0.5286798746159007,0,-1.1624414760907403e-06
1444,0.18562185993215355,0.5015693178092391,0,-1.411139890921422e-06
1445,0.2320182111028175,0.007150135726986195,9,0.02698629687389352
1446,0.007953868974703154,0.05686032491079873,0,-1.5727063945994862e-05
1447,0.047036472407369204,0.4912704358736423,0,-3.9208456122008815e-07
1448,0.30412731934684706,0.20898130533908904,0,0.0009456997699630931
1449,0.1585298156905989,0.16175966701217065,0,-3.625540578765273e-06
1450,0.025995013680022116,0.4480432213265002,0,-4.895899935151897e-07
1451,0.34986430306269506,0.5488838340251986,0,-4.51275817541603e-06
1452,0.1640826635472709,0.5275797172404745,0,-8.775642460634543e-07
1453,0.1420858101452665,0.4731958863916238,0,-1.2135651909875579e-06
1454,0.009418222164395978,0.03714325823187274,0,-1.426810058127049e-05
1455,0.1712354950993692,0.23114583941073008,0,-1.5278847756645156e-05
1456,0.3468830734652986,0.14176870559388322,3,0.00654185342361138
1457,0.2582305775693045,0.11871772774814776,1,0.00432808352981134
1458,0.00991969097394813,0.390985468365708,0,-7.377114044522234e-07
1459,0.14505227855431552,0.18346216134519885,0,-1.5593502178422145e-05
1460,0.20134683154555755,0.5799453385885668,0,-7.540955528053633e-07
1461,0.05711898785281043,0.5545234521369143,0,-2.30365037892647e-07
1462,0.2695143115209215,0.08282808420140883,4,0.010651697150344999
1463,0.2965442180903564,0.5565682702610699,0,-2.4615227778629313e-06
1464,0.13944461283150125,0.0019277307727776582,2,0.0063935235665667925
1465,0.12517729500717878,0.5709220960424807,0,-3.8581325418223404e-07
1466,0.13207297437711854,0.16457181774828247,0,-1.5081591686892614e-05
1467,0.09146932721987319,0.12948173434226026,0,-1.5534040669135564e-05
1468,0.1701700033984015,0.12342611467845163,0,0.00015187744918713846
1469,0.10478790078357,0.31826119567215794,0,-3.930744861317292e-06
1470,0.08435643366706254,0.3153738978344906,0,-3.3015084377725822e-06
1471,0.2519769926184682,0.45535624694727483,0,-4.332991331294329e-06
1472,0.1183344561960457,0.35983335436668445,0,-2.9722433359667685e-06
1473,0.15386767013222882,0.5664184983219182,0,-5.374508982013245e-07
1474,0.09276831755797761,0.0063326595766639345,0,0.0009429208746320227
1475,0.10605130232526659,0.32849007948237613,0,-3.5950205291421212e-06
1476,0.26411697100251985,0.42137373666918143,0,-6.823432252659985e-06
1477,0.26895693367469503,0.1809356483637055,0,0.0007885282413679776
1478,0.200157480261554,0.4862437190685397,0,-1.9013709434236576e-06
1479,0.19883736301127222,0.23345991193172586,0,-1.5381694043023808e-05
1480,0.0706660767804133,0.12517446883341313,0,-1.556072074141155e-05
1481,0.220607022699589,0.13624238634069483,0,0.0007455900546533011
1482,0.09919919613014505,0.46866100425707713,0,-8.275755878505021e-07
1483,0.12179558025127712,0.5203819498875989,0,-6.182887574876046e-07
1484,0.1594699927891952,0.296870235920088,0,-8.28077820448408e-06
1485,0.22763650741695834,0.5980786883028233,0,-8.177691478698228e-07
1486,0.014224740588021072,0.283444155908561,0,-2.2567127181548064e-06
1487,0.0493326830088748,0.4532910994914515,0,-5.86513519168042e-07
1488,0.30058621233109833,0.07014345437636994,5,0.012998343218238739
1489,0.18638875598737342,0.04100372733588196,3,0.007012779352043124
1490,0.2771253102867251,0.13056646123296015,2,0.004725589462030037
1491,0.009205904315572543,0.509371124389161,0,-2.2421113821424488e-07
1492,0.2304355689007235,0.23664373430082494,0,-6.3861954585144634e-06
1493,0.10413514965274226,0.08273397387351653,0,3.600484938461717e-05
1494,0.2883179055351388,0.5608872267894668,0,-2.1721318138436004e-06
1495,0.13802797142765447,0.042356296397003314,0,0.0013155464318278037
1496,0.17514492408366822,0.09544206107478319,0,0.0006574058878244395
1497,0.32278801632675996,0.02986619571718134,9,0.019598792677150114
1498,0.004868535751946429,0.346224152504099,0,-1.097377792387295e-06
1499,0.068215802192108,0.055231347846211816,0,1.771237092307068e-05
1500,0.2997520748773031,0.38171153081704584,0,-1.3388566641731315e-05
1501,0.0658571523232134,0.4089966529289913,0,-1.0772232675768098e-06
1502,0.07631521370404697,0.5912286596624438,0,-1.9332004174218004e-07
1503,0.015964290909521683,0.5983387327103946,0,-9.85376326837804e-08
1504,0.2704009151841583,0.3693381173132121,0,-1.1710586503032657e-05
1505,0.10274944345641071,0.46264956850457295,0,-9.105584272084188e-07
1506,0.06907392313548551,0.4452582907992737,0,-7.740847428185479e-07
1507,0.015675064121358693,0.23622927719968628,0,-3.6675211660562976e-06
1508,0.3166083831239245,0.13603507181096147,3,0.00672138211854492
1509,0.07380098242449859,0.4035193106605612,0,-1.2317985490989228e-06
1510,0.13781799489699584,0.03774662189268543,0,0.0015679779193353768
1511,0.12585625758898167,0.2946041744848693,0,-6.116728289125966e-06
1512,0.13655797505616504,0.3981604457557676,0,-2.43104907901096e-06
1513,0.004501773422192173,0.1566558218180064,0,-7.2030558178154715e-06
1514,0.0082902147990621,0.3856874622410947,0,-7.652888422729238e-07
1515,0.26985408906070174,0.5172246954987227,0,-2.794678796785766e-06
1516,0.3040514270831198,0.5676327762512774,0,-2.37519436847452e-06
1517,0.0519245186299649,0.5559165789174632,0,-2.1569202493905085e-07
1518,0.11148428576400655,0.5692846449336378,0,-3.4206377747979707e-07
1519,0.26878394089208535,0.327564651751669,0,-1.536500032442949e-05
1520,0.2964031114984486,0.4903616700421444,0,-4.752046284600505e-06
1521,0.20482249337108663,0.5176585654273932,0,-1.45519725909305e-06
1522,0.04405940566988937,0.031796250018078044,0,1.6581759297551926e-05
1523,0.11663482161784573,0.4185418467846303,0,-1.6256402080976774e-06
1524,0.017955504060900723,0.4270239229600941,0,-5.574931513554708e-07
1525,0.03541575742468092,0.1705168541029121,0,-8.479508017913301e-06
1526,0.24024849810897328,0.45090684011745374,0,-4.0317669678069634e-06
1527,0.22122732978598428,0.09425842343913061,1,0.00344784243157485
1528,0.1263237891624206,0.30456068723563606,0,-5.571738073300017e-06
1529,0.08647118399922225,0.45839510618774654,0,-8.075908183549737e-07
1530,0.31561223303868463,0.14778563583445775,2,0.005677795896991286
1531,0.23200899523253557,0.048523632161282124,6,0.013686466897002618
1532,0.033370045875009496,0.4784640945349251,0,-3.887874173941736e-07
1533,0.3140646953689922,0.05848938842607045,6,0.014089331078817645
1534,0.08092909964275634,0.055249169404018784,0,4.9064390735850566e-05
1535,0.30176616265520395,0.3017757090115591,0,-2.425258245173029e-06
1536,0.17377290312198596,0.2278212668743214,0,-1.5596814967026543e-05
1537,0.13517691506092075,0.37336030931150715,0,-3.0713481673533445e-06
1538,0.2940344504022454,0.537603522522844,0,-2.901002825301278e-06
1539,0.28916807121741617,0.492939597669297,0,-4.312144376355065e-06
1540,0.058615750399019347,0.0395619713323448,0,3.070771325303338e-05
1541,0.26514923852962,0.31731120772201843,0,-1.5705585985583143e-05
1542,0.25483140608821,0.1016769298974229,2,0.006213496795397461
1543,0.2534507469723642,0.2569139563145087,0,-4.643104671229425e-06
1544,0.2509337715051254,0.2924793800569921,0,-1.581258032914585e-05
1545,0.2138372213876509,0.1897801378702527,0,4.001945658883798e-05
1546,0.038422534920510454,0.2184690531402073,0,-5.480253380695864e-06
1547,0.09066602966228182,0.5791917395466014,0,-2.516488298435151e-07
1548,0.13163367272373158,0.24588740819496796,0,-1.0271362745194219e-05
1549,0.2611443395221929,0.33225849683115105,0,-1.441215771078816e-05
1550,0.0036017969862761675,0.15273850933657193,0,-7.416373577827721e-06
1551,0.2506686760466826,0.338650435424563,0,-1.280351183673542e-05
1552,0.0016591985839879808,0.3966745363536112,0,-6.417163108230606e-07
1553,0.16012476184357569,0.44384502417381,0,-1.948296374196581e-06
1554,0.06431591650815466,0.5900322256450459,0,-1.7355028507692186e-07
1555,0.20468143901497005,0.1938565090837333,0,1.2068907227756978e-05
1556,0.12895747991994136,0.554116904724622,0,-4.7396775778016924e-07
1557,0.01096281270695083,0.5756337332679032,0,-1.1762748035450729e-07
1558,0.303527886404064,0.5630298213702148,0,-2.4739582582655897e-06
1559,0.25735962153855285,0.5875576588345124,0,-1.2220658828223733e-06
1560,0.11315126663507813,0.5285879723180172,0,-5.224806245410283e-07
1561,0.3067658467337377,0.07206441665740153,5,0.012593095318142825
1562,0.3419608687385646,0.14411377351325463,2,0.0064805187269675
1563,0.07114388446505807,0.09858462844433066,0,-1.4251797969719012e-05
1564,0.07096598966768045,0.4990670299715293,0,-4.605922536069562e-07
1565,0.1205861017155347,0.4968077878044075,0,-7.732490045219228e-07
1566,0.3413096121693639,0.5052731281800095,0,-6.377629623597297e-06
1567,0.011883506520776499,0.13620735792765848,0,-9.383128018514922e-06
1568,0.08144556314313939,0.4482125999539666,0,-8.503834458693877e-07
1569,0.05790546299008339,0.21947567963213893,0,-6.56865625955203e-06
1570,0.1383796107234732,0.2713605994733596,0,-8.638180880999158e-06
1571,0.09190720146542665,0.1888347943365119,0,-1.1943647039358503e-05
1572,0.01314536805114565,0.5334460972336603,0,-1.8331301384703074e-07
1573,0.19977182543282596,0.5375924919481555,0,-1.1336908121876478e-06
1574,0.27115722455309027,0.05486369595072029,7,0.015485065227502233
1575,0.09055939859982612,0.02550143774835456,0,0.00037599709388316484
1576,0.06157185651905898,0.06209390143971531,0,-6.665356733787467e-07
1577,0.14871447204080618,0.19070645214725945,0,-1.5738505368025914e-05
1578,0.33619409941586,0.154141105368754,2,0.005872059908222375
1579,0.14962116062304423,0.2157083340492105,0,-1.4836299322946295e-05
1580,0.13468485186416873,0.5428982372471095,0,-5.614384789758937e-07
1581,0.2178397011701741,0.29317522820558334,0,-1.4033774303331363e-05
1582,0.14253437217173057,0.41048945988094104,0,-2.2813567352057224e-06
1583,0.09524630020301221,0.16475513280056242,0,-1.4560197052553763e-05
1584,0.3383703301538931,0.46690544406104484,0,-8.96477201630339e-06
1585,0.317028936540598,0.5355248609441386,0,-3.7221962843278066e-06
1586,0.08417048300880947,0.5539110994286521,0,-3.036765142232185e-07
1587,0.0829884431101646,0.4736212297662612,0,-6.69830950258002e-07
1588,0.1756909784560635,0.5395508252746101,0,-8.742160199542522e-07
1589,0.3366338549288995,0.01597020939836815,9,0.02396116598628877
1590,0.03148353277430053,0.05424267752073009,0,-1.3151056789898825e-05
1591,0.22027378531449684,0.3919506810999046,0,-5.9321423311000454e-06
1592,0.07432183799968359,0.25395289508875085,0,-5.500162061354075e-06
1593,0.2793919761282871,0.3364444193537534,0,-1.547186413520004e-05
1594,0.1844690210387028,0.22106607627896535,0,-1.5518667000400583e-05
1595,4.891755955366283e-06,0.23230875236818138,0,-3.2627826434490432e-06
1596,0.13891423097658104,0.391580559636717,0,-2.6578456049416504e-06
1597,0.3377639192574228,0.2668712272573283,0,0.0003589131331019051
1598,0.29244134111644193,0.13551987546394792,2,0.005439064713578957
1599,0.2528545851859848,0.5027269735358245,0,-2.7268459731356063e-06
1600,0.32443786924923207,0.4474376299937841,0,-9.442698079420809e-06
1601,0.09770569785524977,0.5210825803021446,0,-4.827042668088252e-07
1602,0.1405084820762374,0.5401488842937201,0,-6.116354535454319e-07
1603,0.34867400875107757,0.027524599087024447,8,0.01927078711445349
1604,0.28704200851442674,0.409543847076352,0,-9.495798933233179e-06
1605,0.015354151039266682,0.04349217497977622,0,-1.4345884981790848e-05
1606,0.1431079690581809,0.2486942571843866,0,-1.1088642880317416e-05
1607,0.2469411736508084,0.4642776267157521,0,-3.7720396067829726e-06
1608,0.010820247987173397,0.42260760946389886,0,-5.425805529849758e-07
1609,0.15951922693618054,0.44882955656319323,0,-1.8424628891942593e-06
1610,0.33587915920376565,0.5917668355853413,0,-2.5626966572797247e-06
1611,0.30216398021072743,0.003706879752451919,9,0.030430658320289176
1612,0.0929001622877365,0.5209040974764061,0,-4.6090885470245505e-07
1613,0.24106999197178158,0.35309406649615976,0,-1.045702212550798e-05
1614,0.06779193154152266,0.3435391479933941,0,-2.1128685773544866e-06
1615,0.0625232206563665,0.5821956380838825,0,-1.8436663070933126e-07
1616,0.14544278649203637,0.12539705811318755,0,3.16333873823771e-05
1617,0.057166999761385964,0.4782371883595723,0,-4.942243002556423e-07
1618,0.17871695126713708,0.4726873148452059,0,-1.758022346106987e-06
1619,0.05733981987615603,0.41816281857075155,0,-9.027370451399446e-07
1620,0.19706086176979626,0.544412334606222,0,-1.030707333857334e-06
1621,0.08829445473748321,0.1863091950336608,0,-1.1836806262361933e-05
1622,0.17299218804673475,0.46279613099489714,0,-1.8329590200625757e-06
1623,0.1249855218716549,0.38190008459276914,0,-2.5480522650831343e-06
1624,0.04572565824431213,0.24362389541516882,0,-4.592483101342728e-06
1625,0.24764907207716358,0.3141393348932077,0,-1.4804207957084896e-05
1626,0.2037080972387061,0.24819800109098006,0,-1.5812412938397947e-05
1627,0.2279233213026512,0.04796343620898573,6,0.013199179485099148
1628,0.04569425592252141,0.13047188725909314,0,-1.315167109521476e-05
1629,0.000762222129389506,0.5152645044864631,0,-1.9428095061728976e-07
1630,0.032550570415146036,0.43040664342312257,0,-6.235387324128706e-07
1631,0.20587000373020972,0.13568821631182135,0,0.00042591212255613627
1632,0.115600605845773,0.06272064721283795,0,0.00021200944944495842
1633,0.05871173212937422,0.5681796258074648,0,-2.0418258656973257e-07
1634,0.15075752802302622,0.3549671183420814,0,-4.306597493793652e-06
1635,0.07778122422783673,0.5184296725861176,0,-4.0624523219961553e-07
1636,0.15462849847391738,0.06677959951382115,0,0.0009401853364479095
1637,0.270051465688533,0.5901626016399475,0,-1.3513346942107943e-06
1638,0.14466505768309407,0.13773887732898885,0,7.295783787626571e-06
1639,0.3088798880130337,0.592448575512088,0,-1.945162242587104e-06
1640,0.05585908949412643,0.49726910266958885,0,-4.03272400839947e-07
1641,0.15898447257152476,0.35099969237233575,0,-4.859616122076578e-06
1642,0.17283975932592285,0.02516799502535232,3,0.007971975604292435
1643,0.1798791530487391,0.2885589541776659,0,-1.078551787587129e-05
1644,0.2496322769698132,0.5787177635008125,0,-1.2359312605303282e-06
1645,0.17894982886102334,0.09655490234766144,0,0.0007307270435766681
1646,0.2275435953825473,0.29548704100198425,0,-1.4685343590840572e-05
1647,0.2646073222642484,0.3972821264827671,0,-8.639837145910806e-06
1648,0.07350455134120884,0.27502865600102877,0,-4.428526359916124e-06
1649,0.09524416532223029,0.0981737858883424,0,-2.9955672190861877e-06
1650,0.3033328638235491,0.5636717191830682,0,-2.453386483822166e-06
1651,0.12370488338141301,0.5106564946047643,0,-6.945510540556235e-07
1652,0.3381921975324481,0.47697657398457477,0,-8.136832393621783e-06
1653,0.0011910891977114646,0.24520081967986534,0,-2.9031283645616796e-06
1654,0.1497565565145069,0.36482304852823016,0,-3.865986937725092e-06
1655,0.1448516364307951,0.4145005904619337,0,-2.2429907621409447e-06
1656,0.021260145067202422,0.56956774089141,0,-1.385242493943419e-07
1657,0.31220556609298156,0.1629742796385473,1,0.004164460715929589
1658,0.1234151424281586,0.36510933017191227,0,-2.96621346280903e-06
1659,0.3309094330726375,0.19319400457219582,1,0.0029583213818886746
1660,0.3068095331247481,0.36959182313039246,0,-1.5095490108369001e-05
1661,0.025775250799850838,0.19643365548106972,0,-6.011693929425794e-06
1662,0.14711860780183872,0.529159638533672,0,-7.292449433477612e-07
1663,0.04228231415370942,0.23035351574252658,0,-5.06232520870128e-06
1664,0.1524174079713948,0.28328079142961055,0,-8.809984822640983e-06
1665,0.18168590279665406,0.584699343393412,0,-5.909602899430607e-07
1666,0.1202817691373751,0.43442389514549673,0,-1.438410722627512e-06
1667,0.0006442581919760992,0.38423980550802733,0,-7.19351877300916e-07
1668,0.30728923341550435,0.05805756275463074,6,0.014432270128352543
1669,0.09326937091827553,0.35340994632503936,0,-2.468475472517576e-06
1670,0.02614250044173498,0.04760462037571258,0,-1.2780887994517866e-05
1671,0.20246152659306443,0.2629914001799007,0,-1.524188543568842e-05
1672,0.18831844434469788,0.28829713844400984,0,-1.1626234053521798e-05
1673,0.056588316872616964,0.4436073171596923,0,-6.94711183916473e-07
1674,0.26277558882054447,0.23406394694252347,0,5.169364449806718e-05
1675,0.18735969478028436,0.08056514337415983,0,0.001866664795358615
1676,0.3270158790224303,0.5386711965266202,0,-3.9831970525285385e-06
1677,0.25250868449636216,0.1346894375556414,1,0.0023233126428133296
1678,0.00294469519107145,0.25731676595953934,0,-2.617775991035301e-06
1679,0.14988708556027452,0.3395751216301858,0,-4.97373428154531e-06
1680,0.02369646280724733,0.5973750541873609,0,-1.0748096822848913e-07
1681,0.2538615825495043,0.4420524933178608,0,-5.036727636614209e-06
1682,0.20595144861260858,0.028906065098284216,6,0.014608417356531437
1683,0.34418770742991645,0.12268820917596421,3,0.007483322124341431
1684,0.006206169275327106,0.2965679641895166,0,-1.827074968408255e-06
1685,0.25835983889549424,0.4843478618187622,0,-3.4597560635639624e-06
1686,0.1924626991928863,0.33749930058614697,0,-7.692582029026407e-06
1687,0.2010477011919718,0.2555428559009576,0,-1.558372353459557e-05
1688,0.2615867098375593,0.19230524607210087,0,0.0003810233981260288
1689,0.20436618581177138,0.06501598134213049,2,0.00541121826579793
1690,0.17644944028757384,0.4465826353371086,0,-2.2309148681393156e-06
1691,0.1132552085042247,0.3199812118946061,0,-4.202971175088937e-06
1692,0.031034621911998825,0.46733205453802956,0,-4.24547232818097e-07
1693,0.12077464308239304,0.46887388328664076,0,-1.0243249980375978e-06
1694,0.31544936729691336,0.008933513231649814,9,0.02764351119804052
1695,0.22373367083202686,0.032733259321287456,7,0.016847758639598306
1696,0.31285318779590476,0.3480842617671094,0,-1.561644060090149e-05
1697,0.19540083766085223,0.5377531028587846,0,-1.0835631893494306e-06
1698,0.32620973701988615,0.013662059553001303,9,0.02524242110724096
1699,0.2151178413332823,0.3151622771646206,0,-1.161423375497742e-05
1700,0.051364194698470554,0.5147018513220641,0,-3.2388676781177027e-07
1701,0.04047844050488089,0.0696549224954252,0,-1.4536479871419944e-05
1702,0.18871583763007455,0.2476003919700971,0,-1.5344862685557712e-05
1703,0.007408422631358513,0.5732098063375813,0,-1.1630949892018444e-07
1704,0.041637110754437844,0.13004921831874386,0,-1.2794247442774461e-05
1705,0.20058777671777975,0.44846297396481477,0,-2.784860850855941e-06
1706,0.256220730305224,0.01527390819467913,9,0.025350641878966587
1707,0.21695611185627847,0.1934678630425157,0,3.832118146009915e-05
1708,0.2557481866976124,0.35439119676804104,0,-1.1743108818721174e-05
1709,0.003326773279823397,0.47228563819169206,0,-3.063436611116139e-07
1710,0.02939234510654015,0.463943067092808,0,-4.320357032784306e-07
1711,0.05037826700833253,0.006241308640749143,0,0.0001418509997769011
1712,0.19994821363905765,0.05128993550258014,3,0.007286580172203835
1713,0.2760592012186301,0.2822976287263619,0,-6.80938838963323e-06
1714,0.07040336179808791,0.595269647349483,0,-1.750188877791159e-07
1715,0.018876600136474457,0.028287702563827177,0,-7.479585155441726e-06
1716,0.027232067486195582,0.5961609115764493,0,-1.1270485101635192e-07
1717,0.06156459012492901,0.3762737443707937,0,-1.4314572785232324e-06
1718,0.3081392858166433,0.013089337602825513,9,0.02592403139119697
1719,0.054761157305304425,0.33209623857472875,0,-2.079959477356005e-06
1720,0.1984081732166935,0.31161827760255273,0,-1.0355714380773067e-05
1721,0.08737732710130795,0.13529825946271412,0,-1.5749582994644213e-05
1722,0.19610459060505697,0.3371100156801595,0,-7.995048832399708e-06
1723,0.1442731601272705,0.2610887876129148,0,-1.003410247104951e-05
1724,0.29718591500478,0.15474775259257978,1,0.00387943165828881
1725,0.3228250749889231,0.10347621501927928,4,0.009222746111431623
1726,0.18147610474170092,0.24121593118412452,0,-1.529075328886267e-05
1727,0.3040587643574835,0.5215453837167132,0,-3.76107225165089e-06
1728,0.2696060621998223,0.5726770989078822,0,-1.6022413073216973e-06
1729,0.3286644517255495,0.567067128715476,0,-3.0516510195660613e-06
1730,0.28240780029724777,0.36181419313483926,0,-1.3639784301912057e-05
1731,0.2040182137890441,0.5540625559597929,0,-1.0032011744861577e-06
1732,0.3474057278375843,0.21406685370879483,1,0.0024823401359830815
1733,0.1827647501319795,0.5897864611128643,0,-5.677341500122959e-07
1734,0.16391245934870685,0.5163528865047087,0,-9.801446456575055e-07
1735,0.34030429146487734,0.5341789796053025,0,-4.750173255590927e-06
1736,0.06895010800744185,0.3783435665916523,0,-1.5094415889531033e-06
1737,0.2138226486889519,0.5208662808880264,0,-1.5416675288236645e-06
1738,0.1195494659317476,0.08001594886795889,0,0.00010858612193282071
1739,0.09825484485225054,0.4642534459431374,0,-8.567468960235549e-07
1740,0.19471614389229108,0.007587503042932586,9,0.01988346081537818
1741,0.25659478905548716,0.07600762212831826,4,0.01071114471397575
1742,0.34628945266513483,0.5108377116307717,0,-6.340311381430284e-06
1743,0.1359040902922651,0.5196739850382409,0,-7.16871528088645e-07
1744,0.12765286136974396,0.5503047196685924,0,-4.860115308293085e-07
1745,0.23220522755590492,0.5483840676441545,0,-1.406622015259843e-06
1746,0.21783456324989964,0.23416274582118374,0,-1.150782645173597e-05
1747,0.23816850798988087,0.2722355671941795,0,-1.539137626090551e-05
1748,0.18101726564462872,0.018101707885982976,5,0.012029772310502113
1749,0.10497249598693137,0.2177150413254967,0,-1.0415919506610223e-05
1750,0.06278237126880487,0.11011420374267589,0,-1.5750334707443778e-05
1751,0.08846903933666848,0.4672797445748206,0,-7.538292251432661e-07
1752,0.04940067078181776,0.31523259006320514,0,-2.3334428385949718e-06
1753,0.2979639085648911,0.5789610112582989,0,-1.99630616884494e-06
1754,0.2572715904732848,0.4216835020118377,0,-6.364429090908597e-06
1755,0.13252574712824983,0.5800632355191441,0,-3.789185381821258e-07
1756,0.08607652721590076,0.37410790595325855,0,-1.8683178507596544e-06
1757,0.12117731640623933,0.46429548383542674,0,-1.0766245053840795e-06
1758,0.27494660688372363,0.2472619226045874,0,4.769702648519941e-05
1759,0.31088953082121146,0.42946391740519047,0,-9.838650828311608e-06
1760,0.2973699813799879,0.32754971200090094,0,-1.5094621057349272e-05
1761,0.1971874609492345,0.3794926603742508,0,-5.34527318401122e-06
1762,0.3287983951560373,0.4863743892506023,0,-6.790212666248648e-06
1763,0.3422554726037648,0.31929522571190955,0,3.1110649342837054e-05
1764,0.2050819461762541,0.5997105553396742,0,-6.423798572622733e-07
1765,0.3194259150184377,0.11584013148047068,3,0.008357938497030364
1766,0.22500851066799077,0.06911369384285344,3,0.007822593430526426
1767,0.2667567225629009,0.47643897521273215,0,-4.068511886996477e-06
1768,0.2007844568423627,0.04960263564619942,3,0.00780506849304395
1769,0.15616725785760788,0.3424656404143506,0,-5.142734982930183e-06
1770,0.09168588195194852,0.07628393609145596,0,2.2156318573560746e-05
1771,0.0015712725479206323,0.14543093631942974,0,-7.802940102148068e-06
1772,0.12811915902432858,0.35234993753871097,0,-3.5301468840658336e-06
1773,0.04102387527827144,0.03785926788189115,0,3.3285320529628027e-06
1774,0.04931381939341186,0.22178311291371888,0,-5.904012223112787e-06
1775,0.13541648123437108,0.11945133980788859,0,2.2641506581995084e-05
1776,0.09930880694178286,0.5626911970690077,0,-3.23547129596451e-07
1777,0.17242746558502106,0.35893737038399204,0,-5.130379688887947e-06
1778,0.3041810149617216,0.12352864894056638,3,0.007408536689564047
1779,0.11166767816211955,0.26432073898469116,0,-7.158213391985499e-06
1780,0.2725608448618356,0.5822360996475566,0,-1.4998092521060779e-06
1781,0.2623225891021066,0.3453182213783972,0,-1.3293999908385655e-05
1782,0.31445503033979894,0.17159436553861382,1,0.003594790625615891
1783,0.042213179202520094,0.5808692973453427,0,-1.5252507204072015e-07
1784,0.1774894036730526,0.12706655719743648,0,0.0001805438008603122
1785,0.09504733577006562,0.3155685250301877,0,-3.664964166225309e-06
1786,0.1025462057570391,0.028171055810275968,0,0.0005615975847782509
1787,0.052250001272275345,0.23363840291403143,0,-5.407237792568481e-06
1788,0.3350946493132857,0.1481989362235532,2,0.00622881870573474
1789,0.2894546577655293,0.013186098088102293,9,0.026225646955965895
1790,0.03534253983991831,0.36152490550925587,0,-1.2767316855242518e-06
1791,0.3473584166375424,0.5871118932825133,0,-3.009283874465084e-06
1792,0.07726653774026518,0.24503408671592977,0,-6.180560191580197e-06
1793,0.1085753420713399,0.38463295806818026,0,-2.10510591243096e-06
1794,0.0756991318610911,0.3176339197922768,0,-2.9612316306794347e-06
1795,0.1471082955916066,0.5295294970993799,0,-7.264782629183107e-07
1796,0.27823677010701386,0.055023108610159355,7,0.01553916851080151
1797,0.2765143106528444,0.460414756137562,0,-5.251921247036325e-06
1798,0.20154561630400863,0.1532645954720729,0,0.00015944268287264998
1799,0.08109231418394867,0.03813936881310524,0,0.00013217971264370892
1800,0.04145859740400665,0.060775648104516786,0,-1.211407131683145e-05
1801,0.007754144014729352,0.062473462580144655,0,-1.5550288263869926e-05
1802,0.009902951887287908,0.3044359876547704,0,-1.752398024904915e-06
1803,0.055289533186555,0.2855231507984047,0,-3.3287301264489654e-06
1804,0.2900656252675884,0.03869352178584495,8,0.01856988134815356
1805,0.24319390388379236,0.4951674249996773,0,-2.6708367125833796e-06
1806,0.05625708567993839,0.31261615101620904,0,-2.564779172011487e-06
1807,0.24530099649591067,0.07338167095973948,4,0.009913032393186519
1808,0.3231854858469528,0.42697861480171934,0,-1.122132773767344e-05
1809,0.3340111829009701,0.5121702810122059,0,-5.549161393344431e-06
1810,0.3150899207799693,0.13404158576840955,3,0.0068413469642342305
1811,0.13067893953306772,0.22517136452811173,0,-1.2178822893449153e-05
1812,0.07834616862414782,0.29741833550824526,0,-3.7191414176655814e-06
1813,0.20819949989211536,0.3043584563937793,0,-1.1999263482448235e-05
1814,0.18693924044608107,0.5990427958322503,0,-5.39569264688142e-07
1815,0.32788927911381016,0.2774226517861802,0,0.00015219118050268504
1816,0.14819691217724626,0.5122749640182497,0,-8.72706753856582e-07
1817,0.0031345818551506087,0.3842612549118682,0,-7.373136212197326e-07
1818,0.24685072828813198,0.17768685526052153,0,0.00038713477076937906
1819,0.20240049957002637,0.15124675866993118,0,0.00018285450480431907
1820,0.26938063022805064,0.34011663398406267,0,-1.4444965679786394e-05
1821,0.12585185533005638,0.1429564900354048,0,-1.147335378104934e-05
1822,0.2472008819363743,0.16256830873244013,0,0.0007211751911882034
1823,0.14983618911496976,0.5867562830418603,0,-4.212509192579412e-07
1824,0.06936653074585154,0.5161185530244137,0,-3.8223244794494343e-07
1825,0.01440695687679448,0.21351859356321262,0,-4.539174216137791e-06
1826,0.17269546402296918,0.0867257297887852,0,0.0008516489912580814
1827,0.18861793812266595,0.03750380336858707,3,0.008254374972035995
1828,0.25773235633799463,0.5539157164040648,0,-1.716853612714955e-06
1829,0.2376878255597833,0.09431784365615199,2,0.005273829831342485
1830,0.1973639471825322,0.5505389527152927,0,-9.724062043687093e-07
1831,0.27846561554399424,0.17668785088542235,0,0.001266606605447182
1832,0.24609002797460658,0.46702170878026245,0,-3.639496865896394e-06
1833,0.3459717082017176,0.37631766196086597,0,-1.5243159698957542e-05
1834,0.28476267445711206,0.1294706497401308,2,0.005504765963419179
1835,0.20496404440954374,0.028437103074381208,6,0.014541462951825932
1836,0.1782145215397996,0.4310427586460765,0,-2.651683839211885e-06
1837,0.011924326762375958,0.06027279209328853,0,-1.5735146521820363e-05
1838,0.3025951505103304,0.2574745229657758,0,0.00012199063574752943
1839,0.0021356996926768564,0.21893763330920712,0,-3.8076812103724863e-06
1840,0.07238719664336074,0.42598821430684713,0,-9.701536883122864e-07
1841,0.08178014429856047,0.02547356867935475,0,0.000253369117616404
1842,0.24608405589314664,0.24947455700570148,0,-4.5125175365563495e-06
1843,0.34191077805607706,0.23805226870559107,0,0.0011407268756249314
1844,0.3158722827312988,0.18279789299381033,1,0.002839995745816956
1845,0.29936003192557326,0.09894536756137726,4,0.009768762325737578
1846,0.32893266478331734,0.3088431158601025,0,2.533859934319528e-05
1847,0.3443059435188225,0.10269554528273168,3,0.008516320273316079
1848,0.03596023136052695,0.5580540800032523,0,-1.8001113661997306e-07
1849,0.15306011245769327,0.04238169232080162,1,0.002309764154330689
1850,0.17207898208384145,0.3586359267618494,0,-5.1280294570609215e-06
1851,0.34379222353891603,0.5914079878404078,0,-2.7825984455738894e-06
1852,0.28866260759866696,0.44626291626462217,0,-6.796281849415495e-06
1853,0.22001269629615444,0.03452128466756212,7,0.015659294189821024
1854,0.1944351619869875,0.09589690739946803,0,0.0013494998840578667
1855,0.1879604505731861,0.427180600153032,0,-3.0368107613074317e-06
1856,0.26475814425682154,0.15884047284701203,0,0.0015114780856214567
1857,0.1668955827854612,0.4891748866122964,0,-1.3250270924134972e-06
1858,0.11269549029015903,0.26846504036124424,0,-6.944853940357632e-06
1859,0.2985750593362981,0.06695351894509627,6,0.01346152454970349
1860,0.14169506295044265,0.19366715857590183,0,-1.5669364114556914e-05
1861,0.17311182262286434,0.3611034690475033,0,-5.055679650756003e-06
1862,0.015405982408444163,0.10829705183492466,0,-1.2353214915287232e-05
1863,0.26104819741711655,0.01705802507178782,9,0.024837029501865157
1864,0.24407658993589076,0.14005651554890644,0,0.001489257010438189
1865,0.16435999250048516,0.46225875744096345,0,-1.6907694576575498e-06
1866,0.23762383899008227,0.5087175831519193,0,-2.206913098528188e-06
1867,0.1712946035563307,0.19619456539315355,0,-1.388696480407817e-05
1868,0.3134720261742176,0.11434893422052066,3,0.00846709754965717
1869,0.08881843047588991,0.4721491460412174,0,-7.205134520271563e-07
1870,0.2937495268401185,0.4127387115932492,0,-9.805804819167992e-06
1871,0.2204420049357777,0.49602351432450875,0,-2.110924904572294e-06
1872,0.21650726398481313,0.3546764888787904,0,-8.210693755273692e-06
1873,0.18184598604858687,0.032942141062770644,3,0.007966591430197288
1874,0.1589646190906241,0.2394232766984271,0,-1.3556819846445409e-05
1875,0.2248293446208122,0.34353386705537964,0,-9.847507181301838e-06
1876,0.22684359944686214,0.057121799551220806,4,0.0107380710881583
1877,0.23652194357878298,0.1716774294095108,0,0.0003267123054051814
1878,0.25241874377587337,0.06768434691263285,5,0.011878453656881156
1879,0.14320047905225944,0.06522360199122157,0,0.0006332270321502355
1880,0.03861058668627373,0.2660524900687234,0,-3.423377988232867e-06
1881,0.19741869690035588,0.019032073277516038,7,0.01602036772806238
1882,0.08113366067324679,0.17218642656347652,0,-1.2527632757713834e-05
1883,0.1605565064703197,0.09428492641435567,0,0.0003773411940747184
1884,0.15197791590630652,0.5325767349600509,0,-7.397802738984098e-07
1885,0.23897227672680688,0.5282073880405121,0,-1.8410311253372241e-06
1886,0.03843435866310453,0.1982658402631134,0,-6.6826801672331e-06
1887,0.02667129837397206,0.27474453408083094,0,-2.786977457373715e-06
1888,0.11991564231470934,0.023105565099517934,0,0.0014077502001461847
1889,0.21453854678470244,0.569804947411751,0,-9.5198409686656e-07
1890,0.04605567273247104,0.24910030547529904,0,-4.363749157811842e-06
1891,0.15936991043325704,0.46994239031582263,0,-1.4897224152829766e-06
1892,0.09496614801194889,0.07903464170817238,0,2.3208305655934342e-05
1893,0.23139397466494235,0.31316001643981417,0,-1.341951760309473e-05
1894,0.3201691148361251,0.5482381193573123,0,-3.3834822872705615e-06
1895,0.29758012148104285,0.274504408332322,0,3.366148944929333e-05
1896,0.1490512322035052,0.33717278636155523,0,-5.051508746659464e-06
1897,0.2242373417226231,0.04654224272348279,5,0.012962160802817776
1898,0.005111361455582791,0.3794399719223653,0,-7.891614604019027e-07
1899,0.17235196500399078,0.24425310181519036,0,-1.4348836120338183e-05
1900,0.1705558884178249,0.182246048861409,0,-9.230635241592562e-06
1901,0.3107668993066557,0.07222527780237172,5,0.012441888612443571
1902,0.2773324808486603,0.5299716625450925,0,-2.651065806743171e-06
1903,0.013168241423084997,0.42298823538465685,0,-5.533469911600798e-07
1904,0.34768486381630764,0.01846883418990264,9,0.022583044124510177
1905,0.0031301727888317474,0.4708644847043754,0,-3.1011862955839485e-07
1906,0.3211216684287373,0.3821889329562651,0,-1.5221929723178377e-05
1907,0.30501131051686853,0.3306764429900995,0,-1.4419194958511195e-05
1908,0.09864928756184987,0.1751735874027257,0,-1.3936318024869946e-05
1909,0.3396697691439879,0.2548968159191569,0,0.0006038133023893534
1910,0.1954186011880413,0.09711704887665519,0,0.0013350176950332787
1911,0.22532634220527892,0.32943851604601854,0,-1.1214796782819148e-05
1912,0.16630580937839573,0.40441492711791066,0,-3.071925225304811e-06
1913,0.20858265452437869,0.20926359816356724,0,-1.8762324409589365e-06
1914,0.07759946639089536,0.14334029213332813,0,-1.4865085378786353e-05
1915,0.0069421975110846405,0.2994599056338685,0,-1.7881114625493883e-06
1916,0.1876815823720699,0.15511363166320352,0,7.038905825323009e-05
1917,0.03393132820130623,0.27396064816258586,0,-3.0196851934179934e-06
1918,0.337316880222126,0.013507250230438927,9,0.02501697723958054
1919,0.2945764660979901,0.1288479834185842,2,0.006319375862748878
1920,0.279170155654252,0.5810598670545714,0,-1.6209208937599642e-06
1921,0.2739768224825757,0.30662116377490856,0,-1.532107473438932e-05
1922,0.04969240661929748,0.45266294272735014,0,-5.923335672764161e-07
1923,0.18716869955358334,0.13710521620242494,0,0.00017600674958990388
1924,0.10005553785055356,0.5431411215765959,0,-3.9634868027564416e-07
1925,0.2709628722175948,0.07903309465356509,5,0.011353812735468224
1926,0.03521199182743113,0.5358780930197153,0,-2.2302880089686185e-07
1927,0.31660434853960817,0.3685262572159333,0,-1.574016832628346e-05
1928,0.3040185495113195,0.5299488542333247,0,-3.4578185518522577e-06
1929,0.2576427202343914,0.14237965342360512,0,0.002105560450372793
1930,0.3302858828237735,0.24500485445609982,0,0.0006278145464199454
1931,0.2706362662420477,0.14729586041131365,1,0.002599878766754935
1932,0.16122679972449405,0.3930801340368179,0,-3.269981588661236e-06
1933,0.1733445355327284,0.37433297841609364,0,-4.444670779217082e-06
1934,0.15078583846883886,0.01837259483186535,2,0.00516229763783205
1935,0.08931186092496037,0.5506051677447719,0,-3.304207381692432e-07
1936,0.2531654183491768,0.5945486802304975,0,-1.0928862008261717e-06
1937,0.30800544481135717,0.3502340444780408,0,-1.5886999193453773e-05
1938,0.17087269200887636,0.08092864927631971,0,0.0010015021787839222
1939,0.12189599395111196,0.5258298231375804,0,-5.860959505807206e-07
1940,0.3337783698764526,0.38431891847646604,0,-1.5802381905335873e-05
1941,0.24716898280158373,0.03509780312029864,8,0.0188893686129741
1942,0.13829606397381725,0.3126301179041836,0,-5.7888279566289225e-06
1943,0.08578007939731211,0.13499343288318436,0,-1.5729612333360444e-05
1944,0.05254047691042428,0.5427986390700438,0,-2.474430867133163e-07
1945,0.2275521886687127,0.261078688654589,0,-1.5323594333736e-05
1946,0.019971535500497815,0.08858376907760852,0,-1.463987376385378e-05
1947,0.2599982011211501,0.46255822961368764,0,-4.367532625952996e-06
1948,0.03859411750128015,0.17715136217752916,0,-8.205388845785574e-06
1949,0.14803722266635988,0.3390996035908039,0,-4.90668900001372e-06
1950,0.30702251863280616,0.102690308043582,4,0.009465019358561307
1951,0.2613841800688971,0.2749889370630208,0,-1.0628761729095895e-05
1952,0.14394336659489126,0.4839045234347971,0,-1.1107560979328788e-06
1953,0.13840840138856486,0.5482508924709626,0,-5.523359100652792e-07
1954,0.22121714630624825,0.29058280595285135,0,-1.4565926457522214e-05
1955,0.09327208833329995,0.18926346230034055,0,-1.2036068040850916e-05
1956,0.21758213975496793,0.13609706811052952,0,0.0006679444901325597
1957,0.3280609062661624,0.013930827358707142,9,0.025076630981753542
1958,0.23606421369048972,0.23334661308943766,0,1.0975890747047393e-06
1959,0.04665284762526258,0.0014515826028981048,0,0.00014984747715130573
1960,0.11567870255769802,0.10759684961597235,0,9.228144513586702e-06
1961,0.2941745140198514,0.5844716318798704,0,-1.8193527769889392e-06
1962,0.011771006110881587,0.5468132387530201,0,-1.581899552511068e-07
1963,0.1552236336559386,0.2781498900898497,0,-9.486067898977916e-06
1964,0.11117272248728424,0.07044452354880244,0,0.00011617055536702364
1965,0.006527039717243044,0.3612644781414067,0,-9.599260269769012e-07
1966,0.07858741023902474,0.12724773133444203,0,-1.5737715894575973e-05
1967,0.026356231624948327,0.44710429750235836,0,-4.959948212559405e-07
1968,0.10654652182117076,0.2248258534543868,0,-9.907399743777242e-06
1969,0.21243839842301934,0.3227319443652644,0,-1.062594522071987e-05
1970,0.03727346195290271,0.3645973199628762,0,-1.2622151150068794e-06
1971,0.29483327114199254,0.3550106340442692,0,-1.5278898309921642e-05
1972,0.2700374722657823,0.3731971790832587,0,-1.1296842839785405e-05
1973,0.2901745915751418,0.20836856457802647,0,0.0005986005770411158
1974,0.15126930482057074,0.33667644336204544,0,-5.188718881469877e-06
1975,0.1899180596017715,0.24139540923336789,0,-1.570015032130338e-05
1976,0.2529518187990951,0.5121189038337101,0,-2.4852225138246062e-06
1977,0.04798468223170716,0.5761859924309228,0,-1.6932321795642247e-07
1978,0.23858460766860468,0.37011819215373026,0,-8.738816696563376e-06
1979,0.2311517017208143,0.20665259502348685,0,4.053046060295093e-05
1980,0.07663640927756643,0.03793083017675756,0,0.00010594968928138122
1981,0.2684934428521783,0.28658903512108663,0,-1.236551398763876e-05
1982,0.040443159378335154,0.019811905839262622,0,3.487467926989237e-05
1983,0.18138858094650948,0.23622250860988916,0,-1.5563097200798114e-05
1984,0.24994548384610574,0.20481204325352168,0,0.00013009780559708746
1985,0.3483565902311896,0.2713188725179719,0,0.00044583538711849373
1986,0.122427809631781,0.1804131985968294,0,-1.53903569735675e-05
1987,0.10692556889472034,0.01612220505354851,0,0.0011168950640092247
1988,0.026142590225404785,0.5313872250768187,0,-2.1306895943788093e-07
1989,0.32317193018194057,0.1481074133530386,2,0.005963287390225715
1990,0.33663505525778736,0.06539110923979853,5,0.012079260789137942
1991,0.3377670435640765,0.1388887446934807,3,0.006783697023611822
1992,0.07202116687454704,0.27568124343919725,0,-4.335667443641634e-06
1993,0.2920582317621864,0.1996186691998587,0,0.000883681617131059
1994,0.00037608037653725774,0.17139379943478775,0,-5.992129505082433e-06
1995,0.29623539261050724,0.05885645836457338,6,0.01467696924561224
1996,0.0012319637162451545,0.15835951458051734,0,-6.86379245800364e-06
1997,0.08639026085194046,0.5509576105270484,0,-3.1979028691049415e-07
1998,0.2468107187527045,0.3020446210156962,0,-1.5561086209497534e-05
1999,0.1621652604152117,0.29217262693729834,0,-8.879492712056045e-06
