,X1,X2,Label,f
0,0.12441563385866483,0.29769756713541845,0,-5.8504681131981735e-06
1,0.33046778502592644,0.5058477853516744,0,-5.70369528453499e-06
2,0.20101509150135768,0.1407218684857506,0,0.0002786652620892964
3,0.03149198163620768,0.5100881645400474,0,-2.781158563351159e-07
4,0.23915969726598663,0.013729299543170814,19,0.02503497695065783
5,0.24706804367205087,0.49220492498408086,0,-2.8591703701391666e-06
6,0.006492194842636358,0.5076648118043526,0,-2.2196998630831726e-07
7,0.141726948107645,0.2261491035564955,0,-1.3174026693015145e-05
8,0.34305178230464545,0.4661293213900956,0,-9.43089448690707e-06
9,0.17793210914771945,0.1370011449420193,0,0.00011241612035841666
10,0.2190777025417602,0.28092046524594005,0,-1.5154188222194191e-05
11,0.04891102473833764,0.06204549499928016,0,-9.572098928861611e-06
12,0.13806479401501515,0.43262817729736397,0,-1.7488614359659327e-06
13,0.3455407203615545,0.3748428457487341,0,-1.511431219019577e-05
14,0.13843436675327794,0.10239242746534614,0,8.886658331244616e-05
15,0.13713170096866145,0.5727953752746597,0,-4.2665831392252513e-07
16,0.1297695270544672,0.5097001054262372,0,-7.449961030762903e-07
17,0.035560448649338224,0.24810940912849017,0,-3.970845425213862e-06
18,0.25614246471384217,0.14618320536001175,1,0.0017736565881136608
19,0.15920393617230086,0.3778544056124626,0,-3.7298554843578913e-06
20,0.2912506923376422,0.27146543153333974,0,2.6278202262314507e-05
21,0.006658115485246272,0.296507819449085,0,-1.8364419815015147e-06
22,0.21348512185157154,0.03206854504213025,13,0.015183113426435118
23,0.2856170172193382,0.5580116199485237,0,-2.176065202229326e-06
24,0.013824388674687698,0.39259750445962527,0,-7.547884474945395e-07
25,0.04236271288643759,0.5946334386989656,0,-1.3311106028299017e-07
26,0.25793392752565736,0.3901896810867877,0,-8.675501585931807e-06
27,0.26342758186700366,0.04739156649353432,15,0.016768286088717204
28,0.13918231087641422,0.025703519724145463,2,0.002636411577209984
29,0.3236852009889256,0.19867603650914062,2,0.0022359375670256377
30,0.0708285001735398,0.3157468689583154,0,-2.874553910581266e-06
31,0.09308701513223527,0.3983535445031758,0,-1.5724996540678888e-06
32,0.20160887191670715,0.08955022851535883,2,0.002192701441291571
33,0.3232877452637767,0.5968950870961627,0,-2.147877299818303e-06
34,0.3366477921264193,0.5292717445857122,0,-4.809888640315302e-06
35,0.12429567902245704,0.33322830114816976,0,-4.1110352541286816e-06
36,0.10099671636242609,0.13622433917635135,0,-1.533264929762635e-05
37,0.22936748029888637,0.336184383152637,0,-1.0953028296306984e-05
38,0.13876143609240704,0.014835657370173535,3,0.00391116390553404
39,0.15252576955275504,0.05218950540514069,1,0.0015509779383955783
40,0.2300445287737056,0.17735826157800824,0,0.00019111439735936954
41,0.07383343509346658,0.49399237836897364,0,-4.986454202692525e-07
42,0.2299844675025439,0.2191965469363263,0,1.1507239352197896e-05
43,0.3073851762966368,0.21818363251514794,0,0.000760440140210837
44,0.12276375242876313,0.04918827593366699,0,0.0005346477756567515
45,0.3468580100855877,0.23764629996166395,1,0.0013220559065344431
46,0.2763399597786991,0.10757997703010348,6,0.007536868959489673
47,0.1997201225062338,0.5653135203622052,0,-8.588326622791445e-07
48,0.20289325376096207,0.001850414162348013,19,0.02454167501798812
49,0.32775505250142806,0.22296741856135305,1,0.0012242231930587387
50,0.18229575726180647,0.49494797918518874,0,-1.4584839554043278e-06
51,0.29535415708990337,0.12585988116986438,6,0.006698770447818159
52,0.32525902653691924,0.11212488801059951,7,0.008561207268625614
53,0.3477612373210548,0.005124239089578347,19,0.02907861176431174
54,0.17879986985008897,0.06108565249277098,2,0.002837685863047184
55,0.14702616742086508,0.021740027152460005,3,0.004033601278043047
56,0.03622831893166211,0.13958466632639113,0,-1.1320200383121691e-05
57,0.18854315376957248,0.00932475374002123,16,0.0174238820546832
58,0.17515722725096644,0.06218031407995023,2,0.002407716865157807
59,0.2812365060249836,0.009844788697132484,19,0.02766639135808957
60,0.05044743242600502,0.0007134865643070067,0,0.0001873539134039002
61,0.27941734716422517,0.13358285634257666,4,0.00459141512023645
62,0.31222586960607995,0.09399183147287457,9,0.010215538111265528
63,0.3432706199480715,0.3198742227963847,0,3.209249269129563e-05
64,0.08730926793604606,0.0028375940852202776,0,0.0008718138135519136
65,0.31016195809235014,0.04304514968777523,15,0.016936142474749265
66,0.15294108132221465,0.041910412089812756,2,0.002341401777337181
67,0.06223455762989485,0.1913380892168646,0,-8.969353675964775e-06
68,0.14679963637583496,0.28081652485409236,0,-8.552773324873752e-06
69,0.3236101667266205,0.12488110126008664,7,0.007694723524127317
70,0.18495260140716907,0.07814611489946095,1,0.0018766118950329235
71,0.11306808825622909,0.013323501416759281,1,0.001597043404569766
72,0.027597997435933597,0.45626683840474025,0,-4.5821829501389615e-07
73,0.28120358292026865,0.028937746017191374,19,0.021173848626682333
74,0.2916444513457336,0.01018573407152093,19,0.027440237813918907
75,0.15120443314989143,0.03490510092278984,2,0.002865720520561382
76,0.07825025883596282,0.5493380291263406,0,-2.9963564765852236e-07
77,0.33493233263435723,0.1542758993001379,5,0.00583993066903862
78,0.08492924631390394,0.015183225029664025,0,0.00046410036422685463
79,0.11680773915876376,0.05673523753972022,0,0.0002958203467987589
80,0.15306658142198717,0.03819717573598606,2,0.0027058630655527422
81,0.32956061458203867,0.11033721439531426,7,0.008585474060325216
82,0.3101079417445942,0.18156596401618177,2,0.0025918644271159643
83,0.18591988168475126,0.05552586859493277,3,0.004329616914259236
84,0.33102762376436073,0.15814309481996638,5,0.005475271626454253
85,0.18826390352680142,0.006757734553405737,16,0.018425004602488956
86,0.20187763050494092,0.43257894251265505,0,-3.3051333289315525e-06
87,0.32191980432440115,0.18174538773052548,3,0.0032639343905266492
88,0.2671082584900098,0.1519458973371465,1,0.002039753922946432
89,0.22079941763721744,0.017725676134799903,19,0.021427344083380814
90,0.210895179221743,0.046800280079726,9,0.010420051137229542
91,0.005567673495893565,0.016710913259192092,0,-8.476671850556185e-06
92,0.11609918062072555,0.01971606623436482,1,0.0013896358791661379
93,0.21152390368067864,0.07846739303361636,3,0.0043289826988944825
94,0.26391014572838456,0.10935991555900927,5,0.006102153399225753
95,0.29237821388820384,0.06807146711642657,12,0.013422111014591846
96,0.33577578610896325,0.1763974860738436,4,0.004363928966309346
97,0.09802947612155774,0.03275715505310393,0,0.0003780554754212625
98,0.2617736928972602,0.00024662156758509246,19,0.031840539094278426
99,0.3258596195892306,0.1980200186222513,2,0.002386091429564503
100,0.0897986629053859,0.24305068328831905,0,-7.119224424768339e-06
101,0.2917925858171471,0.10881709012997678,7,0.008427937551460957
102,0.3353773965551802,0.24275641627531275,0,0.0008034849510452173
103,0.28944949658187713,0.45907796717863825,0,-6.042278300311324e-06
104,0.20979108597520288,0.016763141639037457,18,0.019758538301262448
105,0.3241563270327917,0.059529643730431625,12,0.013476270687221863
106,0.3363831509392596,0.10439355082445251,8,0.00873822464900596
107,0.2590397416071186,0.1437261487321256,1,0.0021002444129827763
108,0.1949362730712139,0.08147553030777026,2,0.002342682567918005
109,0.23212269094763718,0.046310690110760125,13,0.014278040380220094
110,0.004838727025694479,0.18624587956508587,0,-5.409191500382413e-06
111,0.09356581900673962,0.0016957354803852891,1,0.0011809552626317027
112,0.11701505615008796,0.03091416214689467,0,0.0009111408780476923
113,0.1911522532986422,0.08979220890245922,1,0.0015111720495427675
114,0.2631907008939154,0.13485636018350713,2,0.003097800318201525
115,0.18365013352537038,0.0014795409728919767,17,0.01937469534233103
116,0.2869105646685961,0.340132014110605,0,-1.5670967292234992e-05
117,0.21556516210398113,0.09664647828008906,2,0.002687576926810513
118,0.157494000417342,0.16571771614321054,0,-7.196123672759143e-06
119,0.34597534168928706,0.24637728975712825,0,0.0009852214456365783
120,0.21910063415624867,0.012705915795659606,19,0.023064666520591522
121,0.24840661786739412,0.09444761458441998,6,0.006560465294557949
122,0.31136281140145766,0.05830276267706205,13,0.01423184304276471
123,0.24687431066658042,0.13018227143174757,2,0.0022780860655823945
124,0.12821510816006038,0.025927667609049805,1,0.001734585687161351
125,0.25395697160439,0.1314072050101142,2,0.0026871607122813334
126,0.3261398373862067,0.0954345278990559,8,0.009720766724849417
127,0.258924177016631,0.01697091358576544,19,0.02482404140862683
128,0.24972735423801293,0.08380695135256393,7,0.008512634068598113
129,0.18695858512134586,0.08022828057213552,1,0.0018637237132964992
130,0.3144947079917466,0.1605745227822754,4,0.004508864546787372
131,0.34742038365850514,0.2631602275304933,0,0.0005826503874236455
132,0.3397611184675312,0.18042411988873794,3,0.0042541599009992374
133,0.2678786920060002,0.04547966971094092,15,0.017286975939792913
134,0.30748983642912264,0.02963617565709359,18,0.020249507935587083
135,0.20997192620122332,0.04061989367429678,10,0.011902540132864342
136,0.33086549285482175,0.20925260589386716,1,0.001985840685763167
137,0.09290231103825962,0.006579090412013832,0,0.0009384050822605477
138,0.24462284947260324,0.006041678762921394,19,0.028446940375444374
139,0.1905773144345229,0.1040514559264522,0,0.0008498422279783067
140,0.33145648962513474,0.08516401551740616,9,0.010319170083475023
141,0.22264578355317732,0.039169247363313134,13,0.014739185692446298
142,0.2740321816941183,0.014467724546649595,19,0.025859289220694966
143,0.13642557928013496,0.015608689828157316,3,0.0035001599112561583
144,0.3149315883558564,0.06762996941454373,11,0.01282775011486274
145,0.29054862279639315,0.1734315611985589,1,0.0020129306932328227
146,0.0041633928024487395,0.09438117161726137,0,-1.2619533624492656e-05
147,0.255046142514082,0.06722232680056894,11,0.012227925242591286
148,0.33471942315361664,0.028977991054667987,17,0.019378285164458105
149,0.23382278701952947,0.10087682698568876,3,0.00397077828067412
150,0.13514544865711647,0.014344414214628488,3,0.003507362062334809
151,0.34910649523438514,0.24205372413837506,1,0.0012308272920815546
152,0.3372579837221194,0.20982969126903547,2,0.0022528226939986127
153,0.2783560965158669,0.029819083827820725,19,0.020975915858449705
154,0.20904792463668045,0.023641727009916638,15,0.017077443455529927
155,0.18527092988784793,0.005182705747067029,16,0.018218377587484656
156,0.09068485662905397,0.0006149096090099088,1,0.0010987342353264023
157,0.22351768805161448,0.0614595102520919,8,0.009189724952173184
158,0.3274763938861216,0.1820485227823972,3,0.003550806741068264
159,0.27476363272758286,0.09048493210739417,9,0.009843080736486272
160,0.29076823368249616,0.06010968215145965,13,0.014604479642676303
161,0.3442649413825453,0.15415155923548593,5,0.005953388857715439
162,0.18945896844492122,0.04206058943768269,6,0.00735945231487598
163,0.20616479248344347,0.09962329135640831,1,0.001777470648107854
164,0.09214497433281134,0.005089578051026967,0,0.0009681033010459313
165,0.10569001911018898,0.002409707444234587,1,0.001856709638170484
166,0.29616332432836484,0.19807794449735353,0,0.0010674996819136846
167,0.2601629357154995,0.1584725667297373,1,0.0013203978417869596
168,0.17587142429207095,0.00723276754610231,13,0.014499676933754722
169,0.2801703694563058,0.15550639084243692,2,0.002612897707503262
170,0.349046161510576,0.1564500495128922,5,0.005841152157331464
171,0.27514102161112164,0.04311510889708961,16,0.017843963854924143
172,0.24571789633772254,0.5945795813183322,0,-1.0143169574826743e-06
173,0.22805416235848472,0.13140741988386634,1,0.0011792914849109157
174,0.10424995165945665,0.01337183223808556,1,0.00112309096023722
175,0.32039505540387797,0.1557695081297973,4,0.005232837053384713
176,0.2633931102513142,0.033130593872868826,18,0.020092582228748997
177,0.19670179138507282,0.05923560816655629,4,0.005255558533824203
178,0.3107448192984158,0.0020168182128481246,19,0.03130085263419899
179,0.34752122167516036,0.20823355066708704,2,0.0028247166422850677
180,0.14274163192904452,0.04675497827053696,1,0.0013240981002102872
181,0.30977350626889294,0.16268715311023907,3,0.004035066352649854
182,0.15375710265773976,0.003117028357525281,8,0.009492026164216525
183,0.3118788000757401,0.12155924591797077,7,0.00783059606586994
184,0.2555603741106238,0.028760802810368084,19,0.02106439522243021
185,0.26236070054675514,0.027663930966311475,19,0.02154937476361626
186,0.2973956135569287,0.041501385155235736,16,0.01774070468008214
187,0.34160402116761185,0.24111226843905162,0,0.0010263403201343595
188,0.3264595272669876,0.18380607706589303,3,0.0033685574667587062
189,0.16742583150444396,0.06077542680459152,1,0.0019299134667153347
190,0.2498375662224815,0.09672930130149517,5,0.006377763501973304
191,0.2558267924968134,0.1542025061899949,1,0.001330887859578557
192,0.3085037455917476,0.0686068873322201,11,0.012954060069565636
193,0.31544732053539326,0.01597132073381222,19,0.024564083029140937
194,0.327578722316482,0.11693357084103922,7,0.008202073007976972
195,0.31552173491821245,0.14503019321856586,5,0.005912512773769769
196,0.19035892205217944,0.08202636355936489,1,0.0019638287751004425
197,0.08757014702009107,0.0006961747778520014,0,0.0009640443289380432
198,0.17628522733355845,0.05266155140504313,3,0.0035259068906488052
199,0.09535017323141999,0.0072779647471674916,0,0.0010074990145098827
200,0.16222937805666762,0.014215133803354195,7,0.008421308899901054
201,0.3367930098411988,0.02741526261547005,18,0.019775353180187496
202,0.30049561887533427,0.04121866894467463,16,0.01769296872072681
203,0.14435473940573731,0.04246434550151334,1,0.0016688237842085736
204,0.2270295590246371,0.02453954884590523,18,0.019971937058363098
205,0.28393442862234686,0.07433610776750918,11,0.012544697231742959
206,0.11890304934496874,0.002016547281912133,2,0.0031147931865547606
207,0.14438348757429068,0.022717169769943663,3,0.003551732769866407
208,0.24228589352602828,0.08447145114281074,6,0.007440895104697709
209,0.20814799270145984,0.07910567773937482,3,0.003851227099046972
210,0.16298133602530804,0.048496222856735834,2,0.002613181093716184
211,0.2774197773243882,0.1304516348686486,4,0.004764315194394794
212,0.19981895357199134,0.0455516022260012,7,0.008555488480367185
213,0.17576563905355522,0.006777476251399487,13,0.014646630845020252
214,0.0846493218199057,0.004336220157203199,0,0.0007325091792406236
215,0.1813036589675113,0.049403133607780585,4,0.004622534602298596
216,0.219260666705722,0.09064677726182893,3,0.0036587215103264592
217,0.15610519953542215,0.022577257710994437,4,0.005286064348221593
218,0.1967271626114859,0.07314766869363044,3,0.003325162988864627
219,0.13907617556417987,0.03463703403163065,1,0.0018588290715744911
220,0.3233059721955507,0.20414426678267975,1,0.001908508961597564
221,0.29182206542860756,0.07760138718281193,11,0.012167768246545382
222,0.13352710322564085,0.03534998360866642,1,0.001462599769098958
223,0.09195162576559074,0.004024495063104834,0,0.0010040938569360557
224,0.31825900240607374,0.10306603199085611,8,0.00934773534211593
225,0.3152939722279451,0.12425083751577126,7,0.007667382844206703
226,0.18767587257025523,0.0038987935720159184,17,0.019506606820769008
227,0.2556462877765252,0.08093625715759041,8,0.00971635726859332
228,0.2809463214322073,0.10141699303166417,8,0.008723844069286132
229,0.17682445089460028,0.06868967441799692,1,0.002004457391600238
230,0.3468282317931036,0.11957185277171897,6,0.0075427848005624595
231,0.1256373725423589,0.036095863790448615,0,0.0010410762662514965
232,0.20058070803611402,0.029446558428361025,12,0.013210249882602759
233,0.2866966592195583,0.1175733059778494,6,0.0070663608108370544
234,0.27107910687114045,0.04347732890840328,16,0.017754483817868795
235,0.33406095297666094,0.04341410343074707,14,0.01577621288981098
236,0.29911159197176224,0.17768982493716665,2,0.002220549994493756
237,0.25160666248784,0.0829448313713603,8,0.008894453456414073
238,0.13309952443201967,0.029002989753965442,1,0.0018503497766575092
239,0.1341021375383207,0.032918629285885556,1,0.0016470228911059097
240,0.2685928897510111,0.13120564478468194,3,0.0039051750228924886
241,0.28596485838450214,0.1452712748334336,3,0.003927183162077486
242,0.2734114792478519,0.1404739195753535,3,0.0033912123608210248
243,0.3081017517554529,0.08210768533476555,10,0.011445538825997009
244,0.2928040872675825,0.17604965871889994,1,0.0019761097976902257
245,0.32204796252161844,0.07835197377113633,10,0.011349189467874525
246,0.18933018516853234,0.08025459449048213,1,0.0020227553879281724
247,0.09116900547801414,0.003938469252496156,0,0.0009759249522728173
248,0.20362891940956343,0.028355311720575108,13,0.014265695921326175
249,0.2366801437677799,0.10508595189629978,3,0.003771087194758349
250,0.30169094305136157,0.05748003209249339,13,0.014722746113772436
251,0.2409460881691119,0.07478693450539306,8,0.009055956962154754
252,0.24184618365713045,0.14332614118716405,1,0.0012283234160672149
253,0.3287524770060903,0.2016183436754703,2,0.002315748928468438
254,0.13117091817508236,0.019556297489737234,2,0.0024885236385892616
255,0.2021574646943387,0.019595134740146167,15,0.016975855235573076
256,0.12450115985950395,0.013658473156080594,2,0.002441223282553809
257,0.28964390400826834,0.18194484975950667,1,0.0014996732699011307
258,0.2643425705270438,0.04647241544182189,15,0.016992856090435868
259,0.2509243133444486,0.15206981910816258,1,0.001219047022123999
260,0.28819944600603553,0.194275641575151,0,0.0009399320228286319
261,0.11952255771416785,0.034412847681005505,0,0.0008723940413882766
262,0.16231733491835312,0.01827356865924546,6,0.007397731864631899
263,0.12536560633498633,0.00870921308908193,2,0.0030527146873085237
264,0.30749370374855917,0.06968422738713045,11,0.012856140680123956
265,0.2955532123891389,0.09172358573389942,9,0.01050472816813889
266,0.3451761381025382,0.14739205136581032,5,0.00629544812435896
267,0.3288621530489667,0.2109721618275048,1,0.0018051141589027033
268,0.24760988144532992,0.0740174112318545,9,0.01007902309982173
269,0.2979267495882978,0.05658985730729757,13,0.01498063740747128
270,0.15956512234445488,0.03431462995227448,3,0.003904178606212111
271,0.21994485337671763,0.015636608075148883,19,0.022069950603757056
272,0.09337773820326987,0.0028001558610222404,1,0.0011196756177790541
273,0.30180056485272194,0.14895600057321776,4,0.0047484684109329635
274,0.21722307495586332,0.0485949601873416,10,0.011162350544951011
275,0.23694683806604916,0.07183450761854389,8,0.009079869080358172
276,0.16662629534801943,0.02673050055624756,5,0.006348056579485268
277,0.34211196027449026,0.07460126728569176,9,0.010768698057692283
278,0.14819805430732128,0.05155856125579494,1,0.0013489819357537021
279,0.09002789674192882,0.0016281106589683715,0,0.0010255637230974306
280,0.2630580136783686,0.14759387283129466,1,0.0020851253687829154
281,0.3491322275901179,0.2479458603139996,0,0.0010271542294810897
282,0.34485980464958893,0.19824485606481773,3,0.0033139554063324667
283,0.20292041918555645,0.024622384701761882,14,0.015359571365280001
284,0.345861186594769,0.20391201536257555,2,0.003008648388768702
285,0.1439203234734143,0.01575104854350724,4,0.00451520711089842
286,0.13886307630341302,0.042293824143554225,1,0.0013621704501946726
287,0.20229067375364662,0.005734270985676283,19,0.02262926430288205
288,0.3407431100264384,0.23220484425909466,1,0.0013212525898227772
289,0.3217989838136319,0.04871453372072892,14,0.015326515335338778
290,0.2994872872347648,0.03882019341520943,16,0.018249889264523207
291,0.24309296311364215,0.09125088067279946,5,0.006410293646008286
292,0.12918774486837686,0.01542957453417629,2,0.0027123707300167766
293,0.20141384751233532,0.09494109636619276,1,0.0017912879707091835
294,0.33330345906441555,0.18345227274884324,3,0.003752549240229369
295,0.3066966777082062,0.1229251912398715,6,0.007562661435575213
296,0.18402635792607483,0.05173829682641694,4,0.004641909201690524
297,0.292080198841133,0.03863517398481829,17,0.018527459520517396
298,0.240634444083504,0.01938092152413675,19,0.02314745851746821
299,0.256426281861773,0.0943463312792592,6,0.007523493322693198
300,0.16899351482842603,0.028427237837771957,5,0.0064358585104473
301,0.26868800160386563,0.14335463088205241,2,0.0027785289694303513
302,0.22378188338411817,0.08867225384474475,4,0.0044058180447253
303,0.29553449408170196,0.027897504398677754,19,0.021130232368369094
304,0.16447414104362995,0.018058822250320936,7,0.007925841611928325
305,0.29493638398870253,0.03917607628142259,16,0.018321748075796614
306,0.09344783492910262,0.008373484432718693,0,0.0008902438693484478
307,0.09803924906100743,0.0012326974497542179,1,0.0014404097809223363
308,0.2832106773854456,0.17048012808460491,1,0.001797250996533782
309,0.2229919726317618,0.08058187652906432,5,0.005483245150027205
310,0.29499621293462086,0.1248125565071659,6,0.006791476170167928
311,0.3422989419659855,0.06958453006916492,10,0.011293963850531101
312,0.31590277699843494,0.12388728554294227,7,0.007707169880753327
313,0.28297088802692755,0.16595212124105452,1,0.002057279609942182
314,0.2637517753734517,0.11276765085248998,5,0.005625338593987257
315,0.2806197442272284,0.04663037448168836,15,0.01709409830417176
316,0.27358728026226586,0.08094945511209377,10,0.011206600510314921
317,0.2586459570014962,0.04382042246280357,15,0.017373974592549118
318,0.27857344389457844,0.08034559466300441,10,0.011536243792789346
319,0.18975379270189416,0.07025573113377931,2,0.0029417525618257974
320,0.1990305289454028,0.052842119987551756,6,0.006804182501434169
321,0.31232712889246217,0.19750062419400471,1,0.001748209213318217
322,0.3088709474611234,0.1011785528977202,8,0.00960458691782652
323,0.15241267043289305,0.002306637315822792,8,0.009380389627091494
324,0.20470600370683736,0.007886134703994935,19,0.022251285159592887
325,0.2710562533843383,0.1286752853265617,4,0.004396052688871914
326,0.2549843695912048,0.13708769722800482,2,0.002311389338660084
327,0.32304101606988866,0.17848819989918677,3,0.0035685172696033134
328,0.2452290240125824,0.11056206846740749,3,0.003994898961305625
329,0.09566459162857664,0.00011182825048593886,1,0.0013715001197938496
330,0.2039584573393195,0.021721184766387472,15,0.016624215852982325
331,0.19709894441917877,0.10936503463459246,0,0.0008831486921032854
332,0.3454260698428671,0.1834131429526465,3,0.004274567678963115
333,0.30613028654014507,0.06174576093693948,12,0.013942144016104415
334,0.14254057967075648,0.008801562042220261,5,0.005539521314257243
335,0.3061069381529752,0.18419243950818315,2,0.00219569580391691
336,0.2274407980730893,0.05394391692877678,10,0.01160321612772567
337,0.13829261633044276,0.019707845053207926,2,0.0032058668958583206
338,0.12564774122256422,0.001844557970060845,3,0.00400508247698518
339,0.3381000929859266,0.12775560506763636,6,0.007381555263497474
340,0.20634429347021985,0.026522179300543333,14,0.015490400472621322
341,0.24104566556238818,0.08022687111995212,7,0.008036368718411542
342,0.21542283521485014,0.029902818128023312,14,0.016260325726371646
343,0.2544771033985771,0.11580637310317238,3,0.004301172214944512
344,0.2127968534493375,0.05323799498381705,8,0.009192820669077145
345,0.09128836920530964,0.0025883473472226672,0,0.0010374587904343105
346,0.1781670771604262,0.06684309653310191,2,0.002250639319046771
347,0.15881974117600392,0.013112906622017261,7,0.007918413805323076
348,0.17102942111594494,0.05718270923252721,2,0.002508556229313737
349,0.13534340321041505,0.00227780609549892,5,0.005514558496759275
350,0.19753075557733715,0.025048040259686696,12,0.013927597743898512
351,0.15041591832367582,0.029942993139841605,3,0.003352836889840892
352,0.28161999105170477,0.0013117473492368248,19,0.03166890922897621
353,0.20054337819776008,0.04877963276093915,7,0.007944634475543218
354,0.25169790720709667,0.10378592219896189,5,0.005556561497243653
355,0.3249675419108152,0.2163024607409966,1,0.001393159824399971
356,0.21221462306983047,0.03046642409399148,14,0.015438854687009689
357,0.09517990709491995,0.004099283966811428,1,0.0011415169802361303
358,0.20131974251140788,0.011737470956828866,18,0.01983340326879383
359,0.295298672899824,0.047855621962834105,15,0.016553125325153843
360,0.21965588576557982,0.04153237072515122,12,0.013528701434412503
361,0.23970653603145697,0.040921535670275594,15,0.016670383538431026
362,0.33211830411335447,0.21870477848384517,1,0.001569879636473852
363,0.337390651333532,0.13320645881562868,6,0.007099236924001345
364,0.34807718836034646,0.1123266706341551,7,0.00784133159784403
365,0.13652957425109324,0.041450814980539985,1,0.0012870630020049188
366,0.24811944195762806,0.14133855080542257,1,0.0016245057041411731
367,0.304956257133062,0.11666785892504433,7,0.008107353460356011
368,0.24745531345207628,0.06363548604411698,11,0.01217181204904919
369,0.11772067974943064,0.028140938301395052,0,0.0010511465316637143
370,0.2778126788572372,0.05299247541332173,14,0.015903159547732314
371,0.12672973209503485,0.00891226286675908,2,0.0031837949401990443
372,0.2561795581067471,0.05704917774918028,13,0.014369502891402989
373,0.1859890394646559,0.03923750588308068,6,0.007325937167837926
374,0.3268189994473497,0.15704346001097988,4,0.0054086038957622835
375,0.08949425027816102,0.00024944701442777915,0,0.0010627001115392737
376,0.16042573876955457,0.0005252219674522704,11,0.012303805923158316
377,0.32565496772315744,0.17086686424130618,3,0.004292429758251988
378,0.33026629250377326,0.20667946343890625,1,0.0020984676217866128
379,0.2336266948662033,0.14684485197267103,0,0.0008023049806248061
380,0.34085211555358785,0.10824839552173648,7,0.008342193467106681
381,0.13500945503377676,0.003832285733734864,4,0.005153246297449927
382,0.3050702915690495,0.09241460040005225,9,0.01045526002808649
383,0.30318248327334063,0.18328334938269208,1,0.0020942014325490113
384,0.2758387496474714,0.18798692065920986,0,0.0007730204629225995
385,0.16340147902963634,0.02782639883484875,5,0.005546833990090293
386,0.24369307197190762,0.13218544224013035,1,0.001933044487397143
387,0.2479890506935684,0.11851865827998431,3,0.0033912251260123133
388,0.20635196093835378,0.0878248673704279,2,0.0027204528424530127
389,0.34175595727709823,0.23453000729735707,1,0.0012659016255334443
390,0.1895431486080387,0.06629954101399022,3,0.00335498204848504
391,0.1578217948239986,0.02943620211859583,4,0.004387537505810793
392,0.09922941562991876,0.011190869242166359,0,0.0010029359466939467
393,0.13298596799696846,0.0092343020492177,3,0.00393571566808499
394,0.11516801982018664,0.0033895269522814016,2,0.002568624666558159
395,0.29160269194938504,0.21543208735196892,0,0.00047997244054194966
396,0.16227635080851377,0.013689097321424466,7,0.00857626855013894
397,0.33344395237251273,0.1147904270355797,7,0.008210770282056907
398,0.34508587177063993,0.23285263560459896,1,0.0014525121009382152
399,0.32515177353887875,0.13341126044795656,6,0.0071012900903542845
400,0.1964230504496997,0.041184245949763165,8,0.008944524147404162
401,0.14287028865105408,0.024342175618772454,2,0.0031693894689615513
402,0.18452043205339352,0.01871068970490889,11,0.01275648491813119
403,0.26602042097963374,0.04820434524389525,15,0.016674542362070742
404,0.12645308944776604,0.002326956710973011,3,0.004047330883643494
405,0.3149063058266132,0.1576210785274148,4,0.004786664457401727
406,0.33454600887957064,0.07912757075164534,9,0.010707757104954243
407,0.2381733135308182,0.058477732811966485,11,0.012144930456544032
408,0.3241969349792494,0.028229660175572855,18,0.020021718827895423
409,0.14199447254323225,0.0263767475947982,2,0.0028449257765152387
410,0.34346641045289317,0.09567230079934445,8,0.008988190867915585
411,0.3432613246169984,0.23884783424248787,1,0.0011559619421384953
412,0.12346729947734617,0.0027493017761051285,3,0.0035784514066541867
413,0.15999603493127,0.02868442017837271,4,0.004835600169766718
414,0.13079202360555436,0.005086336208009745,3,0.004254074597534975
415,0.11637767739013928,0.027395048986694457,0,0.0010269879243323063
416,0.3352468716951444,0.2300227115981803,1,0.0012140546824211077
417,0.22553927302202023,0.035302677002724575,15,0.016358504125097446
418,0.335343745901721,0.193352929928382,2,0.003175952557448894
419,0.239735169859613,0.06916821280866263,9,0.010021878710726871
420,0.1365830757751338,0.028575048900282545,1,0.0021447297610344496
421,0.2468465013414925,0.08478480403465591,7,0.007978258198820488
422,0.2522795344402272,0.057845339863402276,12,0.013888286226536721
423,0.11552554160528446,0.03142553656994618,0,0.0008395156189094148
424,0.25782177035335563,0.12010747676786215,3,0.004129475398975173
425,0.34185634878828774,0.21176828735494582,2,0.002358239170041817
426,0.27506774513288623,0.10248827533352367,7,0.00813515497539309
427,0.2687216671862324,0.039866946622226784,17,0.018532184723167654
428,0.1638875151796528,0.05013516114088968,2,0.0025380882829851097
429,0.24519949158665924,0.08438850209023394,7,0.00783675602866867
430,0.10423224128111572,0.0038974575919856046,1,0.0016517766684006569
431,0.3099933497190098,0.15398560260239322,4,0.004815190588272057
432,0.23287704048657973,0.048911039104848446,12,0.013714855134874627
433,0.20145027589647066,0.07545193371608351,3,0.0035583548843200045
434,0.31438916972794745,0.06987917851776161,11,0.012579228408336744
435,0.3291329925782024,0.0641826047192347,11,0.012606581451345838
436,0.23502375846642923,0.0857642397696983,5,0.006255167776586802
437,0.15166044402426349,0.032654987778905555,2,0.003166750302631765
438,0.3218846951183118,0.08189273445347987,10,0.011015656293439108
439,0.10255353367002912,0.013413118039217704,0,0.001046887343634697
440,0.24890476349307014,0.02020104985880647,19,0.023389887137036484
441,0.3375559161353107,0.10906738176528015,7,0.008417147986114919
442,0.11073769260473008,0.0014558638271726203,2,0.0023430468470488136
443,0.23789802242689156,0.08304408384822456,6,0.007102367575296495
444,0.16599854740581205,0.046229388101722724,2,0.003152057283759385
445,0.2513413231861775,0.0793819703313596,8,0.009510847081859538
446,0.1019574852552586,0.008600565374803883,1,0.0012462016591421959
447,0.18230709718670304,0.05212853557978718,4,0.004347370397548797
448,0.20961235015054272,0.03132184410213401,13,0.014621696230781649
449,0.3134269430258321,0.20394248016367214,1,0.0014803522466788426
450,0.29550221333814386,0.03123874198301517,18,0.020218065616411554
451,0.280975320178654,0.09395410053149002,8,0.009734721508915892
452,0.2629871983439827,0.052445163779453956,14,0.015701480690164523
453,0.12448624729107087,0.0242560697897721,1,0.0016060683569295447
454,0.2479931852947099,0.032509500143417545,18,0.019649159326809565
455,0.30829983686899337,0.18369537032713307,2,0.0023477263030327916
456,0.33655367232561106,0.05332009458452888,12,0.013813727949598908
457,0.3422690410603554,0.06226590874182569,11,0.012194683372284255
458,0.16055526896884528,0.044420969760888995,2,0.0027925408498107817
459,0.22664085017338265,0.06451567976161579,8,0.009033787274375956
460,0.28979177688114804,0.1298677497001801,5,0.005859956515664386
461,0.0935050823050084,0.004582313802799774,0,0.0010452956074323099
462,0.2834714781128732,0.1819242523061257,1,0.0012409371073912147
463,0.3174649930551073,0.023052212727588846,19,0.021909153880109264
464,0.2353377970738511,0.07473941248754448,7,0.008272657161556438
465,0.23261284748987437,0.09304387575105537,4,0.00484800273400687
466,0.11657926605344662,0.0130013166195555,1,0.0018540963570657597
467,0.08903021590667863,0.000584427609491384,0,0.0010283055176049498
468,0.2865515111597946,0.1837559250340656,1,0.0012846920839292874
469,0.2692797162099772,0.1748836387695738,0,0.0009968079311862119
470,0.10084429519958606,0.005390887877240955,1,0.0013593211091454697
471,0.150462413523727,0.026478396361412488,3,0.0038144037177790338
472,0.3259322240482515,0.1749218190117152,3,0.003997076071343231
473,0.21343287235214733,0.11367536026450346,1,0.0013631570105167277
474,0.3030833247361568,0.08108107095804637,10,0.011659089980725006
475,0.2488250977809105,0.06669649392680731,10,0.011689946575905972
476,0.325774627445534,0.2319895471616623,0,0.00085616479200345
477,0.13803724211922083,0.011059145596689269,4,0.004385563712092188
478,0.3499353417541192,0.23581103187553729,1,0.0015077063969732162
479,0.31814293725454146,0.17874845558651203,3,0.003266159197545408
480,0.10836409841433865,0.021886029266578882,0,0.000932723044310026
481,0.18436261101303403,0.043149270328102805,5,0.006204171411447569
482,0.30481836069847196,0.028417736979867513,19,0.02068693067088223
483,0.10879420599171269,0.012123122560505746,1,0.0014170855379775095
484,0.29800623410514565,0.04089683229420195,16,0.01784818587230685
485,0.15006129812320457,0.015876236365007235,5,0.005507335697821876
486,0.15464909809955957,0.029247726046841678,3,0.003974951688325123
487,0.128626889564012,0.021635831358852303,1,0.0020868044015390245
488,0.31475095114593654,0.20872658367483302,1,0.0013222608659196403
489,0.19917889004483236,0.0256322562738416,13,0.014129179409159772
490,0.21228256175128332,0.07131669220268233,5,0.00550246094531175
491,0.2945088841399785,0.0001878852757890518,19,0.03235225222931729
492,0.10461535037489683,0.013654206117263817,1,0.001126564744723517
493,0.2840444745568966,0.040202401613229265,16,0.01837403478712951
494,0.27142134625037023,0.17766689006579936,0,0.0009693915531705914
495,0.292551498462532,0.01860467235664933,19,0.0241450576003634
496,0.18343572985898027,0.005747410086197155,16,0.017419179580237955
497,0.24802228812059735,0.05756171851482248,12,0.013541877762885278
498,0.10955385859255469,0.009921459158344954,1,0.0015962053614916305
499,0.2700857515474386,0.1254358588801564,4,0.004674162054700379
500,0.31038937281172235,0.16704831582914134,3,0.003708282121832266
501,0.21980653424753954,0.09922582118495865,2,0.0028079961674529904
502,0.336360029228771,0.06779284077736616,10,0.01180270172472562
503,0.34169553908778655,0.25636553991312866,0,0.0006132371718312754
504,0.18606545278344752,0.0858271806578378,1,0.0014616581616713872
505,0.3481475156082757,0.07091758915751147,9,0.010845372359920802
506,8.43931398835096e-06,0.5615459218545791,0,-1.213850657111898e-07
507,0.3138443515674646,0.10705141416740305,8,0.009075168397350996
508,0.26105589318073447,0.13571979221614228,2,0.0028559465155640717
509,0.14750600409273676,0.05392901059059834,1,0.0011950053192937536
510,0.22306786062392525,0.07671028392542878,5,0.006128595001485271
511,0.3432171475346711,0.13738114733909895,6,0.0068050029310487295
512,0.2975084165727489,0.1322538776414562,5,0.006147530367663142
513,0.349547682620786,0.2218725450463316,1,0.0021530889635111095
514,0.2867588027950524,0.12503193025140913,5,0.0061806458605243265
515,0.1860889360265555,0.06029045389897663,3,0.003700753147457561
516,0.2808283865574922,0.20035706764022565,0,0.0005785446123520182
517,0.15556278213415195,0.01938635845236656,5,0.005805818794566165
518,0.29161248146581337,0.036487965869603387,17,0.019031531974190243
519,0.3222602050523353,0.05029182287781791,13,0.015024132523702247
520,0.3379383016465183,0.17130550552323814,4,0.0047968673523272765
521,0.17517826874405715,0.09924942525932427,0,0.0005619979545106039
522,0.229218342333308,0.06592727615191336,8,0.00914121484085126
523,0.17136393654166968,0.08151643748078763,0,0.0009969710450284835
524,0.12681562665282467,0.03690399147356721,0,0.0010556528806356575
525,0.2597589315020553,0.08695563900121261,8,0.009107284925779153
526,0.2682680613804397,0.04210536624262675,16,0.01802386032388554
527,0.17000971182333852,0.025502461382254298,6,0.007291011191423138
528,0.2540249996138531,0.16182485681826012,0,0.0009491837873348262
529,0.18133336035736838,0.045728101263598116,4,0.005230147609287811
530,0.34718938899503093,0.24972324870405677,0,0.0009164700828612866
531,0.22960725927807002,0.017602259446031197,19,0.022696209615511533
532,0.14903738219921894,0.03761830477013519,2,0.0023935565253555956
533,0.2656202816781259,0.10698750166273063,6,0.006609805234900684
534,0.09545038515327339,0.00673552170176988,0,0.0010346959645267844
535,0.2261857361770505,0.059305414156001914,9,0.010119505420641465
536,0.2159731390873846,0.004961723130553236,19,0.025769453594523085
537,0.3153110677371333,0.032312792067533486,17,0.019224309728197397
538,0.3431924519916082,0.17371709134452124,4,0.004808206637288771
539,0.20320331014361762,0.04139953139334866,9,0.010289675483285557
540,0.2122490125321742,0.04228517013925158,10,0.011895863010143082
541,0.24669482946944102,0.1532689115167165,0,0.0010080627155561557
542,0.16005944833037317,0.0517469810638168,1,0.0020838890307769845
543,0.27313292312607285,0.13166174069705738,3,0.004254110988722412
544,0.2826328606575573,0.10455207393095715,7,0.00842182826402229
545,0.17480576899679545,0.011229544187144044,11,0.012687996926933238
546,0.08914431105979456,0.005133128822476712,0,0.0008540017359610553
547,0.11968581968670003,0.02371687358534097,1,0.00136107060497673
548,0.22102504591699,0.1094426787723132,1,0.0020559550409334623
549,0.3199500280148597,0.21712991047155844,1,0.0011753131705562506
550,0.3251709408112862,0.15859002758734034,4,0.005223200141670321
551,0.1235304807509834,0.004108147350095017,3,0.0034053923258196912
552,0.17664481667042303,0.07506355800831867,1,0.0015645660275936085
553,0.2945268849090786,0.1691241483578823,2,0.002529790387343302
554,0.319348926923195,0.16037816447262296,4,0.004799155820377662
555,0.3400788203695765,0.1957690442186123,3,0.0032500543307037175
556,0.33375382899877026,0.23928498740955087,0,0.0008591521250782645
557,0.2561294816194398,0.041325933730019845,16,0.017841177109341903
558,0.2265241016354448,0.09587604870608903,3,0.0038028384780292497
559,0.2873054963122772,0.1082033117674361,7,0.008254967722547772
560,0.15235117277792917,0.0631928543223175,0,0.000994176727086842
561,0.3284653677089997,0.183738474693674,3,0.0034820688462306663
562,0.21064831639976717,0.0900264811110609,2,0.0028879457643569625
563,0.20763723513367416,0.017052779612453328,17,0.0191874089144663
564,0.2751370990355957,0.1091126268191325,6,0.007224142497310817
565,0.3337484728883544,0.07591885012603139,10,0.011054559397900615
566,0.21915656847108342,0.06672470679998735,6,0.007372358302526884
567,0.21139791115120327,0.06680988913456906,5,0.006145708327672579
568,0.21288907872524218,0.12105316915518646,0,0.0010105812107829783
569,0.2975632985337637,0.03452388147124559,17,0.019319205633994776
570,0.2690014898140683,0.1396643816516948,2,0.0031193171144487707
571,0.2604385448642778,0.098429009401591,6,0.007327684868779785
572,0.1872082011385426,0.0819358643024913,1,0.0017641237405599565
573,0.22705467424856013,0.028948506135050886,17,0.018544501096533154
574,0.30368072685371483,0.2139382426487537,0,0.000781734246326296
575,0.0963718158847657,0.0034275099886341143,1,0.0012314564413479444
576,0.12298722068534285,0.02798532088564425,1,0.0013039677721461277
577,0.33420079162004696,0.016895740263683654,19,0.023649113629567006
578,0.16948525302170908,0.030065013684187653,5,0.006185439297104236
579,0.30725502044734043,0.09617512898193663,9,0.010076172987113273
580,0.3437216558833631,0.08374961665781062,9,0.009852758975473472
581,0.14317563680957723,0.03971367339345635,1,0.0017779706219263893
582,0.34335006711439314,0.0998441605598064,8,0.00872880343682688
583,0.2643348512566789,0.11824702421550341,4,0.0049832101966577735
584,0.1860624927403995,0.050817369658156995,4,0.005084493641580908
585,0.3359787120154197,0.23768613504354405,0,0.0009704424015200499
586,0.14277133478066514,0.006615350924964569,5,0.006032753447167011
587,0.14183446707794548,0.05588098864920854,0,0.0008831936106268079
588,0.23762916142244653,0.06108173485157732,10,0.011476289245404505
589,0.3144446009905966,0.11182666986992487,7,0.008679651406055826
590,0.2407744629592601,0.0928211150205993,5,0.0058744829332659666
591,0.31118172207225014,0.11200472949709761,7,0.00865030486401624
592,0.25233049579249417,0.014804976572332103,19,0.025389413124614495
593,0.1969368309834637,0.09002004890506213,1,0.0018382071845818278
594,0.08629067315695794,0.0002949499697447541,0,0.0009300825857651017
595,0.1004740320449678,0.012295508498685812,0,0.001007742898349931
596,0.15882099329583532,0.032630901126614466,3,0.004045855221124678
597,0.347149090544857,0.18997214411150534,3,0.00392883004331487
598,0.19060973010467538,0.035039104245089915,8,0.009300493855275456
599,0.2313582904961621,0.13759856200439768,0,0.0010516512698867547
600,0.33978261192990683,0.03532360093554919,16,0.017394773457260905
601,0.11618663093202128,0.023117228072059962,1,0.0012144647232100964
602,0.3242953019185297,0.21340332812904866,1,0.001494210411603898
603,0.266121396083807,0.17348684604141562,0,0.0009410592948168758
604,0.17060838601578993,0.0036847492770648096,13,0.014274156061336068
605,0.15136606022117338,0.042705576807071044,1,0.0021451997162180683
606,0.2854478057939084,0.04512046462102377,15,0.01732338345140423
607,0.08867518532625232,0.00022438893008124169,0,0.0010287942415566629
608,0.2069821697946988,0.05053780729083025,8,0.008747827403695894
609,0.11603451996785834,0.010128419171479469,1,0.0020353075208118005
610,0.22200988449860048,0.12380008754593111,1,0.0012650600292735022
611,0.2958390866626529,0.1486514816964316,4,0.004351985692161316
612,0.3413635559253824,0.24873476791839244,0,0.0007918845156753742
613,0.19279673122089405,0.0025365333521820826,19,0.02161214379097428
614,0.3455094558624072,0.10899385499771483,7,0.008116330505532886
615,0.244010425388327,0.02572819907321862,19,0.021352004527345626
616,0.17872801675175054,0.048788370782402765,4,0.004360149668346924
617,0.3069065818392343,0.11188785560506598,7,0.008607099662441286
618,0.09387877322736479,0.005106166347700412,0,0.001038485345126396
619,0.15208562502635553,0.025203863472895625,3,0.004220768841693968
620,0.2777595969319403,0.1407636514209043,3,0.003711916898681587
621,0.2219924101360995,0.0475896377867078,11,0.012292673564030127
622,0.19604831951775997,0.05603536807915639,5,0.0057078462702977876
623,0.2141613126632333,0.023700963010817012,16,0.018104615060069242
624,0.3499507685508755,0.2530498847855281,0,0.000893042614483722
625,0.14623792391904875,0.06055930813672498,0,0.0008690417949803567
626,0.09958266822448798,0.012541979315424966,0,0.0009618819017224491
627,0.09191458793122352,0.0031637135464149674,0,0.00103915074263997
628,0.16278197929535287,0.046113202953997096,2,0.0028344981677868
629,0.17709383167475753,0.07199771376579285,1,0.0017869879840545385
630,0.3264734911489603,0.04878838356765591,13,0.015091715009740518
631,0.20821038571041955,0.06138908631782739,6,0.006651377785799716
632,0.3308995336253081,0.09281723072021354,8,0.00973722961692289
633,0.2598140694036855,0.0287346806331812,19,0.02119713578189807
634,0.3419431359054061,0.03186539044452203,16,0.018236801408174307
635,0.18964942510705213,0.04942695495241113,5,0.005890549865776621
636,0.240261524463464,0.137391544874398,1,0.0014423014413770465
637,0.23590505712011461,0.11655199525777327,2,0.00256922268219552
638,0.2593415702273508,0.09781483498085616,6,0.007302838884644986
639,0.09122030115357078,0.002103054813721235,0,0.0010556713670362588
640,0.11045222388406843,0.004625734972958017,1,0.0020437146320063625
641,0.3271199784386654,0.08121791187836368,10,0.0108583976564676
642,0.2982050672592778,0.026727239053816774,19,0.021388977393402186
643,0.19601505354322596,0.10086129593893915,1,0.001182061451490315
644,0.15638506136707656,0.024498227991776478,4,0.004986308985201029
645,0.31681709505990785,0.12692960547499307,6,0.007475393319755924
646,0.2542393287137417,0.04650873744963352,15,0.016528818960892297
647,0.21734752445736139,0.10660685580275288,1,0.0020142461470846304
648,0.31650888556802437,0.07707513213269235,10,0.011699883780211497
649,0.13571044991525372,0.01199521452901721,3,0.00390707075712866
650,0.24356329905494079,0.11028352451608597,3,0.0038619605383522298
651,0.2980106622584362,0.15654365840531528,3,0.003776756596677312
652,0.27091178167802166,0.17562204491721534,0,0.0010258611714155643
653,0.279913750670697,0.12151179947663898,5,0.006038605627355555
654,0.11884920315981971,0.0284889315718583,1,0.001084145931289779
655,0.3488970695206035,0.25073800576263705,0,0.0009329929304740183
656,0.20707195971585152,0.059518601760549406,6,0.006828819614519104
657,0.18824878226337127,0.014945527184757133,13,0.01512211083456324
658,0.2774567241809181,0.05812252132817987,13,0.014993368366281004
659,0.16581536290450083,0.06469355086487746,1,0.00156580350689378
660,0.28456405088777625,0.1748126371103288,1,0.0016266880937796057
661,0.2800402682895188,0.14130151393499768,3,0.0038435032282667595
662,0.11966047353133273,0.01964151596157816,1,0.0016021493207989972
663,0.298754402398659,0.058540402780299525,13,0.014654330268037799
664,0.12921960152822834,0.03708796024138695,1,0.0011525853640874059
665,0.23724313755543244,0.10021788820866298,4,0.004418729580938143
666,0.1053750344230083,0.017637668129159303,0,0.0009853453184477388
667,0.3486547053711354,0.16767572244760448,4,0.005272001231203982
668,0.30212261418050096,0.19952609570225424,1,0.001224886906035525
669,0.23980146352291803,0.1025539746451483,4,0.004400248852203451
670,0.3182721933386624,0.21974242253842569,0,0.0010248832132995604
671,0.21477199095892333,0.08209016235784064,3,0.004228205948898135
672,0.19431642080223246,0.015745601216077598,15,0.016455626102543287
673,0.29010826354239405,0.14554871032255937,3,0.004222108120416711
674,0.19148795598251794,0.05741548691232316,4,0.004801691658028666
675,0.11815470512274864,0.006422535622596405,2,0.0025524299489490467
676,0.09257041442604427,0.001609981048946996,1,0.0011383106996968636
677,0.25756989205428044,0.024141117330512454,19,0.022475160700251698
678,0.3198983062748441,0.13067821297368193,6,0.007232554944794361
679,0.18605006527509524,0.009533699132965798,15,0.016618226991064074
680,0.2845177620114134,0.07940075393826729,10,0.011851622337959628
681,0.3433191074292792,0.16823949245897377,4,0.00514639504682866
682,0.10843351917252372,0.08076051648741632,0,5.511896646834211e-05
683,0.15235211473718432,0.05558156451124412,1,0.001348149272264648
684,0.09961184545188964,0.01769407821035074,0,0.0007760447533200787
685,0.3403900650011793,0.2086999331857775,2,0.0024656365777855124
686,0.2774291868274779,0.10811913521622275,6,0.0075552065717205494
687,0.12219991674665533,0.026242022688663217,1,0.0013565698871105876
688,0.1339360491150907,0.009729727904522596,3,0.003994834109663902
689,0.33906702588138604,0.15927063151740176,5,0.005603988160253848
690,0.1688682337397195,0.07605250465365941,1,0.0011258488929800185
691,0.21093820833670934,0.01502236639959762,19,0.02066680860328559
692,0.09628261993116441,0.009122897194906205,0,0.0009692204628980803
693,0.25127961592070447,0.02863827137869323,19,0.0209202401762188
694,0.3095967779610311,0.06141733862654758,12,0.01385670373568466
695,0.11966981766700027,0.012972225362071687,1,0.0020896793589941965
696,0.23392134408857043,0.036959574597635325,15,0.01707408714926225
697,0.26520764301853905,0.049681492732005283,15,0.016346333242668775
698,0.32962702972316116,0.23367039475645068,0,0.0009129318176150771
699,0.2892637225096842,0.10080014902714433,8,0.009264275114642272
700,0.30104719893969095,0.18218136856862688,1,0.002047114441501039
701,0.31275510225128067,0.13031852009681913,6,0.007088631369901747
702,0.2769279994216991,0.09856491620347559,8,0.008833154728396148
703,0.31007215971598673,0.06718264621816526,12,0.013074809222476459
704,0.17489161563160918,0.07086079577276763,1,0.0017232555769157987
705,0.18942273508623725,0.062157168130367854,3,0.0038528595722309095
706,0.31277947462873457,0.17931294858109267,2,0.0029069280118167004
707,0.2650292231369587,0.10745183873305017,5,0.006483668506311244
708,0.25774303277077387,0.1719029288561683,0,0.0007415072721252255
709,0.21043615509331187,0.08404482366511254,3,0.003504876156218371
710,0.3478062795846682,0.22664496895317007,1,0.0018395414827975752
711,0.34310206840132657,0.20201864025066973,2,0.0029972767187335355
712,0.1067633999456071,0.0069314804645922495,1,0.0016140989227108817
713,0.1063179196134956,0.018754648385886363,0,0.0009774543220656992
714,0.31755033641283925,0.07425196855778782,11,0.011958149317195639
715,0.25622124703762444,0.09372221965529735,7,0.007600480294953789
716,0.30459351863883544,0.026793618469049728,19,0.0211669612134453
717,0.2784098913641858,0.11713385067606776,5,0.00645568916421414
718,0.34990018828664343,0.17773017409609848,4,0.004742946500698354
719,0.2251482342003419,0.12945637986525108,1,0.0011443802382573968
720,0.21659220387616063,0.03791924898078044,12,0.014000550807896063
721,0.09711645943475156,0.012904100222467596,0,0.0008562829890643734
722,0.19951000268602212,0.04261948340605668,8,0.009213313275557465
723,0.2613440619669082,0.1452300283660304,1,0.0021403557446852193
724,0.28297768748669494,0.07631313516202752,11,0.012248068174722225
725,0.22643081553237276,0.0990700960613229,3,0.0034306923640180205
726,0.17145150195477232,0.05302071741760995,2,0.0029638838375649996
727,0.14703934391862056,0.026122317060128845,3,0.003434115346419898
728,0.3490254534921176,0.21402192126258263,2,0.0025575325483649745
729,0.21845242953876245,0.11193900549599843,1,0.0017276902450444405
730,0.331150362785591,0.05946559817511385,12,0.013143143743184805
731,0.11712675762731217,0.0035982532624097676,2,0.0027422171476367075
732,0.14307197620303494,0.051003485890931385,1,0.0011310311364271404
733,0.23589588326756503,0.03118667289769963,17,0.018982474304704684
734,0.21292852823342995,0.08272252040967717,3,0.003934422708203532
735,0.26809733419735426,0.11160305591865029,5,0.006220296334879133
736,0.2566805509386485,0.1652230467457461,0,0.0009184509682510799
737,0.33122760245364025,0.11818902543594807,7,0.00805819454308401
738,0.19894927174170546,0.033745730909284836,10,0.011516998083236665
739,0.14245184485393406,0.004471735522020687,5,0.006440010026856112
740,0.22163748777653045,0.11514729806424266,1,0.0017137096639776052
741,0.34838053961091436,0.13576785859254686,6,0.006777980562229436
742,0.09122809539367097,0.0013249567738181586,1,0.001090688626320636
743,0.09153909726016189,0.0008124601122514684,1,0.0011282876753346074
744,0.15936618182621531,0.011769224904101802,7,0.008404985819852629
745,0.3398496914063597,0.22684200500206989,1,0.0015117331895434783
746,0.22699497405491276,0.14052224558975965,0,0.0008016159605328267
747,0.2875310062665963,0.018177357266443164,19,0.024390931225850555
748,0.23481510473308995,0.13086440566876537,1,0.0015179843241777376
749,0.302771347575071,0.160653278546855,3,0.00374643085731739
750,0.124259718132211,0.01696579795069233,1,0.002125406378643691
751,0.10626212954858964,0.0006795580951772728,1,0.0020345716627894273
752,0.12123634097145668,0.03295882456277291,0,0.0009928631520472913
753,0.19592751548077122,0.09874768352107785,1,0.0012778855492711254
754,0.21551675912080082,0.06173463060219641,7,0.007788065642375899
755,0.26202862033201796,0.09028076281971154,8,0.008788917994869205
756,0.3477692910502214,0.16413429705567179,5,0.005449857311605859
757,0.22021688135267084,0.07765955054885157,5,0.00557379302839632
758,0.3187111042686063,0.01998933294118437,19,0.022937379767631452
759,0.21556706664848632,0.08696942350138179,3,0.0037029366829783505
760,0.3052943818568139,0.15450902562737265,4,0.0044654384947704715
761,0.10321099067549849,0.013393872945726889,1,0.0010759820675011074
762,0.26639636580739273,0.053866121674301354,14,0.015546642456184222
763,0.19204965315231093,0.0268204107705359,11,0.012011743146143889
764,0.09868320448029075,0.008288535314920416,1,0.0011063170935373529
765,0.264178812039051,0.07878379086350469,10,0.010911073766969604
766,0.18229589068575208,0.04926078887384355,4,0.004786420829312215
767,0.09263805396343024,0.002864090270742946,1,0.0010836447048622152
768,0.13921935204581512,0.0063034907028843195,5,0.0054278984952238875
769,0.25505338968489355,0.08515208253453321,8,0.008905338298248204
770,0.27540509175765765,0.08895884443683251,9,0.010110063348954805
771,0.25105223604378557,0.07767152243136838,9,0.009794846127417106
772,0.21175623065203197,0.015360415228008836,19,0.02069987857474855
773,0.23369940987449037,0.002566466038561366,19,0.0291358002262232
774,0.3470419512447366,0.2461846938689154,0,0.001022583726999988
775,0.14306837970496214,0.02531474340146174,2,0.0030772492564827684
776,0.22287586455521283,0.0030136816625600457,19,0.02769346229904883
777,0.14994851379704258,0.0379824375624349,2,0.0024397216422876898
778,0.20026214997331773,0.027414977474504824,12,0.013793927878991067
779,0.1622426981451119,0.018917564947671398,6,0.007226620990896263
780,0.1152703323430135,0.005762991114177586,2,0.002349036357425705
781,0.1610596426657476,0.018966898073642203,6,0.006967433030254763
782,0.18073703984796352,0.056559220446100296,3,0.0035518991994245392
783,0.0913703999666589,0.006663000347323577,0,0.0008779757568076367
784,0.12802582193457138,0.0060506379421266816,3,0.003719839666377286
785,0.15000922753012713,0.06501350124653132,0,0.0008414642230581096
786,0.2335729957786002,0.1415267359691464,0,0.0009816737334579942
787,0.11203017242520964,0.023577893937829896,0,0.00100891204281747
788,0.10707605667664113,0.014340419282465917,1,0.001208985113961745
789,0.14797268432472702,0.023834582039674944,3,0.003858844651283807
790,0.3260036106784417,0.0327973795167407,17,0.01865542496154229
791,0.11392740487442961,0.027443731622682627,0,0.000928343133562387
792,0.3263901546659733,0.11123288094304813,7,0.008599941228321452
793,0.15337924833553568,0.046177878506282105,1,0.002021322497892954
794,0.20519599403593874,0.061008546101116626,5,0.006241104121935481
795,0.2514335039397842,0.10838040085052511,4,0.004906741663792552
796,0.32878417283953076,0.04496163213254103,14,0.015710326420679956
797,0.33885193027602484,0.2364921709955071,1,0.0010978836417455283
798,0.13428528476520227,0.008506057588800037,3,0.004232323983474514
799,0.2273668774422178,0.022009502533987257,19,0.020870971624242524
800,0.09018975936514087,1.313939575576812e-06,1,0.0011045790717764384
801,0.24454668858138,0.03555339392253383,17,0.018567208831834714
802,0.266714114747808,0.15805283743246576,1,0.0016498833585209469
803,0.28537169840363424,0.16129057580410736,2,0.002520581180472084
804,0.32457418139696387,0.04563701182339928,14,0.015775388022940692
805,0.33966150153066577,0.23883039879808515,0,0.0010432335880248493
806,0.1086871838587186,0.0017976418163850568,1,0.002136837432941837
807,0.3101606918022885,0.13776182295884723,5,0.00631479320919518
808,0.1838739528174127,0.013459445260941626,13,0.014459101741194283
809,0.2785797130263022,0.16425407756677296,1,0.0019175466179120353
810,0.21842526859806213,0.02313227580204584,17,0.019094433519028668
811,0.15274077185133708,0.04677825545421296,1,0.0019293665345504285
812,0.10905428366671222,0.020412804888518314,0,0.0010196086634219567
813,0.3409502711288423,0.07289300750989915,10,0.011003256476999854
814,0.1648144010961572,0.07030066670701487,1,0.0012111662713086635
815,0.1581585538756841,0.0015230451117360932,10,0.011258133308823899
816,0.13387558001354752,0.0029374254027993837,4,0.005123226143547528
817,0.28497045027042484,0.11280197023565361,6,0.007529256931344709
818,0.11463640558132301,0.021254965413716662,1,0.0012320010077820367
819,0.10625247242343455,0.02030891884339289,0,0.0009138574324359323
820,0.1596904228769848,0.03967134940933312,2,0.0032284108930252316
821,0.22430093051600022,0.05228907993443923,10,0.011486831386099005
822,0.18497104986670318,0.00745464149892245,15,0.0171588816585216
823,0.20995010397124772,0.023701944827244144,15,0.017248406702838306
824,0.23571247755982153,0.09072951699270897,5,0.005561908003832249
825,0.18871952833312908,0.0747193661293762,2,0.0024239618790429353
826,0.33385514821284934,0.21205870861885548,1,0.001973193111328124
827,0.20751183135410098,0.06511237915277475,5,0.005859230376504843
828,0.3444908109633109,0.039646072904936124,14,0.01612020769821377
829,0.19177311503279368,0.08283904620567735,1,0.0020017254787999413
830,0.26733271459453506,0.05710501688244646,13,0.014957763963873685
831,0.16186544221405375,0.026820702631278392,5,0.0054736265970117375
832,0.3300717456512079,0.23024621136623064,0,0.001036845771650596
833,0.2706127762168944,0.1729631217163682,1,0.001117015582734568
834,0.20141070363210503,0.023372002092443715,14,0.015438843417801983
835,0.11333936548572617,0.017545129219542564,1,0.0013609437291821904
836,0.2923502492145281,0.16792103629803987,2,0.0024812208888748966
837,0.32640074598454866,0.1651741167173929,4,0.004768327985332118
838,0.22268158520798162,0.02389967693962577,17,0.01954125272647556
839,0.09109885497639279,0.002039898943532196,0,0.0010532159096361773
840,0.25241212260400664,0.038078839285581915,16,0.018444564468612153
841,0.3133294520517838,0.06027426665401449,12,0.013863976700554986
842,0.23107349521137288,0.10513658191782804,2,0.0032278851316503666
843,0.13279755809373087,0.01286082486242434,3,0.0034111127340570595
844,0.19169191630697505,0.07147084818010209,2,0.003002008449628922
845,0.25518041232841393,0.06906891792650563,10,0.011881064315895204
846,0.29626325512331975,0.2027304805621739,0,0.0009101386865360716
847,0.20280273665481482,0.09298675268682488,1,0.002017055362066959
848,0.3028551427814437,0.03314571197321124,17,0.01948180935083038
849,0.2705239722207445,0.06041043016148734,13,0.014457911200199236
850,0.14626058909649892,0.030864364166923,2,0.0027978131757507847
851,0.22454356302653153,0.13108403616987388,0,0.001053159767612365
852,0.09947397635297082,0.007613569310802169,1,0.0011744913468414002
853,0.15723511983270955,0.07127646114066451,0,0.0008679022238673486
854,0.33997898856279696,0.2379363439605282,1,0.001083390488067355
855,0.29189478245713346,0.08822422904287248,10,0.010859569923207123
856,0.34055850312525615,0.22193525906525435,1,0.0017659891176555727
857,0.30838100939835084,0.20934943275076695,0,0.0010692692887642476
858,0.10085509916784909,0.001978883724773754,1,0.0015626084497519163
859,0.2525647675875991,0.1590541061109109,0,0.0009993846073707057
860,0.2794978838426355,0.08955314841999451,9,0.010263066589961428
861,0.26628944416710604,0.023570022884210756,19,0.022794310806530726
862,0.27245213422345577,0.15391213635924142,2,0.0022314864901928438
863,0.1350470308275853,0.0030211139468886003,4,0.005314494765029467
864,0.3197048654510941,0.07182310896606083,11,0.012135127632205256
865,0.34195297672040537,0.15996958533382677,5,0.0056101841787983536
866,0.12707237364814025,0.01839500658308815,2,0.0022344528283369408
867,0.32153320582976364,0.060169753078109296,12,0.013510312336018352
868,0.3246765353833739,0.08482992405403231,9,0.010637436976902065
869,0.12812356008122877,0.0036453253658046236,3,0.004086809696345257
870,0.3492960471075839,0.03972625959511959,14,0.015880348322874053
871,0.2347480575952622,0.05140999539144496,12,0.01335498550140517
872,0.2946444778835988,0.1099017494847235,7,0.008437521456919934
873,0.17420035440358453,0.00189577070206811,14,0.016161745396921192
874,0.2361124381703834,0.09326403269416689,4,0.005236083544628388
875,0.26548772162901857,0.1684741663836204,1,0.0011046387280302737
876,0.2593680614871466,0.12740336281736886,3,0.0034926668017122853
877,0.2847175561312465,0.02998804644488977,19,0.02082613869561256
878,0.20948487875901278,0.10209846616464337,1,0.0018195418287757117
879,0.21715498409642386,0.08389480783168232,3,0.004268035378812896
880,0.09427214861935024,0.0060322991577449105,0,0.0010154169468149347
881,0.2893131898783103,0.0706743722276629,12,0.01308682118119728
882,0.10863866214120425,0.002824077570657213,1,0.0020474416980640077
883,0.23322601746930405,0.1263324652366337,1,0.0016917324692454644
884,0.2639465520066713,0.13414105554557723,2,0.0032239922155765555
885,0.34627145250017055,0.042279063647296576,14,0.015441598953225433
886,0.2490026753999765,0.05305826519014416,13,0.014639392528304204
887,0.19856423793141584,0.041325173179423094,8,0.009348409372493727
888,0.13338615078221863,0.0025742078945257935,4,0.005105929266429414
889,0.10590564372328834,0.0157764107510261,1,0.0010873122899673238
890,0.1185169461851557,0.0321397637385598,0,0.0009203450510381517
891,0.19041967754666597,0.08697095742254296,1,0.0016372304699356585
892,0.1920794628730514,0.04789286428255638,6,0.00659960667072174
893,0.18174966305607487,0.046743289872496534,4,0.0051202401951342446
894,0.28826291924814706,0.14148911432734865,4,0.004485196910910202
895,0.336454360375225,0.23202177509593633,1,0.001180185639140195
896,0.185200404441704,0.015633694329865756,12,0.014026554617412838
897,0.2921643854998353,0.19018733820496492,1,0.001231568292598744
898,0.23972952353414798,0.050689896255249195,13,0.0141939709105025
899,0.15882925663847938,0.056079965814185485,1,0.0016869212047406607
900,0.31319257915957865,0.12276056490045034,7,0.00775361664632324
901,0.2516312693702373,0.040518937674711195,16,0.01778949739629759
902,0.2566609887658458,0.05879321296110099,12,0.01404679065345694
903,0.11015551864217817,0.023324047861359824,0,0.0009450292231667786
904,0.29215221327597984,0.06577510184725538,12,0.013746153653337341
905,0.34513422967308216,0.21632971729677514,2,0.0022545264549661864
906,0.19581802003407459,0.07537074367776164,2,0.002992323441247153
907,0.3359657681837441,0.18614248919813636,3,0.0036953929738214727
908,0.3030279370412118,0.0875038368170409,10,0.010972256490568077
909,0.23627468341325272,0.025808383061336544,19,0.020667886267742044
910,0.2784598594486347,0.07861702697001113,10,0.011785177075803299
911,0.1542498882935928,0.020166331285794013,5,0.005419830138573329
912,0.23483980609487082,0.14369970889055153,0,0.0009462922415433243
913,0.1905529097064834,0.04666481753430262,6,0.006581022002520492
914,0.15239581637821428,0.0005345448523952775,9,0.009931176136467473
915,0.30444493153605207,0.07578980846327596,11,0.012223719155140273
916,0.21818554835786363,0.018029422151071638,19,0.02088242193318689
917,0.32062539143093227,0.2227743971902205,0,0.0009957267299655586
918,0.2536051073866993,0.055686934383245054,13,0.014459233088772633
919,0.34044196847576225,0.19252651131292128,3,0.003478711352629263
920,0.11102273449580641,0.01821611059140052,1,0.0012078321069216654
921,0.320755371730001,0.0653159163821077,11,0.01286124634461494
922,0.32955464863185985,0.1127477241111419,7,0.00843191087524312
923,0.20620846079882577,0.07801899690200739,3,0.003769346496272954
924,0.33424117552636484,0.13833069421552574,6,0.006825483433945474
925,0.3315079021864537,0.23306737999268912,0,0.000986896087020774
926,0.2850368723645367,0.07769975445186446,11,0.012094448556719605
927,0.336136031038173,0.16556133877332016,4,0.005123424746826218
928,0.14979294544535673,0.030673170055677462,2,0.003193160430117585
929,0.14416469865525644,0.02884356746343124,2,0.002801353773023895
930,0.2619482820409559,0.07546495094789918,10,0.011303648416918005
931,0.25489881922783086,0.08024498949056402,8,0.009758985904733904
932,0.3140798683042414,0.18066488933877384,2,0.002886666705085183
933,0.16351817722785525,0.016050410579221918,7,0.008231154219196046
934,0.2830445839118005,0.085545657775727,10,0.010973181066487382
935,0.17310299393409073,0.03702684818646749,5,0.005464093590449626
936,0.1334587706533432,0.011652661917067198,3,0.003655199601458351
937,0.3349760906302679,0.1919452638187813,3,0.0032513964024821333
938,0.09455003261118632,0.003120898974936383,1,0.001158686928076751
939,0.3286962431795937,0.1997103781800172,2,0.0024276566632017494
940,0.34431314613758235,0.19839597616235186,3,0.003279758622650231
941,0.1727395208444617,0.08836982077358851,0,0.0007981421294443143
942,0.2850423450685876,0.04305910463118989,16,0.017748928422584506
943,0.2347175259714384,0.039171790763982,15,0.016555807511570007
944,0.20158453087228123,0.09890797081706947,1,0.0015560777005198644
945,0.0981194010231306,0.009742135801360872,0,0.001018076727067172
946,0.1947843080181975,0.10162239273443402,1,0.0010966196354241233
947,0.34951067192833,0.24903942684907782,0,0.0010030702477108345
948,0.3024281947762262,0.1276055582295213,6,0.00691912654902342
949,0.3252116559912015,0.0016921058497319855,19,0.03138671752050219
950,0.17581533617418307,0.0016088065880946372,15,0.016809580042415916
951,0.3177802169785075,0.06675345871011655,11,0.012814617328919453
952,0.22290972899621492,0.13346974597258207,0,0.000905650504113439
953,0.31968777274438914,0.09490764556429915,9,0.009964833135680144
954,0.10870517308829691,0.017693784175836037,1,0.0011246213016850967
955,0.23079804618073904,0.12902574994520388,1,0.0014160000875459975
956,0.3067434660241698,0.05166516028750207,14,0.015471804688724373
957,0.3171924317477931,0.18225734218859876,2,0.002954696553655009
958,0.13265765321067058,0.021701963157223857,2,0.002419889273550108
959,0.3283515626585717,0.229058096280767,0,0.0010236310063853047
960,0.11405785938029346,0.03414395389303218,0,0.0007051523027816771
961,0.23674717428507502,0.04227049270464179,14,0.01596902967107066
962,0.14762708980114178,0.04794577248737719,1,0.001522638124031542
963,0.2927382522619899,0.1374009905543801,4,0.005260450154990044
964,0.28950573103471655,0.13227029949101807,5,0.0055695009198404285
965,0.11573487729422971,0.0008461818184164359,2,0.002897786812311355
966,0.1723615688905556,0.05492663252112814,2,0.0028524716216932395
967,0.1444138275197897,0.03106790638616344,2,0.0025978923837046033
968,0.24756652392729914,0.11808006398065901,3,0.0033981876184138037
969,0.11115310786671105,0.021129354071805245,1,0.0010773437814975253
970,0.13995688933651237,0.017510644220146088,3,0.0036920683585745123
971,0.20699896716302535,0.05100507436864614,7,0.008641843975664799
972,0.2380870700326475,0.09912990080712165,4,0.004654088827186467
973,0.2154588922591386,0.07193046199345836,5,0.005853494674870406
974,0.3222300474228944,0.22213814662701184,0,0.00106830844147226
975,0.31664051297580637,0.20504863516400168,1,0.0015638288600009688
976,0.15497450570389892,0.0422110290500869,2,0.0024903299590114674
977,0.16214715209923938,0.05297504957351649,1,0.0021445880488380684
978,0.32582528926256515,0.16039253261843847,4,0.005111566126150588
979,0.11646892345204163,0.01668090624722985,1,0.0015934804510199612
980,0.12968548707353433,0.03459212097667551,1,0.001298623461013879
981,0.2966203784282576,0.07256783575943873,11,0.01276942954622274
982,0.18836099669733278,0.03092771792604545,9,0.00991816654494004
983,0.3316785850868354,0.15145222121943508,5,0.005959107291642215
984,0.18411515416093843,0.09898119527004563,0,0.0008109930607129709
985,0.3387989871533352,0.23856736952803395,0,0.0010257714150237705
986,0.2168354698531371,0.10922137976730337,1,0.0018041129918077515
987,0.3489133800814734,0.23136456258657503,1,0.0016634420780220472
988,0.09355781851459456,0.004077951772201721,0,0.0010697139112052893
989,0.093180667796318,0.00028514267468422933,1,0.0012323788495237635
990,0.33575303481162694,0.2128902436930267,1,0.0020152735109533015
991,0.27098315974311005,0.0269560644129819,19,0.021815221272871617
992,0.10641560146601929,0.010063875329372432,1,0.00140226640547145
993,0.18106671494379242,0.011998554425461216,13,0.014206556084548256
994,0.09937922026076096,0.009498894496569314,1,0.00108238859035962
995,0.08824642184130344,2.652764835387227e-05,0,0.0010192679988635669
996,0.3127528235358792,0.1265124514026263,6,0.007420605835195131
997,0.2887808705253165,0.11210417909792077,7,0.00786926252600641
998,0.3200774239254494,0.07396335947238959,10,0.011884580858248141
999,0.23483151287897178,0.10509365595440909,3,0.003587974182471266
1000,0.28056142740384626,0.17819267860283003,1,0.001285751968277721
1001,0.3429736279581887,0.21619642411241913,2,0.0021647003659052
1002,0.3156986931343941,0.12033462017317538,7,0.007993399564576033
1003,0.1352169318034216,0.02693075571364543,2,0.002172789736694816
1004,0.13740433275902583,0.04705497012477264,0,0.001062137366463299
1005,0.34874562059194436,0.21916129944007498,2,0.002261693412496616
1006,0.2740653369898564,0.17732036760186715,1,0.0010731441195611898
1007,0.3269171346574649,0.15564832255361497,5,0.005517671120867367
1008,0.3242235124487569,0.18873980074752503,2,0.0028994256644149876
1009,0.19156294941405289,0.007594001733530191,17,0.01901081343150406
1010,0.26483980412508845,0.14101909283675587,2,0.0026919808819695795
1011,0.28818627957568743,0.1381988731819274,4,0.004821643983691629
1012,0.26399165645324846,0.07390041357906571,10,0.011740805779025722
1013,0.16462949643681896,0.021691950391699983,6,0.00707165436649776
1014,0.30141964401323723,0.030906268379570133,18,0.02011567394228387
1015,0.2735052615259803,0.11613247802921728,5,0.0061410738129943675
1016,0.25302401772707905,0.04050360997165914,16,0.017876544976211103
1017,0.3069729622532682,0.016500751193176445,19,0.02457880210903401
1018,0.23028189416658626,0.03545262705505785,15,0.01702302460664388
1019,0.09882237269487484,0.004734917011968106,1,0.001287834792735268
1020,0.12510736131820022,0.014788303836927271,2,0.0023896208465939562
1021,0.12174714200755006,0.01708140892185263,1,0.0019228276820379747
1022,0.14707668123017653,0.033631141128575154,2,0.002594670119923727
1023,0.10811980480006622,0.019970123622539585,0,0.0009999134965391829
1024,0.2777283086096719,0.09493942904485264,8,0.009399862690393723
1025,0.3373672479466674,0.23556277961296002,1,0.0010832211446251715
1026,0.28692802266955814,0.14803343867267096,3,0.0037387310154979453
1027,0.29179184477447007,0.14950535441127355,3,0.003968960201361647
1028,0.24342920509472088,0.1066195540313204,3,0.004280293458433196
1029,0.34087088114998676,0.11740549336465918,7,0.007849903988605402
1030,0.1230815179956966,0.0046639757151470465,3,0.0032795977769482084
1031,0.3359872296077486,0.22432621501984243,1,0.0014722474353493112
1032,0.2834118583315097,0.11005961657091444,7,0.0077640562593373815
1033,0.11651887385593764,0.021821602786772573,1,0.0012972102410126237
1034,0.3440650193541682,0.1433158558147489,5,0.006504530250200563
1035,0.2523281911326689,0.09974497210610378,5,0.00621340439870642
1036,0.16396357069031306,0.03237064035236083,4,0.004826574189986039
1037,0.09368789100435004,0.0024946309171401094,1,0.001148271276824078
1038,0.11255215477699416,0.022536958081668935,1,0.0010755317765846523
1039,0.11093533421314376,0.02092093935252617,1,0.001077150451921221
1040,0.3073876974913872,0.12296486127381967,6,0.00758232696793072
1041,0.33883127571253707,0.018750104957087354,19,0.02275790657346304
1042,0.2666374754883058,0.09196544658803198,8,0.008964761003099477
1043,0.3271349207787145,0.1724652214861102,3,0.004246196196187153
1044,0.22247406142079615,0.011000892340600865,19,0.024257002252926766
1045,0.18721930965590694,0.020015417005765826,11,0.013023931770055067
1046,0.2758912144222052,0.13958387152666568,3,0.0036752935357819935
1047,0.16776602918114078,0.04573230256033382,3,0.003406231808818638
1048,0.08985248778833888,0.002075962402670166,0,0.0009993992813834619
1049,0.28968990015987045,0.12125609098881825,6,0.006841816167181802
1050,0.0940963502318571,0.004452652238038834,1,0.0010765428780470504
1051,0.16818613799366766,0.018100653600658764,8,0.008772168080384564
1052,0.22439277915887346,0.08332929109697806,4,0.005242486370780994
1053,0.2616493037613387,0.06092120125223385,12,0.013960705662131664
1054,0.2534613998172762,0.09505651610188046,6,0.007067735125063127
1055,0.3415182793433235,0.012774373110522829,19,0.02524080385903448
1056,0.33149963779212127,0.22915832385078658,1,0.0011204258477476076
1057,0.21862309710533098,0.09233044232521954,3,0.0034024209054343115
1058,0.29144814684928533,0.18527218872424414,1,0.0014194578418562055
1059,0.26492243641588326,0.049765471764107366,15,0.016320128868111072
1060,0.3285924248088973,0.13325731222126275,6,0.007134948934561814
1061,0.27326540566773005,0.10887223121144135,6,0.007088694691467007
1062,0.1514541313121252,0.01482397032923492,5,0.005974332200971527
1063,0.2622768644032213,0.10366933619594776,6,0.006738992404557085
1064,0.32443972210596134,0.0801026962476677,10,0.011078592171682312
1065,0.1858039563947304,0.005184312362948828,16,0.01837810769338746
1066,0.346756679204324,0.2234253744160627,1,0.0019540467318198158
1067,0.336890258248002,0.23902537360647844,0,0.0009545575209472091
1068,0.2103114661128769,0.07752223737243885,3,0.004311348513647913
1069,0.3446046136324613,0.20493694606366242,2,0.0028884813835985605
1070,0.13135432605554917,0.0019811064427124707,4,0.004867407424384892
1071,0.23223634126862283,0.1226329014311022,1,0.0018651246006169242
1072,0.3212903008388516,0.2254517140628461,0,0.0009286787322790284
1073,0.2715742706892474,0.12265991678635182,4,0.005140864577762137
1074,0.19975777829034466,0.03233654464609143,11,0.012121410871637008
1075,0.19705863268411314,0.0020091255866333977,19,0.023016952601772066
1076,0.15926401749811694,0.02321134498809143,5,0.005713677887260374
1077,0.14585580814691507,0.04543430249826911,1,0.0015717244427670602
1078,0.1359433430097359,0.0436141992347044,1,0.0011528721115673338
1079,0.3404871826553867,0.03740300759304988,15,0.016839842598360456
1080,0.09583526495768338,0.017400418752190006,0,0.000671313747940791
1081,0.25336422029610944,0.1596646571245243,0,0.0010047514386990204
1082,0.24646176030506173,0.12546096035108312,2,0.002622501215663348
1083,0.22213355683145128,0.12022167924088395,1,0.001450013479891271
1084,0.31654453159111384,0.13999293339458366,5,0.006386327036273628
1085,0.09917965619760251,0.00852277212742147,1,0.0011178928524220545
1086,0.3055523316028061,0.135966141323111,5,0.006251495585844659
1087,0.21582606834100979,0.02412778070281612,16,0.018274982025248406
1088,0.23903300244388037,0.08406755362179297,6,0.007077582014184825
1089,0.16221712291199572,0.03225236180791369,4,0.004582914093628111
1090,0.3406770056395406,0.24232546706880553,0,0.0009600957660728973
1091,0.20432913584530002,0.10566513402171268,1,0.0013315241309646215
1092,0.34448733998769565,0.032274081297317014,16,0.018013428463152157
1093,0.17171452536360063,0.01553087829406078,9,0.01040412105555643
1094,0.23333851426619803,0.07749692895661799,6,0.0074625106118108245
1095,0.2988469403300282,0.12007273040737303,6,0.00752242719128739
1096,0.2887666611934465,0.03585368089004802,17,0.01925661295311966
1097,0.12348564439374919,0.031933707410052914,1,0.0011328128008502693
1098,0.27599687133368656,0.021840353613717348,19,0.02332323016339305
1099,0.17601397466050234,0.06864089038159864,1,0.001951141603438025
1100,0.08977572987792504,0.0007213952236490982,0,0.001054088694721855
1101,0.33496788338217204,0.23287812227439664,1,0.0011005920662760455
1102,0.3443218083627231,0.11781872095357616,7,0.007714339275023217
1103,0.22408051030075277,0.07338787918269651,6,0.006863858293799329
1104,0.23086614555741305,0.044401439259817155,13,0.014599773479042242
1105,0.1199699211556828,0.0023817081956171195,2,0.003194372192889117
1106,0.27132908307159953,0.06826725260094409,12,0.01313054444620501
1107,0.2763748631073185,0.17641095698736636,1,0.0011955805321970183
1108,0.25777796667594965,0.0766292835501879,9,0.0107152272090836
1109,0.22695262110853331,0.07873318757541516,5,0.006331524335406622
1110,0.17948557080806662,0.06582777324061506,2,0.0024452076237126844
1111,0.30069162249792053,0.09314619859645136,9,0.010389979517247858
1112,0.32373875036813565,0.1669824445968599,4,0.0044959044720084855
1113,0.28358407371646854,0.13916514353609316,4,0.004347751953644039
1114,0.3072570005799124,0.09899264951253504,9,0.009810812050916084
1115,0.1657433229189059,0.02464983274603334,6,0.006626616850932244
1116,0.1546206006454776,0.05436349861757715,1,0.0015412454922586365
1117,0.33283875069987556,0.12556275009879428,6,0.0075904002373520475
1118,0.09685350700796982,0.00768890667305186,0,0.0010529912056584706
1119,0.20032473530701841,0.06655896680409085,4,0.004609105858028169
1120,0.262295207688557,0.09676944916674513,7,0.007782437421511973
1121,0.1795924589898964,0.06969296538106762,1,0.0021286321788536715
1122,0.33199536696603615,0.03537387942169297,16,0.017725328788528064
1123,0.3367665117632945,0.18173974000878873,3,0.004036510792695166
1124,0.1933903469596759,0.004608474527699108,19,0.02083279144624826
1125,0.13222373768239606,0.008157287039070038,3,0.0039889042542055365
1126,0.34075465504771457,0.0874899456899295,8,0.00969925841858026
1127,0.2046989901520455,0.029766611801121723,12,0.014048368847357436
1128,0.09279534923108386,0.004271560803520892,0,0.0010286748072878536
1129,0.11137455332554329,0.01702028849922317,1,0.0012861688222321483
1130,0.13814093816629883,0.03238186640358834,1,0.001960051892830854
1131,0.3284671968768684,0.1979636540696914,2,0.002523569200948552
1132,0.3032006151290869,0.07715263484553722,11,0.01209650232602052
1133,0.2991788541094896,0.1113139008035435,7,0.008463048816250868
1134,0.3335465300420893,0.2323915166949715,1,0.0010723238194294618
1135,0.2867255776282644,0.053690039420281,14,0.015715841307807975
1136,0.33904592574778714,0.20209845895616105,2,0.0027979853928928157
1137,0.10081415575924393,0.009490823820650822,1,0.0011474195872729505
1138,0.34896740961507333,0.12294598901439735,6,0.007314919221781357
1139,0.2882792859576177,0.16795371738404308,2,0.0022340210017259615
1140,0.2849462539816819,0.15359447190145464,2,0.0030968669359363985
1141,0.28819895156723485,0.1051719078684419,7,0.008678672168724958
1142,0.1170703849897648,0.027721557580382708,0,0.001041880587739664
1143,0.2168567557915829,0.11666562220132297,1,0.001375859087683649
1144,0.32466134721010714,0.10301249007537666,8,0.009210292952602785
1145,0.17126024138163837,0.0407154769944008,4,0.004553823151405443
1146,0.12753102810211905,0.03111480987734331,1,0.0013732166374804302
1147,0.23794977882670998,0.03539926384721726,16,0.017987231858078004
1148,0.3479269576811625,0.06475474065339706,10,0.011580967819257207
1149,0.1658838270185168,0.026257122007478116,5,0.006307890151731917
1150,0.16889168671214713,0.0826058193146443,0,0.0008668610492498387
1151,0.17588544809956966,0.05177101328965909,3,0.0035913208305950045
1152,0.24036391288551365,0.15075147532607083,0,0.0008838832944229671
1153,0.12300185541146469,0.013202450416412258,2,0.002349203038470549
1154,0.2291367219957487,0.08292421308011164,5,0.0059323831324977145
1155,0.2693238486098026,0.13836878212574302,3,0.0032623099270293896
1156,0.18361973587011543,0.08664431488970824,1,0.001294955884707654
1157,0.1259412591439167,0.0094322145906103,2,0.0030323787228632095
1158,0.30219893612196647,0.032749611519415925,18,0.019606137162510237
1159,0.16258634711861067,0.009370518951251083,9,0.00991730296507861
1160,0.2949859697966402,0.19171904837227147,1,0.0012766324328603237
1161,0.31729489407080413,0.07584958648458318,10,0.011797757344385337
1162,0.29347148097359316,0.1486615146453888,3,0.0041752282534167524
1163,0.3069217191144436,0.15652579440878153,4,0.004390283844868964
1164,0.253114364760099,0.0342408098917906,17,0.019470516751574813
1165,0.3117802447388559,0.11225417357820772,7,0.008633235589616565
1166,0.3206851096574581,0.033309878003118396,17,0.018742546122590843
1167,0.3128632444843223,0.1759353063269025,2,0.0031612270620779196
1168,0.29400104032548785,0.09138943620044655,9,0.010520527526376954
1169,0.3053950186373579,0.04893503107780046,14,0.016001902813931605
1170,0.20979655617572515,0.07716407309480114,3,0.00429788703156804
1171,0.3315726692158407,0.22671249727511886,1,0.0012134035103612548
1172,0.0889779887441818,0.00103239033002717,0,0.0010071289075195338
1173,0.12603305262882974,0.018665237065112382,1,0.0021260447281218004
1174,0.11892903117650645,0.007799931984544756,2,0.0024899915880771213
1175,0.27894502854109443,0.11290070870543098,6,0.007047477745189829
1176,0.24353902870607524,0.09512705059329689,5,0.005863332319458037
1177,0.23601779162789566,0.09994146480114964,3,0.00431995553189468
1178,0.2567155966203943,0.13442557086598908,2,0.0026410056477624605
1179,0.1942782462573218,0.10259268324317114,0,0.0010361530449051035
1180,0.14399533677754517,0.04892413551416156,1,0.0012744549090074238
1181,0.24699840990234556,0.1368834350752455,1,0.0018272884114821151
1182,0.2742532512726458,0.03992428306374533,17,0.01854079722271697
1183,0.16956066045818344,0.06291479534312198,1,0.0019219278916049532
1184,0.2924556345294613,0.06262923865899395,13,0.014195855883429141
1185,0.347134447719725,0.08865776650096742,8,0.00930015697152036
1186,0.2899372380813286,0.15734823707792828,2,0.0031357750043963
1187,0.18243582176824977,0.05636519758591752,3,0.0037753993163371614
1188,0.1060743428535664,0.015835103229864186,1,0.0010920888880816926
1189,0.3381499926580978,0.23315281941848065,1,0.001195145086036701
1190,0.26698278643781076,0.17604958915639632,0,0.0008823137789082321
1191,0.28331457440776375,0.05693537108680849,13,0.015201558010108614
1192,0.337029244316928,0.12515249259098388,6,0.007542195516831886
1193,0.26225394007161906,0.16258194368247345,1,0.0012235028220266462
1194,0.19685908467485125,0.04728820283826987,6,0.007590985282175693
1195,0.1696886357630339,0.0039417364060138765,12,0.013884551189595664
1196,0.32668156341098986,0.09709811635695445,8,0.009578074418376813
1197,0.3321701181044665,0.23164006916123286,0,0.001054867366418596
1198,0.2699527319220633,0.16321504962332403,1,0.0015331325355662088
1199,0.3200837101339248,0.0366859642247263,16,0.01792113608302455
1200,0.10618430215582916,0.01653535208832503,0,0.001065705002812396
1201,0.2683550698525391,0.11710994325266372,5,0.005521359274440033
1202,0.23775553056612111,0.11174528544045033,2,0.0031629543224891655
1203,0.33297071918149457,0.23349435075652825,0,0.001017045664256037
1204,0.29088144021146595,0.1761768512035739,1,0.0018672365076166965
1205,0.22752868989401398,0.10415397139381966,2,0.0030072278324120866
1206,0.3065013422096894,0.0854096859297011,10,0.011140112715176339
1207,0.3330691701349419,0.1984018263794825,2,0.002731888874017556
1208,0.14128509669520117,0.001961440421090721,6,0.006775585709733407
1209,0.3446194759663897,0.24621768852754475,0,0.000951423704910891
1210,0.2912460175501057,0.08571869582516947,10,0.011153492931018865
1211,0.21031386255649048,0.023365067091633572,16,0.017443598253546397
1212,0.18065330301174953,0.03903130361992858,5,0.006376293696477028
1213,0.31403511172910403,0.08777859193224741,9,0.0107383296944894
1214,0.2116577044378465,0.1190828203420399,0,0.0010419507895546546
1215,0.14761224058414738,0.022590335405239692,3,0.003989169188729319
1216,0.17448177395521497,0.0827291872081998,0,0.001070688101078709
1217,0.2730390142416643,0.126449083182174,4,0.0048284232203004524
1218,0.3035488207689773,0.09772274753204757,9,0.009931946704413597
1219,0.13841641535543017,0.03845058032929845,1,0.0015601436684538094
1220,0.3019126201126101,0.06339503022614788,12,0.013854216111937854
1221,0.10401274462030041,0.014160089860104261,1,0.001076798652393419
1222,0.17522462100189795,0.08661258002072611,0,0.000943891693626126
1223,0.25885673894409755,0.02707561919642685,19,0.021643390341866794
1224,0.2745645904157588,0.14953374343710935,2,0.002695698185203328
1225,0.10370563741127473,0.010552912298015782,1,0.0012337872162752116
1226,0.19001195354799863,0.014617292366891466,14,0.015730817895151163
1227,0.16900098424843704,0.013505943322740799,9,0.010325416336256839
1228,0.11708887753576708,5.488032547237105e-05,2,0.0031422770583251157
1229,0.23251927753592422,0.04809092316964479,12,0.013873047688420459
1230,0.3210577785213741,0.21050898592720704,1,0.0014939415894733756
1231,0.300497534566123,0.18754359521250522,1,0.0017158421861966392
1232,0.2692887555014686,0.09965498686508464,7,0.008036480214339689
1233,0.3019310342759475,0.08240341611278336,10,0.01153158708271789
1234,0.29606782542394644,0.18569957487384653,1,0.0016040062804113706
1235,0.3455132037994143,0.2412202929740571,1,0.0011439521937609946
1236,0.24086851164500697,0.04176092901264851,15,0.016574630782879848
1237,0.14105999916266435,0.06088907343983719,0,0.000695678665203402
1238,0.26020728081578315,0.12316835299886357,3,0.004012291296754844
1239,0.23541015902443854,0.08042790785740533,6,0.007222668264369182
1240,0.2579946146358795,0.04132665205429667,16,0.017924571753665044
1241,0.171071447635807,0.001033904026062782,14,0.015509680783542675
1242,0.277415098564026,0.17392480542802904,1,0.0013467172421870934
1243,0.2734939206967805,0.05791310544544029,13,0.014975931368367999
1244,0.22570100505237436,0.0982826795601316,3,0.0034455178166096657
1245,0.22811252967538875,0.08872810920588084,4,0.00491505666537839
1246,0.13763371656049928,0.013007096602982451,3,0.004024424381647353
1247,0.24544793257963302,0.06575834439342625,10,0.011487082618714345
1248,0.3385067472049053,0.1405501190657756,6,0.006688313007646878
1249,0.21300381806473037,0.044985137463373556,10,0.011308651125644846
1250,0.30821940427551875,0.05386280727423839,13,0.015048078112162478
1251,0.23950982374764945,0.13221812090520435,1,0.0016895048778995114
1252,0.27668838927283557,0.06524836858578628,12,0.013793214661825032
1253,0.11728574317275027,0.011532388544920695,1,0.0020196336067798597
1254,0.2886747730608549,0.07112382675415997,11,0.013025995489180596
1255,0.32792241377381565,0.0944622128300573,8,0.009729865150662653
1256,0.2328208394748266,0.03418831017088543,16,0.017732376267657106
1257,0.3129945175081975,0.12012976053162629,7,0.007974259158649162
1258,0.22387240977979647,0.07920454776609981,5,0.005823896836376121
1259,0.3145622865423379,0.1745048313660695,3,0.003373684708617887
1260,0.22458124858380726,0.06642085073776671,7,0.008301211569601927
1261,0.2511735778131721,0.09740102200976726,5,0.0064328948226253955
1262,0.2853377240577909,0.09763325339002361,8,0.009476955509449542
1263,0.15767431703007723,0.04259933723120028,2,0.0027011001231241625
1264,0.3381997494061379,0.21648744942146642,1,0.0019364279067248817
1265,0.3105983911232018,0.031571736147039495,18,0.019605758990337185
1266,0.24801460363304492,0.0907098828515922,6,0.0071144071787341955
1267,0.19198578322204488,0.018742822268504208,13,0.014725939641019072
1268,0.2087588218653794,0.09684057521395266,1,0.002144582711824994
1269,0.23467771369381363,0.0385647072490465,15,0.01671909820320379
1270,0.315845358064955,0.22476137640393945,0,0.0007979186605692094
1271,0.29441403371952884,0.03701853795158717,17,0.0188257584518318
1272,0.2816885510039117,0.07273902353556234,11,0.012736673284047014
1273,0.3351386328475752,0.16776076203157442,4,0.004939681828445097
1274,0.20772532254301582,0.03085035773866144,13,0.01436790191353765
1275,0.2957394638426796,0.14572634781905913,4,0.004630581467144691
1276,0.2362382863676734,0.021937157663763605,19,0.021914592417979845
1277,0.1807623278096636,0.06079896572133092,2,0.003060830746736249
1278,0.3346923622968945,0.06323945248270799,11,0.012451448926606424
1279,0.08880358739551825,0.0015842553224793296,0,0.0009771842635625516
1280,0.26951241333762554,0.1156358294176252,5,0.0058242764888908165
1281,0.270264865397911,0.07541283793433637,10,0.011897273393532293
1282,0.09615552016092493,0.006589562314763022,1,0.0010712776259086845
1283,0.19558354822248664,0.10357764978681812,0,0.0010470041140014518
1284,0.14785983646160067,0.06711604944431815,0,0.0007075955136907504
1285,0.20681379585915297,0.03958329834041579,10,0.011541993772319091
1286,0.17381255885432292,0.04461975224392922,3,0.004313071690624384
1287,0.3270556400191632,0.04126580208433856,15,0.016561616410997203
1288,0.24924792142076635,0.04625394370428076,14,0.016233065495148528
1289,0.31241151444645676,0.05674342334001321,13,0.014421192254755575
1290,0.2964043808223541,0.12892903847117773,5,0.006431659005187537
1291,0.20906920233356519,0.0771374654214847,3,0.004213922365007705
1292,0.30112903915660144,0.06250071092976978,12,0.01400317382844695
1293,0.16075464486348537,0.011580646438492858,8,0.008794519178234926
1294,0.20365231778583326,0.024971122200923377,14,0.015409173769139809
1295,0.167540400768321,0.07338067124606996,1,0.0011896029035987495
1296,0.13083291696033522,0.02834227134580533,1,0.0017423398803280675
1297,0.3157448983028939,0.136918626760727,6,0.006618340559157732
1298,0.14456215715712636,0.03573303030363456,2,0.002184872395288252
1299,0.3133206656509992,0.2117221464025888,1,0.0011499620870207936
1300,0.12464737257894112,0.0198452772809024,1,0.0019255407976013297
1301,0.2044702058443504,0.04152445232994127,9,0.010518879744171683
1302,0.2724868026705653,0.03599213183020217,17,0.019454928509255114
1303,0.2629590287964493,0.15146253626054448,1,0.0018322033441180974
1304,0.30594769326837157,0.1489312054756732,4,0.00502688742622164
1305,0.0906020052913153,0.002962160134673524,0,0.0009931588902192757
1306,0.27193247782384067,0.18433509486834296,0,0.0007716045366997431
1307,0.11771381612604943,0.010290383726961769,1,0.0021563036501968808
1308,0.2459070497184674,0.11812866666530313,3,0.0032466812078319213
1309,0.2767866058786846,0.18311222065458058,0,0.0009554221471459268
1310,0.17685443195883227,0.012443056669701719,11,0.012838532719517702
1311,0.28897850142869747,0.10808635216373509,7,0.008366307342159991
1312,0.2605443725817898,0.1627209332942406,1,0.0011498310909504976
1313,0.2907280364691594,0.03475426261128257,17,0.01946868877871488
1314,0.1411048501065384,0.03296432079066064,1,0.002139962471252479
1315,0.2741356049527399,0.16022469525634492,1,0.0019182181308325357
1316,0.18164998594265447,0.08917415691552427,1,0.0010899896366673434
1317,0.3443587615588925,0.03048700857139888,17,0.018533916288205745
1318,0.3489073733503894,0.15012252870950976,5,0.0061370545683082705
1319,0.33012274396482044,0.12195021587150509,7,0.007846126173810784
1320,0.2728374637299142,0.15650693644524524,1,0.0020798269654278704
1321,0.3278844593372163,0.024462264021992752,19,0.02106861981536912
1322,0.11851997628784101,0.027065424498263144,1,0.0011342099544174203
1323,0.2417694040980373,0.03351892865049552,17,0.018892238330207575
1324,0.1864593242820149,0.04641975178582023,5,0.005928622459454917
1325,0.3327693060408384,0.2309462097323266,1,0.0010980167764052247
1326,0.11845880060210463,0.029472674346777045,0,0.001025052542631917
1327,0.3166706642199908,0.12930804400958762,6,0.007279093909254277
1328,0.2203021445468438,0.07538842513622658,5,0.005960548702612174
1329,0.33102831341786937,0.2036574771053688,2,0.002308151588107299
1330,0.22339775764349734,0.07156002588272029,6,0.0071008130397938705
1331,0.1250225013324767,0.00019978299032056158,3,0.004167372041008758
1332,0.2992520217302926,0.062301158327273,12,0.01408637467193836
1333,0.34436767474409985,0.24149434421034363,1,0.0010981738261577158
1334,0.10172823617547713,0.01052125924707209,1,0.001141001250235349
1335,0.2349525624346972,0.09393065281085478,4,0.005001585746455467
1336,0.20990818126251506,0.09586040591624749,2,0.0023056273206195125
1337,0.2845694261769917,0.0496690788587556,15,0.016466019567615578
1338,0.2683906748539062,0.018831345113867547,19,0.024315715615967157
1339,0.11344722393806213,0.003661902106318736,2,0.0023810617999925564
1340,0.21110755339634557,0.05996791911444335,6,0.007412142994304393
1341,0.2438749146831963,0.14550241361535401,1,0.0012164461745521194
1342,0.16153480372117154,0.022980930970849196,5,0.0061764565221312665
1343,0.2627869978774826,0.11619964826742973,4,0.0050843733287590735
1344,0.29974566435731365,0.1747526833164082,2,0.0024518460328488154
1345,0.34668896639924845,0.17241005507739912,4,0.004975104151133805
1346,0.10996820209012102,0.019007869290307948,1,0.0011209193803104122
1347,0.3375937620802672,0.105697210639957,7,0.008613757957739296
1348,0.16631403160682828,0.046711061465874365,2,0.003130724775231568
1349,0.30812704182128947,0.0996516391767906,8,0.009746878063701092
1350,0.2586794206758163,0.06722503678041207,11,0.012545126165706664
1351,0.23455014892242312,0.13454533452012296,1,0.0013170562429664667
1352,0.3002488425255575,0.023428377141072643,19,0.02233687302935097
1353,0.20889042286776058,0.08467307010348755,3,0.003276850517883749
1354,0.22420833050197764,0.09986160217148107,2,0.003136835913908924
1355,0.2323425282829335,0.10629207327894188,2,0.0032257316452501818
1356,0.25415686918295644,0.14478779018059576,1,0.0017479017164764331
1357,0.20146064628902152,0.0322384693474365,11,0.012537918362491688
1358,0.16078530812830213,0.011158204744917098,8,0.00892214158232082
1359,0.3255971265710342,0.19638808941668848,2,0.0024732748877394277
1360,0.23562288200471745,0.06296817753570946,9,0.01076547080125836
1361,0.236144405737077,0.05133049098257135,12,0.01356946177732841
1362,0.12181668980524649,0.031225779869723743,1,0.001091113601529901
1363,0.348327081879126,0.037572230024496604,15,0.016444265140793227
1364,0.16863018713016525,0.02306272128599387,6,0.007585467308654207
1365,0.19436115477258897,0.09808860938750485,1,0.0012375740434673354
1366,0.2481305869805447,0.10325649164029652,4,0.00522911370449232
1367,0.12467908904246632,0.01226325935408066,2,0.002594556093902095
1368,0.29367417319548406,0.09891016832116237,8,0.009648146882150651
1369,0.20483198673797026,0.11338045211369514,0,0.0010093070550620691
1370,0.211023852357333,0.03545204425768282,12,0.013631046856396085
1371,0.10711254251411575,0.003400368132711042,1,0.0018859782585444811
1372,0.12314880796186164,0.034044613603900126,0,0.0010252095030263782
1373,0.3325471272969043,0.1628511690580324,4,0.005191847418981297
1374,0.12477245692143786,0.032128456201094835,1,0.0011826767074780513
1375,0.3428396658829375,0.1451562652908055,5,0.006421865379117893
1376,0.24275725841570192,0.0781102715392608,7,0.008662417701916654
1377,0.3171904852424483,0.04914353647678188,14,0.015461921628606715
1378,0.1556314976828993,0.02534689737439135,4,0.004722126526004593
1379,0.1486345977826611,0.054234037407153476,1,0.0012331943792225632
1380,0.26802857731761204,0.060757797554132,13,0.014307919048892568
1381,0.26191317775841283,0.06661678056939445,11,0.01290282329577791
1382,0.1465511800667731,0.0039637268936012285,6,0.007457026258878524
1383,0.13261320080034059,0.006567569673225529,3,0.004290673000926962
1384,0.2486500786576491,0.12165594464034557,2,0.0031389725048345083
1385,0.2438538508806691,0.10576510339145444,4,0.004430746135620973
1386,0.1602725137262978,0.032771783044074194,3,0.004223386137193733
1387,0.2963814307043131,0.06115523128688658,13,0.014328687609241613
1388,0.21228255804511215,0.03556797677444244,12,0.013853858912506583
1389,0.2194024050875629,0.04426916301688431,11,0.012719176527695417
1390,0.28350616963372866,0.13106593051908882,4,0.0052187380418800555
1391,0.10529917699993957,0.013711368683679373,1,0.0011552719961154293
1392,0.17690089101840453,0.05942959615238986,2,0.0028257728221263824
1393,0.17859477256033074,0.033664178656228894,6,0.00714076864913117
1394,0.27225337239364644,0.17260845813085285,1,0.0011940290380907772
1395,0.32368663315557017,0.16296670931231141,4,0.00481092204325216
1396,0.2686536065336816,0.02907993876924063,19,0.021220411204818147
1397,0.2369841884753255,0.14480201710954918,0,0.0009804407494368485
1398,0.3279244760214803,0.12184725591960055,7,0.007879328095534297
1399,0.1994976775564732,0.019324237249639695,15,0.01643082711740913
1400,0.15978376799028998,0.03972275735522596,2,0.0032326702137860782
1401,0.1686334432158745,0.046909634655424574,3,0.0033611784186907715
1402,0.20796441648641453,0.04814287781432653,8,0.009511734270224363
1403,0.12144767568181651,0.005137598370981969,2,0.0030329861914737658
1404,0.19998618250850964,0.08342636620273938,2,0.0025831932175693828
1405,0.20674898389474086,0.03256055095417276,12,0.013614410060078972
1406,0.3342912026378161,0.14529559131882325,5,0.0064011562927956
1407,0.32339453482034414,0.1074607536670284,8,0.008922019218792853
1408,0.31594997889292475,0.19857734576908984,1,0.0018611972515968868
1409,0.27202096597460157,0.0755384258380482,11,0.01197232609192114
1410,0.23220535924267918,0.06009001644027095,10,0.010901378882518646
1411,0.12469436149035254,0.007345300663090046,2,0.0031387529690565024
1412,0.2636477687751709,0.09689361068215553,7,0.007903379272367488
1413,0.19600918999543016,0.09693899345119228,1,0.0013731661205234789
1414,0.2705605479297017,0.05466852321591201,14,0.015508687476394351
1415,0.17957576916322346,0.04241828072464922,5,0.005538548538825761
1416,0.33904097515559833,0.11960013301017075,7,0.007790003455036351
1417,0.15208900849488377,0.0070259690006776315,7,0.007950506703055003
1418,0.19210949194891833,0.05196408996839551,5,0.0058204690513569395
1419,0.09435749919003193,0.0020816953872007556,1,0.0012000913393253876
1420,0.3370455542041188,0.07549086916571794,10,0.010934715794767352
1421,0.3264192181752227,0.10771940489345455,8,0.008836747842434371
1422,0.092752567635365,0.0026905810047401493,1,0.001096565964655576
1423,0.34044548373627326,0.12902907568719316,6,0.007269148776550282
1424,0.2230239695760662,0.04744111936182568,11,0.01251334177942071
1425,0.2247137573641401,0.1497031034580252,0,0.0005085110661652925
1426,0.33224313387044496,0.04481016138470725,14,0.015576336137935513
1427,0.16781882627730774,0.048043918123159036,2,0.003139038993839324
1428,0.23249615856887795,0.06112565331400166,9,0.010709795562151096
1429,0.16611835398297473,0.0065550917998441136,10,0.011833422952493615
1430,0.34746064852873554,0.19650471105671014,3,0.0035356548744391323
1431,0.2423807717803315,0.104309457546214,4,0.004456355718161357
1432,0.1402980874987558,0.006019358530356707,5,0.005683182630884352
1433,0.16754405704236727,0.05526881622783944,2,0.0023840625497538923
1434,0.3452461606529053,0.24825670129268207,0,0.0009070160997377264
1435,0.16899816384336197,0.037257546323953755,4,0.004778180919940531
1436,0.17355157299440857,0.023425613734252823,7,0.008579802409149432
1437,0.1764404454016216,0.02605798201340185,7,0.00853766790477837
1438,0.27427694063696517,0.09091329174246256,8,0.00974624679366014
1439,0.3259522748415828,0.18428297550221023,3,0.0033065367882942603
1440,0.10117751419192404,0.012176842451927322,0,0.0010420780008588552
1441,0.25306114036898886,0.03453960333840089,17,0.019389333135032983
1442,0.31720064053688196,0.051795391670408183,13,0.015000829358278017
1443,0.3426999660760425,0.0425477776193823,14,0.015551407774454582
1444,0.1640940132158919,0.04471262466714979,2,0.0031218489478605066
1445,0.10824187672735587,0.0009032654296945524,2,0.002176579733680914
1446,0.3434798706684688,0.2207223897409715,1,0.0019502312301966844
1447,0.3392289302252538,0.23766830630559765,0,0.0010691710068449578
1448,0.22249949651702966,0.034024077307844645,14,0.016245538804537614
1449,0.33572127411413455,0.23340452373431927,1,0.0011062258221169875
1450,0.30074374439494095,0.1731700696638026,2,0.002622357608070286
1451,0.2452636742870853,0.04907887323799309,13,0.015201816316910513
1452,0.32275226162925047,0.22426391384015465,0,0.0010115806065174582
1453,0.2629852133972316,0.16447802392589403,1,0.001171861883034202
1454,0.167018308738914,0.003561331594729128,12,0.013201659057859548
1455,0.2912827270334256,0.0922855904072241,9,0.010359917893225877
1456,0.34172867287934716,0.14442738905545088,5,0.006465410771121346
1457,0.22199565552232142,0.021136726584578686,18,0.020389399517529338
1458,0.1987133003165041,0.01770635076362444,15,0.016839543414124636
1459,0.17451824929503265,0.06516469028127699,1,0.0021076416374334467
1460,0.19950079462032888,0.04115307165971078,8,0.009586201057854375
1461,0.33315135822396724,0.047868449083246715,13,0.014939007752808929
1462,0.3444552736807949,0.2116107749337847,2,0.0024874166290694156
1463,0.22950323743933682,0.12332618148764983,1,0.0016639348995048553
1464,0.179662985243819,0.06432490717068627,2,0.00259860705040385
1465,0.16816835646125564,0.047679402839639125,2,0.0032185245578641567
1466,0.29990799691518494,0.20033361873180405,1,0.0011129077467568554
1467,0.0985174233490129,0.010932702214053484,0,0.0009847624741303952
1468,0.2669287651375975,0.05190004748026574,14,0.01595008059877558
1469,0.3285265940060198,0.20414742105040468,1,0.00215754403062998
1470,0.25462298293123076,0.13633902253247987,2,0.0023429373634381604
1471,0.16335420447380508,0.022086519977747493,6,0.0067227462166044435
1472,0.3287261706377549,0.17464084088901843,3,0.004163007619062802
1473,0.3381290056212104,0.09070847138584198,8,0.009579689593027498
1474,0.3377406893252647,0.03453981338829501,16,0.017688571318571746
1475,0.2465521193682311,0.08058754185329044,8,0.008697525523941754
1476,0.3055649423390654,0.030853511658878972,18,0.019985114646860595
1477,0.16663274317757856,0.05790268149952757,1,0.002091089663816318
1478,0.30682499356945847,0.04172496320308518,15,0.01734599172540331
1479,0.15412969460997353,0.011147621750909532,6,0.007359368624573303
1480,0.20419729556185112,0.013705342330634961,18,0.01972081371378009
1481,0.18656196075786524,0.054057703487864615,4,0.0046366483412599805
1482,0.32898571065516335,0.17185844487261798,4,0.004383685219031711
1483,0.32372977790048396,0.15729894870522415,4,0.005262182171998997
1484,0.14493070817076437,0.02693176886592819,2,0.003093920402304455
1485,0.25322511197618813,0.058424672499355124,12,0.013848246427962606
1486,0.14527213811553386,0.013883599556387237,4,0.005054087377702901
1487,0.28297476466492505,0.03732304535212634,17,0.0190392326414372
1488,0.27309633326752075,0.08789697034775369,9,0.010115428881158158
1489,0.3469166605892988,0.2179274491283243,2,0.0022474074813389486
1490,0.1733035345131207,0.04872203270290025,3,0.0036765389916964385
1491,0.30616147859012743,0.2108786886465242,0,0.0009455886916493166
1492,0.28461488348803726,0.18323758455784184,1,0.0012301865706473671
1493,0.31523345857648705,0.21743925328171806,0,0.0010076684423510937
1494,0.334129820240509,0.17935447455465023,3,0.004082264400134078
1495,0.34436731200229886,0.19869731632024135,3,0.0032632756250007638
1496,0.3346978749670331,0.008456122118251985,19,0.027507878721780767
1497,0.2388069250698326,0.11300096931404124,2,0.003131482567991869
1498,0.3337586861989326,0.20810949238370918,2,0.0021843120237981252
1499,0.30267996665869507,0.19324657101877687,1,0.0015267171306029756
1500,0.34848094109627903,0.24053693307466484,1,0.001266610291230018
1501,0.33038654653716826,0.05477787852112419,12,0.013884673570729535
1502,0.1894779439675425,0.03239087692346001,8,0.009764854434299601
1503,0.17164653166624136,0.04515351319447129,3,0.003950373704127497
1504,0.242296195060483,0.07216596653258123,8,0.009759988212777496
1505,0.3431854449946546,0.02717460683178669,18,0.019599682696971835
1506,0.2651078366071466,0.16627399982763338,1,0.0011798366666871322
1507,0.3393786236983602,0.174785814341582,4,0.004615586596388638
1508,0.300685760036048,0.11849904780041902,7,0.007771180797309918
1509,0.18676606324797687,0.012769759038588168,14,0.015539257853942414
1510,0.29083401304072276,0.1786870514792141,1,0.001723936990799518
1511,0.32375925123987304,0.2192967049743182,1,0.0012257526012354827
1512,0.3154707592784542,0.21296091550898827,1,0.0011779968508322677
1513,0.17743895925452738,0.03189508190818093,6,0.00731456903143558
1514,0.3470931545688883,0.21942325741104043,2,0.0021751672730399613
1515,0.33058415776075506,0.049776489457372244,13,0.0147154394416007
1516,0.22480620062145829,0.10781151520054945,2,0.0024528841930067653
1517,0.22113912120988638,0.08991360977379498,3,0.003947724381266662
1518,0.1699690350282531,0.07519751310757661,1,0.001214251467998925
1519,0.13189726809752314,0.02318904716226257,2,0.002220442720631297
1520,0.25602112652604947,0.037116113781470755,17,0.018864282740191318
1521,0.16976959725648558,0.03954404965394845,4,0.004523967511505525
1522,0.17045173760249965,0.045363165903964345,3,0.0037719263467485883
1523,0.18632852236954658,0.010292194647908648,15,0.016392046135989553
1524,0.2808869497485726,0.08856499123213579,9,0.01047003201060658
1525,0.322679840653185,0.18227443033178142,3,0.0032686135431554573
1526,0.10684112896703346,0.016730359768652843,1,0.0010855591778653156
1527,0.25772551756231604,0.13055803774891245,2,0.003053812989626226
1528,0.11964471166856139,0.02900187574312017,1,0.0010958851084732493
1529,0.27104101489543403,0.1083264020380777,6,0.006956700514763012
1530,0.3447178450643184,0.03377749789748785,16,0.017587968133373908
1531,0.2729730202881947,0.09384196748739113,8,0.009215991162131017
1532,0.2438610011548469,0.09142581606703858,5,0.006478903487126337
1533,0.18602157759845983,0.06987322641259296,2,0.0026358408961904816
1534,0.313745344393917,0.1754090789881552,3,0.003254728750995983
1535,0.22573088851518022,0.030100106474620365,16,0.017984073592166996
1536,0.19030410708201825,0.06834165253827001,2,0.003202211536987023
1537,0.22524841758390723,0.13107520856674315,1,0.0010805733610249626
1538,0.13791920987839038,0.05444574288913056,0,0.00080065512591772
1539,0.16218135681608947,0.020710935953695633,6,0.006796890309368162
1540,0.33940590616360466,0.24155822191297716,0,0.0009476244629540984
1541,0.18882072729789864,0.011139574792258222,15,0.016763158114172137
1542,0.15334755851289142,0.02162662006641069,4,0.005000659521013567
1543,0.32472638886630983,0.04079331554027488,15,0.016771418605083722
1544,0.3467631849814651,0.21980779859941602,1,0.0021403742253199454
1545,0.26079887248032063,0.15535462258138016,1,0.001502307428977578
1546,0.13909422375809108,0.011038965536835687,4,0.004550810908425406
1547,0.11825799960285113,0.013751225509878333,1,0.0019196889324637444
1548,0.2832138858473092,0.16311764370022833,2,0.0022577172319147867
1549,0.30489232248420256,0.19937416927297094,1,0.001338068963493936
1550,0.23298361193037853,0.1400902979539549,0,0.001014734905468514
1551,0.3479182829204396,0.18342259759775847,4,0.00435708152440035
1552,0.331408053583983,0.178483784357029,3,0.00401396678429484
1553,0.3465415835769954,0.18358721607082865,3,0.004302141631308622
1554,0.27998481938818476,0.059078532327315636,13,0.014846883943727763
1555,0.3192750377045621,0.18567743891598934,2,0.0028338716075209797
1556,0.3229247337244405,0.167974505598989,4,0.004374769542428614
1557,0.23293714375199623,0.06532558865818683,9,0.009846213159682085
1558,0.20661480618709588,0.044843340733775286,9,0.010080122089320099
1559,0.17530234603670478,0.06112031063415669,2,0.0025159961795450467
1560,0.3277972589359384,0.17974925413575066,3,0.003736034097289839
1561,0.12759149498843314,0.03416151340891002,1,0.001217163200478973
1562,0.20539365738085924,0.04015856014216148,10,0.011084078264421232
1563,0.30534277864372505,0.10808857907979547,8,0.008940489699243293
1564,0.1953120975232394,0.10779241401984634,0,0.0008780291047543779
1565,0.32334543200012594,0.1531254516747826,5,0.0055758815051302505
1566,0.22659237104414987,0.11328041011426764,1,0.0021522237213583936
1567,0.2762429187996226,0.15801245084959534,2,0.002183025366006273
1568,0.23831350677900526,0.0308213109410163,17,0.019343526190412772
1569,0.17862159663230628,0.08218147052467387,1,0.001278798766668259
1570,0.3119447773299227,0.03315177277312804,17,0.01913831876145188
1571,0.29327418392648175,0.1829711486900874,1,0.0016140688956303658
1572,0.29945470593410956,0.16208907056420638,3,0.0033981456040236956
1573,0.09244601106409286,0.002499255055849958,1,0.0010916070921592554
1574,0.2431920891461864,0.08068465931992713,7,0.00824066003506518
1575,0.15546599946790401,0.0016224262397861663,9,0.010442267178598632
1576,0.28582819592084174,0.18066396242799992,1,0.0013938494859792845
1577,0.20905225228585295,0.0671576515055224,5,0.005734180602739609
1578,0.11833876149364601,0.028780495711853787,0,0.0010495765228817218
1579,0.31345016123075853,0.0678583203969972,11,0.012859999412418098
1580,0.3002846265207003,0.09028106180641629,9,0.01069251066248191
1581,0.33590980860764386,0.020510176712592275,19,0.022178144753105034
1582,0.34966201802784513,0.18288697299167864,4,0.004441163032549656
1583,0.33257281687748597,0.2362055307039732,0,0.0009186218210396901
1584,0.2734737795601535,0.06451913094487827,12,0.013834352112505938
1585,0.2518102193515304,0.046527725799374524,15,0.01636254689013816
1586,0.19718848304686867,0.054441651619499695,5,0.006182255532729991
1587,0.2821644935061588,0.07746981996801307,11,0.012065834125074365
1588,0.19471103899562886,0.015364991292444605,15,0.016705746314624695
1589,0.32851163474061923,0.15425035843546359,5,0.005675822410040331
1590,0.34050267773512743,0.1945696466785431,3,0.003348065369516329
1591,0.10450253600724592,0.016693873691492122,0,0.0009890082936568599
1592,0.20307022565530997,0.08647413449933031,2,0.0025659599073247366
1593,0.2310138275499603,0.05165564247869525,11,0.01274088026907916
1594,0.2023462724455397,0.07092598669549313,3,0.004242908433847686
1595,0.31711885594712047,0.11768433168209441,7,0.00821536299149637
1596,0.3240367250564818,0.06854493784652377,11,0.012316204890010006
1597,0.22160605474409187,0.1294679872561232,0,0.0010068536175104371
1598,0.26270868109475376,0.13229222782849004,3,0.0032971142505088227
1599,0.21876694194855686,0.10673292715101772,1,0.002100679614105449
1600,0.2999246971644202,0.031187296536452268,18,0.02009101225356553
1601,0.11411671177976405,0.009148412349523988,1,0.001965828459015286
1602,0.18027121867958154,0.07727915154705504,1,0.0016403183257450479
1603,0.33516281234430545,0.11829117907008052,7,0.007964339402158854
1604,0.25687973830648503,0.08932105092376304,7,0.00839861992252187
1605,0.291628927419712,0.11530996702400617,7,0.007662165538478346
1606,0.11478366481728826,0.006543403298427268,2,0.0022360752012487595
1607,0.3249617776093074,0.061863746432720364,12,0.013114266897971296
1608,0.24771609507559528,0.10369083429498879,4,0.005123343362752333
1609,0.113218811103174,0.024179306294752224,0,0.0010325122761095109
1610,0.14285452113414832,0.0010053857724517722,6,0.007361263491574547
1611,0.31557760273319,0.053080401041101476,13,0.01486053312665009
1612,0.31051968115776113,0.1748558907525019,2,0.003099387626512386
1613,0.19157241021063554,0.10060611690756684,0,0.0010116610249894186
1614,0.12885878922712013,0.00018840523600101734,4,0.004770777445894375
1615,0.14625808924181002,0.05112625046012752,1,0.0012737427776525825
1616,0.32921125927794354,0.22996322457636323,0,0.0010197478418906396
1617,0.33298861496622134,0.04874072617412032,13,0.01478543468910278
1618,0.13127869172591888,0.021496877646405527,2,0.00231741593373038
1619,0.26484189569948463,0.11961155484711919,4,0.004865926933362194
1620,0.15380937965842126,0.007434354958255821,7,0.00825200002110439
1621,0.3048873131711946,0.14607145103775304,4,0.005230972873745799
1622,0.2981504051690627,0.09166653486890518,9,0.010536196536887196
1623,0.19754491725668177,0.08629393435225474,1,0.002150219671519674
1624,0.1732282475359343,0.056673394015261426,2,0.0027569637042658343
1625,0.13141598567025892,0.017017836086651916,2,0.002769223528095842
1626,0.28464147854235405,0.11566288978537644,6,0.007148806041756254
1627,0.3011240968281419,0.10549893191790344,8,0.009120589735917698
1628,0.3210701755354055,0.15027356471576833,5,0.005711922708308773
1629,0.13459963221983465,0.013802434189841778,3,0.003510800038146274
1630,0.13540717475449443,0.024013878167793115,2,0.0024497905944088614
1631,0.3168816674966538,0.028259122860521936,18,0.02029500350402195
1632,0.23695392086089836,0.05658413802148439,11,0.01241635261865473
1633,0.15794256820353086,0.020459219307338673,5,0.006026889930947959
1634,0.20319546740801736,0.08168350486951007,2,0.003041088675664127
1635,0.2179876030067906,0.02107383161799684,18,0.019742743009691543
1636,0.09179738606049972,0.002476754974412878,0,0.0010641505283210837
1637,0.21759975332508621,0.08805233982085156,3,0.003790899516860374
1638,0.23021506972395858,0.11567956946530368,2,0.002222664107502403
1639,0.27308415222556853,0.14348358286677734,2,0.0030933671460870098
1640,0.284116412542606,0.04126528468916128,16,0.018143215096284842
1641,0.34526107548049345,0.20075481590117553,2,0.0031754353906386936
1642,0.3353671374519889,0.09563277883561314,8,0.009349651123283072
1643,0.19031149368022784,0.018963993867941214,13,0.01420581856865317
1644,0.1370035824431665,0.008448594185317604,4,0.0046587381146709255
1645,0.3370717758330204,0.218234976137327,1,0.0017991646239387297
1646,0.32309789813884876,0.037595407722442166,16,0.01757296464991472
1647,0.27893780890305586,0.18315486009860218,0,0.0010255847425809125
1648,0.1758713577774517,0.01144771893760009,11,0.012915000613971408
1649,0.24334009066763052,0.08964889522789156,6,0.006700800637784493
1650,0.17404248402157446,0.08155543278918027,1,0.001102963782705254
1651,0.13310242376636847,0.01458871182585617,2,0.00323021631168446
1652,0.3175984258530658,0.1575364538463823,4,0.004943355997740337
1653,0.33288481728633856,0.2021877063665011,2,0.002487825928534458
1654,0.2562140942064904,0.12082394105399631,3,0.0038985533598324975
1655,0.2872017685274022,0.04987105695549353,15,0.016384882035918612
1656,0.14961569624455676,0.03963453678126485,2,0.002263426117968468
1657,0.28285458790976475,0.10065128968917285,8,0.008947543212465508
1658,0.3158079841004017,0.030408343028540032,18,0.01972184999607673
1659,0.3415995846717453,0.1490338420871464,5,0.006220913813562763
1660,0.1926826529059993,0.029677511692133507,10,0.01128431755005536
1661,0.25330200901054145,0.1369150016865411,2,0.0022125721071413283
1662,0.3481078982037039,0.03912356656616992,14,0.01607736102633765
1663,0.2711074239482995,0.17325070607504967,1,0.0011239887752191274
1664,0.10850503138507686,0.016171118113624608,1,0.0011876023721005193
1665,0.3277173907876047,0.2051240156817625,1,0.002063622417522845
1666,0.14994701829531384,0.030076852494693388,3,0.003282249468931539
1667,0.1761610049927066,0.019741579504897126,9,0.010250105654186045
1668,0.32849492584192774,0.09736313289617299,8,0.009495659690611348
1669,0.3334164947268036,0.20634233598705987,2,0.0022684674117501792
1670,0.3351623741780469,0.09917765664319653,8,0.009117937316651595
1671,0.21134409577851523,0.08149424954733923,3,0.003910878397256925
1672,0.10711439294136074,0.0015592419354001398,1,0.0020302153403515813
1673,0.2257701847338639,0.07215064666130618,6,0.0073489451505344364
1674,0.2771833992614981,0.17883174662590107,1,0.0011277690842398356
1675,0.14340480744726153,0.0028637398767117814,6,0.007022106333030315
1676,0.26656325619975274,0.07636112416289625,10,0.011504051246805095
1677,0.18513054831681952,0.09300536797395326,0,0.0010693566956775466
1678,0.3135935227998651,0.15253038111239603,4,0.00515677032606576
1679,0.2738985472852335,0.09090741829014333,8,0.00972042493319955
1680,0.25829699171726794,0.09283620861185653,7,0.007976697400446372
1681,0.2852800754485796,0.1693187429381973,1,0.0019763550084027906
1682,0.31047284935510533,0.08667805319473659,10,0.010931870222663167
1683,0.15236587081325723,0.05830669729858591,1,0.001210447019375602
1684,0.27244805076092843,0.09156321847604926,8,0.0095157113011054
1685,0.15648356291449447,0.051197951413482136,1,0.0018677856545938343
1686,0.235496650879171,0.06852585531458769,8,0.00954826050815034
1687,0.3109708488995184,0.028870937755756342,18,0.020338663238983982
1688,0.11000978777757225,0.020484950709972864,0,0.0010565550649412302
1689,0.19920489934636282,0.030746210675092908,11,0.012482507168206517
1690,0.14373624346191569,0.05579931853676574,0,0.0009558129271419084
1691,0.3436969530665768,0.1909070492797941,3,0.003729815656481392
1692,0.23532929618480872,0.08161269664625258,6,0.007001402804935635
1693,0.231304548835289,0.14103238770611448,0,0.0009214075538624769
1694,0.20441291456448454,0.021294291816878273,15,0.016883410360117136
1695,0.3136994423188674,0.1891496048561786,2,0.0022961024094142126
1696,0.26236091372373216,0.17077648960540395,0,0.0009123417382490645
1697,0.21525837203614542,0.03867031292160102,12,0.013521703953243728
1698,0.2849189763657115,0.13002161821644204,5,0.005454763432646944
1699,0.32385459100769587,0.14065518961470966,6,0.0065528069551513985
1700,0.21573258623710825,0.1206168365337956,1,0.0011397969710437875
1701,0.26382193303292495,0.1344791669568713,2,0.0031826059368436884
1702,0.2538911055528282,0.06466057377701852,11,0.012627868307012773
1703,0.3099101875233839,0.03670065169496265,16,0.018342198061603122
1704,0.29019790511905846,0.1493117341950266,3,0.0038672045858575287
1705,0.11694827722490526,0.010949343288027616,1,0.002040310493476751
1706,0.1651461976032431,0.01934947363048449,7,0.007748125688141284
1707,0.27225683428703423,0.05323424222505652,14,0.015810601996567246
1708,0.15560579069216612,0.01547911022448669,6,0.006647437016620159
1709,0.20286882953751206,0.11368776735982826,0,0.0009266809668806547
1710,0.3266795082367022,0.052323587153295374,13,0.014465465434523242
1711,0.10103260016217672,0.01383037707807311,0,0.0009672225513608704
1712,0.23380374665972484,0.10627288276753075,3,0.003362796105967647
1713,0.2553088065898633,0.10680506068242006,5,0.005537140977457828
1714,0.30349149536546066,0.19722418486006157,1,0.0013763910149486975
1715,0.20683904179555654,0.11747239841610924,0,0.0009275434966262469
1716,0.2449797292656388,0.11289449463109706,3,0.0037078303019652146
1717,0.16760020994452618,0.023657200854426994,6,0.0072263355237355015
1718,0.28571990179236006,0.09562262759284057,8,0.00975299115758071
1719,0.3463953887224125,0.14315866100834496,5,0.006485033408212266
1720,0.34964356414935016,0.24619921504532047,1,0.0011006889537217928
1721,0.22497098832909584,0.03795648115279699,14,0.015483436746562839
1722,0.09531042416746713,0.011521667259247536,0,0.0008423200539118025
1723,0.29151882760954945,0.15639448238513515,3,0.003327940468296413
1724,0.262582218330669,0.09886039050754468,6,0.007490337978507033
1725,0.3482762104178612,0.057692878210940914,11,0.01253552517992312
1726,0.1370671294020644,0.005967493516356314,4,0.005111599366622219
1727,0.1155731214209641,0.006654172713657915,2,0.0022942249129976047
1728,0.32814100415176956,0.2213264715539237,1,0.0013030368208493436
1729,0.29609239679182625,0.1969707203283533,1,0.0011064096910133954
1730,0.12011665204625997,0.027262145824404647,1,0.0011988924796333253
1731,0.2929702621736442,0.0758361545748419,11,0.012390279843371137
1732,0.2641538265206267,0.16932092711832505,0,0.0010239743168145442
1733,0.23063449553585805,0.04874578069776086,12,0.013422023135959128
1734,0.18328739034510327,0.037589607790577115,6,0.007173747298336819
1735,0.23764673300396943,0.14738249963763217,0,0.0009106008044190354
1736,0.27657792498618045,0.049026266768537996,15,0.016646274339111995
1737,0.23543638809129366,0.05840925263549689,10,0.011773676908858798
1738,0.24556204836471898,0.10001357987585412,4,0.005388577583006805
1739,0.2515981810965965,0.06568653246391729,11,0.012195586300121445
1740,0.3081961124578293,0.12989581780274553,6,0.006960600611000482
1741,0.29709531165692654,0.14842076683300678,4,0.004466261714510827
1742,0.17302483246053496,0.08465333145847335,0,0.0009376677253900445
1743,0.3383371479986815,0.23183732923962905,1,0.0012512235303375654
1744,0.3088654613135085,0.06265994731706621,12,0.013713542611442867
1745,0.18135349313130322,0.0914731711049324,0,0.0009842196389789526
1746,0.24369531749880702,0.03953063288638566,16,0.01743498706422319
1747,0.23797807572757285,0.0929107852022942,5,0.005515576658055537
1748,0.31491189627463617,0.12547786443518788,6,0.007558496072490906
1749,0.27714900919421964,0.09297481215257776,8,0.009640518400615035
1750,0.1771148259843477,0.031032854239064114,6,0.007449376486281082
1751,0.29515236183569743,0.10198741070077666,8,0.009343620746526015
1752,0.27096901713243554,0.11537079499326813,5,0.005999791353089626
1753,0.2967911025548466,0.12927037678532702,5,0.006419755315038237
1754,0.3099895874056948,0.10376805758590059,8,0.009369286892504805
1755,0.18348746508839803,0.023886397153392618,9,0.010818094065376377
1756,0.3144094254871571,0.02180113595534472,19,0.022435404518487138
1757,0.29186649025586725,0.19905215028523304,0,0.0008960038461806517
1758,0.32312620494591227,0.09259638358902426,9,0.010044967810592368
1759,0.2677069417427885,0.16735088939998524,1,0.001237507629015821
1760,0.20728069790154163,0.08026386792011092,3,0.003614133482628166
1761,0.32017650879304843,0.16397471805174949,4,0.004548054135108587
1762,0.10556642189940964,0.016193149382967474,0,0.0010542225549881666
1763,0.25207329602472744,0.1352590953115428,2,0.002251853939520067
1764,0.18152586736581663,0.04746106324954091,4,0.0049663884696205295
1765,0.33794387373394646,0.043598736797722214,14,0.015553293302281616
1766,0.3363311413754993,0.02298077554441533,19,0.021266851440075212
1767,0.3337513283838582,0.2331631538417312,0,0.0010522603510169286
1768,0.18240114655330558,0.04258365505410255,5,0.005977609476610604
1769,0.10373358331790421,0.008540505801202471,1,0.0013411835938493093
1770,0.30863393061943145,0.13250416949478402,6,0.006734374230266754
1771,0.2685110580953428,0.054226086857640916,14,0.015541464121386643
1772,0.29398836499778797,0.12220205174186027,6,0.007018773545237731
1773,0.2426180459225986,0.05871188667338499,11,0.012672190403219678
1774,0.3108479723940244,0.15944076058062653,4,0.004384090983439852
1775,0.15851884875409541,0.03177973760408783,3,0.0041294581725592515
1776,0.20931946495881118,0.08914678760228147,2,0.0028549377101542454
1777,0.34050019104170687,0.23860345782310194,1,0.001076777827061707
1778,0.17205144466308503,0.021964998238331732,7,0.008625988434904551
1779,0.29032369868146135,0.11883560741709315,6,0.007168431263704857
1780,0.25461961444097025,0.05374482221351547,13,0.014952357809723205
1781,0.31819518365131155,0.19892110465439,1,0.001950046546626201
1782,0.12507762254887198,0.03327302223195005,1,0.00114257750288594
1783,0.34400383940056023,0.059654848733228544,11,0.01246631147115865
1784,0.3438074861789811,0.025734516099595983,18,0.020045853100547482
1785,0.27055797768766443,0.05086311647472023,14,0.016237662483480405
1786,0.29721003740022206,0.17666379552857964,2,0.002179499777006672
1787,0.2906058170864613,0.11088693724727111,7,0.008122013863259177
1788,0.1830433462343617,0.023086598544719082,10,0.010953041738793646
1789,0.3374394184248628,0.21219431036686712,1,0.0021299976880490876
1790,0.34160272533373454,0.24020325686913888,0,0.0010565600169507442
1791,0.2714680130846665,0.1484193344230893,2,0.002569677235492126
1792,0.32413652459382336,0.17111793010777146,3,0.004193070926438747
1793,0.29177244490954773,0.16321557690616834,2,0.0027912833602717806
1794,0.14609753918444834,0.028662861855424795,2,0.0030218608669300316
1795,0.21577965508043442,0.010569192986276966,19,0.02336017080829705
1796,0.2638154903838326,0.0609249446471029,12,0.01408289002492537
1797,0.2640200740656185,0.03962309578087783,17,0.018513800893989796
1798,0.3070552296223123,0.049937155250385154,14,0.01575783785630046
1799,0.27400245328465694,0.06974519883908334,11,0.012990258826366912
1800,0.2039907831492474,0.05352962719779337,6,0.007529347827272302
1801,0.3352311551810051,0.04960931502333927,13,0.014518081104328897
1802,0.1903596489953363,0.04121024957496852,7,0.007725043123801536
1803,0.2764757734928007,0.11052787166904161,6,0.007150393260148418
1804,0.3327122038173593,0.03488245492982943,16,0.017819594364768647
1805,0.3049606427634772,0.011088571553108167,19,0.026847399600915273
1806,0.3418599978775173,0.10073823990974771,8,0.008739424663144018
1807,0.30597537062489555,0.04414013267193364,15,0.01688590201457089
1808,0.11742483090694679,0.023550035218843378,1,0.001253332807716578
1809,0.20217338634321788,0.032551205030712224,11,0.012602807695142774
1810,0.2199678045047086,0.022493657659654602,18,0.01958286652784746
1811,0.27627810205982767,0.08802766022511979,9,0.010300472226335781
1812,0.1772613865693674,0.05353364148690632,3,0.00352958043209539
1813,0.16323187961442195,0.018161228821177943,7,0.007624197595407371
1814,0.30146998133631414,0.14179532251685606,5,0.005427010053420663
1815,0.12166901376874484,0.014071318926573043,2,0.002159036502834509
1816,0.2454522044581216,0.12297277842092877,2,0.0027578033859532473
1817,0.21418223688035565,0.029074376151071238,14,0.01628830212249878
1818,0.29353812149312664,0.11420199383957672,7,0.007897120236023162
1819,0.14121516966492698,0.012028595490096694,4,0.004717607376945589
1820,0.3025035951027888,0.046596642872926024,15,0.016543392320763652
1821,0.3014722792497507,0.20353730107444612,0,0.0010481694845502299
1822,0.17761786724309,0.0696930505073273,1,0.0019856281460192463
1823,0.2929340349526565,0.13480664077451077,5,0.005552731409507248
1824,0.16711837949484482,0.027867756237527994,5,0.00620225628558107
1825,0.14639141380039047,0.005525653382767124,6,0.007032284665417195
1826,0.34524481678691904,0.1857388990852046,3,0.0041218825341929515
1827,0.2896207397174199,0.20300377241777565,0,0.0007182096140814205
1828,0.26093208704924714,0.03437779901121312,18,0.01972058499873351
1829,0.2837115937253276,0.14913915886211207,3,0.0033935135505133414
1830,0.2540331961955331,0.11585739639901554,3,0.004251394889305234
1831,0.09960889132196084,0.009172880057555014,1,0.0011073277978241166
1832,0.16116689260036673,0.015825472893730496,7,0.00775360209803649
1833,0.19048149208431775,0.031273679843952476,9,0.010305327625509262
1834,0.2891804317313676,0.16614315361013537,2,0.002411719226474526
1835,0.3188523580713765,0.21689563744682364,1,0.0011462070504354401
1836,0.33949133601815384,0.2397283690279373,0,0.0010084254232667197
1837,0.15972043499794952,0.061199835936019666,1,0.001428760769481885
1838,0.14065364050355594,0.04637784783746403,1,0.0012397986180608521
1839,0.27967804723972256,0.09669903882897903,8,0.009281455693306776
1840,0.19178990628059567,0.05537767968629456,4,0.005174604124316559
1841,0.253444461050814,0.13642237418894188,2,0.0022577063162833267
1842,0.26171342399015085,0.1002852194270663,6,0.007181865166310998
1843,0.1058521670845807,0.014234859500359173,1,0.0011560795374853633
1844,0.22149695344991077,0.04831479043015897,11,0.012014048795096306
1845,0.31703934312672893,0.1887830874838306,2,0.0025007661939900456
1846,0.3210709386996781,0.08320481244050412,10,0.010925745894283944
1847,0.32280317008509296,0.17433293826284355,3,0.003871000739199592
1848,0.12785563806978376,0.03641925087267171,1,0.0011221564788275143
1849,0.3245924317085148,0.14706003614880572,5,0.006089675174840442
1850,0.3478025396353708,0.16528260099807196,4,0.0053893263549051745
1851,0.28958714523235246,0.10595807058546035,7,0.008655755179505705
1852,0.32459273241898456,0.2004481577213131,2,0.0021773493009021546
1853,0.31538196416911707,0.08305197568067019,10,0.011143029468930995
1854,0.20050429692738309,0.04419355912236297,8,0.009020754616458402
1855,0.31880824483100717,0.024728603887813283,19,0.02131102036592578
1856,0.3392675295817651,0.06300343182733537,11,0.012250297409765135
1857,0.15052853492484428,0.02195117700330334,4,0.004504857995300514
1858,0.2536856596118031,0.07476555101439702,9,0.010638960707059225
1859,0.31747600425799494,0.14908907078475622,5,0.005653771855363937
1860,0.19041764691701887,0.011623722734323393,15,0.017016550568802743
1861,0.3443082007154399,0.23841598640377348,1,0.001206006900626469
1862,0.09579593006192916,0.004635704072530396,1,0.0011446847333279068
1863,0.2013693977556688,0.0849045095564118,2,0.00256543791679146
1864,0.27440462144589794,0.17324804544141545,1,0.001252214077452857
1865,0.3238292885481315,0.04439961681547372,14,0.01605527079878615
1866,0.20902777998159114,0.028113488251970173,14,0.015543046563950799
1867,0.20251027507528752,0.010495402895725725,18,0.020633762156645977
1868,0.25767328372755816,0.10834853924836807,5,0.005581860332483681
1869,0.33024042969479056,0.2148271145222783,1,0.0016741577183116275
1870,0.179967541061177,0.024603720042945663,8,0.009751229389906675
1871,0.10199847041097353,0.012825853151105519,0,0.0010487866322745024
1872,0.2997219513875699,0.0675323736349003,12,0.013356790761115483
1873,0.2710816725262279,0.023941350974442523,19,0.022697091411400624
1874,0.28304967711471024,0.07958290759456008,10,0.011791759417006617
1875,0.2819650578296924,0.1794445502694843,1,0.0012878296144114025
1876,0.2075092371746607,0.10134402283297754,1,0.0017480914698315435
1877,0.12337464505592995,0.005609341602665693,2,0.0031968656515763143
1878,0.18000527041115913,0.004355094055665609,15,0.01695731234346899
1879,0.15043113945626707,0.05766283338539774,1,0.0011525124726045458
1880,0.3490552828285849,0.06936417887461997,10,0.010971331105939616
1881,0.13155541194915168,0.0007281151919129832,4,0.0051322584467273094
1882,0.12131578498088436,0.015286860237564873,1,0.0020305577925759048
1883,0.1445407434675628,0.005454514984456571,6,0.00665098384590048
1884,0.22328103011214015,0.044112303909667194,12,0.01345525194146575
1885,0.29066661916141867,0.18948518578592424,1,0.0012033946064291018
1886,0.294166479871757,0.1554030299657958,3,0.0036038299442292133
1887,0.32276193899921457,0.1300808162678998,6,0.0073163137344843645
1888,0.33216719395011,0.14454461946370473,5,0.006426360453477053
1889,0.2811317773015308,0.18832091534008916,0,0.0009173501748315152
1890,0.1728413236447915,0.014971516440679594,10,0.010877178068991494
1891,0.3310840186615765,0.20625025669915573,2,0.002161556690960499
1892,0.12192173828711482,0.010357588192814626,2,0.002521024006716733
1893,0.3180586314110566,0.15390367505803917,4,0.005274149671472376
1894,0.2592434824892965,0.045393878674024085,15,0.017044446345640684
1895,0.28120164234573797,0.16495514977917383,1,0.0020201169621819758
1896,0.21533144788191697,0.01900360093554424,18,0.02001228246471283
1897,0.15449536564102884,0.06996502448246569,0,0.0008213414958879728
1898,0.13329520282597268,0.022612730870063574,2,0.002391905669309681
1899,0.11421269856347256,0.0020717099492864872,2,0.0026090970987932335
1900,0.24978182388295453,0.037602028333922954,16,0.018407501747179644
1901,0.34167539242860356,0.1998205869324648,2,0.0030672763166825967
1902,0.1787426853127617,0.08952902562646703,0,0.0009620806149207607
1903,0.15639980388804242,0.0016524545245990355,9,0.010699938208770353
1904,0.3262038970652884,0.18932087012803203,2,0.0029680142751531816
1905,0.14263390606745333,0.05125550676470217,1,0.0011005465626127307
1906,0.14869493344930784,0.020573272899644373,4,0.004452747062531778
1907,0.12430963421363243,0.017884327158768937,1,0.0020538531926499386
1908,0.3325270848294611,0.13078476260967167,6,0.007283222327134352
1909,0.32299299540927195,0.1491038724019779,5,0.005879045925046145
1910,0.16618949172628497,0.002898637015216836,12,0.013197861450126825
1911,0.31947257390240746,0.08570585718179995,9,0.01075687709145298
1912,0.30120966988452536,0.15828075018545676,3,0.0038465684506056516
1913,0.10903937051839496,0.018457214721932885,1,0.0011045912843957435
1914,0.28871066086729136,0.10319101863560931,8,0.008947305282859428
1915,0.33538332344738764,0.0346467213858737,16,0.01776376926534457
1916,0.21827446743266224,0.06465171042634756,7,0.007644515867766821
1917,0.17594361157775548,0.0811715172982228,1,0.001203275807231261
1918,0.14486521042980197,0.007859059677682542,5,0.006177497156589814
1919,0.26620095090567625,0.05102320814291756,14,0.016103816097424884
1920,0.20083759146286956,0.02515205415307266,13,0.014687613138683216
1921,0.24874892536873472,0.0363757208617405,17,0.018658508068557275
1922,0.30665075804983893,0.19371052571819816,1,0.001682053913936796
1923,0.29584260661809975,0.056897823838880826,13,0.014991389883686675
1924,0.15426902506283882,0.02395903062878977,4,0.004744371632091673
1925,0.18078188286968355,0.0008947881818473849,17,0.01873370031467231
1926,0.23556010387289758,0.04723456308181073,13,0.014520128221183782
1927,0.11565719034760849,0.028702412399295656,0,0.0009451430273463726
1928,0.30966365890390385,0.18695410682948607,2,0.0022160959039143973
1929,0.34972748506450263,0.10873747966103361,7,0.007951349074905675
1930,0.3183517421889919,0.0973712329729105,9,0.009799462268940748
1931,0.10422698442359128,0.012235040488626045,1,0.0011757948408105568
1932,0.24589252046430649,0.11520815426800307,3,0.0035443358626861044
1933,0.13386609605076458,0.014522827623757555,3,0.003328329881030454
1934,0.2247143759421166,0.09113126159499627,3,0.004190834877780688
1935,0.11071112555663361,0.003792375128956254,1,0.002133715929502054
1936,0.3124928795953545,0.1734433461616753,3,0.0033290388492540554
1937,0.24739377152040223,0.03435085115135584,17,0.01910641169784854
1938,0.12333466539387516,0.005406769706096837,2,0.003217108106531717
1939,0.21369805946963763,0.09183088326468027,2,0.0029852838600139112
1940,0.30390955569566386,0.04348373419675275,15,0.017098003204728023
1941,0.09962694811112932,0.01004871476362549,0,0.0010687145051485197
1942,0.2989366795761133,0.0976305959093233,9,0.009901915215054728
1943,0.32286010171844554,0.04311537142409782,15,0.01636188527365888
1944,0.19581935315343282,0.03352033138021965,10,0.01087663755662744
1945,0.13433186060850116,0.017240003751094135,2,0.003053166647930979
1946,0.21790846017186435,0.10316236631943795,2,0.0023140604685174945
1947,0.21152461506235168,0.06309126396407684,6,0.006858227315784777
1948,0.14395431746892284,0.01285245819689782,4,0.00502011750993231
1949,0.29594141235411214,0.13576909204585996,5,0.005667938949125184
1950,0.12385066235953589,0.033874033310382856,0,0.0010617723631337725
1951,0.09014781782954352,0.0006916055532460775,1,0.0010715394934951367
1952,0.2002372756064508,0.06987082875609492,3,0.004128802783114889
1953,0.09267115991721453,0.003660104993512362,0,0.0010498291974290223
1954,0.21978452978888438,0.08356736488751328,4,0.004627676185239042
1955,0.3105424496591074,0.22103459426370464,0,0.0007635123127368389
1956,0.3230169955794982,0.0845322851048724,9,0.010729888017762385
1957,0.26861585624245565,0.07940256085332756,10,0.011141799470910494
1958,0.33589628518274794,0.2343512234372681,1,0.0010787386435616069
1959,0.1862631655314237,0.028542246996998855,9,0.010109163324077762
1960,0.3459539699251981,0.1835468814234888,3,0.0042846042664719175
1961,0.3097465751078438,0.16431248318479746,3,0.003895253517542503
1962,0.28649028184765857,0.13629707544155475,4,0.0048881691827605
1963,0.15340727943738794,0.005618553586526653,7,0.008659889203944643
1964,0.21922208638279042,0.06057900887133948,7,0.008660617910561526
1965,0.17175085528068945,0.07676204869010442,1,0.001221373071632477
1966,0.24990566801628877,0.03738812135165585,17,0.018470588302100063
1967,0.18259023605559985,0.07493312216794967,1,0.0019463436148888264
1968,0.345038238014493,0.18098316604052353,4,0.004413060310542347
1969,0.12864447515541447,0.002423692534763865,4,0.0043573726928519225
1970,0.2052507096455928,0.09757866303528867,1,0.001855951302534208
1971,0.31790828761507095,0.057680090063545325,12,0.014037409265247517
1972,0.21875051112281485,0.037217462486042095,13,0.014615234192010485
1973,0.1772260604677977,0.06361369732895672,2,0.002453468499297797
1974,0.12352083153251948,0.005402117556013884,2,0.0032396537216984266
1975,0.3056657551698738,0.12506715391638162,6,0.007318449086692319
1976,0.2882484395987291,0.09065532716935315,9,0.010477193578956908
1977,0.14706783125236542,0.015206769645935755,4,0.005115053324741684
1978,0.10921537197753708,0.005089699555466113,1,0.0019125947786358256
1979,0.32817967535283776,0.09152394148316496,9,0.009944435206293425
1980,0.3421936746609435,0.2416087485993721,0,0.0010277110066929502
1981,0.09744676454594747,0.0041695211618569756,1,0.001247248265328485
1982,0.2534043548019755,0.13966553413454208,1,0.0020277894224430327
1983,0.2886125350477611,0.1882432081336968,1,0.0011765468498733597
1984,0.2652039956079341,0.08099805791183,9,0.010620381284979226
1985,0.25448018767024233,0.09073515703241099,7,0.007888980411574426
1986,0.13847377694545152,0.00523615229457022,5,0.005502328601087228
1987,0.11742876384983451,0.000464492165565427,2,0.0031320126739235125
1988,0.2037094760260718,0.04630198625043594,8,0.00913596933748146
1989,0.27616263923116846,0.029744179319824204,19,0.02101943014933117
1990,0.24441410395624372,0.05838762393166252,11,0.012961118383166655
1991,0.2945579437388807,0.16359265715975382,2,0.002945903076268602
1992,0.15009322023322014,0.05460981942137534,1,0.001285057617907125
1993,0.14541618712316343,0.006390223393740668,6,0.006618612724639026
1994,0.2521822437231118,0.13443887780351238,2,0.0023199495449558604
1995,0.1077737316874875,0.0016544099781390152,1,0.002074713191044022
1996,0.34676621677579633,0.1814448084970598,4,0.0044405875777505455
1997,0.20611999629327696,0.03466528663361791,11,0.012830691009564998
1998,0.26246243057790786,0.05809730482220397,13,0.014553228222161606
1999,0.1586806002309695,0.01727592103957352,6,0.006867138553905563
