,X1,X2,Label,f
0,0.25989051826999815,0.543524387894831,0,-1.9461201526940145e-06
1,0.32921401419326946,0.13979009971455286,1,0.00670546684601159
2,0.19901811437495062,0.5650641726456141,0,-8.54965432077787e-07
3,0.14561997377134228,0.2260707111632565,0,-1.3559355343082643e-05
4,0.2863199856936513,0.30101714510024663,0,-1.1232623834107956e-05
5,0.048620963578268284,0.10872114770033275,0,-1.526168453553811e-05
6,0.3208447899233257,0.007089525927931592,4,0.02846194291196404
7,0.34259870452735275,0.0558423102377241,3,0.013105872715868244
8,0.3471169453068444,0.059927169210672315,2,0.012268807203891148
9,0.31420745642765324,0.0798696421534556,2,0.011496216738751864
10,0.2745073239335391,0.054612079050346984,3,0.015585890479498165
11,0.34723662944397266,0.13299492786276484,1,0.006926606415855698
12,0.3490622407675541,0.08395255499883858,2,0.009568241924301573
13,0.028964384737181124,0.3277543697474492,0,-1.6790461551780063e-06
14,0.3403585142386414,0.03948982296556667,3,0.016347032273971218
15,0.3056630367935774,0.11021553803673938,2,0.008742960150610673
16,0.28163128454344244,0.06836119062618395,3,0.013386572114398547
17,0.29536988153587274,0.01009904906497676,4,0.02743222619554569
18,0.2925097565021113,0.15075740436198873,0,0.003905111613436741
19,0.33408243879170696,0.1706225837468227,1,0.004699518226430156
20,0.30515674276532084,0.029135060913404898,4,0.020472257279413653
21,0.3422567341417789,0.1584830729315286,1,0.0057000176423348614
22,0.2516842296012272,0.02575993126323378,4,0.021780320025136798
23,0.26736133291074443,0.04320081034032425,4,0.0177690693607991
24,0.23319682532442862,0.024120858709993784,4,0.020882279952812763
25,0.3127442554177156,0.04642361545155725,3,0.016160619455415172
26,0.2790571316378146,0.04528030577049603,3,0.017377112382293315
27,0.023928872444060317,0.058307800375969436,0,-1.5213640829313994e-05
28,0.165200333752652,0.008786353830509713,2,0.010812857491880573
29,0.30923710102437085,0.04568214886421227,3,0.016451391352614805
30,0.31007093313461975,0.021420555428845724,4,0.022703788864405435
31,0.3057830935846158,0.1540760223540987,1,0.004537573393328205
32,0.19797680835172443,0.0861329385804926,0,0.0021945243050266274
33,0.3363525419637544,0.19976832316144943,0,0.002810917257534419
34,0.21170579801283135,0.09439955491195284,0,0.002570485452829181
35,0.26672432319356976,0.05651052097977746,3,0.015048414070986916
36,0.1473387867939701,0.0275426478233287,0,0.0032919378662099245
37,0.2526544748335659,0.12594123394431145,0,0.0030680451322993713
38,0.22204515669867408,0.07317098866118266,1,0.006600940512674452
39,0.14962545328252977,0.0021649080222273962,2,0.008692907017624893
40,0.3451157652493662,0.10394332771864893,1,0.008409318179704247
41,0.22843092419270924,0.109412959769323,0,0.0025982325400940058
42,0.1077421394211749,0.08461804817277137,0,4.0694143987523334e-05
43,0.14517746805012116,0.08019743132925869,0,0.0003612288921458188
44,0.13878516153511056,0.02752519998561816,0,0.002423126921721286
45,0.07002747556472544,0.05993753496227323,0,1.270706634166763e-05
46,0.27292132026051763,0.08299398108709351,2,0.010852411167362654
47,0.27664357099715176,0.08853256248237226,2,0.010248670553790784
48,0.012970185167946074,0.0012829563100318353,0,1.570272540624253e-05
49,0.3404157331369271,0.0695033102051886,2,0.011399409945599
50,0.31790312638936785,0.1205826565009444,1,0.007992427741395396
51,0.29388199853928915,0.02425581592192283,4,0.022253082871817167
52,0.26859437196381425,0.018830906510365786,4,0.024316725592049938
53,0.32867349029321946,0.07065750724441949,2,0.011854604652264936
54,0.003484485802542708,0.10975840444329962,0,-1.1041580401365667e-05
55,0.1587824195252403,0.04347760499019543,0,0.0027180354402568294
56,0.3167135726193013,0.03119905877719728,4,0.019468282431870633
57,0.09249529357575931,0.0056736136203397345,0,0.0009584482433156067
58,0.1814847604436234,0.06054420144683669,0,0.0031630409472994847
59,0.24008794987469362,0.012357135707825359,4,0.02561904477128972
60,0.1472125361144983,0.033984792896967875,0,0.0025726579169476076
61,0.1259932047820633,0.04862606788290653,0,0.0006268736577970072
62,0.29504510623998403,0.14028933834793447,1,0.005129926981743512
63,0.19743413809304441,0.028631413607552125,2,0.012732193010103168
64,0.310206124469921,0.1241014731965592,1,0.007564301431721831
65,0.25899965791484836,0.13505578139666427,0,0.002757609654724659
66,0.3450131261721921,0.02835151357736468,4,0.019154943708971604
67,0.2594258640241252,0.12118488512510467,0,0.004159936080179004
68,0.15044673327925479,0.0003149225121476199,2,0.009463703804136558
69,0.2000673858678025,0.003439824599169722,4,0.02312323441724234
70,0.13818284859414492,0.00018550689812181704,1,0.0065279041216578255
71,0.1580646077648357,0.01134205999845675,1,0.008210762812142244
72,0.1723536207230869,0.06932534813259228,0,0.0016661989160419919
73,0.300938373727717,0.14511023055769964,1,0.005062653965571704
74,0.1471060174692279,0.019283613203392343,1,0.004422812472557539
75,0.21182440113267872,0.08297458538188617,0,0.0037805050932742663
76,0.26074627688969415,0.04091449867924728,4,0.018123508070953177
77,0.19968100637162822,0.05554237802764707,1,0.006381612849686097
78,0.32355433457217636,0.19417006066112386,0,0.0025056254532874037
79,0.2683529742496038,0.10297074379670375,1,0.007460266152529252
80,0.14568356759449583,0.021790164811006662,0,0.0038450015192084287
81,0.30575083151066207,0.11162684811567189,1,0.008610382018886142
82,0.3493062866112789,0.2011054238598764,0,0.0033314216152675316
83,0.242990331435725,0.03860720480491038,4,0.017613717033633732
84,0.144384472457942,0.010372781188852232,1,0.005564504851883997
85,0.3301872000032003,0.05679154757486757,3,0.013582986355115059
86,0.17675376991756436,0.03787109020533252,1,0.005920581534906409
87,0.2672098127508322,0.07885555672381066,2,0.011132564800158696
88,0.20093394126405525,0.06482342635440685,1,0.0049559589411203855
89,0.3015643158705465,0.14924610044432382,1,0.0047043945843138445
90,0.14058210607677998,0.015877874413182946,0,0.004008873434659351
91,0.18669710620638094,0.0637574225232083,0,0.0033461388541994055
92,0.31781662381305564,0.13035661621694722,1,0.007218576118305021
93,0.16154748062997826,0.011260836043440754,2,0.009082932393529327
94,0.22089492101180624,0.04163925515291905,3,0.013723185415381561
95,0.34490696205610166,0.18442713605049893,0,0.004192181682889584
96,0.30072593690598654,0.04610821975815591,3,0.016701210881610768
97,0.3398253262191108,0.020068162669891948,4,0.02221296359307629
98,0.3419409390176057,0.043879812995648367,3,0.015304111729893521
99,0.2882513424364453,0.10210512659779769,2,0.009057907669418126
100,0.33352560709410084,0.0516363905279059,3,0.014246563676908817
101,0.23749032697379596,0.11989850258883135,0,0.002412752813730752
102,0.15171325111119785,0.009526720002512964,1,0.007225548411753259
103,0.1291275868294945,0.010592714471538311,0,0.0032575739208523203
104,0.14921777964506472,0.013756346131637322,1,0.005774648600972636
105,0.1326602611817958,0.017738393798065324,0,0.002819158563581408
106,0.32424767484414874,0.17641894215507936,0,0.003791996503829662
107,0.13849966809069866,0.003667648868177876,1,0.005826293332551384
108,0.27483101936791765,0.151066832647186,0,0.0025941745618685372
109,0.30795710923776604,0.13180957847556724,1,0.0067699563461790565
110,0.20530502993300506,0.020093341154796746,4,0.01752628171206046
111,0.2755195993208763,0.17656575235249275,0,0.0011564214850909203
112,0.19144947999847894,0.0607700696364464,0,0.004294156387325355
113,0.24794215404451875,0.03824621895812219,4,0.01811527683451498
114,0.33274478991992573,0.09394120499827438,2,0.00957894633881093
115,0.34155115409065967,0.05141649684687136,3,0.013886452600149148
116,0.32797714433938024,0.1670673076466701,1,0.0046968789829742496
117,0.18093311494952716,0.050398697362782685,1,0.004419086680204996
118,0.2332283276902757,0.09263478191291172,1,0.004978671451924152
119,0.3352103774817806,0.004357293153163924,4,0.029716693957174425
120,0.13055441157573924,0.007371239153030807,0,0.0038728045648649487
121,0.15395960589451502,0.02913205413913872,0,0.003899928146290234
122,0.2210235136959376,0.08720668004064418,0,0.004280114415501219
123,0.1883680927620312,0.05893601980648922,0,0.004159358169184291
124,0.27812979054389503,0.1285627711133727,1,0.00504142087088738
125,0.33790005529838557,0.05069653311219062,3,0.014193240285298952
126,0.1633998514692796,0.007037758776404901,2,0.010889341434395818
127,0.23978665920242187,0.053818983108899474,3,0.013448446438975003
128,0.2839202848641396,0.04457085340747824,4,0.017460446343911747
129,0.2776332386241369,0.11497573802625595,1,0.006665182705124132
130,0.34554386733667725,0.010313651260190173,4,0.02632783901660573
131,0.21988390263520555,0.09077103872605849,0,0.0037094571532698844
132,0.13999416755942165,0.010632951261173538,1,0.004762424066624511
133,0.33690735333417854,0.058392178989111414,2,0.013008878179877744
134,0.1356043830618941,0.00446397226761553,1,0.00513850829194655
135,0.30383369640862573,0.07319553332481854,2,0.012542348333266824
136,0.23462864750460305,0.08150181480280165,1,0.006924040682852707
137,0.1549653875051262,0.016880243527091596,1,0.006212652500749344
138,0.22992808004944706,0.017665817411621536,4,0.022711439395695657
139,0.22098402342491497,0.010348954342428995,4,0.024299135981583408
140,0.25484741720162696,0.15132729762786618,0,0.0014260658442895935
141,0.3086488607484512,0.14639820157343258,1,0.005430684893447427
142,0.14849816105429653,0.02309319736047745,0,0.004036661195248264
143,0.15821152362895735,0.016422735872107852,1,0.006967851628843327
144,0.3173031833752828,0.0726205811949762,2,0.012147135298709543
145,0.17966278694581134,0.010833763914134775,3,0.0142395932634703
146,0.3280431236934975,0.159352692830017,1,0.005281646453243436
147,0.17595179218737184,0.012576103108588853,2,0.012536045456025604
148,0.3481419084265158,0.04252567266325196,3,0.015299660903506056
149,0.27173509028931475,0.06678623611549787,3,0.013395316693097712
150,0.34437130696087603,0.20960788186763765,0,0.002599373378188639
151,0.1256669261298495,0.015586199722143625,0,0.0023654460203185582
152,0.2501242723955804,0.09690825479592173,1,0.006384358238544178
153,0.2359877148746243,0.03789349484039071,3,0.017066570933546597
154,0.23406194074044845,0.06993324851597707,2,0.009044105824474076
155,0.14504190106684892,0.014971402328696587,1,0.004823026010532411
156,0.2838638871536586,0.0287930134333991,4,0.021166670672038635
157,0.17971536144346395,0.014254288998656328,2,0.012999011788018473
158,0.2979545766978679,0.04401100771367998,3,0.017207423512655563
159,0.2603732583775716,0.12246993948498497,0,0.004104954281991199
160,0.296340006618838,0.08970530578129217,2,0.010740745918970401
161,0.26037757987889226,0.11306217996186985,1,0.0052398969181771315
162,0.24858884727123357,0.08705332076555317,1,0.007802383711421101
163,0.28432675039272337,0.12782480774018273,1,0.0056583711840436065
164,0.28616707906073585,0.054135705047301474,3,0.015647402078790475
165,0.2634695501609101,0.07109869196002423,2,0.012197682056487393
166,0.17384193512191626,0.0006388715211243998,3,0.0165881093910008
167,0.3363692380440007,0.1735608703104818,1,0.004585156028610516
168,0.22219383568052226,0.10061840135125887,0,0.002881982065143253
169,0.309457148493645,0.17529798424810691,0,0.0030009905253253824
170,0.2960802418820151,0.12232654886695499,1,0.0071310043374328775
171,0.3219493681632034,0.02642739157851305,4,0.020657686293743014
172,0.31766737269579676,0.17828047175563996,0,0.0032730642668879146
173,0.14212997960280238,0.0008142762541794406,1,0.007243693101733867
174,0.2608756247885901,0.09647439904034961,1,0.007677937524823439
175,0.2950820612835836,0.14975302259425352,0,0.004190601771011773
176,0.32754211943849326,0.029502825842585276,4,0.019512868317155707
177,0.30186802867003104,0.11546737503732278,1,0.008127458676634527
178,0.2360163178353078,0.07232398775868626,2,0.00884686658619114
179,0.33487273280009244,0.02703213493954657,4,0.019971407022418883
180,0.27141131473709545,0.045331504686095855,3,0.017365047470645774
181,0.32955604954220086,0.1250174525148467,1,0.00766131655556737
182,0.30370951197312085,0.16672700337221286,0,0.0033014439914831944
183,0.23631263078886008,0.10178397088702462,0,0.004122810662021345
184,0.27232207109798845,0.10183626164552102,1,0.007992976712232851
185,0.3440417920720892,0.17562538707509484,1,0.004714645733843769
186,0.2031012938323179,0.047983007254731286,1,0.00861295586668153
187,0.2563034810601192,0.10559415035951936,1,0.005814365516498565
188,0.16815461574417423,0.021145825733211374,1,0.007959286082556307
189,0.21088971973252318,0.06082621123491804,1,0.0072013863013126915
190,0.12862177070347297,0.002149353347129738,1,0.0043987112930251
191,0.14219505139537694,0.01512513841917149,1,0.004356389441860545
192,0.34404130576038533,0.08868112088005252,2,0.009449999946722042
193,0.3044072518816205,0.09757214608659366,2,0.009948875060259989
194,0.19796652567007506,0.07267528881378939,0,0.0035116670333798835
195,0.33190981657453894,0.06564005654860464,2,0.012285777722175045
196,0.28542551318467335,0.07580669949696817,2,0.012360649262971042
197,0.15649278895188404,0.003282479331571244,2,0.010188163916909198
198,0.2681672965583322,0.0016677100562544943,4,0.03129812152268968
199,0.20592001024146508,0.05725796495941837,1,0.007087570850116781
200,0.18940164532396142,0.05094828628337151,1,0.005573613457697651
201,0.3131508868526657,0.16617802730765613,0,0.003954035563045222
202,0.2684439348985726,0.09905081376938646,1,0.008047258386203923
203,0.27907624712328716,0.06986177342472784,3,0.013115711821889694
204,0.3145138359427394,0.06000009249420221,3,0.013851944487484091
205,0.27009923556808535,0.13322406450371105,0,0.003826799049395865
206,0.15357288721367598,0.025907583306929747,0,0.004324819495869576
207,0.219752237522487,0.018929445215095687,4,0.020816774995674733
208,0.3097527116662856,0.1949090759311129,0,0.0017640452451458354
209,0.19702455282456263,0.0384340587271748,2,0.00977997894422959
210,0.28424442807509426,0.14464276357321654,0,0.003853070193524453
211,0.3205626310289844,0.08732913709907823,2,0.010574520010758202
212,0.3223540552700867,0.15547771681224393,1,0.00534677828475292
213,0.2559359170398169,0.11640695842697413,1,0.0043744802551664436
214,0.25189010100828135,0.04242817674447769,3,0.01733960468314112
215,0.3386661138976474,0.09171772561691828,2,0.009481418975443134
216,0.3023822601348377,0.13935237505122366,1,0.005730033971162187
217,0.1451626687349377,0.006256226130074765,1,0.006596401948420398
218,0.1615536784010076,0.022050248857542726,1,0.006377336910833242
219,0.2291218248158482,0.053807456169936076,2,0.011909417451269645
220,0.27223906213642574,0.030783327124362672,4,0.020765808696965978
221,0.17821161649556422,0.005152029597813745,3,0.016061269284074715
222,0.23386892401507825,0.03369074501073818,4,0.01800881056035579
223,0.3430322482370308,0.07898679625504451,2,0.010301103081198781
224,0.3237503577353525,0.018421169730611035,4,0.0233650052045257
225,0.24616073554959164,0.12393660210437007,0,0.0027292494953101544
226,0.17102855928618,0.012507817350371271,2,0.011190281854522711
227,0.24488138129580292,0.08424397155228568,1,0.007821065649079325
228,0.13316680440243014,0.00948538838140226,0,0.003923853552443503
229,0.3218754470039651,0.06151433428090537,3,0.013308214972228786
230,0.32753763358103055,0.17326023942168786,0,0.004206520440497545
231,0.2695451376153544,0.08879062495941328,2,0.009713086063245722
232,0.2444576813256338,0.09996652537779882,1,0.005267523815095462
233,0.1579524560167676,0.022705070726262044,1,0.005580212330973718
234,0.34417128287338483,0.19144121385063737,0,0.003715752334546911
235,0.20238412901331765,0.104842949066129,0,0.0012806796638195695
236,0.31564562741466123,0.15396980041976735,1,0.005143361183159101
237,0.16358056650108227,0.013169268729476673,2,0.00904024951895611
238,0.34395481818807727,0.098118363499852,2,0.008808706764859153
239,0.2886162066925162,0.07691004192776324,2,0.01224468067874687
240,0.31004661110426546,0.0887442329844517,2,0.010742505969125123
241,0.2629534273051576,0.0525204444792126,3,0.015684772259681793
242,0.2607755917205678,0.05914830952489071,3,0.014252341565796321
243,0.31233264680911627,0.15169245665042538,1,0.005160130576263423
244,0.1892611695803319,0.028624954723483288,2,0.010790419161572322
245,0.26866983155754365,0.044026007304101424,4,0.017610194526670706
246,0.3053512254095582,0.15676461650947796,0,0.004264608518510673
247,0.3107699895702651,0.1112315160225449,2,0.008714452892380053
248,0.34002686746390726,0.18098975208343895,0,0.004227117267390571
249,0.278849388037095,0.0445648566946661,4,0.01752429274157018
250,0.17461758009511572,0.04498229087588243,1,0.004368949487933037
251,0.21816486225015164,0.04417170133318327,2,0.012516780905289845
252,0.34844425342883545,0.0705721744668517,2,0.01086794958286672
253,0.3288851306668357,0.17169400638071206,1,0.004391139285803228
254,0.17775787636687299,0.020658227227144808,2,0.010373373390401766
255,0.1341977367517933,0.012324557751478697,0,0.0036587616239872932
256,0.2252092327277534,0.04042729795474641,3,0.014811463937557726
257,0.25984343761026274,0.12166315412440835,0,0.004145500683973511
258,0.17332728827254693,0.05208654510049369,0,0.0032646575296134427
259,0.19997648286797193,0.022332129523121032,3,0.015460553538280537
260,0.27622034018478214,0.06742059639269046,3,0.013432031924400607
261,0.19334436751177117,0.027503676783297418,2,0.012110445967461018
262,0.15067328579504224,0.01866329138116328,1,0.005090628998845664
263,0.1855590689278668,0.021693996319551642,2,0.012032029730603128
264,0.1281911085231598,0.004695204110888583,0,0.0039380977650658976
265,0.26568025881108526,0.10830109739291846,1,0.006431186222001773
266,0.17452432072340698,0.08465743688346365,0,0.0009933513373289642
267,0.25177832658684374,0.1151197113101686,0,0.004115510914524644
268,0.24891338439340951,0.08957323042538198,1,0.00741454356676474
269,0.23339226604258967,0.05733041176581932,2,0.011723962908970572
270,0.14906398867825452,0.010359433992992662,1,0.006469259558871624
271,0.34634714943712996,1.5813042745055914e-05,4,0.03225853993504722
272,0.2878616102221674,0.10048996350406349,2,0.009238550623634437
273,0.3108143094268678,0.031675937118795086,4,0.019569663588095757
274,0.3099935861478081,0.05495401489464002,3,0.01480063550100501
275,0.314345460230375,0.10001099552926207,2,0.009658567530759955
276,0.17698895924730074,0.0030674227328024873,3,0.01655666064657834
277,0.28534942305866456,0.0645987181519555,3,0.013973570060828059
278,0.2524785870884305,0.011023110682385604,4,0.02680653632192359
279,0.25440049145123267,0.037636483297785836,4,0.018659851751123155
280,0.31174738002717817,0.06388298845811037,3,0.013435512784969118
281,0.32842085247227715,0.10039536341276621,2,0.009282859338951545
282,0.33368429146338285,0.07358426052654046,2,0.01129512740133374
283,0.13996134961576984,0.01721936360233476,0,0.0037328826382831714
284,0.3226373984099462,0.0694666662417591,2,0.012273083524428272
285,0.3438839170728621,0.03846409147848277,3,0.016428028468796083
286,0.13654482321949082,0.00906261961650317,1,0.004483646965091195
287,0.2865966491491315,0.144810987537262,0,0.004021350135471455
288,0.2961015449753729,0.10579510793146424,2,0.008951457686293386
289,0.2586042749288273,0.0650236405103161,2,0.012960493977291786
290,0.3274514999956961,0.1084881555535407,2,0.008759639824554818
291,0.15032540561341085,0.016275345988249694,1,0.005476943465036092
292,0.2590946143096711,0.09137398428539212,1,0.008302218206592101
293,0.14167520729199104,0.018681405060281216,0,0.0037536099561326307
294,0.15467079097248082,0.0007067157787315481,2,0.010519329594803868
295,0.34881580925256683,0.18884628530681793,0,0.004059056954038256
296,0.31455302860719125,0.16017479663389625,1,0.0045465243419834786
297,0.16173741420080232,0.035993866859386804,0,0.003951392928367734
298,0.29548991318255236,0.11005400546986285,1,0.008457030315255758
299,0.32879631740065746,0.05381840520010285,3,0.014116452131899947
300,0.3497278811456179,0.1068527433708946,1,0.008048526617741985
301,0.29683650807091716,0.147123786592911,1,0.0045735654052491085
302,0.15561694493012113,0.008478976156160606,1,0.008403482847102786
303,0.15715585853218672,0.0015857414687603154,2,0.01094190457305106
304,0.257435201125387,0.06547827020661191,2,0.012778698303671987
305,0.2570843668870398,0.06278445295519536,3,0.01327814892208983
306,0.2525896319283801,0.0635448726360679,2,0.01273020443239751
307,0.34602760437516605,0.034345359294681105,4,0.017377959791770283
308,0.3175067054880548,0.06741549054321397,2,0.0127451474704786
309,0.3477183081057109,0.16959066806618608,1,0.005154250608440941
310,0.13867960661824702,0.010420590000473354,1,0.004589566108770369
311,0.32739503460134256,0.06290456744757561,2,0.012857666416705995
312,0.3178981713195797,0.058018038310500175,3,0.013987897341844158
313,0.18801805966882976,0.018870895011077436,3,0.013631489366681066
314,0.31679346821522664,0.11135154198475275,2,0.008713787780720692
315,0.24928621843758217,0.11201267169507952,0,0.00423146765069561
316,0.2826631319552497,0.03785373047321038,4,0.018922955711944613
317,0.20705924529741873,0.02786442834810026,3,0.015197959889148849
318,0.13116752764686002,0.001490761026324905,1,0.004924384363255997
319,0.201701750069553,0.04211370317636795,2,0.009791117757747705
320,0.3296396703741462,0.16867469492781287,1,0.004651856600959127
321,0.23821596303946832,0.0595142955881736,2,0.011913389359184944
322,0.22503633945832277,0.0689993022193473,1,0.007849703402806472
323,0.31629167322383994,0.11063710891178143,2,0.008772562638017074
324,0.204430115576831,0.016169158844826236,4,0.01880613250142997
325,0.1300291162139185,0.002621149746869318,1,0.004540128449627842
326,0.15251589402715512,0.0011391241232817434,2,0.009771771487933269
327,0.17089655442889484,0.0001762257123783858,3,0.015817151468020096
328,0.3073705152148784,0.004661620060275255,4,0.029890512592041212
329,0.31350110528570424,0.16093202621210856,1,0.004418649250358069
330,0.14164468952682716,0.01111123105821312,1,0.004948391327821833
331,0.25459337436113716,0.0694385526300418,2,0.011752436478852758
332,0.19356988920625873,0.010240640669742795,4,0.018449814887831522
333,0.23367746328436545,0.08918024779408548,1,0.005540911246727051
334,0.23109102290440897,0.032586852024692914,4,0.01798215437443147
335,0.16559250652627305,0.011655529592796365,2,0.010004054888635823
336,0.18058550948032007,0.01183981326169601,3,0.014127586238140212
337,0.21936893890934547,0.0335155830733746,3,0.015852971483012603
338,0.3215616510041022,0.16252689746974255,1,0.004739233444347206
339,0.1262845042564923,0.005318451754673279,0,0.003592743977047064
340,0.30816882726383354,0.06670563317788591,3,0.013204927262850842
341,0.17608752586822518,0.010366889662524675,3,0.01337153625584372
342,0.263791395246778,0.12152134464901558,1,0.004536879322937179
343,0.31664468302844667,0.03555498493293044,4,0.0183420629025231
344,0.3350629660449061,0.015834804858176964,4,0.024064533173140185
345,0.22117158297778447,0.026109003291843045,4,0.01855083758658849
346,0.3175621442191025,0.1684456504872927,0,0.004035016440616089
347,0.3048852720167431,0.12083858106397732,1,0.007699800965270368
348,0.3002070587160112,0.06572414130683833,3,0.013585282581229886
349,0.216682735359025,0.023982216030164656,4,0.018485066475730297
350,0.2880250954283283,0.13668525878821355,1,0.004970106523354097
351,0.12295016261721532,0.0034680204147209135,0,0.003416871007008216
352,0.24869697450702408,0.057469501212164625,3,0.013630866095429912
353,0.24063356423604704,0.1343528504733628,0,0.0016261913025314534
354,0.316115911549427,0.04981036238769024,3,0.015392119075581013
355,0.2784363773536382,0.03658898674538954,4,0.019276515361418372
356,0.3128484664708991,0.16412817030921856,0,0.004106736784577219
357,0.20071043111097708,0.013486004859703193,4,0.018975837487286467
358,0.257067868065585,0.055128971949613505,3,0.01483010715592577
359,0.29255626152751046,0.13343240438467643,1,0.005673586567168056
360,0.12295077300445378,0.006851148184651711,0,0.0030006805768846385
361,0.23543677234122867,0.041266326701641,3,0.016074517480065283
362,0.182203912484408,0.033968143688787075,1,0.007793348487649295
363,0.315699274886724,0.04428349645170406,3,0.016447697094242857
364,0.3336787532532485,0.055427523841643254,3,0.013619054874602006
365,0.28589337664366293,0.1346888976155403,1,0.005013950729774313
366,0.3067937345421873,0.11274723207346311,1,0.008524767870636852
367,0.32054346614142276,0.16547434244748427,1,0.0044461834084781335
368,0.2988065736277569,0.15209632319481106,0,0.004239955715192806
369,0.1604787360211233,0.02768617687744961,1,0.005085052880935289
370,0.16824778572795726,0.019679993254133697,1,0.00836042116766182
371,0.1624409601795308,0.010271203095617064,2,0.009603609961312341
372,0.19280584487389385,0.0036784087065712956,4,0.0210905947731793
373,0.27809238752741033,0.0757250688038114,2,0.012201405670923447
374,0.3344954722486475,0.08277487790095513,2,0.010383100168183742
375,0.16086736106767086,0.008123459311014014,2,0.009846921658819948
376,0.163183427496151,0.04970755095161221,0,0.0025157658241152657
377,0.19087800109778982,0.03631522391838593,2,0.009024938232825129
378,0.2539129153786956,0.1100609629516775,1,0.004952722714908848
379,0.3409156095752931,0.18766020723894,0,0.003821119879413441
380,0.21202116012727312,0.05821365589981103,1,0.00793594632228649
381,0.32800341599040006,0.04481418144114094,3,0.015776698880429266
382,0.18841814880525035,0.04164771573733398,1,0.007253616370060576
383,0.29114048209569743,0.05617186751095062,3,0.015220350666069351
384,0.18072823662120147,0.035508262279909907,1,0.007143284041602467
385,0.23198657014437996,0.06602931347107177,2,0.009549349996860912
386,0.31475237572589315,0.11410015299206999,1,0.008494092820498598
387,0.33786219032486553,0.18342783372275365,0,0.003969935929402013
388,0.24535188993912058,0.11472228433582844,0,0.0035457661552762503
389,0.21726625418480722,0.05865517239417371,2,0.008749526890265374
390,0.28283960524548835,0.09570943893441274,2,0.00960000716913176
391,0.3240757743514458,0.0978514036708181,2,0.009606148034908786
392,0.3059491003305658,0.04976756784995723,3,0.015831802390240964
393,0.3032350470692414,0.15043890993540035,1,0.004705368955553901
394,0.32993015951501153,0.16641179420804905,1,0.004832558707639446
395,0.30613435237528014,0.03653570116964266,4,0.018529380153475945
396,0.342821574337527,0.09525804484130655,2,0.009045304607685397
397,0.1472565274662682,0.0031931458927339277,1,0.007822732600977524
398,0.22846485696660887,0.04447554094369389,3,0.014213171656091796
399,0.2730282668454655,0.12915033233582363,1,0.00452028205630148
400,0.2681722594203257,0.13445096837047213,0,0.003541188374703146
401,0.14452120397440094,0.0002539293431287333,1,0.007953732689202356
402,0.23454434126810944,0.0006644705011854923,4,0.03008815543583554
403,0.2969910259169649,0.07074955414946212,2,0.012995940553259136
404,0.19653913044277613,0.06236024878131741,1,0.004733867890863773
405,0.2730616358531205,0.13225261952019737,0,0.004184528763833429
406,0.2575975876546006,0.07485353582699839,2,0.011022273836575775
407,0.21683757614886023,0.04500720370313764,2,0.012039698143763548
408,0.293748983674878,0.10045036865126464,2,0.009474157253002649
409,0.3267539598462859,0.1781512473115842,0,0.003798456784520059
410,0.23515188101424525,0.06658601912455081,2,0.009907546147502765
411,0.29042190780621724,0.07132636997794552,2,0.012993648941590795
412,0.2585833867411955,0.0634432652219292,3,0.01326485970370473
413,0.2326631758576424,0.09543315822423488,1,0.004529622995973115
414,0.3146134344620486,0.14057123757034426,1,0.006260593977969983
415,0.33772822636499916,0.03462871153103839,4,0.017665818718571882
416,0.20900629295862466,0.07108683153071009,1,0.005084541989950776
417,0.27771237327860127,0.059242537140579185,3,0.014804219089863426
418,0.252387007784335,0.11804548954798036,0,0.0038446514146449336
419,0.16745234110883522,0.033708334734625464,1,0.005143148737148498
420,0.29775707716478816,0.11342663557935898,1,0.008183488835443908
421,0.28383534740209093,0.13915909766916645,1,0.004368919055677009
422,0.2519183379396063,0.07666051574063734,2,0.010085130386753577
423,0.26970015320165874,0.09291272033501187,2,0.009089207073885431
424,0.32867365393099723,0.18217906705150338,0,0.0036054657067918897
425,0.23356815554893479,0.10286820801282907,0,0.003712540614862758
426,0.2179027211668285,0.055734792686385454,2,0.009527867558361623
427,0.26501257295608344,0.12566897272060387,0,0.004179546707825915
428,0.34845348035603463,0.05641943209920809,2,0.01272039422959313
429,0.21749359738256585,0.08074964785619525,1,0.00474464666616413
430,0.3350982810255027,0.06058617903397107,2,0.012787944765534956
431,0.25454960733265813,0.03319874336004875,4,0.019811607020108406
432,0.33407838120819205,0.10957690517855616,1,0.008503254204243051
433,0.24231341205412135,0.08987112381744536,1,0.006533677462335107
434,0.2338297999908953,0.0981337238068009,0,0.004309775573741592
435,0.18499832499930136,0.02793121943427907,2,0.009988086643819984
436,0.311136103652085,0.07314753955852618,2,0.012323217113150207
437,0.34909390900093407,0.021647463045011906,4,0.021295361481354753
438,0.3303995707444061,0.11503688368967713,1,0.008269125879816734
439,0.20549529883212453,0.046794611906397485,2,0.009364684527803585
440,0.1995502605875476,0.0704357399629667,0,0.0039710503330462705
441,0.22052554950397338,0.06833008345510258,1,0.007274806847455576
442,0.19359305779834282,0.031665705131293694,2,0.010907215902631159
443,0.21506121667322517,0.05775950869336059,1,0.008564590835751099
444,0.3286871906061762,0.11116160889804946,1,0.008553910272349308
445,0.138276114697297,0.014511871730047412,0,0.0038920048243605474
446,0.30835603797493355,0.16264980983619362,0,0.003946650772460239
447,0.2940052606198245,0.06360680886603753,3,0.014024796703589882
448,0.32910898062218436,0.06438747795102104,2,0.012581587152929423
449,0.29152144939333263,0.10451194752497275,2,0.008919594341025235
450,0.21769807278077802,0.040023517231474216,3,0.01359623555152483
451,0.16209800861606352,0.003466799748280591,2,0.011742040921467755
452,0.2754620058276115,0.10752056105911309,1,0.007469767181190422
453,0.2614146230531852,0.02637914554913921,4,0.02190006402927809
454,0.15542491073042242,0.010482268891740998,1,0.007821005588046246
455,0.27171015904442225,0.04166666023536065,4,0.018151325748120797
456,0.2833920850421755,0.14109212396982795,0,0.004135347392520391
457,0.2602892674124516,0.03736942842340785,4,0.01895612189466086
458,0.17392771412162938,0.027478084887178664,1,0.0076360521534597865
459,0.3265666637842716,0.11337584313086611,1,0.008453291553230985
460,0.3135573166752537,0.06531487676970413,3,0.013174949407238564
461,0.13275371694262675,0.004036234710224923,1,0.0047351924493947385
462,0.20723698224166212,0.0788077392456722,0,0.003786326249186198
463,0.330795299440197,0.022858832032647113,4,0.02150815462642436
464,0.12707249958200736,0.003187642846594269,0,0.004005536590953503
465,0.31073304409677194,0.06153879867106262,3,0.013794459387473267
466,0.14206967043835522,0.015782962635138245,0,0.004234466642399127
467,0.2351976247517223,0.06367326522034522,2,0.010546803037868558
468,0.23612178383807125,0.053144560435800466,3,0.013122208485013104
469,0.3199092942734895,0.11319027621388894,1,0.008553953256762952
470,0.3304585647947307,0.17516954052446493,0,0.0042094232329786705
471,0.31564804393589907,0.11221856337983016,1,0.00864777878495963
472,0.3450762225523771,0.18223089687180485,1,0.004336369662179401
473,0.13249605009311707,0.00703484870783222,0,0.004199499252089384
474,0.25838449999679863,0.10984747200180575,1,0.0054551456059955495
475,0.24295227077976053,0.06587581604726304,2,0.011147610507573309
476,0.18097855765559298,0.01562610450585566,2,0.012865336896894708
477,0.3265748701722204,0.03627501035486738,4,0.017738441968083343
478,0.27274196311708815,0.06347621679879592,3,0.01398982525020351
479,0.3423772087729014,0.10124294733474357,2,0.00868634264420908
480,0.2609756586340022,0.06351156414884168,3,0.01342211333752003
481,0.3039847880321543,0.15797758349105132,0,0.0040638377432953175
482,0.27194674370604216,0.10400875783400473,1,0.0076484247477786645
483,0.31735927848668216,0.16365119122554497,1,0.004416929842558158
484,0.24786010945270082,0.05363042101023116,3,0.014401655961263136
485,0.32362627117299575,0.03216179859429811,4,0.018925826697418453
486,0.333677581219481,0.18503975905432699,0,0.003659689682111685
487,0.2485035206635168,0.06498696295155296,2,0.01200682665712189
488,0.34892822338865853,0.054626486544730325,2,0.012979970469410762
489,0.33617256541968055,0.10432766702027726,2,0.008750166540452846
490,0.23547638293720988,0.04921396189165154,3,0.014005691735884809
491,0.3384763464460173,0.030107153576978195,4,0.01888921653471258
492,0.14389544876239843,0.0020410913936169035,1,0.007337096724065951
493,0.17663691467600942,0.0416707295670491,1,0.005202594897024733
494,0.1387663886706651,0.013286444511243322,0,0.004142780177245409
495,0.2335731932394291,0.045378926901306814,3,0.014729766056123599
496,0.24802613368534027,0.11646610060667635,0,0.003608157332340288
497,0.3001023728183226,0.10443020216673929,2,0.009208801843834345
498,0.19964076177966344,0.03371872173912441,2,0.011680562978685638
499,0.34054322739930615,0.1795706678512912,1,0.00434184175652556
500,0.2531886585810529,0.11209294375011837,1,0.0046197604517207455
501,0.14752012094796088,0.02349193300749789,0,0.0038474481046880072
502,0.26979755572131553,0.12224490413572006,1,0.005023538484520867
503,0.27358521555544946,0.13860436806769197,0,0.003582734232925549
504,0.15664788112803626,0.006900569777703387,2,0.00911194329216108
505,0.24834470319633664,0.10457153071353247,1,0.005074173262580867
506,0.2530161424710933,0.0900814377287201,1,0.007826218532092883
507,0.3492496974700842,0.19368240704459203,0,0.003780957755674371
508,0.17804373917962954,0.04641320093820585,1,0.004628351883297888
509,0.28591865927323296,0.016797395187242124,4,0.02490780442745998
510,0.34067244250977846,0.028354330470978913,4,0.01932836972185429
511,0.14953765708027897,0.024116137751859366,0,0.004028816997005382
512,0.30741816760616325,0.10942533911617439,2,0.008843293697365388
513,0.2585127854550893,0.093072368755892,1,0.00796225199263525
514,0.2602161506537465,0.0893053839711855,2,0.008762424084657069
515,0.2972224833629582,0.13119940115714243,1,0.006241005538845759
516,0.21323447869947207,0.0396487342918903,2,0.012838149727889577
517,0.2782905150858989,0.024015233130531347,4,0.02262878931135682
518,0.30337784597878736,0.03998214241262191,4,0.017852554521738877
519,0.24866969742985906,0.07300884830386419,2,0.01040537667307432
520,0.3107213500727058,0.11295583601569918,1,0.00856314581719103
521,0.3175565538517334,0.04169185043247758,3,0.016899458118525595
522,0.2452401169197185,0.038235706782132325,4,0.01790847227229621
523,0.3014193038633091,0.021086372928909376,4,0.023072501641053324
524,0.1267383534782425,0.00010909824802725213,1,0.004443101167667817
525,0.33212950422873605,0.10837442880357677,1,0.008637444322580953
526,0.22589093432973345,0.07583023454479251,1,0.00668794460609538
527,0.3026627205430819,0.15725765662510688,0,0.004037781694944786
528,0.2691070901797596,0.03883439248401834,4,0.018773046309746952
529,0.12873889224323493,0.0036168505149911387,0,0.004181120009198778
530,0.34058489028549876,0.1086283812765545,1,0.008331129894109
531,0.2648269405327374,0.04415900080277539,4,0.01750670889227933
532,0.20660818436923561,0.005642211431495836,4,0.02365435335115159
533,0.30106345052439715,0.1594694246376944,0,0.0037322268807700757
534,0.126969448242907,0.0009642070604831377,1,0.0043383783629541
535,0.2611107954635276,0.043579038172021176,4,0.01752487675527336
536,0.22303695279617117,0.032987250681229825,3,0.01665437835979128
537,0.1685618504434942,0.012996231970803369,2,0.010369287494220027
538,0.24021734612537124,0.10416333407267912,0,0.004244062261198056
539,0.17915690858283098,0.029868380717604844,1,0.008157194806148961
540,0.3141387947763776,0.15789006703607913,1,0.004718951205807684
541,0.1662659882802809,0.000953432452722551,3,0.013983493852087114
542,0.32073633797601997,0.11669367891801907,1,0.008289316415311452
543,0.24238992843314922,0.06210256445567916,2,0.011889704172166261
544,0.16402706891545263,0.02601932134465092,1,0.006012526370430694
545,0.25661134257949275,0.04677636352846828,3,0.01660639136909471
546,0.3195953409763082,0.0336834108982294,4,0.018690737379976004
547,0.15291628340884725,0.029725671452923985,0,0.0036837009991578804
548,0.17851959948552668,0.008827990078059615,3,0.014673540645349712
549,0.34552559937340793,0.10898970813019616,1,0.008115886512325528
550,0.31798073349581196,0.17072618613113835,0,0.003876369381879247
551,0.3223441280193024,0.07451917764341609,2,0.011727751818618098
552,0.2163126002134562,0.08422440897496694,0,0.004127033492149279
553,0.2925697924517374,0.04420263531075705,3,0.017336905745207878
554,0.1561548116060188,0.020686160179930687,1,0.00565472902082656
555,0.24697316854399437,0.04944298862747322,3,0.015281711030562094
556,0.20922030447924547,0.0758260662461278,1,0.0044120095775409245
557,0.19413881855496237,0.026120020453387537,2,0.012745144013525101
558,0.3274505470937426,0.05863542441079109,3,0.013444914741374018
559,0.2602495202585462,0.1251406789160266,0,0.0038034668191546145
560,0.2911887218572365,0.11214350910554101,1,0.00800658387884199
561,0.21301580565333875,0.011370693528475261,4,0.022528146020073744
562,0.2934570535208578,0.034055528385925876,4,0.019562185420031374
563,0.3282535504788774,0.10566906534362533,2,0.008926978742015831
564,0.17072781528450712,0.040637069630286196,1,0.004490080686876296
565,0.29463493961794335,0.10598690800676754,2,0.008877301425880224
566,0.3228282813131793,0.1126046133490801,1,0.008565780489672405
567,0.2873152778797653,0.0817094234979834,2,0.011598045830162234
568,0.26172572872227307,0.04513844557718163,3,0.01719863852664611
569,0.27234868877189755,0.13066603255114095,0,0.0042927821216521165
570,0.16453826680299086,0.04179844732249917,0,0.0035222703233099835
571,0.3311324977989064,0.17465676810345987,0,0.004279347714966757
572,0.21628402976479366,0.05259069785845881,2,0.009986529851007397
573,0.2952515307014811,0.1518513781643721,0,0.004005483644239553
574,0.16319879321586153,0.017276166229372447,1,0.007839765207323789
575,0.2239624120708581,0.0906367271581639,0,0.004169724173414538
576,0.2542569439726679,0.11618280346957531,0,0.0042354089050286575
577,0.19666700134103865,0.024135774475596162,3,0.014024907401220506
578,0.3237977681803424,0.11833688527852548,1,0.008152669288020834
579,0.238258643182708,0.10681617373082099,0,0.0037316518852511618
580,0.34434985117922096,0.18614043368601238,0,0.004062323651448037
581,0.3172147974905613,0.11145590227884963,2,0.008703621862651485
582,0.34194250294403616,0.11282688834526972,1,0.008052579120996597
583,0.34357462953957696,0.10236399194996343,1,0.00856754664393822
584,0.15858489300087444,0.019807324192044076,1,0.006285721758047283
585,0.2451221916616769,0.07962202792248083,2,0.008691615788794264
586,0.25550267902029095,0.07932997440979594,2,0.00999035272203097
587,0.16055544558839624,0.0034807326139006593,2,0.011282333513416424
588,0.34734588670071437,0.18306522886126306,1,0.004360493507941504
589,0.14797046080490617,0.02173812755989994,0,0.0041655932648263115
590,0.21481510249905125,0.05941140346029743,1,0.00816067452481293
591,0.24020471577035687,0.05210939320232748,3,0.013909276176998085
592,0.30250137968264956,0.04506567451083334,3,0.016837410970901825
593,0.16007175118765535,0.006930308872031996,2,0.0100061899925799
594,0.15259641735033794,0.021784441087368673,1,0.004852290388933914
595,0.24901969016008532,0.06923367554183443,2,0.0111966602724744
596,0.21392307111659092,0.04119087107647128,2,0.012534057241734953
597,0.27277504324305313,0.1353648750809358,0,0.003836209501075126
598,0.21755849851784478,0.06592477457073743,1,0.007274810646089932
599,0.23763667723059503,0.07580589159484909,1,0.008395690422211952
600,0.28970688562743974,0.10387759199316435,2,0.008912201608490565
601,0.12858697628906682,0.006398325619883637,0,0.0037456859429184693
602,0.34324415817438453,0.034839730874206665,3,0.017368461102468553
603,0.24399432020361178,0.03182238599855165,4,0.019557239846830235
604,0.27640745487449575,0.09961113696651888,1,0.008646933476287469
605,0.3059687506419438,0.0693537563897603,2,0.012946417029340861
606,0.315093024932824,0.16212432485606754,1,0.004412535260176044
607,0.2529141460249203,0.08188462455440397,2,0.009238677093570272
608,0.16392945308352921,0.03479895613407891,1,0.004428867720525723
609,0.290403048397054,0.13962457804294473,1,0.004846535454854078
610,0.18978462140600869,0.03186122929321656,2,0.009980813674881137
611,0.1289321572622119,0.0031739972205285694,0,0.004279999286914972
612,0.24517277238859028,0.045307492844837996,3,0.016106283381937012
613,0.3435165346337505,0.18330853314823087,0,0.004211699468014437
614,0.28315579507154864,0.005841888669164419,4,0.02943956057352244
615,0.27950384010169,0.1246361042471227,1,0.005623693245832559
616,0.20249166249586317,0.010792323659102519,4,0.020505834434206054
617,0.27293559821584157,0.09962563094453754,1,0.00836515357934817
618,0.20421612616462992,0.05053620728527599,1,0.00823107670240179
619,0.15107559404298065,0.00599336884738586,1,0.007985424285830746
620,0.12253792055321618,8.175712400565482e-05,0,0.003829978821818668
621,0.2939202007689987,0.043779881231503164,4,0.017382332677799095
622,0.19683435376950412,0.015793851058866593,3,0.017092436080647182
623,0.2954695867750226,0.06781199919869295,3,0.01341090798364969
624,0.23089649949080024,0.056390118586884926,2,0.011564421642073315
625,0.1936928369693512,0.05536447266774496,1,0.005462647249341524
626,0.23750754958916998,0.10268565794076624,0,0.0041390065608187705
627,0.3375439737628115,0.18616853405305003,0,0.0037684898849392598
628,0.26592350692991207,0.0485090111168728,3,0.016608800488257587
629,0.13861162987851497,0.0158998545447831,0,0.003739774911587985
630,0.2450317273806664,0.05662210586368171,3,0.013428399198005387
631,0.2282809321090024,0.09239206023262844,1,0.00443140759191705
632,0.32918473435236445,0.061545352388909055,2,0.012951676139563936
633,0.2939356230357701,0.10879223672335027,1,0.00853150283141668
634,0.12920306743734689,0.0016789201054038631,1,0.004568412400947555
635,0.26978136324552504,0.07034121654082989,2,0.012711888501544226
636,0.3407827085655945,0.05764362706885246,2,0.01292315935678902
637,0.2740697501681,0.09906439310938135,1,0.008540435938694474
638,0.32928767254854024,0.17175266178324827,1,0.004406086101721057
639,0.31565431928165677,0.16858775006975205,0,0.003909482160857305
640,0.18553013788415057,0.030077762000944534,2,0.009509775565394823
641,0.1762743261333202,0.02319714254304757,2,0.00927325259576108
642,0.25846426368330633,0.06200544008394679,3,0.013537097049494563
643,0.23489420117385154,0.09612424288991948,1,0.004692453717843351
644,0.3058981651565686,0.05865008438102265,3,0.0143969329892087
645,0.13225697744694226,0.001991309321784997,1,0.005018807607787191
646,0.2582385367573501,0.11980237609653148,0,0.004203866215488792
647,0.31805650962188137,0.03710586334702575,4,0.01790785877362481
648,0.3115927669078428,0.11315059285247152,1,0.008554544414397309
649,0.1454220561834421,0.01944993632641513,0,0.004152156547166034
650,0.3290014881242853,0.1747102979040261,0,0.004171627834797047
651,0.34522479234833253,0.17973095929128327,1,0.004496960290390968
652,0.28450589015318967,0.07010093385107923,3,0.013157238338459377
653,0.13702136496151782,0.013631365557238932,0,0.003848886949700739
654,0.24499683373533032,0.05819777723222996,3,0.013071082362112626
655,0.22150203798758047,0.05367434765447465,2,0.010657985073531617
656,0.1346949166318151,0.0007354829084321867,1,0.00570578007838078
657,0.14418753863371234,0.018766539674119405,0,0.004081337835535433
658,0.19011553780567228,0.045762628954353984,1,0.006688065305864762
659,0.2982297384780839,0.07937810112874534,2,0.011919398066807268
660,0.3212678186391268,0.04639566929553547,3,0.015782842045154222
661,0.29850279305330196,0.07345371653300495,2,0.012627794371800815
662,0.1785485998022915,0.017050666231602493,2,0.01172111218793283
663,0.22784083984729406,0.09636273481192449,0,0.0038831496619208027
664,0.1594747551390711,0.013802680040907202,1,0.007889443665512533
665,0.26005598148013376,0.06422920974344912,3,0.013221437067960482
666,0.23084495190526755,0.0767605568757049,1,0.007238797557364425
667,0.18019389238827993,0.02410506118393911,2,0.00994922690758575
668,0.16828780104558008,0.03684942778922825,1,0.0047388372684257695
669,0.2439217486050864,0.10602040255618228,1,0.004406073652489609
670,0.2529550008890235,0.1134697347385361,1,0.004427467291265965
671,0.30257253083372837,0.06253601081990501,3,0.013953153670843434
672,0.20613633461696984,0.06444602504102206,1,0.005769052641641543
673,0.2387094891668375,0.064130336787065,2,0.010951817422682393
674,0.29958682232343886,0.15598425618903666,0,0.00393814772275185
675,0.22457256554419186,0.060014258899400666,2,0.009689582105215196
676,0.15211700597370045,0.02336236064553277,1,0.004514578765048947
677,0.323124936851229,0.17290477134530619,0,0.003999274766381349
678,0.18952233507463273,0.05763647937852063,1,0.00449810555098734
679,0.31408716833509803,0.06666580050970594,2,0.012981925005930465
680,0.27451838336900486,0.12726374598957416,1,0.00486862147136291
681,0.1990244268633405,0.0688484250052532,0,0.004119603102782323
682,0.3395137393428059,0.09654567711121072,2,0.009109047798829872
683,0.2213933573647871,0.07940447971914799,1,0.005454916435342344
684,0.3057455453305665,0.04364596132645215,3,0.016993895539189525
685,0.3204084547558793,0.1702521460423986,0,0.004055034619785505
686,0.22313437278174256,0.02200995417521514,4,0.020261397048566332
687,0.2900209361944425,0.04431563905324092,4,0.017382756392456462
688,0.14538287632228733,0.016579129298892225,1,0.004603142415874488
689,0.1895813831566425,0.02121979050916982,3,0.01322823529672013
690,0.18593497398808367,0.03500033525015461,1,0.00831392623271818
691,0.21007188495762444,0.029413091541203952,3,0.015336326157808305
692,0.29275135067373076,0.07178157750746014,2,0.01291743116829009
693,0.19593081766951367,0.03613725743738194,2,0.010164854485507104
694,0.25808806394870315,0.09666976506242722,1,0.007342465221224184
695,0.27290068917979154,0.12499941045887203,1,0.004985086299609404
696,0.3275285887291578,0.1693180782802305,1,0.004504843247234916
697,0.3262357461760425,0.1049934331271105,2,0.009028681936176819
698,0.26711971891771163,0.13005835368919144,0,0.003896260497021763
699,0.30201309099011064,0.10755641109237811,2,0.008931023032472667
700,0.34614056644827235,0.03183453982918975,4,0.018068087235865244
701,0.2229071366902983,0.04875508998776535,2,0.01214794126490652
702,0.1999186604833723,0.047188129950463904,1,0.008190202195111301
703,0.12913971048209769,0.003012658798053607,1,0.0043373807042600115
704,0.19826148434080934,0.014418069585645083,4,0.017993560531857036
705,0.20395377439541792,0.031877504801430985,3,0.01321080023443674
706,0.20704851853003267,0.06777067210763328,1,0.005341862460588382
707,0.27509560822615997,0.13438757629343392,0,0.004134403525842554
708,0.3391051149255323,0.17625086646254315,1,0.004507823225578742
709,0.26503427963622217,0.08673238016882803,2,0.009657072283524071
710,0.19063087644636348,0.02249065509871209,3,0.013067395093116833
711,0.2283260215284124,0.0981805487760256,0,0.0037197145845804234
712,0.2163589238414887,0.05697213996308313,2,0.008969418650600988
713,0.14059742463328032,0.00717535912931342,1,0.0055067600023019575
714,0.20856215435921166,0.03197825024131093,3,0.01418924991911393
715,0.3096504390266447,0.04131672316995117,3,0.017317636402655146
716,0.17482483499783327,0.011547009054325997,2,0.01258040223019501
717,0.27916582115626787,0.1000911799779634,2,0.008781728912696905
718,0.2507057917496217,0.11684709419896211,0,0.003817666331045045
719,0.18115054794126217,0.00875176563675482,3,0.015488942076574018
720,0.17561357327999802,0.047525940848150754,0,0.004129302578805635
721,0.21020559762802263,0.01795051479391223,4,0.0193944554473405
722,0.2185473851023315,0.07773650204731189,1,0.005335161850430658
723,0.1705206309594744,0.008922586051178748,2,0.012275791496949656
724,0.23704853254625594,0.05584532805310907,2,0.012603646323805555
725,0.14332597244010237,0.013957197230264532,1,0.004723320442704069
726,0.17632701030521694,0.04764025862091861,0,0.004206888691720929
727,0.30236068302733515,0.03774176746492126,4,0.01839065396411226
728,0.2851836509586501,0.048955923200579975,3,0.016589080152699123
729,0.3165362045200091,0.16388413633982127,1,0.004349763892629264
730,0.17959870397462155,0.041428900825622464,1,0.005725006652250944
731,0.21184995084507788,0.034390746544132406,3,0.014125429176258131
732,0.16124165373329544,0.02925871142764347,1,0.004932356128178881
733,0.24194888886445592,0.025580726829280535,4,0.02124465379798249
734,0.1533466929498138,0.0029079889259639113,2,0.009446226426801698
735,0.24267134412483984,0.08060538298571318,1,0.0081857815505544
736,0.33562656705834626,0.1891101380833168,0,0.0034756518068235795
737,0.32338637422308864,0.04085140857059986,3,0.01681950438472104
738,0.3180481036033255,0.10969995568667727,2,0.008834448332463945
739,0.3013207649030554,0.043132876822164226,3,0.01726594079001449
740,0.31525564498068465,0.11300755650241812,1,0.008584108732341224
741,0.1869586513038945,0.026713248489408724,2,0.010810253317795112
742,0.33831806199184883,0.035139655940383624,4,0.0175069350261628
743,0.18811957073596436,0.0015770191225620066,4,0.020699262295414755
744,0.28961264638797424,0.1276993507072113,1,0.006091812402465604
745,0.19880102786534645,0.06389341567011395,1,0.004807159063780446
746,0.25332345616438634,0.04066793709691939,4,0.01785343023025005
747,0.2746988083390892,0.04180101092183057,4,0.01812652183413255
748,0.3217783359163767,0.1668702194653541,1,0.004401045149966579
749,0.3461179810679701,0.09495064307316221,2,0.008911450643739317
750,0.25540454862024015,0.11999474802363586,0,0.003913872532350515
751,0.3375988723756073,0.10293407962031774,2,0.008781257646810557
752,0.15848282893601526,0.010471091953788121,1,0.008549281302665189
753,0.22113805879756535,0.0282787723119852,4,0.01782904918247977
754,0.281734110277627,0.07833801376698017,2,0.011931460923923954
755,0.2759136447948863,0.10261738753420413,1,0.008186315559488042
756,0.2157333773855737,0.017015245951026957,4,0.020826433454723386
757,0.33477676062201134,0.1162682642100393,1,0.008089703159849896
758,0.29767891251688644,0.056973177034418995,3,0.014927791672412734
759,0.17766883873757033,0.031977048967533964,1,0.007341760169289579
760,0.24835530029058278,0.10853542101075879,1,0.0045599517515641326
761,0.15283452679210524,0.02038327365562723,1,0.005138962159714173
762,0.2855494642690236,0.08994241357875447,2,0.010479111607088787
763,0.33871957201117514,0.06057539530207465,2,0.012606052463648274
764,0.21169177929340366,0.04220989780055331,2,0.011805610846344534
765,0.2482470851773011,0.11200288736620566,0,0.004128318369321833
766,0.2325481402011021,0.034679935756245596,4,0.017553729448895865
767,0.12586277781424365,0.00021471765093704137,0,0.00429098036578557
768,0.30660450783646137,0.07364163568883801,2,0.012412995151617466
769,0.2721452721794415,0.04553433080803642,3,0.017328740372692667
770,0.2455866357704046,0.10480190483592203,1,0.004740346236857757
771,0.3265260680285124,0.11024815831331791,1,0.008663235087278594
772,0.1983729333990812,0.010048583918714361,4,0.019798212087324973
773,0.17761301671224763,0.013477777158327028,2,0.012685510131606828
774,0.22986317954446983,0.03257309500471606,4,0.017820447309427098
775,0.14765401938909392,0.016501891335749648,1,0.00497900788141755
776,0.34072007255236286,0.037277500637694014,3,0.01686017903007212
777,0.2137438307236724,0.0020582202702963625,4,0.02668778495437492
778,0.17871282497185761,0.0272553495490921,2,0.008731452053633725
779,0.3497619037387845,0.05588572425956133,2,0.012737501903595577
780,0.283117536227469,0.13405489023493095,1,0.004853528229371531
781,0.14123719366854876,0.004371067406152233,1,0.0062145553255864615
782,0.29862709611116695,0.06716833602332015,3,0.013431593460910829
783,0.16894322490348027,0.017227932704232483,2,0.009198820932849957
784,0.16054724994793987,0.056511556740240595,0,0.0017677423825915117
785,0.1916070347584498,0.05299450990932795,1,0.005555746335726506
786,0.22623223253436306,0.050583881639663646,2,0.012244441099118568
787,0.21079345658680096,0.06855666467555675,1,0.00575042682238624
788,0.2920534525663557,0.14866266489602833,0,0.00406864652394585
789,0.2598192409018667,0.062129014446079295,3,0.013609207592781659
790,0.27501863398884724,0.12438012652261307,1,0.0052528398794923405
791,0.1343068619996606,0.008090103622689308,0,0.0043013599270125625
792,0.23451630227853656,0.031408332056488596,4,0.018760523729806976
793,0.18250312281265282,0.050540613801311855,1,0.004614315268729673
794,0.19615051729300295,0.008771174957557887,4,0.019759771121582916
795,0.2906381195648804,0.15124375006851157,0,0.003720860746044267
796,0.24427627410474043,0.10665533664032352,1,0.0043646930575028334
797,0.1662723863687954,0.005574314349249976,2,0.012228279956248872
798,0.28881257491109846,0.038023416449869896,4,0.018752939361303424
799,0.30839835426305995,0.15172307534257168,1,0.004922171416253579
800,0.19480351236643947,0.02226618758965141,3,0.01420297285356026
801,0.2690836583349684,0.11462916110804218,1,0.005913980026062061
802,0.3051967266390189,0.039948615944203535,4,0.017790432689683482
803,0.19394320281973176,0.045269905188677136,1,0.007493433920771038
804,0.12416605486147825,0.0010740835465833207,0,0.003910713001623674
805,0.23834570801013633,0.048366928361367634,3,0.014595274428948616
806,0.29424936070494584,0.048674281655336826,3,0.0164333878218075
807,0.2790923676660918,0.13378143114782057,1,0.004542006275596157
808,0.3480443525417688,0.048902152858266476,3,0.01401748500273995
809,0.3086485453145901,0.06526484229709703,3,0.013373617343168434
810,0.19906573054165586,0.06503238088363117,1,0.004669743311611691
811,0.18154838374787044,0.002029904653445391,4,0.018463365008821262
812,0.2598679751903292,0.04812134051703769,3,0.016472216724468376
813,0.30813659416175143,0.0638138304147987,3,0.013584784154763333
814,0.31422368079974283,0.16310346267090223,0,0.004277567211102034
815,0.19440412441874305,0.020404633915822413,3,0.014756175981187855
816,0.16929763658484273,0.04211550280411561,0,0.00407375091058343
817,0.2985788802377478,0.031217194996664456,4,0.020127212740210173
818,0.17894697839072865,0.028746972929036337,1,0.008395440111707968
819,0.2766091564368732,0.0690021788477337,3,0.013190338088922728
820,0.31237482619989654,0.0667212905209385,3,0.013044061622339152
821,0.21009055267149082,0.03370789102812461,3,0.013971688340302131
822,0.17880307422874336,0.003991048115247358,3,0.01673613320321386
823,0.14952333487782948,0.0025896112267524514,1,0.008545014240190866
824,0.2038747618249823,0.05453192472695454,1,0.007297003529021071
825,0.2553918348341859,0.10080993218214036,1,0.006405246635530357
826,0.12821115362887422,0.0020554496247227943,1,0.004350968145053039
827,0.3070662329145762,0.10648737364288467,2,0.009111780716522876
828,0.16821184935344985,0.007633701087937491,2,0.012062571218645773
829,0.26099628004811226,0.08498427713979936,2,0.009566137701063277
830,0.2589916506860239,0.05142742398008986,3,0.01572188790080104
831,0.28461600616124916,0.13736344984280982,1,0.004621111536824844
832,0.32307658927333,0.10364628477125512,2,0.009204325434149712
833,0.30629114286281495,0.040733233873568045,4,0.017577791368329203
834,0.24973243681115803,0.04635018855837767,3,0.016248732761736485
835,0.27380038661826245,0.043366050840113635,4,0.017790740945845627
836,0.22560451297403217,0.06410895864227438,2,0.008954031816050211
837,0.319645406946568,0.03655312510090043,4,0.017971970355405563
838,0.271817393589839,0.10919347576985504,1,0.006910196063079842
839,0.3408509484218253,0.17330382275268622,1,0.004762876999361149
840,0.2655532306436306,0.131231925181282,0,0.0036398312605596273
841,0.2697985809599264,0.05043554358403131,3,0.016308023753193082
842,0.2352458695562487,0.10060278187211853,0,0.0041542505139803825
843,0.20109380542352873,0.048361775672031815,1,0.008142954097325177
844,0.2503372261769161,0.11002820844254203,1,0.004580947319886605
845,0.23926062047525626,0.07523049043847599,2,0.008735675155430896
846,0.1573622733054042,0.010254327845770666,1,0.008337977457320223
847,0.31604701676650493,0.16303110423993572,1,0.004392435081134107
848,0.1631474020003926,0.0002460578338644454,3,0.013264833220922829
849,0.19670598779251972,0.02868334953125595,2,0.012543187780561287
850,0.24230754684849598,0.05429881511082997,3,0.013646029643492156
851,0.28817246354826004,0.10769266461018373,1,0.008368607575640093
852,0.265966033714324,0.07180786554496456,2,0.012243052475347797
853,0.2472654707589116,0.08091963369996309,2,0.008727351680210604
854,0.2737061177591507,0.09828637105667533,1,0.008623129701731621
855,0.3042395707055628,0.04468736299061775,3,0.0168455244348941
856,0.29477815763866255,0.15330486426463205,0,0.0038368915392070413
857,0.17482307059739902,0.014862716057065923,2,0.011443786458695529
858,0.20852511505368496,0.04125474729032481,2,0.011429160540536906
859,0.18369877350462055,0.009334608004975297,3,0.016010567601046372
860,0.24673471811496653,0.0827957299727676,1,0.008318501045961414
861,0.19609281879108015,0.018040431485133346,3,0.016050704755489736
862,0.32567520800050725,0.062189091457029354,3,0.013036157014226361
863,0.1252035078692298,0.0018473453183184747,0,0.003941664636185098
864,0.270579623501779,0.126715136346198,1,0.00457298099661152
865,0.15822943794290228,0.025585101964712646,1,0.005092929891788406
866,0.19852999763135548,0.01363499626055178,4,0.018372185363513985
867,0.3490157711456786,0.17751070352371412,1,0.0047349331047992745
868,0.18457144854038882,0.003113787373331278,4,0.01891929484038066
869,0.19181561916784495,0.03802117447733264,2,0.008787454350197278
870,0.15325692165358956,0.006339708742655293,1,0.008419277702920863
871,0.29112503797791073,0.14283627110882266,1,0.004571728004293572
872,0.2080501649920289,0.07365798861608316,1,0.004572647204475573
873,0.20415308752022107,0.07554728026126231,0,0.0038469508993188442
874,0.34990663779987224,0.09574067255669291,1,0.00867937488293961
875,0.33448895431046055,0.10174235732134496,2,0.008976514813405006
876,0.23890361868238597,0.03128691484564563,4,0.01926488897552437
877,0.25141824727824963,0.08044904231265856,2,0.009323837741455543
878,0.25222862556536235,0.10737617455125947,1,0.005124488082333419
879,0.19797645413030143,0.06796039138684432,0,0.004112128851862243
880,0.31398375772692605,0.06682631795651724,2,0.01296610580466016
881,0.34433003283201064,0.09342799588376483,2,0.009097856652874882
882,0.14272204579557268,0.013130447868854355,1,0.004769052416963651
883,0.21119165911914223,0.07319783938922583,1,0.005052523667212132
884,0.16866610829847203,0.035929189185269106,1,0.004949780937876558
885,0.25569526581376084,0.08773548609164286,1,0.008533186566522102
886,0.2788210821099269,0.06875538627964335,3,0.013280886455439669
887,0.33447920357869465,0.038852444023987256,3,0.016765585367866268
888,0.26455220059561896,0.08998317844004294,2,0.00908514592506667
889,0.32488718634535035,0.10729513297480495,2,0.008901789724750697
890,0.19098900360713875,0.03326496026774585,2,0.009862500402497374
891,0.1375459914824354,0.0122112427401113,0,0.004132233316060677
892,0.1866477580915089,0.02358637445984408,2,0.011699277633654788
893,0.1459090124270595,0.017984524474476273,1,0.004452757133313968
894,0.284118521273208,0.10295953837220187,2,0.008723720680021203
895,0.24122874695295876,0.09617904864192373,1,0.005428931313477675
896,0.31125737219440536,0.1555327889131857,1,0.004754005827803997
897,0.20160135540927443,0.03952097951536409,2,0.010460219792234304
898,0.34057155642614867,0.10244464097886215,2,0.008690527204845148
899,0.16420306902659174,0.01341511752779537,2,0.009124060875643445
900,0.3444030687891957,0.054554419202246934,3,0.013219061100344792
901,0.17265405800841824,0.025324086966332707,1,0.007892776830863145
902,0.165377760325729,0.029496333816023918,1,0.005569329504668491
903,0.3203766691488402,0.05594657094992748,3,0.014185298526920473
904,0.339807436113597,0.10330936638888438,1,0.008669938353014725
905,0.16019109262184872,0.032125753794987985,0,0.004309949133039629
906,0.1488495326488071,0.020993614833144388,1,0.004408441589236119
907,0.270703780906607,0.12976451994406066,0,0.004244828913187568
908,0.3307079726859058,0.17059993825217182,1,0.0045574532486032885
909,0.310651216788798,0.06580457632554959,3,0.013227989423783084
910,0.28139956764171414,0.10547024488507316,1,0.008216033182234935
911,0.16780089699935125,0.0002466567801179473,3,0.014769011244409328
912,0.2610012894277519,0.08218177414867324,2,0.01004542845765679
913,0.29752772062444716,0.06917430971233003,3,0.013190552078006432
914,0.14778676934681975,0.02087968097538856,0,0.004270999054990773
915,0.14983624132497111,0.020553914876728804,1,0.004628910100628171
916,0.25970184402259305,0.04363977965241922,4,0.017458692747359405
917,0.3276604642462703,0.10772248429561672,2,0.00880552530969945
918,0.20526278934388148,0.014490671037884177,4,0.01965351112440391
919,0.30382337595800424,0.0411486326561544,4,0.017584757261678952
920,0.14810218432760608,0.0008956365599800422,1,0.008669807986485732
921,0.2630882696854165,0.12089235414828704,1,0.004543182311251679
922,0.22689910131525787,0.08610931680771346,1,0.005145501484463841
923,0.20448448317359694,0.07091927276583966,1,0.004512243961353244
924,0.29644839833381,0.103716454110503,2,0.009190982574367597
925,0.18446108360671745,0.041411275426953845,1,0.00657262243086847
926,0.3140576098318822,0.11663303297023554,1,0.00828127459519961
927,0.3383376976306678,0.05563009763505053,3,0.013353861457000368
928,0.24947216174299156,0.06272963698625282,2,0.012583989737474108
929,0.17149005379307228,0.042679915795394575,0,0.004285366581763729
930,0.31767631942183194,0.11190633679548678,1,0.008666137471444674
931,0.3461490574772042,0.18436349275641273,0,0.004240668703883867
932,0.21425334974183383,0.0753365542483663,1,0.005132854821997897
933,0.2236285163312801,0.11779521219493917,0,0.0016661402342313127
934,0.3304654608564944,0.1771101590469914,0,0.004067393922439546
935,0.24079353269060905,0.10359258826889517,1,0.004376260312386037
936,0.34813605284192917,0.09639149029743493,2,0.00872286618560503
937,0.306893844329973,0.15778406450203955,0,0.00427583855027779
938,0.23860983670495634,0.055820012992736416,2,0.012822129156289726
939,0.33556629535887256,0.06256571243291885,2,0.012495940265437034
940,0.1332525921501722,0.0032886107387585708,1,0.004951344193570916
941,0.3169592496920345,0.1071775705133538,2,0.009041977849091559
942,0.3135212219187216,0.07103633903206667,2,0.01247779348688521
943,0.3182840792374338,0.11248225914808387,1,0.008618353896530885
944,0.26118159380133166,0.06545732165909446,3,0.013068291219583956
945,0.15412946809839476,0.03135066387134804,0,0.003618210698950608
946,0.22287409397689575,0.03165654859405902,3,0.017040870738500562
947,0.2542380938091944,0.045623231779363956,3,0.016732112922276797
948,0.1436479390652974,0.016935261085532324,0,0.004284595352396752
949,0.13142835876028666,0.004950688238397611,1,0.0043718702827599265
950,0.31685128281211955,0.16565539470661003,0,0.004221325463636994
951,0.25643280281470465,0.06644286085132255,2,0.0125058142014749
952,0.1858878238525779,0.009273379064274766,3,0.01667705633903451
953,0.17743841961935494,0.012565186162314612,2,0.012960554109760901
954,0.3489900851024095,0.11293369111956499,1,0.0077744219212226495
955,0.18368150922370594,0.04571675309843805,1,0.005603515110117504
956,0.32032488265962417,0.16845264301649968,0,0.004193920937102586
957,0.33973284403271403,0.05462247083368142,3,0.013443014944636818
958,0.24493711525880832,0.10688605184731943,1,0.004405675680947596
959,0.28717136357286227,0.1424699104578921,0,0.004299073506874269
960,0.32016392989403614,0.1659210348205016,1,0.004389057939115005
961,0.2935772939376592,0.1483922056857264,0,0.004209025064564922
962,0.2971218657740786,0.15526737409869681,0,0.0038278893085773175
963,0.31846276692268666,0.06578034441918831,2,0.012905917411716771
964,0.3461245627980127,0.18357785914575234,0,0.004288548082758943
965,0.15085949179909774,0.0011887688313397,2,0.009306181129761141
966,0.13585571156583948,0.009864899431264153,0,0.0042503244171249056
967,0.349268832803387,0.09888727581161502,1,0.008515485225244339
968,0.28367277977774896,0.1119274661668964,1,0.0075453146936390976
969,0.3156784322283114,0.1620598960310819,1,0.0044525406271781745
970,0.27922423559040904,0.09912423151607701,2,0.00891834916404793
971,0.20858226536032812,0.05386095936635235,1,0.008280871222037323
972,0.26144745201154174,0.0667162187978089,2,0.012851680454853232
973,0.2723718178606695,0.09362495801469821,2,0.00920111642663595
974,0.34556337624844097,0.09661401436085221,2,0.00882987426121603
975,0.30067562628690914,0.10769010603303968,2,0.008885579930401623
976,0.23693600711805937,0.07098545251408772,2,0.009250395490816155
977,0.2772277514868096,0.07049558702593875,2,0.012972904412148387
978,0.22946891258085228,0.04012227488717941,3,0.015566790469019404
979,0.1634020356898105,0.031771439587051094,1,0.004840991903941675
980,0.13001439625286873,0.005650556371502685,0,0.004052860409471388
981,0.1691479058728047,0.028301763603169505,1,0.006491889578454377
982,0.20417781414711791,0.03140394477543784,3,0.013409414644258206
983,0.1301379912940871,0.004537476044989672,0,0.004243565843331024
984,0.3269300536990647,0.06466273255561218,2,0.01265283372338376
985,0.3137236889237071,0.16130371631156873,1,0.004400295598851202
986,0.16484288837342198,0.017789517199835972,1,0.008078651079394485
987,0.2937492332255529,0.10614533313628283,2,0.008824551859325937
988,0.15638285755347764,0.028997263956410536,0,0.004250050934297725
989,0.319638937168011,0.06485293204227024,2,0.012970791921704122
990,0.3197546674157506,0.16645760243999572,0,0.004322701894806142
991,0.2810101460780245,0.13212558862256263,1,0.004888291521736096
992,0.2616957694043519,0.11697937355183029,1,0.004878054913692264
993,0.3016377075044709,0.1553211978698126,0,0.004141755887883226
994,0.3035597263615278,0.043051959811940654,3,0.0171989073412356
995,0.26885067722929007,0.0636347646556952,3,0.013825264940652036
996,0.24355243472369825,0.0797167737258034,1,0.008467419562967853
997,0.33839496498568494,0.17034091430982848,1,0.0048766868979225496
998,0.14401264179331702,0.017181451224719035,0,0.004299340155862826
999,0.31299901223796234,0.06516940459415302,3,0.01321654627858147
1000,0.2956049228717496,0.11576120604873978,1,0.007829167571612028
1001,0.3045655345526734,0.15503534438018576,1,0.004368448387563367
1002,0.13362219717601329,0.00817776631925167,0,0.004186286489089553
1003,0.1710549143900751,0.019823268312995433,2,0.008977055403780092
1004,0.12768775452146766,0.0022200530751833127,0,0.004245274367737604
1005,0.20493151247714014,0.029713820715291606,3,0.014117592349281104
1006,0.18721565051042022,0.05469012703193064,1,0.004629877574659587
1007,0.2657509074309391,0.12425606313285024,1,0.0044064099636403065
1008,0.2102682741221362,0.021022060738343777,4,0.01827217657912892
1009,0.32470597736927015,0.16503524517982288,1,0.004697833978201582
1010,0.24353281252299197,0.110958605085912,0,0.0037829308736149906
1011,0.17919410793717763,0.048787193533997686,1,0.004423845640971949
1012,0.23151184514459636,0.09555700899957113,1,0.004383316532558675
1013,0.301326215728345,0.15183618497705936,1,0.0044423461767337975
1014,0.19866499852568728,0.04303365893122033,2,0.008938933698482119
1015,0.21196138563166017,0.03243275904681657,3,0.014758746387984852
1016,0.19178065574605446,0.057087740863282874,1,0.00489475314771609
1017,0.33481347386010296,0.04078619406397592,3,0.01630828524462329
1018,0.3210029805154834,0.16813394340678317,0,0.004257410505913863
1019,0.21595081279933628,0.08533122741988525,0,0.003944988302802339
1020,0.3162199203280249,0.04139972135592214,3,0.017020466226320464
1021,0.34068417251817273,0.18348317924280613,0,0.004088120038085769
1022,0.272418125062174,0.1213053680590824,1,0.00538503080708005
1023,0.23516114081353287,0.09935853772762837,0,0.004300272740204338
1024,0.3259597712307246,0.1108745674315452,1,0.008632847747985579
1025,0.1962309805545258,0.040988850117845324,2,0.008954162921464457
1026,0.31788780160523095,0.16617435419005067,0,0.0042392031076823765
1027,0.34341471058035883,0.058146124103705205,2,0.012715024553089215
1028,0.2740719339353609,0.04526084900829914,4,0.01739467130351956
1029,0.33491569268550525,0.04664161577819072,3,0.015086787695651952
1030,0.30667922285461313,0.15943194059972274,0,0.004115782875456621
1031,0.3088423008284679,0.11698396473008403,1,0.00817465281369498
1032,0.2856104911706443,0.04310198146474735,4,0.017729046190191854
1033,0.29759132871714467,0.047275425215064136,3,0.016588598654299548
1034,0.2865004780904783,0.07017849282868056,3,0.013156341364569361
1035,0.1483442486737898,0.0005710485899560061,2,0.008827130854218383
1036,0.3023808270523107,0.04222389621236424,4,0.01741345801271364
1037,0.22955488769518295,0.05152262706091713,2,0.012546587114901147
1038,0.13588508850697792,0.010382284604908408,0,0.004173893467079428
1039,0.17986220231757466,0.004847633930822038,3,0.0167028804804452
1040,0.1631985864180297,0.036342090776302516,0,0.004095253667146628
1041,0.133112551858744,0.007812164561319808,0,0.004168677254714535
1042,0.3056558995034292,0.15502792704971574,1,0.00444216086883484
1043,0.1738594115764753,0.01998445303735099,2,0.009607533142818815
1044,0.2955468173066271,0.05099312163263765,3,0.01598040779167028
1045,0.25381287399741964,0.05192320121008762,3,0.015288702089700961
1046,0.17800088858252688,0.04421814240756867,1,0.00497771419742896
1047,0.22337463710003666,0.06732782145510922,1,0.007923348498766632
1048,0.20526970612189765,0.06097937370041295,1,0.006258171631506454
1049,0.14294295108447655,0.01661589623520207,0,0.004231811912812996
1050,0.1699214180975338,0.004316293726659577,3,0.013810741418544525
1051,0.15051884779320482,0.0033144496349228297,1,0.008589718140250951
1052,0.33653741031447565,0.10969437190860738,1,0.008415929359784611
1053,0.18560230955172638,0.005129455253250872,4,0.01834140518018258
1054,0.2673368251539102,0.06572962009479363,3,0.013385914419700402
1055,0.2932874419633125,0.04078858240086811,4,0.018021573897317695
1056,0.31355944599566205,0.06876374361830412,2,0.012745428374693422
1057,0.14561497075771557,0.017403134419735445,1,0.0045027838614970115
1058,0.17779348435895997,0.053231005975172066,0,0.0036293914938908584
1059,0.29217643195921855,0.07625266441470566,2,0.012339504486419385
1060,0.16383961411710943,0.018394082224993873,1,0.007699716418200806
1061,0.3213616028434339,0.10988374935017532,2,0.008782195777314705
1062,0.3055100955275022,0.11534906096478137,1,0.008249676505556715
1063,0.333635706126686,0.11127392350018131,1,0.008414717711366095
1064,0.3144100454019709,0.06283291524235031,3,0.013465186815473209
1065,0.25501798311145735,0.0927314636776131,1,0.007622977671549195
1066,0.23088429657468904,0.06331662813447753,2,0.009969287042931626
1067,0.2948325400744702,0.14511503872795775,1,0.00462401878822138
1068,0.2655930335337087,0.04323219721951048,4,0.01772834810818382
1069,0.24914252821275162,0.11159828808481802,0,0.0042662988056283305
1070,0.13451519312860835,0.007467031971790923,1,0.00443365532990908
1071,0.18918959471020752,0.01071899247662229,3,0.017037184737531227
1072,0.25983238504497386,0.08931538339896328,2,0.008720420412188642
1073,0.28861587703788216,0.10629189445042908,1,0.00856423993565083
1074,0.16782197392400877,0.0088390867696858,2,0.011530672827289102
1075,0.20186373479190195,0.03307035585821996,2,0.012374804306363126
1076,0.2210539540696153,0.057240061091149895,2,0.009728979599075479
1077,0.3213407891647737,0.16648571096732548,1,0.004408133728405982
1078,0.3363583970681292,0.09797413547480298,2,0.009149136538684951
1079,0.22681270833844627,0.03148060598797906,4,0.017716458310140945
1080,0.19370499455734458,0.025094732037165786,2,0.012973171392829911
1081,0.31589880647624624,0.17269427441752722,0,0.003595799403248134
1082,0.28164865862033617,0.10275389974256151,1,0.008592653346977727
1083,0.2806138849997971,0.14159920358381092,0,0.0038605109650182655
1084,0.1827731876890899,0.019533693182925038,2,0.012018154735664272
1085,0.3248304077270895,0.06514225724670741,2,0.01269297874484109
1086,0.17964374130560937,0.013404147844796087,3,0.013283169569967326
1087,0.14767547905389994,0.020983216995243963,0,0.004238973517248157
1088,0.21417175210676992,0.03938782264678666,3,0.013099459726999378
1089,0.2799021947004945,0.045674810160427085,3,0.017290613193087577
1090,0.12854961926023553,0.0004265872928307852,1,0.004678229720263699
1091,0.3089659229698359,0.16633454646171855,0,0.003676038875900108
1092,0.3321434594953143,0.16838011085137558,1,0.004781112669619089
1093,0.1976903573441055,0.0477172279248515,1,0.007650497896505975
1094,0.16434338751003555,0.001503167524589598,3,0.013156374332294617
1095,0.23628461556050773,0.02938071123502139,4,0.01956587645269216
1096,0.24273311892210978,0.057747324343951745,2,0.012904229103587397
1097,0.27222826863224436,0.04569555379547339,3,0.01729595601670395
1098,0.1911951164904918,0.035674610158020814,2,0.00925966765581306
1099,0.15025797619152906,0.022779977775900965,1,0.004332921389939246
1100,0.3295851825168381,0.03280640099000577,4,0.01850156372206523
1101,0.18663078179219603,0.047885432065267644,1,0.00568447869737773
1102,0.2918547237012056,0.14358927108356495,1,0.004551731681710479
1103,0.15592144834160576,0.03555959854736207,0,0.003297791696746018
1104,0.27775097407162497,0.04344558576353614,4,0.01776376702084532
1105,0.3095541525326347,0.06616380728047826,3,0.013223563524899522
1106,0.25043945638730913,0.05719471310235975,3,0.013860160214801865
1107,0.28146892564527337,0.08334068093908004,2,0.011219634143867672
1108,0.2274679537111178,0.031794102762702135,4,0.017716862954872254
1109,0.27634250410504574,0.09495413678886173,2,0.009303202817446414
1110,0.2050877500513015,0.07787112320411793,0,0.0036636379833484916
1111,0.14701135653215638,0.0016386930469358455,1,0.008184743137047427
1112,0.34482044870629264,0.051536394905639674,3,0.013703092237428851
1113,0.32054556178900345,0.10876980294929289,2,0.008876000830501433
1114,0.16015307665942696,0.034752896708405215,0,0.00391926218556521
1115,0.15544937546142526,0.007826507772788625,1,0.008543952677274029
1116,0.17360734962466504,0.023623658902214288,1,0.008540024001996977
1117,0.18538709636677053,0.052194985526194,1,0.00476241405162745
1118,0.3234336568300179,0.11354486398025845,1,0.008491328855949836
1119,0.2776315180700523,0.1402265641847665,0,0.0037539246033669498
1120,0.13889691302412513,0.011776094529366777,1,0.0043995738753526085
1121,0.18103695552395158,0.028644056207928113,2,0.00888412070857547
1122,0.34806660627756525,0.09087849562169865,2,0.00909408733986633
1123,0.18337601300982448,0.052301586342201035,1,0.004465954358945649
1124,0.205370507894908,0.03775423651413082,2,0.01175791265529433
1125,0.2980896645179018,0.1467785691599248,1,0.004698225185357809
1126,0.3231644670814037,0.03654025001844106,4,0.01782286508653018
1127,0.28000608507260244,0.13734865558325385,0,0.004240428146859164
1128,0.3025754350187396,0.1098473133781102,2,0.008714228881315332
1129,0.12988404499339978,0.0006637070098976651,1,0.004857104848880233
1130,0.1393124876245851,0.011596972744787286,1,0.00449211862328412
1131,0.2533979467310735,0.08693141952142848,1,0.008406103961536671
1132,0.2578650335513641,0.08698379003910683,2,0.008901550319735104
1133,0.2968801401301235,0.045031848347079184,3,0.017041260772807734
1134,0.3058315655954477,0.10919453809714977,2,0.008842718450040952
1135,0.32624047141291157,0.1729521797390131,0,0.0041630874172896865
1136,0.21379117029233274,0.05678677325403938,1,0.00855791273411178
1137,0.310625449345297,0.15832063032105975,1,0.004468306725447732
1138,0.28234042343418236,0.1392413064263728,0,0.004238023236230759
1139,0.18671725507143233,0.03294407795504721,2,0.009004922615324212
1140,0.12499069340839365,0.00011125273831358052,0,0.004176559167656264
1141,0.16166316533395533,0.005158102082774385,2,0.01102815477392035
1142,0.33506960587144674,0.17665080072824915,0,0.004315704586178154
1143,0.16748187326583197,0.01679147933567006,2,0.008967449123173736
1144,0.20342007354255795,0.07378862503228344,0,0.003988175534120266
1145,0.32625515835882224,0.037913629714092935,3,0.01735788052564724
1146,0.2787580638470838,0.07230425492860582,2,0.012736150125220716
1147,0.20413181080143025,0.033474614450244314,2,0.012757206923329174
1148,0.17299681401653166,0.02102313137537375,2,0.009104359294707877
1149,0.15239447895153937,0.0062803228314383805,1,0.00822494183573115
1150,0.3153252085032197,0.06921034525280909,2,0.01262066020177106
1151,0.3073473057031487,0.03414917079460757,4,0.01906312547554921
1152,0.30889256547549065,0.15890042219303682,0,0.004307154071956613
1153,0.33514869772700295,0.06503487076266501,2,0.01219884771305491
1154,0.3461469637692617,0.03809380302141399,3,0.016414694068601073
1155,0.2279318688360347,0.042526102501413435,3,0.014662063471623047
1156,0.25735435650327365,0.04197464904235683,4,0.017744485431006672
1157,0.1347132176477045,0.0072942670092317596,1,0.004492709300077902
1158,0.2806500449893048,0.053006242696118096,3,0.015896903022338312
1159,0.21225626854859705,0.04853606422993981,2,0.010239447933192683
1160,0.3372171724814639,0.03569606838896067,4,0.01741279813710114
1161,0.310971642713135,0.037597518327877055,4,0.018089204414765032
1162,0.13837309070833978,0.019158262413105445,0,0.003282355859953558
1163,0.3129247256087296,0.11205670918646,1,0.008656547039496301
1164,0.3137799689376079,0.03738795490854227,4,0.018022165313933625
1165,0.2874829199628544,0.06833752211971603,3,0.013419417502400778
1166,0.1858393618384153,0.018266720180984023,3,0.013261912506674961
1167,0.2158764092763495,0.03250916909193486,3,0.015514319514958859
1168,0.33751678370463795,0.18015558894583367,0,0.004178617202459644
1169,0.1315988027306373,0.004317274359849832,1,0.004502566327031716
1170,0.2559209123170512,0.06016453927689028,3,0.013711135992338775
1171,0.13983112820221716,0.012832194348023017,1,0.004370085554924888
1172,0.30363026852785213,0.15541086065316853,0,0.004270794315838929
1173,0.2609567482300643,0.09296261785432246,1,0.008243552441749496
1174,0.3316123006605858,0.174588701568738,0,0.004306896909533681
1175,0.16229665275566021,0.016164156675848734,1,0.007921500014232825
1176,0.24696917760734544,0.08136926684159651,1,0.00860730135677398
1177,0.23863541100390123,0.09437406833708155,1,0.005380004179945604
1178,0.2927374338021129,0.07977912133103708,2,0.011895570557433377
1179,0.2853947275186796,0.04199125160774122,4,0.01796473350558544
1180,0.2950635288571196,0.07491799437601052,2,0.012492065029044453
1181,0.13961364744816726,0.013544422068643525,0,0.004225414342024814
1182,0.19791421470444465,0.06871043648033681,0,0.004003967680146885
1183,0.3123920921799887,0.11411485390896747,1,0.008478753981933262
1184,0.28540634001290405,0.147554173222724,0,0.003667079033997155
1185,0.32083948013936175,0.17258671757679891,0,0.003895508824884741
1186,0.27349644247587973,0.13071010398857028,1,0.0043894919027154386
1187,0.34733695019160443,0.09408142212340426,2,0.008910647688385039
1188,0.13664734529602082,0.007919686015853397,1,0.004692426394685099
1189,0.20013249443607778,0.044864664379162734,2,0.008782487554608885
1190,0.30123739828044316,0.07082699303414174,2,0.012896644412108442
1191,0.15044959004148645,0.024477186481329568,0,0.004101043086269617
1192,0.17438684946186722,0.003678693974161061,3,0.015471006106280159
1193,0.23804128583956174,0.07259390948580988,2,0.009084009417511694
1194,0.22888178579712906,0.03556748262136332,3,0.01678939305560127
1195,0.18836374770299466,0.05424171585841179,1,0.004861647056882041
1196,0.27235947502305335,0.04487824028171716,4,0.017466750356648082
1197,0.1367569673893312,0.005952584925386944,1,0.005061008698572371
1198,0.3117951764767013,0.04045407910284663,4,0.017413804079259375
1199,0.26274485580426427,0.09256536998654696,1,0.008492472444649648
1200,0.33747256136774234,0.040756240381965146,3,0.01619132063314724
1201,0.2759764349466068,0.1329316553929997,1,0.0043652608486031705
1202,0.17890436097914067,0.006903767833685758,3,0.015554890256538877
1203,0.3013842790753463,0.15395043740782485,0,0.004249702112455703
1204,0.3030447903730108,0.1473458036677045,1,0.004987729611950654
1205,0.21442705291103623,0.06753984610149716,1,0.006475962926411429
1206,0.19897621085765252,0.037045853284895895,2,0.010577967879381034
1207,0.227326903878909,0.04729870486871359,3,0.013277243078890593
1208,0.13676812678918482,0.010303018677239296,0,0.0043163443829498755
1209,0.23885095129965478,0.04435120945301811,3,0.015677163896102447
1210,0.30610315376666086,0.06646639160130896,3,0.013307525595792296
1211,0.23242691178298647,0.10082849326902849,0,0.003832009928344674
1212,0.22507808516267508,0.04792114429549969,2,0.012740007850743362
1213,0.2698947233973995,0.13007001593257797,0,0.004139895290216259
1214,0.20628073574910605,0.07277040730483111,1,0.004475448539581704
1215,0.15401884823856296,0.006439018239950037,1,0.008579958109935145
1216,0.23154146052200833,0.04225077998988939,3,0.015280375469384648
1217,0.1800461953916523,0.0003276610902408347,4,0.018756490783138735
1218,0.19945488889064197,0.04850920210315271,1,0.007802393505740941
1219,0.3236867096572687,0.054154160943938295,3,0.014309981107643002
1220,0.3218067884649573,0.04232828891130322,3,0.01657426565645704
1221,0.34679889525141816,0.051460759306478324,3,0.013617948966595378
1222,0.3203241825093099,0.1646367469884516,1,0.004502176583184416
1223,0.3179078630757653,0.11172890366160577,1,0.00867859573582625
1224,0.2890977904503104,0.14513341324974638,0,0.004184800550016538
1225,0.14181102933323833,0.01528887567851766,0,0.004273850811055222
1226,0.18593169612119625,0.015262234252843163,3,0.014364520966018389
1227,0.30755020250569093,0.03998673795259572,4,0.017689543227984102
1228,0.3207448298751955,0.05966776018624952,3,0.013618051582606252
1229,0.2319824642847269,0.05259833070444595,2,0.012654180364267678
1230,0.31217855659027355,0.06871787004372652,2,0.012805035823952834
1231,0.20096410859961159,0.04404760761555819,2,0.009148941547507842
1232,0.32596782012601555,0.17406697663926737,0,0.0040638776458478305
1233,0.14494313727094418,0.02330376275425241,0,0.0035437825026553766
1234,0.18264897147223488,0.005578221696299506,3,0.017251621428907918
1235,0.28934967207165907,0.14366461989933024,1,0.004350282285926659
1236,0.34152057926580176,0.03193291346221775,4,0.018235591928670088
1237,0.2088824039315533,0.02190711633705514,4,0.017658633892859057
1238,0.20412305057588795,0.04408184010312636,2,0.00977574197033313
1239,0.20920769231142272,0.03602861623151986,3,0.01307887585889877
1240,0.1368691032917766,0.012208771443075764,0,0.004036436841882798
1241,0.25374032578826095,0.12015877670335584,0,0.003741451083673621
1242,0.19164683969102997,0.062135734992179927,0,0.004127358083357072
1243,0.2869000279164629,0.1414263890217238,1,0.004383327114481478
1244,0.3325613082100831,0.17599554386143934,0,0.004249194458396875
1245,0.24227438431541962,0.04627442953837,3,0.015574902110663225
1246,0.1590254510748463,0.033042783688034996,0,0.004013741349361585
1247,0.2682032049509516,0.09680504865031393,1,0.008362612562543526
1248,0.2976774418919201,0.1510002684109353,0,0.004261885552757911
1249,0.34832140333967865,0.09541480167579056,2,0.008776340772750873
1250,0.231993642116107,0.07152463288827106,1,0.00841248929599656
1251,0.21885530704035447,0.029107342186299782,3,0.017160075947345046
1252,0.3075891052461251,0.15559035156052547,1,0.004518136842439049
1253,0.22544387952098383,0.05487797327200263,2,0.011042799907411267
1254,0.23413372618234762,0.03484236162935564,4,0.017706403992834276
1255,0.3210302268835923,0.0388228240543078,4,0.017378572632990252
1256,0.2723892810592366,0.09682723177125106,2,0.008727908222467298
1257,0.14398568590673855,0.015419465344862274,1,0.004580040739504468
1258,0.19223538439903404,0.012544761709716279,3,0.017148819413679593
1259,0.32453832142332684,0.18163170568458448,0,0.0034199059206684516
1260,0.34136731559852895,0.17817896036856243,1,0.004464106657088666
1261,0.22113951764284465,0.0635539435120531,1,0.008341764818166656
1262,0.25696789606201087,0.08694981325976614,2,0.008809326540343727
1263,0.23816764835661824,0.1009086518565949,1,0.00443168943573642
1264,0.17001957694726375,0.018080727529630435,2,0.009218024806222115
1265,0.2733125241147862,0.09616649397748035,2,0.008900144222051355
1266,0.2204902887530749,0.05031230198421036,2,0.01131802312954361
1267,0.3220235510810245,0.11173317285754959,1,0.00863881135326675
1268,0.1971331026571462,0.030806255964946617,2,0.01198377713004605
1269,0.1298865130341027,0.0038781504323130932,0,0.004311048201471045
1270,0.3324783157465665,0.17793434377040396,0,0.004105610436767611
1271,0.28529236789844753,0.11887190627173959,1,0.0068035216698245264
1272,0.22278118581904982,0.02920715369915383,4,0.017802316611502597
1273,0.2950216638280016,0.039023274092235494,4,0.018352900424197537
1274,0.15865402120202923,0.030234911366452163,1,0.004382818077734783
1275,0.2696139774504685,0.04694415829397277,3,0.01700932003057641
1276,0.23709488868812237,0.053511031375517215,3,0.013167424084223849
1277,0.24538066207048156,0.09427811368650153,1,0.006217970290692245
1278,0.24742099410673737,0.10709144694907641,1,0.0046434148631304
1279,0.3386232345319613,0.037982205224976355,3,0.01678343309263059
1280,0.21717981319297186,0.07350487815792177,1,0.0058339875081998924
1281,0.3385081107699837,0.05669079546377076,3,0.013181753094394713
1282,0.1641252462185839,0.03827996414811629,0,0.0039408067143186665
1283,0.285631575723743,0.10372443530989939,2,0.008715890436332736
1284,0.2377132068634039,0.0689530700700798,2,0.009781007847963331
1285,0.2947770807637928,0.10804347286434847,1,0.008651844879942227
1286,0.34610791465774043,0.056220827059075294,2,0.01286968443316858
1287,0.22895572166806485,0.06038742321945309,2,0.010322304497973249
1288,0.21153443339576114,0.03983679535386766,2,0.012442622253315485
1289,0.3445689599450133,0.1003830865260229,1,0.008641678683204236
1290,0.17242241780604223,0.03792183692711762,1,0.005193682568184976
1291,0.2370799421222715,0.05765478858373265,2,0.012183635494559019
1292,0.15500071831325277,0.006215483022450787,2,0.008890994599936555
1293,0.23607128738941538,0.07511382034577505,1,0.008305912176183351
1294,0.24567284455959462,0.08219756003450289,1,0.008290057925016612
1295,0.14827230452876422,0.0022629662205658745,1,0.008323584464928487
1296,0.30954979699302326,0.15897836298966644,1,0.004342436042205671
1297,0.2733972304255077,0.04821432241926095,3,0.016793646575879277
1298,0.26804739213473033,0.0447523779779965,4,0.01744475983217703
1299,0.22169199679538637,0.03656443645772883,3,0.015339120062527307
1300,0.3192545632169848,0.1669776359607691,0,0.004252237316281983
1301,0.21273768004250992,0.037560292729928224,3,0.013348788752545138
1302,0.17413654934606856,0.012387468438758863,2,0.012091544795568033
1303,0.28376263998157697,0.06739760116614975,3,0.013550100694349294
1304,0.18950163468689205,0.0128888419728353,3,0.016259425966544384
1305,0.24463356387371624,0.0604810174665447,2,0.012523180232668468
1306,0.21048001939480582,0.05185774228785005,2,0.009090782362377536
1307,0.2923185473754641,0.07021181979765025,3,0.013130978562192797
1308,0.2956262037461892,0.1434614419747438,1,0.004848688806800559
1309,0.2905193253117287,0.14689378585205223,0,0.00412236912591147
1310,0.15680181647036945,0.028424252361612244,1,0.0043984357100671926
1311,0.2526730972422497,0.11564317036383077,0,0.004142731374148349
1312,0.34719924338180935,0.18651240968361057,0,0.004144698707692569
1313,0.2784805427436857,0.06631178174142728,3,0.013656964922808547
1314,0.24805106821119208,0.0353232943145364,4,0.018890066886939835
1315,0.21140350108957934,0.050862339962875654,2,0.00950167529696864
1316,0.2400898612397064,0.05456533001927126,3,0.013310450897125854
1317,0.25803560376483914,0.06711460774516402,2,0.01251320086473538
1318,0.27257148931054054,0.04603929915498748,3,0.017227487751563755
1319,0.2055883685375643,0.06972724932134247,1,0.004832644952568345
1320,0.2968687303741238,0.15255689780084633,0,0.0040575952157837205
1321,0.16551364253365744,0.03647622042009832,1,0.004394567991342422
1322,0.3294522776249761,0.05966403837409671,3,0.013199197850914996
1323,0.3106485852759778,0.1592525864169667,1,0.004388011847813189
1324,0.1369962319739334,0.009728066026419407,1,0.00444366113363811
1325,0.349369089275288,0.1810546950620661,1,0.004539716592697434
1326,0.32052894065014925,0.0627590502100338,3,0.013203143591237608
1327,0.18199704126794,0.024317092257004493,2,0.010323309429131778
1328,0.18360138727242814,0.05508903067665708,0,0.004091527126282882
1329,0.13676487324855915,0.008768086724355544,1,0.004566901768734694
1330,0.25386827377889143,0.04367396671288402,3,0.017164313857732722
1331,0.20490448186867533,0.021017012213876838,3,0.017096987399524147
1332,0.2987279488023938,0.10806531410056334,2,0.008791397757542872
1333,0.31922312641454414,0.16760435844304625,0,0.004199668177855901
1334,0.19529079101194427,0.06321496935592985,1,0.0044398609077837825
1335,0.3470191294653188,0.18153931153305294,1,0.004442737680583714
1336,0.2590094119235614,0.12715292855734409,0,0.0034867851099066468
1337,0.14752204592995433,0.020101335309302717,1,0.004354265751895655
1338,0.2823607254060304,0.137034863116566,1,0.004469562928942844
1339,0.2487150809617833,0.07725536582910043,2,0.009592372037442324
1340,0.2304240641793426,0.07035321430263713,1,0.008410295178504869
1341,0.2319356420305504,0.0976684879183081,0,0.004161612215861639
1342,0.14299282551127507,0.019837575031414006,0,0.003764926570132922
1343,0.23365734752905015,0.03859322290342543,3,0.016580419773314224
1344,0.26423861049695657,0.11874848400249957,1,0.004912133027836061
1345,0.18225243283600162,0.05414738417798424,0,0.004051407800829684
1346,0.19591827359508554,0.02965776887593832,2,0.012052602830268343
1347,0.26563276370487604,0.1222779618339324,1,0.0046239074835786285
1348,0.3045157505225566,0.15556331651019073,0,0.004317016677814997
1349,0.2765385375722726,0.12138588149713489,1,0.0057551473979918335
1350,0.245971051321966,0.07714935125013966,2,0.009267618328278798
1351,0.24938795305508432,0.04159675353673579,3,0.017372340419977702
1352,0.2824414942955576,0.046254172345083625,3,0.01714725333086253
1353,0.20166671026942248,0.05192722003881833,1,0.007457920608760645
1354,0.33393183477398186,0.05829471891600012,3,0.013172928064185798
1355,0.2991691164612874,0.15161920728465658,0,0.0043105983576243205
1356,0.33615804737671195,0.03596023000678582,4,0.017392845683753908
1357,0.3104360095828641,0.1140264741528655,1,0.008465821133439558
1358,0.16541578666612544,0.038760852451398466,0,0.004041711059063949
1359,0.24210392197857994,0.0824524202164844,1,0.007774502546545802
1360,0.27102720858678153,0.1297718964205381,0,0.004272832736603227
1361,0.16770933953934702,0.0029015551263304558,3,0.013671772611868891
1362,0.2507360367576448,0.06214534340587885,2,0.012836742232636481
1363,0.15332374794061596,0.024015660558434578,1,0.004589954183262431
1364,0.23228137183866676,0.030720132568785755,4,0.01869879909480589
1365,0.1539811591443402,0.006021025688228515,2,0.008689215275799004
1366,0.17346468452231772,0.005710810908747521,3,0.01436127646974138
1367,0.22433601961460334,0.08846946460965639,1,0.004497955076134231
1368,0.17183253367030724,0.00856927527478079,2,0.012785593758056678
1369,0.14774136805628202,0.020300302143467747,1,0.004355057301115429
1370,0.19056943886523378,0.058990429313442505,1,0.004437183327543518
1371,0.20454390927051644,0.02307216874603435,3,0.016277325285366476
1372,0.30813415284035506,0.15704197288139468,1,0.004423053624203754
1373,0.25553234166756195,0.06250592149753031,3,0.013206545990842939
1374,0.24192515682717838,0.10722221907222229,0,0.004052521446976044
1375,0.13633118587731574,0.00982957532817152,0,0.004326589590389081
1376,0.3274092954944804,0.033356999331459546,4,0.01844693824901936
1377,0.28650791095564543,0.14141038067065434,1,0.004353657788190096
1378,0.1987254896473162,0.06046000812925229,1,0.005348391456191814
1379,0.23404592167824786,0.09516400639935804,1,0.004724476051912902
1380,0.20431535816423518,0.07158502461469478,1,0.004395966934325571
1381,0.16974997083946394,0.044085340800436155,0,0.0038568542401951817
1382,0.1840320330330081,0.05355291365977342,1,0.004368087081179227
1383,0.30915865624539957,0.040246186998583705,4,0.017568041933313083
1384,0.2516915233690632,0.04336968296913221,3,0.017100018476494852
1385,0.2965223986482972,0.10952852970756087,1,0.008556827489103774
1386,0.19953032163659296,0.015109402703048605,4,0.018041071554728925
1387,0.1468538166736492,0.015353824364214647,1,0.005052435320165356
1388,0.33356307962293696,0.05768596555105452,3,0.013281027982936356
1389,0.13284285536831933,0.005293399525492869,1,0.004534326917743442
1390,0.3289000131158076,0.1712608647124024,1,0.00442429701575905
1391,0.13179038509296664,0.006770938576060806,0,0.004137393549995232
1392,0.16023066033688052,0.010426862435303868,2,0.008993641207137078
1393,0.1656561896535285,0.004214831771782362,2,0.012539408785975767
1394,0.27988100735477073,0.14343015714898308,0,0.003625234356597328
1395,0.19140472071564743,0.012376045719311345,3,0.016988576954554486
1396,0.2574748041939558,0.04287019868407434,4,0.017540812050120813
1397,0.22844601807805162,0.09066289010282652,1,0.004683905924459744
1398,0.14959831561706016,0.0012240825883872968,2,0.008961518385385748
1399,0.28456507412792664,0.09928906181221972,2,0.00922360082619849
1400,0.24544448382133427,0.10248052458845436,1,0.0050331102451481235
1401,0.14574647001305635,0.018524401588524222,1,0.0043423282302517945
1402,0.30564430206239573,0.15286873427023762,1,0.004639494214206034
1403,0.3473899843058406,0.03418086872068625,3,0.01736287527792641
1404,0.31441456147647945,0.10757622480806395,2,0.009029035811125203
1405,0.2068745597139106,0.03624886925444368,2,0.01251888918534952
1406,0.3485666476708627,0.18614822069631035,0,0.004213744518239371
1407,0.3263436335038735,0.17050568014181985,1,0.004355439120318969
1408,0.23681609709053933,0.09668548604526742,1,0.00483787858956772
1409,0.2749603793663006,0.13000922241585514,1,0.004596699115064202
1410,0.2298196795026052,0.06657024394984962,2,0.00909875891888128
1411,0.2467809145795304,0.06258750197235177,2,0.012317514017510876
1412,0.15931275952500312,0.029168154805934883,1,0.004650345314860744
1413,0.2907158225492107,0.14448979077887997,1,0.004373810389335195
1414,0.3117536009826061,0.16185818053459608,0,0.004231583968306389
1415,0.1814768352930806,0.05644859103190393,0,0.00365130040369772
1416,0.20805907463025242,0.08056940303222752,0,0.0036616453593580787
1417,0.32424859477443807,0.039917696886280246,3,0.01698716212804089
1418,0.17208427445722707,0.04054209139415556,1,0.004700994220695588
1419,0.18813931404101472,0.009822358571402031,3,0.017103556186052096
1420,0.27532845490292274,0.044592657389362876,4,0.017533935455760614
1421,0.33893743791726677,0.17970556413845298,0,0.004268947805328757
1422,0.1611154780317412,0.016806870784952858,1,0.007496471858975386
1423,0.29351368010460527,0.14642589056354752,1,0.0043954820130422045
1424,0.19496786585199388,0.04091732157557599,2,0.008714078748358067
1425,0.16330319894166204,0.014092815846659895,2,0.008711812157368838
1426,0.2696281318784633,0.04424101333340351,4,0.017576697985085918
1427,0.23633858726341506,0.07671047741342304,1,0.00803856517350581
1428,0.2444571883772537,0.08046797609753914,1,0.008447801270522618
1429,0.3023315290323975,0.04332741366176691,3,0.017189212318183444
1430,0.2848887172845301,0.10131475121380541,2,0.008980606186071834
1431,0.1649997746540107,0.014232408127622694,2,0.009086741995633786
1432,0.2699328424464798,0.06840588494251838,3,0.01304619241173107
1433,0.3017070253562772,0.05224720099738289,3,0.015563559903355811
1434,0.29353751588837934,0.10684646612057241,2,0.00873581937460693
1435,0.2935208399690719,0.10542008105676515,2,0.008898099355035717
1436,0.3445991299656971,0.03315592847999679,4,0.017762984443027194
1437,0.22122628862799512,0.0837231430462983,1,0.004783190156574118
1438,0.17367947454450197,0.047101916024972545,0,0.0039396155292971665
1439,0.1275309231130554,0.0004799577309660371,1,0.004505662183490513
1440,0.3265871093409131,0.17203007363119105,0,0.004251310204510351
1441,0.2768096588359031,0.04492623453855942,4,0.017461949773940288
1442,0.18380073157315058,0.030020757534564162,2,0.009135411771183929
1443,0.29203767697636246,0.0693668702365927,3,0.013248294448099539
1444,0.3378096826242347,0.05432487677037829,3,0.013587305731272524
1445,0.2555472989432249,0.0851775958017883,2,0.00895657012066321
1446,0.2665604890151774,0.06458482895046751,3,0.013551149210296974
1447,0.17355274852597477,0.0079794837249451,3,0.013513804007107466
1448,0.33555118370511,0.18028312487508294,0,0.004082551380965771
1449,0.24312976524307123,0.05280996968778984,3,0.014090358082550564
1450,0.14589337433545396,0.0026586849977863663,1,0.007641340959166066
1451,0.14944533947758903,0.005996859858908413,1,0.0076019648461893175
1452,0.15531429216688616,0.028994646725683304,0,0.004101896985903405
1453,0.14871204342578193,0.02189150022840909,0,0.0042477054943091674
1454,0.14328480404357744,0.017449230937074456,0,0.004152837884877284
1455,0.21929456175752307,0.08387206050767214,1,0.004525694612385562
1456,0.2817195148302858,0.10777725596063736,1,0.007936183061348382
1457,0.18015305897249598,0.027927022411837688,2,0.008876527670943485
1458,0.26891352191043744,0.07123604319535769,2,0.012515955605431365
1459,0.3227155067473333,0.11038101853074951,2,0.008725823682454923
1460,0.31817779817157166,0.06494722828762432,2,0.013024183718735701
1461,0.27816969861707536,0.09810539502126785,2,0.008986390751275636
1462,0.2123184434263799,0.05332494892214742,2,0.009084764286951295
1463,0.158246147696763,0.004132059882756112,2,0.010401752668543401
1464,0.251576338146583,0.05896362500387348,3,0.013587382683853216
1465,0.18628458671797762,0.056421094334864905,0,0.004248019750746771
1466,0.1266823278150297,0.0022201401217596464,0,0.004096858688728421
1467,0.31907839401313687,0.16335353222255858,1,0.004538678347103591
1468,0.3000253487932649,0.11156670760871068,1,0.008465460145406016
1469,0.3473879158650057,0.1848348755462569,0,0.004254108566138494
1470,0.33686112315642147,0.17611082376586717,1,0.004429095151081483
1471,0.31096675636504884,0.16242573475725983,0,0.004133467064439994
1472,0.31556517991051175,0.06703602272064244,2,0.012874503330677993
1473,0.26537498731230563,0.03408067853115951,4,0.01988137797855138
1474,0.30173289473844983,0.06942795268625843,3,0.013060235374423652
1475,0.26040690362159136,0.08871305232123498,2,0.008880532832537166
1476,0.2802414705905938,0.06433699191516067,3,0.013993551170709497
1477,0.33618467468024194,0.17595217628980545,1,0.004412147526612893
1478,0.30220911585904825,0.15599109066984218,0,0.004120531442591716
1479,0.3111487794491101,0.06966742327868566,2,0.01272931214437985
1480,0.18963965363477275,0.0159115775768711,3,0.015140088953238696
1481,0.15600691938590394,0.007407795410785029,2,0.008801483922165888
1482,0.3495333122108428,0.1860049666298213,0,0.004253644466281653
1483,0.15731759273892149,0.011388532628451888,1,0.008022739778835254
1484,0.3314310078103336,0.035757638637047846,4,0.017653207588638288
1485,0.336260242165216,0.057081507737680344,3,0.013235902052744141
1486,0.21069340131222106,0.08113830082695558,0,0.003882462446885734
1487,0.13241884573441293,0.011017878807594896,0,0.003607660472878212
1488,0.22043139131265294,0.04610250262840803,2,0.012409211664385265
1489,0.26050425700215274,0.09119639216048335,1,0.008481896128480855
1490,0.2891678390151953,0.07245643933451298,2,0.012843166022747599
1491,0.25463704887021765,0.06324822571402901,2,0.012979798350329657
1492,0.3307505320595087,0.17430379940294632,0,0.004287065525587911
1493,0.24549156712823628,0.08106855609039944,1,0.00847236996889978
1494,0.2940059942664787,0.11148575821493727,1,0.008229309911312741
1495,0.20205173180962657,0.06885173776853808,1,0.0044985035540791455
1496,0.2663825138656466,0.09255730635922313,2,0.00884821692437051
1497,0.34694160110846817,0.09993466774828275,1,0.008560981084656416
1498,0.1355579693956618,0.007473594977550905,1,0.004594993164079462
1499,0.20334352304780712,0.03486572198989739,2,0.012163949311853977
1500,0.1658200189166684,0.02111538267973694,1,0.007458669982014438
1501,0.3366931373639824,0.1771155581251139,1,0.004352837684179312
1502,0.20448244710712044,0.047807008435702375,2,0.008920607707302268
1503,0.2784057070619574,0.1006952490013184,1,0.008644643226730054
1504,0.2452211070919081,0.07133489904514169,2,0.010311007068741194
1505,0.24100922561447466,0.11032153563151632,0,0.003610283817788427
1506,0.3256092879504444,0.10959205151426832,2,0.008727342381342604
1507,0.3394292314406536,0.10231251039106355,2,0.008745779159892131
1508,0.31277717881294503,0.11023201550386487,2,0.008810035417537249
1509,0.18031210850165463,0.0027126333182468324,4,0.017767872662770388
1510,0.3123096784281011,0.035642091210813326,4,0.01849939418714295
1511,0.31665908695417555,0.11618006807716276,1,0.008332600034273835
1512,0.22224604530517916,0.06279026607715052,2,0.008687714611395302
1513,0.19285506222417567,0.014347691463242043,3,0.016606353747177692
1514,0.1666873524431868,0.0031325623251102774,3,0.01326304020732658
1515,0.1844289585817247,0.05042373599694619,1,0.00490835783185704
1516,0.19693351416836416,0.032163745844841704,2,0.011527916250435127
1517,0.20209513217681002,0.015565853492628548,4,0.018490290687681838
1518,0.3455463080423122,0.05549073445100825,2,0.013012196495761252
1519,0.3173620168501801,0.16663545715770242,0,0.004170745535323274
1520,0.2070548742562428,0.050287496266775554,2,0.008820367411405274
1521,0.19166139455761894,0.02370629276484272,2,0.01292232907234094
1522,0.31045825715084135,0.10721499070368583,2,0.009064831643186222
1523,0.23175511611768168,0.06843403127782981,2,0.009006217669572611
1524,0.22269480567796043,0.0896651531349419,0,0.004151575448227399
1525,0.1376688317490301,0.009217495371873932,1,0.0046335048297723004
1526,0.24657619968469255,0.07984239486594448,2,0.008838448156022664
1527,0.24680417061091794,0.03970186786817291,4,0.017654520701497232
1528,0.34465958825574555,0.04874299691446252,3,0.014213069892374761
1529,0.3150905484266688,0.042015958735643684,3,0.016939103479902812
1530,0.32598556252473454,0.11178781489063447,1,0.008570621007152569
1531,0.16010410695716393,0.011542875286117216,1,0.008645812058102215
1532,0.3396323516913402,0.09943118789355443,2,0.008916636178394314
1533,0.12849264794669812,0.0028604791697798776,0,0.004263999086889874
1534,0.21823550157279148,0.02820611478050474,3,0.017343044338956393
1535,0.2866567011112562,0.13955626842454963,1,0.004556532099580614
1536,0.2847474937053407,0.07297748386610285,2,0.012747538929682448
1537,0.23076873488168817,0.08438967550846473,1,0.00591352070128792
1538,0.2765244042725275,0.1354079319911653,0,0.0041494503884426425
1539,0.2831009202102198,0.13673203651092117,1,0.004563128174188358
1540,0.3393384073747558,0.03646764577712892,3,0.017123435685839402
1541,0.31369484758921373,0.11017921926435344,2,0.008815419982816942
1542,0.2921734170434354,0.10529733786089175,2,0.008856112774114988
1543,0.27726123425174587,0.13620302107078566,0,0.0041290413884223645
1544,0.31459056276307157,0.03573034507769775,4,0.01838450802274154
1545,0.14711946871226422,0.0199700980182633,0,0.004315980137569053
1546,0.18723285736822926,0.004849684535160967,4,0.018952015351326915
1547,0.12808539529387764,0.0013645712029977126,1,0.004444988937241462
1548,0.32659907691613427,0.10858375792403326,2,0.008773800763711625
1549,0.15299710772669115,0.025627985132709325,0,0.0042854582913072325
1550,0.20040680108023745,0.06314013564475368,1,0.005150172265838287
1551,0.2826488537478375,0.14002050742572333,0,0.004183567124737569
1552,0.2362380237013057,0.09829256266764848,1,0.004556698275879557
1553,0.18890671087048921,0.023260344723301928,2,0.012374109450484455
1554,0.1326940416764298,0.007965236395634623,0,0.0040846180063397845
1555,0.2755341109130294,0.09943730321420238,1,0.00860404374012575
1556,0.27934576040461123,0.04851830698120736,3,0.016736769169730843
1557,0.25326075365708184,0.05774946221807837,3,0.01399339113920585
1558,0.24704524820907658,0.043648463136023635,3,0.016682216897469803
1559,0.16122028709351288,0.03216755054701429,1,0.004450608628047969
1560,0.3036619085284506,0.03516998081066529,4,0.018949399419714054
1561,0.2074141809612735,0.04495953798000148,2,0.010209746635118333
1562,0.21739415252900496,0.025870439913612885,4,0.017969277110848794
1563,0.28649001943537955,0.09771799965660254,2,0.00952136079984616
1564,0.34249175630463913,0.10383837206286711,1,0.00852754215795528
1565,0.23788070788700005,0.03922333457118643,3,0.016922183891002376
1566,0.25787202724040004,0.06431693365920096,3,0.013039845772768895
1567,0.34178896951082016,0.18203176937684323,0,0.004228249453158429
1568,0.13165481620081626,0.0037515220478427664,1,0.0046068834319124554
1569,0.2806854521648318,0.04249333589045887,4,0.017935697339556658
1570,0.2882124124610692,0.06977953653013853,3,0.013213731892475872
1571,0.31783139057716264,0.15949829220158193,1,0.004790698252840181
1572,0.24645410788561825,0.08104115037513161,1,0.008601558786328536
1573,0.15779506013044595,0.013452737197144867,1,0.007599036599360442
1574,0.27844301158654294,0.04209568399977678,4,0.018043661852118323
1575,0.3185603300199257,0.06640618853252432,2,0.012823402189485635
1576,0.16153365741751394,0.013367857315642129,1,0.008486569716299776
1577,0.18483295195125482,0.022679189418528766,2,0.011530044495922645
1578,0.23148771851635885,0.05195672866448982,2,0.012738302542940946
1579,0.34359771814556067,0.05666255608147046,2,0.012928671393613122
1580,0.18214438635853333,0.003382709499921483,4,0.01804796266524661
1581,0.30445903415783926,0.06834150544535311,3,0.013120357226005316
1582,0.33366729659488914,0.061635203506262254,2,0.012716256991685935
1583,0.32581060619673274,0.1669905506364551,1,0.004599718796254744
1584,0.281618411525667,0.09933825250580407,2,0.00904562515368953
1585,0.2656590403697282,0.1281950082949328,0,0.003963867224982224
1586,0.28923234477663484,0.07003512923027194,3,0.013175483738115864
1587,0.2940422615257545,0.10429712882358153,2,0.009046062582615002
1588,0.20306681619674058,0.07232709141031489,0,0.004139948012269766
1589,0.259631602873779,0.06694954362373924,2,0.012672986265427155
1590,0.28947958431355536,0.06761689050547476,3,0.013513354058679424
1591,0.34643774546376477,0.0984309326852595,1,0.008675380647751117
1592,0.3079688853696022,0.16034964792862916,0,0.004120167955259206
1593,0.3408236539400172,0.10090635173284224,2,0.008773625601854297
1594,0.20764347624211693,0.02431252836476505,3,0.01653758417977134
1595,0.17603303171780305,0.024751027384842528,2,0.00879183842156412
1596,0.22827803842972605,0.029017233358933206,4,0.01869687383597758
1597,0.2175885375456418,0.049564202942452604,2,0.010980955542953745
1598,0.188561145789631,0.011644448999173707,3,0.016487862981793278
1599,0.15626078088104342,0.02736337753857002,1,0.0044872433933459905
1600,0.15314784686043684,0.007196031307292754,1,0.008157391379045184
1601,0.2799797138601916,0.06880805049667296,3,0.013294422591237587
1602,0.3172485338471465,0.062155740398938834,3,0.013432806206879032
1603,0.1270645041390791,0.007561242970363106,0,0.003393248723320182
1604,0.2888392016814764,0.1423279159878509,1,0.004445143076515596
1605,0.30602621142330105,0.1112554641811485,1,0.00865082917632214
1606,0.3123110296636669,0.04238002634868263,3,0.016982642490119715
1607,0.1730032287764447,0.04839901868474084,0,0.0036824722390161333
1608,0.34169914000373547,0.055766126357665764,3,0.013163176744151007
1609,0.26283059459694147,0.10255652761830444,1,0.006961100230646446
1610,0.30737179929934655,0.15677123011473484,1,0.004397727601183029
1611,0.323828643304257,0.16802325682452687,1,0.004418657428600067
1612,0.3386453311043337,0.17925365636446064,0,0.004287528137820907
1613,0.2702016691079113,0.130876152698326,0,0.0040807384095996385
1614,0.24165356387663053,0.10519971152387689,0,0.004268120965556558
1615,0.3117141238509489,0.06562007459652665,3,0.013210161773220493
1616,0.2923257550530171,0.07352194467027319,2,0.012691787804792696
1617,0.16147972616973025,0.0002520996125927658,2,0.01273499365390322
1618,0.12596042913745578,0.0002046079427321999,0,0.004307455019442527
1619,0.2752635909792715,0.04373918033246681,4,0.01771206531740507
1620,0.29930333432134837,0.15332776641635146,0,0.004160734860592934
1621,0.31937283249236653,0.06261955538484468,3,0.013274729660078772
1622,0.28771029861789177,0.13966189581741748,1,0.0046299758804619565
1623,0.18243736310971553,0.02710969654389157,2,0.009622666248539333
1624,0.25857309216595026,0.040572351050287864,4,0.018126147035608865
1625,0.30246250541556513,0.068383969381245,3,0.013173534023930235
1626,0.1645385513671611,0.0028309554013876063,2,0.012712719929416619
1627,0.17758188059973087,0.0002225672377694438,4,0.018002169302168046
1628,0.2981078258194409,0.04134583726510232,4,0.01774949048233248
1629,0.13606899290578,0.008769356574673183,1,0.004458643485220514
1630,0.3012415088287336,0.15101165880591144,1,0.004514087041112151
1631,0.19626086688328043,0.022832989311871988,3,0.014371451307598902
1632,0.32548563526301166,0.16992081212071775,1,0.004356666334016365
1633,0.3499460142142965,0.18384877845918682,1,0.004393166584883309
1634,0.2321587826592768,0.03549313115812006,3,0.017266367520219403
1635,0.21805383476245116,0.0873449787274743,0,0.003927004780683113
1636,0.2816572369197793,0.04489223720386654,4,0.01742884739583844
1637,0.34128959528081854,0.09948178995219434,2,0.008841950717090201
1638,0.32635187110794905,0.05953358591508015,3,0.013369697534052725
1639,0.2842910589935168,0.06954038599786881,3,0.013237185618479658
1640,0.26371450859672646,0.04350091738371641,4,0.01762313816767865
1641,0.29176307899688425,0.06840397589457163,3,0.013383219901160981
1642,0.23487441542566265,0.07326444421135747,1,0.008493639013170995
1643,0.3333850015005907,0.1795079248043734,0,0.004036215633680817
1644,0.27533586888714584,0.13148789036665023,1,0.004466329584879231
1645,0.30299808475252704,0.15330607907584706,1,0.004420862271362346
1646,0.19307433073838545,0.007647868705841398,4,0.019408759287833654
1647,0.26743596975776684,0.06749096984218798,3,0.013081074733462419
1648,0.14409670062593685,0.02095698879786696,0,0.0037533347094238826
1649,0.25699852860817735,0.06474183226985665,2,0.01288605389059567
1650,0.22456532898319528,0.08365570469078469,1,0.0052153283489555675
1651,0.12530648299058542,0.0007406012600848937,0,0.00412480560637851
1652,0.28106625718455136,0.1366131690918018,1,0.004406127504784419
1653,0.2645996636125805,0.12195820228409968,1,0.004562966075068451
1654,0.33882219856659007,0.10248627880064393,2,0.008759896765927862
1655,0.2985359345080966,0.15317681457584575,0,0.004120030257286721
1656,0.32334930731643435,0.061317291106649005,3,0.013265560325246232
1657,0.3202691579265059,0.03922801200811757,3,0.017319950258846716
1658,0.2998159088404549,0.07069959229498707,2,0.012945807154479239
1659,0.2027630260870558,0.06955401562427581,1,0.004488514538429115
1660,0.15309524133995342,0.025991275258281894,0,0.004243662238121501
1661,0.2502146975601399,0.10897436273157399,1,0.004700755899389927
1662,0.1875526441832134,0.03373190254447095,2,0.008980620295713952
1663,0.1373723033857016,0.008614326739371866,1,0.004689273241570714
1664,0.18214214746483365,0.03198285813962934,1,0.008265195071746586
1665,0.23592742603453892,0.054845012080187036,2,0.01268479571391123
1666,0.2518529449124197,0.04071160421929671,4,0.017755772784230243
1667,0.20657543589382396,0.053584962990607776,1,0.007979809620724983
1668,0.3453691996070061,0.18340418231123598,0,0.004273129387902835
1669,0.3467203499298788,0.10195671189486107,1,0.008452164164981023
1670,0.3231130186298729,0.06010838198637296,3,0.013444325186312368
1671,0.19193767130985712,0.011508097306333068,4,0.017483875050690153
1672,0.2143748721616839,0.05030698031681691,2,0.010195676590447194
1673,0.3471922743091394,0.1837944060015041,0,0.004311121811433418
1674,0.13048431839883487,0.0034756422185933345,1,0.004468612380872139
1675,0.27119266841829326,0.04604059113217067,3,0.017215671555701122
1676,0.164756458090756,0.037447335855155535,0,0.004143842549156513
1677,0.3117578319202026,0.16445507646801089,0,0.0040110712430063925
1678,0.21672961539632263,0.03778808611968096,3,0.014065648351274723
1679,0.2284308267042237,0.08103210067088729,1,0.006148075650525988
1680,0.1276788344980293,0.0038461127766572087,0,0.0039926102044494
1681,0.2336821167209864,0.09651637370314059,1,0.004502279851240405
1682,0.33934871528702204,0.05760897378116953,2,0.013000964834246816
1683,0.24009362436235981,0.10239719519454696,1,0.0044517866976563885
1684,0.3153692332298925,0.16092227822947758,1,0.004530779925624799
1685,0.22784763410738598,0.10015273709296917,0,0.00345047512706015
1686,0.33801110284901376,0.06236717606547492,2,0.012398377380552068
1687,0.15311808084568657,0.004824567055978839,2,0.00881491704071861
1688,0.20942116048704978,0.04839132365208414,2,0.009731295807535867
1689,0.21657016598757678,0.07931206749710071,1,0.004836821555210323
1690,0.33523220573506335,0.05863100657603679,3,0.013058589644115078
1691,0.2577630285723763,0.12231298550819018,0,0.0038799290675160377
1692,0.24701656071711542,0.04192794782647959,3,0.017107459181914073
1693,0.20203711184725445,0.025111940268771747,3,0.014984550023439977
1694,0.136282826808615,0.009536664154218319,1,0.0043663321334267745
1695,0.27331330372445,0.037346480811949925,4,0.019132729808335396
1696,0.12672376849369268,0.001040133702516877,0,0.004288721714922655
1697,0.26579220323591946,0.09832641952419377,1,0.007899874945393794
1698,0.2488421675812471,0.08377661382902021,1,0.008408496087360336
1699,0.21127661389293442,0.07584724556155291,1,0.004667123439125517
1700,0.3135802785633335,0.03901953927218298,4,0.0176559766343159
1701,0.1330556684599542,0.00686688224424574,0,0.0043092172447460175
1702,0.2783001605782515,0.10294387538946133,1,0.008328077100715545
1703,0.1847560678687746,0.01069037614361441,3,0.015778302235656114
1704,0.22589849472010326,0.05861441127067843,2,0.01023164323221812
1705,0.1500670092189906,0.023493975367988043,0,0.0041953945118141794
1706,0.22922262150274364,0.09139117258182053,1,0.004675627124894139
1707,0.2714935042762244,0.07535818658095227,2,0.01197369841819915
1708,0.14731344334913682,0.0009877374926810514,1,0.00844252267165472
1709,0.2694159995927899,0.0456125211796987,3,0.017283502785473626
1710,0.318501436831315,0.16641379187867916,0,0.0042550484435751705
1711,0.2557993611263752,0.08671183640479681,2,0.008719902847910575
1712,0.15436223115896927,0.00836887635296799,1,0.008131134494303508
1713,0.17827583275690784,0.0012380035147409084,4,0.01777114565907131
1714,0.169112243904806,0.004107200225981877,3,0.013640707433095428
1715,0.34586770577669385,0.09871480466405193,2,0.008684224614777029
1716,0.29808378603375396,0.1587955368916111,0,0.0035840415155118308
1717,0.29842695668666624,0.044333429020880756,3,0.017127219728648467
1718,0.20481677781656465,0.07239608150089309,1,0.004344839664863252
1719,0.2644814525215688,0.06450805248171038,3,0.013453558680760659
1720,0.2911718242646088,0.047327484482785946,3,0.016767957111943746
1721,0.264216455898505,0.09333850733832405,1,0.008516963600685103
1722,0.2700954084549522,0.06683716802260758,3,0.013320747650900747
1723,0.28202377995680145,0.1462840181001624,0,0.003525058974643024
1724,0.3429161216506187,0.0326496281952851,4,0.017975298638854106
1725,0.1600826137859639,0.012526657586353896,1,0.008369756680324188
1726,0.15922976745415893,0.03567507356515934,0,0.0036757716667363428
1727,0.17968765237497744,0.050435260817921844,0,0.004246445411222675
1728,0.22065089522356918,0.0622059214452149,1,0.0085482348925432
1729,0.2972675201087704,0.10102123428017726,2,0.009506745755663773
1730,0.13373091679930968,0.006628708337450542,1,0.004450673450948249
1731,0.3437456625384214,0.1822619699103165,0,0.004287162244909608
1732,0.22064694330222706,0.08238821579230612,1,0.004903897612655661
1733,0.3433964046301124,0.055639182072168114,3,0.01309735386075859
1734,0.21155442701175173,0.07700638634454741,1,0.0045359881560385245
1735,0.33462737602987197,0.05925734920901866,2,0.01299880185446483
1736,0.20351710620722782,0.031588562143960545,3,0.013203321094956078
1737,0.16660470093988008,0.039121872474508615,0,0.004148093454214607
1738,0.2668360811837777,0.05048736026613334,3,0.016229746921065553
1739,0.2576000258262057,0.12410172641827838,0,0.0036748571138898903
1740,0.2103057916377468,0.02559670076417884,3,0.016665409441220226
1741,0.26446113200808846,0.08362431773251124,2,0.010118606204578105
1742,0.3314097547549053,0.17210819245850834,1,0.004478530009610133
1743,0.2557009182321353,0.06310207142548144,3,0.013101413548602362
1744,0.2930505473116311,0.07015385487945609,3,0.013131182795585042
1745,0.24431675943749906,0.08223884303207153,1,0.008105925459817196
1746,0.16192245352336793,0.03296353982727087,1,0.004427178322959726
1747,0.1379438390689885,0.007423339652740729,1,0.004993750592714243
1748,0.3187948110810903,0.16686352955479725,0,0.004235241064088334
1749,0.18276238147857599,0.015024484040493391,3,0.013572331732403683
1750,0.16811676189896121,0.041023010169971764,0,0.0040744860147874365
1751,0.20872696891734954,0.03821490488530191,2,0.012333297320702524
1752,0.30558314942215964,0.1616893868769367,0,0.0038464128434416325
1753,0.19222034999879473,0.026707900542681687,2,0.01208876860804722
1754,0.22081815303789223,0.04275957122307639,3,0.013394618145225494
1755,0.20965749873277584,0.02231121609398228,4,0.01767927575572995
1756,0.30031516822098997,0.07257877951156101,2,0.012700512500609126
1757,0.2675854743549163,0.06688493943752465,3,0.013194936100939771
1758,0.255000697074561,0.11592165151857937,1,0.004339360048395779
1759,0.30285421677671936,0.11077888530398707,1,0.008628209755174473
1760,0.2780987401337385,0.13538578892503927,0,0.004285509344767226
1761,0.3374993027974505,0.1055447473972389,1,0.008626434858674209
1762,0.30817837641944373,0.040564780323104885,4,0.017538744131035573
1763,0.17063890164794043,0.0024850812751623596,3,0.0147673398120061
1764,0.34160415213139944,0.05793144484850427,2,0.012838723652231761
1765,0.22258966898361326,0.09322477098446584,0,0.0037042905496293675
1766,0.2855407922232775,0.07025467262777509,3,0.0131416257328091
1767,0.16185712098483152,0.0342287754515069,0,0.0042243621321012845
1768,0.24829279743888333,0.10770803087966446,1,0.004657857261301476
1769,0.1322632092107077,0.006713910864016443,0,0.004215493721952007
1770,0.26883577688010696,0.09372092532470792,2,0.008890355206169721
1771,0.28686240199429713,0.10682050054903795,1,0.008399693694249208
1772,0.1783995697263263,0.025362377655972053,2,0.009170064371304722
1773,0.3154439035888009,0.03846723492792115,4,0.017702305121754067
1774,0.2397072494975075,0.03957424122084909,3,0.017029170253522654
1775,0.3440658178426055,0.05368535065056518,3,0.01337752808269936
1776,0.13513927468187906,0.00815287264690229,1,0.0044170842490335325
1777,0.31482556167790143,0.03911675142064424,4,0.017581296906755507
1778,0.1611447443530673,0.038144850450165906,0,0.0035856820583942033
1779,0.1599747402922386,0.025770287148351587,1,0.005348709608427611
1780,0.2981545301413156,0.03872261488307986,4,0.01831751001558967
1781,0.1684064941649216,0.015524989633807506,2,0.009559607998386777
1782,0.3035949732974271,0.15261408919550232,1,0.004525828077005588
1783,0.23217681888535785,0.033350427534355076,4,0.01789651024888455
1784,0.17192709792584654,0.0309357617994969,1,0.006456704847982711
1785,0.1895098822549012,0.058450074233215785,1,0.0043764307901737265
1786,0.21445504750571023,0.08176058289595589,0,0.004234745673024865
1787,0.27150631716130397,0.09585974503846342,2,0.008797370870601503
1788,0.19622778888036907,0.06354120233206398,1,0.004514958964467572
1789,0.20370176027896725,0.018507387234240794,4,0.01774565492699078
1790,0.3115504087329891,0.15911155799808602,1,0.004456627489068245
1791,0.13262644125990455,0.006100759867934381,1,0.004367728884486759
1792,0.2712824952549421,0.12948188115763973,0,0.004327342257242336
1793,0.17190565079298414,0.020570764195862453,2,0.008971519952081754
1794,0.1377409724324338,0.01104364112277427,1,0.004343512036588083
1795,0.34868667267784453,0.031949995732608746,4,0.017927498461043356
1796,0.3057593192950396,0.15855376772208177,0,0.00413216708873767
1797,0.3178970630779563,0.16448559700541593,1,0.0043786847578070305
1798,0.19468094623954083,0.016618708310970225,3,0.01621891859176975
1799,0.2509501090740214,0.0870092073831659,1,0.008100526897443268
1800,0.29110371896001663,0.07077900320491183,3,0.01306412930968684
1801,0.16603418530030625,0.003288872231736508,2,0.013001132466043555
1802,0.3334838508275287,0.03541239141045366,4,0.017650025501808154
1803,0.2826032919140017,0.047095611178088005,3,0.01698068634147067
1804,0.19521663896722538,0.05778044867128615,1,0.005279846167320073
1805,0.26606461491661426,0.039264863270203114,4,0.018636092096056437
1806,0.172436490594995,0.00447378817606241,3,0.014532876596671103
1807,0.19457273653201113,0.05984158976298354,1,0.004852765793078892
1808,0.32041774921901045,0.1122943067428992,1,0.008616159412259834
1809,0.3499485994949457,0.09541016051996787,2,0.008698407961807698
1810,0.1914859091796183,0.02337560744853876,2,0.012988066377927963
1811,0.30297681183974573,0.08011541083676377,2,0.011767588282998256
1812,0.3341835712450529,0.03592561476641642,4,0.017489211418953248
1813,0.15807087731520691,0.007195926752125127,2,0.00939270925556728
1814,0.15109696050312127,0.0033078009295082113,2,0.008738447448950143
1815,0.20769445544053497,0.016282738674602837,4,0.019495403137499142
1816,0.28946015425794397,0.14611702789550923,0,0.004116516014154825
1817,0.33595681819302897,0.03292535327766399,4,0.01819742473573559
1818,0.26613485569749246,0.12488885427848137,1,0.004370335181576803
1819,0.22032496887553685,0.02977852776239889,3,0.017203197383033476
1820,0.18414493352493572,0.0348442498796462,1,0.007981076717370613
1821,0.16115279782040437,0.013125318535398224,1,0.008461883880502112
1822,0.13489362410420386,0.008263029265334067,1,0.004361866147710126
1823,0.17049696898713618,0.019422189750363222,2,0.008955782645688215
1824,0.30224757637331706,0.04159593708224686,4,0.017549488044228196
1825,0.30518769930317896,0.15704059378271276,0,0.004228847650018005
1826,0.33060690727532893,0.038892990798288445,3,0.016932624514193254
1827,0.19898082248676738,0.0424717647590518,2,0.009142969707494964
1828,0.2182249562155968,0.037786475364914106,3,0.01434867545695762
1829,0.3083759074326537,0.15834016573486465,0,0.004323259542779126
1830,0.3252310808582788,0.1696933758676538,1,0.0043611600427857725
1831,0.28452566765008325,0.04486700245612015,4,0.01739063249367786
1832,0.16731046774588007,0.0023837601281479826,3,0.013749050678541963
1833,0.2557759518790029,0.11235757243899491,1,0.004853995172006863
1834,0.1674203870150474,0.04166241204158287,0,0.003894089310219053
1835,0.30931137735175607,0.11027977734881164,2,0.00878618054245775
1836,0.20250484198057137,0.032119458856150675,2,0.012810377502103506
1837,0.3264796736747771,0.056949000098361464,3,0.013741266410915626
1838,0.3126941215337868,0.11215151967310916,1,0.008647468160423636
1839,0.289061990601078,0.10907409916433121,1,0.008251623591423738
1840,0.1743604302839251,0.02201580572347871,2,0.009150770989336914
1841,0.3131902182863776,0.10948020635058271,2,0.008873766108517485
1842,0.12452538756547633,9.10934483981665e-05,0,0.004111109235069909
1843,0.2574730519260833,0.11656285882917128,1,0.0045081792993714636
1844,0.18728649759304555,0.038766331770596046,1,0.007686449522498541
1845,0.3345146932429663,0.03226293883400092,4,0.018440577940475673
1846,0.24732354490196254,0.08393846229543163,1,0.008188815271772976
1847,0.301145002475723,0.1525680973393264,1,0.004361199594318435
1848,0.1434195972002198,0.015333796582669553,1,0.004507200038447336
1849,0.17368581347251164,0.04280752677756055,1,0.004572599754846318
1850,0.2476830042790082,0.04093976707643097,4,0.017408763226602286
1851,0.26209400827018053,0.12195905958658278,0,0.004324608040864372
1852,0.21227833663814372,0.025259269624711818,3,0.017189340298193186
1853,0.29349005478371887,0.06961568629866013,3,0.013198215256576646
1854,0.2555333408605741,0.08378618392902608,2,0.009198171214135874
1855,0.21173555378955425,0.022383290985234786,4,0.01808586870482959
1856,0.1523321046853082,0.025910902343539963,0,0.004148518345059231
1857,0.20437240966250822,0.021097234047852673,3,0.01694549897278258
1858,0.22738021238704992,0.04965926134560678,2,0.012670989481681954
1859,0.2318495185479085,0.06775490790373226,2,0.00916243552574474
1860,0.25229525330206753,0.043632124242407345,3,0.01707688993702239
1861,0.3361355927013599,0.10662493515153061,1,0.008611645945150034
1862,0.22186141096970716,0.02883575320551041,4,0.017769908869794942
1863,0.15777253819075937,0.027962385764991562,1,0.004615707508394696
1864,0.294991626409336,0.10754157303801423,2,0.008716722329782047
1865,0.21639370674879116,0.0813761604980695,1,0.004519665525527772
1866,0.3371707419247092,0.05846657250589262,2,0.012984712791492959
1867,0.27192144061200463,0.06855972598872033,3,0.013105839863157973
1868,0.18079856350462134,0.016294529880327646,2,0.012583781064744034
1869,0.31717516384647215,0.06410930640393916,3,0.013176618683380383
1870,0.16985774953654487,0.016782257085947626,2,0.009553119962958332
1871,0.14047851989698684,0.015021105970016728,0,0.004122839294889267
1872,0.3455922045837937,0.18119988093553174,1,0.004417951578349701
1873,0.3439729501188477,0.03648139706771246,3,0.0169127208599742
1874,0.34907899493964234,0.052053592868027965,3,0.01340193045827234
1875,0.3007485759742389,0.06783394261370629,3,0.01329106302839474
1876,0.31796632220843213,0.15069600320335066,1,0.0055405624068560425
1877,0.19142326527575532,0.01823586283448989,3,0.014761505436414578
1878,0.1293516385743352,0.004694194226838684,0,0.004103546028933354
1879,0.2578858104384003,0.09027048102910668,1,0.008351977656298248
1880,0.26612420737680165,0.09490440320839334,1,0.008457627392211719
1881,0.32875402747306753,0.03971941083606879,3,0.01682740080646678
1882,0.31137354562134967,0.16144145843124538,0,0.004243594584685627
1883,0.24634895700024606,0.10787765556773954,1,0.004431095790834694
1884,0.34628690094060516,0.05523570813254395,2,0.013015215486547532
1885,0.25428615511982233,0.1175100986390657,0,0.004085446409976163
1886,0.3113091762064152,0.15992555181509438,1,0.004370720809161334
1887,0.28073714175517284,0.04626969006738309,3,0.01716412901203589
1888,0.22489607379727877,0.09008509997670522,1,0.004347361206335295
1889,0.19615642379701467,0.04237640405240747,1,0.008596273446072354
1890,0.26225914003654965,0.12288520543715557,0,0.0042349854346003125
1891,0.2703135813130055,0.06153289477100191,3,0.014251689296383738
1892,0.26220146297671504,0.06256059217262133,3,0.013681431051857085
1893,0.3132819194633466,0.168122354099749,0,0.003802018689530812
1894,0.15396920784696191,0.011671386549898563,1,0.007195650478511375
1895,0.24508881151465509,0.055743169770482014,3,0.013633612919646158
1896,0.13029381135788365,0.003952313925056298,1,0.004360936050204783
1897,0.33055263306036226,0.03544001552015074,4,0.017771942618696468
1898,0.3464514293339965,0.09698897120532798,2,0.008764587480862117
1899,0.30147736307631323,0.07180859887283153,2,0.012769086617546367
1900,0.22259312960604397,0.027408982128963397,4,0.018355096058072028
1901,0.144700310155215,0.0176836423244179,0,0.004321199580371425
1902,0.34409877403202993,0.035557237868330926,3,0.017143515675396803
1903,0.2709331792508134,0.13636366147699264,0,0.0035830519868313773
1904,0.34729103664424804,0.09866790208296203,1,0.008621283006313239
1905,0.23997886351080952,0.07929192855504155,1,0.008063456189684178
1906,0.2664966550005476,0.09128511926070612,2,0.009058998506457031
1907,0.2757540116222567,0.06507386949144321,3,0.013801231855361118
1908,0.29632576411185696,0.15030542266720354,0,0.00422945114408576
1909,0.3426371851330262,0.1823658411903887,0,0.004239171078378663
1910,0.16938645398911337,0.006182818802380698,2,0.012936763251660677
1911,0.31793431531885896,0.1045334910894554,2,0.00923782876030001
1912,0.2863228422712998,0.07147537984729546,2,0.012972162843606493
1913,0.16863730278233563,0.0022060555876755117,3,0.014240774084595283
1914,0.2310868531131795,0.06856085603145523,2,0.00887777986241859
1915,0.23802439569871003,0.053735895697525224,3,0.013238603423349532
1916,0.13276859809886557,0.005800961447280119,1,0.004438458209281634
1917,0.13903587659471908,0.011252635192728804,1,0.00450632342621774
1918,0.19441840683431075,0.012568528171713765,4,0.017728726830557873
1919,0.2663422948446129,0.11920560078741683,1,0.005061781052648861
1920,0.31002064323868367,0.1601796511716255,0,0.004267347741667597
1921,0.3432896412575543,0.03110725975669519,4,0.018397236307159847
1922,0.3486944521862583,0.10146665960123621,1,0.00839060509012623
1923,0.26102085371216227,0.12315512516674113,0,0.004089184665502206
1924,0.14941323257479752,0.00367836529538229,1,0.008212448278528057
1925,0.33211372182777577,0.058753764175929944,3,0.013197183627248775
1926,0.16954737949372328,0.015425589459360456,2,0.009877906065584828
1927,0.18367414737054727,0.0559250204898309,0,0.003985319559983071
1928,0.2641590766624352,0.07408549133622278,2,0.011720915557533535
1929,0.13041685657124402,0.004422730915094223,0,0.004303667294248153
1930,0.25131674546622546,0.09167914905552874,1,0.007358328383078443
1931,0.2898834024741836,0.10299333151094588,2,0.00902686678536771
1932,0.2680785834696193,0.1284821639718644,0,0.004149511979846642
1933,0.30230203049091947,0.07059768846230349,2,0.012898399014678263
1934,0.19496444480868677,0.027262506538613805,2,0.012577983598123243
1935,0.1883267063039081,0.007417505713318342,4,0.018161178405649212
1936,0.3292307553152565,0.06213060621522631,2,0.012870503864931408
1937,0.12890942165112515,0.002637592027986381,1,0.00436311340935216
1938,0.20274957438797866,0.03381698818743727,2,0.012346772335194822
1939,0.3334855089927726,0.036995001117346674,3,0.01725500023784772
1940,0.32980051255838183,0.10946117655925808,1,0.008635373089234503
1941,0.27095243372784295,0.06814629386294682,3,0.013135092105955499
1942,0.22051119815694753,0.06426408315596636,1,0.008089567128748856
1943,0.18572398513851554,0.056273666889294735,0,0.004196506955566779
1944,0.26699571773396247,0.12215133204419035,1,0.004768599355911326
1945,0.2463322563824285,0.056998945011634265,3,0.013487576211543189
1946,0.3144528960274259,0.16206907622851544,1,0.0043790129437166056
1947,0.18242099468033024,0.029451303269973448,2,0.008978963218690666
1948,0.34029735023734126,0.060443450355764476,2,0.012544142826165689
1949,0.12681214177541508,0.0009642002244057183,0,0.004314378464719073
1950,0.2087032867564836,0.07294695852719167,1,0.004760825410644458
1951,0.24857811948755235,0.042994036454347385,3,0.016967260275451528
1952,0.17349690228610015,0.04556979952125847,0,0.0041316666794177555
1953,0.3436134725811056,0.055977534086526705,3,0.013033548905331174
1954,0.30136631903681316,0.1533605126529012,0,0.004302973404773425
1955,0.32322465729712585,0.10899829340666622,2,0.008815728880359733
1956,0.27996905619532053,0.06984093578583676,3,0.013136739818550998
1957,0.23517431860316992,0.06990207097537372,2,0.009215250143213652
1958,0.2016951277848127,0.018834855201290447,3,0.01714741263184684
1959,0.19649342640141237,0.02792231067280966,2,0.01273433464800792
1960,0.1952503598168431,0.04829659579846756,1,0.007078471102072076
1961,0.24270206288364055,0.03943812109857347,3,0.017367160727512376
1962,0.28599277822104796,0.1053618113991937,1,0.008530401433647385
1963,0.20560697384022164,0.048902970603353635,2,0.008873997521324692
1964,0.2375839368287985,0.05262131713037073,3,0.013448533077725955
1965,0.27495065806512436,0.04725299521527325,3,0.016992427880771505
1966,0.26144777457277046,0.1196418055197252,1,0.004532024140100731
1967,0.20275352660624976,0.03639622353090834,2,0.011585532615404879
1968,0.34230722004653397,0.05886614231733435,2,0.012666036625135076
1969,0.34004456853027837,0.05609671866591259,3,0.013195343390771209
1970,0.3381336867836065,0.17490686646071346,1,0.004561441060850431
1971,0.1568654368652826,0.031313107883636795,0,0.003974237546446791
1972,0.28508489468794174,0.1071802641810313,1,0.008244602266820398
1973,0.26893097004440414,0.09497479337037844,2,0.0087071444439375
1974,0.24604684012147296,0.05886812468257056,3,0.013041609593852487
1975,0.1792711197422754,0.050503764907603096,0,0.004181696956021731
1976,0.24809451937055105,0.040364855238379,4,0.01758520191301047
1977,0.31968384335480937,0.1662788281566641,1,0.004333230462920077
1978,0.3360707455552659,0.10539175133270139,2,0.00868870879258452
1979,0.2717294769181011,0.04447375803824288,4,0.0175474796436398
1980,0.2982856111348902,0.15195940349493303,0,0.004215462884255135
1981,0.13045252744089061,0.004933774769372578,0,0.004227692211550913
1982,0.17287603735755863,0.001585871874841025,3,0.015864037755839732
1983,0.27722470826952517,0.13287727836485955,1,0.004479328513677368
1984,0.32571887354114537,0.03918763664847014,3,0.01708605248145789
1985,0.21437761029668362,0.056307972652099844,2,0.008769463164305871
1986,0.22477452722075314,0.08686867036839241,1,0.004771958756056469
1987,0.2632062107550476,0.12254333286793706,1,0.0043629855833703145
1988,0.2758977455949195,0.04983845987888511,3,0.01648868362592906
1989,0.17564049331710554,0.008043633037402896,3,0.01411496282784102
1990,0.18148084158912364,0.03167929784952212,1,0.008200522261523109
1991,0.21537483509743321,0.060960924057825584,1,0.007926094339719159
1992,0.33082610455721834,0.06020664769232371,3,0.013054785457666595
1993,0.27194611373770317,0.04351662365598823,4,0.017751953690832576
1994,0.34101346836177066,0.17984069692667107,1,0.004342086545155516
1995,0.2026505516904796,0.020994946803718006,3,0.016580445351683192
1996,0.12668908896380143,0.0005259934007804112,1,0.004366767906108663
1997,0.18296782980176413,0.00035289025916596106,4,0.01968046881416143
1998,0.16848533352583384,0.003988133664860067,3,0.013492265331217375
1999,0.23850669065343957,0.07688487389086059,1,0.008311666576258812
