,X1,X2,Label,f
0,0.03385353182785489,0.41366284111620544,0,-7.468445596248138e-07
1,0.3227961865535711,0.1874097785114936,0,0.002911721246577529
2,0.003800794346127406,0.3635491821027225,0,-9.130386627438843e-07
3,0.29579526446142973,0.25768922574825515,0,8.574916308478368e-05
4,0.26554171475642613,0.19285729258387843,0,0.00043567077076449057
5,0.24717317394217161,0.040245426660480345,4,0.0175447549388092
6,0.3213876231401333,0.31241260737297827,0,6.865257218557792e-06
7,0.2710389180744559,0.4483516554747526,0,-5.605304361667214e-06
8,0.044686806904471785,0.3472637214927115,0,-1.616377057136745e-06
9,0.3112101789957472,0.1795364195350634,0,0.0027978612729434456
10,0.3459942095568254,0.5953166137265667,0,-2.7354575832500173e-06
11,0.25364359899723415,0.23147644935339867,0,3.337730046569307e-05
12,0.10793482410399421,0.3860399225939196,0,-2.062496112503112e-06
13,0.3114547846384803,0.2655871720818764,0,0.00012506113217322312
14,0.32833745213813986,0.45155066777104136,0,-9.423031151335866e-06
15,0.1758723057384544,0.04480147467411122,1,0.0045719561850736815
16,0.3141039266169554,0.03072577447886855,4,0.019700317385044495
17,0.13319257911087767,0.5095408332630522,0,-7.721251643447432e-07
18,0.2001293321418893,0.059079631805645016,1,0.005798884269504148
19,0.20908451547054613,0.04851186497650428,2,0.009636546420199236
20,0.2566447840639114,0.003716707428153287,4,0.030019454339959294
21,0.04116309840514168,0.4698569970328046,0,-4.580336916295867e-07
22,0.14441975350153285,0.4221126544427611,0,-2.0698003824925475e-06
23,0.3445297028423976,0.21364678121836242,0,0.0023754570786215985
24,0.2660308072084164,0.21008287679442897,0,0.00021282980464465748
25,0.18069974339866768,0.36479079197767084,0,-5.253630887879665e-06
26,0.21767976593630614,0.4808079644570289,0,-2.3906612390798646e-06
27,0.03996076838697341,0.1668749895784983,0,-9.157210083086036e-06
28,0.1272097751144561,0.5647663586594253,0,-4.187195227773032e-07
29,0.1175482149697903,0.1084483818131727,0,1.0713281518080778e-05
30,0.21412117820906887,0.4415144747936049,0,-3.4150438360968194e-06
31,0.11188958324683489,0.2606054365252109,0,-7.435995173864912e-06
32,0.3449360395053838,0.5727653501180268,0,-3.3892616808285285e-06
33,0.0029847671210108725,0.34773163648364747,0,-1.0608110766400319e-06
34,0.010327692204224203,0.46226386811526105,0,-3.6316615000231383e-07
35,0.2423681540057752,0.2918289202421712,0,-1.5781899988488194e-05
36,0.32340558760489596,0.12525918175489673,1,0.007667589622007216
37,0.08283948939616745,0.534029351703274,0,-3.655787078656385e-07
38,0.2812917573192483,0.049384173987123754,3,0.016557784469810984
39,0.30639236406242554,0.5248906543428843,0,-3.7231668763230146e-06
40,0.10060095567774997,0.2896269977183831,0,-5.010635462701472e-06
41,0.059695344402719626,0.43860718565284534,0,-7.533467846355844e-07
42,0.2440472361593662,0.17492791252170736,0,0.0003878988145940156
43,0.1444234693625145,0.39158159366980755,0,-2.8078135857874764e-06
44,0.059536441303277544,0.2431323781579485,0,-5.290148115955204e-06
45,0.051891483563669544,0.35332499131656825,0,-1.6348145889241455e-06
46,0.1230444607571823,0.5502365464636958,0,-4.644714003499828e-07
47,0.060188334611166114,0.3414933114432326,0,-1.9989230002144717e-06
48,0.21830826457909083,0.4271406450013097,0,-4.1076536548411125e-06
49,0.23668842441008878,0.14561920440780488,0,0.0009405347400073436
50,0.21178099895588154,0.09348821175146405,0,0.002658690540282434
51,0.05834163757412024,0.20006188481709114,0,-7.959388476471641e-06
52,0.24678839902487654,0.4316849709040947,0,-5.204352256146392e-06
53,0.2108849515275262,0.09340364189880643,0,0.0025918227863244436
54,0.26770711895515187,0.4604422469670556,0,-4.813557235853197e-06
55,0.20711110321869872,0.020953514251758287,4,0.017617154593504675
56,0.22536167202495316,0.019674237003884643,4,0.021407793269818162
57,0.2457773927900017,0.16290588538987563,0,0.0006750029184358624
58,0.20747287992371521,0.16328261343313677,0,0.00012955078813724926
59,0.01600460244445537,0.06371933332314292,0,-1.574226828713657e-05
60,0.026478986348356725,0.5558404223941399,0,-1.6741034944067547e-07
61,0.03658641596181283,0.044620966505735125,0,-6.633698593130628e-06
62,0.05985364278941913,0.44474322964760626,0,-7.096339901602929e-07
63,0.08361313964058617,0.5896904763865892,0,-2.1115959749765085e-07
64,0.1326473522975047,0.11847099355742687,0,1.914740372178243e-05
65,0.006831457822675557,0.47975067205433564,0,-2.944381437071802e-07
66,0.1983364623915623,0.5395047815740295,0,-1.0964060815264648e-06
67,0.15565852397727178,0.5821334143958272,0,-4.6758528471162754e-07
68,0.25510750486388734,0.34966500918623983,0,-1.2148061450477981e-05
69,0.28478382469848473,0.5146552528482049,0,-3.3263055867127896e-06
70,0.1421330215869289,0.05635799461557427,0,0.0008764599731081959
71,0.32962800713574814,0.1497525820650103,1,0.006029204160219439
72,0.24437996584263297,0.0634217988865013,2,0.011852945505197112
73,0.05948904694557485,0.3566494498581588,0,-1.7059946045491772e-06
74,0.1508997992172995,0.48916639861158046,0,-1.1296075800826885e-06
75,0.09249625451670247,0.405568461159979,0,-1.4544726109500637e-06
76,0.24880656552985084,0.019907121050452312,4,0.023481719911629687
77,0.1818887420683289,0.27483736183018287,0,-1.2323141833522702e-05
78,0.12093357154006214,0.2972559777918461,0,-5.678349992279218e-06
79,0.2199461218664623,0.24549746617465432,0,-1.414202953089096e-05
80,0.32455007103913597,0.4014817635130996,0,-1.3870253409814995e-05
81,0.2945380281122537,0.5714377463484299,0,-2.0798768176460526e-06
82,0.3109742958832742,0.4965956190096109,0,-5.158631852642019e-06
83,0.001178667046174464,0.04893290557102146,0,-1.574168126520358e-05
84,0.15460675312624583,0.24099652343870018,0,-1.2978499085097802e-05
85,0.19899810162530307,0.5446615476286926,0,-1.0482122001768666e-06
86,0.19536772397642926,0.5191805999747017,0,-1.30420508326161e-06
87,0.21710382811489773,0.5530139414054123,0,-1.1551755258725697e-06
88,0.11702361019351211,0.5800661630930843,0,-3.245698966635149e-07
89,0.33533883002970044,0.36704066207606156,0,-1.5363296963601267e-05
90,0.29635681202693614,0.5443327803411714,0,-2.7760601244317994e-06
91,0.3075804473996092,0.06602452226653877,3,0.013313540340466222
92,0.0929262647459222,0.5819231500027835,0,-2.5045859892459483e-07
93,0.12421476486974754,0.33035667409366776,0,-4.2266749396757506e-06
94,0.09283095960454867,0.20207759126330074,0,-1.074661504522724e-05
95,0.2051523730194197,0.2640730077420821,0,-1.5344992334034708e-05
96,0.1130299226385824,0.3851448982163162,0,-2.189536282121874e-06
97,0.11906222501883483,0.19772900260460233,0,-1.373296218467149e-05
98,0.030662023857613793,0.5833235366411061,0,-1.3260909829679656e-07
99,0.14002018234403016,0.46800416865055894,0,-1.2521336416460056e-06
100,0.2545676198053902,0.3679294785338179,0,-1.0329232654473337e-05
101,0.2321566602351231,0.2703259871542522,0,-1.5669001633737757e-05
102,0.08807543378205575,0.16480157421887268,0,-1.391864359458152e-05
103,0.16288826996176736,0.1684882446733857,0,-5.467853874072668e-06
104,0.25536080718708465,0.3052772942934335,0,-1.5776551857281548e-05
105,0.17124215246822333,0.5076778272108001,0,-1.150082356762813e-06
106,0.032900022835129376,0.30457321543945653,0,-2.2016031505883686e-06
107,0.07282557995511248,0.5237960110216164,0,-3.6642832095335684e-07
108,0.09378040665334071,0.5322012908942001,0,-4.1530927237658713e-07
109,0.1555757507100755,0.05509473593657916,0,0.0015525117439996227
110,0.06223124894881656,0.18568673168514344,0,-9.453405899240401e-06
111,0.03047422229815309,0.0705631478997788,0,-1.562171938545482e-05
112,0.29466960458284064,0.5798601766126902,0,-1.9145568310511854e-06
113,0.13562434914942262,0.2956884060034079,0,-6.657869506153e-06
114,0.24455675256542045,0.3345020733811589,0,-1.2609479207382301e-05
115,0.19760469302943767,0.5903207961111224,0,-6.548680610846128e-07
116,0.036611420635105967,0.4185897231596169,0,-7.307977461449966e-07
117,0.07421048410466873,0.3486996428260112,0,-2.1394119690300675e-06
118,0.028854318379510833,0.04236375871545921,0,-9.727198128682333e-06
119,0.3470948169845795,0.42788464985132163,0,-1.3493841677361462e-05
120,0.3087357614571902,0.24816336242817533,0,0.0002459878318207228
121,0.005004130066577511,0.11741683297262923,0,-1.0459132465257006e-05
122,0.11465486528685744,0.25732480187425005,0,-7.880797358745009e-06
123,0.07455805178002539,0.46012403163627746,0,-7.047199528122816e-07
124,0.13050934239938358,0.5034998418171305,0,-7.985210637424821e-07
125,0.14351930851950498,0.1479650477494198,0,-4.487684992848098e-06
126,0.12092773144689274,0.28698145223769383,0,-6.280927101518605e-06
127,0.10553960058673026,0.22633331729918904,0,-9.682228572589084e-06
128,0.18178876861918422,0.1159601202477962,0,0.0003626962881167547
129,0.2301305776569032,0.22728568768597654,0,1.3119902672320375e-06
130,0.15188040177538045,0.05495373510219435,0,0.0013574120390946463
131,0.2553475007073691,0.1813328931628783,0,0.00046708906137852185
132,0.2134664340476227,0.5463131433004493,0,-1.191181866279937e-06
133,0.1830581880252582,0.20729339724478538,0,-1.3765244221953022e-05
134,0.1571382277289365,0.5512033826732686,0,-6.465323327445402e-07
135,0.1716612840486118,0.15051298808292962,0,3.370007926581705e-05
136,0.22360933533293875,0.23224097710921265,0,-7.856011115719682e-06
137,0.19444708126064636,0.2266262381154329,0,-1.5127807051512709e-05
138,0.1284635941967464,0.34372559309174344,0,-3.85991031371239e-06
139,0.23896052046866742,0.5508962032889466,0,-1.4673589138778938e-06
140,0.2240579527591276,0.4544174337737591,0,-3.314858784003901e-06
141,0.26495773690362806,0.22656356425914445,0,9.038606727083425e-05
142,0.013020239488408768,0.5479718299510912,0,-1.5833135248031405e-07
143,0.1168940798084127,0.43017726535650147,0,-1.4508900679066776e-06
144,0.2390650967521415,0.18979661305467455,0,0.00016104781015133324
145,0.04955111229112136,0.4247252570351393,0,-7.821321959392258e-07
146,0.2862346141413946,0.294373029970747,0,-8.061732651654719e-06
147,0.022068493230912044,0.36521911197736845,0,-1.0776619175893963e-06
148,0.06646669207822821,0.20518379027944214,0,-8.19001450384644e-06
149,0.03930949700329163,0.011848547303126433,0,5.579560046617995e-05
150,0.17085998455994086,0.02023936653800564,2,0.008816318954339607
151,0.2595932544615579,0.43455012344347294,0,-5.7384943460336965e-06
152,0.13683027976182438,0.027040261753236306,0,0.002297199395558111
153,0.2924422861449109,0.10446908579490972,2,0.00896378252743119
154,0.2065606591466851,0.04780866506256607,2,0.00932229794665438
155,0.13260060394927436,0.15388070833337605,0,-1.2882651029579387e-05
156,0.06299161810271936,0.3227017785057344,0,-2.480149038978493e-06
157,0.3323728798474088,0.26257005496204294,0,0.00034705994162088655
158,0.25704598075154295,0.3062219799888434,0,-1.579711390057851e-05
159,0.3018360968848731,0.5310868677385561,0,-3.3454929637834834e-06
160,0.07862085709283448,0.5065847378241066,0,-4.611796253729438e-07
161,0.03283449910953568,0.05395878910311935,0,-1.268497233198905e-05
162,0.16971393132438292,0.5478490446495059,0,-7.580112416622287e-07
163,0.012319326993981904,0.14701351941761034,0,-8.51437498470822e-06
164,0.04736454506745612,0.5365983305869219,0,-2.5000585461124613e-07
165,0.30120323477040145,0.5471918876676974,0,-2.8313078332786927e-06
166,0.19129055663007785,0.0010068312798202415,4,0.021898615241312036
167,0.2898573142187203,0.0397167708612042,4,0.018349143813260773
168,0.2589510550457619,0.43935921357647645,0,-5.4385223286727375e-06
169,0.08319941190901341,0.25623803808498463,0,-5.868331032937576e-06
170,0.2808985183775757,0.5551569247206682,0,-2.1361694269576718e-06
171,0.3380327629829203,0.12192944391727822,1,0.007692968980086258
172,0.10822204102036598,0.543475479026826,0,-4.2858987687001875e-07
173,0.27094873750742604,0.1488176269259537,0,0.0025039993861424624
174,0.16777599218490716,0.003936838949289911,3,0.013292466038647085
175,0.16416215913819276,0.14185532176748325,0,3.695149118178998e-05
176,0.013212238947330928,0.2938954176378762,0,-2.0124911002399552e-06
177,0.046621948937818625,0.281224519473954,0,-3.187173652822058e-06
178,0.20053989979672227,0.34523131812166075,0,-7.716805878517591e-06
179,0.31529289201445654,0.25951790008312575,0,0.00019742506449394552
180,0.2896143791660297,0.3487864681337139,0,-1.534436070625607e-05
181,0.28246572586970486,0.22412017824505306,0,0.00023181360168247997
182,0.06393095144037644,0.5131891965743085,0,-3.727971053657698e-07
183,0.33083972636259257,0.37215589994729553,0,-1.5901123307998305e-05
184,0.09400982006669409,0.009345299418901077,0,0.0008747105492406729
185,0.23049311021894564,0.13642724717322444,0,0.001065591408217737
186,0.2679463049647924,0.2701565782091028,0,-3.82562439416795e-06
187,0.2500783832169023,0.4559569686242848,0,-4.2269463417505826e-06
188,0.3177039681506361,0.1778799092010365,0,0.00330522625556909
189,0.1322400542715844,0.37063272190961777,0,-3.065095086596402e-06
190,0.021791044390948353,0.15902422354243306,0,-8.310981275819232e-06
191,0.08029173737492074,0.31007331626451407,0,-3.342633821038675e-06
192,0.23119595503392865,0.3826784510077409,0,-7.222580244731193e-06
193,0.311342112567277,0.45915762092638657,0,-7.467525941187589e-06
194,0.10044602463972285,0.21788999631175654,0,-9.983944754932708e-06
195,0.2813364785652992,0.5501998094409682,0,-2.2544061387211507e-06
196,0.28941476786724873,0.03597947592569208,4,0.019210324709499505
197,0.10528642335610802,0.0522109377155404,0,0.00021520654958916794
198,0.021213115932616045,0.33308749295945,0,-1.4733087133895573e-06
199,0.17745466311956973,0.49841066107363047,0,-1.3424240494236822e-06
200,0.03733896657753342,0.048880547313320345,0,-8.730435630511012e-06
201,0.31138706811671035,0.35225255884267276,0,-1.586706714939911e-05
202,0.13455094458396735,0.05118739866925581,0,0.0007997349022884767
203,0.021031054693021654,0.13962534513055677,0,-9.889724970694427e-06
204,0.02183026616926425,0.24788034923049607,0,-3.4718707613171667e-06
205,0.2612681926855984,0.40534348179109597,0,-7.751559516808454e-06
206,0.08818749349594857,0.31536837902463255,0,-3.4300296315601723e-06
207,0.22715226719378132,0.16980602784506418,0,0.0002374114597680433
208,0.2687083409271804,0.20689702370085905,0,0.00027483455352149525
209,0.03947007373502289,0.22638310856872093,0,-5.12082834497524e-06
210,0.06903224709754298,0.5211364572637525,0,-3.6231452288172033e-07
211,0.15112388282879494,0.1252301386875527,0,4.7851049782408874e-05
212,0.044499938125300356,0.315544953836428,0,-2.215159623665778e-06
213,0.03773221705523664,0.029153673636400333,0,1.0545450906107257e-05
214,0.15698028929899582,0.514661985892528,0,-9.302109429893987e-07
215,0.24911521589307054,0.4911652467137846,0,-2.9484558813605266e-06
216,0.2153932601965921,0.2815315888277679,0,-1.4832098315817699e-05
217,0.3305585041568664,0.3661031865083259,0,-1.5671189420254523e-05
218,0.2641055757989286,0.293610058107357,0,-1.492366205615575e-05
219,0.23794302994235197,0.1327921926252376,0,0.0015727615824490326
220,0.14548872499346308,0.2769900993024103,0,-8.758376933905776e-06
221,0.00046055215876256156,0.0391876416841155,0,-1.5548846265809017e-05
222,0.26878888846695703,0.3304839249351227,0,-1.5169939802425324e-05
223,0.27072510945126366,0.5456818534783285,0,-2.121821353323426e-06
224,0.13866438889008983,0.537672667778873,0,-6.155309609555066e-07
225,0.04176510527467307,0.25904756310593624,0,-3.7878367588721294e-06
226,0.054911644267253916,0.3140402730010428,0,-2.49485554080188e-06
227,0.1422230901069348,0.30941508411221186,0,-6.208952843702743e-06
228,0.21038469490826875,0.3092538774544239,0,-1.1730902706397038e-05
229,0.12754112821151742,0.3589411339306209,0,-3.2867355219098034e-06
230,0.21394178761830868,0.5467008476924157,0,-1.1922152162427797e-06
231,0.14828410551901253,0.4434313170780874,0,-1.73839182380233e-06
232,0.19515247999288293,0.01475649651056201,3,0.017057636859936533
233,0.0409967794047597,0.2871445338381523,0,-2.8405845748590724e-06
234,0.28493984274934403,0.15687646743218936,0,0.0028282605378103873
235,0.08711827700724964,0.16633756892875068,0,-1.3684172177991796e-05
236,0.15200338478709924,0.2146646241511917,0,-1.50923641385678e-05
237,0.06029321561505,0.5920884748082508,0,-1.6332257063986458e-07
238,0.08829234683716644,0.21760617159330048,0,-8.94848832589107e-06
239,0.13938661201431182,0.09080254722189314,0,0.00016994284040407518
240,0.33402605197645463,0.1419676995110768,1,0.006604742708361587
241,0.025278530640267444,0.15803761246115594,0,-8.670274437890507e-06
242,0.18205387835149148,0.2894445073633283,0,-1.0908067232589616e-05
243,0.3249361501092737,0.5234137910237471,0,-4.54033484493799e-06
244,0.27185974604623003,0.5926202710761412,0,-1.3425392651734839e-06
245,0.11684511652867327,0.07821127359946974,0,0.00010364284938642057
246,0.23259863792054525,0.5412009626088373,0,-1.5172670008830403e-06
247,0.0016017458851830422,0.5826501284083293,0,-9.986767988020293e-08
248,0.3151973861746593,0.0976534537493287,2,0.009842985162508974
249,0.22996732468121628,0.4311680375520549,0,-4.430000240228153e-06
250,0.19615803536137136,0.06379166300873602,1,0.004469087810395223
251,0.21133333196316587,0.12080641556225785,0,0.0009632634552695646
252,0.04714122662230638,0.35013529068830235,0,-1.6096030764981595e-06
253,0.2757104414957789,0.17447368417804354,0,0.0012516842874760238
254,0.03883972601506175,0.3861635292413171,0,-1.0334238237025768e-06
255,0.06742604136718643,0.244760738667953,0,-5.626628618031142e-06
256,0.33524754194733397,0.5017533328372253,0,-6.222050644637576e-06
257,0.34775297758143603,0.4193541602806339,0,-1.4362674480830525e-05
258,0.015538180354509266,0.10177284061747016,0,-1.3011932238240846e-05
259,0.22121136583976841,0.24637893022106452,0,-1.4066745974765062e-05
260,0.1992169884051877,0.5906123615631177,0,-6.635542287470676e-07
261,0.34237858470224175,0.544118645623035,0,-4.393554651935364e-06
262,0.2830488584417646,0.1329006483972248,1,0.004974987152336213
263,0.31248445340177455,0.0705885334729692,2,0.012569766620778593
264,0.3027490198641063,0.1770258974571218,0,0.002473386176524553
265,0.03228030444135271,0.2156805343182532,0,-5.302194458281638e-06
266,0.12142975447428457,0.4167826403156262,0,-1.7355760221463724e-06
267,0.1530266565116241,0.5042842728092537,0,-9.919828861686758e-07
268,0.05917042402676252,0.05870799661419601,0,3.181595652642765e-07
269,0.2986184525526571,0.5853971230375149,0,-1.8842439345970359e-06
270,0.307916973025306,0.39500586290348094,0,-1.2879953528806111e-05
271,0.2887012249878278,0.4762093001203951,0,-5.066369167094599e-06
272,0.035661699096836356,0.4173574172820086,0,-7.328736351120983e-07
273,0.1408876026175642,0.3582926897084609,0,-3.777636276044324e-06
274,0.05473289663994023,0.2711817513554011,0,-3.818778733757154e-06
275,0.008824188869820492,0.5666019501153593,0,-1.2602435316179296e-07
276,0.0043323382471922404,0.17421355200270655,0,-6.05912972457887e-06
277,0.22140971036749024,0.1133917625166328,0,0.0018109057773158445
278,0.3381505402181507,0.18278458287653984,0,0.004026611994824674
279,0.24620228535994318,0.40375333761050375,0,-6.806962609022601e-06
280,0.24218528631952516,0.5645535495477498,0,-1.3219681441249336e-06
281,0.14535699261173282,0.2012209083541232,0,-1.5506375494267648e-05
282,0.10956230713589214,0.5806626044060148,0,-2.9947484142608235e-07
283,0.24851092953964543,0.3286460073637638,0,-1.357490612493127e-05
284,0.11780797496121655,0.1564256070145447,0,-1.558502778266469e-05
285,0.2836771713987721,0.5583522443199754,0,-2.1271589129964176e-06
286,0.06181481010847916,0.10428233662393557,0,-1.5711323830423698e-05
287,0.10571855235577267,0.14115849807740635,0,-1.5354641375324157e-05
288,0.026425648561956547,0.11965844322714925,0,-1.231811090215015e-05
289,0.2000252258897133,0.5487560118851321,0,-1.0165368239821576e-06
290,0.27100410729449076,0.46310096229067693,0,-4.843677757307425e-06
291,0.03813700712572302,0.23722427968543788,0,-4.539044097383175e-06
292,0.06515321719307944,0.22978093590709062,0,-6.374651056096363e-06
293,0.2891409449778409,0.5288136216195733,0,-3.0163327192837743e-06
294,0.34552459836247146,0.5344554050475533,0,-4.9876397154632e-06
295,0.04509728756229736,0.03545248766655231,0,1.2158985004228772e-05
296,0.30363047035805096,0.3143724628499992,0,-9.59689336568979e-06
297,0.17988830090992097,0.38558937140884175,0,-4.240897238488609e-06
298,0.10380575078171228,0.4217987431049803,0,-1.384428258555309e-06
299,0.32688337042813037,0.5354855217292637,0,-4.1059432582178644e-06
300,0.322600382861918,0.30935841350297905,0,1.2978247998860465e-05
301,0.2744222717813904,0.04915720734094724,3,0.016614366018751367
302,0.15393846143872134,0.5024705669224665,0,-1.0193711255627834e-06
303,0.221014496732576,0.47623642440971115,0,-2.5868579100015994e-06
304,0.19969544785325274,0.07729174327765964,0,0.0031668353498140954
305,0.19123610115350448,0.30758770924784906,0,-1.0067728406637955e-05
306,0.24396076199786426,0.35350677683473225,0,-1.0689571526493294e-05
307,0.11181872501450356,0.3589587391983191,0,-2.8098304648988063e-06
308,0.029204181768135943,0.3275591311844181,0,-1.6863590422468207e-06
309,0.15499445960319722,0.27461622135861924,0,-9.778811281566576e-06
310,0.14645362736928885,0.21066875690615444,0,-1.4979411419390515e-05
311,0.010841018092807008,0.2170173843872425,0,-4.2317815483158665e-06
312,0.03540817600262522,0.09300301286371405,0,-1.540860322771032e-05
313,0.31587056562809473,0.40076552950062627,0,-1.3096042548125445e-05
314,0.06183074973020445,0.4926046795489636,0,-4.484952828629751e-07
315,0.333035902473592,0.2933098948600414,0,8.89019213371602e-05
316,0.15110813235652706,0.287917924184426,0,-8.328685886337769e-06
317,0.002332945222427235,0.3464880789329424,0,-1.0671132610545443e-06
318,0.1791970057954336,0.18714964573142903,0,-7.150990316414469e-06
319,0.11987963044177223,0.22117390511664534,0,-1.1509624047014665e-05
320,0.20931447615054677,0.46286594531446423,0,-2.630996699126209e-06
321,0.15727043411516145,0.05315996959799476,0,0.0017826782018172385
322,0.2906658072359661,0.4877840944346096,0,-4.606239206025886e-06
323,0.2261300048738444,0.32182234916165686,0,-1.20417623256438e-05
324,0.3208704153332529,0.196596379150268,0,0.0022167252572953167
325,0.340816225397011,0.3977864294958271,0,-1.549499547472044e-05
326,0.17814387762146947,0.4619643996146976,0,-1.9457164864328497e-06
327,0.15242872634071977,0.17795076401175763,0,-1.398201597273569e-05
328,0.020910547507593732,0.5908271445762606,0,-1.1160465118557615e-07
329,0.30773076351545975,0.4556828108606857,0,-7.45845910245388e-06
330,0.06338331055637707,0.404639816029005,0,-1.0977313876414336e-06
331,0.1404262478180554,0.5692342735105219,0,-4.5690965607189865e-07
332,0.28911679456484524,0.19232030896829722,0,0.0010382069807475223
333,0.19411103584116968,0.4718643785856348,0,-2.066697223298401e-06
334,0.04899081010267742,0.5973316665063558,0,-1.3843576832930178e-07
335,0.1307492914419898,0.0935819673925381,0,9.498497708139817e-05
336,0.22308152038468726,0.5880110322751542,0,-8.641790716122268e-07
337,0.1972592826443727,0.19091606137349768,0,5.842029958809283e-06
338,0.21865841502858238,0.3260225410093504,0,-1.0902982326847457e-05
339,0.2634779683265059,0.24936295996645738,0,1.6145521337297824e-05
340,0.006451779588524403,0.07557159993079278,0,-1.4599013356513851e-05
341,0.13231728814279006,0.5706877956717115,0,-4.1529458300802755e-07
342,0.08969386933312534,0.4729478758070087,0,-7.210578286966007e-07
343,0.33178107743568386,0.21438873230874267,0,0.0017616106321593913
344,0.3298794814982371,0.5416965562278404,0,-3.976479135135169e-06
345,0.030447873184174672,0.02718026490684513,0,3.483686990500137e-06
346,0.1763765503655829,0.5356721124461093,0,-9.150241065358232e-07
347,0.3445916679743743,0.5985801390794411,0,-2.611119321231327e-06
348,0.2266029275629207,0.3832562701652944,0,-6.869882924939601e-06
349,0.05855502831127211,0.585965524373058,0,-1.7064654026001239e-07
350,0.28486524206545827,0.12569202375310598,1,0.005951799913120583
351,0.12320812024761424,0.20656835643783658,0,-1.3280495162702733e-05
352,0.30046026921373475,0.05793170110467034,3,0.014694170152050092
353,0.08844188950244963,0.36016436657370404,0,-2.1989414900358077e-06
354,0.3409457219599086,0.09356501155312957,2,0.009246363759275697
355,0.3047631583185665,0.02800804031002082,4,0.02080627991374977
356,0.11437268333845066,0.05683597506165791,0,0.00026376949106718715
357,0.341774046514448,0.05423336825826612,3,0.013403112373801674
358,0.12504614991789526,0.406507121348393,0,-1.9939506243705713e-06
359,0.28788015486311636,0.04150471333785264,4,0.018013475845917008
360,0.2262456563969667,0.5157116379985146,0,-1.8372749258984031e-06
361,0.34163332813557135,0.3901063294814155,0,-1.5871474425822346e-05
362,0.12089435821164125,0.5590916640049944,0,-4.160832201262588e-07
363,0.00043747868342149386,0.1337075544948139,0,-8.630759336388108e-06
364,0.15661870798513503,0.560461395316836,0,-5.863205981235261e-07
365,0.0011537530970431196,0.39075628252427186,0,-6.774107507630784e-07
366,0.10475249995779684,0.0676346405555924,0,9.605952785321022e-05
367,0.16117170593554492,0.5618218308742079,0,-6.052951867449224e-07
368,0.3226761419689633,0.16819330646215447,1,0.00434414339354697
369,0.24250487749655078,0.07202532777067283,2,0.009816316078678278
370,0.1349260814090272,0.24650775799935254,0,-1.051964733626478e-05
371,0.10308407320336041,0.47280100705084693,0,-8.254221437575436e-07
372,0.03933762252740533,0.3785627926354846,0,-1.1205826395041103e-06
373,0.3237707189826189,0.3411395778136374,0,-1.241686277830229e-05
374,0.13560174541868553,0.5111844756908168,0,-7.780293531837745e-07
375,0.04582578911473684,0.1695509236906035,0,-9.43177555680221e-06
376,0.26364703006309065,0.3929435728986464,0,-8.91905012287316e-06
377,0.3438024236396413,0.18836696050839996,0,0.0038977174730433933
378,0.32870620969285913,0.4821126497020972,0,-7.0709361533642975e-06
379,0.2546204769952214,0.519404671023455,0,-2.34958136968801e-06
380,0.10771390873801828,0.4788711845912505,0,-8.135660953343869e-07
381,0.25316212438036656,0.30884842675815033,0,-1.5539736505809436e-05
382,0.2908180461753488,0.04607836671099241,3,0.017015716732727153
383,0.3094428584687239,0.3905934047138054,0,-1.3465826655251371e-05
384,0.035503300711854376,0.06851006812068994,0,-1.5069203262695311e-05
385,0.29401631897517794,0.2948808659054131,0,-3.047499195085015e-06
386,0.0395047177954233,0.40201658067291407,0,-8.878094301448309e-07
387,0.15699373578853093,0.1999641630921878,0,-1.5764713629677507e-05
388,0.21066280723811687,0.0767984804100917,1,0.0044544563079365876
389,0.28770685251743305,0.2882064899612892,0,-2.654514827357636e-06
390,0.16991190540665824,0.42904669707219706,0,-2.490246071976793e-06
391,0.1293888807536427,0.26573254306255306,0,-8.368877016649814e-06
392,0.2485176248504743,0.4810825855068646,0,-3.2410065255460574e-06
393,0.22936322408079066,0.33574557927250237,0,-1.0994744018420072e-05
394,0.2743450944170528,0.019079340102878883,4,0.024231937077317696
395,0.18771609228841346,0.4537146686084013,0,-2.324486255165529e-06
396,0.07711198239138856,0.054990633756149494,0,3.844288367467542e-05
397,0.20846836746477423,0.48659797487810796,0,-2.0583646284474457e-06
398,0.16147906382987584,0.051246092705840594,0,0.0022351812156469475
399,0.03450991911109483,0.21668809824711008,0,-5.366425800016627e-06
400,0.013352635573240894,0.08535568848078187,0,-1.435249201384801e-05
401,0.03436843951352734,0.5471562242565831,0,-1.975704938470572e-07
402,0.010671121518004405,0.4199825210339835,0,-5.56182889498651e-07
403,0.29562361988175256,0.37124015783448194,0,-1.3998430567216618e-05
404,0.31751298197215827,0.5372968645982661,0,-3.674738780105632e-06
405,0.21238152610463798,0.5815680755846678,0,-8.283364597294577e-07
406,0.21898331157154882,0.2531417672703804,0,-1.5369285886179674e-05
407,0.16908340864371213,0.4215749533489899,0,-2.6610657812783178e-06
408,0.0939916530560359,0.5942709715855143,0,-2.2373434283640933e-07
409,0.19763770891921983,0.46714875721404936,0,-2.243917474096302e-06
410,0.06349794305112473,0.434086230685961,0,-8.186928224061043e-07
411,0.3251999523454292,0.20470317249912542,0,0.001967294930821644
412,0.3110564367715301,0.5059561761314121,0,-4.706073147599432e-06
413,0.12624744084627265,0.2653764727102515,0,-8.150476631469076e-06
414,0.09144767847364027,0.05910277917401974,0,7.381654665431836e-05
415,0.16937951224110767,0.19106052955050803,0,-1.3086006059611763e-05
416,0.05154440001558421,0.03737762505028166,0,2.009279036378946e-05
417,0.19108267618557057,0.25038146124928096,0,-1.5319627334290306e-05
418,0.09149672854594022,0.2959313701931485,0,-4.301222845491785e-06
419,0.20195559406492078,0.08261664276238524,0,0.002831670051663772
420,0.25944529702810165,0.5973774822673114,0,-1.1310985138053145e-06
421,0.1229388979184053,0.13269702218778848,0,-7.961275105671876e-06
422,0.27281738245177317,0.27243572795625953,0,-1.6782661038816042e-06
423,0.13595438151881212,0.30108848398814503,0,-6.336073354276638e-06
424,0.08423933230322497,0.5223858299566566,0,-4.1650256759667356e-07
425,0.29102958600762635,0.27450620739635045,0,1.9669176228595584e-05
426,0.24835816558594087,0.5828994512189234,0,-1.1703641681141227e-06
427,0.2912594359805702,0.5679550655799912,0,-2.084284540637122e-06
428,0.015292566531549317,0.0385572231020403,0,-1.3275925314978722e-05
429,0.21582447974887534,0.16402445122815384,0,0.0001860734549567327
430,0.2406571288572967,0.1528619222760185,0,0.0008241303798709858
431,0.0011630595238096174,0.45481191557663364,0,-3.570326899840311e-07
432,0.002826841569388383,0.2785362985178539,0,-2.115270284372558e-06
433,0.18089081473828614,0.01577067194021453,2,0.012790709276099797
434,0.29312600092948876,0.42275464239782096,0,-8.884555801261511e-06
435,0.08797144034184595,0.5023304928208973,0,-5.283234160993689e-07
436,0.3008135929967021,0.5727867106257377,0,-2.1844450112894863e-06
437,0.10740614177190128,0.4051107970784998,0,-1.6956166042172356e-06
438,0.34081525026307646,0.3399506634634564,0,-2.2565198183060673e-06
439,0.15366271732050862,0.00962480038820408,1,0.0076378981238131765
440,0.24360288388675047,0.10497924385883062,1,0.0045028698315679174
441,0.30796143736570497,0.3053031373455407,0,-5.4995711883037865e-08
442,0.10008414214689887,0.2773519708071946,0,-5.627628054151895e-06
443,0.24969509216580268,0.5597724307385875,0,-1.494533091280661e-06
444,0.3049626726667246,0.46922548576336043,0,-6.365683079060706e-06
445,0.07251398472918794,0.4712441536586544,0,-6.178163774581585e-07
446,0.2322641482445497,0.4209842827599019,0,-5.01300255238466e-06
447,0.2610710887756749,0.516125312474475,0,-2.5889104197123527e-06
448,0.13222036682047322,0.5995732862349952,0,-3.1081058711860274e-07
449,0.09698505328913629,0.18716517012766634,0,-1.2612003356484714e-05
450,0.10692467510333581,0.2890268079761396,0,-5.365028971009083e-06
451,0.2995047705652487,0.046654056552740505,3,0.0166406510711248
452,0.03817155414845185,0.21864622912401097,0,-5.457171392726269e-06
453,0.2988432677432991,0.5416099399769242,0,-2.923962249050788e-06
454,0.10916221631297737,0.22125409369589422,0,-1.0476042613924363e-05
455,0.17820133799188945,0.1596585491220386,0,2.7271332024704954e-05
456,0.15123835595373825,0.08425184119598458,0,0.00039254541420803045
457,0.16232524670112075,0.20039949079609445,0,-1.5589433641843787e-05
458,0.3323568989265514,0.41266091184575115,0,-1.35440812518196e-05
459,0.09829250431273749,0.21945107572767442,0,-9.650880098351299e-06
460,0.0006258848722953347,0.31015022121678854,0,-1.5086579457985633e-06
461,0.2461107604430449,0.1946299110646468,0,0.0001774606141612061
462,0.19015741404732683,0.4229625449325679,0,-3.2373024127045605e-06
463,0.2907081283744254,0.2076307922737308,0,0.0006275913273520378
464,0.25330350027542914,0.0937020849655622,1,0.007265724661189377
465,0.32054054931514614,0.4926640062920474,0,-5.8909735789693205e-06
466,0.054547197443383204,0.3870018967839928,0,-1.198848577505326e-06
467,0.2252114143540343,0.13482057947648987,0,0.0009356744951106345
468,0.13600699201531682,0.42584829089008674,0,-1.8334382186361512e-06
469,0.3108132219488961,0.2674572985110337,0,0.00011050259942060299
470,0.2733698591966068,0.46270195077776816,0,-4.97776324785937e-06
471,0.19638668290458233,0.14688439425660632,0,0.00016993091776733107
472,0.121432848032748,0.42029371281081573,0,-1.675775745657806e-06
473,0.1825518567548976,0.20266606658958808,0,-1.2668445086503826e-05
474,0.3191626270886814,0.1476453261687156,1,0.0058486858565230965
475,0.0460440426215705,0.13993627392901695,0,-1.2250411956975512e-05
476,0.1411027917621167,0.3732232108629882,0,-3.262459549970053e-06
477,0.003416920110555527,0.34659176545332904,0,-1.0776125507187323e-06
478,0.33194629113460394,0.30902687107799415,0,3.1553051556778114e-05
479,0.03034263851885592,0.1908632674774603,0,-6.63855059341647e-06
480,0.22015440371431466,0.5507856778662378,0,-1.217700247724598e-06
481,0.28171066239936315,0.5366712714465494,0,-2.590073831623805e-06
482,0.0813460322676414,0.3081718718225611,0,-3.4425289726102925e-06
483,0.10759492207067366,0.3239981499280111,0,-3.8176170629732815e-06
484,0.004174617034981503,0.40739458118568533,0,-5.911541685463285e-07
485,0.09236733966521576,0.09050609323274039,0,1.6152786552996019e-06
486,0.16658942762796822,0.36891015183376274,0,-4.3868447573688995e-06
487,0.3278151054946326,0.3146872854481859,0,1.2640168556740501e-05
488,0.1678618912250434,0.3684177579079921,0,-4.464272067787066e-06
489,0.15588626637013134,0.21625972305660968,0,-1.5247763340252632e-05
490,0.1542937484398484,0.5593178202988898,0,-5.794566533637593e-07
491,0.21280794603494133,0.36757757434163146,0,-6.998999041179712e-06
492,0.25799701379636275,0.46048340662716486,0,-4.370939441663592e-06
493,0.1746011039950471,0.5356962403009301,0,-8.98735077128441e-07
494,0.3331333755837354,0.38368226553408374,0,-1.5801683577793176e-05
495,0.2702359818774517,0.3091760548864027,0,-1.5752773050274213e-05
496,0.1525749520895212,0.07586149884031769,0,0.0005949302906275761
497,0.1889048219871193,0.5195795130090977,0,-1.2178850310035212e-06
498,0.033622737467788905,0.0408654138458364,0,-6.096894638195776e-06
499,0.10871850709422111,0.3296362563078876,0,-3.6497480693202807e-06
500,0.15841252023201866,0.5213640288218017,0,-8.824465610788306e-07
501,0.19760849718483556,0.519717376087194,0,-1.3265560577462221e-06
502,0.3113727641542637,0.41029649655513495,0,-1.170148506156276e-05
503,0.1992683239142213,0.049945769653430845,1,0.007452139260464961
504,0.27011150325261507,0.525617627569873,0,-2.5767174877243286e-06
505,0.16566189699387265,0.4882254438553618,0,-1.3212953865625776e-06
506,0.06936180719738841,0.00024560830180839763,0,0.00045484312835978
507,0.1458044994413527,0.3979446703536159,0,-2.6715285272776646e-06
508,0.2720763756268775,0.08082481012440967,2,0.011137955902180526
509,0.07977583725389624,0.017702200553982483,0,0.00033051647385821736
510,0.050752597769376934,0.21490596232964485,0,-6.405519204325291e-06
511,0.30694124411030976,0.5978487981926185,0,-1.8077390634885887e-06
512,0.263477077513394,0.033585973152707414,4,0.0199772229892626
513,0.04788651566351079,0.5090206393306109,0,-3.3111624007140846e-07
514,0.3187190123164996,0.3300153525275042,0,-9.983248754112671e-06
515,0.2599983164749789,0.2557134090131465,0,2.4287095774554742e-06
516,0.2333431297529063,0.22677612082503096,0,5.562582874350753e-06
517,0.3100372153469205,0.4306996384570104,0,-9.652296671809174e-06
518,0.2231499883540162,0.5474783054010077,0,-1.2968155144752316e-06
519,0.010790525812472689,0.07065372001859298,0,-1.527763455391531e-05
520,0.037228919148861866,0.3848717052326771,0,-1.0301521698670133e-06
521,0.16070104208655056,0.47318663450330134,0,-1.461470544311082e-06
522,0.30182296635284506,0.5223144536672893,0,-3.6504670017032056e-06
523,0.27888858709346537,0.5628571850011479,0,-1.9387891230893455e-06
524,0.12779341693563825,0.032842108415742845,0,0.0012940986661046326
525,0.03282723704570375,0.25439984392629633,0,-3.629806216460586e-06
526,0.10112362167412144,0.12452776395225637,0,-1.3399559649917595e-05
527,0.0032044351870883945,0.24782355336567977,0,-2.8854668967021386e-06
528,0.22606642673662858,0.10364914557389084,0,0.0029280963767865163
529,0.32377949550821417,0.10803354321173476,2,0.00887353585084308
530,0.02873444478581177,0.5134283164228179,0,-2.616720884443415e-07
531,0.2784808110580643,0.12641091080451675,1,0.005322838649151926
532,0.07307106867252113,0.4886669743996236,0,-5.219300891869642e-07
533,0.23178242419916825,0.5627212346296346,0,-1.213685027210768e-06
534,0.1489871975659738,0.33810234470564104,0,-5.0020970287560774e-06
535,0.23460994897071724,0.11442847555797164,0,0.0026504325974374132
536,0.1093486321535115,0.524437119428065,0,-5.243311375249399e-07
537,0.16473604228610184,0.21554201848897195,0,-1.5712455225572053e-05
538,0.09467688403393833,0.5429702634108323,0,-3.7626383861551164e-07
539,0.013517317478026147,0.19408487774080127,0,-5.453700579349539e-06
540,0.042586235019118776,0.27637184555550826,0,-3.213407421138903e-06
541,0.328728076142155,0.5254691410611183,0,-4.618691503872826e-06
542,0.11979933044471912,0.5684515209262486,0,-3.7478701860755637e-07
543,0.17019447748021502,0.24489900032611558,0,-1.4096842850671383e-05
544,0.006473202684279589,0.10054277082430225,0,-1.2237253955952206e-05
545,0.1704481134074821,0.03437014340517681,1,0.005513389346134269
546,0.0354415560965401,0.27117139134693735,0,-3.151966615555223e-06
547,0.27229468467691503,0.033568205771329594,4,0.02004976489888144
548,0.009366238428184064,0.31935476260949786,0,-1.5015389949926838e-06
549,0.2797905906922588,0.3764551117957204,0,-1.1933032796004523e-05
550,0.004576786527098997,0.33148682416084535,0,-1.2679001358559509e-06
551,0.24237085710606823,0.06296074817382895,2,0.011699561362478508
552,0.2575666920892024,0.5957839718262264,0,-1.1279239364530583e-06
553,0.02056053270824593,0.19310944897361265,0,-5.901408961275444e-06
554,0.002609723645144163,0.4718831802088203,0,-3.0538366827011925e-07
555,0.24299421333222654,0.5064368854533204,0,-2.3818825519480695e-06
556,0.1634714960624857,0.16275103288759019,0,-1.1184424683791048e-07
557,0.08581173985416474,0.01814664198300253,0,0.0004232397644538437
558,0.3000776918787312,0.03829827868249364,4,0.018346257980377836
559,0.17489330831227987,0.5471109965866204,0,-8.041425748159857e-07
560,0.01800034264008633,0.11923459945431414,0,-1.152926648029569e-05
561,0.1995921409444785,0.12754255123609573,0,0.0004643055108583574
562,0.30705090368949056,0.09305976748557329,2,0.01037519014285711
563,0.17384154931219867,0.22806717727918735,0,-1.5589050567150154e-05
564,0.13669577773136996,0.45168567570797424,0,-1.4259048388801506e-06
565,0.12005231071949841,0.1441979873532585,0,-1.3613015652962438e-05
566,0.16276495447185235,0.2725875933344078,0,-1.0680384857276787e-05
567,0.32706705589685897,0.14891040682369738,1,0.006023392303046123
568,0.32376863524173605,0.3178543731095936,0,3.088885528471346e-06
569,0.06206943940500152,0.4151702651527008,0,-9.751463196184473e-07
570,0.025415571924496814,0.491970192421993,0,-3.137253985209481e-07
571,0.002452867232921313,0.12237215017150475,0,-9.77248358271998e-06
572,0.3111243464338857,0.015501947439033326,4,0.024864660449933473
573,0.13572387385246523,0.09224907553360313,0,0.000132049288847546
574,0.3157245186038581,0.4873355864920638,0,-5.9215128497235875e-06
575,0.04843332825937038,0.06051518484271716,0,-9.036180982978544e-06
576,0.20731496035817856,0.24167799333915993,0,-1.5370505770355037e-05
577,0.04611095356563541,0.46628758714641627,0,-4.987256238453128e-07
578,0.04993663974194926,0.010327475493325754,0,0.00011212650545241934
579,0.12961378891323688,0.03402735213001364,0,0.0013247899333783547
580,0.18893770122053508,0.09668429395667863,0,0.001068404953628227
581,0.03885357919359461,0.12546803316257552,0,-1.2972013207297725e-05
582,0.2373712030598983,0.3396775068880312,0,-1.1387776585269723e-05
583,0.28546300388320583,0.4263967309813152,0,-7.983414100009004e-06
584,0.15202350952365662,0.31857287540174273,0,-6.247037349434051e-06
585,0.14568010072333484,0.09312693256682766,0,0.00020476468805467448
586,0.2762270289076948,0.15154737696525128,0,0.0026519325487513873
587,0.22010208828531705,0.15860088789162233,0,0.00028801854807285703
588,0.09202911181534576,0.5351398843241887,0,-3.9629136565281865e-07
589,0.19590304413640977,0.5706828070211237,0,-7.83519835022941e-07
590,0.1590602204152782,0.0810170476013767,0,0.0006248460072884108
591,0.2737196264765533,0.0486008222224435,3,0.016719297350099586
592,0.09154693461647631,0.5357934627328386,0,-3.918185971258313e-07
593,0.23002399449957536,0.15084589084319627,0,0.0005977437096775002
594,0.2940735992398637,0.39200082476349607,0,-1.1804432167428962e-05
595,0.10109239838631907,0.031483926010418425,0,0.00045702789728360255
596,0.01737539004764081,0.02890050447537442,0,-8.696466759932582e-06
597,0.11976322550108762,0.1216528326166742,0,-2.228264764675338e-06
598,0.10748098245378816,0.5036331886964706,0,-6.336525203794152e-07
599,0.07032407036338509,0.47460935114717717,0,-5.84449455657889e-07
600,0.18869878709156726,0.06642524500546289,0,0.003251396271373367
601,0.07344116592520442,0.0331315730365838,0,0.00011552245498210736
602,0.008073510803087979,0.1690399200926163,0,-6.611344637525949e-06
603,0.32626180592805903,0.4326400473865407,0,-1.0970700882342608e-05
604,0.21441436991699372,0.009882397815189648,4,0.023397795578582292
605,0.2366824765842329,0.3071847449954676,0,-1.4467262578181084e-05
606,0.3122942288594639,0.38141903752401435,0,-1.4583389718046582e-05
607,0.2895327943841334,0.590665582126646,0,-1.632840678641065e-06
608,0.30878334905538773,0.4785750601025558,0,-6.029409695921089e-06
609,0.3465613485286509,0.14096974101235332,1,0.006583361561710124
610,0.23387960040525846,0.4189562650564093,0,-5.196689199066162e-06
611,0.24261230083796273,0.25884596694910117,0,-1.158781758931829e-05
612,0.1460559119162519,0.14306876968962912,0,2.4355573139862315e-06
613,0.07275468551177826,0.2114557934311012,0,-8.190557477984304e-06
614,0.2505237000074966,0.23047936885173193,0,2.8424365214502237e-05
615,0.13175698131432542,0.19259838769994944,0,-1.5215735891013752e-05
616,0.09718833881195808,0.3910901902928631,0,-1.7615720033459981e-06
617,0.060389503161508984,0.4988498091288539,0,-4.1532195817938977e-07
618,0.18524742409949752,0.5376617578640741,0,-9.800414388940711e-07
619,0.0860342142423484,0.16357572191221673,0,-1.3842707103966157e-05
620,0.00384878742370503,0.20321217189275922,0,-4.5283471714221515e-06
621,0.03920435296521585,0.5389436466641115,0,-2.250953648237389e-07
622,0.1897731860689608,0.42562996314550816,0,-3.140300149089651e-06
623,0.2904804236996448,0.45058895378018765,0,-6.631895668107685e-06
624,0.33818186004242073,0.26552882639466935,0,0.00038433698034387004
625,0.16686719211569917,0.5252022266863791,0,-9.240029138928111e-07
626,0.24023180593808352,0.33117193700524555,0,-1.2511352108723332e-05
627,0.2965552988499315,0.4643659485081751,0,-6.149779063914055e-06
628,0.3166999186229772,0.3035725941429968,0,1.2974056306225871e-05
629,0.11441786655492571,0.5103674957978542,0,-6.348747890955493e-07
630,0.1708414320614444,0.05673549405430511,0,0.002533698297833076
631,0.1932937087728059,0.5378512594111065,0,-1.0599754990375153e-06
632,0.28857093474882517,0.04468943352705825,3,0.017343406702135453
633,0.10241202399886369,0.36518762212247197,0,-2.4040324261001433e-06
634,0.0077732575940339214,0.3433930927283996,0,-1.1621183080833468e-06
635,0.22536368801635745,0.5661579825486649,0,-1.0999519527033455e-06
636,0.12360288054118072,0.3425220611938097,0,-3.722217329125394e-06
637,0.051051986717773445,0.3032618164818201,0,-2.6734489749869087e-06
638,0.006731316599865305,0.4948221450520323,0,-2.52991490645871e-07
639,0.09835426826505952,0.03700795963043428,0,0.00031684312198820467
640,0.06967425349498728,0.34944807809749534,0,-2.0294921747626418e-06
641,0.009235890542615394,0.13527190269802083,0,-9.235435494630121e-06
642,0.2219552702644556,0.36665652660215076,0,-7.712398047770953e-06
643,0.20580558437419785,0.14988584487797868,0,0.0002275672328014925
644,0.33730981981574076,0.06354351407148519,2,0.012279474033927379
645,0.28236978627828857,0.235923790141637,0,0.00013360921832205713
646,0.19388898850096575,0.43783716079067153,0,-2.896550377423777e-06
647,0.0814257939810974,0.5404121440839202,0,-3.3816616680047835e-07
648,0.3001176722077183,0.40219673109015563,0,-1.1394560808283257e-05
649,0.0601384770407945,0.5395895003759102,0,-2.75657643710638e-07
650,0.15158952944988577,0.15748547830740756,0,-5.6092446618346575e-06
651,0.04535967116849171,0.10831073844032814,0,-1.5072051369488935e-05
652,0.1601314029380004,0.14086980105717065,0,2.9387969069471585e-05
653,0.31883265178981246,0.04386329657615562,3,0.016392172344937065
654,0.16070868893226856,0.25663830128808535,0,-1.2031163733237354e-05
655,0.2602647097311851,0.43072378730065486,0,-5.997769297533845e-06
656,0.25020104981713864,0.596004682274,0,-1.0457087224879205e-06
657,0.08769524966816507,0.2997343361272606,0,-3.988269163450114e-06
658,0.21359474349737123,0.4731921313134071,0,-2.4766632643515073e-06
659,0.03012501971554115,0.4349378223369682,0,-5.816522268573383e-07
660,0.007124028315761954,0.5894177449922063,0,-9.862621248745965e-08
661,0.16963966933987804,0.5228949523672437,0,-9.720980736942567e-07
662,0.19034104473373714,0.5072079414522802,0,-1.3981092062112938e-06
663,0.2792497469815708,0.443610943270052,0,-6.363993429237593e-06
664,0.1338530675462454,0.39303428427251463,0,-2.490662608477384e-06
665,0.20269239761414243,0.2943093224671459,0,-1.2451590894929163e-05
666,0.04071419205997489,0.4597179501672798,0,-5.046408848548146e-07
667,0.317741088753857,0.2525083666288846,0,0.0002953728508012553
668,0.19260998114815608,0.5286195919218546,0,-1.154554930984826e-06
669,0.29231799772588,0.08890011063433116,2,0.010785587134752035
670,0.0732309471624526,0.022226246220900723,0,0.0001977751319453294
671,0.2613770022470243,0.0014379797180686937,4,0.03124136539241752
672,0.2838674125239493,0.2732639299378092,0,1.0018698985488029e-05
673,0.0770942308730955,0.3071331044272041,0,-3.3342211716988306e-06
674,0.12325669038184263,0.11258761769195375,0,1.3107802237500206e-05
675,0.19741631180309316,0.42036268894403667,0,-3.5709907986054715e-06
676,0.18788527363000307,0.17347330634285477,0,1.8549592078057326e-05
677,0.3454837863175815,0.0018242449946523909,4,0.031101585330983575
678,0.2857690484303892,0.3549275994871605,0,-1.4581312305532517e-05
679,0.3480510800002,0.4630889462895335,0,-1.0149939968624138e-05
680,0.03881449193420945,0.49937733906936455,0,-3.330478768701039e-07
681,0.24837174553445593,0.5682518546647427,0,-1.3550846043458834e-06
682,0.007308144591207765,0.24049328981440932,0,-3.233994030839158e-06
683,0.2868252191207075,0.3416385561402027,0,-1.5595513159099952e-05
684,0.1460316835221949,0.1388629751819399,0,7.6089792804207735e-06
685,0.34242698848904785,0.442254365250624,0,-1.160385892616645e-05
686,0.298607065309991,0.3638120283285001,0,-1.4908522555723578e-05
687,0.06671869530078782,0.07742878989155189,0,-8.327942856775946e-06
688,0.2780516460295657,0.16436186501821973,0,0.001882225380013599
689,0.025310176073336032,0.36706072601960754,0,-1.0928153985444138e-06
690,0.09862934906241501,0.20055616665359033,0,-1.1451121119471568e-05
691,0.20663544008023865,0.08640182462909848,0,0.0028826759261375867
692,0.15575272387373992,0.4412733924174674,0,-1.9137029899612453e-06
693,0.08105322624894587,0.48312031827317925,0,-5.974756353466375e-07
694,0.016719621211479338,0.5276858364297909,0,-2.0124066452818065e-07
695,0.19276184953466316,0.3772740005026954,0,-5.2305181610650795e-06
696,0.15678740984528158,0.050313798946665496,0,0.0019540045956013565
697,0.21767010459060576,0.5210651118102548,0,-1.5988039698709078e-06
698,0.21643040928567853,0.11516509992662584,0,0.0014329153643552587
699,0.3396369138900694,0.251679841500395,0,0.0006763779946812882
700,0.2340835011346568,0.1523939392064812,0,0.0006566555485460474
701,0.2626779778607704,0.37149537320877957,0,-1.0754239935633137e-05
702,0.21284090730382438,0.5659130187103788,0,-9.73129806113589e-07
703,0.1029986909535987,0.16488783710937382,0,-1.5144767356554297e-05
704,0.2782738423903597,0.3630067829832044,0,-1.3119905060208154e-05
705,0.28639638102184745,0.3706323315871451,0,-1.3167350071967479e-05
706,0.3197568052039215,0.24119260374476847,0,0.000499977511751062
707,0.009203798055210537,0.45067726259047614,0,-4.0322617138443445e-07
708,0.22347887373653183,0.34781035317952874,0,-9.350608720054685e-06
709,0.07957339663626577,0.39735506797588965,0,-1.3878276036516976e-06
710,0.2427276759987673,0.4531365949167556,0,-4.041545935341885e-06
711,0.09400305622205513,0.18284918384479196,0,-1.2744638567617875e-05
712,0.3379767466533724,0.44713812000903286,0,-1.070164978364685e-05
713,0.015187819508057086,0.5536575338275873,0,-1.5285453221576817e-07
714,0.05095316740467075,0.11256069324200532,0,-1.516406289439084e-05
715,0.14226312570776214,0.12936481733171393,0,1.6638469579801075e-05
716,0.10196330217215976,0.3127931367637756,0,-4.03565883305796e-06
717,0.044057475065195195,0.42713612449700544,0,-7.227386137893855e-07
718,0.16427023517715653,0.4454353499935214,0,-1.998534997356376e-06
719,0.241532162502086,0.3401676114081215,0,-1.1747137809911106e-05
720,0.3439617535840069,0.40315105641719234,0,-1.535547048073136e-05
721,0.024666279459235156,0.5986918927045733,0,-1.0710752781819898e-07
722,0.2865303699134229,0.5873401330817785,0,-1.638233128480488e-06
723,0.34988172413480234,0.37132751883123755,0,-1.370314492044769e-05
724,0.06566338119322235,0.34348116701657183,0,-2.069660906579637e-06
725,0.0005408088402957534,0.39091933550402713,0,-6.721787082661123e-07
726,0.0946872643795675,0.10168461651856694,0,-6.100512679815163e-06
727,0.07702378621882157,0.28140295623347444,0,-4.304503813741816e-06
728,0.20500214448533907,0.5964620626568162,0,-6.630581533206473e-07
729,0.27346394972176613,0.5223716592335728,0,-2.7519050777715246e-06
730,0.33608600782882403,0.48927448088228587,0,-7.084349248899086e-06
731,0.19110605330317723,0.4971635673041294,0,-1.5576126246979655e-06
732,0.20166639478960025,0.4798397723858969,0,-2.0577408754105937e-06
733,0.25678817852908326,0.1732633122367669,0,0.0006794638907586244
734,0.29308352792651704,0.4551466153216709,0,-6.506138745406015e-06
735,0.30265446455378453,0.42167237238705857,0,-9.800953536283528e-06
736,0.20569534582720955,0.5491309983145211,0,-1.0716877047555226e-06
737,0.25819848893546304,0.2890190438583476,0,-1.5083495081132785e-05
738,0.17981456053729564,0.1524906643370397,0,5.139352139587364e-05
739,0.08736307242788625,0.20349086954631432,0,-1.0105781394245812e-05
740,0.10949465376479106,0.3592566835169308,0,-2.7373422367186638e-06
741,0.34652530343702836,0.10930948020086988,1,0.008057873790258517
742,0.20169009712125752,0.5035228416309665,0,-1.6244691750852477e-06
743,0.050769900001493756,0.3991338990414361,0,-1.0225863569947928e-06
744,0.08114253695384621,0.5337765660084193,0,-3.60345098937226e-07
745,0.01799321250030647,0.5175251332615153,0,-2.2561486188039326e-07
746,0.13841898067730998,0.5269097414595979,0,-6.837923191803767e-07
747,0.23785387932944116,0.3692842684217102,0,-8.74746196620341e-06
748,0.020519863427691284,0.3829849982230841,0,-8.884133933720876e-07
749,0.3208259338259107,0.20208487980646817,0,0.001902804786605371
750,0.14301206268249836,0.1918148435453785,0,-1.5752455004510585e-05
751,0.30026533004173944,0.4629725542146038,0,-6.464060479563046e-06
752,0.34960484030801336,0.2899022015413079,0,0.00022206045990665372
753,0.16598700580010728,0.4475896367507048,0,-1.9897562223282827e-06
754,0.16069656551367784,0.5763568609609768,0,-5.209416443939421e-07
755,0.10953876604592808,0.2704073862172265,0,-6.608759140027402e-06
756,0.285962367983961,0.22374440902382123,0,0.0002730392656994724
757,0.13804661264382823,0.10264812852506273,0,8.576002190690442e-05
758,0.07483248266052699,0.5084527868585225,0,-4.35839294801826e-07
759,0.1195079172931641,0.09784136333157985,0,3.639312305593209e-05
760,0.026279214139593943,0.4452584943549084,0,-5.048461918255698e-07
761,0.20068839436881877,0.12135675211888983,0,0.0006269408700869788
762,0.15161792734387358,0.4712711745113601,0,-1.3606249642488842e-06
763,0.0028634596277476386,0.4572666942338187,0,-3.543434160624812e-07
764,0.2632271561944268,0.21921896186538536,0,0.00012116464569007466
765,0.041570466147937385,0.03177057463625894,0,1.2424584300288673e-05
766,0.32427241963754444,0.009373156496318823,4,0.027262311050657365
767,0.16639469031332144,0.4797766564753967,0,-1.4482915118136058e-06
768,0.018728291374763926,0.469554675776367,0,-3.6718652839788213e-07
769,0.05628662849354145,0.143945265314337,0,-1.2866976013066374e-05
770,0.25110913948904784,0.07765224768800523,2,0.009805140173883297
771,0.1518776813481393,0.17355245791579196,0,-1.303976860152175e-05
772,0.2912053108048102,0.18693353411790606,0,0.0013335684064834047
773,0.29141261404535657,0.3964162556731495,0,-1.1112577982190381e-05
774,0.07726790506625332,0.5041762237757276,0,-4.660813429603335e-07
775,0.26525992999813763,0.4984928144137449,0,-3.218238041853699e-06
776,0.3323853778257481,0.20197864119532902,0,0.0024755748698748106
777,0.0979036587705754,0.034978886179090174,0,0.00034034808310623384
778,0.2753937306899686,0.036782332547720384,4,0.01925724689617724
779,0.16390554541250152,0.16358138307655812,0,-5.04406009764263e-07
780,0.3002093108114844,0.196470962542624,0,0.0012787225782783804
781,0.05935791428708535,0.416933827305618,0,-9.32505037255017e-07
782,0.1778924449814133,0.07441985677273688,0,0.001677838706218831
783,0.31621901366038274,0.4368396810438196,0,-9.65438639757513e-06
784,0.27642068984584706,0.30260242917487934,0,-1.4422985407483354e-05
785,0.2728625874126676,0.5742572007759484,0,-1.6291913538797355e-06
786,0.02830195069909228,0.3882177967775069,0,-9.112732826667531e-07
787,0.13124641400900539,0.283553989475158,0,-7.17982870656189e-06
788,0.18027545259300032,0.5037654440609477,0,-1.3087798179876053e-06
789,0.09917876802956231,0.48434020300476305,0,-7.073437838132682e-07
790,0.28300823411930776,0.2721957122870639,0,1.0345790804709441e-05
791,0.10115297930767816,0.28296018014800645,0,-5.381165125868648e-06
792,0.2131162756701852,0.4239660851140491,0,-4.026538933137602e-06
793,0.20340619544690086,0.009013014348848736,4,0.02146915249996468
794,0.15444339719420455,0.269874958351136,0,-1.0158904686267833e-05
795,0.2790122222802543,0.3929893229956397,0,-1.0266282343222363e-05
796,0.1729722301439354,0.5157442018509673,0,-1.0794544534603387e-06
797,0.10198315817403764,0.5953105301437636,0,-2.3981580909877683e-07
798,0.07783039442618644,0.2261860936976065,0,-7.465778551546506e-06
799,0.19044691946890743,0.5161241930087944,0,-1.2802383840222358e-06
800,0.13447059372302075,0.23646743227824438,0,-1.1438507308330611e-05
801,0.23695374493717375,0.14561669420818726,0,0.0009496643533691627
802,0.18970296259203862,0.20386129836144487,0,-1.0493597941752955e-05
803,0.21218556656249787,0.2721548789316365,0,-1.5279737174948347e-05
804,0.2758874517584858,0.5578513238789785,0,-1.9781462786988476e-06
805,0.13480316264258518,0.4727377076669453,0,-1.133656304057757e-06
806,0.2656005455734907,0.3683150411652202,0,-1.1341297370453926e-05
807,0.1314225000833147,0.4209739937066425,0,-1.8388927418779125e-06
808,0.29564759728003914,0.3341174194664637,0,-1.57682452771861e-05
809,0.26916550416993446,0.20629527120609387,0,0.0002875095682604696
810,0.24351900465387938,0.06470704547383561,2,0.011469437570045685
811,0.34935402116613723,0.20538069499627895,0,0.003076046503722928
812,0.04467217927708951,0.2534985618203661,0,-4.120162574605056e-06
813,0.33333784594456295,0.26247700788557,0,0.0003613654103612069
814,0.12079856770308124,0.3622569281082479,0,-2.9733277144016816e-06
815,0.1501349409693877,0.24724780504340327,0,-1.1915941897853348e-05
816,0.014977103501729377,0.5593127762260576,0,-1.4414651203718734e-07
817,0.19250987533033842,0.06660594752577494,0,0.0036445238692646193
818,0.21611334004144375,0.509998413987616,0,-1.758266819515692e-06
819,0.2935969921184422,0.40881335553078396,0,-1.014837835681735e-05
820,0.1535455489644397,0.35951156210322893,0,-4.231882349409709e-06
821,0.23927001409919943,0.4221835412830955,0,-5.308244024361922e-06
822,0.08972828031196653,0.5061719013620208,0,-5.174125805452863e-07
823,0.31641539296884785,0.18124874189391796,0,0.002981691414663874
824,0.16557017785189157,0.570768005432585,0,-5.783466370625998e-07
825,0.2898431742167014,0.045227691817636174,3,0.01720625110234213
826,0.3246613588187926,0.4694710855667396,0,-7.683825632795839e-06
827,0.09681989384712195,0.280364157042309,0,-5.290010464663163e-06
828,0.1990031501706149,0.2344944345617963,0,-1.5454288289176858e-05
829,0.21496584073018302,0.5254178272581308,0,-1.489999077142755e-06
830,0.3104063980961139,0.5559408365513102,0,-2.84349888818118e-06
831,0.19254643200059504,0.27503437829871713,0,-1.3355418003744902e-05
832,0.327084918944748,0.5141282906941793,0,-5.084327958503205e-06
833,0.2700167756369992,0.10910751842053405,1,0.006750319907322005
834,0.2884660191040962,0.5786764494876774,0,-1.8211733157480962e-06
835,0.07855165546587041,0.2757584196370753,0,-4.622056389554406e-06
836,0.04164185145746433,0.4587648540037155,0,-5.142160333036886e-07
837,0.16647228494251906,0.3387777245081451,0,-5.902340202645281e-06
838,0.19560216384946852,0.5592323435360308,0,-8.759211806677115e-07
839,0.22152523372440885,0.4038610225961648,0,-5.340803120802299e-06
840,0.07907873614724006,0.31238600967682095,0,-3.2272238831377836e-06
841,0.040218523002259476,0.5893733280091997,0,-1.3732721462703732e-07
842,0.12062526666288355,0.2994404645616037,0,-5.540604198335128e-06
843,0.21321425599921368,0.37855558821731927,0,-6.313407958537841e-06
844,0.06326168502794408,0.5238409709400275,0,-3.32897594082779e-07
845,0.24179968488638562,0.5084584485769076,0,-2.3066582469211465e-06
846,0.1451746700936362,0.24588812045269728,0,-1.1562225293837418e-05
847,0.25369927846938994,0.4582173836022174,0,-4.284086190841668e-06
848,0.10083319229266217,0.03480927509639282,0,0.00039027415453950426
849,0.027873407286996114,0.10791058780682772,0,-1.3612599024633456e-05
850,0.09013642650864656,0.13259471302971468,0,-1.5720422614097745e-05
851,0.04173425631097963,0.1429590776559705,0,-1.1527484310328642e-05
852,0.12238928970994603,0.5750055452991011,0,-3.6020838627579307e-07
853,0.33450967067903004,0.3172880693912492,0,1.9409747512147623e-05
854,0.16204884710564083,0.18776080904976347,0,-1.4040821705559846e-05
855,0.03786924989479742,0.5161478724682598,0,-2.789805970928399e-07
856,0.19336086754093346,0.2237061837863535,0,-1.489421945255266e-05
857,0.20596066161233517,0.37349338538905547,0,-6.18033504702242e-06
858,0.17118395635918315,0.48831656544576973,0,-1.394879781779286e-06
859,0.33466460891893135,0.3183606216385762,0,1.773019424575086e-05
860,0.10435909844914878,0.39937216545672755,0,-1.741932214655943e-06
861,0.031015895865779512,0.5778414020640716,0,-1.405777723974556e-07
862,0.2705660019872237,0.08045769406179641,2,0.011101584073431491
863,0.09922073913665914,0.1592957391563536,0,-1.5263702218871396e-05
864,0.3427260500359577,0.1670015278913369,1,0.005207690610159166
865,0.05478419021541194,0.45003497390299446,0,-6.39830774541962e-07
866,0.3436686763367875,0.07360746429336508,2,0.010790477344068338
867,0.04881982181027473,0.03241529878856295,0,2.4717039092705416e-05
868,0.3380712002039139,0.20236953127532248,0,0.0027335734706933463
869,0.23991832012590544,0.4214815887657916,0,-5.379384159955898e-06
870,0.3134412501216478,0.35696687833676305,0,-1.590391930277211e-05
871,0.052027853760363355,0.43807353462703663,0,-7.015443437850146e-07
872,0.14985917478625563,0.3252970099477626,0,-5.725079020920505e-06
873,0.03115647570475757,0.207456059265042,0,-5.686916277317764e-06
874,0.14549980895295334,0.25330170876497404,0,-1.0875609474675145e-05
875,0.04598712962845695,0.2475303725106313,0,-4.4293010989389475e-06
876,0.113499541791461,0.24992648417666125,0,-8.364486052781606e-06
877,0.08604076372339577,0.03360967243909556,0,0.0002106672797959056
878,0.14653272680596074,0.35634386019367287,0,-4.073707375389861e-06
879,0.19712455120795785,0.4570667722573243,0,-2.4689681053635696e-06
880,0.2482795178017132,0.22141690670052608,0,4.665603310173444e-05
881,0.16743546807217388,0.2581574670351977,0,-1.2547058948866906e-05
882,0.1910994931788561,0.12498682862058993,0,0.00036370443451299157
883,0.2158095533113516,0.11002831809448074,0,0.0016926308560119001
884,0.28171807654145165,0.013840282044574903,4,0.026057284809757535
885,0.12936158164662512,0.44816133959898147,0,-1.3727770962801004e-06
886,0.14839507637046137,0.07462354956275682,0,0.0005273882151324585
887,0.08831412522231336,0.24688707526992804,0,-6.760584318142037e-06
888,0.12082447924856828,0.48996545141431047,0,-8.299766639629318e-07
889,0.01757025995369034,0.1975517927520264,0,-5.4850813841436335e-06
890,0.3474017557115671,0.03976622647277839,3,0.01595806901042503
891,0.3409442778148669,0.09502673312161644,2,0.009146657947028949
892,0.11504871789380901,0.34355983054128025,0,-3.3834581201616317e-06
893,0.038394055116002634,0.2892846771818733,0,-2.7093133808922788e-06
894,0.3128463273117141,0.12217788781188019,1,0.0077966620165114825
895,0.06622422644560547,0.15493472106710904,0,-1.2761746821488874e-05
896,0.25382246285466825,0.37650801072285905,0,-9.487513257252289e-06
897,0.023607027609086683,0.44679379075418885,0,-4.84060062080417e-07
898,0.05002945555474722,0.3283163516884608,0,-2.060392202268053e-06
899,0.25966501566521194,0.4717548435835347,0,-3.972962102245655e-06
900,0.09762772317028488,0.10404390992156178,0,-5.707895823641861e-06
901,0.08560956474184646,0.4275729439666122,0,-1.08968238328629e-06
902,0.03390700967312721,0.04631929233341929,0,-9.185384847985632e-06
903,0.25629257135405037,0.45032366248668554,0,-4.753498530174111e-06
904,0.19750836917298858,0.3262602855663686,0,-8.9782806113062e-06
905,0.1131783335924434,0.004642369200758533,0,0.00226737235853568
906,0.03750835772228417,0.5119243096677846,0,-2.8996851447499607e-07
907,0.011353269557081713,0.30634855570576197,0,-1.744293260848051e-06
908,0.0573627760300188,0.24172496702956506,0,-5.250403861214395e-06
909,0.04338074065765705,0.14435684245660094,0,-1.155163688928218e-05
910,0.05991961873412215,0.3476815485602078,0,-1.8740124939858043e-06
911,0.34743724475388915,0.31684827269300175,0,5.182331447452323e-05
912,0.061305684258071945,0.07210879438559514,0,-8.367857761467441e-06
913,0.14223039722381964,0.24518246019286266,0,-1.1344024667291528e-05
914,0.19915580510755843,0.28026627829353357,0,-1.34882093993454e-05
915,0.2811321080307401,0.37612456675757944,0,-1.2098713881269603e-05
916,0.06768642447067405,0.3297017378665283,0,-2.4235496858062728e-06
917,0.23887891036569034,0.11789695648425191,0,0.002684672679127399
918,0.30591248709496105,0.1113781889123526,1,0.008637092233310538
919,0.30950515079538826,0.30321104996467646,0,3.816161965079439e-06
920,0.0019831231702258367,0.4709716806786388,0,-3.0625686609368206e-07
921,0.1848213964419301,0.3944638827992279,0,-4.077571925501929e-06
922,0.19906808835603393,0.28231078278396193,0,-1.3280690855127507e-05
923,0.2903460420602179,0.06831040793415719,3,0.013409300626913508
924,0.14317111931095913,0.30013681942122716,0,-6.860921041081511e-06
925,0.30854237788051797,0.5288469663766511,0,-3.656618553792821e-06
926,0.30053347593295004,0.1404654661669923,1,0.005498136980329545
927,0.12074943360975006,0.027648872282778347,0,0.0012101399387991238
928,0.2921148318179368,0.20902153215040783,0,0.0006262735809328816
929,0.3268601317741912,0.2528380959380523,0,0.000414095317429535
930,0.06557113329664137,0.49673949699678394,0,-4.4670928776387386e-07
931,0.1181891601181718,0.5192806248796531,0,-6.03025124791016e-07
932,0.07823853874863587,0.5713251595845901,0,-2.4046757196748417e-07
933,0.1630547996120289,0.10421752700145404,0,0.00027036608793268757
934,0.12121181231091292,0.09566208840449165,0,4.768229199944783e-05
935,0.27413958291657825,0.5182652006567662,0,-2.886345928963943e-06
936,0.20521769994485006,0.3994884615307633,0,-4.747786727165026e-06
937,0.3282319522164118,0.3148884191880434,0,1.2966658756905158e-05
938,0.015278542258274646,0.19170261986650447,0,-5.680958692551284e-06
939,0.25952769073663234,0.5146702773183149,0,-2.5867194810586693e-06
940,0.3282974616302943,0.09205758516020746,2,0.009898491921579685
941,0.19082862126477163,0.5208686145804724,0,-1.2255944174569973e-06
942,0.18183293689534236,0.3632857583498319,0,-5.3921582998930694e-06
943,0.22582232998446897,0.11747277108101917,0,0.0018131573510735226
944,0.2520626517746122,0.437808649488437,0,-5.1601916625363995e-06
945,0.1594381939178067,0.03823973491318002,0,0.003372574457232787
946,0.24950867617926312,0.22046449956335792,0,5.359364625763788e-05
947,0.01574555706810796,0.2563983924010944,0,-3.001571559469337e-06
948,0.05692194761914061,0.28922039006824024,0,-3.260830901678093e-06
949,0.1027594608372776,0.5245769236974136,0,-4.902564977323418e-07
950,0.22404853378054962,0.49537022666930725,0,-2.2025250842889755e-06
951,0.025542639903368223,0.30402459668754317,0,-2.0569736796083512e-06
952,0.12329963339362453,0.34107670112106764,0,-3.764804138208538e-06
953,0.18972472775252242,0.24888354560871584,0,-1.5328144028212523e-05
954,0.08395305543519588,0.2883042098782826,0,-4.305272402428031e-06
955,0.08259094040924989,0.03505156130473284,0,0.00016640796367609268
956,0.04812278395469248,0.3909866113679835,0,-1.0804338265530574e-06
957,0.06269583994651505,0.36134933798559127,0,-1.6806532132816963e-06
958,0.2957201473466755,0.23389056651617424,0,0.00026473817378489076
959,0.1359872421938507,0.5066329675498157,0,-8.173952298520491e-07
960,0.07303101550487354,0.5515072335990042,0,-2.783140557963635e-07
961,0.0342649481475259,0.4549153532473224,0,-4.96435849139908e-07
962,0.03269437106691882,0.5727318745098924,0,-1.504485762572619e-07
963,0.26232944663564234,0.19893983416914687,0,0.00029675293070824507
964,0.1880280033015451,0.41057216019181925,0,-3.5860076001577502e-06
965,0.25923226660705445,0.34744588665492887,0,-1.277869524269816e-05
966,0.31991967950858846,0.5171029586655818,0,-4.599628286829993e-06
967,0.3024899214913082,0.469492259357724,0,-6.197673624091136e-06
968,0.014812233591691036,0.01904912435511037,0,-3.829876076851826e-06
969,0.020938330740368726,0.23997848887202533,0,-3.72302558023395e-06
970,0.151602813899395,0.4178325297565141,0,-2.3206552260115028e-06
971,0.12344515212092852,0.09298478686122821,0,6.496005179566391e-05
972,0.11834162889487411,0.48034112179203325,0,-8.914427103995975e-07
973,0.18755997112002687,0.16148109328094024,0,4.707131279850823e-05
974,0.22479717974510105,0.21830181469134666,0,5.612904828223942e-06
975,0.12955534050244918,0.44790121638077884,0,-1.3790160551919406e-06
976,0.21400791813672151,0.019740286505215643,4,0.01949132488769176
977,0.2840714448584132,0.30528358906586456,0,-1.3350759409150006e-05
978,0.14049548475055823,0.3548537049713654,0,-3.893973961543773e-06
979,0.24343757558875728,0.16061329142769423,0,0.0006763851647646472
980,0.27798775094913336,0.13677450522869616,0,0.004130972843351725
981,0.3255055393018311,0.17818619617797685,0,0.003728202134478746
982,0.014083857128687859,0.464866295054401,0,-3.6736595674910623e-07
983,0.15544930703540982,0.11519461688996983,0,0.00011032388249415016
984,0.22905661152580956,0.5448718825797734,0,-1.4118325317238965e-06
985,0.20677943799508508,0.5357106301788178,0,-1.2388890045684762e-06
986,0.0762724304658198,0.5850755665599306,0,-2.0550061172532307e-07
987,0.1808884350164101,0.3104653408591403,0,-8.912174582516225e-06
988,0.29631393581794624,0.4273394002104766,0,-8.767941978062117e-06
989,0.15784509154585752,0.47108088367527196,0,-1.4506222497396025e-06
990,0.2673008450759651,0.02888847888933219,4,0.021265761769698816
991,0.005259834178368672,0.3503076432829328,0,-1.0575993267975253e-06
992,0.2404004089952401,0.3028205688705993,0,-1.5115184211177367e-05
993,0.20806947430642417,0.5589266216955868,0,-9.950076689042586e-07
994,0.13015065279453544,0.2463031734532261,0,-1.0096999767224831e-05
995,0.13967683981787907,0.5847739422672174,0,-3.882378036661946e-07
996,0.11642087587646142,0.2113067293362241,0,-1.2142089982241523e-05
997,0.3196119380202385,0.11667730679200777,1,0.008294449640485594
998,0.2899477496972194,0.08247834492440373,2,0.011538887666945503
999,0.09293507876137491,0.3225488533793313,0,-3.347615278775202e-06
1000,0.1670469120964036,0.30146075609759815,0,-8.517481398444311e-06
1001,0.1784544613833782,0.3624527019609534,0,-5.258688454576893e-06
1002,0.2903334050016579,0.28623878323971313,0,1.716625004387886e-06
1003,0.14324082154598664,0.38156430389096363,0,-3.066634545928937e-06
1004,0.2634284827039432,0.0896368651957514,2,0.00903296962685037
1005,0.2748371242697957,0.5494697588539899,0,-2.1284999724960114e-06
1006,0.20128517863514556,0.4133517350342244,0,-3.9791099476768136e-06
1007,0.12270458842477108,0.5065633491654454,0,-7.16376747963642e-07
1008,0.13186821612861613,0.0928419709787525,0,0.00010494950621529074
1009,0.17491437081301203,0.4356297344771694,0,-2.4510221944154033e-06
1010,0.05204855524668611,0.3633845809575068,0,-1.4807286303916974e-06
1011,0.08308739215445561,0.43709214438469435,0,-9.661088519359237e-07
1012,0.07845989206129393,0.48469850431439593,0,-5.730848891605225e-07
1013,0.3068392877208672,0.07129446134070035,2,0.01268253524153409
1014,0.22685859228525107,0.32992026185606355,0,-1.1316518558002648e-05
1015,0.27526360245193987,0.45610984177398517,0,-5.412834302630678e-06
1016,0.12629161329183283,0.4012169147312321,0,-2.128469006505196e-06
1017,0.23640592487699558,0.023340836131657272,4,0.02147047924721207
1018,0.3305724626499959,0.11761912293081742,1,0.008105895782640999
1019,0.17012946904062637,0.003015347478168939,3,0.014390480236309938
1020,0.25651637844546143,0.4324916510453641,0,-5.681698551124715e-06
1021,0.048950522426161686,0.10253502310389126,0,-1.5597453044243904e-05
1022,0.31261300229639627,0.024781068478282053,4,0.02151196025730891
1023,0.10667852277832868,0.25595588603654806,0,-7.39642101712298e-06
1024,0.336218820795293,0.44534093602213637,0,-1.0705875981352134e-05
1025,0.3335407126660343,0.43395724815534625,0,-1.1548409720384909e-05
1026,0.05414244127037262,0.21403411255556695,0,-6.677447248533564e-06
1027,0.11967662843014908,0.5230406869398714,0,-5.894636392533703e-07
1028,0.12984963605633243,0.04780495526391946,0,0.0007605001953466196
1029,0.024459036115658642,0.37679681823328953,0,-9.83050148196856e-07
1030,0.28410983444863,0.48299774487003655,0,-4.526880833835509e-06
1031,0.1352698371037988,0.01611821353408229,0,0.0032950847627660983
1032,0.14128874460023425,0.2513345754003648,0,-1.0663150840792066e-05
1033,0.27941985467355557,0.5713933811092611,0,-1.7897472071565052e-06
1034,0.11156742131474247,0.4794281441174689,0,-8.407834914019624e-07
1035,0.20558582985102872,0.18106235063211706,0,4.167761220179083e-05
1036,0.006708827918108856,0.006282395910133731,0,4.230026806380932e-07
1037,0.19131213151034182,0.4606565362911053,0,-2.2479315505529312e-06
1038,0.2628852919045619,0.31301914624414523,0,-1.577426284858507e-05
1039,0.14787503315313322,0.5830339587488512,0,-4.2874780312708194e-07
1040,0.003414916917728916,0.5712046920292372,0,-1.1402431389447534e-07
1041,0.23341240562911877,0.20269777632603475,0,6.043115088511969e-05
1042,0.2833344677555561,0.05260357352178062,3,0.01594929357807
1043,0.139559288239489,0.3998879631642811,0,-2.4620491778350215e-06
1044,0.20762602664999408,0.5925775549927994,0,-7.076063214597591e-07
1045,0.17441584453384584,0.4649046050912865,0,-1.8204107089068903e-06
1046,0.1221256563380665,0.3476300065865254,0,-3.485980318601277e-06
1047,0.3411765896556602,0.056628603446585574,3,0.013056398751027432
1048,0.3404740959581993,0.014808791877507853,4,0.024349926390420627
1049,0.31251198444383377,0.442904143393686,0,-8.816411675965544e-06
1050,0.19481351712854528,0.5012044076408693,0,-1.5523236625945538e-06
1051,0.23799021718748972,0.30768217268505343,0,-1.453730274717455e-05
1052,0.33455581695667636,0.3821182314226386,0,-1.588736166563029e-05
1053,0.26471457445998414,0.4505238263408943,0,-5.155354287831912e-06
1054,0.048465143784069464,0.24524942783285975,0,-4.643349442575668e-06
1055,0.2120766968227082,0.5254831815075658,0,-1.446722178280266e-06
1056,0.04719929673960832,0.3573563310963637,0,-1.4983732848379572e-06
1057,0.2065209925707649,0.11222420002150814,0,0.0011231788496759965
1058,0.013111703253297323,0.03609148891450391,0,-1.3199754882081801e-05
1059,0.15625062868157505,0.3017090793107117,0,-7.667018347412853e-06
1060,0.07621431479282931,0.25741212024607213,0,-5.415654501379129e-06
1061,0.27139514903329026,0.36436258323661086,0,-1.2302554365754528e-05
1062,0.3186290617711291,0.49197697830883447,0,-5.820825690474898e-06
1063,0.0539797802361236,0.3277143888105317,0,-2.1561722996566024e-06
1064,0.11731496273749957,0.037203634537506726,0,0.0007091427692528167
1065,0.07892040859910843,0.39998944561743266,0,-1.342968713669717e-06
1066,0.08665149490028584,0.4305380367125455,0,-1.0689139209983382e-06
1067,0.03548829705924472,0.09207609791001532,0,-1.546162124236201e-05
1068,0.18543264584063596,0.2798643216130703,0,-1.2175137045297078e-05
1069,0.09377276804610074,0.45004269576126255,0,-9.443357124897024e-07
1070,0.17921853444620697,0.26844725970382255,0,-1.2693297269642342e-05
1071,0.021321230908711207,0.2858968453390229,0,-2.3636889108802834e-06
1072,0.16335094204932557,0.09212112343300367,0,0.000466414475832426
1073,0.303710167199707,0.5214288608228114,0,-3.7524307738109443e-06
1074,0.021847169448866798,0.5234976089663455,0,-2.2087645510605163e-07
1075,0.14006195800964344,0.09478144353564397,0,0.00014427370639642263
1076,0.18624109343566486,0.49964050604649524,0,-1.4475275847321526e-06
1077,0.15555731690761662,0.08947300438109804,0,0.00037592428507754867
1078,0.046469883814889465,0.2297916153232347,0,-5.305392267837347e-06
1079,0.08163858189225266,0.22292071675862354,0,-7.990251163478946e-06
1080,0.008008740647421487,0.21145275098742022,0,-4.348365044292573e-06
1081,0.1778830339609006,0.06179358241938426,0,0.0026815669009146244
1082,0.2103285584093112,0.32099965297802413,0,-1.059080258682942e-05
1083,0.26070285199853865,0.5076729968469064,0,-2.806469846637334e-06
1084,0.17718866336284575,0.28708101847270817,0,-1.0671045292153401e-05
1085,0.002644634764500192,0.5506449799578769,0,-1.389773044423916e-07
1086,0.23678224809403875,0.40259638733254954,0,-6.28083195256804e-06
1087,0.07483550456528643,0.4024263499785096,0,-1.2582634880956605e-06
1088,0.1368103672335942,0.20544520765291371,0,-1.4630931501202572e-05
1089,0.32846235999788415,0.5932562430840623,0,-2.345156729728328e-06
1090,0.12138344695705747,0.18338792030760742,0,-1.5137224477572695e-05
1091,0.031012142323760636,0.4691257659637141,0,-4.1690648539021956e-07
1092,0.29115027100233054,0.10348572801776497,2,0.009024423199021938
1093,0.014637608427617193,0.4714881155916806,0,-3.4573510536767334e-07
1094,0.058855405035047166,0.12265466113368403,0,-1.5010976661606668e-05
1095,0.14982177910119546,0.0599713025333443,0,0.0010255908624785732
1096,0.18689018844719338,0.5160153240963642,0,-1.2369429932357826e-06
1097,0.09842064452561303,0.18064075061306287,0,-1.3394604441243487e-05
1098,0.17875540496609932,0.1582795736167,0,3.1812621426094623e-05
1099,0.32420747859576293,0.4305189857125811,0,-1.0977688167885224e-05
1100,0.3446227767363667,0.39619476429718775,0,-1.5769875179643465e-05
1101,0.07887634820956509,0.24421860800265316,0,-6.329010170891462e-06
1102,0.13843181264244897,0.1301946730862135,0,9.19814278801827e-06
1103,0.10616749457262688,0.2344705897875816,0,-9.031112939481418e-06
1104,0.3497072085766473,0.0944310418293639,2,0.00877329548312408
1105,0.32275625141796443,0.2616718423320736,0,0.00024605931768150027
1106,0.03551718047425451,0.00772984664554035,0,5.7007933545102494e-05
1107,0.1091014248432397,0.45371097498102764,0,-1.0608791620486045e-06
1108,0.31532198775878095,0.30094515345487677,0,1.5052450506506057e-05
1109,0.1475715467301939,0.1357345669585435,0,1.4708253658369586e-05
1110,0.08428496880204764,0.5259245831817829,0,-4.022050856189341e-07
1111,0.23324986123296299,0.5374423833249012,0,-1.5856130198370924e-06
1112,0.03613257476787183,0.09897575378786558,0,-1.5080001758501893e-05
1113,0.30923067147281735,0.5613512710331305,0,-2.6627253327269405e-06
1114,0.006486068733727961,0.0824330551078153,0,-1.39986682229735e-05
1115,0.1358275476578506,0.11210311785707096,0,4.1732161861668396e-05
1116,0.07244720936389956,0.4680476957041715,0,-6.374574600831411e-07
1117,0.06885161512262868,0.43813922591688936,0,-8.293541067808669e-07
1118,0.2106162143622357,0.1200383691016079,0,0.0009663250660787628
1119,0.03915559362610096,0.2882314366817023,0,-2.758821569640345e-06
1120,0.003632754963280882,0.39252836252191414,0,-6.821992554966139e-07
1121,0.33904391359401087,0.12571745322542785,1,0.007469409871669552
1122,0.3006505977589664,0.4447627080992937,0,-7.740755639429343e-06
1123,0.29937221579067147,0.39004677938997917,0,-1.2524555252034776e-05
1124,0.08973510134284071,0.025319725178977803,0,0.0003655041276349922
1125,0.2002942147173011,0.466393967143454,0,-2.321570750681707e-06
1126,0.010051183585504747,0.1445003002478175,0,-8.53433633708179e-06
1127,0.12161831527849311,0.1667847746717194,0,-1.5770823034820567e-05
1128,0.011677408466250516,0.3841645587959726,0,-8.037729407624847e-07
1129,0.10960783071968912,0.2817135026979299,0,-5.919973530927308e-06
1130,0.28359762022620216,0.5941439102055781,0,-1.4864430814749872e-06
1131,0.2421192811735005,0.26268666103193206,0,-1.3007855030411256e-05
1132,0.09016916787048107,0.27173291184428394,0,-5.395024785348064e-06
1133,0.061829344319967554,0.1787564330520329,0,-1.0036207982611378e-05
1134,0.07612751697176515,0.36091633630176184,0,-1.9301197455458195e-06
1135,0.13350242074938615,0.17477886764986447,0,-1.5708778895640635e-05
1136,0.04388824818979001,0.3454998143600539,0,-1.6320662431347605e-06
1137,0.020037094763024996,0.3017488473607034,0,-1.9917641454825593e-06
1138,0.1652145527436309,0.17628129852676674,0,-8.879263073433959e-06
1139,0.06828729127843139,0.02946413415233935,0,0.00010693400050348136
1140,0.17134473274071424,0.13453738014522623,0,9.062248026137848e-05
1141,0.056468663055670054,0.10574851688648661,0,-1.5723744657157126e-05
1142,0.31197703676315014,0.4828318523083884,0,-5.966285196643421e-06
1143,0.22508653559987946,0.238227848968427,0,-1.021395014181767e-05
1144,0.10903350970031607,0.28153401432837966,0,-5.897100229718128e-06
1145,0.10054964069959359,0.16550030449552122,0,-1.4924603424230511e-05
1146,0.3092080681274969,0.16124063457951343,0,0.004123150254448513
1147,0.11292498153028727,0.040769558192978735,0,0.000506610762700239
1148,0.2868370020606247,0.0599925657283393,3,0.014675926567581868
1149,0.045968541778361925,0.00760246657721757,0,0.00010501421019939676
1150,0.14430347994313028,0.5046368497334064,0,-9.060576500357959e-07
1151,0.11204803724947895,0.056594416088746574,0,0.0002397899576086526
1152,0.17165735076255514,0.21943412241599478,0,-1.5779870279115394e-05
1153,0.18410479545612715,0.38349281451441036,0,-4.514863148060543e-06
1154,0.07736109753868076,0.07513039898553893,0,2.104984891369843e-06
1155,0.2471036435375845,0.5581203104516352,0,-1.4806485637071795e-06
1156,0.2501401170773371,0.411589642562433,0,-6.5525185741939885e-06
1157,0.24606634783997697,0.38339383387794623,0,-8.271023058127064e-06
1158,0.03444044265421089,0.4384403860097452,0,-5.863710174726199e-07
1159,0.011561027815026308,0.30774392316764154,0,-1.7237053812371528e-06
1160,0.34460725455002916,0.15354694376417258,1,0.005985930803516078
1161,0.1766792567313367,0.3134657346281502,0,-8.32642787190939e-06
1162,0.14177420661210974,0.35000270616999596,0,-4.138665394704811e-06
1163,0.25210840293284487,0.3949865532925582,0,-7.842886909539805e-06
1164,0.20703645815028507,0.517251219359549,0,-1.4937658571523564e-06
1165,0.24689680632780836,0.445087941032719,0,-4.562484383248118e-06
1166,0.29997969849017664,0.16022615026051507,0,0.003592073545624577
1167,0.11795192157635477,0.03410450475214901,0,0.0008289290533148402
1168,0.22379814654120506,0.31407561964215897,0,-1.258067553631441e-05
1169,0.127868613667487,0.5985067561603534,0,-3.0078505079097856e-07
1170,0.09810089474780026,0.4425155353174793,0,-1.0631160431039488e-06
1171,0.0999221310449695,0.04146978468827731,0,0.0002773881703040434
1172,0.002042752248343599,0.1359052167510459,0,-8.582476787227141e-06
1173,0.03425028625683522,0.273750058419503,0,-3.0356705223943794e-06
1174,0.28313503873046,0.029637588520790147,4,0.020950833934291566
1175,0.2682132615346061,0.03820766839037382,4,0.018910856283732562
1176,0.24079481861226776,0.4582511854626351,0,-3.7680757053427085e-06
1177,0.26593434473328126,0.10150564177217677,1,0.007436757216689816
1178,0.08326807982318778,0.3520962036126981,0,-2.2636204931260024e-06
1179,0.273715196221645,0.5397203428773091,0,-2.3200948346096076e-06
1180,0.037419743871157526,0.12872540728344928,0,-1.2508052472911581e-05
1181,0.1642630923872825,0.23635524070410555,0,-1.433257162799833e-05
1182,0.2178602092162883,0.43164068941624556,0,-3.910460671672534e-06
1183,0.053925666415460455,0.08157931367437514,0,-1.4277487376306956e-05
1184,0.036734847269637695,0.05849122973167411,0,-1.2874820717436802e-05
1185,0.23064575812401866,0.1803013823812759,0,0.0001710602667540165
1186,0.03945405681201081,0.02019791620270619,0,3.138661380795212e-05
1187,0.25299635379914165,0.07815324485596983,2,0.00992934271316486
1188,0.19094048221124485,0.3384031729169255,0,-7.515282206896994e-06
1189,0.2513239796899612,0.5859274710978208,0,-1.1695651896841771e-06
1190,0.19354641099725095,0.47559874063733115,0,-1.9798275448700367e-06
1191,0.09232539146397163,0.2904767175699414,0,-4.578021965158107e-06
1192,0.27137711295580264,0.12778041477552404,1,0.004525060797837445
1193,0.022759408979781313,0.169087293478967,0,-7.618387199898238e-06
1194,0.27192835333918924,0.1357905822304828,0,0.0037223133545801357
1195,0.061413733570069906,0.5994348796141697,0,-1.5346253797621782e-07
1196,0.3338680964258889,0.47296140748779314,0,-8.113935698865454e-06
1197,0.0706526131727727,0.054214089568546696,0,2.458149682772051e-05
1198,0.1908821365884902,0.28885412437050073,0,-1.182340631161303e-05
1199,0.14506088701094666,0.14806932375242826,0,-3.3500894356497317e-06
1200,0.10452686329476818,0.47808975311355545,0,-7.942660175770955e-07
1201,0.23417095521514922,0.3334268476633376,0,-1.1687638388108652e-05
1202,0.34710896480469866,0.23180746187921442,0,0.0015737093279714913
1203,0.2188367669497726,0.2560320848016996,0,-1.559819115320509e-05
1204,0.09769814265550822,0.5591227614027771,0,-3.2995068821671366e-07
1205,0.03419895359431959,0.008514326203977917,0,4.9794377667693266e-05
1206,0.04637064770403484,0.28578401461708275,0,-3.0378446931242963e-06
1207,0.0012993099135301112,0.4396037689942379,0,-4.162423636687581e-07
1208,0.025110370239146196,0.4417615237985893,0,-5.16743883141274e-07
1209,0.32359363861810797,0.08691759658582161,2,0.010498837099490519
1210,0.31617168826721914,0.4664198176262059,0,-7.293166500532637e-06
1211,0.09065341847402562,0.28167619134458877,0,-4.913318415482943e-06
1212,0.27618128753382165,0.2796018671287321,0,-4.853498018955058e-06
1213,0.18969872493377649,0.08099650768711932,0,0.001993563482887396
1214,0.13608244270504047,0.46599578421466764,0,-1.2282897796077678e-06
1215,0.03806239326065923,0.3943008802208371,0,-9.453005215820507e-07
1216,0.009812116686055548,0.4455505539065447,0,-4.2702420943224657e-07
1217,0.26700833232366916,0.4430190761408386,0,-5.678218100936843e-06
1218,0.07306382984264775,0.07474535609380417,0,-1.7998499692489074e-06
1219,0.2437848111177449,0.37274468738470673,0,-8.951557545629498e-06
1220,0.2783229207448469,0.538165582443438,0,-2.4670701666986947e-06
1221,0.04653466802499663,0.2755335549094831,0,-3.3703310975489326e-06
1222,0.06289234008418329,0.47148335827183663,0,-5.598715133271788e-07
1223,0.30039404080233373,0.5839320358840242,0,-1.9461598536850443e-06
1224,0.03450621450626438,0.5420953609405442,0,-2.081126347090941e-07
1225,0.049664357127499725,0.0397130696683386,0,1.2622413903127638e-05
1226,0.23541933668536147,0.2780133468057513,0,-1.581773000265115e-05
1227,0.013676143672850038,0.03311432520513819,0,-1.2132929402264901e-05
1228,0.19181821138186148,0.45322223522896365,0,-2.433441537125427e-06
1229,0.010106728785185398,0.165050468029033,0,-7.010408694343203e-06
1230,0.21470303402594293,0.3754409125444733,0,-6.60370295256065e-06
1231,0.17265392555176876,0.0328483819680736,1,0.00619385001847366
1232,0.2561702075240284,0.28457190525412696,0,-1.4742036913083027e-05
1233,0.31418724276117965,0.05480035244903545,3,0.014645413482572171
1234,0.2767251834676447,0.44267369165735065,0,-6.2663172263209425e-06
1235,0.15485834838879753,0.0012311480093103455,2,0.010398651173388698
1236,0.24391917648744066,0.36990998643335327,0,-9.203244724629692e-06
1237,0.22628128275629483,0.3756007164357064,0,-7.376073960929197e-06
1238,0.1231598421117147,0.14195332371891892,0,-1.2076229645532314e-05
1239,0.06663877817479692,0.06175857272694558,0,5.289172131355041e-06
1240,0.2526073779448653,0.5708619107590513,0,-1.37715955863717e-06
1241,0.2897150759774913,0.18062582064709246,0,0.0015686489602820585
1242,0.10206088528884696,0.38376772860626823,0,-1.989759550952977e-06
1243,0.1536776963871079,0.41197650347349046,0,-2.511855342246561e-06
1244,0.18633302196805493,0.12059248196124389,0,0.00035964531710105653
1245,0.2797506353588681,0.5922326027021663,0,-1.4580905202449903e-06
1246,0.18225218347792074,0.3812635098718963,0,-4.531939009398748e-06
1247,0.03545433375718295,0.09327494822123421,0,-1.5396229870589912e-05
1248,0.0822251483402564,0.43185634298241155,0,-1.0093065612992303e-06
1249,0.044193475140835325,0.5567903868021279,0,-1.979261097062305e-07
1250,0.26120529313399826,0.48300067910294536,0,-3.6070471834188003e-06
1251,0.05630850821533427,0.5907623309584561,0,-1.590453030632065e-07
1252,0.2940548004504701,0.15313556079532092,0,0.0037996132903177085
1253,0.004804696062097224,0.3345229760870292,0,-1.2327925339902662e-06
1254,0.2271698503128684,0.29259992257838147,0,-1.488815704458386e-05
1255,0.2742576767319842,0.023900026179330736,4,0.022698546706101032
1256,0.09978483554859366,0.34924689705940115,0,-2.7459583418652615e-06
1257,0.17715570513627787,0.34081421510953785,0,-6.4231470446112236e-06
1258,0.1294594276101043,0.3967048853115872,0,-2.2980846194847606e-06
1259,0.3357516782040245,0.2166627197188752,0,0.0018204430563002103
1260,0.13228268146097383,0.35600043067022563,0,-3.547986942888589e-06
1261,0.28028350233516386,0.46635280515001465,0,-5.140078318217252e-06
1262,0.26829453216207055,0.4049807690197336,0,-8.317000564721374e-06
1263,0.14859176021882373,0.04717455993103163,0,0.0016277461722446313
1264,0.16214856676551517,0.49827056565639616,0,-1.1538735851417195e-06
1265,0.19449959876482278,0.5634034764062911,0,-8.309495900599842e-07
1266,0.1871887120222912,0.4352663617875636,0,-2.7799767178616335e-06
1267,0.24631121295316627,0.45200026665593485,0,-4.235289980217421e-06
1268,0.25632642241128895,0.4396333544426447,0,-5.285485154699228e-06
1269,0.23803754887609163,0.2453841108031518,0,-7.1834760685629905e-06
1270,0.008271349510223501,0.2582415920553863,0,-2.7352423500563825e-06
1271,0.34473519228573096,0.5354893277075442,0,-4.898587495941834e-06
1272,0.28034599497188434,0.4940310661677973,0,-3.908432428500912e-06
1273,0.018637852080863535,0.4838068004720292,0,-3.181259614718466e-07
1274,0.22441261560815914,0.2660911972353389,0,-1.5789742274701174e-05
1275,0.20035002594432622,0.4632643892391946,0,-2.396612092395113e-06
1276,0.12304551114667552,0.42308336430312365,0,-1.6561348604682323e-06
1277,0.22877665812562273,0.25224073419619963,0,-1.3711982656085754e-05
1278,0.14664878927248712,0.5284826466519957,0,-7.307625320237598e-07
1279,0.10935650612753542,0.25142712614903595,0,-7.926842898455633e-06
1280,0.2853512148151343,0.011184648540231046,4,0.027082187196802224
1281,0.32422978399072166,0.036086578651797076,4,0.01788731285519389
1282,0.10195275005992353,0.1475374311392349,0,-1.5764940360974886e-05
1283,0.04016093579455164,0.5453503301461792,0,-2.1315366096145586e-07
1284,0.2333412990586876,0.402651619962992,0,-6.069749341430639e-06
1285,0.08801349101250178,0.006937951536866249,0,0.000754985632411611
1286,0.1937707306556724,0.5403092464484823,0,-1.039180505764168e-06
1287,0.109433060363871,0.26108899088422555,0,-7.227941373203456e-06
1288,0.05098053467760741,0.09652075158790008,0,-1.5752040246627104e-05
1289,0.3142088561542474,0.2681758429820228,0,0.0001256030906674327
1290,0.0885735781275102,0.05697767161195748,0,7.072530512269854e-05
1291,0.33755913728432724,0.5546730742629032,0,-3.771600051524436e-06
1292,0.20064084338591712,0.4493870837591439,0,-2.760752905335861e-06
1293,0.057855106017406954,0.16598676651423702,0,-1.0857500341435436e-05
1294,0.23813816232100388,0.2093851716406535,0,5.327709323508757e-05
1295,0.08028079297809158,0.41799500508960624,0,-1.1370573213306833e-06
1296,0.15036907537748875,0.046092634272083655,0,0.0018146648268817281
1297,0.23521349777707187,0.09387123307487179,1,0.005041067790024477
1298,0.079957924776595,0.03975209534456414,0,0.00011461440163893886
1299,0.07652452671810664,0.14225430181238616,0,-1.4865978994291839e-05
1300,0.04379734616140583,0.30967386463416874,0,-2.3325637284606704e-06
1301,0.2667989776675704,0.5720035596622906,0,-1.5685379087642308e-06
1302,0.2692487361018742,0.3774570703154449,0,-1.0810589756739771e-05
1303,0.15917867174075562,0.3949105720621742,0,-3.1460450970939517e-06
1304,0.0829139907544535,0.2894717565184553,0,-4.2119663903972795e-06
1305,0.01402172191760863,0.34414198501538706,0,-1.2277299228169296e-06
1306,0.15740058235439888,0.5091303828048189,0,-9.872400331707533e-07
1307,0.061985094256520816,0.2653210452574219,0,-4.3502446491203405e-06
1308,0.14643604840810967,0.16772674473159635,0,-1.2917747568670777e-05
1309,0.011263281807746578,0.32101414811265055,0,-1.5050809033268227e-06
1310,0.17586814174798981,0.42121042009905846,0,-2.857533198280843e-06
1311,0.29392465560090963,0.11031516415117605,1,0.008358176068536088
1312,0.11673515506663427,0.23173920367361261,0,-1.020455028639282e-05
1313,0.24038350613000606,0.5511072637614814,0,-1.4851974346151225e-06
1314,0.31455713556066867,0.09446681001098331,2,0.01012802866613392
1315,0.12284620812731507,0.3388763957850217,0,-3.830872456233294e-06
1316,0.185326531736595,0.19252764323799748,0,-6.7089968479699245e-06
1317,0.281307032897946,0.06627594156436113,3,0.013701249548240672
1318,0.3466846598988905,0.38384032202909485,0,-1.5791453891818213e-05
1319,0.02167848365076298,0.513699144608545,0,-2.4320426938190564e-07
1320,0.2323526798917208,0.07211787856303482,1,0.008348132083599311
1321,0.18215366182138418,0.4617286188678025,0,-2.0298823546181553e-06
1322,0.10985602062368084,0.3936979113407509,0,-1.94752825473912e-06
1323,0.1161526909333398,0.2833883492274784,0,-6.209118577924376e-06
1324,0.1266614500478977,0.23501198802872672,0,-1.0826512786940639e-05
1325,0.2794675107677184,0.5802531249238506,0,-1.6388926744982796e-06
1326,0.25264788840695196,0.036037839638525644,4,0.0189783028787748
1327,0.26109597543877844,0.35000704224248097,0,-1.270892479003862e-05
1328,0.14742188671616127,0.19658732209574517,0,-1.5747039557595528e-05
1329,0.23745502018803513,0.4498300134013112,0,-3.963779004325925e-06
1330,0.07067258960382049,0.26062831578219786,0,-4.966938524097372e-06
1331,0.24663803902493933,0.26023166883266124,0,-1.05372963500475e-05
1332,0.16180193864128814,0.11605594325662225,0,0.00014546411882785664
1333,0.1559908005467401,0.036803701847709445,0,0.0031577205092237996
1334,0.016823754634611332,0.5575501227655516,0,-1.4944125324525107e-07
1335,0.3096165150138581,0.4150584918630263,0,-1.1065428087720991e-05
1336,0.2600726101276124,0.28259817133441456,0,-1.359102030392355e-05
1337,0.06061991794655673,0.5567810374441987,0,-2.3323737407510235e-07
1338,0.30635313501281464,0.40583302818081063,0,-1.1647978288641785e-05
1339,0.2266973261908047,0.33631129791181,0,-1.0687063948000411e-05
1340,0.07191645358675705,0.19113954650515266,0,-9.827234126731107e-06
1341,0.23666093372544336,0.36194288316700723,0,-9.265697754974937e-06
1342,0.13451325519296703,0.34395525059903775,0,-4.089554850171512e-06
1343,0.04997411156908971,0.07284477495468888,0,-1.319621674929726e-05
1344,0.23521717939135328,0.2881144466075107,0,-1.5664064008454327e-05
1345,0.052805951326875274,0.39598696585224663,0,-1.0769515904679954e-06
1346,0.10402266994962897,0.28822083922582914,0,-5.255355294249242e-06
1347,0.3196069953213892,0.08133946560416645,2,0.011156854671476467
1348,0.26672973665534605,0.5142597705665798,0,-2.7904419329057443e-06
1349,0.10840970289201216,0.21180928697903398,0,-1.130611211026889e-05
1350,0.18352859889018236,0.23046112310765826,0,-1.5795073038265967e-05
1351,0.08407775582834784,0.02976329492081331,0,0.00023054573815863957
1352,0.15830260844448718,0.22271076133975062,0,-1.4965127776228759e-05
1353,0.05113460244813722,0.440067549696362,0,-6.815866629915087e-07
1354,0.005857999085186232,0.2429046924608731,0,-3.1118511422349168e-06
1355,0.08863625597065768,0.5129357106173419,0,-4.783296420808659e-07
1356,0.14221026098907896,0.1044938224716377,0,9.718211885389621e-05
1357,0.17039576928081643,0.1386308394355306,0,6.807114190768793e-05
1358,0.14874369207163785,0.3085160011643791,0,-6.675240887909279e-06
1359,0.26727191040785325,0.5870607274589362,0,-1.3557769343702281e-06
1360,0.030364783834174233,0.16005338973150518,0,-8.92375585461265e-06
1361,0.2844166161421922,0.1893199967009194,0,0.0009884572669189102
1362,0.2424965121404108,0.24321590763749285,0,-2.281738300323014e-06
1363,0.32943810060724965,0.4760560197002819,0,-7.550264649405943e-06
1364,0.009741389983547687,0.29905793557865373,0,-1.8461951843800335e-06
1365,0.03622822828320395,0.35537268179153325,0,-1.3697912648748057e-06
1366,0.11217521305131037,0.5590686308448003,0,-3.8147742919606927e-07
1367,0.253976575412315,0.36676313911511643,0,-1.038286073225597e-05
1368,0.14890910128893464,0.13789119239702352,0,1.3325188877558881e-05
1369,0.20237061969373404,0.36619382755633795,0,-6.409410537870466e-06
1370,0.11805801803829916,0.0024421279096616733,0,0.0029695534579655134
1371,0.11393617237884385,0.13478246431084065,0,-1.2715106897759576e-05
1372,0.054808784452886915,0.45046203554603326,0,-6.372607498762249e-07
1373,0.21127176869999192,0.3959998514896447,0,-5.217293657860957e-06
1374,0.19039958102562776,0.017353692360098958,3,0.014811260616152977
1375,0.0803843340462792,0.5782643049800688,0,-2.2920715134956186e-07
1376,0.3422898215065815,0.41577200702337197,0,-1.4191443129485248e-05
1377,0.12868312259721118,0.40003879682801546,0,-2.205663035635558e-06
1378,0.05493127488988769,0.37291344724442615,0,-1.3854904624635826e-06
1379,0.3335933767818695,0.3172372684409574,0,1.7862705194234495e-05
1380,0.0627908520310774,0.4123722156424793,0,-1.0100645815171333e-06
1381,0.30198768779418284,0.017059258281144518,4,0.024490603173272896
1382,0.19935895100895704,0.026323974505618453,3,0.013940829642695975
1383,0.32659549520950043,0.10527111483259396,2,0.008999878400162876
1384,0.11549203637622925,0.20257559587021534,0,-1.2915913614733103e-05
1385,0.2998324138638874,0.5350154601892073,0,-3.1535831932165763e-06
1386,0.2617682854367416,0.29079704880291274,0,-1.4850167645910209e-05
1387,0.0914112703544918,0.44231182391972523,0,-9.96452994476935e-07
1388,0.3417067448099105,0.30220933402211586,0,8.674303636805145e-05
1389,0.11571627815591484,0.48021053851740514,0,-8.695144258944951e-07
1390,0.3205540028825535,0.06477345561334592,2,0.012939347276986658
1391,0.20242552019275295,0.1126092872715258,0,0.0009506952916834085
1392,0.049956728740241145,0.1975172889491449,0,-7.526063031998921e-06
1393,0.0076977262482197766,0.5075743225489548,0,-2.2486267381105935e-07
1394,0.023886937388449356,0.22327172955713304,0,-4.526414502527042e-06
1395,0.3237271514445509,0.03841658109871169,3,0.017352746113844755
1396,0.273357824864832,0.3523743594377852,0,-1.3678750886663046e-05
1397,0.05106474512324424,0.4593562544493685,0,-5.616313106111152e-07
1398,0.11899908019815052,0.5816167060457103,0,-3.259429291917768e-07
1399,0.1958089789960467,0.038099195503360224,2,0.009609838810123734
1400,0.09037675816307503,0.32506727365988825,0,-3.182493108747233e-06
1401,0.3178685718691371,0.58218805977402,0,-2.3569337799814114e-06
1402,0.0705588722738971,0.1603433199123876,0,-1.2654821414385921e-05
1403,0.23623449185667908,0.1860051952984616,0,0.00016911479887067834
1404,0.26874805682368036,0.16955629383931556,0,0.0011848635312081913
1405,0.2505002637889315,0.15341802061256193,0,0.0011442645993074237
1406,0.19384456630738583,0.5765068742773203,0,-7.241662877285454e-07
1407,0.2158014892586019,0.1533565582688027,0,0.0003016867632982658
1408,0.26200460846217166,0.16707535609096072,0,0.001032306034070535
1409,0.1435512959218774,0.511458141106178,0,-8.399903792629513e-07
1410,0.1583954455411673,0.4787579170352323,0,-1.350858672744687e-06
1411,0.033281353851713096,0.10338039065837039,0,-1.4514766425549843e-05
1412,0.03134350528020315,0.21185180401608708,0,-5.455804002911343e-06
1413,0.23048024462620428,0.455131742178684,0,-3.5083716658897697e-06
1414,0.19456722107099692,0.515780463727538,0,-1.338561650231923e-06
1415,0.12330317717380036,0.2853844266319845,0,-6.529485160563353e-06
1416,0.18921369921195422,0.17568097907140218,0,1.6914706922791173e-05
1417,0.11187404190417231,0.3923374240623742,0,-2.014340649448387e-06
1418,0.28680952546980276,0.031798246510223914,4,0.020305697367510044
1419,0.04302696324697112,0.08703969071562542,0,-1.5737227069589753e-05
1420,0.34342591800889327,0.5292160734781646,0,-5.1452454638880714e-06
1421,0.10139227604628133,0.058573335360178454,0,0.0001301195020001485
1422,0.08312145361986668,0.2651209608337411,0,-5.3724320300511955e-06
1423,0.1209346343245591,0.37770405687482206,0,-2.5519142873757526e-06
1424,0.07930511538821665,0.2936855723587876,0,-3.896907657577516e-06
1425,0.017404657545843364,0.39119514951508183,0,-7.933174666007499e-07
1426,0.17242449759732442,0.46769535288769853,0,-1.7355177542609024e-06
1427,0.10472075913534636,0.1019903715275666,0,2.4897755569420105e-06
1428,0.0003523531128410917,0.29041290072795134,0,-1.8326933731005871e-06
1429,0.14091597533483144,0.48909774693789776,0,-1.0231624053363906e-06
1430,0.198995987545333,0.12322943170079885,0,0.0005426541056052531
1431,0.029188705556840236,0.18381331588628116,0,-7.03070240384454e-06
1432,0.035972929471447646,0.13142888197502325,0,-1.2096622485991974e-05
1433,0.27859595119808706,0.09937420553114285,2,0.008840392316152629
1434,0.12234336837658072,0.4341718489575534,0,-1.472020898948771e-06
1435,0.23716496745818486,0.13607412496368457,0,0.0013623171484173806
1436,0.1496241244902435,0.41813081018292725,0,-2.2685461734195698e-06
1437,0.21528591374923656,0.24052985223139725,0,-1.406688273146965e-05
1438,0.1110127105307192,0.10890257858140799,0,1.7606386913026228e-06
1439,0.26367803860817574,0.5308062854461334,0,-2.2947499755315046e-06
1440,0.10208701193570889,0.1943181213045182,0,-1.2407714136388677e-05
1441,0.27326765246237517,0.10435679394862958,1,0.00771752350475837
1442,0.17498914700501855,0.3474582428385277,0,-5.8918578566002184e-06
1443,0.1555157121244746,0.12054702889228978,0,8.276447435813568e-05
1444,0.16580100115183655,0.1461750196093128,0,3.0108573255838344e-05
1445,0.32928930939296686,0.4706339919031272,0,-7.94235536888645e-06
1446,0.06594167580057309,0.35320566446124957,0,-1.8832153536077941e-06
1447,0.32444698679807166,0.13710002381282327,1,0.006827126819520719
1448,0.2826561760491896,0.031209112022367536,4,0.020543330503733675
1449,0.1352075673197829,0.11764152111459492,0,2.6064885994601036e-05
1450,0.14968854922108454,0.49811685619485485,0,-1.0205001629645803e-06
1451,0.18222757675216403,0.18135440615630274,0,-1.408353837137882e-07
1452,0.08308683741499799,0.430169438971543,0,-1.0353451505162898e-06
1453,0.1897752069603955,0.3375754087909535,0,-7.491054119439855e-06
1454,0.19075410365942114,0.45353730741376247,0,-2.400204254588363e-06
1455,0.07334906123609226,0.0968022684289566,0,-1.3373433531301552e-05
1456,0.022221600305388084,0.5668740590103781,0,-1.4367961628206386e-07
1457,0.11821240978398755,0.17925932472428216,0,-1.5201630574437456e-05
1458,0.22308051342316873,0.577826866220116,0,-9.567917234869625e-07
1459,0.33053534266421886,0.06864400892313915,2,0.011993503674059531
1460,0.1945446452562439,0.4025158148390078,0,-4.145064644920377e-06
1461,0.020752330048609068,0.5627780584412384,0,-1.475059413007014e-07
1462,0.11784487935440706,0.008752377609387007,0,0.0023024739393458318
1463,0.12413175224458876,0.4267081080985766,0,-1.6146131759070287e-06
1464,0.25951905301940315,0.5516763592660415,0,-1.7872612384505466e-06
1465,0.17574178719924757,0.47823728502761564,0,-1.614520249849443e-06
1466,0.1621658234916168,0.5476593691728494,0,-7.043307246412631e-07
1467,0.021660514535849426,0.5090109773887271,0,-2.548316681323178e-07
1468,0.2484330801207059,0.2675232327131513,0,-1.2593261732093807e-05
1469,0.05009059665502631,0.4140361390591552,0,-8.750634315815839e-07
1470,0.14806061919081337,0.07133138107539412,0,0.0005979928179665952
1471,0.20868781314716983,0.4168405393606403,0,-4.136360568999563e-06
1472,0.3000335934639173,0.3944914288868567,0,-1.2147238386451986e-05
1473,0.3204323009440794,0.5942309721870926,0,-2.143932673519446e-06
1474,0.2558482572811826,0.49177154355327796,0,-3.1337551858313784e-06
1475,0.039004255996326086,0.18754254379871851,0,-7.456445057807465e-06
1476,0.2703895170135756,0.1038617105940451,1,0.007525686602514104
1477,0.07706861743875681,0.5643800249175432,0,-2.547672514417826e-07
1478,0.1434517633098225,0.10965417834945121,0,7.807006560801684e-05
1479,0.08363522389332517,0.11141534402440678,0,-1.4327086531948567e-05
1480,0.020280387277408718,0.07593828766621613,0,-1.550739088475584e-05
1481,0.3351243176589136,0.049808229765641275,3,0.014487640034199455
1482,0.06627124599299747,0.18132719095275526,0,-1.0207010258371556e-05
1483,0.16808204882282177,0.2503232145788771,0,-1.3383127028637877e-05
1484,0.17698859179671805,0.16422743091005865,0,1.5793719846875792e-05
1485,0.11269133741263321,0.4349748694451258,0,-1.3261261723453577e-06
1486,0.18199870625279696,0.4564904790949357,0,-2.135640808156226e-06
1487,0.10950545938316608,0.06822553803267858,0,0.00011967446608646828
1488,0.0318379423171503,0.5116086301669954,0,-2.74867480144501e-07
1489,0.24042484446955045,0.12906834919482316,0,0.0019399984214412667
1490,0.32952581512042445,0.23383567569765087,0,0.0009050013332697629
1491,0.30448963375836874,0.26940109694410386,0,7.18018843276628e-05
1492,0.018043875473190512,0.2974559688910724,0,-2.0381115617088526e-06
1493,0.006222436456948438,0.36004454117988216,0,-9.687552156155401e-07
1494,0.06347116361124246,0.008549317578525395,0,0.00023916156569455977
1495,0.2334620211236638,0.42457246105746366,0,-4.895668339319828e-06
1496,0.07026794821303509,0.23001752027522104,0,-6.685254165867885e-06
1497,0.056073964553481195,0.46991207057930817,0,-5.312970796702738e-07
1498,0.08386520701028705,0.09952657710116798,0,-1.0792775690929196e-05
1499,0.02471070427735526,0.5487527879019308,0,-1.765598191139018e-07
1500,0.14608846747622725,0.47150152632574305,0,-1.2846079747989571e-06
1501,0.03520832041785854,0.2984582683637667,0,-2.394818940544475e-06
1502,0.22272400208163218,0.3176306051034052,0,-1.2120476407996726e-05
1503,0.298786642217841,0.2737645252569068,0,3.864492945453561e-05
1504,0.048247602544542016,0.07126745841262838,0,-1.3234249936948766e-05
1505,0.18939748454307723,0.49579755528420566,0,-1.5523377107472471e-06
1506,0.21255720253294935,0.1781214474797864,0,7.668939479314312e-05
1507,0.08242535595820114,0.5161280579193632,0,-4.3543802118948477e-07
1508,0.3009571996882846,0.4013299589897516,0,-1.1561547675223633e-05
1509,0.288111155906464,0.27744791017827114,0,1.0002781430599792e-05
1510,0.11677406070214355,0.3847727294214216,0,-2.2813204753821147e-06
1511,0.22076506399885534,0.5724042116852228,0,-9.8702327239841e-07
1512,0.19564792544725504,0.2290351131468967,0,-1.5260421159399052e-05
1513,0.09602395121209026,0.2798528341612316,0,-5.275223346132939e-06
1514,0.027792431009171968,0.33389571739472557,0,-1.5606959902051632e-06
1515,0.016021620617309097,0.12711691364997396,0,-1.0581556063489343e-05
1516,0.22041540341883975,0.06242164098105676,1,0.008462613408282462
1517,0.3234047558902935,0.023624829397587165,4,0.021509929789125252
1518,0.20009010568590835,0.013661898137084539,4,0.018752444204365233
1519,0.07847333895402057,0.43423602476680906,0,-9.4933367724274e-07
1520,0.2418500362234352,0.41790833568895136,0,-5.679087181372428e-06
1521,0.34278310416230284,0.5645729535037363,0,-3.5995747462655913e-06
1522,0.29287756765200385,0.34914301222362626,0,-1.5520465304874692e-05
1523,0.3108779717344004,0.3535003810573037,0,-1.5894813913979343e-05
1524,0.017549477489540437,0.26428230733594266,0,-2.824803715663111e-06
1525,0.16776752205123796,0.26628985879588324,0,-1.1773564346628218e-05
1526,0.3314118072835467,0.25684871010745924,0,0.0004193047646951162
1527,0.1293363252404878,0.5223004786558659,0,-6.539702390810456e-07
1528,0.03466492625351977,0.17632121208151605,0,-7.966589467495872e-06
1529,0.1482784714169781,0.427555862439496,0,-2.037156091810459e-06
1530,0.3381214722452401,0.2784552865847767,0,0.00022594531467546984
1531,0.18795283851553768,0.5705224734393143,0,-7.24911958231089e-07
1532,0.20261624485395194,0.10719671888951494,0,0.0011806218550862555
1533,0.290313841422379,0.324254851817203,0,-1.547376448657994e-05
1534,0.30928621910990767,0.5476711666300247,0,-3.0537541717532416e-06
1535,0.32766395008782795,0.06329692000087668,2,0.012793065911299834
1536,0.19267965892359776,0.5965884020253086,0,-5.855842588525373e-07
1537,0.07130303262486737,0.5379602360180581,0,-3.132365226677291e-07
1538,0.1973387183333011,0.19412345473859927,0,2.1329951065716612e-06
1539,0.08445366515117729,0.4307456001265813,0,-1.0435434777171613e-06
1540,0.13134025222410994,0.5254310845371154,0,-6.466246893160886e-07
1541,0.32596645610114955,0.5454773412935959,0,-3.6838895302831486e-06
1542,0.03657502670869915,0.3739279750226462,0,-1.1417938924657634e-06
1543,0.13372761302442673,0.46496879451703454,0,-1.2121365473031458e-06
1544,0.2016000786650922,0.18218506432939355,0,2.8609713792263418e-05
1545,0.11555628294366217,0.5980444293849547,0,-2.672206886498043e-07
1546,0.11558969436871606,0.29505400164220236,0,-5.505719512883838e-06
1547,0.3416437287498712,0.20523204077030358,0,0.0027312533139895296
1548,0.3081947643950777,0.5121857880676945,0,-4.300588223856304e-06
1549,0.24898079949708463,0.23421980450681246,0,1.7691525609291046e-05
1550,0.20798635421099143,0.3938240368642496,0,-5.160767748591287e-06
1551,0.20011894008030945,0.07630138020988671,0,0.0033192002656702957
1552,0.1763890640721774,0.18933432320913626,0,-9.878004983766115e-06
1553,0.09831700442558658,0.09022572685293113,0,9.40954686278932e-06
1554,0.21966594436969789,0.266490955828441,0,-1.5816359704501478e-05
1555,0.17320114756993205,0.30279327305721526,0,-8.912258289457953e-06
1556,0.3034594895311007,0.5143842687901893,0,-4.014799572845039e-06
1557,0.1607589925281849,0.2466953897684474,0,-1.302224474235303e-05
1558,0.2061391278899042,0.46542972747247524,0,-2.484638771738972e-06
1559,0.16938402538184347,0.16508862908659913,0,3.691968036643288e-06
1560,0.1298805342292001,0.35712039787211103,0,-3.425765806792915e-06
1561,0.2097146273732328,0.06950876454634422,1,0.0054357135766662235
1562,0.19705578333274051,0.33227320105313424,0,-8.447769121952787e-06
1563,0.2462628510651565,0.12145891285889626,0,0.0029586434086167
1564,0.10693505485058963,0.4029459897052977,0,-1.7245787730212459e-06
1565,0.02834614842560208,0.4430382485795829,0,-5.269480287345449e-07
1566,0.2362698168690407,0.2977115084884561,0,-1.5183868197459482e-05
1567,0.2798585443628685,0.5273320222814466,0,-2.7911442620877226e-06
1568,0.2369328324433831,0.45227012205514944,0,-3.84872094174306e-06
1569,0.16629790179146117,0.17542742432669595,0,-7.795292200613017e-06
1570,0.21375039939533827,0.46346166761769203,0,-2.733557195386525e-06
1571,0.15603303960506948,0.4833536697570265,0,-1.2601348906758264e-06
1572,0.2416197061296965,0.48532097149680387,0,-2.900772937170945e-06
1573,0.21473055071842884,0.3292602016888611,0,-1.0230114783746236e-05
1574,0.01023025987303589,0.15700865178206294,0,-7.586429887516203e-06
1575,0.21640050870368607,0.4340154031814097,0,-3.7641807441195633e-06
1576,0.16992275772625423,0.37603348973606,0,-4.224495118065186e-06
1577,0.03326982172654733,0.4631980778258692,0,-4.524552620306579e-07
1578,0.16266347307229906,0.572563469891733,0,-5.518099318479159e-07
1579,0.27501554288775343,0.26668615762190634,0,7.057322696052993e-06
1580,0.2673943368787916,0.20684769602924874,0,0.0002605806369676
1581,0.33708797874498797,0.2509135033375958,0,0.0006386158482520301
1582,0.19425123665071384,0.4128445099472609,0,-3.7294339549911835e-06
1583,0.3496441688905009,0.17582032346573634,1,0.0048443415235208806
1584,0.223331719130765,0.44943632516748516,0,-3.458491954007226e-06
1585,0.22484523873026677,0.39759834329042665,0,-5.869121396156606e-06
1586,0.2192684327207891,0.004453846916796555,4,0.02652766616626005
1587,0.05051095714383746,0.1983353775957431,0,-7.506893161751061e-06
1588,0.13223480022917505,0.11994628768375037,0,1.5714187250258534e-05
1589,0.016663627105684902,0.5934183035906958,0,-1.042329068065731e-07
1590,0.23844587639792383,0.3800174823434979,0,-7.944275656748252e-06
1591,0.33019634096268474,0.4812892881040416,0,-7.23087120029801e-06
1592,0.22995088452834891,0.1822634975198492,0,0.00015067050046692096
1593,0.2145123345376094,0.16850128363623965,0,0.0001409364082397691
1594,0.07382581642628362,0.40502722690986465,0,-1.213667539539673e-06
1595,0.08683225810989617,0.2559371916727032,0,-6.099169810687258e-06
1596,0.07270264809101151,0.045138111531555065,0,5.56099539566517e-05
1597,0.015318547760071648,0.5709985682554665,0,-1.2868724266367572e-07
1598,0.12671041001807823,0.22104609349439883,0,-1.2195018394218273e-05
1599,0.13433769809822507,0.49214566842806284,0,-9.293721786227087e-07
1600,0.1835006433219296,0.48965777114035136,0,-1.556280327717877e-06
1601,0.00872099036269694,0.15293158845871643,0,-7.776156407625051e-06
1602,0.31672989125576817,0.579196260554955,0,-2.4010154229657254e-06
1603,0.2442529838725806,0.06041627416006623,2,0.012491896422367777
1604,0.15408611898201202,0.5573181396681908,0,-5.899352731927917e-07
1605,0.07186545407112349,0.33480951828496225,0,-2.401036575818887e-06
1606,0.3179812464205545,0.31623494218410625,0,-1.0920056571971484e-06
1607,0.16676957724355457,0.04092050055121683,0,0.003913542081155738
1608,0.1047881481004172,0.0005551912215219889,0,0.0019310542829664744
1609,0.27735850079612145,0.06719027571630617,3,0.01349566453183854
1610,0.13821194298017056,0.18252567807801917,0,-1.57724950929812e-05
1611,0.13410902501134028,0.1513668529305638,0,-1.1554153321374532e-05
1612,0.13250945318952395,0.13270060855055657,0,-7.467026416313153e-07
1613,0.30280986121724274,0.4469345934583106,0,-7.739354918767463e-06
1614,0.3159409974564836,0.3330469590622597,0,-1.2285670428492577e-05
1615,0.18201311869554274,0.27531245971079504,0,-1.2288263854560459e-05
1616,0.2854262254855148,0.23627702160046415,0,0.00015160702078474255
1617,0.32005579955889324,0.18714842560733613,0,0.0027768628730649005
1618,0.1260335940112307,0.06651553664810951,0,0.00028673255589785026
1619,0.33400544818813127,0.48328662138241907,0,-7.357806392886954e-06
1620,0.20867379883638656,0.11713104479680748,0,0.0010064035949656366
1621,0.04660933520116415,0.4225495393371617,0,-7.761909617978013e-07
1622,0.3170030411607248,0.2792233082518745,0,8.193542585283374e-05
1623,0.13502497824045617,0.27092233887854605,0,-8.403570773095604e-06
1624,0.3111366108747168,0.17052277402560861,0,0.0034740987588330564
1625,0.328183908479554,0.3628870428616391,0,-1.5608932588799913e-05
1626,0.12925576795057508,0.09434539122366423,0,8.388590690168694e-05
1627,0.22694187783624548,0.5058327383567082,0,-2.042002503452801e-06
1628,0.31854322222351716,0.4018871426844241,0,-1.324878896665972e-05
1629,0.17011295462223522,0.060436722056857545,0,0.0021521553902496
1630,0.24002310768581547,0.45325564017464653,0,-3.929882328575717e-06
1631,0.07688007771429892,0.540159385361146,0,-3.239751550521596e-07
1632,0.2947007634904263,0.039059092208087585,4,0.01835497185483245
1633,0.10677057853675163,0.39962748541335374,0,-1.7798159932325889e-06
1634,0.16109918262083325,0.13116896135602352,0,6.139041654964831e-05
1635,0.0565423963770301,0.3576684425243663,0,-1.639751876693799e-06
1636,0.09866627504162852,0.037453916492401595,0,0.0003148704453314477
1637,0.26175329521060586,0.052407137987533804,3,0.01565509314906128
1638,0.2869507453065067,0.31005110643879524,0,-1.382548719548859e-05
1639,0.1610670059812001,0.09657629601413173,0,0.0003487810007992431
1640,0.05749211057364805,0.5620474382493016,0,-2.1446652367317785e-07
1641,0.30123334842555727,0.470823012188093,0,-6.042641972795522e-06
1642,0.18441574774438985,0.0031253475689865472,4,0.01886623665578026
1643,0.0690720926026405,0.18520396832755728,0,-1.01078829929144e-05
1644,0.021277482311742955,0.48138208983557496,0,-3.346421969190107e-07
1645,0.10291410188473314,0.12047524595093803,0,-1.158838832934853e-05
1646,0.20859438535326394,0.20897374013072176,0,-1.6027748626184717e-06
1647,0.20569445839227962,0.5853974984911207,0,-7.457554860684493e-07
1648,0.20861164332635532,0.2838886280253375,0,-1.404019901270406e-05
1649,0.08456302628677198,0.31751307094975995,0,-3.2384877503403834e-06
1650,0.1625632873881795,0.4413732384450679,0,-2.046185485838318e-06
1651,0.003349383370538644,0.5877755325638493,0,-9.65490744664097e-08
1652,0.17070538036221222,0.22866712261877864,0,-1.5397173874063705e-05
1653,0.2532305497772973,0.5040416451671156,0,-2.701395648432424e-06
1654,0.006261646966126393,0.2320026460765002,0,-3.4831622851468025e-06
1655,0.044363316580818005,0.2582934590217728,0,-3.916230890171617e-06
1656,0.19783385759211922,0.41359441459845186,0,-3.835802038578623e-06
1657,0.22016175787881284,0.2758319424061177,0,-1.5531548960640855e-05
1658,0.2780682379029508,0.04887729060548707,3,0.016673248359478365
1659,0.047985697809200534,0.31978604393806265,0,-2.1984119437734565e-06
1660,0.31513088481928675,0.5726418622455894,0,-2.5228779418949334e-06
1661,0.0570566591017044,0.0026720252806474274,0,0.00023367448140502583
1662,0.17818011618213217,0.15677288561024014,0,3.41678089966823e-05
1663,0.31985027644055547,0.2566795433259135,0,0.00027005438100407794
1664,0.13685187571487853,0.09838973058591764,0,0.00010151666030457128
1665,0.2728849844551197,0.3123807247965121,0,-1.5777705410854375e-05
1666,0.21703112937795233,0.11284802819706369,0,0.0015928304383823505
1667,0.08256548721387812,0.5052806310996536,0,-4.860065488944113e-07
1668,0.33404276410460865,0.4924233916350319,0,-6.736187815890675e-06
1669,0.039098470521649845,0.544390315633348,0,-2.1293794616408917e-07
1670,0.16468356550103982,0.230341173843028,0,-1.4869720612196092e-05
1671,0.14504394687538574,0.23475726712317369,0,-1.2650996994386287e-05
1672,0.0962866251454145,0.567495571569094,0,-2.99203055167768e-07
1673,0.2984637948305511,0.47998448841285946,0,-5.373636547807571e-06
1674,0.3348551860634096,0.32447297101612327,0,8.40944433314477e-06
1675,0.09173778569071359,0.283073708530645,0,-4.898025651531722e-06
1676,0.2692172532679317,0.33467063479990206,0,-1.4887591236495951e-05
1677,0.014207013155450232,0.010161602823625904,0,4.455048175073527e-06
1678,0.029740283143516302,0.3262957526318581,0,-1.7169563715380252e-06
1679,0.16879470102263844,0.44902607048126536,0,-2.0171055811395694e-06
1680,0.11616760181293236,0.41194440289062645,0,-1.7283782791592984e-06
1681,0.2201125464358199,0.21871855436042917,0,-4.434767627802966e-08
1682,0.22623695201564523,0.37420998584748705,0,-7.472552941320621e-06
1683,0.16769173441848886,0.1177981132157912,0,0.00017741550859754932
1684,0.13078116782262128,0.39427015304930374,0,-2.3859003498641072e-06
1685,0.09773801459138934,0.024567369093902645,0,0.0005348182795759691
1686,0.012560521143267177,0.11921872163474087,0,-1.100374213573779e-05
1687,0.23164115400027874,0.17775419658673924,0,0.00020171921553564857
1688,0.31573258234060925,0.25797994857689677,0,0.0002153323824103338
1689,0.16879643327246507,0.5890415595579868,0,-4.975344307166927e-07
1690,0.2587832588643265,0.26078656213226037,0,-3.5540029255828943e-06
1691,0.2073012463458693,0.3266547835003755,0,-9.792901718987138e-06
1692,0.1989488550172805,0.5494305650915244,0,-9.989168079017745e-07
1693,0.003920721217026018,0.2445145665481881,0,-3.003711155458695e-06
1694,0.142285339760644,0.43212592734994354,0,-1.8332619058033268e-06
1695,0.14244958848430814,0.459535780795051,0,-1.396204418726669e-06
1696,0.04462984089217428,0.5940692847876855,0,-1.3693008774466507e-07
1697,0.08017419198253019,0.1110597909266731,0,-1.4824228573168103e-05
1698,0.24361007411578775,0.1768578985253125,0,0.0003512478258792967
1699,0.07857896981091404,0.3921354301756838,0,-1.4477259958345651e-06
1700,0.09681601024674587,0.2733448131967856,0,-5.669034397469314e-06
1701,0.25273840248448715,0.41399467946152807,0,-6.5644686373120716e-06
1702,0.1646618970317898,0.5394010853486584,0,-7.842566129110227e-07
1703,0.17443566682903996,0.30218155117105217,0,-9.067391491356162e-06
1704,0.045339848315975255,0.36823088244187197,0,-1.319289188559369e-06
1705,0.3485412728751392,0.4141790461626523,0,-1.4876209515455725e-05
1706,0.3448244767805956,0.09732385144632653,2,0.008819002942353348
1707,0.046723538135047094,0.3089606015470416,0,-2.4188366724311987e-06
1708,0.23575219644800802,0.06185068404571345,2,0.01103389698086094
1709,0.11386163214971168,0.3631295559135973,0,-2.7506896883188855e-06
1710,0.2543125718412343,0.17598798408692654,0,0.000556344627671776
1711,0.10041302945163359,0.3723763437355643,0,-2.1932750304231926e-06
1712,0.14063998745085374,0.15664808825830098,0,-1.1086889352081952e-05
1713,0.08447400811239394,0.2947242394333693,0,-4.060057634206272e-06
1714,0.05573312411502906,0.23560677879658454,0,-5.488408752085675e-06
1715,0.00621370056057911,0.18155970522937886,0,-5.742126320935626e-06
1716,0.08268819661337198,0.33835684139771405,0,-2.581605435318248e-06
1717,0.20603709792249086,0.5103922788509423,0,-1.5838943600730713e-06
1718,0.05382382279770584,0.095879392431988,0,-1.5698280786943353e-05
1719,0.15020612191897426,0.5567378338268665,0,-5.708234832762412e-07
1720,0.340198831074977,0.5091503372430574,0,-6.073790968173775e-06
1721,0.16531690991627812,0.05518225105446315,0,0.0022103610084808476
1722,0.22355132281824672,0.3904279296029787,0,-6.2177392084673315e-06
1723,0.24048292409436275,0.3730426443276496,0,-8.654316372395592e-06
1724,0.19705913809634204,0.08572323800352911,0,0.0021592445019112043
1725,0.05279567862472709,0.4061000437759429,0,-9.7327521890854e-07
1726,0.28827949244310364,0.09870387466226656,2,0.009478230300850163
1727,0.34306322388308674,0.13610167837196727,1,0.006869684383318909
1728,0.03327033974159777,0.5467263411755994,0,-1.9625710144325978e-07
1729,0.24475342557826,0.3161745938947896,0,-1.438610465816817e-05
1730,0.14045081828887807,0.4727403996269492,0,-1.199369902639055e-06
1731,0.0650244238803698,0.5446561406476332,0,-2.751437864888146e-07
1732,0.2543935993572163,0.4031880692974446,0,-7.408543553757901e-06
1733,0.09668017833062191,0.29657945483845444,0,-4.4990035458574354e-06
1734,0.3400635783850555,0.16805926931207743,1,0.005075924979863089
1735,0.037613413806875,0.2768275216713135,0,-3.0442136833579453e-06
1736,0.08390532790763562,0.2289873665300054,0,-7.704172647507216e-06
1737,0.25748921242323225,0.5985881642509944,0,-1.095898582880225e-06
1738,0.21819487966754242,0.022551733868156832,4,0.019256605158404442
1739,0.19123626511031358,0.3769411331903589,0,-5.169395344160177e-06
1740,0.0330692746880257,0.45931335027060216,0,-4.694360993634326e-07
1741,0.026591872270372095,0.49511557985004473,0,-3.0760445242625115e-07
1742,0.3481062238024078,0.1507116769298902,1,0.006116339518773817
1743,0.08194400166766534,0.5417086327741835,0,-3.3554235923238114e-07
1744,0.11217742438268076,0.4392444742401496,0,-1.2642078609138796e-06
1745,0.10666114396207182,0.4464743218683957,0,-1.1130339879799071e-06
1746,0.31167852462297585,0.3263128110788594,0,-1.1366642509794188e-05
1747,0.15859468460470427,0.45593094540978263,0,-1.7004721951143561e-06
1748,0.08544446273194473,0.22588805507361662,0,-8.054091677153713e-06
1749,0.24589010222384405,0.47810884919502844,0,-3.2524071055149408e-06
1750,0.0431961326942607,0.3727750900670121,0,-1.23398846581684e-06
1751,0.1770576034355602,0.12389087302399457,0,0.00020568961448782662
1752,0.2009960388903643,0.13320965301671828,0,0.00038675023059648895
1753,0.10127654780483966,0.11708114899503967,0,-1.0892644815476504e-05
1754,0.2626023750801917,0.18493238663654668,0,0.0005348308177657035
1755,0.046687157198222064,0.31908909801656643,0,-2.1852723593778515e-06
1756,0.14789947555551414,0.181518092097903,0,-1.5222286400836643e-05
1757,0.27943864848377464,0.31324913864101867,0,-1.5441634032738607e-05
1758,0.018337280250327728,0.5291259487078428,0,-2.0159483183910495e-07
1759,0.27213528344065846,0.31901739520464895,0,-1.5850813742913394e-05
1760,0.15279398904988034,0.5480992428196368,0,-6.38609153575023e-07
1761,0.11163433316288902,0.36488461163077207,0,-2.643567403506757e-06
1762,0.18172131391145877,0.10494458597878369,0,0.0005778733415652942
1763,0.1918378372818472,0.3650143800612595,0,-5.848995392456181e-06
1764,0.29997725151200166,0.5252324082851435,0,-3.481515850432481e-06
1765,0.2754779140358426,0.5709161142774255,0,-1.72900363496461e-06
1766,0.2986887354648708,0.03518944248239118,4,0.019119975785337508
1767,0.2985626831092271,0.15962347231332355,0,0.003545912799936163
1768,0.047776589169246375,0.27637593624374834,0,-3.3837289424158814e-06
1769,0.1639165237930308,0.521331473171102,0,-9.32588266235762e-07
1770,0.3480425545068291,0.38803186957371233,0,-1.5896774317471888e-05
1771,0.19368868010838838,0.5670059426123281,0,-7.950920249290103e-07
1772,0.23197515346748815,0.48403461189595637,0,-2.6692024066563525e-06
1773,0.23910561518678064,0.37005954997485524,0,-8.786511892587155e-06
1774,0.03640165624165729,0.11915585282281493,0,-1.3350020625204779e-05
1775,0.13312472559213467,0.2121222708116853,0,-1.3699889293918895e-05
1776,0.006583769824131408,0.22481879008108288,0,-3.753569785559708e-06
1777,0.18413503106346232,0.15148749209485074,0,7.092278060545787e-05
1778,0.29429182361460654,0.13569371299354852,1,0.005557537468876784
1779,0.2987596428583104,0.056153041803811705,3,0.015024223910886324
1780,0.03074618465023485,0.19310648238808842,0,-6.520365722732729e-06
1781,0.03635626740950124,0.09696089516403207,0,-1.5230062441331451e-05
1782,0.23266438615971147,0.5557799715307089,0,-1.3123835202468352e-06
1783,0.17159462506073894,0.20974078123778708,0,-1.5602058559413138e-05
1784,0.30317839303379407,0.27207876897433697,0,5.6972880732364103e-05
1785,0.14212196390385534,0.29338848849532995,0,-7.251153081080139e-06
1786,0.2563347271081705,0.1780659987934026,0,0.0005533064204402457
1787,0.31939347526148126,0.28586478513249075,0,6.4366344199599e-05
1788,0.2952064852819268,0.04312345394014454,4,0.017475842565184207
1789,0.24084903915495093,0.5642413429093281,0,-1.3085414029756918e-06
1790,0.2586377735492455,0.05553180749550741,3,0.014847347907247418
1791,0.1839900949333344,0.13690127525955192,0,0.00015276296139315993
1792,0.24191284921632605,0.29265581354352327,0,-1.5745072922385726e-05
1793,0.1388472132606528,0.5454206187116599,0,-5.706852586769239e-07
1794,0.3357246053570786,0.19654030286578025,0,0.0029859017270007244
1795,0.23703955084634296,0.00336326420157933,4,0.029074106418868973
1796,0.26036354584179683,0.4858251151306421,0,-3.4777834064778804e-06
1797,0.3196988548772148,0.17122876333275885,0,0.003936844930055487
1798,0.029745331817207708,0.3644150964081072,0,-1.172932111909961e-06
1799,0.1947544215846642,0.08476708768534429,0,0.002066837576162804
1800,0.25825949236431517,0.5062333723191519,0,-2.778657894948171e-06
1801,0.2568501125316418,0.19446948432008265,0,0.0002861847687994338
1802,0.15958885193145558,0.19495795033517557,0,-1.5397827516751807e-05
1803,0.27674925169361464,0.29254402904612753,0,-1.1601079523069102e-05
1804,0.3023232408236903,0.4141600179021052,0,-1.0459409677528183e-05
1805,0.08562579629885213,0.49703120345640983,0,-5.441770820333736e-07
1806,0.19682904218629518,0.5012548744698484,0,-1.583054192886711e-06
1807,0.17056909364098302,0.08728403844847334,0,0.0007657284153228017
1808,0.05817159082476752,0.23690187510069866,0,-5.550461582577391e-06
1809,0.0605939776060217,0.3283346842828024,0,-2.2890448000989876e-06
1810,0.319635143442025,0.06695778232217377,2,0.01270761722416936
1811,0.2727206786940223,0.11018983284778198,1,0.006858235875377148
1812,0.04047577313737084,0.3761784785506413,0,-1.160737348465107e-06
1813,0.05844461676499895,0.5643388235588696,0,-2.116118879685497e-07
1814,0.29115851130500525,0.3942705854461277,0,-1.129613978065806e-05
1815,0.18210054290096242,0.4583971047488039,0,-2.0974742714838796e-06
1816,0.14843242819600824,0.03907123287403462,0,0.0022150330010150482
1817,0.32544627774176427,0.13427186334165217,1,0.007043624800266885
1818,0.004206908049934205,0.3212130503039321,0,-1.3998782254437434e-06
1819,0.015111006045073887,0.23053589129039084,0,-3.859711297698531e-06
1820,0.19293780396664834,0.505664806512103,0,-1.457110226608707e-06
1821,0.202776946972871,0.5216347560947029,0,-1.3702426476863494e-06
1822,0.319323933203548,0.43955156920211247,0,-9.688498920996195e-06
1823,0.19274082173824356,0.32014064589084823,0,-9.093400945432895e-06
1824,0.11340713368220978,0.29789342146707515,0,-5.2396222331446794e-06
1825,0.24406028469543292,0.2851594129948551,0,-1.5794639801992092e-05
1826,0.07676935893462135,0.1990511655160456,0,-9.55454299464623e-06
1827,0.2085017301743525,0.4627461095953173,0,-2.6129034363535763e-06
1828,0.2740523993986486,0.1919454004616282,0,0.0006238150096012858
1829,0.09221202522572014,0.04811203561388994,0,0.0001395084759921862
1830,0.019092147874372037,0.05402333601797384,0,-1.526622347157427e-05
1831,0.1483842046964257,0.38740605918127996,0,-3.04507040299527e-06
1832,0.12142395433661653,0.06328800325353445,0,0.000269972772842582
1833,0.037267497982845635,0.14704454707333972,0,-1.0703640789026723e-05
1834,0.17287005904228192,0.5506518182608066,0,-7.606539392525058e-07
1835,0.23214504615480866,0.18481069609940706,0,0.00014776670145288416
1836,0.22427588100183893,0.40981739956385754,0,-5.174016782010822e-06
1837,0.17895751587789088,0.40559475336849043,0,-3.4433347027913e-06
1838,0.1797593857276718,0.04924636265179807,1,0.004432066490631342
1839,0.02308791792902094,0.4273964245404043,0,-5.846380373307858e-07
1840,0.2005351812999232,0.48457672409079455,0,-1.940603503392974e-06
1841,0.30988525125621263,0.5731116983814596,0,-2.3832777670667344e-06
1842,0.2312310590270994,0.11795527999510999,0,0.0021231755588800813
1843,0.017017002744506154,0.22121974249429033,0,-4.315301980893633e-06
1844,0.2276305691730062,0.5508892164264408,0,-1.3106399384455612e-06
1845,0.1586340375654002,0.4534244698584531,0,-1.7442940861233353e-06
1846,0.07590952466633893,0.11655003329305885,0,-1.5657820814878993e-05
1847,0.1854161107519086,0.10799790743040276,0,0.000590858533752118
1848,0.06689551126056327,0.4426144317253114,0,-7.777173444212298e-07
1849,0.2817994525330308,0.1312133328971448,1,0.005057812676206956
1850,0.0714982807789165,0.3633831332373124,0,-1.7980869565630007e-06
1851,0.013518492422956673,0.05959683381716012,0,-1.574925775496206e-05
1852,0.06670466876831017,0.05229234219682686,0,2.044577066355499e-05
1853,0.14095136810507228,0.4115013145630888,0,-2.2230390854835266e-06
1854,0.01978493018901134,0.5694995865784036,0,-1.3659094727028898e-07
1855,0.23948962335390764,0.4648837673624311,0,-3.4818076164515676e-06
1856,0.12424147436131387,0.416467332434386,0,-1.7905975534240473e-06
1857,0.2550388299381367,0.10497906500349415,1,0.005761443054865076
1858,0.34743885844235933,0.29186080091762456,0,0.00018627451338347896
1859,0.20421326512993482,0.041986115394397845,2,0.010342193059119233
1860,0.32319926151116984,0.5621270770835234,0,-3.03615806335615e-06
1861,0.03966295405614793,0.4301926227792351,0,-6.708808325637668e-07
1862,0.10035831154105368,0.13614927582355318,0,-1.5380306011020284e-05
1863,0.32052596102952025,0.4116603282728342,0,-1.2473492749708689e-05
1864,0.10386830253826683,0.2704063831991126,0,-6.252954976162548e-06
1865,0.06939642332670898,0.2026524102062747,0,-8.625059836758943e-06
1866,0.33421045148106027,0.2491663345140058,0,0.0006171324985770996
1867,0.3354349543015724,0.48690682424683335,0,-7.203285336669161e-06
1868,0.14748159653186887,0.5903143899135412,0,-3.97081772515045e-07
1869,0.17968758604992432,0.5649808252312991,0,-7.055374653274553e-07
1870,0.12620912006152726,0.04079282984998445,0,0.0008779517535356173
1871,0.33573755356617807,0.06873087091344025,2,0.011724781869852959
1872,0.32549756394378326,0.2552890571207332,0,0.0003570672178852136
1873,0.2628328127118066,0.3577868884557615,0,-1.2106868282712674e-05
1874,0.18189606310816744,0.548380282467179,0,-8.514850151545199e-07
1875,0.08230196885963316,0.55002628211298,0,-3.0986891017933474e-07
1876,0.1844546975489574,0.29718698953609535,0,-1.0402987470142305e-05
1877,0.0016567549879504316,0.24905240658752148,0,-2.8066429481750007e-06
1878,0.22945473527780108,0.34586227864047664,0,-1.0054632868933493e-05
1879,0.24681549054820637,0.23607791578131654,0,1.1070970021065248e-05
1880,0.008378040116725688,0.43914741901019,0,-4.4878560432933665e-07
1881,0.18551512226975242,0.5391216899549139,0,-9.68424325849851e-07
1882,0.18236401118000722,0.27289622864441143,0,-1.256325568380535e-05
1883,0.265070575074659,0.1342008326384901,0,0.0033095711145907634
1884,0.24954327906621263,0.5242310442431243,0,-2.128540797051414e-06
1885,0.28067940428617205,0.3190130613021875,0,-1.574082688764325e-05
1886,0.08577821139945699,0.5463397575211716,0,-3.328626765545455e-07
1887,0.12164174830760457,0.4229373857361882,0,-1.6354793477162868e-06
1888,0.23461543002926652,0.050619360518679456,3,0.013533007246737307
1889,0.19922309889270043,0.32269610030797585,0,-9.430169236304837e-06
1890,0.2205745497360919,0.14713912579617497,0,0.0004791840602360496
1891,0.07009585097754202,0.5608044860382371,0,-2.462791030930833e-07
1892,0.11160757600124298,0.36038195244072657,0,-2.7643726716224255e-06
1893,0.3237690094721857,0.01747655280493907,4,0.023730967647325574
1894,0.15100666988010514,0.4733608941636013,0,-1.3243907977431017e-06
1895,0.14130962044075202,0.26297047908497717,0,-9.599769636888755e-06
1896,0.16201530282794505,0.4214500652380487,0,-2.483154282144839e-06
1897,0.05571432630014406,0.3140535630897204,0,-2.5145762838231806e-06
1898,0.32433498796737054,0.33735401774943596,0,-1.079629097660351e-05
1899,0.24360147580243133,0.3247060505485076,0,-1.3481817210060927e-05
1900,0.02498927802302589,0.022198595861804636,0,2.9463412000665256e-06
1901,0.26238224511679026,0.1483265027351302,0,0.0019961267564971887
1902,0.18616582544785054,0.4725029518490036,0,-1.897114895032505e-06
1903,0.05013492712125095,0.3606819887041956,0,-1.4924889703724767e-06
1904,0.2564542407473925,0.14572223787405933,0,0.0018188186302160517
1905,0.24581086639820293,0.599432047790734,0,-9.671842496786364e-07
1906,0.18253340126087847,0.598053578644887,0,-5.214864578054654e-07
1907,0.19066286777155325,0.463030941835855,0,-2.181076600089552e-06
1908,0.135815238778214,0.5497869009171056,0,-5.300159367998617e-07
1909,0.2116142236520391,0.39726514971113397,0,-5.1698914048413045e-06
1910,0.029211295820912368,0.08951444052636834,0,-1.5249433147019328e-05
1911,0.14915324808942557,0.26137647666767716,0,-1.045711100606042e-05
1912,0.00842135599530434,0.45601162702940234,0,-3.793042075913567e-07
1913,0.047277441401118725,0.254917926064473,0,-4.1688908283086006e-06
1914,0.2561458290150938,0.011955788392886224,4,0.02657197776685475
1915,0.20876713499900215,0.20620497904576715,0,1.2892008539741278e-06
1916,0.09392166708096147,0.34397085409958195,0,-2.7301489358763615e-06
1917,0.275137166828324,0.47441863399405265,0,-4.510277418780581e-06
1918,0.22398254448163366,0.34000569631065386,0,-1.0090940560080556e-05
1919,0.26031533742632096,0.17938841961678786,0,0.0006104066146063326
1920,0.18659518428772687,0.36547770143712394,0,-5.530069967447396e-06
1921,0.08933004232026606,0.5400674877530176,0,-3.672054077746799e-07
1922,0.24028506509861614,0.24924851853125976,0,-8.168004858859292e-06
1923,0.04471571686086845,0.5010050782881377,0,-3.4756541257469683e-07
1924,0.17216233093191374,0.5004875058124023,0,-1.2471999707116921e-06
1925,0.34309660701996775,0.483500930869997,0,-8.010808219003845e-06
1926,0.2738423833475954,0.2653747151182069,0,7.265450360919794e-06
1927,0.20771543804215875,0.15202643259260715,0,0.0002247418863757
1928,0.2800906579914725,0.12895626142370684,1,0.005167695390249643
1929,0.1256602739840143,0.4215877115149495,0,-1.7255234249856606e-06
1930,0.08737186536642598,0.2903410429324657,0,-4.36455966310231e-06
1931,0.3462707989110587,0.5864886650926592,0,-2.9954720768277044e-06
1932,0.2130237297534637,0.10675971676102936,0,0.0017332316031125937
1933,0.17153646818769713,0.5678235687007547,0,-6.321789867262365e-07
1934,0.20737151801263717,0.3378865290021518,0,-8.829166236894343e-06
1935,0.29961854088707723,0.04046810807636751,4,0.017884314390540553
1936,0.06416510345884079,0.210023834752732,0,-7.648979171387806e-06
1937,0.348206381057452,0.1421708869690334,1,0.006502383716989163
1938,0.02947851932605476,0.07669170822973168,0,-1.5746973245858726e-05
1939,0.07210729178928965,0.5529634362818391,0,-2.717718695303672e-07
1940,0.31539383554350187,0.06323978480877039,3,0.013368651770812265
1941,0.08912106250892361,0.5305416323084001,0,-4.0306159983638303e-07
1942,0.2569607034528347,0.12140393142305392,0,0.003904593546640406
1943,0.22946443571049283,0.25615917571260216,0,-1.4386626869479776e-05
1944,0.2179011939778367,0.14627690610343447,0,0.00044591537270451635
1945,0.036096281956717796,0.3980504967989031,0,-8.928088349345209e-07
1946,0.3269050289585091,0.5787334701407875,0,-2.669276352991493e-06
1947,0.2685146055013497,0.21622955624862958,0,0.0001794281045907515
1948,0.19952453018169755,0.2494607960435136,0,-1.574929000141869e-05
1949,0.23093592869165233,0.5967904571420931,0,-8.560957103870299e-07
1950,0.07806376731067585,0.0766804457923721,0,1.185656824346788e-06
1951,0.0056210923185678495,0.47234669435598114,0,-3.1325469666913265e-07
1952,0.03940694242213627,0.41238465090491105,0,-7.995956702122977e-07
1953,0.21479986581265423,0.39081903573044663,0,-5.684837510995037e-06
1954,0.1747775141238217,0.49971648831931087,0,-1.2900839088078592e-06
1955,0.22933226868740625,0.45148382849742125,0,-3.5969195838140463e-06
1956,0.336809979031597,0.31385888103975207,0,3.1375236520004005e-05
1957,0.2009174933188298,0.1915552490875182,0,9.919559564635297e-06
1958,0.013265210980447433,0.12606638227761804,0,-1.042205591892841e-05
1959,0.1768640955104918,0.4556921377220323,0,-2.04528779671417e-06
1960,0.31315736884447054,0.2208746375495329,0,0.0008375339084754649
1961,0.12427403559510244,0.5644028871088727,0,-4.0810421691348247e-07
1962,0.25951236863639526,0.3970028168051177,0,-8.255482256706286e-06
1963,0.1631584697141081,0.22484792386389918,0,-1.5160560744118674e-05
1964,0.08205009122982347,0.15133761611711516,0,-1.4579585339391612e-05
1965,0.042422402297208325,0.3024670499642454,0,-2.472517713142267e-06
1966,0.21582683670823025,0.035246575753291993,3,0.014655945174110785
1967,0.2818886936003515,0.5114454610250154,0,-3.336992326963961e-06
1968,0.12435813797426322,0.13404675884268955,0,-7.926404576155409e-06
1969,0.2656008277031319,0.4634067290473523,0,-4.577868502056678e-06
1970,0.31687039228863645,0.4017176092514307,0,-1.3100555605604584e-05
1971,0.10077760737837795,0.4294240875288586,0,-1.2446084543632694e-06
1972,0.2265639374197055,0.5821052205124431,0,-9.491546716175266e-07
1973,0.020203150828971343,0.5272974535534438,0,-2.0917751043210744e-07
1974,0.334934254902555,0.4062070256571529,0,-1.4393162403497118e-05
1975,0.1137455201773482,0.5388239670929741,0,-4.7445546048578676e-07
1976,0.11949692492182584,0.5939093646692811,0,-2.8967895038647746e-07
1977,0.12931927750558478,0.10839053783900872,0,3.423388167200446e-05
1978,0.05026728584802047,0.11647054662229898,0,-1.4830615207329084e-05
1979,0.09785025078738219,0.19030077290552175,0,-1.2386551618539564e-05
1980,0.0985175631587657,0.005067348049843834,0,0.001254937123495627
1981,0.26544283875229036,0.2868746139104577,0,-1.3333712164175743e-05
1982,0.33589225916997645,0.3830032084209945,0,-1.5897443680100123e-05
1983,0.1517723446599843,0.26011970290516173,0,-1.0822459345505225e-05
1984,0.08703398701630571,0.03478245017425192,0,0.0002087782258437681
1985,0.301781944321006,0.48981003847212007,0,-5.03861812705844e-06
1986,0.13765989031641598,0.4484434566999479,0,-1.487118248312867e-06
1987,0.08865490369712237,0.16080459947726553,0,-1.4333394505516389e-05
1988,0.1062946465697379,0.35586070461076996,0,-2.7428379725775442e-06
1989,0.22118968549462076,0.06883983675196385,1,0.00727991834351067
1990,0.2567498097811494,0.18658587572828803,0,0.0003980058819419847
1991,0.2946343115265094,0.10445318298382766,2,0.009049869866283804
1992,0.007366976765338029,0.23833837547083872,0,-3.306174442558164e-06
1993,0.14731174056792323,0.506248908124346,0,-9.187509179528448e-07
1994,0.07679722928231045,0.07982069421795739,0,-2.9933651830114947e-06
1995,0.20790266769696839,0.35280262013159824,0,-7.700121254543823e-06
1996,0.349432449810692,0.22255584731267933,0,0.0021126311653779676
1997,0.09725963188425456,0.0341336356586178,0,0.0003435659663848251
1998,0.0995824359432512,0.038268239688117656,0,0.00031616969015348226
1999,0.17728752493612937,0.2468863170232833,0,-1.4548058571188413e-05
