,X1,X2,Label,f
0,0.19556002037228673,0.18889558990915067,0,6.280045738224544e-06
1,0.16566023282224143,0.03926108185403416,0,0.00400258912092797
2,0.01265234628082168,0.5383824973609102,0,-1.736265711120609e-07
3,0.11284165785415871,0.10942711178815719,0,3.2081769523051033e-06
4,0.09515325715191872,0.14975591436488486,0,-1.5558833402874065e-05
5,0.32358065248860096,0.01544583658558039,4,0.024555055254719124
6,0.3342193130573677,0.027536671422921398,4,0.01983891226153133
7,0.3328033410935862,0.028228710158666546,4,0.01968188848696954
8,0.34211845951892156,0.024537401487087915,4,0.020513974298137394
9,0.3236285988777224,0.0009817516697970714,4,0.03182502190908385
10,0.30708014898112784,4.085540277360966e-05,4,0.03245171343682282
11,0.32584319038448545,0.018722816363123642,4,0.02318429448340842
12,0.346553878812041,0.010692866926217532,4,0.02611437798739064
13,0.2940867212334159,0.0021887129134623377,4,0.03125870374093045
14,0.33635422766952916,0.01285035566220842,4,0.025341014406848106
15,0.28380606295231203,0.0038957398162845778,4,0.030373666266312715
16,0.34626207240801166,0.029045594981383392,4,0.018889660074083586
17,0.282998571692598,0.0046295084500088,4,0.030014600473615535
18,0.31561715345745506,0.013928985178155736,4,0.025396808089349902
19,0.2846376939869296,0.0015719092631097517,4,0.03155584991019639
20,0.3447539171553033,0.022373868088608084,4,0.021181191363824473
21,0.31842690579772676,0.008752992437715403,4,0.027676268929150646
22,0.34589130344429664,0.037193993790132975,3,0.016647894296275553
23,0.2943694637135349,0.010522177183296084,4,0.02726182881079946
24,0.3357665170279959,0.003968848655470585,4,0.029932148507127665
25,0.3461353838599665,0.04137208914260355,3,0.015649000671552213
26,0.3416053548212457,0.03453869675634841,4,0.017519713071638705
27,0.3108794578690673,0.013713595767846832,4,0.0256006352799982
28,0.29501316748807943,0.004595520112972165,4,0.030013188717215637
29,0.3393636141082219,0.024470379070275196,4,0.020639919533719506
30,0.3394512551737747,0.02330197181981313,4,0.021040840009246338
31,0.27467649449407755,0.00024851400137146487,4,0.03213689589174021
32,0.27435309684405595,3.626635832104934e-05,4,0.03224254004002079
33,0.3163385674945492,0.014373109238387891,4,0.025192787009709238
34,0.34847796788385244,0.04309557621018571,3,0.015160183114088979
35,0.3285384546861686,0.009464502804643136,4,0.02712985621157746
36,0.28461207275427636,0.0014935912681389944,4,0.03159667446374466
37,0.28505495714227713,0.0024289697166182717,4,0.031114475102162756
38,0.29627687683447995,0.004812451892665171,4,0.029897937253672253
39,0.2851462977530994,0.003584017175789982,4,0.030531397601076222
40,0.297268335036176,0.00520528137260089,4,0.029695717799749066
41,0.30935859456986825,0.00899431545716329,4,0.027720547644913572
42,0.3026943927921818,0.01490189230646228,4,0.02530429210073409
43,0.3330749148507492,0.029849765056935373,4,0.019186715872620157
44,0.30827491499594917,0.01737866934970863,4,0.024210354152952418
45,0.28949102472557003,0.0029126315009545415,4,0.030878233320668632
46,0.34360823368046634,0.03942587422318526,3,0.01621235826868547
47,0.28790734818283953,0.001165123807851224,4,0.03178931584114737
48,0.3282561995661251,0.013001075362917879,4,0.025481538886060317
49,0.27972810065629217,0.0015333108736438437,4,0.03153664601027248
50,0.32837918277020345,0.013630401185779482,4,0.025199650172647036
51,0.3242249891794399,0.025972151712390788,4,0.020715189772705624
52,0.2965959952652579,0.011219843844385648,4,0.026931228083497107
53,0.31082232905093576,0.010330017673280205,4,0.027077222482997453
54,0.3475035857567463,0.015836555533456562,4,0.023694964328734507
55,0.3238897831667844,0.005424862365995188,4,0.029287385874241
56,0.3354644227193081,0.032891782428313386,4,0.018227657236445212
57,0.33322585049818876,0.011669988112074856,4,0.02596656333640964
58,0.30812340888702905,0.012757954517724043,4,0.02606440301882147
59,0.28684453534733206,0.002360488182566515,4,0.03115681335987292
60,0.3007701940910473,0.001153325427212219,4,0.03181975954442446
61,0.3315352876161804,0.014630526772960624,4,0.02467906249854455
62,0.27588896873519164,0.0008168431772730028,4,0.031860173131590015
63,0.3404938175886981,0.009527063499834836,4,0.02683971611456986
64,0.32362368750343634,0.018560925072589777,4,0.02331546003427269
65,0.29731106151845826,0.003705476060499171,4,0.030456317018616005
66,0.3374229281609339,0.029880940553033787,4,0.018999239455430143
67,0.2925533772784769,0.0012597474809621836,4,0.03175558159413753
68,0.3370976646175331,0.031379709540610284,4,0.018578846968838738
69,0.31659897186982955,0.005200464429660018,4,0.029505487817442142
70,0.2843043939850971,0.0008168949418354251,4,0.03195181351465883
71,0.3009933165148031,0.004865003234314826,4,0.029840146230595808
72,0.34593751634671194,0.028890656657524636,4,0.018950491681562875
73,0.2958572194662089,0.00019894124688365523,4,0.03235041652260784
74,0.3376788502720461,0.014795059985008734,4,0.024435445356405145
75,0.27863896558972756,0.002346763654798235,4,0.031112759099034725
76,0.3488394599929939,0.04259969538240129,3,0.015250684970880496
77,0.3286218508422573,0.018890606586427314,4,0.02303204538389262
78,0.31563577996916214,0.000845537988756008,4,0.03195259372698613
79,0.3024135312291829,0.0006717306107756581,4,0.03209019729231047
80,0.33105280748117116,0.02054182331453241,4,0.022330546002085838
81,0.3074444971839607,0.014479587494125654,4,0.025365484552529762
82,0.3337340984493844,0.03133183430989759,4,0.01873343120825939
83,0.2748828021361305,7.734440188087344e-05,4,0.032229844391740745
84,0.31369341804824163,0.004365635816145949,4,0.02998391804724747
85,0.32266642737286066,0.02483673784764102,4,0.021136736426485513
86,0.28864152385796576,0.0009149630094499222,4,0.03192731908017197
87,0.2898955602857909,0.006741446698947798,4,0.029000738203272293
88,0.2902522994435795,0.004229195201724961,4,0.030211679166186667
89,0.32151331359039353,0.020300579526071828,4,0.022734536101957855
90,0.2753257231667497,0.0008184892628377685,4,0.031851185695989964
91,0.32950638471624405,0.008727775477860878,4,0.027475115741247582
92,0.3393788148733362,0.00528961712431586,4,0.029123619151840804
93,0.3173298984161789,0.005724530386090547,4,0.02922008288299884
94,0.31790236940318944,0.007430455504980382,4,0.028337632963629133
95,0.3300927840185196,0.02041220340608832,4,0.022410709085648132
96,0.3263435907831512,0.02073362143201522,4,0.022418169910944214
97,0.33931629485605524,0.005789244951791739,4,0.028844903111842637
98,0.27830490980015954,0.00030974107990327723,4,0.03215802562800806
99,0.34349307770822285,0.026692924702498243,4,0.01974294549073693
100,0.3493844297648722,0.016679797429394006,4,0.02327435318958461
101,0.3010226673423794,0.0004984707086251126,4,0.03218899419463729
102,0.34236062709700776,0.030758855975872634,4,0.018537282077912262
103,0.31530322516785075,0.016242550217274,4,0.024460118264355932
104,0.33964889789440844,0.002090242244660867,4,0.03100326213654779
105,0.34481281778562356,0.020542900003988816,4,0.02186202245615291
106,0.2866627324586758,0.006015649208842042,4,0.02935399806281025
107,0.3297001461698038,0.004241924964244137,4,0.02985866312349173
108,0.3450583455441636,0.035076402735197146,3,0.0172265191781159
109,0.3043448192041381,0.01592675158801934,4,0.024865079895133046
110,0.33786607824329495,0.020444641213207156,4,0.02213635170188846
111,0.30533796136229,0.00029162188224107766,4,0.03230668101439036
112,0.320142769466914,0.012347062033655336,4,0.025971680911699917
113,0.33170711045410123,0.0230252264146348,4,0.021417685769182748
114,0.29167266596426134,0.0028667710397184383,4,0.030902861581011996
115,0.3281149567070398,0.022207526112359266,4,0.021830594680911992
116,0.3305866262568377,0.009160242255666183,4,0.027237255108529167
117,0.3130122587182356,0.002160567480889771,4,0.03120566082515682
118,0.31979883569693907,0.02096801116087001,4,0.022550573652646004
119,0.287651421413463,0.0013176242430481995,4,0.03170674591303294
120,0.2972503649433068,0.009615902432109651,4,0.027620286815579556
121,0.29597964730548787,0.0025479552467256895,4,0.031066383080671063
122,0.3237250672631603,0.000981591840034022,4,0.031824468351502815
123,0.30954056508838707,0.0187160652081827,4,0.02367809056691567
124,0.32113489266194895,0.015892841574498568,4,0.024439755400628236
125,0.33975754997197,0.027529459528650074,4,0.019622277751961514
126,0.2740433233476991,8.23323792738452e-05,4,0.03221313222779234
127,0.30074014576424635,0.005653347324317687,4,0.029445849013819556
128,0.29104669028999813,0.0019418967122859232,4,0.03138692010533054
129,0.29149594421662817,0.006013457228624588,4,0.029336232753427137
130,0.3370460955984161,0.03113470444473867,4,0.018650783466411743
131,0.2862971974939262,0.0013822587633753533,4,0.03166537641700576
132,0.27891109310265794,0.0010729895319877157,4,0.0317659155498157
133,0.3441987684542204,0.02949716951534942,4,0.01883606731745496
134,0.2830310799658526,0.00196789749223677,4,0.0313400514250177
135,0.28531873747525516,0.0038168526345301926,4,0.030416160413423692
136,0.3295401424419805,0.009360700267019191,4,0.02715989287012851
137,0.2852415210217503,0.003074008749270133,4,0.03078725167061602
138,0.3070635058319356,0.0025144238256479805,4,0.03104389323948082
139,0.3220306346818379,0.005458767073146766,4,0.029295613291194504
140,0.3045146620606621,0.007945783466069225,4,0.028289021514795287
141,0.3390516957224727,0.033618465053346244,4,0.017876416465244106
142,0.34936885570619886,0.027563427171858,4,0.019230828166464833
143,0.33679683109856684,0.0006990302405007531,4,0.03189902656579237
144,0.2969846055023806,0.004246535157383406,4,0.030180086601648483
145,0.32247357230939233,0.0007574570203926351,4,0.03196817379166682
146,0.3048308848384829,0.012987282974734834,4,0.026037025729427173
147,0.3293347727006581,0.029164141351345967,4,0.019540098518670838
148,0.2779187444142805,0.002068369422436039,4,0.031245874884394478
149,0.3251284725491405,0.004645679680729327,4,0.029694503983628124
150,0.3394090033086699,0.027394794989692748,4,0.019678548454588673
151,0.3260803405374711,0.028501261905239113,4,0.019866604086809132
152,0.34765836630711117,0.03792845650127825,3,0.016386634928364837
153,0.31673860621357736,0.018790554345680686,4,0.02343957307263734
154,0.2742476015103271,0.00022673304947608066,4,0.03214117992035257
155,0.34826042449951056,0.03664238138878793,3,0.01668041579854479
156,0.283521631679933,0.0036053826803143984,4,0.030516008773802183
157,0.2818343348501817,0.0036514876485157365,4,0.030486471962786962
158,0.3175993266844742,0.0018048380057977612,4,0.03137874664141636
159,0.27422547121381635,0.00026387022645080524,4,0.03212145275131635
160,0.3462703975263046,0.0340124220007342,4,0.017457010388775816
161,0.31263503052613967,0.010521348995906593,4,0.026955165301642377
162,0.3046574653444283,0.01476123199277445,4,0.02531619539436969
163,0.31656746351980347,0.006257637292520845,4,0.028953966229189946
164,0.2749091559594551,0.0003395641450547955,4,0.032093149792927864
165,0.2781592865506264,0.0008096573025136132,4,0.03189398967159552
166,0.2951672606728897,0.006811791242429619,4,0.028931021276513338
167,0.32449532106541734,0.021620519503022285,4,0.022162350997219075
168,0.276131755406192,0.0007330294912457623,4,0.03190699777189331
169,0.27603432012527424,0.00015003430199109842,4,0.03220992446840857
170,0.34959194055799414,0.024659623733118936,4,0.020191472435435263
171,0.28586042327363115,0.002985941472712751,4,0.030833697600062736
172,0.34893148322056117,0.021729491610329377,4,0.021270396091901782
173,0.34615951237570797,0.016394050674353816,4,0.023495213348841693
174,0.28873627385687767,0.0056272496895384775,4,0.0295325751541806
175,0.3359235400314487,0.011276569083346538,4,0.026087126944457053
176,0.3224903325152358,0.002981455811802834,4,0.030659271002990943
177,0.30132593211401637,0.010175200145686169,4,0.027312380670409538
178,0.3255869466330772,0.012055961509334235,4,0.025973132277877158
179,0.3071679067409568,0.007033925858993928,4,0.028693283341508106
180,0.32329663897754773,0.022723436966813743,4,0.021819393982953007
181,0.3404072834655183,0.005155540529293887,4,0.02918272214898845
182,0.28110219586291435,0.0035815047822046085,4,0.03051725144906502
183,0.3235893724071321,0.006634885934417151,4,0.028651617844202493
184,0.33834875807912507,0.03253987053147704,4,0.018200880803992334
185,0.29715827758282864,0.006586942274658386,4,0.029021233593027947
186,0.31846164607195143,0.002484731698749666,4,0.030980374381006825
187,0.29046824532393684,0.008269683012007168,4,0.02829583404336413
188,0.27735075985102264,0.0013546701797345188,4,0.031602493951391565
189,0.31012652748450953,0.004464754431019392,4,0.029967465269735264
190,0.346793323676445,0.038041524131890166,3,0.01639813480149961
191,0.30671892514104043,0.011720494722793752,4,0.026538387606277733
192,0.2851103228235326,0.0023189512273532526,4,0.03117118334426707
193,0.27997205092484756,0.0007143566093282651,4,0.03196508064079066
194,0.2808789443393723,0.002082220008983083,4,0.031265820049408
195,0.2762616609337874,0.0011647572728004148,4,0.03168612715807183
196,0.2978361260939928,0.006308522946654618,4,0.029149586914457792
197,0.3157092800597148,0.004148257567531181,4,0.030079817305632993
198,0.33783654495685095,0.018280549239122323,4,0.022976203954842647
199,0.31690330024429175,0.012462215068129837,4,0.02599633364481863
200,0.3332969659540708,0.005064810040333535,4,0.029345497106736042
201,0.3077037526851918,0.010754197868626221,4,0.026944674263059135
202,0.3230103827331435,0.020062289269231745,4,0.022773016090605124
203,0.32649947576507465,0.0175506196706807,4,0.023619532062374996
204,0.3327918043053891,0.019236524113840053,4,0.022764866440432126
205,0.30775650441599156,0.00936680900727131,4,0.027573841242681533
206,0.30637010608337306,0.009646595674328419,4,0.02746843206926381
207,0.3445112525832185,0.022820818219297684,4,0.021028171169995606
208,0.3389765047499902,0.03405596630813632,4,0.01776253244555764
209,0.330567590655657,0.00016702220068577633,4,0.03228201537570367
210,0.2977403407684271,0.0011471992758024536,4,0.03182407882912433
211,0.3433721327420829,0.005489311277895502,4,0.02894420382982466
212,0.2945303491916769,0.008013984962598171,4,0.028375736086223843
213,0.33435621227544543,0.028310177027186405,4,0.019595072608227397
214,0.3241502965669556,0.020098371881678654,4,0.022722751149723077
215,0.3278082679200972,0.009563999297986348,4,0.027096516406024188
216,0.3457423252012534,0.04122901634879763,3,0.015699467625231278
217,0.2786289089567369,0.0015017153798405748,4,0.03154160892429152
218,0.34132682313908347,0.030509726670115377,4,0.018653086448610284
219,0.3085908274314445,0.013440978666319046,4,0.025766669043654704
220,0.32771872306202054,0.017091913055166268,4,0.023765247457565215
221,0.2924166142758691,0.008448711225517892,4,0.028198157183484104
222,0.3309458193595564,0.019849496441653423,4,0.02259235260149173
223,0.29427149561924876,0.0028901036043909416,4,0.030888758916479266
224,0.33316357684888154,0.030300325505044377,4,0.0190519482246369
225,0.31994799624180775,0.02282020777028786,4,0.021902274052592655
226,0.28145821562966755,0.0038506843810705658,4,0.0303871505207046
227,0.2761027614286801,0.0010862144584163895,4,0.03172432433293743
228,0.30226117649006323,0.007736407113226699,4,0.028417971527442625
229,0.3094683578504579,0.014350559441753024,4,0.025370549275437568
230,0.3306168096941014,0.018015222153224226,4,0.02330950662942815
231,0.27780048089006437,0.0004889863693945248,4,0.032057061350865244
232,0.3452391872576571,0.010362299144937876,4,0.026310709597983952
233,0.3130850882923524,0.012867526441102803,4,0.025908014608273723
234,0.346844901528961,0.03550321266563587,3,0.017036161859040826
235,0.31619568216763577,0.012899589406640799,4,0.02582222973932193
236,0.33052168755251216,0.03143815650976786,4,0.018837838256795476
237,0.3488282383537569,0.036358459435422714,3,0.01672745078247638
238,0.27744660501144897,0.0011371134769586097,4,0.03171549528664818
239,0.3290668162917449,0.003075416289780593,4,0.030534567286494018
240,0.2776164264874962,0.0016786837653595908,4,0.031440089173056664
241,0.34637948298487475,0.030395460043271493,4,0.018477247947986903
242,0.29926367511118995,0.011594991940704971,4,0.026728726134055195
243,0.3256823791218764,0.02011633580231424,4,0.022666095768510953
244,0.3228473639518113,0.014089328676312757,4,0.025145356576865556
245,0.32943952360709217,0.014030610129548642,4,0.024996394219422895
246,0.3075402593897805,0.014430569491232514,4,0.025383144979684337
247,0.3383398054069743,0.036231158407884156,3,0.017227436995176596
248,0.3004802524734871,0.010874770654342948,4,0.02701848226463262
249,0.28176463922489,0.0023602097766301285,4,0.031131010933608223
250,0.33941466054259783,0.026008321643429942,4,0.020124299570360982
251,0.3228775253515038,0.014790466122010359,4,0.02484742229701875
252,0.3113868754602052,0.006711116166543874,4,0.028796405205469285
253,0.2965911604280409,0.010678658141195747,4,0.027163563822867165
254,0.2797647807491971,0.0009175335278708966,4,0.03185631976796948
255,0.349014469774047,0.005034673534356299,4,0.029109310046620727
256,0.2846816234601892,0.004502376782032288,4,0.03007893064345274
257,0.323317088862442,0.009725768929700451,4,0.027111642945678485
258,0.3396064741852491,0.02908932727741067,4,0.019146626591262334
259,0.31219209976350043,0.004336180771422716,4,0.030015202538671026
260,0.31767068225370115,0.009516262987264242,4,0.027324316043653176
261,0.3129030148081417,0.002615793232991187,4,0.030949926740629564
262,0.3226496074432218,0.015838635701178605,4,0.024419521370281784
263,0.3145218251572291,0.005641486108469703,4,0.029300507701498456
264,0.2955538637585865,0.007115699775368766,4,0.028783999202410596
265,0.3475857998179544,0.03763102135170575,3,0.016463137486332137
266,0.3394118410086788,0.003543397726465658,4,0.030130794265528702
267,0.3483061686953207,0.030964586109109515,4,0.018229212865357114
268,0.2969627622373398,0.003511790849381101,4,0.030558042065750784
269,0.34648934095565975,0.020101981560424517,4,0.021974607846016833
270,0.32497025999019796,0.02251144819660161,4,0.021834176748403638
271,0.3261090739111155,0.0006293255224459407,4,0.032023369118512765
272,0.3478361635263821,0.04230835672026751,3,0.015361625394820328
273,0.27984116787028473,0.0019918215800478626,4,0.03130309907498875
274,0.3450363418270701,0.0391921812197042,3,0.016201772868243144
275,0.31176446703848076,0.0019500760710981918,4,0.03133278896664978
276,0.2849318890519558,0.001957472690852247,4,0.031356850997946016
277,0.3399864089501183,0.033694430159606006,4,0.01781548112806038
278,0.31868322062593796,0.0035583667628925793,4,0.030372781129138278
279,0.32482006425847654,0.008726231975935559,4,0.027568437705463557
280,0.3486354912814591,0.02857926774414571,4,0.0189382374034224
281,0.3395785044375049,0.021693403810981022,4,0.021613242402206512
282,0.3094117530232698,0.012250714025830448,4,0.02625410897949672
283,0.3396431763032412,0.007302165319388536,4,0.02801388100589373
284,0.2981643915468855,0.00958447472182287,4,0.027621943421835424
285,0.3496212574065283,0.019116483943085738,4,0.022258314954300355
286,0.2864572045172519,0.005754930857218219,4,0.029477542654980152
287,0.32662498314940025,0.014881137782762862,4,0.024707372268086742
288,0.34449832906965133,0.0005274401767440887,4,0.03194013327247372
289,0.3492366572492147,0.038319676476745924,3,0.016219537966770337
290,0.3254333975651289,0.015451836787464623,4,0.024500998078997853
291,0.33265069687872745,0.00535286331526565,4,0.029195501608562668
292,0.3402554305882299,0.020342940623628958,4,0.022093683064930304
293,0.31947851178544323,0.010813093857688583,4,0.02668080863812158
294,0.34832495506414696,0.006131280716481592,4,0.028493409425185724
295,0.3139301961394986,0.01259070585277255,4,0.02600824812321024
296,0.2839082114582249,0.004666149755617995,4,0.029998599426888338
297,0.29921245702982957,0.004312507640286737,4,0.030134164943856512
298,0.3464892188294524,0.0012962618810772007,4,0.03142481544791312
299,0.31159186743788886,0.0007348309904793071,4,0.03203450480897121
300,0.3360826205757827,0.03433690899484758,4,0.017814287917259242
301,0.34421974141179107,0.010107538439887542,4,0.02646234281122608
302,0.2999658585294915,0.009610904795395137,4,0.027584765539197767
303,0.33430463027589136,0.022150687316182333,4,0.021633457313809935
304,0.3404657379382677,0.026788148209231387,4,0.019830431093776427
305,0.2876467371608751,0.0023935716627154257,4,0.03114229060353674
306,0.34431725018912684,0.010222862514246978,4,0.026402233723927408
307,0.3337769583374087,0.021845559219783504,4,0.021761441285881308
308,0.34307540631135347,0.006664727443668722,4,0.028294108062429626
309,0.29968463528538986,0.007386747687501738,4,0.028614322288389546
310,0.2935401802245635,0.00508380693344528,4,0.02977735931683635
311,0.3300899856218388,0.01758185029816184,4,0.023497533462215493
312,0.34407739475378013,0.026622292733097727,4,0.01974311133857839
313,0.3090813470238888,0.01788010573270049,4,0.024000195768476663
314,0.34328221528148234,0.030733363922507695,4,0.01850633457087571
315,0.34637511791595044,0.03863851503343496,3,0.01627252295468868
316,0.34345121097626136,0.015297669768388603,4,0.024049736636747737
317,0.3184223310625686,0.003561155154192903,4,0.030373908790578438
318,0.30662886210375345,0.003918293904950736,4,0.030287862291093044
319,0.34564590362823494,0.017739899737699048,4,0.02294657445892574
320,0.29245841998503763,0.005969396047507294,4,0.029352090492267648
321,0.2760966179165954,0.001071103317634142,4,0.03173200646761252
322,0.32421476283319595,0.016218660564712394,4,0.024220372518294144
323,0.3181935914737606,0.013271821339083098,4,0.02561367642313718
324,0.27722061963869815,0.0013290492536792036,4,0.031614055098271227
325,0.33597291897860343,0.01866505276032537,4,0.022883818709769264
326,0.3024627588824564,0.008250435986804548,4,0.028173258833855137
327,0.3191786972630104,0.016861984953460606,4,0.024107157711738755
328,0.33630270560787767,0.03114671144356107,4,0.018678460734630833
329,0.3130982083122865,0.0018002665934729219,4,0.031410382222652
330,0.3434249571150962,0.004919971470160905,4,0.029268391210861968
331,0.2836302806890982,0.0038862439198724882,4,0.030377831099694077
332,0.34938342446153786,0.040905656911608565,3,0.015603282584875342
333,0.3078905212603734,0.016794025023211097,4,0.024442734476016487
334,0.2858824011207107,0.005703180266713815,4,0.02950301389622131
335,0.3065192347764008,0.017068041095135933,4,0.02437389166661712
336,0.2996073942955443,0.01317523602822599,4,0.026062783008373076
337,0.31211933264397757,0.011543488062611478,4,0.026506497172365962
338,0.32108170410290626,0.005339588400094315,4,0.029372499906944276
339,0.2860199710646147,0.0016069038435637594,4,0.03154554711916022
340,0.312791624802566,0.003102368189270434,4,0.03068009570717138
341,0.3379362898392492,0.0001751098880174995,4,0.0322241243508181
342,0.34734737274924576,0.038517397401612814,3,0.01625741360861586
343,0.3139274182800846,0.009515288678523536,4,0.02739563223293733
344,0.326107075145847,0.009043243049833005,4,0.02738663117744922
345,0.33824293473348416,0.028471669126739284,4,0.01938985782832651
346,0.292101048176967,0.007016618913783889,4,0.02885827366430611
347,0.2764971127766473,0.0012523564970838617,4,0.0316442938103687
348,0.3441239543965278,0.037949374903860446,3,0.016541649247649542
349,0.3242396446969164,0.0071675276947933166,4,0.02836519215005741
350,0.28491700158545435,0.004799897268941611,4,0.029935101274606194
351,0.3315725523335653,0.0314314902806056,4,0.018795814004514064
352,0.3256443011345135,0.01943985521136376,4,0.022918988315108406
353,0.27993817228217277,0.001785715531779089,4,0.03140913941310158
354,0.3251820099637352,0.0005273480993724551,4,0.03209197096496473
355,0.3118258440875488,0.0006699836057605553,4,0.03207172960792041
356,0.3246245333151534,0.0029395405967957006,4,0.030661495295827245
357,0.3442256798592592,0.03781536631064142,3,0.016569739249503806
358,0.27578485430395056,0.0008814149313802131,4,0.03182535372893952
359,0.2828774867960383,0.004417152884578166,4,0.03011681648539867
360,0.2894879966611883,0.0036989475810877293,4,0.0304781402854891
361,0.34954914212377725,0.04392146862914945,3,0.014933229822150309
362,0.34155381414388547,0.018857335777982785,4,0.022626880785400896
363,0.30731298315324307,0.015783242157155854,4,0.02484892605428046
364,0.3378382256983912,0.010106051662537573,4,0.026610320537447312
365,0.3389447600741525,0.03228584286834405,4,0.018245956706180344
366,0.3210082076640948,0.025391969765540718,4,0.02101873015588552
367,0.3459198213331395,0.0076657937539971535,4,0.02769466329551768
368,0.31138274420228224,0.013036381555021122,4,0.025874464317347808
369,0.27953620460385875,0.0024284437717959568,4,0.03107961405952315
370,0.29767909050869795,0.011423492612409691,4,0.02682765859988878
371,0.32125871861899974,0.020073314924932216,4,0.022825501507489347
372,0.34173922709884325,0.024225700228974394,4,0.020635178386423057
373,0.29580809833671246,0.0006720362785744387,4,0.03208544777967521
374,0.31536261912967906,0.0013885380434782678,4,0.03163509784070657
375,0.34934547315339565,0.04298988291430778,3,0.015142066412706018
376,0.3219124417100454,0.019212294927606947,4,0.023122792062554267
377,0.32209957674749395,0.011754321391899011,4,0.0261920631095753
378,0.33060889559527795,0.012477417685484004,4,0.025658246732567624
379,0.30520562045555355,0.0018816973426401627,4,0.03140297757273094
380,0.31234745891116233,0.01987229427005184,4,0.023176786864323465
381,0.302406588286055,0.007682913951549103,4,0.028441515282664268
382,0.30460069958062375,0.01221929639672998,4,0.026365563375818874
383,0.27570204172985807,0.00036180597906117955,4,0.032093875365058686
384,0.31388199674886724,0.000272357604631613,4,0.03230041181302015
385,0.30636100880107303,0.010153462390718206,4,0.027238409047553733
386,0.34073714974907054,0.014772968608921522,4,0.024358177539310574
387,0.3466764050596996,0.03915621931526327,3,0.016135115308467264
388,0.34786797002304476,0.028955667462926302,4,0.01885227370820055
389,0.3432237451299181,0.022966903208440748,4,0.0210224069010828
390,0.3464083428291245,0.029798405144031825,4,0.018654619477450212
391,0.276824822089799,0.00045257537460072976,4,0.0320628377226975
392,0.3267689272148027,0.0011409963863451055,4,0.03170597406416286
393,0.30774888999087086,0.0063897538703649275,4,0.029004548039554153
394,0.3381040186704118,0.015477363814355289,4,0.02412786638288354
395,0.33620618143904984,0.012776462933588029,4,0.02537872303136369
396,0.2881449216747524,0.006232357191696174,4,0.02924745254882185
397,0.34832650429738155,0.034444414730126,3,0.01725119093387741
398,0.3312552225056561,0.003916747128425491,4,0.030022812421269727
399,0.32496829322630044,0.010091874293562285,4,0.0269018561520029
400,0.3356856020928602,0.0010081795489952222,4,0.03171418088126834
401,0.28938160454856277,0.006696527026214605,4,0.029024445375277614
402,0.33279265163471883,0.03205443011152076,4,0.01857109915531892
403,0.32429252361886124,0.009623956900235767,4,0.027140540159416755
404,0.32703504125317207,0.01729219378480293,4,0.023705794856106122
405,0.2911164061280842,0.008833097361361673,4,0.02803800637039187
406,0.30793138112055807,0.0033942623331388016,4,0.030558392484946732
407,0.3223733715409222,0.012813344357010913,4,0.02571174511153498
408,0.3199301593616183,0.016580383993572315,4,0.024197247220792296
409,0.33233333793911063,0.02557352058265225,4,0.02053710680782769
410,0.34862710258261087,0.023394430015268506,4,0.020672694413976383
411,0.3100053396517012,0.003408794304031258,4,0.030534631087727176
412,0.3035290857355514,0.0022394214149395845,4,0.031211763394970223
413,0.3450334285579017,0.03531306394748257,3,0.017165679465787103
414,0.32684434056047806,0.0024577986400409423,4,0.030918939544148653
415,0.34934815131859803,0.042419071542649185,3,0.015266316712572166
416,0.30412222624409324,0.01028140758328941,4,0.02721941012431003
417,0.32906643979530037,0.019998649440170456,4,0.022598482230875423
418,0.3459788333903131,0.031260900706708235,4,0.018240049483218328
419,0.34849545902101986,0.040489800123060686,3,0.015739692216972623
420,0.3241936106639343,0.010501074937313469,4,0.026724456179005717
421,0.29707981766617253,0.002091064281494237,4,0.03130909135136087
422,0.33709193995962855,0.027629800196717836,4,0.019696341586228086
423,0.27713704730934796,0.00017480877156360298,4,0.032213200635270785
424,0.3023178788394429,0.0072519809450713995,4,0.028648307051410183
425,0.3364468795754192,0.031807665874407996,4,0.018485488608088366
426,0.3150208105604887,0.014671130695151156,4,0.025102626743903924
427,0.28325843917961413,0.004288918020249157,4,0.03017998456540347
428,0.3327749339770544,0.018147512635318108,4,0.023189627730230776
429,0.34338741946451423,0.01608750895767701,4,0.023710090941149616
430,0.3092549655372182,0.006124489400760203,4,0.029119243095310263
431,0.2911272803855184,0.007561248460328444,4,0.028613004889333268
432,0.3402662553308387,0.022264565485459763,4,0.021381097854000816
433,0.27875819267200935,0.0016484068294681797,4,0.03146784448680074
434,0.349643157059247,0.043510392588804,3,0.015016119550478454
435,0.31551115183065304,0.005560339970141187,4,0.02933006536804315
436,0.31321862683388146,0.020963921176733544,4,0.022763486544871373
437,0.3455408301385911,0.036231023377437,3,0.016906346923566327
438,0.31261765571170935,0.008743757113521208,4,0.02778396470196099
439,0.31869850147105816,0.014490842399752488,4,0.025083253825536625
440,0.27940380538606296,0.002158544519799116,4,0.031214599346331376
441,0.34202432838294683,0.027674165128280304,4,0.01948678104129433
442,0.34365172073491607,0.036270503823848506,3,0.01698049657739103
443,0.3390682640108066,0.008936514876396838,4,0.027170979187879685
444,0.28415591226577197,0.002226856934150318,4,0.031213695102497534
445,0.3095029641051362,0.009982973539976426,4,0.027260021729897624
446,0.32023046974015734,0.016963919543339492,4,0.024036754123966685
447,0.3290254438745366,0.00559416726927223,4,0.029119387390281852
448,0.2996787825322103,0.0075116749789821274,4,0.028555233440285537
449,0.3300952058229303,0.00815635637799686,4,0.027752237127479717
450,0.3274195509350382,0.014244902981883086,4,0.024957626618513692
451,0.34176119052397136,0.02573073131671218,4,0.020125587454165924
452,0.30734925490727516,0.017106676688101306,4,0.024337703504948727
453,0.31762897406278456,0.009077707033684912,4,0.027534382729332882
454,0.3081578509607091,0.012541135498286842,4,0.026155935951766875
455,0.2897966045964602,0.0002296500261436303,4,0.03230713329867941
456,0.3167207158383643,0.016158617629332954,4,0.024454785303466665
457,0.27758592645761015,0.0006363992632049526,4,0.03197708038690275
458,0.3023982259391065,0.009345692687535781,4,0.027668740419997864
459,0.27626273115874683,7.473839807073238e-05,4,0.03225305202117528
460,0.3349415908340007,0.01010314184788294,4,0.026677406656073942
461,0.3005184435897492,0.013091250825397565,4,0.026079896422358292
462,0.33988852599903063,0.03503123124623164,4,0.017465893823000442
463,0.3209581146480775,0.01394016616574749,4,0.02525788577774415
464,0.344071184963497,0.0055766864330290405,4,0.02888273451363426
465,0.27660536744125164,0.0012495003644348523,4,0.03164715014062954
466,0.27964611583838955,0.0016992985259884346,4,0.03145064008144964
467,0.3348882032935353,0.018058274908645214,4,0.02315837910442393
468,0.3255740304689977,0.004006580574655163,4,0.03004420812764008
469,0.32093053282205763,0.00649547420863579,4,0.02876613018111847
470,0.3220845827346639,0.017639625688023592,4,0.02371754858490408
471,0.34445358490386757,0.027305968879977393,4,0.01950763461008582
472,0.33330667026236954,0.024425780843594192,4,0.020880580024298503
473,0.33939730438308857,0.02387994962154083,4,0.02084135935588214
474,0.2841653412578736,0.0031386028103143897,4,0.030750959421993376
475,0.2969267913620803,0.0015146941025476826,4,0.03162190902153287
476,0.29778432302451646,0.007044874173896554,4,0.02879657859305976
477,0.34534644547112525,0.03372567209330885,4,0.017574814501470453
478,0.34771090563572604,0.03981246451020093,3,0.01593302471788092
479,0.3115824191987157,0.008982845696564134,4,0.027688263342940247
480,0.27743492900294947,0.001244416546658385,4,0.031660109376208896
481,0.31810468383070517,0.018081398664845642,4,0.023665934713770116
482,0.2926046299096127,0.009046530680017803,4,0.0279285440907432
483,0.32521894346693825,0.007198664363309314,4,0.028332347993441385
484,0.33024325132323334,0.013423893055315578,4,0.025242025313073586
485,0.321619637051461,0.0038074667599473054,4,0.030202346868027554
486,0.2967701216734856,0.006449363488192827,4,0.029090724308948098
487,0.30475921643551906,0.00011784626210675775,4,0.032408011973555174
488,0.3023558213310842,0.011001274967743755,4,0.026931839474311634
489,0.28739356133852895,0.0015067392783011217,4,0.031605219210952405
490,0.3422789806244653,0.023045324703488877,4,0.02102871513096857
491,0.3225858962387219,0.019750882769246702,4,0.022901305485038794
492,0.27558452747721257,0.0005619788936228615,4,0.03198781680812713
493,0.33365819219602827,0.021254449509275596,4,0.021979887877312167
494,0.33910595358153456,0.01770013174407741,4,0.023169479082471175
495,0.3329075218015354,0.008328131223790568,4,0.027609356591069313
496,0.34057085631302764,0.0037104645894664168,4,0.03001616868839979
497,0.2873041669526971,0.005856256453251244,4,0.029427640860093585
498,0.3451259286945231,0.013344526493941813,4,0.024880057627271208
499,0.3027202268289044,0.007395815655107041,4,0.0285745030059983
500,0.3474738060273316,0.03337556005378743,4,0.01757878516554956
501,0.3463991457044033,0.03210138770764443,4,0.017981111894769874
502,0.3462812373508152,0.039290792082273304,3,0.016121357458482127
503,0.27442670377047546,0.00022956985924655346,4,0.03214268002681044
504,0.2908660528907848,0.0015619802212367782,4,0.03158863980040317
505,0.3451584806903478,0.03608419154116844,3,0.016960881813238123
506,0.34767548916366525,0.04214321687606628,3,0.015405495658936588
507,0.276916506075873,0.00010099544076838359,4,0.032248963450754224
508,0.2942231778959303,0.008799890831763173,4,0.02802176806326262
509,0.33566341100851993,0.0016094803325371679,4,0.031341231513836436
510,0.3326269700524345,0.002767562708160958,4,0.030674553304375754
511,0.3201894066350167,0.007440707968364504,4,0.028294597182780823
512,0.30337440790010717,0.0024897092875272968,4,0.031075607347201013
513,0.32662409957424804,0.008123142092800547,4,0.027835338620067977
514,0.27906171196027485,0.0010681254473533194,4,0.03177012779803959
515,0.32441338489177696,0.01905463408240964,4,0.02310323618381079
516,0.32561303845927864,0.012669321757403575,4,0.025696071609208393
517,0.33600942055524585,0.029230902304312162,4,0.019250186695149663
518,0.3142716329277558,0.01811443675961786,4,0.023765840762890553
519,0.3381876299752485,0.006378029737985798,4,0.028540101071443016
520,0.3256483672265055,0.011421527114405187,4,0.026262314416299764
521,0.2986057036349371,0.006915468580812226,4,0.028850170855642947
522,0.2827795096507723,0.0017852834285647353,4,0.03143250024034612
523,0.32156631869827096,0.010656326164942772,4,0.026708615130728277
524,0.27842601012242835,8.248579568779493e-05,4,0.03227996604128344
525,0.3032986252389932,0.00728412216449649,4,0.02862100942968594
526,0.3337591478616251,0.006454063625941028,4,0.02857662694558352
527,0.3317134668835687,0.027704596909218275,4,0.019885712426261592
528,0.32364175351868746,0.02542885654301588,4,0.020909954979746608
529,0.3400173574218776,0.014006031738867573,4,0.024719053411241074
530,0.3167530331605874,0.0005033030288434416,4,0.03215132096593429
531,0.29030868617717104,0.0017217005254532977,4,0.03150202994882048
532,0.3033195179796476,0.007446111756994478,4,0.028542987753802773
533,0.34102416490581816,0.024599767604552868,4,0.02053368582543016
534,0.33123272140169085,0.022370509085491614,4,0.021663779726173504
535,0.28269855999498633,0.003009865391268374,4,0.030808998924415316
536,0.30039430479982887,0.0007704086851080781,4,0.03203488365204522
537,0.34796843723649284,0.040693572047703075,3,0.015717347364993597
538,0.29293211949983416,0.004480363636868208,4,0.030079366683797217
539,0.3361377473132155,0.01291369664813503,4,0.02531768871888916
540,0.29916407069094053,0.011440980909724384,4,0.026796065195586586
541,0.3498861792487499,0.030578053222457446,4,0.018277775693754335
542,0.32318050959539,0.0005426443952437597,4,0.032094640494928904
543,0.281994736100678,0.0027056644682846268,4,0.030957862052579502
544,0.28498368101146737,0.0027350555002068587,4,0.030957961610308917
545,0.2809087668753064,0.001569049723249056,4,0.03152923338000318
546,0.30080975005819566,0.012640815734614307,4,0.026260840936431697
547,0.3064144503958575,0.01090543681807898,4,0.026901398798136147
548,0.34992638629452605,0.03946559598194161,3,0.015912928873039738
549,0.34862662880761097,0.005201184682189303,4,0.029019327620711112
550,0.3489374755462754,0.027117417120551324,4,0.01939189148243251
551,0.311132225389892,0.0018434742525579029,4,0.03139690441589861
552,0.2970658393085268,0.009027698904521245,4,0.027886134358987437
553,0.31971788000136,0.0222834210306589,4,0.022093445933839384
554,0.29633898222252775,0.011481965610195072,4,0.026823830417334764
555,0.3116282817778407,0.01278216009625464,4,0.025977479170301365
556,0.3145832162665606,0.009487459604373034,4,0.027396522993426643
557,0.3332641781856271,0.02263988385024402,4,0.021496785828622952
558,0.34628377931183285,0.034179279634035484,4,0.01741141066294328
559,0.34859411766652165,0.04323356155971958,3,0.015125015895779125
560,0.2785387679559128,0.0007590220465352451,4,0.03192504525852396
561,0.3389768210874148,0.003680108871165034,4,0.03005620129422092
562,0.32714225043071793,0.0037864490931950948,4,0.030149120523789954
563,0.3467229533077605,0.03170271194353893,4,0.018081278650356424
564,0.30692033092364407,0.00924925832167012,4,0.027642034581860306
565,0.3057791913405488,0.0100794732906322,4,0.027281853637371005
566,0.3085491175011848,0.002044541377760445,4,0.0312971007439328
567,0.3489858686816864,0.023028657663163508,4,0.02079107012112657
568,0.2991023866139868,0.007361711596778845,4,0.028632582177772117
569,0.32999388930034096,0.026800090298271587,4,0.020234273449008168
570,0.32983602737943035,0.026186837177128906,4,0.020434449317854604
571,0.33636370348436356,0.02608849219439958,4,0.020215629507696453
572,0.33529370148708426,0.022109379025612275,4,0.02161334347720146
573,0.34921815455677674,0.014661947740609759,4,0.024164524194310113
574,0.347338312785652,0.01597923181429419,4,0.023637997375803927
575,0.34688423606487384,0.04050166202408899,3,0.015811570147840834
576,0.3004176401975976,0.0068402479090178825,4,0.028867692723026816
577,0.3265318883947265,0.011494536351001266,4,0.026208024638434062
578,0.32732633353954893,0.002713766166400837,4,0.030764201701030735
579,0.31616087245626096,0.008931798162828075,4,0.027631447895642113
580,0.3332104403420121,0.01684229214541495,4,0.02370098022246871
581,0.3366950301907064,0.018169239842354766,4,0.02305695063352381
582,0.27448603553934586,8.488230871784181e-05,4,0.032219309106912175
583,0.3035029391433809,0.008709053916644111,4,0.027945005996163473
584,0.34480323353649983,0.03708242401109263,3,0.01672462357177869
585,0.33770404175021607,0.029190763128606856,4,0.01919334476491997
586,0.2883116991787709,0.001568691605955375,4,0.03157646015746487
587,0.32640273204919645,0.017976945013388954,4,0.023455101954529167
588,0.29316572835222,0.0027748551813416497,4,0.030950116235296445
589,0.28770413641497267,0.004163668489163802,4,0.030246575714967406
590,0.3027345166533732,0.014289632877418247,4,0.025547538451759732
591,0.3025305895595698,0.0023327075203927114,4,0.031164553640471084
592,0.336084028517507,0.01891618101594928,4,0.022781867968354397
593,0.31924698207921914,0.005045275605740834,4,0.029554421350195363
594,0.3034812941777346,0.013972183168113146,4,0.025659759504342662
595,0.32211586176698487,0.013144239210895137,4,0.025572692413383388
596,0.33993496668736645,0.013892052018988514,4,0.02477249210178847
597,0.2894879098948857,0.007820724435537137,4,0.02850617128547099
598,0.3401444245607899,0.010025541004434903,4,0.026597560647762034
599,0.3137163810242536,0.007695421471760271,4,0.028273465704018935
600,0.3449208858695586,0.033624043678634495,4,0.01762088380846144
601,0.3422499971151585,0.03233926542708893,4,0.018090331452558513
602,0.32891406387857913,0.017643372887645174,4,0.023509186906551086
603,0.2862329398336944,0.00437485544718136,4,0.0301423955856265
604,0.3334034302752894,0.02921969949130536,4,0.019359291812996244
605,0.3497624132414119,0.04354752783591609,3,0.015002548224416776
606,0.32496772432194576,0.024122135280071764,4,0.0212878753416207
607,0.291058605932087,0.0016383813594167684,4,0.031548327353072655
608,0.30323498833977997,0.0063132262483503905,4,0.029094602125004046
609,0.3056768475120489,0.008797843483625332,4,0.027871327810301553
610,0.2894226538818614,0.007947443740247964,4,0.02844917907128341
611,0.33361767824146027,0.02454363287792791,4,0.02082943373723723
612,0.32079587554741534,0.001604528430547636,4,0.03147312396287587
613,0.3202659126676495,0.0017563386286111981,4,0.03138779496039202
614,0.3394235607196227,0.03526327479152177,4,0.017426212586126814
615,0.3299097803796273,0.008164187086504494,4,0.027751833913542197
616,0.30246609227918214,0.005311020700564617,4,0.029602140696760378
617,0.27855427350707423,0.00046409210702628165,4,0.032079883086385874
618,0.34674740970250845,0.015069168209892613,4,0.024054147810352432
619,0.27514725918428884,0.00019658278943922834,4,0.0321716389171486
620,0.3250992150602562,0.018435223727286128,4,0.023317828452760765
621,0.3475646654697457,0.011358371892074781,4,0.025761071813355015
622,0.313229687439471,0.002141913308651242,4,0.031214820623312503
623,0.3498048543711293,0.044123162289792225,3,0.014878558687986291
624,0.2837606075808325,0.0009394435667137054,4,0.03188241701658193
625,0.2750640863219402,0.0003455762114126754,4,0.032092470824454995
626,0.32041891642890136,0.0005375374459046615,4,0.03211305570657522
627,0.31908660604261607,0.005391709140951106,4,0.029371781304543397
628,0.28487302450379076,0.0017415698157633884,4,0.031468719931913795
629,0.30460966100258946,0.003001161497410752,4,0.03079219861234592
630,0.3095783005087882,0.014518069036576186,4,0.025299550041997555
631,0.3031005352432371,0.0016765798016524,4,0.03152391959719106
632,0.34033548787464274,0.02862673202668797,4,0.019258055941643634
633,0.3362437602742408,0.024288845386158366,4,0.020817881974206937
634,0.3439716348637284,0.033899262036242224,4,0.017587386533719367
635,0.28637120415488904,0.005805142380680369,4,0.02945395040623639
636,0.3011407800384028,0.0058978955139402656,4,0.02932085296795044
637,0.33798939271747935,0.03061843758267623,4,0.018760046286859507
638,0.34385203292908006,0.02935155161042997,4,0.018894324557367306
639,0.3411463697889333,0.03356223291402611,4,0.017800954914206937
640,0.33004289406936854,0.01680051282152073,4,0.023813243198960603
641,0.3338801493563004,0.010389085356741856,4,0.026561949676022198
642,0.3177823440267169,0.007238310036710022,4,0.028436133238403088
643,0.33229981288753946,0.008252823686748179,4,0.027659908934829593
644,0.32218920322662775,0.02073954036457609,4,0.022553802900651686
645,0.3128929714883398,0.010961946655931592,4,0.026750406774242282
646,0.29017689012792924,0.0004180763013923606,4,0.03220559486827481
647,0.3455260303235576,0.026834623448785223,4,0.019617483036333608
648,0.2782118897983468,0.0015593346659769818,4,0.03150758009655579
649,0.32800183045436765,0.007142728155671622,4,0.028312788740547053
650,0.33908614312569446,0.02935110199639757,4,0.019088894512812978
651,0.30137174246451026,0.010421855254598083,4,0.027202465200030744
652,0.3350609775769098,0.020071666292110147,4,0.022371721149849835
653,0.2840138127059223,0.004595867372626891,4,0.030032707012946632
654,0.3493615543891445,0.042156754857981184,3,0.01532345145375365
655,0.32727585086830113,0.008869408281139312,4,0.02744915061522106
656,0.3294524066571052,0.01936129471107032,4,0.022825737816754444
657,0.33025285491109335,0.028437861450623787,4,0.01972008347834844
658,0.2862738970651406,0.0025204148102201626,4,0.031072460753107076
659,0.32985904981519837,0.01408704772458571,4,0.024960529273546417
660,0.2791088181214742,0.002671856334254037,4,0.03095411688380479
661,0.3405977889842083,0.016396716065199404,4,0.02366276940185974
662,0.3445511188341086,0.01461309833934758,4,0.02432021528638233
663,0.31102732026851115,0.011646237042890606,4,0.026483826396699033
664,0.3102263736148616,0.013970148704922736,4,0.025509238166597212
665,0.3391068849913625,0.02292520800064638,4,0.021186248939437873
666,0.3495367969916346,0.04153309579418616,3,0.015454167193051312
667,0.29848241313389356,0.006900220465367519,4,0.02885868859899141
668,0.34959171930889293,0.04376714291022194,3,0.014963893654245792
669,0.30475111766364693,0.015469340616163774,4,0.025033774761347573
670,0.3093575386241033,0.012885741904574387,4,0.025983489178274293
671,0.2825920926353898,0.0010348847796130996,4,0.031822310771902076
672,0.3323230131440214,0.02954403015131282,4,0.01930714598989652
673,0.33190059071391476,0.006745606342890155,4,0.028453099893097956
674,0.28596953985463625,0.0010330433541562989,4,0.03184865483202383
675,0.3201335008760726,0.017713302457936595,4,0.02374701615726309
676,0.34941827989855795,0.04123975202495462,3,0.015525787116936873
677,0.3275736662343471,0.018517072245840625,4,0.023208973528293982
678,0.3174675761592893,0.002863516027696529,4,0.03077374123183368
679,0.3098964951489858,0.01692927548999128,4,0.024338141119359582
680,0.2746050461478139,0.0003516255549306788,4,0.032081986873020565
681,0.2849991485428416,0.002329243981406476,4,0.031165377449231653
682,0.3489899635217576,0.042177044730097556,3,0.015336384959088806
683,0.30396074211175084,0.011667471750166147,4,0.026614176615328885
684,0.31610766281120606,0.021954881409893975,4,0.022327059940647414
685,0.2980888829450397,0.01251177364722081,4,0.026363766159039275
686,0.3348744858688109,0.018389467368807526,4,0.023027541754286694
687,0.30379430467220186,0.0018646937399001574,4,0.03141742674745141
688,0.34468440915568943,0.03972783057381539,3,0.016092211851788447
689,0.2944108991612738,0.00027394022486353434,4,0.03230371147104674
690,0.3423875676962864,0.0010045019064092789,4,0.031653640309207115
691,0.3135148278644792,0.007276153010498439,4,0.02848378761625666
692,0.32752313951527084,0.015856128864641186,4,0.024274200578678296
693,0.3431557084209352,0.03822938455063065,3,0.016517732726054935
694,0.3455817819435912,0.01955714815585494,4,0.022217781281319307
695,0.3240160381415909,0.02525495173562638,4,0.020951992461341485
696,0.2865738607451226,0.000569194689511868,4,0.03210143915343697
697,0.3305169460885725,0.018729556528916703,4,0.023033639162918784
698,0.2787347496996314,0.001574187211719218,4,0.03150558314470474
699,0.33826035017920325,0.0022725572525593707,4,0.030907493702372172
700,0.29261037608331214,0.0009971706172965458,4,0.031898493897138024
701,0.3471679041903042,0.04043344842006903,3,0.015814099452892725
702,0.32609782286658806,0.012400885291649622,4,0.025804670402407266
703,0.3248136566587248,0.015580477623715231,4,0.024465000022346032
704,0.30347223126578116,0.014447551563002104,4,0.02546814667601589
705,0.34226274736444273,0.03901955583529282,3,0.01636978749876449
706,0.32736343305745946,0.026297559355157908,4,0.02049361052794576
707,0.3363390264896196,0.01524783871024089,4,0.024277535203553517
708,0.2830709493506439,0.00090189031185037,4,0.03189658204017729
709,0.29138622854500207,0.006513589286626218,4,0.029099197944241532
710,0.3173651713650438,0.018743517248361687,4,0.02343822425101426
711,0.3418928875405274,0.002904234666688321,4,0.030479882653266847
712,0.3161777863583561,0.017464715038017668,4,0.023958330510295587
713,0.2962612095745183,0.007143234550269891,4,0.028764554292850644
714,0.338066299592938,0.02709077386645901,4,0.019827702965145973
715,0.32498678311395046,0.022752619924082108,4,0.02175035019581185
716,0.3444833282262848,0.04013905972018423,3,0.01600615732265563
717,0.3386460326812901,0.030410827875889064,4,0.018793210244849947
718,0.3036346854349893,0.01400893621294834,4,0.02564156084300541
719,0.3490736852850775,0.018677530563223937,4,0.022453183177351246
720,0.3291824691065326,0.0040076962733963,4,0.029997985464648345
721,0.2986575037019783,0.012513649104890374,4,0.026352985622773537
722,0.3314395840462815,0.022085097174549272,4,0.021757611467883912
723,0.3223445765445823,0.00034417703245453665,4,0.032220666137570256
724,0.3182529121012124,0.008189122766410088,4,0.027954879368047022
725,0.31068356361048166,0.002690828624675616,4,0.030923859995729983
726,0.3065538591117321,0.001187693017773727,4,0.03178919517376951
727,0.3498215153320117,0.038388772626464826,3,0.016176198486870016
728,0.3374943270322766,0.004408541055588529,4,0.029654136064219412
729,0.34724685742104255,0.03861295433495365,3,0.016238944307668902
730,0.3096579524497336,0.01132103552671607,4,0.026655185283678183
731,0.30634320364855494,0.007979665911540342,4,0.028247292085602813
732,0.3449451701632317,0.039447215485628906,3,0.016145863708689052
733,0.2988247722235085,0.00800058506029419,4,0.028335666330349306
734,0.34784244743204407,0.021426435812069905,4,0.021422268749846776
735,0.3161196423951804,0.02259324347721645,4,0.022109162666248863
736,0.3139333801220316,0.017276591230804248,4,0.024094340497282072
737,0.3007551445867863,0.0015873371355586696,4,0.03157856520027938
738,0.29878401038328156,0.011708464159802354,4,0.026688582404972856
739,0.2755169905092166,0.0007864441366928973,4,0.03187052740446919
740,0.33001513175161523,0.011744825806737164,4,0.026009472194625002
741,0.2938516226089084,0.006326600327621168,4,0.029172116631126455
742,0.29358846460482046,0.004150942581584329,4,0.030242600880404938
743,0.303104940480884,0.011238273076099736,4,0.026815525469806045
744,0.2777797314931265,0.000293696227786802,4,0.032159476091620794
745,0.3239153167213109,0.0007395676562981457,4,0.03197007898479503
746,0.3122341142792274,0.015999644600774306,4,0.024638298069549903
747,0.34464327707406284,0.032449170758401966,4,0.017957569436362553
748,0.34829088094066407,0.03618379839166914,3,0.016796101174534117
749,0.2984444416398911,0.006907696075524867,4,0.028855488605591964
750,0.3419710486462682,0.019934270794133065,4,0.02219210828316635
751,0.3457052321614222,0.032206879886230284,4,0.01798064841538515
752,0.27683823697217574,0.001409709704664744,4,0.03156808638441503
753,0.3323435841547258,0.0006628243935168643,4,0.031957979835501325
754,0.34926376292067335,0.042073457594470565,3,0.01534645330112515
755,0.34302345443891774,0.03509118330624865,3,0.017312212288534485
756,0.327281888211264,0.024841161970228322,4,0.020965815978306077
757,0.329742883923267,0.006081364172793653,4,0.028844656511962594
758,0.34040112012184287,0.03733630100055241,3,0.016860106020782483
759,0.30980181039140536,0.018635426668466574,4,0.023700258218383907
760,0.34327956626647416,0.03193941082462611,4,0.018159252334441635
761,0.2896639328295708,0.0003734385955411071,4,0.03222732075700264
762,0.31059089212895086,0.016220047288164195,4,0.0245946102232716
763,0.32060986580623985,0.012302729905257678,4,0.025980403265334594
764,0.2989601423943827,0.012077316581048785,4,0.026529928268680964
765,0.29810107285510407,0.00407236742363138,4,0.030263543415949154
766,0.3116728828043482,0.009547808915141362,4,0.027421666932273527
767,0.3262119649455861,0.02642796459931802,4,0.02049633393416004
768,0.33306359830295235,0.0058360216038405785,4,0.028923479045057765
769,0.3474892188515327,0.0005577073378044472,4,0.03189171992849829
770,0.3254817143790827,0.0255232912820918,4,0.020811275503803222
771,0.3136625391487577,0.019316549027654784,4,0.02333814973604475
772,0.3371008139886105,0.023972181839582947,4,0.02089432291250942
773,0.3487844579635598,0.013204024676853297,4,0.024845832304783277
774,0.28763539948491673,0.002033116174753476,4,0.031329624387881554
775,0.3083972838026694,0.008869047595189502,4,0.027795123365953987
776,0.2961793808237565,0.011427012377330034,4,0.02684953853852461
777,0.29051404053857693,0.005221712161230303,4,0.029722377546007414
778,0.2974131292859186,0.000365236226615993,4,0.03226049005634217
779,0.32200396738107256,0.0017418620458041455,4,0.0313830558080346
780,0.2859482289479468,0.0033132375480305824,4,0.030668771480930022
781,0.3309405657546282,0.015841030886211145,4,0.02418202205919343
782,0.32241031422786237,0.015151767130159586,4,0.024709122889254163
783,0.33267507043270383,0.0029180233891562823,4,0.030585122830953073
784,0.3460447516228985,0.01586720040568759,4,0.0237253077573845
785,0.2920558710691667,0.0068958084500863335,4,0.02891511754668606
786,0.32767809533637554,0.018626461790218252,4,0.023163496864536094
787,0.3479036367175865,0.04068228362487571,3,0.0157229344739356
788,0.3461177523930091,0.024590184447538598,4,0.020345894920098504
789,0.3440070964150044,0.03683248728064612,3,0.016822840537918413
790,0.3342246894656771,0.029203709152148802,4,0.01933076263042984
791,0.3072467761461486,0.016122774534812284,4,0.024718041407931268
792,0.3452940751257366,0.01956413797260721,4,0.02222464865248459
793,0.33640707541989484,0.019798628950169088,4,0.022430494485588322
794,0.30987737393989967,0.012530969981892952,4,0.0261235976814196
795,0.2740577053312085,0.00016269184474282383,4,0.03217139044883806
796,0.34302918222053363,0.013353275063363767,4,0.024932922389608494
797,0.3485930954452959,0.018558776306877453,4,0.02251700638462835
798,0.27429326423310735,9.377042110704915e-05,4,0.03221140885607233
799,0.34910752215982294,0.030649650646537328,4,0.01828879216810509
800,0.28598154515790103,0.0034684894140294556,4,0.03059096126450985
801,0.31882152658524215,0.006333078956778586,4,0.02888222186733201
802,0.29650999368751274,0.009562679933231259,4,0.02765366520748136
803,0.33370118909358415,0.00059064138986447,4,0.03199270194799338
804,0.30961558237614034,0.008074496501259503,4,0.028153248816605737
805,0.2762946973691656,0.0008953147099328108,4,0.03182528859552882
806,0.3086640570168432,0.005065781738349144,4,0.029667612875982154
807,0.28545057043307254,0.005115658517971821,4,0.02978328789009462
808,0.34516177462991526,0.00829408860126158,4,0.027375405597178163
809,0.2964569142670051,0.004805314688994185,4,0.02990049772130934
810,0.28965850571056867,0.001478165663086243,4,0.031629658855875285
811,0.32665001751347356,0.009552872266362797,4,0.02712615577984073
812,0.3113648238808278,0.011125013399083047,4,0.026708111139882355
813,0.27507811168980945,0.0006718219843961595,4,0.03192324951166049
814,0.3402901451146182,0.02262194468692433,4,0.021251662662868372
815,0.3383061116426266,0.003413170071320276,4,0.03022259194435249
816,0.3486461585006439,0.042523496444596166,3,0.015276422037072357
817,0.3340869822260651,0.005607434788446615,4,0.029032274436264445
818,0.27603903518413603,0.0009284098125697678,4,0.031804680270032575
819,0.3250042618095453,0.013704985970561656,4,0.025255003925534893
820,0.32630325333052757,0.015743187192692944,4,0.024355695563127073
821,0.2869049124697729,0.0034422435687532804,4,0.03060581066381689
822,0.3098112396545268,0.010523151643637886,4,0.02700878155771104
823,0.3482338279926879,0.039402394159110524,3,0.01600543053082987
824,0.2951391496744591,0.005074967461581611,4,0.029773462649882135
825,0.3489465239961322,0.04343062801741735,3,0.01506612520942867
826,0.3311372314425085,0.02464501871286608,4,0.020887748824978677
827,0.28185126587621895,0.0018871611004621248,4,0.03137317707532362
828,0.33735928942249654,0.0338873063825515,4,0.017877750753283926
829,0.3400587012250442,0.023169866142838277,4,0.021065237473398866
830,0.31505056559208444,0.003851220489463056,4,0.030248278333653605
831,0.3395539528235955,0.021624018030801124,4,0.021639540025786
832,0.30473731830295003,0.004951581621683699,4,0.02976474064321881
833,0.34468780636008417,0.0006931132841864196,4,0.031831022080352454
834,0.34506148349304333,0.009722443636358696,4,0.026637448915637976
835,0.3021990964990362,0.010711395511569806,4,0.027061380657072316
836,0.31602565621229894,0.019912225338872245,4,0.023049597526451845
837,0.28985215091192224,0.0035563306073186493,4,0.030550029161431267
838,0.3284077514150776,0.012215792371098688,4,0.025832033062423192
839,0.31782154772331744,0.00985315043842713,4,0.027162174640329734
840,0.2957009666152148,0.008222101113865725,4,0.02826827097025926
841,0.2885427840778381,0.0016655879167718586,4,0.03152608621907648
842,0.32272134074587233,0.010790392628935868,4,0.02662105853805199
843,0.3128210590390012,0.017262452387639526,4,0.024130782151635815
844,0.2873725071872987,0.003967835582258017,4,0.030343632697123226
845,0.32676927788292165,0.02155194186294062,4,0.022109178765205892
846,0.3336040512218847,0.03248884177581692,4,0.018417111130443822
847,0.349752144093455,0.025934810317781973,4,0.01975053739548534
848,0.3236610320303947,0.018400604491204915,4,0.02337564655020241
849,0.2826017643259121,0.002762129670596702,4,0.030932944178976695
850,0.2978601377938873,0.009600957800828756,4,0.027618737632799113
851,0.3093790327009649,0.014777984808750122,4,0.02519881505122495
852,0.320638710131428,0.017692796136669343,4,0.023739961199905027
853,0.3125057977965847,0.007226519395825432,4,0.028523559274222805
854,0.3222023765503484,0.004176847595728447,4,0.029990419431697068
855,0.273687781001268,5.7278889372087765e-06,4,0.03224702243038833
856,0.2822633630420086,0.003209241016103907,4,0.030707261682639486
857,0.30236378242443845,0.007762505773696385,4,0.028404307844399013
858,0.31697229926077175,0.013822852160046016,4,0.025408161957787497
859,0.3435682049764194,0.030574727991673233,4,0.01854092420639123
860,0.31358846754895714,0.018439383222334047,4,0.023663886283850917
861,0.34345898580510476,0.022972320802133968,4,0.021011942593940507
862,0.32081195522109374,0.011051316370912933,4,0.026542156873855766
863,0.3050584748178096,0.01434032635209983,4,0.025476220437442295
864,0.34914564657606234,0.019163702866555235,4,0.02225515219116825
865,0.2908100926364605,0.007841312854992491,4,0.028487234436481403
866,0.3037430170957218,0.014681286700470038,4,0.02536865853825926
867,0.3231408508902394,0.010485330453534813,4,0.0267546746543677
868,0.33920985864306225,0.0011225677091390024,4,0.0316097959020562
869,0.33909479011401006,0.0042509593420751775,4,0.029721471947265522
870,0.345381095030342,0.019860528516249108,4,0.0221058874089641
871,0.3239023272860955,0.013291349104973071,4,0.025463596995086487
872,0.296092418514646,0.0008856285554264178,4,0.03196738696643044
873,0.2843272001512416,0.0038746529618847105,4,0.030385422845673502
874,0.3114560972937052,0.00796264024940616,4,0.0281786432690036
875,0.28173033298497685,0.0026264918422352884,4,0.030996101605318394
876,0.33135166366336744,0.0025268305139048153,4,0.030831394238665426
877,0.3356561578134286,0.021426704641179777,4,0.021847819573265616
878,0.3299635355036858,0.010004374484528934,4,0.026836086385415507
879,0.29357746948870583,0.0007865236601236458,4,0.03201668588848156
880,0.31583786114481266,0.009372018578924517,4,0.027427577227545522
881,0.30866506010759864,0.01386947350258242,4,0.025587013598408412
882,0.34643174060595716,0.03772364651239335,3,0.01649241077613704
883,0.2921472248289307,0.00416721686171233,4,0.030238624337852328
884,0.3377704247096681,0.025177738183025718,4,0.020461478991865574
885,0.33323637131763173,0.009549207057757546,4,0.026988075863081773
886,0.33354581627557506,0.010780874662525952,4,0.02638055014179195
887,0.34695431883947003,0.041186803265086676,3,0.01565245800892708
888,0.2957063839554106,0.009919334059378072,4,0.027506542570501624
889,0.3035340654845054,0.008405950165173648,4,0.028085776213493993
890,0.3333621679967276,0.014982670563616608,4,0.02447633593432456
891,0.34289883915192565,0.03705340149488787,3,0.016817486957367792
892,0.2778235418628942,8.546148789057625e-05,4,0.03227013670457768
893,0.28967653076030964,0.0032976268659448563,4,0.030681389383027564
894,0.3138195267560201,0.004603154584253019,4,0.02985556782011858
895,0.30743426680132063,0.012623661123274154,4,0.026136025822078034
896,0.2795008707989217,0.0024721832195475084,4,0.031057339569889642
897,0.3486583132123485,0.04039470480214202,3,0.015754076363602453
898,0.3466365350600035,0.04108928230968889,3,0.01568927740355697
899,0.34992831961039117,0.011576170254179913,4,0.02559471711168378
900,0.29167347084630074,0.007946316869949652,4,0.02843252118271109
901,0.31344367543735574,0.021156147685949016,4,0.022689334502498864
902,0.3424628322357423,0.01314813717843618,4,0.02504262807899584
903,0.2971737669737944,0.00751825796172334,4,0.028579182598070296
904,0.3487579528419723,0.004270620579591551,4,0.029562417461193546
905,0.2938364465384041,0.003234513222479956,4,0.030710360366373625
906,0.34499045037233883,0.00860693677989692,4,0.027214537506425853
907,0.3286536957680939,0.006683447914559526,4,0.028542117393924503
908,0.31692550209793274,0.009215552828494039,4,0.02748158346424923
909,0.31623426002432786,0.012273536043058208,4,0.02609452936308412
910,0.3222029833859309,0.01347277779664268,4,0.02542741723527438
911,0.3190610000614903,0.015793744035011898,4,0.024537261791009356
912,0.2910613255709994,0.007363106875990532,4,0.028704730596835704
913,0.28716550341678854,0.0027381221295348906,4,0.030963585404649142
914,0.29181171674745804,0.008927033386237878,4,0.027989632587463124
915,0.3429755704517593,0.0315097772703137,4,0.01829450383657211
916,0.3204654165723202,0.02355798613368282,4,0.021636145173318386
917,0.30863833525842893,0.01256005146509893,4,0.026137681851575594
918,0.34576055847104725,0.04077333297931644,3,0.015801661531869023
919,0.324826874843958,0.018028883683029285,4,0.023483240871230097
920,0.3434520256122804,0.012324781075373381,4,0.025400992217698173
921,0.3472150799450415,0.03408082706728011,4,0.0173974945070116
922,0.29842405752008744,0.005101484419556046,4,0.02973962173704325
923,0.27517725496301093,0.0007024254230643625,4,0.03190891984336537
924,0.34521958253559276,0.030233929810573556,4,0.018573204573000674
925,0.29047480054418034,0.0026729902790596435,4,0.03100288782945362
926,0.3133061427621803,0.012014135479863653,4,0.02627364087939209
927,0.3445780847882989,0.008582535507249071,4,0.027236154055697452
928,0.29129623708729957,0.001562154331517406,4,0.03158965820035251
929,0.34537252116635275,0.015622084328024047,4,0.02385173736386749
930,0.2748439734147454,0.0001729860706707758,4,0.032179098362220354
931,0.34877328322994305,0.04338936176972739,3,0.015083147920991306
932,0.32832822580247717,0.003547040841253013,4,0.03027115398075809
933,0.3235768695457959,0.0006659126736424214,4,0.03201706127148923
934,0.2780647635578084,0.0002740007621391499,4,0.032173708547857525
935,0.31526131226932735,0.020580177655181147,4,0.02283428197786599
936,0.33327239713370943,0.00238382161958817,4,0.030895847304818203
937,0.3016063463657299,0.006322897278191993,4,0.029106902921841617
938,0.3453862652923427,0.04018929076046107,3,0.01595279409707936
939,0.28261290729500965,0.003612971809283985,4,0.030508820003185597
940,0.3107942967851161,0.010783573064325157,4,0.026872497137457187
941,0.3460843860311052,0.00031429189104994343,4,0.032064414602137256
942,0.28921344327282483,0.005387766574073187,4,0.02964616904223862
943,0.32267796976753244,0.002248991614878716,4,0.03108018988653305
944,0.3265701686730143,0.006379128469341855,4,0.028737481651718137
945,0.29758272848274553,0.007096483274635966,4,0.028774040817604696
946,0.3341622734978626,0.03177583825867278,4,0.01859076901666345
947,0.336709187992346,0.030582573371390073,4,0.018823605885624674
948,0.2905054378128519,0.003720494911060002,4,0.030466583553897576
949,0.33658785865697877,0.017110432783752735,4,0.023488275244700187
950,0.3370952305344914,0.03482971375927873,4,0.017641119667334743
951,0.2849524015808419,0.0037792565621783455,4,0.030434016812511847
952,0.3069579968807674,0.014472294955345147,4,0.02537970782183992
953,0.32737034913651697,0.017784372055630562,4,0.023500854546139847
954,0.34012487482804005,0.031141814091625992,4,0.018519823219533327
955,0.31721670899125715,0.016512670648647507,4,0.024300484774026593
956,0.3460714994744096,0.0369411643761144,3,0.016702995204192154
957,0.31574613225283304,0.002456855484081137,4,0.031018122690809183
958,0.3478980942856548,0.038509548430701465,3,0.01623425506417157
959,0.33456027778405045,0.016401925683208467,4,0.023841968965188906
960,0.3333667354435959,0.002247115031867487,4,0.030976879604783628
961,0.28756030777164376,0.004237102756303433,4,0.030210298934553983
962,0.3328250513564189,0.02358265732353468,4,0.021184791174814904
963,0.3091998748336563,0.008424906973443226,4,0.027992137169820346
964,0.3421522518347111,0.03029457649378773,4,0.01868210568181993
965,0.34621083437542016,0.03802469858508197,3,0.01642864573238716
966,0.3076539235539737,0.011691811395499506,4,0.026532385556012675
967,0.3129186114483529,0.01485752688648132,4,0.02507928592485049
968,0.34562877094028005,0.01493675762178569,4,0.024145302033609015
969,0.3451072847932137,0.039968388323106584,3,0.016016776175191923
970,0.3476644440163742,0.04150094750662978,3,0.015548725479649913
971,0.2830212802341293,0.0003472728197128575,4,0.03219149431131929
972,0.3001041246466643,0.0018326119469230986,4,0.03144477616556759
973,0.3388481263864091,0.024044103768776814,4,0.020805024461258075
974,0.2891912048959726,0.007234801480957083,4,0.028775938117129623
975,0.3027156348028281,0.009293206570960154,4,0.02768788336406783
976,0.3306752891973903,0.03063219025340966,4,0.019059164931482787
977,0.34016019745319537,0.00673155585907137,4,0.0283117742834158
978,0.3422322779354899,0.036083235029896056,3,0.017091368538341853
979,0.333162676143851,0.02558913872313768,4,0.020500542258973947
980,0.3302619397119508,0.014806840690833014,4,0.024638568228093
981,0.29435294365500975,0.0030414875158981548,4,0.03080964825844902
982,0.28898171261735583,0.006707545248459177,4,0.029021312846435127
983,0.3229243234113039,0.011157333656079049,4,0.02644641583004321
984,0.33607716068711313,0.03118688939223321,4,0.018676450875583343
985,0.33774998340101575,0.02732395108883329,4,0.019766357818927785
986,0.3442195823580447,0.025931950004139635,4,0.019964418564803917
987,0.3377469610966077,0.01629568872891671,4,0.02379102991501451
988,0.30870869843875254,0.004705311824118907,4,0.029854851418967463
989,0.34537123731335667,0.039230550352112356,3,0.01617734064972177
990,0.32634298792193345,0.0005800451164968308,4,0.032052164146156165
991,0.32003549038528156,0.01615252396914879,4,0.024365453763403377
992,0.30177599804147975,0.009405074830003725,4,0.027651055620774627
993,0.32638211740712925,0.00731702376409208,4,0.028251051525533203
994,0.313411740415541,0.012578803705438964,4,0.02602509700368073
995,0.28470162460573556,0.0028056555607778233,4,0.030920991138492605
996,0.2789432473956339,0.002041234100368487,4,0.031269741952785236
997,0.31185117786498423,0.006124390447831033,4,0.02908648835613696
998,0.2840139793820131,0.004136301541827212,4,0.03025621089150853
999,0.3225318377683996,0.024449691794159786,4,0.02126782924520036
1000,0.29417823644149277,0.005637740853482091,4,0.029502460304052906
1001,0.29368745047219696,0.001270953904629213,4,0.03175191375564777
1002,0.2992158284530157,0.0038587460740259465,4,0.030368010026849048
1003,0.30417929891130374,0.003470562206076701,4,0.030543185455803135
1004,0.29707165136822333,0.008827666358514851,4,0.027976534302502014
1005,0.3164662633003051,0.017299896021049036,4,0.024013683014351337
1006,0.2773453492043727,0.0010919916371941278,4,0.031737510692010217
1007,0.29733944355657566,0.006016992258002476,4,0.029295436034314795
1008,0.28210901311395725,0.001962939664895104,4,0.03133618594538435
1009,0.34398281507344863,0.033541119427970154,4,0.017684030058205867
1010,0.34864765540460735,0.018851809427762593,4,0.022396749595813777
1011,0.33821010757891984,0.014694053568560479,4,0.024464587552206627
1012,0.28200854265638936,0.004086026986152372,4,0.03027471302005676
1013,0.3051937279785404,0.016156568593859128,4,0.024755710838573995
1014,0.32964405627574783,0.03050835875098974,4,0.01913699966450903
1015,0.3018272678213047,0.012783393790461249,4,0.026182098323653143
1016,0.3364451495584834,0.032617223542717615,4,0.018260828324016858
1017,0.2805848041163464,0.0011756667256544078,4,0.03173014804369992
1018,0.32701480261630955,0.016353012542250713,4,0.02408479789213115
1019,0.32411442479323865,0.005510215044933715,4,0.029238269563699258
1020,0.317716495094868,0.022516736776496016,4,0.022081392916212934
1021,0.3498165035993592,0.009208650348551183,4,0.02679372309325465
1022,0.31970698378327816,0.000896020694602935,4,0.031901121293185515
1023,0.31050290126369867,0.016662168746080508,4,0.024424907791673896
1024,0.34624583132411396,0.03325913322768167,4,0.017663714274121892
1025,0.32427049793637,0.018156691388397306,4,0.023450786178402745
1026,0.28332340717523546,0.004353140088893484,4,0.03014895102856543
1027,0.33778096909536887,0.0047374080988053305,4,0.029461756043239105
1028,0.342520078166577,0.02998178509982131,4,0.01875959168740734
1029,0.31942165229170827,0.017546881274359043,4,0.02383243473144245
1030,0.31849498473306004,0.0055024934520771715,4,0.02932107045052307
1031,0.32938586744722587,0.022651266385019752,4,0.021630540008580564
1032,0.324380901932871,0.016550150815348053,4,0.024081473359095572
1033,0.3356283906838038,0.004406545835161712,4,0.029682527232205495
1034,0.2821481631940538,0.0037597675456541003,4,0.030434674578629847
1035,0.3180532516150246,0.02030050369872113,4,0.022845721900652267
1036,0.34234675690056693,0.011627473158442791,4,0.025761321042151453
1037,0.2785365847986705,0.002137886065461924,4,0.031216963589342575
1038,0.3461529566677089,0.041257454541858314,3,0.01567391500452799
1039,0.3214490434692774,0.018904167191116837,4,0.02325283177898264
1040,0.2817019324347216,0.0005282058250807254,4,0.0320818525303668
1041,0.3431737835764845,0.021980451222512663,4,0.02138120190037028
1042,0.33742697497078045,0.026837137801828122,4,0.01993346943389944
1043,0.2898296839313128,0.006544651218659878,4,0.029093237273524707
1044,0.3227099685593065,0.013344575900075383,4,0.02547038939779449
1045,0.3182307672534631,0.02368969251051656,4,0.021670550587240187
1046,0.30307332960033834,0.008392829880075682,4,0.028098337773364724
1047,0.3181936239211101,0.02294842589498602,4,0.021919117799034386
1048,0.2785615364968897,4.9189811925915436e-05,4,0.03229948296654483
1049,0.28929797915408195,0.003931198645819706,4,0.030361623255980033
1050,0.27669282818635205,0.0005953953417948238,4,0.03198640766820234
1051,0.3245679983688174,0.013263260124837162,4,0.025459085045305196
1052,0.3474172379143604,0.03854771236169836,3,0.016246915540762276
1053,0.3005840019765037,0.007177707586660891,4,0.02870386292039551
1054,0.3131547023370815,0.007390880839123764,4,0.028432390375284406
1055,0.2827947420637535,0.00035244887121390397,4,0.032186523765474886
1056,0.28142142747004967,0.0028429841371660504,4,0.03088537235371493
1057,0.2832144068138485,0.004137722238472212,4,0.03025348904280817
1058,0.3081109636717943,0.005113470070124786,4,0.02964867342558399
1059,0.29544659277967644,0.008087826424443842,4,0.02833258084811146
1060,0.3377064006373212,0.016022438986143153,4,0.02390735033131641
1061,0.274052888412504,0.00018144590214160152,4,0.03216152150399635
1062,0.31814461941713246,0.01102655679140398,4,0.02661141269972388
1063,0.28453161908379204,0.0039034387682709247,4,0.03037172369980243
1064,0.28988966633834284,0.0038547820995736438,4,0.030399490283898396
1065,0.3342349403448099,0.020289392168590093,4,0.022317470268113485
1066,0.3397287528426488,0.003250352924735078,4,0.030300378266077104
1067,0.33564566236031707,0.017121114192467268,4,0.02351282316740287
1068,0.28281160091326957,0.0010933059738759097,4,0.03179344449669984
1069,0.3047535522848311,0.013040652484184071,4,0.02601634252542491
1070,0.3008832632971563,0.012761144502047527,4,0.02620940763662537
1071,0.3391171288564514,0.03535224968174258,4,0.01741678083197723
1072,0.3351794448776471,0.00700228341235298,4,0.028257736205138956
1073,0.3484468188075588,0.00750596867865215,4,0.027729769260414528
1074,0.32648054122512266,0.005051981645312991,4,0.02945277731168464
1075,0.2991144655132142,0.0055188168909160356,4,0.029526342017199073
1076,0.27804710362736484,0.001924679463579166,4,0.031319849215511855
1077,0.33036334733692624,0.023200640834403603,4,0.02140521609487412
1078,0.2892736510446873,0.004052892760652396,4,0.030300833147954655
1079,0.2947735578700341,0.008392931433945565,4,0.02820003581330905
1080,0.32412870234656693,0.002263977409615414,4,0.03105842341724895
1081,0.3416654845928961,0.033835920519242245,4,0.017704570147372527
1082,0.3346538264418925,0.01156234327304105,4,0.025982394131265414
1083,0.3257363181454467,0.019415622433563276,4,0.022925130890520267
1084,0.3007701010025115,0.0075547502713414726,4,0.028522246348415683
1085,0.3324246562868168,0.024391928576250815,4,0.02092464095599909
1086,0.3328228519249668,0.011922777141999772,4,0.025858460860165026
1087,0.28291403567644663,0.0032834571703606093,4,0.030673395662116583
1088,0.3045978139889501,0.0065011961640129776,4,0.028986774511862528
1089,0.3465699496983454,0.04026664061810022,3,0.015880191253432905
1090,0.2745150402678236,0.00014094098191601658,4,0.03219045006750212
1091,0.31993788497621517,0.0063796348983753935,4,0.028841382728102907
1092,0.31400159768550806,0.014761390375791498,4,0.02509131834658886
1093,0.34490786689684083,0.024569068243596524,4,0.020398552516932122
1094,0.2966744134989528,0.00405483957519969,4,0.030279406343335733
1095,0.27648826397803167,0.0004831648918211186,4,0.03204207419566497
1096,0.33576447246182256,0.021647137894591773,4,0.02176371479874138
1097,0.2809381228404193,0.0007844073148012996,4,0.03193854333090761
1098,0.34556689843968713,0.027566121892118517,4,0.019380514089899773
1099,0.30405757053394317,0.0023542495203393785,4,0.031146661775525396
1100,0.29831980422343796,0.006582908400297081,4,0.029012614582918587
1101,0.33790478268858426,0.008375030883795796,4,0.027484136645679644
1102,0.326739404051702,0.023505383617705693,4,0.02143110106227869
1103,0.317216182075704,0.007383511864494537,4,0.02837229623408381
1104,0.328218496094055,0.0012538806988313979,4,0.0316259664682269
1105,0.2891744988094252,0.0031763364630730696,4,0.03074297018796283
1106,0.3086203508335585,0.008839721749681976,4,0.027805273950267835
1107,0.334550731557585,0.030308563823962298,4,0.01899236281720553
1108,0.29945997353824183,0.009876198317008061,4,0.027473616081259408
1109,0.3293497237741542,0.017690920521078006,4,0.023476959842240682
1110,0.29461507118485286,0.0058201505275300445,4,0.02941101786874827
1111,0.3439032153650401,0.02191309982444478,4,0.021380092901883686
1112,0.3294082979113531,0.019379163145119116,4,0.022820386180037726
1113,0.30640828404041126,0.012598042127912797,4,0.026168268097047007
1114,0.31804152775494227,0.023292821868491107,4,0.021808901838104917
1115,0.2995409046766349,0.008505348141654896,4,0.028093134355200566
1116,0.303310459607896,0.012159017523233983,4,0.026416155504635264
1117,0.32239695464468365,0.005165091215668149,4,0.02944819526527596
1118,0.316166259534727,0.00041573664624921375,4,0.03220628086558546
1119,0.29993302117432546,0.002397896506604469,4,0.031137804417066744
1120,0.27997362368768247,0.0019769869816680685,4,0.031311824867868
1121,0.3140018397798253,0.007121299706464562,4,0.02855356827783038
1122,0.3347034091291883,0.01799615168237032,4,0.02318894877483153
1123,0.3195093551462533,0.013404250086327995,4,0.025524317472071283
1124,0.32172316495717596,0.011321512186465264,4,0.026397879889853534
1125,0.33066804260942234,0.0058527703806594555,4,0.028953150783917445
1126,0.2958031716993713,0.006785729862614201,4,0.028938036970635184
1127,0.32521260841147764,0.018070018780843057,4,0.023455439579113016
1128,0.3267625759671712,0.008630498890254516,4,0.027578109951015024
1129,0.2932296596581608,0.003987999201950777,4,0.030326088715787677
1130,0.3106467468015804,0.017308656921011183,4,0.024172933972328062
1131,0.294794919309335,0.005958514747664949,4,0.02934273644045927
1132,0.3054887516164079,0.01609290838678499,4,0.024773112761041625
1133,0.3006488887007818,0.006102245447495467,4,0.029224670244878806
1134,0.2737474097533271,6.370308733058292e-05,4,0.03221774661408179
1135,0.11244790850516628,0.4538632262346617,0,-1.0952540520620362e-06
1136,0.07806679839394172,0.37162852557231696,0,-1.7680450654912422e-06
1137,0.21225977810581192,0.07381971454244396,1,0.005100015047166613
1138,0.2814331602312114,0.29762093568573805,0,-1.1772250477983256e-05
1139,0.15262986248645224,0.11264931475315171,0,0.00010895167275194086
1140,0.22878835248505042,0.11466303321856974,0,0.0022002561391378946
1141,0.24694634541085408,0.39358879793005563,0,-7.5652549739585205e-06
1142,0.006214128295169985,0.2382978239169234,0,-3.2697478806512856e-06
1143,0.14576917959125876,0.12466291285076252,0,3.4296345763968616e-05
1144,0.0022776581268423523,0.44204971029332674,0,-4.1017428131734745e-07
1145,0.01924117305265005,0.0317061679887364,0,-9.195338282358322e-06
1146,0.2579992192828697,0.04720245759496289,3,0.016583997754090536
1147,0.2948338245852956,0.23004676489471157,0,0.00030057152238516574
1148,0.02947851236185184,0.009935167123564126,0,3.2175360049275485e-05
1149,0.1409846290248091,0.4328218152441215,0,-1.7970816638398895e-06
1150,0.17600893440969761,0.5852469940408987,0,-5.553536522216524e-07
1151,0.3232326452363984,0.33385410220858314,0,-9.696652124865833e-06
1152,0.050397191944278205,0.13555146321240683,0,-1.3114220157165093e-05
1153,0.09761216772926766,0.2854162410124591,0,-5.071819323883402e-06
1154,0.08288997885533866,0.4112495575990969,0,-1.2484950494201814e-06
1155,0.08195266705235811,0.24139085989839254,0,-6.704458524449724e-06
1156,0.19924492072139677,0.5133949886174294,0,-1.4363608601631326e-06
1157,0.011286212537033546,0.3695663021622584,0,-9.264712769691211e-07
1158,0.1570039217076981,0.35744964359694786,0,-4.470077428840925e-06
1159,0.0413518007184957,0.2848003891110014,0,-2.9181346012459357e-06
1160,0.08433965219761946,0.458944195748788,0,-7.862539244277284e-07
1161,0.3164328601745803,0.5995770187200576,0,-1.9530646193596575e-06
1162,0.025510238156945985,0.43742280931222294,0,-5.418166941834203e-07
1163,0.20849567306836964,0.007916716115387912,4,0.02306673445711394
1164,0.132290672254781,0.4323313762066585,0,-1.6558458056143415e-06
1165,0.1661347445179675,0.5634443045763735,0,-6.258043457978122e-07
1166,0.1488227356567143,0.502327915416901,0,-9.700058745652795e-07
1167,0.0674194085466974,0.1703815160140647,0,-1.1354631011538862e-05
1168,0.24312868368797932,0.08501686952266407,1,0.007456583161275661
1169,0.10383925776018374,0.37690404260010213,0,-2.1691600125211376e-06
1170,0.16843228170005492,0.544482306692498,0,-7.739965337910758e-07
1171,0.2902522288223799,0.23671373426131848,0,0.0001848505702907755
1172,0.029877409155408718,0.367519108095993,0,-1.1385890887408102e-06
1173,0.3298947559137428,0.3693125450249521,0,-1.585366329686058e-05
1174,0.06815214742121166,0.037928659102854534,0,6.566557336771686e-05
1175,0.2496306209530715,0.22584122254434225,0,3.775614704371963e-05
1176,0.08133881371006035,0.5823469724732036,0,-2.2214564160880478e-07
1177,0.33972306234148714,0.36164137802479446,0,-1.3768676542810285e-05
1178,0.07374013793081072,0.20857997560667335,0,-8.496370283588528e-06
1179,0.02804256407638955,0.34485932591474194,0,-1.4021733397566597e-06
1180,0.20646601160545622,0.45000360113712673,0,-2.907702369271388e-06
1181,0.11236835336863925,0.4959431407117667,0,-7.185218838902975e-07
1182,0.169667598754382,0.4717676143180656,0,-1.6210902667358072e-06
1183,0.2670969797832079,0.42397718833640413,0,-6.847952622787117e-06
1184,0.24442655966166604,0.574343683304729,0,-1.2258309343609285e-06
1185,0.2754523103616856,0.5465820741021612,0,-2.204254891365325e-06
1186,0.0793832419711536,0.25774477380804917,0,-5.569037371968747e-06
1187,0.28890427919287814,0.4293757496907094,0,-8.0180288452296e-06
1188,0.1595736755653668,0.14309445317884606,0,2.323292554726884e-05
1189,0.043886210417489746,0.1794464888655164,0,-8.44185341324378e-06
1190,0.03262278944463243,0.28378551076539743,0,-2.7021468334993597e-06
1191,0.1014616710226256,0.5070554262752901,0,-5.766150738054631e-07
1192,0.34502785366421074,0.3686559422229255,0,-1.416998293134886e-05
1193,0.2904868776697941,0.10669546945659542,1,0.008612934573325105
1194,0.21082605109536243,0.25103612591218005,0,-1.5733725569191077e-05
1195,0.07861330835732894,0.10792037279741751,0,-1.4585081881010508e-05
1196,0.31044913700875854,0.22366706847049278,0,0.0006920032031784781
1197,0.3145300959981324,0.5181707613346749,0,-4.314830909985832e-06
1198,0.1632249492005068,0.013400693270664331,2,0.008886805538876181
1199,0.2490080331701212,0.23996433719529342,0,8.561536284413195e-06
1200,0.1884674771756037,0.15212911269699575,0,8.712565810675977e-05
1201,0.20515388885067917,0.22534203389864293,0,-1.2764187979315677e-05
1202,0.13388196806786165,0.44977766073230807,0,-1.4131148977358715e-06
1203,0.31496912690513434,0.4144910855479628,0,-1.1641539136699978e-05
1204,0.24139575898611865,0.334627314491315,0,-1.2282993794780459e-05
1205,0.26439801660389844,0.5667318304188506,0,-1.6142745195680838e-06
1206,0.04180443108042323,0.050201405448820846,0,-6.879113940170692e-06
1207,0.30644916236880454,0.4693686956540192,0,-6.4495572827704145e-06
1208,0.1726755339164889,0.43832157622990786,0,-2.3333441847442505e-06
1209,0.31771836062872,0.5388534287428679,0,-3.62562352066138e-06
1210,0.24432972983396758,0.5750416901886408,0,-1.2161324763684686e-06
1211,0.1377662916681006,0.3981951340073711,0,-2.459661680288612e-06
1212,0.13941573365185117,0.163913407194424,0,-1.3730690858392326e-05
1213,0.06738443622961243,0.22846165128155077,0,-6.59949861843553e-06
1214,0.1360858794445578,0.5594903767723229,0,-4.823075133094767e-07
1215,0.0631665521433613,0.036207578391807604,0,5.367802063015898e-05
1216,0.22523261064293765,0.3523616819258336,0,-9.110030217345162e-06
1217,0.27227584011540945,0.36091244414374213,0,-1.273383609707884e-05
1218,0.21452120023277294,0.3660065365646075,0,-7.2251555228804875e-06
1219,0.23511884669406485,0.27191637717775163,0,-1.5594693375119714e-05
1220,0.19543354931536747,0.39919318109501295,0,-4.322113432492133e-06
1221,0.326043794430385,0.18756708723859158,0,0.003080023897282889
1222,0.09481304389229223,0.36877244193192926,0,-2.1501441094032027e-06
1223,0.25346058231218443,0.5356987614518319,0,-1.9737265741513647e-06
1224,0.2639256340539289,0.5156406795765358,0,-2.6764758587124737e-06
1225,0.2619672966095659,0.1124993342883462,1,0.005477481277858979
1226,0.05215690582767556,0.2568715025062908,0,-4.291625607093628e-06
1227,0.16545552059795535,0.06275917276995013,0,0.0016649202111269016
1228,0.2860625737163091,0.5214301338134211,0,-3.1488793756017054e-06
1229,0.3329060184636306,0.4382930035838891,0,-1.106428614984143e-05
1230,0.3480789712549067,0.14076431865414152,1,0.0065666669572971535
1231,0.25752225387167565,0.5120125729326502,0,-2.6037361501950266e-06
1232,0.0890433052538613,0.47205399879998655,0,-7.228206097343405e-07
1233,0.19252321494978256,0.24878580324420185,0,-1.5494531626426777e-05
1234,0.2614563030466549,0.5997786438140867,0,-1.1266482864879555e-06
1235,0.3084076874452647,0.49871994099299294,0,-4.925147937475267e-06
1236,0.2749456051944267,0.5376768852381534,0,-2.397125195908181e-06
1237,0.2422960133045573,0.5003510430523063,0,-2.5135646498794645e-06
1238,0.10173581097858457,0.23684850083390818,0,-8.470963384544101e-06
1239,0.08704998140929832,0.06530401265011539,0,3.7246719912820616e-05
1240,0.023654057355198765,0.2174487339944732,0,-4.784452807981971e-06
1241,0.30781303086178347,0.044283997599349645,3,0.016783458384552963
1242,0.15112271440929048,0.5724051379051108,0,-4.925383248420975e-07
1243,0.3055718656444563,0.5134299541835823,0,-4.138822002944967e-06
1244,0.16035498091461078,0.42751765813333115,0,-2.2987755921151036e-06
1245,0.17435888640701325,0.32056331592828013,0,-7.6095056564327076e-06
1246,0.09440894521046733,0.516578584398237,0,-4.88588436761103e-07
1247,0.09500099894189175,0.008797768110036741,0,0.0009322235391906677
1248,0.3065444019693815,0.2992888733357176,0,5.026503311783002e-06
1249,0.06578425716797182,0.35895046125063446,0,-1.7753387734413625e-06
1250,0.17336872095405045,0.15878272520293193,0,1.9182202040452796e-05
1251,0.33478651053395675,0.2907561302197212,0,0.00011054147463423747
1252,0.16025142125176767,0.02891352602081394,1,0.004836453746400336
1253,0.05537507431405775,0.46495788793828496,0,-5.543971764619528e-07
1254,0.2635218463364365,0.4110691217231101,0,-7.496490474295465e-06
1255,0.2584500774526678,0.23990375410987325,0,2.4839364261817152e-05
1256,0.17505521992945378,0.5514303502612504,0,-7.713991298165334e-07
1257,0.3404491677343847,0.35811720963215327,0,-1.2608441302247283e-05
1258,0.137390497727802,0.4143524891324834,0,-2.085216285256025e-06
1259,0.3049732989376085,0.22660253771295435,0,0.0005104359457624076
1260,0.19217095858155192,0.5885537197155412,0,-6.313545137974263e-07
1261,0.22784341516334544,0.5181144424512004,0,-1.822494596501759e-06
1262,0.1494883021580213,0.21370207786707457,0,-1.4979543604989637e-05
1263,0.2834270225401785,0.11937986799096056,1,0.006594878977453569
1264,0.31988363539342896,0.1191998151885778,1,0.008104950797059886
1265,0.07516834279181711,0.014945482900660978,0,0.00030443279725349357
1266,0.34223797215453283,0.2002039715725351,0,0.00306980084206956
1267,0.23158798852461251,0.2584148582146005,0,-1.4416046924246061e-05
1268,0.19411550076281414,0.008840080983094412,4,0.019185040068068815
1269,0.29509677441141213,0.25525562943431124,0,9.413187211187828e-05
1270,0.20366951182109422,0.10522174651607209,0,0.0013223176100624792
1271,0.3482690012998866,0.26564608233060527,0,0.0005482000076900332
1272,0.1178173997721895,0.4215473770280727,0,-1.5962569876674933e-06
1273,0.004767942554725735,0.4255981666541307,0,-4.95700550168082e-07
1274,0.275733715696108,0.10343781182112716,1,0.008057100875003205
1275,0.03827367286889791,0.1740580389913512,0,-8.424503494776897e-06
1276,0.24165267504236013,0.5607989804612294,0,-1.3652500484069097e-06
1277,0.10318407479203381,0.21009284687216093,0,-1.0968074661218711e-05
1278,0.056717538599862775,0.04588457776413013,0,1.4023205233248777e-05
1279,0.09671365940509116,0.5962807901128787,0,-2.2532537625694655e-07
1280,0.349359003405949,0.3126433777649697,0,7.381631198781308e-05
1281,0.3363255835381546,0.06997555479042779,2,0.011553606612898082
1282,0.33927657848406767,0.3708405451106381,0,-1.53589994811243e-05
1283,0.24511600442484865,0.17891621441612726,0,0.0003424169326311831
1284,0.28203233963593116,0.021953057013102906,4,0.02321900651114901
1285,0.2093014202646621,0.4915620238959166,0,-1.9751054574615014e-06
1286,0.2835695367980209,0.5269280015086377,0,-2.9078561412893077e-06
1287,0.0020567624181231144,0.23281377549759882,0,-3.3134288260413908e-06
1288,0.30724399478846004,0.24193959862627556,0,0.0003012951721793227
1289,0.291396104502043,0.0592805250048426,3,0.014721398459128515
1290,0.15651038989965754,0.5554247853958928,0,-6.159379029131409e-07
1291,0.31375084412193466,0.33748276090992013,0,-1.406663837811757e-05
1292,0.14240088337526335,0.4326781037595832,0,-1.8252759900380822e-06
1293,0.07681347446240595,0.02695743490794912,0,0.00018682823200477945
1294,0.06182558350200945,0.05533344721169766,0,7.427106877956952e-06
1295,0.13291495117002183,0.010094587556895584,0,0.0038014011410899226
1296,0.33085171512476813,0.1278626516362854,1,0.007473251227191736
1297,0.20904402829055527,0.5521987694864804,0,-1.0746344610224906e-06
1298,0.17002126142605353,0.07440868185132885,0,0.0012549453840244547
1299,0.32972799611123854,0.5268703621794851,0,-4.6002233892727925e-06
1300,0.11943748761654284,0.3009834557132555,0,-5.39345514204609e-06
1301,0.16563635509823477,0.3443761945143093,0,-5.540186580970155e-06
1302,0.013024307119300978,0.13696895088494612,0,-9.416021135214568e-06
1303,0.008948570330799377,0.12585666079406935,0,-1.0043802539162081e-05
1304,0.13851868739317086,0.523951740007137,0,-7.050203913685003e-07
1305,0.08148603054110348,0.12165707221551393,0,-1.564094354915105e-05
1306,0.21112071790450132,0.19263998904781598,0,2.6218254252207462e-05
1307,0.136145504891637,0.43934717100104137,0,-1.6042465233968895e-06
1308,0.23719478607265693,0.16404174380778913,0,0.00046301211089822377
1309,0.12192895572103153,0.5676792907418173,0,-3.858098355940196e-07
1310,0.005942675379038636,0.28712505813255373,0,-2.0026283720652953e-06
1311,0.07165991580186179,0.45243870576762346,0,-7.39302293927786e-07
1312,0.1958572478678935,0.5167779178140687,0,-1.3424501799958057e-06
1313,0.3319387528379141,0.12648860910764081,1,0.00754654295663689
1314,0.3040386353469237,0.32339099003984273,0,-1.2925190173099738e-05
1315,0.14077208207419248,0.09002295899738699,0,0.0001885316875152441
1316,0.09988351821040037,0.581806274465873,0,-2.6879279067959245e-07
1317,0.32967339785351224,0.4066263260876248,0,-1.386746397454726e-05
1318,0.10765780379090924,0.3430822626794441,0,-3.1584566167101745e-06
1319,0.32415347619481794,0.41433837002283164,0,-1.25673895499379e-05
1320,0.11843010924644504,0.1616047528736453,0,-1.574757463658483e-05
1321,0.03658952466180576,0.4237167886371263,0,-6.94123226926116e-07
1322,0.0028785268821164833,0.05769479201899079,0,-1.5546225520252954e-05
1323,0.13472968775538252,0.30885233082257807,0,-5.801249164134865e-06
1324,0.3146116741259647,0.2501448301243716,0,0.0002875458317328927
1325,0.12721828667648327,0.3194200818911659,0,-4.853423221052066e-06
1326,0.059869400762839094,0.3221308652096445,0,-2.41784644693211e-06
1327,0.20294112460480532,0.17542670166552304,0,5.098981367279791e-05
1328,0.3020028253560156,0.20755750927201005,0,0.0009274818035330708
1329,0.26599934053463287,0.4460939171171245,0,-5.45440426083733e-06
1330,0.007854353217940147,0.19139834256806446,0,-5.296098227977144e-06
1331,0.14552307154553942,0.26499764734313674,0,-9.793631603042122e-06
1332,0.23004097621698139,0.05934213040979941,2,0.010735583054791473
1333,0.2932398444696357,0.5117702673990724,0,-3.7232536506571233e-06
1334,0.24410057665600857,0.0586850732098225,2,0.01285771950256658
1335,0.19108406054113747,0.31354446073020725,0,-9.520402158885065e-06
1336,0.34405453015736737,0.5196392248221247,0,-5.689934625733805e-06
1337,0.2812579089380238,0.29996623616011403,0,-1.2621600199006886e-05
1338,0.047642730736450645,0.34874670441519645,0,-1.6402941314790257e-06
1339,0.2720455302243313,0.24613633092189585,0,4.255897772550998e-05
1340,0.05664258562849189,0.2694340808776934,0,-3.960234648803794e-06
1341,0.222915106402191,0.22362394337260205,0,-2.0528010091476825e-06
1342,0.25443656298183615,0.49014729950230357,0,-3.140506735738039e-06
1343,0.193262322016089,0.13041862510318483,0,0.0003145362845646728
1344,0.23186820426547547,0.09411956580348846,1,0.004613771883981394
1345,0.09165365648581664,0.20938171101636965,0,-9.9594454153888e-06
1346,0.2469758741963483,0.43380895301965755,0,-5.105666461230864e-06
1347,0.1320626838329266,0.5241307292024397,0,-6.59829370164986e-07
1348,0.08288679016440936,0.09259252209755779,0,-7.789899743833625e-06
1349,0.1444695516023924,0.006939155821166998,1,0.006299932839270183
1350,0.12720473301562035,0.16067127484527077,0,-1.5184301012211236e-05
1351,0.3150183667729304,0.4686251531954066,0,-7.06000840730165e-06
1352,0.2859369337476841,0.030294164223639175,4,0.020718911171505205
1353,0.19070340963692972,0.009039656169901477,4,0.018156414291989286
1354,0.2886526098130665,0.3428935311225552,0,-1.562444866858618e-05
1355,0.0776270867382808,0.4713564026033804,0,-6.49453842562032e-07
1356,0.06415363742676317,0.3844222784483606,0,-1.3540207574578589e-06
1357,0.19875920432055127,0.34702082567290904,0,-7.456366357180887e-06
1358,0.2612869494340306,0.02811494612563814,4,0.02140262688987191
1359,0.21573532643147478,0.03665629768614531,3,0.014211582955264496
1360,0.30037251970329243,0.4153832800352815,0,-1.0165513770462256e-05
1361,0.2906781686100323,0.4201210532043628,0,-8.900633754140637e-06
1362,0.18755798560811365,0.5649998428890395,0,-7.630521699258912e-07
1363,0.2137532384541032,0.39163027628512,0,-5.581885765996334e-06
1364,0.2852508617496342,0.5914822393122837,0,-1.5518839307957718e-06
1365,0.2548830738074102,0.2797671646317595,0,-1.4104908969045034e-05
1366,0.12317694674378454,0.1599903651895941,0,-1.5475694128766316e-05
1367,0.18110686838251597,0.3360550035570168,0,-6.991639104518763e-06
1368,0.01364318695303706,0.0011607045060930132,0,1.7119729813940767e-05
1369,0.03799072664871068,0.4378286801599071,0,-6.112652881122107e-07
1370,0.17399256806671548,0.35670537124069324,0,-5.326349657043314e-06
1371,0.048073760275815725,0.15081646165190515,0,-1.1378491793303501e-05
1372,0.013113099938485334,0.19502869272889162,0,-5.381650332778959e-06
1373,0.08227297869683015,0.44704279263314467,0,-8.675272736451131e-07
1374,0.13738336749555632,0.31360050562400205,0,-5.6826138626842045e-06
1375,0.1797966471055971,0.2672577620326308,0,-1.2868453295664626e-05
1376,0.10588757142558819,0.4598638644310827,0,-9.660783085669762e-07
1377,0.2799749036028185,0.08572328653992889,2,0.010824718613265597
1378,0.21203822420292012,0.5058575497072866,0,-1.7595647298265423e-06
1379,0.3340881770288475,0.557728318958538,0,-3.534730955347373e-06
1380,0.22317234823347337,0.5765826563775313,0,-9.696554773302933e-07
1381,0.22566393945201663,0.5722210404737176,0,-1.0383680026034964e-06
1382,0.23748007467384788,0.07598803315336833,1,0.008338490172010141
1383,0.23349658485109262,0.5852678418686297,0,-9.854779985838625e-07
1384,0.059798291357957396,0.4413045149733238,0,-7.340535216374527e-07
1385,0.08012683830464688,0.40761244697689364,0,-1.2594992180563155e-06
1386,0.25695658846089187,0.14876271386549272,0,0.0016670449209384272
1387,0.12773034122002835,0.2087973629403589,0,-1.3502354646902759e-05
1388,0.025221019154615165,0.07249215455907693,0,-1.5746282253148186e-05
1389,0.12239689416815225,0.0911467151507219,0,6.814803164813474e-05
1390,0.33376704637579646,0.5681453873092839,0,-3.1761308526141697e-06
1391,0.3472341619186061,0.08205553033225237,2,0.009818291929441557
1392,0.03766707953411384,0.005141461831790928,0,7.59017131837071e-05
1393,0.33267671695838064,0.5845657464622199,0,-2.667254785009457e-06
1394,0.06148911429698925,0.3778449185251077,0,-1.4080864193456122e-06
1395,0.03061916304420142,0.08908911848972229,0,-1.5359780876465015e-05
1396,0.32685523418941403,0.3151664149163846,0,1.048529874643935e-05
1397,0.3265284566095574,0.09106211867799248,2,0.010044617426627347
1398,0.20516984168023067,0.49524212034814985,0,-1.8269471514343363e-06
1399,0.2370431171421405,0.06060501432315461,2,0.011501017448353724
1400,0.19213215447603502,0.5216879556563698,0,-1.231511984949836e-06
1401,0.14935004079373151,0.3733047126252771,0,-3.538567350608139e-06
1402,0.14900053615480632,0.05061430150803514,0,0.0014439521159502686
1403,0.3094522313546161,0.39111751266075184,0,-1.3415516832974412e-05
1404,0.31257356332358677,0.1743062037574891,0,0.003267461060397376
1405,0.05014837019227338,0.3700554589187543,0,-1.3591618439939303e-06
1406,0.31472817630636984,0.028711258906677584,4,0.02024459800079427
1407,0.30059791268611874,0.13605920803027316,1,0.005950243754750179
1408,0.0005179461083781312,0.06461927499264226,0,-1.4992174251216237e-05
1409,0.20728847307641166,0.3026583776796211,0,-1.2077693605695694e-05
1410,0.2812417225215097,0.13422954386504493,1,0.004676419471877165
1411,0.2872337969139031,0.3135661970294911,0,-1.4483246984062476e-05
1412,0.07700709544386769,0.3919650960852461,0,-1.4276126556472094e-06
1413,0.21111422459784276,0.4588448039393372,0,-2.7882842909295357e-06
1414,0.2694721731937229,0.17772030124984634,0,0.0009047272931145655
1415,0.13492569860280365,0.25113030877909276,0,-1.009144561603805e-05
1416,0.07314307998992498,0.20178046992846035,0,-9.00726366242477e-06
1417,0.2007983511198167,0.28473784968503996,0,-1.3212146752752743e-05
1418,0.04647515736663571,0.02946548895044393,0,2.606427321887922e-05
1419,0.29397450227251604,0.03834569475232774,4,0.018536501155735505
1420,0.14034933286337034,0.5798411722769882,0,-4.106152491045816e-07
1421,0.1697808365055259,0.03627388192953349,1,0.005064202665029102
1422,0.14845474265227143,0.3749122317555393,0,-3.4514693622166015e-06
1423,0.3311791278171867,0.5501060053160185,0,-3.7048307292984996e-06
1424,0.009473293667018122,0.19336317208205206,0,-5.2779447076951154e-06
1425,0.005224087903497731,0.08924635553331822,0,-1.3229822310566838e-05
1426,0.29911492809097595,0.027724201282166173,4,0.021072024020574575
1427,0.10589937433919382,0.4524226776293473,0,-1.0408207115281436e-06
1428,0.04998740141199931,0.38277018241068445,0,-1.1949890535616832e-06
1429,0.24191884033885358,0.5294045756702213,0,-1.8733779236632298e-06
1430,0.20451338246538497,0.12699711274273953,0,0.000579127710301386
1431,0.11717955309455225,0.30871076016203913,0,-4.886592027591276e-06
1432,0.13780661242148826,0.04917782300016077,0,0.000989805510829447
1433,0.06267536818271705,0.355902951312269,0,-1.7743214076959404e-06
1434,0.14573603476427924,0.19233014795971137,0,-1.577981560123374e-05
1435,0.3196143415379201,0.2282459979803884,0,0.0007989353292349158
1436,0.061434441128298045,0.21042952734626605,0,-7.4215384505524674e-06
1437,0.2569270292168114,0.09770992130345713,1,0.007050238205372804
1438,0.3279034862520656,0.248772372552616,0,0.0005027154370294051
1439,0.2120297914841057,0.05685456592516508,1,0.008232173548739894
1440,0.31387518564113953,0.010960693202435645,4,0.02673094924596159
1441,0.15993316532195587,0.08751822995554093,0,0.0004922876806785847
1442,0.3357576389701945,0.21160227746151883,0,0.002084746720153571
1443,0.22552922672500464,0.39044479645322056,0,-6.3379906655410885e-06
1444,0.33447311716432726,0.13678956612077556,1,0.006916760006133236
1445,0.09128003558731645,0.011987338382310114,0,0.0006984158901077062
1446,0.32870842388528104,0.12488991145317742,1,0.007676646337456478
1447,0.1765965738818581,0.457329033884807,0,-2.0067471849526167e-06
1448,0.15465824750812643,0.35896233806879135,0,-4.302247895602676e-06
1449,0.08011836975888548,0.40608567355771547,0,-1.2787644696836444e-06
1450,0.14102085293459504,0.21983329670675575,0,-1.3716524021482555e-05
1451,0.034173634084429416,0.11108147632911965,0,-1.3907123112521653e-05
1452,0.027305461214435466,0.07800220818439157,0,-1.5690269914670923e-05
1453,0.029884746363064263,0.03550449001229665,0,-4.9275686317317495e-06
1454,0.3406924970011453,0.3462875278147091,0,-7.072358194689841e-06
1455,0.07624755847697645,0.25990730186900957,0,-5.285596287180164e-06
1456,0.06158671630896662,0.024010472315479536,0,0.00010018682340736118
1457,0.29542200388218715,0.05418897713971438,3,0.015440499198421019
1458,0.34242676876786265,0.5913593608838272,0,-2.7463844879479106e-06
1459,0.21169798076631885,0.1379459388412766,0,0.0004911705023653806
1460,0.2313670616132126,0.03196143400426834,4,0.018206469689807294
1461,0.07888165341593498,0.06324480070744105,0,2.2794232977239343e-05
1462,0.016351688855316654,0.12405654838136054,0,-1.090307954878024e-05
1463,0.18378171406922617,0.4845211524636349,0,-1.642868505009221e-06
1464,0.16650823701915562,0.06534526539369079,0,0.0015664983717372089
1465,0.1959219191574374,0.10896615567233832,0,0.0008578196850285301
1466,0.037383693890196384,0.09076408863392726,0,-1.5604884218650723e-05
1467,0.05969032370961941,0.3457561600821318,0,-1.9060557844235393e-06
1468,0.2883513153429423,0.5143338841836759,0,-3.457408174563494e-06
1469,0.24110106500803144,0.37830444664766555,0,-8.281778225534466e-06
1470,0.06537394191436391,0.3967380766680682,0,-1.2118274196311723e-06
1471,0.10021134372468019,0.5293754098886514,0,-4.5554799943843386e-07
1472,0.29943349687823495,0.5641066145464045,0,-2.349711818262333e-06
1473,0.04786600934217157,0.037874572884161406,0,1.2697511230821367e-05
1474,0.33571828311448176,0.19800762422342102,0,0.002891049694902004
1475,0.2916668772543415,0.13263299848543966,1,0.005694615992162694
1476,0.3251724967494569,0.5154414985791618,0,-4.924949916766538e-06
1477,0.11641023365775066,0.400337662240235,0,-1.9456689833280344e-06
1478,0.29933327749920524,0.5650755376349275,0,-2.3247669653596515e-06
1479,0.3276991342984911,0.357634636353527,0,-1.5143555996350831e-05
1480,0.3449916987233235,0.38115785317654083,0,-1.5736495141255108e-05
1481,0.26146366187456455,0.28170198596802726,0,-1.2990529260442575e-05
1482,0.30981475833019256,0.35237675452100087,0,-1.5892990697658122e-05
1483,0.034422114690081704,0.32545445523934285,0,-1.8143106714985102e-06
1484,0.1478136241359763,0.5184915946194488,0,-8.169806935658896e-07
1485,0.23495155024358338,0.4191145592274822,0,-5.243678494512717e-06
1486,0.11459846399600654,0.08831491275694478,0,5.0234289972039694e-05
1487,0.11861508817884878,0.11449582926707728,0,3.988958317741881e-06
1488,0.02676606870457751,0.019951465352847364,0,8.03097522188285e-06
1489,0.016567959555281564,0.0919376031918274,0,-1.405072330278333e-05
1490,0.2900565456620595,0.1195690234365796,1,0.007064600008050706
1491,0.11904317425380048,0.09711998457169992,0,3.709448391833176e-05
1492,0.04262207299880782,0.13514625130072697,0,-1.2386544313466642e-05
1493,0.18015185822754387,0.18410981080566324,0,-4.363994212398177e-06
1494,0.27750977154111867,0.22152707363872048,0,0.00021003353955926783
1495,0.3021181743813608,0.2318703562698219,0,0.00037223261803785734
1496,0.06217915490598254,0.18371162131314667,0,-9.62254470066138e-06
1497,0.23107442925753413,0.39639005302963265,0,-6.312409340409312e-06
1498,0.014074722889232331,0.06781639556801378,0,-1.5590707418046096e-05
1499,0.28227418408370986,0.08204254710370629,2,0.011427871826136983
1500,0.192412611738848,0.12872320889885427,0,0.0003267477752469529
1501,0.256811369037752,0.3388392079313379,0,-1.3389694527080934e-05
1502,0.33459790455468974,0.018142133096950563,4,0.02313421620522674
1503,0.23049807096229358,0.12042975504782744,0,0.0019039403536917582
1504,0.2760949731058286,0.021981009515918637,4,0.023278061506427174
1505,0.018810067493879035,0.41769641921620027,0,-6.172407482674967e-07
1506,0.22339530039983008,0.2979071120627729,0,-1.410914671211971e-05
1507,0.1830780232119181,0.5251680428845279,0,-1.086647661301124e-06
1508,0.22202363237537523,0.39356629126499165,0,-5.9397331779310235e-06
1509,0.30832638190327627,0.31093509267955743,0,-4.620891021488287e-06
1510,0.33982826795603954,0.09589307009796501,2,0.009138625833780036
1511,0.13914720668439448,0.2967948174463674,0,-6.8160447642952924e-06
1512,0.18014794086417446,0.19402036333872946,0,-1.032388212776253e-05
1513,0.13894815146610082,0.462966427743596,0,-1.302796527191814e-06
1514,0.10484700142145897,0.46861422222744753,0,-8.759958836021702e-07
1515,0.15922571762683196,0.489737713217609,0,-1.2204992590807421e-06
1516,0.30482239008172946,0.4776244489011884,0,-5.854412477120268e-06
1517,0.24134056238343304,0.18673196824211638,0,0.00020628388899670045
1518,0.05849370188135289,0.21387343687140883,0,-6.976814099623514e-06
1519,0.1442836430843788,0.10561624841500378,0,0.00010216165994813114
1520,0.28010071286303534,0.013587235061437108,4,0.026166774679807152
1521,0.3074111864330887,0.09189812477264427,2,0.010483119710837851
1522,0.12090003813561562,0.49386823675136676,0,-7.988140275579194e-07
1523,0.1017060657708242,0.2972623224785269,0,-4.696699230750827e-06
1524,0.08602659937169772,0.24591491937756715,0,-6.674700786953495e-06
1525,0.3005193396241881,0.08087679986522334,2,0.011720420039183057
1526,0.1992255322190224,0.5789388659040723,0,-7.457650970555336e-07
1527,0.3370844690687248,0.5201631171544556,0,-5.285881195356775e-06
1528,0.18523243008007667,0.16287029856549262,0,3.643783462452723e-05
1529,0.085172995256977,0.09212482340816888,0,-6.03424620955098e-06
1530,0.32333999715840417,0.39381072244239546,0,-1.4465302048917722e-05
1531,0.2599647084272855,0.5996250403746662,0,-1.1117148359009095e-06
1532,0.014165600320995985,0.4464192553176447,0,-4.421470695926297e-07
1533,0.3115205897089103,0.19893129469680843,0,0.0016385076370646295
1534,0.2559685716602423,0.5045907481395395,0,-2.760884957409153e-06
1535,0.24845420482971675,0.27229615655699113,0,-1.3860274104318105e-05
1536,0.24461354562081897,0.24738845090529726,0,-4.0186706398954376e-06
1537,0.2528256435797974,0.07988828178808927,2,0.009590660299816051
1538,0.10311886620305397,0.06618586512915887,0,9.516695186492185e-05
1539,0.3198250484218922,0.4190872855681801,0,-1.1665826083961511e-05
1540,0.22935323463344337,0.32558693956637663,0,-1.1987383158942065e-05
1541,0.07376318366385295,0.06794314114599675,0,6.4556173030359475e-06
1542,0.03027737549929138,0.11492197954627563,0,-1.3166402435989915e-05
1543,0.045942555459817055,0.15980850164244914,0,-1.0319473766298955e-05
1544,0.18317562837366377,0.5216901164728445,0,-1.126192049767869e-06
1545,0.24736883633661563,0.22703269226074663,0,2.9212500220168104e-05
1546,0.24785390433282276,0.22893954838183395,0,2.5996380094669907e-05
1547,0.1989622531452936,0.13183497573404193,0,0.0003768007125644024
1548,0.10379579635684219,0.020547874631189067,0,0.0008180876520525414
1549,0.15886330945684188,0.25047278230246495,0,-1.2460369290614313e-05
1550,0.23646480628604494,0.2134014103966403,0,3.6390364103574916e-05
1551,0.33950482398045323,0.5272780993744074,0,-5.045955671941411e-06
1552,0.3078934025520089,0.413297026710087,0,-1.1069593253491957e-05
1553,0.20653327887757633,0.02539141682495699,3,0.015918390774791093
1554,0.1229206902697057,0.2892677570051562,0,-6.262695709582928e-06
1555,0.21851989635868388,0.44054500933031066,0,-3.6023059199356468e-06
1556,0.3372799224984548,0.10509519620297558,1,0.00866174053989804
1557,0.27167763608923706,0.5204080405462012,0,-2.7568952940076384e-06
1558,0.10677956833944527,0.34289864345798926,0,-3.136693015358252e-06
1559,0.2809161139435286,0.053215793498469055,3,0.015858196145436737
1560,0.14845047356112856,0.3221182088756274,0,-5.825815930536987e-06
1561,0.15666664030220712,0.03705341153163957,0,0.003202805544354787
1562,0.3145655126238048,0.18581702147343873,0,0.0025588261727463395
1563,0.20020222168938445,0.5561221007374192,0,-9.460351478448733e-07
1564,0.34243683776303885,0.14766470757589295,1,0.006293491961862051
1565,0.2874274358483977,0.2106297692664696,0,0.0004955396451564871
1566,0.1155615079684971,0.5938672076814495,0,-2.786334918483246e-07
1567,0.21626513053879534,0.43903940685796206,0,-3.5757018589554118e-06
1568,0.1965825434363297,0.5321469200619724,0,-1.159621368258968e-06
1569,0.1621328898620618,0.0515041347849603,0,0.0022659181077311725
1570,0.06491911704558012,0.12218003383720516,0,-1.5426906116091574e-05
1571,0.2660887758958252,0.02441792873713855,4,0.022537407110369764
1572,0.015553811379490688,0.16997438599738834,0,-7.0457010710040856e-06
1573,0.2514453142546909,0.18434564599102177,0,0.0003527322837062451
1574,0.3234131765783156,0.0015913188758689967,4,0.031461193762546004
1575,0.0702505426220687,0.05005764597182305,0,3.340707822800852e-05
1576,0.015224714655433912,0.09611285144838172,0,-1.3532392806748558e-05
1577,0.0030766256077219,0.3393603631284803,0,-1.1544850008137343e-06
1578,0.01435067241727156,0.1326867558346925,0,-9.913702881484938e-06
1579,0.007507001485427989,0.04051099011622754,0,-1.506116272409435e-05
1580,0.29850918438866025,0.24714386399920849,0,0.0001653869728805584
1581,0.21038255574932,0.33470500866336544,0,-9.354065364078073e-06
1582,0.12788300748243467,0.29371920823302916,0,-6.293568641261251e-06
1583,0.21052137706230944,0.16908568409504993,0,0.00011223174102159867
1584,0.15905042060290053,0.321815691847444,0,-6.481789990132546e-06
1585,0.1120483831618991,0.3635999504716849,0,-2.688766700962024e-06
1586,0.09875769812372778,0.4791412547816184,0,-7.41961952412886e-07
1587,0.19873381999238818,0.5176949856038592,0,-1.368931637693004e-06
1588,0.007890311061738419,0.2891312412847992,0,-2.001416765005871e-06
1589,0.3303178465089045,0.3728575946617271,0,-1.5916526864723403e-05
1590,0.21224618059173317,0.2585538372635801,0,-1.5816202011073938e-05
1591,0.03632173463305035,0.408275976469771,0,-8.07849495834778e-07
1592,0.3443611266432018,0.49658845428433296,0,-7.148866623987301e-06
1593,0.13242913841549844,0.4909735024988064,0,-9.22581557880655e-07
1594,0.2505493501357019,0.1401822546811669,0,0.0018256369476820939
1595,0.11461237989799751,0.42575532967431345,0,-1.4823182564349352e-06
1596,0.10057053429533096,0.028023582639243705,0,0.0005196191498991646
1597,0.2664254481965569,0.18234742152496208,0,0.0006822637035222532
1598,0.0937357185821542,0.4305230746205858,0,-1.1474323796359102e-06
1599,0.30857363172258084,0.15012045137762997,1,0.005080597279918843
