,X1,X2,Label,f
0,0.0946201181849351,0.21324070491394703,0,-9.878352855720475e-06
1,0.03419911712762995,0.508860594207772,0,-2.892681692808914e-07
2,0.3480565426915517,0.361457693910471,0,-1.113007594442323e-05
3,0.18876970228346165,0.2925282949237862,0,-1.1256844616676492e-05
4,0.2855883099124709,0.04221553335853918,8,0.017913750614224906
5,0.10734754581951968,0.3243290031971792,0,-3.7957211987791386e-06
6,0.04255790030141972,0.5472394320440263,0,-2.1423311295315468e-07
7,0.2736672081344215,0.27479591482290344,0,-3.007643745357612e-06
8,0.2523385493828079,0.5974156822808949,0,-1.0532847689662274e-06
9,0.07344801523367452,0.2994638667201805,0,-3.4708163897559328e-06
10,0.3123987826402183,0.5331886094928707,0,-3.6386249959759064e-06
11,0.06445883364745601,0.0059912786948744575,0,0.0002820303409897795
12,0.2614612891944145,0.3044811940726764,0,-1.5847653672990518e-05
13,0.3235431887675785,0.35049096437110006,0,-1.470355614293862e-05
14,0.053726196714113855,0.5603792344933143,0,-2.1002389421695578e-07
15,0.08493525002752074,0.5502167651520744,0,-3.175206241982202e-07
16,0.31909110329565943,0.11885390600212564,3,0.008130235132701636
17,0.27067311422690726,0.25393512195115286,0,2.075399317999674e-05
18,0.326253577742292,0.24748775428458356,0,0.0004974516312661802
19,0.06010250737545725,0.3958021403339731,0,-1.160496685232735e-06
20,0.0036664479783430847,0.12389137276115962,0,-9.745054026204816e-06
21,0.23191219108353134,0.26215949176515163,0,-1.4954149341577366e-05
22,0.17891399219276735,0.27068393147298964,0,-1.2440855190014496e-05
23,0.2572379163961281,0.19310596654806866,0,0.00030846689405730646
24,0.09329250843255962,0.22156432033346748,0,-9.035521733587252e-06
25,0.04008316457877667,0.2638185487165854,0,-3.552127871049061e-06
26,0.32874228059930427,0.37843539693506795,0,-1.5827301741501125e-05
27,0.04242396421998764,0.12803662514842049,0,-1.3070145704098809e-05
28,0.024270696291186666,0.425296554300217,0,-6.041398061731729e-07
29,0.20483411951098215,0.38254724463984324,0,-5.592007315374484e-06
30,0.17099686430280694,0.2578841881259546,0,-1.2926703915226929e-05
31,0.006047809572092255,0.38180859353894553,0,-7.779329166505397e-07
32,0.34711209138985055,0.40643685588849,0,-1.534718069561804e-05
33,0.10708345368940829,0.5575577770181379,0,-3.6808528012561635e-07
34,0.20785862084169807,0.2885485933243072,0,-1.3527570003943611e-05
35,0.005946293654344131,0.45769126083440825,0,-3.6387760009724995e-07
36,0.1180712510887965,0.4855390134946994,0,-8.440135453134501e-07
37,0.33214316004732747,0.5573624903720912,0,-3.4797653862739636e-06
38,0.2003470997253418,0.5634679161450714,0,-8.803182357736691e-07
39,0.25708182843651156,0.5848694128469272,0,-1.2518753224211048e-06
40,0.12138001425956332,0.3446141033370625,0,-3.5657740246612647e-06
41,0.1113902130811029,0.3446592534043152,0,-3.226895712857985e-06
42,0.05605356957741555,0.4008858146259893,0,-1.0592744764350388e-06
43,0.21175632732138602,0.34175829577519695,0,-8.870966870118092e-06
44,0.05497473246940125,0.3119856343598103,0,-2.5481798899817385e-06
45,0.1566059123987591,0.583236575947758,0,-4.668506377965183e-07
46,0.2299621722031575,0.4525608214241679,0,-3.5808891757560096e-06
47,0.09201869685788651,0.36032211385343044,0,-2.275233710741852e-06
48,0.09423952302092568,0.5293658247102402,0,-4.2921665437117615e-07
49,0.045074315460483697,0.3154280515433227,0,-2.2304961024446666e-06
50,0.11245805040554263,0.09004526408704347,0,3.8582922933396176e-05
51,0.17871856848919362,0.2568291670843056,0,-1.3778425655880984e-05
52,0.34782927905774014,0.21564685908711417,1,0.0024129757831127386
53,0.2015658860303909,0.1059174104856689,0,0.00119322175720319
54,0.21832807774454913,0.38462090168509805,0,-6.254143907184088e-06
55,0.03776750065392418,0.37958686578791406,0,-1.0919097267125512e-06
56,0.10955328850196512,0.39717328501030513,0,-1.8753743082819005e-06
57,0.143704292528463,0.0773781302384267,0,0.00038376518955194103
58,0.00493436597378371,0.23089122990678282,0,-3.475724555026425e-06
59,0.08997360595770072,0.30061923374403215,0,-4.043796086034446e-06
60,0.3327051469950641,0.05409037820640756,6,0.013879748463441607
61,0.09296926615420789,0.15414747736329973,0,-1.5192343548907607e-05
62,0.3145588331450487,0.09838871777411914,4,0.009792196298860361
63,0.05128022773170682,0.14259314775483226,0,-1.2505678581704196e-05
64,0.20101655986635963,0.13550676576382992,0,0.0003505594631061246
65,0.2801201151006908,0.3973327834175792,0,-9.969536537460591e-06
66,0.15458759638763178,0.35287944351822276,0,-4.566850143855013e-06
67,0.3359073136332892,0.5967755472876538,0,-2.4384117213081644e-06
68,0.31931597068398343,0.2904525963089092,0,4.84902344843524e-05
69,0.30860741174962064,0.035915574461308,8,0.01858112163638107
70,0.15355030465897807,0.20978427615246578,0,-1.5488933639321648e-05
71,0.2528824173141172,0.09654383291814103,3,0.006766073483410448
72,0.1484667267319272,0.5436685858098764,0,-6.393132020896429e-07
73,0.24290354479957735,0.28296106622575423,0,-1.5761864797290535e-05
74,0.13048768152479737,0.17229293398461612,0,-1.5722657936499278e-05
75,0.18849201549800956,0.026666004911752972,5,0.011195131974398637
76,0.08000654794211495,0.03291197447281402,0,0.00016295519332887992
77,0.16821017269236535,0.21321214546411765,0,-1.579255399126012e-05
78,0.14884809785065958,0.5725359526022132,0,-4.808499028557905e-07
79,0.03093033333633631,0.19387984834956876,0,-6.482922571460681e-06
80,0.34056470373473435,0.045556180264119985,6,0.015027253559322886
81,0.10835424085969063,0.3643785566256726,0,-2.5714797045120784e-06
82,0.24054263586255517,0.014196502083960949,9,0.024966772449543297
83,0.21543570221626795,0.5826364194973999,0,-8.448987359180668e-07
84,0.08776045056692186,0.18444654048735404,0,-1.1968126733172958e-05
85,0.340070030523016,0.41071958894255073,0,-1.4448484384868617e-05
86,0.15141215093628904,0.43815712919686073,0,-1.890572739112306e-06
87,0.0017100561071711927,0.3286340379768889,0,-1.2677602085082406e-06
88,0.13514908303895878,0.2343194863843339,0,-1.1715547355605043e-05
89,0.03390089550347289,0.1524354581654496,0,-9.893755569902971e-06
90,0.33337679416748905,0.47450663623411266,0,-7.957739433320624e-06
91,0.0602049312717224,0.06640573949440262,0,-5.425272205401771e-06
92,0.09218302022319617,0.007454498741353021,0,0.0008782378674241289
93,0.10573493356029241,0.15534625954917652,0,-1.5725914062657354e-05
94,0.1503550905346288,0.06828820219022036,0,0.000745547148873952
95,0.1533913950795543,0.42356568365772096,0,-2.230922788953831e-06
96,0.02918210436047241,0.214679802285869,0,-5.193624559041055e-06
97,0.26650567857608304,0.42122624408258047,0,-6.993300068252194e-06
98,0.09939263499248396,0.27955184332492095,0,-5.469539819327911e-06
99,0.06562399078808237,0.04601759947350068,0,3.1987235303289044e-05
100,0.051992765506875246,0.5862521486605726,0,-1.5936285472491684e-07
101,0.11343832036247561,0.4345366071840802,0,-1.3419185696219692e-06
102,0.03142379045957725,0.14044032725316383,0,-1.0776437516893323e-05
103,0.23957312344849438,0.2989597719648836,0,-1.5321226454513725e-05
104,0.10058195526796104,0.056219958709824325,0,0.00014083319260957584
105,0.09401661303289655,0.3144890126043998,0,-3.6668022645451127e-06
106,0.0497540283400362,0.4404948220640164,0,-6.693868646510863e-07
107,0.028622768439996563,0.5940324371364694,0,-1.1673991994351067e-07
108,0.10079185053243861,0.4941217659725942,0,-6.518504458002984e-07
109,0.27690334214779316,0.22721485400590125,0,0.00015721776819270514
110,0.3093399119131644,0.15056563050947827,2,0.005086301705323896
111,0.3177368354124756,0.5355174052572536,0,-3.748716858306088e-06
112,0.09561549931945988,0.40416210979455836,0,-1.521719606894454e-06
113,0.1512136363862663,0.05052646970995913,0,0.0015755800132157501
114,0.2757321242804487,0.10886408556158537,3,0.00731005811265165
115,0.2280819651543503,0.3528482726100944,0,-9.312003149435512e-06
116,0.23118830394933254,0.18248327651293392,0,0.00015807038291854587
117,0.09126185859807133,0.17765469582212182,0,-1.2987394597156179e-05
118,0.061264620952883445,0.20698031296358949,0,-7.659806420611005e-06
119,0.11313621589691597,0.30659578385168856,0,-4.794449871737278e-06
120,0.062472768707463516,0.035448483108523665,0,5.391577326275336e-05
121,0.06043057417730941,0.5698329139789036,0,-2.0431230502115208e-07
122,0.16367451857093102,0.1590695070981853,0,4.1242879223311345e-06
123,0.1538449670852528,0.32361834751043006,0,-6.0524326475576494e-06
124,0.20863519958356683,0.5762139834675247,0,-8.418168680183471e-07
125,0.2601670535212106,0.26780394691347326,0,-7.5423003070299106e-06
126,0.1623927175703157,0.12501991503617438,0,9.408688236270332e-05
127,0.08299151501620664,0.5038961173863227,0,-4.948829440931704e-07
128,0.10734108589025684,0.3209216653033411,0,-3.926393524024699e-06
129,0.14139176651805135,0.1203832478423691,0,3.415384544738668e-05
130,0.10493711491225285,0.5277482568050611,0,-4.853947438740551e-07
131,0.27762489895896614,0.26762887278290415,0,9.289835106818642e-06
132,0.3383251817670707,0.49724314865174757,0,-6.7001686949601745e-06
133,0.07493181378223758,0.45951043437486255,0,-7.117087154484953e-07
134,0.30913237386761383,0.4936230439300968,0,-5.216843376284197e-06
135,0.28934946860460986,0.5990528614404036,0,-1.4988210806547448e-06
136,0.015844080496050433,0.5524365025540885,0,-1.5575004752842803e-07
137,0.005275524947840482,0.09071071680672457,0,-1.3091530185709685e-05
138,0.04184451587832374,0.5725856201978415,0,-1.6508851968093196e-07
139,0.018558879481757024,0.14809125132500142,0,-8.937974252648751e-06
140,0.25555501994827634,0.13542758169143806,1,0.002477295388601775
141,0.16394907017527272,0.014221497721203957,4,0.008832410770409088
142,0.25483365875478065,0.2749258900406961,0,-1.292133903416194e-05
143,0.09418344105278763,0.33341701293229326,0,-3.0413202927867233e-06
144,0.10301918531902565,0.10913076680593166,0,-5.513804563293255e-06
145,0.13144524819990883,0.0008011998663076225,2,0.005099250385164242
146,0.004359413589445821,0.10811572081435206,0,-1.1284794521687124e-05
147,0.28750589614290634,0.2137499189084726,0,0.00043919772319842866
148,0.3200547836142438,0.04044091821323865,7,0.017058998640263688
149,0.2503600524125346,0.22849219283947847,0,3.276779818650539e-05
150,0.0697240261976602,0.20138707773575296,0,-8.755511438798857e-06
151,0.03501657378941775,0.37024801481348896,0,-1.1662934872021018e-06
152,0.04068264979646026,0.48978574824481774,0,-3.7347848672871885e-07
153,0.21838580028463195,0.20024852217509329,0,2.525391860095716e-05
154,0.21961019847765934,0.2960101678765634,0,-1.3934457449937304e-05
155,0.1957387550573014,0.4699612603817158,0,-2.140833551514354e-06
156,0.09080905156034629,0.05246934322830552,0,0.00010330048275431599
157,0.07771624976001755,0.16080140337201587,0,-1.3313139303310574e-05
158,0.14898821862007255,0.3639221878298869,0,-3.871142447229929e-06
159,0.3491429175936084,0.26207535160284773,0,0.0006412060545876681
160,0.11396536013610495,0.3014807031316735,0,-5.084998736192745e-06
161,0.20972179245527084,0.36651235899887535,0,-6.863356326065178e-06
162,0.1056034401311941,0.4197532086667443,0,-1.4386172933800726e-06
163,0.042159928355324776,0.5407625019172845,0,-2.27661015517776e-07
164,0.34134251431440016,0.045037447555770924,6,0.015094331498509202
165,0.028901064293573718,0.5034114685383144,0,-2.8972245989492525e-07
166,0.01954415725353381,0.20112886099772606,0,-5.398880935552553e-06
167,0.14810173147224406,0.0681222637661802,0,0.0006852554493760441
168,0.22524836532848924,0.5049092337503032,0,-2.0264250077587085e-06
169,0.3496310634944419,0.37553606309152837,0,-1.4618828319216746e-05
170,0.02531581688073225,0.24507800468413665,0,-3.6961708954694268e-06
171,0.18306883030225599,0.5615771659879059,0,-7.55017426927486e-07
172,0.26251490080804124,0.335542486209147,0,-1.424080426793305e-05
173,0.24083834922033298,0.25395146329716545,0,-1.0289902025533624e-05
174,0.12239567890726731,0.0347549059003863,0,0.0009660509667897671
175,0.038452479639871744,0.45762356346092115,0,-5.038102562766004e-07
176,0.2475705547551719,0.5746315915768325,0,-1.261250076456167e-06
177,0.28896853771220193,0.24548390917428786,0,0.00011442109801988237
178,0.34944481936239113,0.4135942491357203,0,-1.499522490436033e-05
179,0.20838038764214598,0.43118186802099073,0,-3.575333308363084e-06
180,0.08975754954889467,0.5654433972460446,0,-2.8612838428538625e-07
181,0.21836151318204444,0.5399648594027829,0,-1.3327497863101887e-06
182,0.28532420757466165,0.26182496577946196,0,3.532740687740858e-05
183,0.32019345055420595,0.5016797315101286,0,-5.3722206720064565e-06
184,0.05577305088547114,0.43703189520720714,0,-7.359078588271526e-07
185,0.2539744161473224,0.2017534338482242,0,0.00018205215655171854
186,0.332339081790836,0.11256389060774497,3,0.00837347655724987
187,0.32671137708357983,0.13164221248720873,3,0.007235471461310146
188,0.06921646713164671,0.21469065028380233,0,-7.676789251275762e-06
189,0.24962046012307956,0.5526570915489241,0,-1.603487976428163e-06
190,0.21705575838627586,0.12177933297392479,0,0.001143957631321731
191,0.105311041890957,0.2762184002481071,0,-5.99049375848913e-06
192,0.17278276718611327,0.3955731329326228,0,-3.5782927535364323e-06
193,0.22271604527955016,0.3173680662595771,0,-1.2145762956718248e-05
194,0.24787601779816845,0.11095873801728763,1,0.004214268097633709
195,0.34831811190324286,0.17295201266482232,2,0.004977903148116488
196,0.31073040485825265,0.15151164255451716,2,0.005083312995061873
197,0.01628497638952097,0.5717145223401173,0,-1.2900866531351968e-07
198,0.33429429649296566,0.22332461730304662,0,0.0014504123821201264
199,0.21422089773707567,0.4950006987901726,0,-2.004347859701271e-06
200,0.04909105105293093,0.368450366961872,0,-1.366643320384552e-06
201,0.08136932354013858,0.145120550788186,0,-1.5013822958196654e-05
202,0.10013181577718717,0.556781383232606,0,-3.460762887087147e-07
203,0.2658728192297457,0.0010936207973598177,9,0.031531036894016956
204,0.15134660408860587,0.5078350675322557,0,-9.4146148680352e-07
205,0.125198079602701,0.06932433016624447,0,0.00024259421347858738
206,0.06268270816263326,0.341582906711141,0,-2.0474752468249073e-06
207,0.08221237979726427,0.38512870213329936,0,-1.6101247165550466e-06
208,0.2778634465425574,0.4804182652443815,0,-4.365817278455834e-06
209,0.05964994770881247,0.46650282548507294,0,-5.697102633388696e-07
210,0.2661645715685636,0.04960871202645565,7,0.016389385339491233
211,0.04643363693971472,0.4837893101945453,0,-4.2000473083701933e-07
212,0.28562426647220995,0.2264600836116363,0,0.00023927227972171677
213,0.1884955048349633,0.5272678700688535,0,-1.1231858354697588e-06
214,0.14999203174361214,0.16981070093046102,0,-1.2482424514329102e-05
215,0.30996842805110913,0.39126060380456057,0,-1.3451898205120884e-05
216,0.2340975628764042,0.4498695302547318,0,-3.832356935705602e-06
217,0.16750628167226328,0.2853220694489124,0,-9.939148918970643e-06
218,0.34945129112855816,0.4246158069791584,0,-1.4033862686267416e-05
219,0.07875342599696965,0.15691219031965342,0,-1.3785467837643204e-05
220,0.2983708647086724,0.2693348117490502,0,5.0464221928047266e-05
221,0.1938115333211134,0.549142099364601,0,-9.51735150435701e-07
222,0.3105185858739535,0.54468566007536,0,-3.184805375992202e-06
223,0.12656478702691834,0.12680649681667758,0,-7.526112460542032e-07
224,0.2087714550582015,0.487596144866793,0,-2.0441076431487474e-06
225,0.1141277911357077,0.1649135874107634,0,-1.56991978412333e-05
226,0.044680430052817924,0.47528247055001943,0,-4.493585725670302e-07
227,0.325685645473892,0.49677008807119843,0,-5.9505183244719236e-06
228,0.24047545555237854,0.25274689351213525,0,-9.89744201905365e-06
229,0.30179894238109584,0.3257144865805366,0,-1.4060548439655307e-05
230,0.2810760587436434,0.20620839626773887,0,0.00046406761324774
231,0.34670698783077886,0.18106612992932838,2,0.004461765371739416
232,0.05379593363521488,0.2875274539249029,0,-3.214691250052747e-06
233,0.14297352152320938,0.537853549836907,0,-6.414285552358896e-07
234,0.05122047089922594,0.5969311782648218,0,-1.4212142043633983e-07
235,0.22219107238740676,0.2772914770129729,0,-1.55606410943097e-05
236,0.02118264130673219,0.12021884009607664,0,-1.174468747834962e-05
237,0.09659734958326464,0.42517381685699807,0,-1.2455541000022793e-06
238,0.13015522865807422,0.2536629921115493,0,-9.439351027344687e-06
239,0.004364149181735727,0.5784733509696194,0,-1.070406730983018e-07
240,0.2515128655369428,0.09405459680586745,3,0.006996893002204054
241,0.15376028469945074,0.3525049863976399,0,-4.5464480094459546e-06
242,0.17992060102040802,0.051631253414130725,1,0.004105627632863223
243,0.32992811379208714,0.234180566735125,0,0.0009058269850775019
244,0.2217619156534823,0.43943753265463487,0,-3.7614672163167624e-06
245,0.1242397871550444,0.252568520687813,0,-9.026321597709139e-06
246,0.015831849417590565,0.3334235655216658,0,-1.3915378389362257e-06
247,0.06363895210573413,0.28335682708204324,0,-3.6960526521537465e-06
248,0.06892325418417344,0.36313891120640845,0,-1.756741331516714e-06
249,0.1166975583681004,0.5113822048803004,0,-6.429351679813066e-07
250,0.2126424149526133,0.2913512446933533,0,-1.3717110387420688e-05
251,0.30019783142928863,0.12767874084597633,3,0.006792870745504931
252,0.10143579923397338,0.20082828389948523,0,-1.1699129952489468e-05
253,0.08536456579809686,0.40139432892744964,0,-1.4122375177779297e-06
254,0.06574401204123337,0.5027410367354239,0,-4.214162064025229e-07
255,0.03257223871545771,0.4417815188008996,0,-5.566194428608719e-07
256,0.20815304924608297,0.03585659452805174,5,0.012907920972599234
257,0.19759952311207957,0.049896589342747474,3,0.0071618710089457515
258,0.02027355707141601,0.06332493137389246,0,-1.5717116201673445e-05
259,0.1897889100268682,0.12934459334542475,0,0.0002837252605301823
260,0.15400316789263158,0.05779631010570265,0,0.0013153173277998832
261,0.1916848547739472,0.3578710659824573,0,-6.264335527684976e-06
262,0.1218272547528151,0.44163756315516206,0,-1.35913681294951e-06
263,0.16837387274845844,0.342771577674063,0,-5.78193118233337e-06
264,0.09760872068293652,0.1889280837142215,0,-1.2498872597843513e-05
265,0.1374527352171111,0.543018675921698,0,-5.764754538314407e-07
266,0.04211064369458989,0.030021139896946256,0,1.6283541383502952e-05
267,0.09284763275527663,0.5719542382443497,0,-2.7649534092530997e-07
268,0.27410298285834156,0.5741610183487045,0,-1.6510515168971786e-06
269,0.07113894678304007,0.5424748122329427,0,-2.989197789012166e-07
270,0.29298749011356695,0.014985507556268662,9,0.025466761318890915
271,0.2842755743731455,0.3225034061111098,0,-1.5741132555329073e-05
272,0.10870136253679571,0.22703104415417102,0,-9.902529422841973e-06
273,0.07648900509311408,0.026195504916600543,0,0.00019085768239253588
274,0.2932310351224068,0.3694016816428222,0,-1.3946693528913102e-05
275,0.12504325438782996,0.19975593902302816,0,-1.4100492933959596e-05
276,0.023149830016654126,0.38792050096741637,0,-8.681414456673175e-07
277,0.15631841241603234,0.5774030124998921,0,-4.934736025891893e-07
278,0.11049025802732601,0.34684486834358796,0,-3.1291513309798133e-06
279,0.2552767369743665,0.1281239515155996,1,0.0030797831520202887
280,0.345680245723193,0.23530416085467673,0,0.0013734155883190296
281,0.0477430646056943,0.08468503143946426,0,-1.544240032400817e-05
282,0.07654036166045873,0.2694116821261075,0,-4.825174061083823e-06
283,0.07078427989410042,0.25038225530254204,0,-5.502230829379332e-06
284,0.16279412368912002,0.28945405305243194,0,-9.161781396262447e-06
285,0.05649945743763828,0.4147826911810255,0,-9.259657564984739e-07
286,0.1567526967829849,0.527416125279669,0,-8.169823212947656e-07
287,0.21297384001393255,0.3542435251912568,0,-7.971938867158834e-06
288,0.08810270672205431,0.4153057059533304,0,-1.2629258000736493e-06
289,0.2780392781941426,0.5371474149635085,0,-2.4852448356301735e-06
290,0.28226315378525807,0.04123086716967632,8,0.018182044760582994
291,0.23093582107118626,0.4880631543795467,0,-2.5375794437540225e-06
292,0.08948998023598723,0.5168229178682131,0,-4.640328182050147e-07
293,0.0030824526605657595,0.28624866006971417,0,-1.963373313231858e-06
294,0.07060653509076222,0.5859353355692577,0,-1.925322816635051e-07
295,0.03358650352112652,0.3939459168076906,0,-9.07186465480792e-07
296,0.02148603712839263,0.318821422450082,0,-1.7037801790672175e-06
297,0.14252588630939206,0.40337264170915454,0,-2.4492203003098054e-06
298,0.2790346545703314,0.5571728728832719,0,-2.055057626689958e-06
299,0.24184824292264953,0.10841993586292972,1,0.003905059055044504
300,0.23247099691796705,0.4033153894291066,0,-5.979160128646175e-06
301,0.34736015897964634,0.20130038278459608,1,0.003235576806910928
302,0.0952415535492901,0.07953964830219136,0,2.2726996719457073e-05
303,0.26342980684824363,0.16872089968288326,0,0.0010209480952251906
304,0.15114953578619633,0.1217439152164676,0,5.9866957063598436e-05
305,0.23986688056331953,0.4762520249642676,0,-3.120494187185921e-06
306,0.2617848578117776,0.5256284011482242,0,-2.371371297622372e-06
307,0.3121272992996902,0.06079236287403193,6,0.01384154524517717
308,0.3012003240759616,0.10824724288843002,4,0.00884179697180857
309,0.175727434023302,0.21367626869851233,0,-1.5594886506634347e-05
310,0.21934946755826942,0.3786562675070091,0,-6.695799618357101e-06
311,0.029612388405387116,0.12508619862334236,0,-1.209558809324179e-05
312,0.24105730568525782,0.21843320585026044,0,3.505618543635907e-05
313,0.058396685415454584,0.10626190749158597,0,-1.5744732111259722e-05
314,0.26506909514890914,0.4784454617786825,0,-3.921936191085108e-06
315,0.12923685559179515,0.4295714078063732,0,-1.6510698069231574e-06
316,0.2902166163431084,0.3626401693015268,0,-1.4293059919177027e-05
317,0.0994740419890561,0.01006427843297073,0,0.0010614226866337518
318,0.22501560129731213,0.40529584642726385,0,-5.4498044082170156e-06
319,0.1194985610804066,0.3294213917136662,0,-4.0710821274414845e-06
320,0.3234840283468315,0.48888311803621987,0,-6.291998657365092e-06
321,0.09140627167905643,0.4732678409004679,0,-7.31150728249707e-07
322,0.0828797909151785,0.4203023214752319,0,-1.140338398296353e-06
323,0.2323752048605526,0.3226804813971704,0,-1.257617340816558e-05
324,0.20820416222354665,0.2036175483409475,0,3.5442902707911933e-06
325,0.3116193343650743,0.1894341155022408,1,0.0021680346861071833
326,0.1990367600536954,0.13361395165280246,0,0.0003499914746708903
327,0.18270285463043404,0.5370746479810049,0,-9.61090896319756e-07
328,0.09868215994596383,0.5140458558500867,0,-5.229672611023953e-07
329,0.24334112189586787,0.3529127450462441,0,-1.0687290461409564e-05
330,0.22153082862057114,0.4711398539081439,0,-2.7359020359684198e-06
331,0.32505600046410826,0.05999737049538734,6,0.013366905517518946
332,0.21200635270178345,0.26093133958555687,0,-1.577890492322562e-05
333,0.11283015086191464,0.24009194882007218,0,-9.11841750428358e-06
334,0.11101403961248917,0.15291303575521123,0,-1.5714995201869687e-05
335,0.18936123120581502,0.26100423341322604,0,-1.43703593653527e-05
336,0.09578323793227304,0.23036999193476146,0,-8.514025889321454e-06
337,0.2122099271140042,0.18065903057076912,0,6.487668890576264e-05
338,0.03264825316741508,0.5281775788824022,0,-2.3479111929094444e-07
339,0.25420091245133786,0.3179593234723541,0,-1.5017766870301761e-05
340,0.2662733381667946,0.5103396191148195,0,-2.888594807060448e-06
341,0.07931710385259166,0.33137649366330474,0,-2.676464512558806e-06
342,0.20314286457049785,0.5580927736166942,0,-9.552027136529222e-07
343,0.04960952503140381,0.34737610709979044,0,-1.695898024206916e-06
344,0.1449834708955577,0.24628150646254496,0,-1.1504997372567057e-05
345,0.24557251201073577,0.3614770721791284,0,-1.009697127637899e-05
346,0.24677882721371777,0.31466725724173633,0,-1.468959817033368e-05
347,0.30929155591728824,0.48860664207501964,0,-5.490173823273181e-06
348,0.297035931840668,0.3368222136731474,0,-1.5819086944501724e-05
349,0.2776795953791444,0.5097670487865804,0,-3.2542177422431458e-06
350,0.11625564435800134,0.28663698480531447,0,-6.020439676164243e-06
351,0.18728039637526392,0.1945449018178828,0,-6.763002933715404e-06
352,0.06219106885233458,0.44594205880749727,0,-7.177388857113035e-07
353,0.23350593786659773,0.09542097287845087,2,0.0046275528671756985
354,0.05403612323150911,0.5596292780699476,0,-2.1226092337921798e-07
355,0.13420007754218008,0.45112210589902235,0,-1.398683121219955e-06
356,0.027971290049500355,0.11971584759701248,0,-1.2465590577964747e-05
357,0.19287649084629038,0.16944542456852635,0,3.907651305991386e-05
358,0.045762432744497185,0.5445185684590098,0,-2.2730234550397228e-07
359,0.16424487372268495,0.07015832480194399,0,0.0011918602280868512
360,0.3483505727776172,0.34876005303625685,0,-3.448806218573188e-06
361,0.3323044884681842,0.19504927854112078,1,0.002908588931917629
362,0.33180891334631146,0.27137176182859163,0,0.0002359220393039685
363,0.2994210657981611,0.06336566934367567,6,0.013931086896596096
364,0.10394522895249932,0.598371043632395,0,-2.3718988599426385e-07
365,0.2831275942164751,0.19699369104876485,0,0.0007145793736903715
366,0.049642983959329416,0.003267569559904859,0,0.00015881408780154605
367,0.2505771761552484,0.4651282923146598,0,-3.8777174454027665e-06
368,0.2798328842305888,0.016125274572332926,9,0.025222733067741667
369,0.07061293037219,0.5622989096400072,0,-2.4388234490670336e-07
370,0.17693870896454222,0.331069091435827,0,-7.047960739749423e-06
371,0.32631508359885775,0.5100137739124322,0,-5.255262486136308e-06
372,0.2768808909853976,0.5628997633020975,0,-1.899568103014849e-06
373,0.29579184746847403,0.14991418332971443,1,0.004227522903193371
374,0.17091910836355279,0.5909144663449077,0,-4.9876140371288e-07
375,0.1418388154088647,0.4473689826134824,0,-1.567193262061426e-06
376,0.00567098873283815,0.34673686429011175,0,-1.1005525710616243e-06
377,0.09254295720740775,0.014518056447844584,0,0.0006611203520880414
378,0.015809477704426377,0.5063961447733223,0,-2.467322396934261e-07
379,0.17685677121669302,0.03646071964564552,2,0.006217913582666404
380,0.19313514775099708,0.5590516975623602,0,-8.561630615262437e-07
381,0.21816558771878478,0.5680114080606279,0,-1.0049283053497562e-06
382,0.013522452291490315,0.57637218310659,0,-1.197861144313173e-07
383,0.15030044496850767,0.2100888412164352,0,-1.5284676829333754e-05
384,0.10066651423632732,0.5052760543496592,0,-5.823242767591871e-07
385,0.13022546623024536,0.48368155627559545,0,-9.707657596481762e-07
386,0.21420636928323747,0.5421091775970188,0,-1.2515138429343233e-06
387,0.31175075300427796,0.280601432722788,0,5.648718033272305e-05
388,0.2176464232608055,0.3585448570671273,0,-7.999449540755614e-06
389,0.08158915176158421,0.3064917655097917,0,-3.5091317389255077e-06
390,0.01331332328548227,0.3462037428201721,0,-1.1942005489319546e-06
391,0.2840302563769968,0.509215720424461,0,-3.4853480785111963e-06
392,0.10815513112793897,0.05952968546042565,0,0.00017345375322034133
393,0.19598661276445103,0.18822314242747262,0,7.736682609851664e-06
394,0.043550002224309325,0.07760774120876779,0,-1.5187475369396337e-05
395,0.22212090410190527,0.5326524804248655,0,-1.488604205498489e-06
396,0.04327519647457316,0.5286622153275065,0,-2.598223777872811e-07
397,0.2503934648285897,0.05450397975112564,6,0.014443757266003786
398,0.3176619694741263,0.049400520336241045,7,0.015394623058929845
399,0.25514537466430043,0.4377878519043969,0,-5.320428439408492e-06
400,0.20641894101461264,0.22743190057947937,0,-1.3008420911050334e-05
401,0.035828174140208856,0.06685831508833363,0,-1.4816758895736653e-05
402,0.27144383736381855,0.5386926571933189,0,-2.2915794595830474e-06
403,0.34402541950715165,0.012138452677492006,9,0.02547451232710862
404,0.30801240560178833,0.5580341928886149,0,-2.719165987166613e-06
405,0.020145179263184487,0.059920913547637664,0,-1.5605581572554197e-05
406,0.03788752551716111,0.07756616159516694,0,-1.5604291834039697e-05
407,0.00569807891745625,0.3543370343588104,0,-1.0202922358464268e-06
408,0.2619193741119239,0.5824896332743321,0,-1.3453840265680603e-06
409,0.19067018263066232,0.3975772356907129,0,-4.189468513986548e-06
410,0.25066796728031226,0.2642774283304575,0,-1.0567497134738036e-05
411,0.14577621668595322,0.3889790714447961,0,-2.9207927960327846e-06
412,0.0901670588578466,0.26561375401242265,0,-5.730343356144229e-06
413,0.3092333876571382,0.49613398571731204,0,-5.09406422893855e-06
414,0.03563641068486355,0.46685597850532257,0,-4.466384595663832e-07
415,0.22091940342875208,0.528656296960032,0,-1.530807816727633e-06
416,0.31759888541254744,0.03615837351272968,8,0.01815463608686902
417,0.06416637513949319,0.1457203086070597,0,-1.3463106622457121e-05
418,0.06052132393898597,0.41925779237715705,0,-9.217329264969694e-07
419,0.29056977031672293,0.004336152261902648,9,0.030157832312550824
420,0.04026687216692312,0.4404292172526554,0,-6.092697574063287e-07
421,0.28404486792674516,0.5389744156113807,0,-2.590731364513804e-06
422,0.06593336557829693,0.369013590019965,0,-1.6078380431424215e-06
423,0.12890898714402205,0.39049294917398875,0,-2.43180571949757e-06
424,0.06568569479065733,0.15147917589942705,0,-1.3049639046264636e-05
425,0.0905877762542798,0.05659975308417291,0,8.118641299690357e-05
426,0.028618470053987946,0.4142310434435282,0,-7.047799041010364e-07
427,0.30763744334257465,0.18821495580498085,0,0.002033256578057013
428,0.2903546607627929,0.5197020281142711,0,-3.343254672730232e-06
429,0.26749788803762653,0.11268506650132253,2,0.0060150179477586755
430,0.0739750175037222,0.4346003696641545,0,-9.043325045793414e-07
431,0.013734918707092463,0.1754217114796725,0,-6.564632495001078e-06
432,0.26237552253295215,0.2868315513292195,0,-1.4038897511398866e-05
433,0.01577134866181683,0.4727977045991749,0,-3.451235608924665e-07
434,0.06835138656862982,0.45866509697875496,0,-6.720984053864076e-07
435,0.25268892679386745,0.5468397515701836,0,-1.7522720006836496e-06
436,0.13979922881436505,0.32734031081633425,0,-5.0814513385890325e-06
437,0.3157576853529385,0.2836972919800759,0,5.9339476397387924e-05
438,0.12521559275236355,0.4566710466391727,0,-1.209702524647614e-06
439,0.20511608688692848,0.22137414888591114,0,-1.142563772962111e-05
440,0.13459316013265746,0.5819519262121678,0,-3.795848198517263e-07
441,0.2104398133444474,0.47689212610829335,0,-2.3129411860406174e-06
442,0.18632216147220687,0.07524911587005711,1,0.0021909631114025926
443,0.2401543511366343,0.028188705940278513,9,0.020300367875640504
444,0.18153682935036658,0.12479185812326082,0,0.00024185067232852293
445,0.06537562613954774,0.2406255970649547,0,-5.743499354921206e-06
446,0.07109889331055105,0.45950486502466903,0,-6.850188667890636e-07
447,0.1085789437311001,0.5928165377282415,0,-2.626117308105274e-07
448,0.27635107853446444,0.4041198932615389,0,-9.044644795543952e-06
449,0.3262453436324424,0.4634827140768818,0,-8.26048923208063e-06
450,0.1890597257621615,0.29732840196811205,0,-1.0822830770183965e-05
451,0.00656053046251685,0.44293248194328644,0,-4.2434174196194346e-07
452,0.2942896235182594,0.5404685759905411,0,-2.8264278472740334e-06
453,0.020790672723951697,0.23339178571477745,0,-3.9694590233581365e-06
454,0.32088073252959387,0.12960527596656726,3,0.007329540604185553
455,0.3136460566032773,0.36440445188307363,0,-1.578250558823387e-05
456,0.3259649369696793,0.5462349286592983,0,-3.656160205993855e-06
457,0.01318589521467216,0.22838733781560627,0,-3.8683843416004624e-06
458,0.11414331119867828,0.08769871852250721,0,5.0777849213331076e-05
459,0.22769618508798167,0.2279454070152238,0,-1.692298227863269e-06
460,0.3450143283871139,0.23553733760744813,0,0.0013404024946191467
461,0.27952839436923793,0.5146565361881663,0,-3.156913396817081e-06
462,0.19027600948085666,0.16828096829511094,0,3.530460778433059e-05
463,0.060655155212079724,0.3985836848676421,0,-1.1349122924394875e-06
464,0.19107473237435313,0.557588136307401,0,-8.511002244999929e-07
465,0.1949541045106542,0.021576770721108394,6,0.014481511033446335
466,0.1450394852452968,0.21996410124384883,0,-1.4079178256472038e-05
467,0.2785548206482125,0.20253735499287348,0,0.00048783208190411717
468,0.15520408215103268,0.41049337934980995,0,-2.5884141090446915e-06
469,0.1528918082361381,0.41262635874265213,0,-2.4761326747586955e-06
470,0.2513965129277642,0.4944604996971366,0,-2.9186303136072414e-06
471,0.32478546196035063,0.19885837284444252,1,0.0022807132895670146
472,0.22440795409131933,0.5781268526640042,0,-9.666457494352318e-07
473,0.18333529762968556,0.553456584228881,0,-8.210571824200838e-07
474,0.1970562228873566,0.1318812912864088,0,0.000346978621509251
475,0.3206918897285908,0.4481644591949726,0,-9.05893626762118e-06
476,0.0773865825511777,0.12298671370733617,0,-1.5757817766773404e-05
477,0.2853448113058666,0.25134217455164276,0,6.91648233768086e-05
478,0.09263614419884644,0.16139302007210102,0,-1.4623102149252692e-05
479,0.32138439761741,0.28149516575841405,0,9.11453727103831e-05
480,0.047940940275201814,0.006767413214594176,0,0.00012182832059528457
481,0.2884227828673876,0.2431535358780694,0,0.0001251559284758897
482,0.010601773127757574,0.4837370454628803,0,-2.9379128226898244e-07
483,0.1678963366250454,0.1472851888967807,0,3.245470093355686e-05
484,0.1288641393664952,0.4841260348000172,0,-9.534152600171456e-07
485,0.13937373793630153,0.24129911222162131,0,-1.1444642150721373e-05
486,0.06308201295833012,0.3431360603070879,0,-2.023992288426705e-06
487,0.20524335284924036,0.49340559548514157,0,-1.8621498212900621e-06
488,0.1593126301214748,0.3008129724773407,0,-7.963212033885956e-06
489,0.00035174357479932913,0.37064606967039443,0,-8.216872938196616e-07
490,0.13608313288198498,0.36015790540244697,0,-3.535159496289329e-06
491,0.340769110707128,0.1535091989251995,2,0.005968636754293041
492,0.19958459810218143,0.13199727865935848,0,0.00038406642036623284
493,0.18032185584140278,0.18589318426535237,0,-5.564375000757486e-06
494,0.3394931586602121,0.28731373600808946,0,0.00016187403024676725
495,0.33318987383123805,0.16917946485869287,2,0.004766183544530715
496,0.23254095246247575,0.20266347284789346,0,5.747373162033373e-05
497,0.1858769363015413,0.15259001709599593,0,7.349891828392367e-05
498,0.2771503913153567,0.4116389677420915,0,-8.490249310543234e-06
499,0.06933373639676825,0.3210301917299878,0,-2.686548271748694e-06
500,0.17888567003671466,0.4134132839546277,0,-3.1828791865704273e-06
501,0.1111270897521204,0.0007044762728381837,1,0.0024496385531783678
502,0.10269872921686757,0.1276634666948699,0,-1.3775741815102385e-05
503,0.007549488201647569,0.21638858077180084,0,-4.12138246952955e-06
504,0.24355076651600535,0.14504443537879533,0,0.0012232386831036318
505,0.11714390995598466,0.22852883399426144,0,-1.0541041203476296e-05
506,0.15636445649367095,0.4238945364738638,0,-2.2905163256830492e-06
507,0.27212672053906395,0.3010376777875765,0,-1.4858693128745931e-05
508,0.12031208237142915,0.5660834923225935,0,-3.857374100451913e-07
509,0.17146739612842526,0.5773493607755503,0,-5.743487494187925e-07
510,0.14371677589784232,0.1122895676891469,0,6.798642790381271e-05
511,0.24376841322002388,0.27224645523012164,0,-1.4723722232190946e-05
512,0.15549670561598325,0.33988116593472634,0,-5.2410073985561485e-06
513,0.06617443381010352,0.46685367551523677,0,-6.05940232788645e-07
514,0.2522863728246136,0.20669224781471185,0,0.0001327571456795474
515,0.19160566472695678,0.425618912317778,0,-3.198447836528932e-06
516,0.08543465237475259,0.28386320140446897,0,-4.565916978428135e-06
517,0.12263158912212481,0.4733371695262548,0,-9.979485065003673e-07
518,0.053966246089105524,0.4606213576027677,0,-5.708773440471145e-07
519,0.3049244661531081,0.33525384247580836,0,-1.5132270653170415e-05
520,0.2931824837975519,0.1237611582741203,3,0.006791819290837932
521,0.16074173884023982,0.2058470680174684,0,-1.5788849284434573e-05
522,0.007620166827304547,0.07018192405659791,0,-1.5101111462331945e-05
523,0.19388992481730508,0.2893976679708281,0,-1.2066709078301486e-05
524,0.04428215117350526,0.275732771980923,0,-3.289039077158578e-06
525,0.14188656418370688,0.22378138866645317,0,-1.3420449343938401e-05
526,0.1392911686041085,0.08880460234978228,0,0.00018635404630562162
527,0.3265119544636258,0.1383110837337478,3,0.006772607248121283
528,0.32955019961226945,0.3606629561914158,0,-1.528612170235179e-05
529,0.13546393749999516,0.2909214743594184,0,-6.963223348168354e-06
530,0.09335323571514573,0.07558258412590439,0,2.7242635495993517e-05
531,0.053467393159960026,0.3270161564972635,0,-2.160193736150436e-06
532,0.2302776358970022,0.26863405285979913,0,-1.5676127380018778e-05
533,0.34021611031794347,0.2003083861614825,1,0.002966639528582735
534,0.22366127303583602,0.5157557266941964,0,-1.7897404352849288e-06
535,0.027739968687146163,0.503303964254014,0,-2.8668968210404814e-07
536,0.13230533692198398,0.45259590778638126,0,-1.352406499580714e-06
537,0.30497877945527646,0.3617870518750406,0,-1.549331683982383e-05
538,0.24459074938338773,0.2674640146389182,0,-1.3621940660014807e-05
539,0.00433054739651153,0.5224047328584901,0,-1.8745724865158984e-07
540,0.24074312119640412,0.2663474244640922,0,-1.4209002931585319e-05
541,0.25074316365472166,0.5154183729814827,0,-2.352343508494635e-06
542,0.34535149395869563,0.037233011296152925,7,0.016662471365480203
543,0.24606250077888508,0.4222270425080226,0,-5.672574531358138e-06
544,0.09383931553701777,0.424698486457118,0,-1.2174965315539257e-06
545,0.10851222955852566,0.06845819459024523,0,0.0001122703473962583
546,0.2863732262199539,0.3221030501061536,0,-1.5603113709634478e-05
547,0.1724292200386851,0.10545005325112282,0,0.00038486357872174836
548,0.17333409585826368,0.17871837780750402,0,-5.3818797929376295e-06
549,0.008115135758365293,0.25362820537583647,0,-2.859692255560583e-06
550,0.07010125312784968,0.14691501498008488,0,-1.3912322481237538e-05
551,0.3360532566563919,0.3518298139277716,0,-1.1949075777493713e-05
552,0.16514513187286878,0.15787001542337603,0,7.5145319417435555e-06
553,0.047123793039923506,0.2326343177003384,0,-5.191840827474553e-06
554,0.22629206831643112,0.2477484638130856,0,-1.3197407014561476e-05
555,0.2112977263433429,0.05851317279240555,3,0.007747389717400743
556,0.11431217769185956,0.4396887270819312,0,-1.285715171428062e-06
557,0.343995997371708,0.031584751320260014,8,0.018230046451628925
558,0.11991983418572064,0.43894253258564725,0,-1.3699207584246044e-06
559,0.289287043874131,0.1087815849363148,3,0.0082996230039196
560,0.031928851337906024,0.47518892813662267,0,-3.9598968287250757e-07
561,0.14182228595249954,0.1878117391073613,0,-1.578034227891328e-05
562,0.31210844190897863,0.26233522370549117,0,0.00015068758211619435
563,0.10798212203940241,0.19332205171771036,0,-1.3088732592289225e-05
564,0.30633056225887173,0.5473408579316328,0,-2.9750683559449806e-06
565,0.3160921701430371,0.024738781378510887,9,0.02140416755316956
566,0.047916367071473946,0.19065897723114802,0,-7.882909406889798e-06
567,0.22492196538320425,0.07626147142548545,2,0.006471329411088742
568,0.08551094224154646,0.032441862657043095,0,0.00021721363286248633
569,0.17981065070843388,0.407287038535838,0,-3.4146036103292646e-06
570,0.10261466067734994,0.4473402801818323,0,-1.0597477473436397e-06
571,0.2561068722103763,0.14551083569955897,0,0.0018122604644845032
572,0.3248938297877011,0.1916588626844654,1,0.0027398890860250258
573,0.0570986824255957,0.3108104347469229,0,-2.6334544499752747e-06
574,0.19604543916235964,0.0063229831358232015,9,0.020791304243814736
575,0.053240841402518876,0.06512239441469726,0,-8.939421129378887e-06
576,0.14058737506546443,0.48437870787074905,0,-1.0690817160690489e-06
577,0.32327454212892925,0.10237035762385738,4,0.009292905915005287
578,0.1630994875841273,0.42033841448316245,0,-2.5381541153608113e-06
579,0.08971837357957188,0.5634276703837318,0,-2.9184006936627217e-07
580,0.04422320423060841,0.5123629547655995,0,-3.087268517290014e-07
581,0.3120116997612108,0.20722588584918805,0,0.0012807211540462908
582,0.05664665188420486,0.591931249445827,0,-1.5772887170902976e-07
583,0.32872991460666107,0.38269397751563944,0,-1.5654575747180793e-05
584,0.33517694582893287,0.4534379508593416,0,-9.860307019558492e-06
585,0.08986541260837975,0.05470501816903834,0,8.67762594928414e-05
586,0.026759943345565383,0.3341775679081075,0,-1.5403415056940194e-06
587,0.055109121675367814,0.4295503644394096,0,-7.878323744273487e-07
588,0.0239594517664711,0.24918646237932884,0,-3.5003818696345803e-06
589,0.12575213479720296,0.381546830070759,0,-2.5766734908190855e-06
590,0.12855300062921418,0.517595282908936,0,-6.801332953672061e-07
591,0.04824579919708361,0.23757427068659198,0,-4.9993626164901965e-06
592,0.17413729571411374,0.37808412237585537,0,-4.315940218052187e-06
593,0.022325089263653564,0.11279448660233508,0,-1.2592685368419436e-05
594,0.11152538392340833,0.10699278282932478,0,4.547114437415801e-06
595,0.1270667555386209,0.4285309243126142,0,-1.6325880939103397e-06
596,0.269011527889957,0.5165904097317787,0,-2.7889323279208677e-06
597,0.20951654979068862,0.07023729142328447,2,0.005289522997317505
598,0.21266938833061258,0.15147576552410244,0,0.0002864868512600117
599,0.22960382954065547,0.5590115225867858,0,-1.2324572543212108e-06
600,0.052941105444637204,0.23792080164094606,0,-5.218764497512026e-06
601,0.12757212055998868,0.42413833249452,0,-1.7144899637818467e-06
602,0.08710455417012435,0.2006665879939439,0,-1.0342308244044432e-05
603,0.23715391906586658,0.5025869884619668,0,-2.3353020717580525e-06
604,0.1307971243241864,0.5817035029428277,0,-3.663758244067852e-07
605,0.3274184061258655,0.5089779783633404,0,-5.36722876436275e-06
606,0.05327847106348885,0.26731612519075715,0,-3.911603703567794e-06
607,0.2919981107162991,0.3290050495407754,0,-1.5691071122926026e-05
608,0.3476071493682672,0.09926640379312743,3,0.00857034389988221
609,0.17664920927319314,0.3830527127660091,0,-4.211670243694733e-06
610,0.339200576630324,0.4895048572404609,0,-7.284290850771539e-06
611,0.14094861175897014,0.34383091941096244,0,-4.364517812340489e-06
612,0.28847060627553617,0.023842857261915706,9,0.02250955385096075
613,0.21938357113710674,0.06344874540221154,3,0.008074014731581884
614,0.1164665948204168,0.5437115139458087,0,-4.642697694317421e-07
615,0.014881289890296821,0.4400746610754553,0,-4.7448814078097866e-07
616,0.1589955227286529,0.4784919197020101,0,-1.3625913582282304e-06
617,0.34534970627656353,0.37153289414292107,0,-1.465083872415106e-05
618,0.18367199856688432,0.2223089473050197,0,-1.5639696395969842e-05
619,0.2945244476732554,0.55031176848768,0,-2.567988097920173e-06
620,0.05273720051476782,0.13254584464234043,0,-1.3631819862172778e-05
621,0.20759441188130015,0.3612858010756672,0,-7.073442409236673e-06
622,0.05082996981888376,0.2529581747654495,0,-4.403379520803443e-06
623,0.09052851834888168,0.03458001534340047,0,0.0002481799458002927
624,0.23854157515248223,0.45306174672321536,0,-3.879995807869288e-06
625,0.19023554099122925,0.026467196902249766,5,0.01168049695490118
626,0.2963122247706852,0.22745201886200356,0,0.0003551221921705602
627,0.3092716971869192,0.41489722065173706,0,-1.1047820117940967e-05
628,0.13228728390312344,0.44775546996293764,0,-1.4192029874258336e-06
629,0.04300833031612008,0.5042391322853982,0,-3.308149151997392e-07
630,0.01000938674277535,0.23103401438708568,0,-3.650597941650571e-06
631,0.006101017492140736,0.3363634407023463,0,-1.2260873739310358e-06
632,0.26933076049296095,0.25083999201154034,0,2.434042220550823e-05
633,0.24978398408622873,0.08437763662750332,3,0.008418199795864483
634,0.2568652912253308,0.17543001688770915,0,0.0006263242659806183
635,0.19454237436473498,0.1237893670095415,0,0.0004421450568995291
636,0.08932827321580415,0.08633759316851909,0,2.887566583356707e-06
637,0.24767099704370413,0.14833587796152836,0,0.001249308741541018
638,0.31026852248254816,0.35282758888695076,0,-1.5893472446461823e-05
639,0.12761919288707,0.5841195968974482,0,-3.46460457671425e-07
640,0.16272079048393404,0.22391479096764125,0,-1.5194133386381012e-05
641,0.21917736834200266,0.0771048407137666,2,0.005520857926304463
642,0.05825573649156534,0.20356666027477646,0,-7.689979118593966e-06
643,0.1061856191173924,0.05135326005006171,0,0.00023368178617877875
644,0.04600285422682733,0.061442912334075325,0,-1.0631708586422702e-05
645,0.3030737293416256,0.4816530117171701,0,-5.5310854981593565e-06
646,0.23020350682009064,0.18527333226593623,0,0.00013151257896486858
647,0.03788833421905327,0.46041815056565727,0,-4.871731485644483e-07
648,0.13374026354690202,0.5967588761203475,0,-3.245702743957746e-07
649,0.047866419023061726,0.19238130711326243,0,-7.75004535481308e-06
650,0.20869172253660093,0.22174075604927007,0,-1.0084038346867443e-05
651,0.01756230145739696,0.38833469631582224,0,-8.176229120260643e-07
652,0.20308261941909847,0.16087809798819175,0,0.00011756850954521025
653,0.17078332315865333,0.33594326990539986,0,-6.330307862528257e-06
654,0.2505575150345612,0.3052190145213976,0,-1.5590548077024315e-05
655,0.12679063569087737,0.07577388635318305,0,0.00019269688598525116
656,0.26355606778023555,0.17270938178013664,0,0.0008855920710596156
657,0.018981500389642313,0.13271269403569988,0,-1.0334963561622647e-05
658,0.27066652539649105,0.19951296597423035,0,0.0004060793693564643
659,0.1320620597814885,0.27941029102461606,0,-7.532139054276081e-06
660,0.2200083786531917,0.3692091600958939,0,-7.385597789818535e-06
661,0.1818250706636837,0.4780019526855006,0,-1.7195805598214688e-06
662,0.07794996118745975,0.5399288309799949,0,-3.2821120286784615e-07
663,0.18865476589564958,0.02792789196298624,4,0.01085353512056237
664,0.1626760644587373,0.3385445685260631,0,-5.699471600327785e-06
665,0.1821703555852387,0.005315346586477565,7,0.017217198769782182
666,0.06906389731161938,0.24486890553251303,0,-5.711912417710419e-06
667,0.3126247222139232,0.5065537364001931,0,-4.751346321713973e-06
668,0.12161918402239895,0.10551492697329198,0,2.316870532961941e-05
669,0.049296968209939375,0.08607191572841814,0,-1.5430634804779197e-05
670,0.2915290063877911,0.2127785630059366,0,0.0005309155765782758
671,0.33106123903542556,0.24771088136047603,0,0.0005842386779260369
672,0.08552599887091394,0.4856256354028491,0,-6.093107299905446e-07
673,0.010604953005896693,0.008647416398266628,0,2.041198300872771e-06
674,0.0946572260342384,0.027528424724958356,0,0.0004113315147417657
675,0.053534214591925,0.15985888536465842,0,-1.1031092871468291e-05
676,0.1770227831171091,0.5718357117963394,0,-6.415077147395288e-07
677,0.1642454647261266,0.09765473110950759,0,0.0003813541567060771
678,0.17842701435525274,0.040429666635682926,2,0.005716728776830619
679,0.003948425610149381,0.3392983498478068,0,-1.1653044812348311e-06
680,0.0966829589785094,0.0510074958096479,0,0.00015074421112433627
681,0.12450930210638518,0.2223839906081313,0,-1.1845042488781591e-05
682,0.2315374364541225,0.5539889465957378,0,-1.3211539467282763e-06
683,0.20034192658207287,0.37848503334403,0,-5.568905147370792e-06
684,0.1377348042973611,0.02561346345713753,1,0.0025092829457601788
685,0.024292751070553762,0.5183841536793515,0,-2.3821330343253105e-07
686,0.21383601885821615,0.16341476835482152,0,0.00017466166405683456
687,0.22630404404253712,0.21849769388184115,0,7.293738514377269e-06
688,0.34313317169822577,0.458405815933699,0,-1.0129794530554272e-05
689,0.3212884244582204,0.3041864114098314,0,1.9685703583452952e-05
690,0.29290965807437536,0.09507286002722337,4,0.01007077882228502
691,0.1591130764051987,0.1275569205607151,0,6.779474997247703e-05
692,0.22485471461971,0.5016893969552512,0,-2.0844729802815304e-06
693,0.16547711487264524,0.21026435198712162,0,-1.5790135586494167e-05
694,0.3057597783688535,0.24995255777391356,0,0.0002004628459979019
695,0.3092970350858266,0.45394835002773737,0,-7.698914224224558e-06
696,0.08827926547069813,0.2901266092759463,0,-4.4133944318610935e-06
697,0.24935414021879737,0.4436713788290147,0,-4.740836234350239e-06
698,0.14732179050161912,0.5998478905516216,0,-3.6040159973326817e-07
699,0.07708716600140579,0.15946307350491773,0,-1.3382102075283594e-05
700,0.12352992242532132,0.5494375152114366,0,-4.704723035039044e-07
701,0.3264998789356447,0.44963391739904074,0,-9.430427480550478e-06
702,0.052548228900551136,0.5491874533019881,0,-2.3214708990926152e-07
703,0.3099639370968914,0.48381256648237925,0,-5.793656963253302e-06
704,0.2580855289670971,0.10626294732938936,2,0.005915077855297321
705,0.052627705251668884,0.0002544115252366197,0,0.0002126594020923028
706,0.042672132586965866,0.5866126300504646,0,-1.446737227699913e-07
707,0.11927696628000013,0.4101472903104049,0,-1.8151622415720851e-06
708,0.09946277979007082,0.20824993461087607,0,-1.078927183016213e-05
709,0.18159347921199195,0.5194118690903357,0,-1.134088509712663e-06
710,0.34524284876679767,0.36590369709408493,0,-1.3485511769886682e-05
711,0.24681412156808424,0.13101818523538564,1,0.002212279857217665
712,0.10824070529419659,0.1944650231434514,0,-1.3001687536699363e-05
713,0.2699285933213083,0.5326329809016576,0,-2.398049787059047e-06
714,0.11679851427505328,0.30117900081734866,0,-5.244808834519153e-06
715,0.2833270417484278,0.2255825838397965,0,0.0002254654439642766
716,0.19445801963337428,0.16105890001909343,0,7.344742322132486e-05
717,0.2188866723144112,0.4291365805549113,0,-4.05012055302873e-06
718,0.1013581173128984,0.20456041771815284,0,-1.1326386110491633e-05
719,0.2682975999463052,0.3882344866385025,0,-9.727245569058295e-06
720,0.09386244108160668,0.5551903431383942,0,-3.3028674129459177e-07
721,0.1564009419387832,0.5936883139394467,0,-4.1966425678746156e-07
722,0.2068035467344698,0.46013274539662075,0,-2.6369760598963053e-06
723,0.17699781299841413,0.3655058491510063,0,-5.029529363852433e-06
724,0.21484218218389492,0.4946338930740113,0,-2.024207602942713e-06
725,0.03553440589057237,0.5137806491093125,0,-2.790782499929973e-07
726,0.3095200918285299,0.1253672901876877,3,0.007428822255513561
727,0.24416565714840646,0.5969686601597218,0,-9.751596671737003e-07
728,0.1839208073556393,0.244855726297051,0,-1.521313015641164e-05
729,0.10085092607562815,0.13580444176837647,0,-1.5307931114561495e-05
730,0.16053778409915329,0.5630336580968859,0,-5.942326828330829e-07
731,0.04332307671853165,0.5183973884680807,0,-2.880467789206781e-07
732,0.17098585948588027,0.41512717378806296,0,-2.892250829049813e-06
733,0.11934426723357781,0.12008981448036776,0,-1.1820785207356118e-06
734,0.09363660022599744,0.04749307241236689,0,0.00015452974409241386
735,0.002893422681390689,0.46540556994579235,0,-3.26744406241958e-07
736,0.12389362255566899,0.06680757003303059,0,0.0002568255132606689
737,0.2440618891346211,0.5327547758691846,0,-1.8508329878471886e-06
738,0.15107794201790034,0.41699947933291565,0,-2.3278310521511157e-06
739,0.029638113641285806,0.5797899652731733,0,-1.3598070764392e-07
740,0.06774116766310204,0.22270061706353586,0,-7.0044776538464e-06
741,0.1934125461668003,0.46647286841951197,0,-2.165931161979436e-06
742,0.23895355909081584,0.35447322804825104,0,-1.01337348386896e-05
743,0.0822594068887019,0.3728406204885022,0,-1.8214031346653776e-06
744,0.09774927397855684,0.38144463828979464,0,-1.950733280914824e-06
745,0.11575110845140596,0.3362276995718768,0,-3.6654071807170493e-06
746,0.13843179577821466,0.23698791444720027,0,-1.1775493963565111e-05
747,0.14074203242294597,0.5349410293630202,0,-6.458335530880049e-07
748,0.2461195956559191,0.1530417868204901,0,0.0009962130367600305
749,0.25003453494557343,0.36243892244540826,0,-1.0419415239883125e-05
750,0.07327026893792281,0.49776935312518994,0,-4.774705606087693e-07
751,0.11758457110013472,0.1992907799864729,0,-1.3441935205054998e-05
752,0.30095222238034397,0.4268217479288487,0,-9.200417527376373e-06
753,0.18053694606932688,0.41676800017384485,0,-3.129166281875169e-06
754,0.03822970866533731,0.0989282818542355,0,-1.522398658189162e-05
755,0.17961259012070105,0.1425148014981022,0,9.148926811581277e-05
756,0.06620916743451198,0.014216341302194645,0,0.00020792012867075697
757,0.26742484071325134,0.12005088760519417,2,0.005063036499440623
758,0.04917342138335308,0.4762392041086876,0,-4.6550853053387566e-07
759,0.08125031549121486,0.4585928780889827,0,-7.650509670850126e-07
760,0.27176926090013565,0.28534253183717373,0,-1.0678538832421619e-05
761,0.12647758789720492,0.022723465766872317,0,0.001842707412733443
762,0.3296954162186635,0.3953939663144918,0,-1.4870412885965492e-05
763,0.22023756658332835,0.19780372372761798,0,3.538513827699728e-05
764,0.2703534605363785,0.3056057918211118,0,-1.55420445789778e-05
765,0.2982535865433318,0.3172968366403669,0,-1.2805633253268215e-05
766,0.13034438909180715,0.4642687659448925,0,-1.18011424397712e-06
767,0.30216918662558456,0.5715726619238375,0,-2.2411529131574406e-06
768,0.10292258192906859,0.4141922371630257,0,-1.4806985699839658e-06
769,0.24529692691692323,0.20051076738415177,0,0.00012851852219462808
770,0.03140440869367873,0.1630258157766589,0,-8.763105727786935e-06
771,0.1623317695322339,0.58577392275756,0,-4.819311413374705e-07
772,0.2559144891388892,0.358323677142479,0,-1.1373410858485721e-05
773,0.21982265749546046,0.3947344306136114,0,-5.74649020783523e-06
774,0.21820759344636156,0.016146363701987854,9,0.021589804309997754
775,0.1008457125263941,0.021111507532170035,0,0.0007069534952140785
776,0.3463270269634453,0.40184116652235974,0,-1.5580905522061485e-05
777,0.3196274043850082,0.2609368616540111,0,0.00022302210755730642
778,0.204114175912126,0.22071371726877753,0,-1.1551321527165144e-05
779,0.06920758521004196,0.38054806324132207,0,-1.4803402947732395e-06
780,0.30813665288442255,0.5582750926621877,0,-2.7159940703118515e-06
781,0.011183602456446999,0.2793014526305389,0,-2.2817589707352656e-06
782,0.00637414772746292,0.09521585587181895,0,-1.2755590037571544e-05
783,0.2905069909090858,0.02712624376318615,9,0.021486165446650902
784,0.12213778784754172,0.2335243487058063,0,-1.0540082081525217e-05
785,0.14650143058785928,0.5324147985755687,0,-7.01555709170689e-07
786,0.06868354519741078,0.37021926304142894,0,-1.632796074135462e-06
787,0.05549884700591916,0.0030137379016682564,0,0.000213617878087067
788,0.21958645204066435,0.2835473045546696,0,-1.5000546913430324e-05
789,0.02633274881877678,0.03143659282892939,0,-4.530089715642489e-06
790,0.2467387294169356,0.5978001542115183,0,-9.922348795854306e-07
791,0.034886356909950615,0.10642470966297042,0,-1.439116745785733e-05
792,0.31968838320836535,0.37834749525314676,0,-1.5384209074410193e-05
793,0.28416958799462866,0.0036484580955880473,9,0.030496765494269995
794,0.14657172153345346,0.41912128908878576,0,-2.178863459902277e-06
795,0.34935116878111006,0.2760114053457136,0,0.00038640262754122026
796,0.0753436041174374,0.259551494016875,0,-5.257118912875739e-06
797,0.16770605421948834,0.014409057155370775,4,0.00971382884853481
798,0.11694828188908045,0.5228228380177277,0,-5.74873003954379e-07
799,0.09828198848854226,0.004656549406231103,0,0.0012642695850814086
800,0.2441395274231625,0.5731825619215973,0,-1.236595647699042e-06
801,0.2025956803474256,0.5256698134593256,0,-1.3136951533343147e-06
802,0.2050645527680922,0.0939650825285133,0,0.002101335601634107
803,0.03853146156627926,0.3373632768842445,0,-1.6781590318448436e-06
804,0.0972486324940948,0.5663302967055573,0,-3.0563198831169153e-07
805,0.001399601210779716,0.034815841269519705,0,-1.5107265863877115e-05
806,0.3409313416695921,0.397756676952996,0,-1.550367517056204e-05
807,0.2771783024169977,0.009817933893283138,9,0.027685604801001792
808,0.1014715557125701,0.20027545301602778,0,-1.1757058181594614e-05
809,0.27293896989670335,0.32008259076293516,0,-1.584769708878343e-05
810,0.25108196450016596,0.39389234813901514,0,-7.848181579086197e-06
811,0.011665555056017528,0.16399859971739777,0,-7.190055462996144e-06
812,0.2430524399374173,0.5695952358887483,0,-1.2679183849634461e-06
813,0.09967301404404393,0.404607383955165,0,-1.5775807113813264e-06
814,0.2672442478456864,0.38688589669547907,0,-9.753864022591957e-06
815,0.22655051583366512,0.008757891666148331,9,0.02570959669213931
816,0.29119135149385317,0.35390682552904723,0,-1.5098731267916331e-05
817,0.1577594606711416,0.22356414971782765,0,-1.485830204486746e-05
818,0.019357022516237093,0.3231756782634444,0,-1.5968996085928862e-06
819,0.3338538977057621,0.3968135636719583,0,-1.5085278591796334e-05
820,0.24810420908983516,0.42302865663696154,0,-5.741953136443456e-06
821,0.30821159822869515,0.46841192262649756,0,-6.622722651365061e-06
822,0.10610408085339493,0.4366431370291817,0,-1.2211855681042041e-06
823,0.23471720443664573,0.2645023447343146,0,-1.4896597344436425e-05
824,0.2717211567506463,0.354697370178616,0,-1.3294169585085907e-05
825,0.29693334537028976,0.5848049532458175,0,-1.8638570301746413e-06
826,0.13612740731411732,0.15718087334432307,0,-1.2824534931534218e-05
827,0.26006347954269937,0.14550484070358166,0,0.0020430584233209503
828,0.25720751718374735,0.3933126846994414,0,-8.36535639832342e-06
829,0.30240405903786294,0.553126494630007,0,-2.700604686451304e-06
830,0.09790258969425487,0.17760614375088804,0,-1.3636814098421511e-05
831,0.27184846548897895,0.4378580046338079,0,-6.263368562541281e-06
832,0.03539739926468871,0.5266301778521469,0,-2.45091233414369e-07
833,0.14023143966733967,0.19465922472060018,0,-1.5573092970972173e-05
834,0.17568617911616835,0.5404975264331493,0,-8.65938803502727e-07
835,0.3380799485755409,0.49680525096828065,0,-6.712805144670037e-06
836,0.2783062357016381,0.032881931639618965,9,0.020180453075297453
837,0.10752532625320636,0.24701604106262157,0,-8.124927379804342e-06
838,0.13350024128944288,0.2783374978299341,0,-7.716141946681336e-06
839,0.04583370855284274,0.48651616814431,0,-4.062650607031852e-07
840,0.3116053091663282,0.3325912277909909,0,-1.3410674124488423e-05
841,0.03836294148616269,0.319229282992176,0,-2.008244361775729e-06
842,0.23336352594930945,0.2372331373332152,0,-4.751839256613235e-06
843,0.04099085117011856,0.0871129802236091,0,-1.5751643351425717e-05
844,0.22268745915727037,0.3354096495141781,0,-1.039597830843084e-05
845,0.07147895160723831,0.07423143631942834,0,-2.7407765459457483e-06
846,0.08825539825434181,0.4476225254594805,0,-9.156081631910146e-07
847,0.2806502513790867,0.09227570782095718,4,0.009946632879319066
848,0.27319200567196406,0.35531294026523164,0,-1.3377686737280187e-05
849,0.3454368343639173,0.2686064188676342,0,0.00044497967480021914
850,0.21748637744333374,0.5074406716041207,0,-1.828656617683949e-06
851,0.18771205307879696,0.27180547067472377,0,-1.3199187555827394e-05
852,0.227381513429339,0.14039484721254838,0,0.000817294586170341
853,0.1900161151899856,0.08645375412694578,0,0.0016455182790884877
854,0.07905187837939395,0.36883022933830234,0,-1.836158426183289e-06
855,0.10564804685076644,0.40680312439230454,0,-1.6381756914901238e-06
856,0.023753426516124623,0.48345324557246827,0,-3.3599055731135395e-07
857,0.21909681885944096,0.22619826020126643,0,-6.8819137533933625e-06
858,0.26003813046510926,0.33596306486200705,0,-1.3973996505836602e-05
859,0.14328165156981393,0.1650069040407284,0,-1.3033525236143699e-05
860,0.30168095681441714,0.2481821929244364,0,0.0001816643984916561
861,0.24464734649350392,0.5918420495216219,0,-1.0313837680081433e-06
862,0.29068834458344045,0.56249358973675,0,-2.188646894398863e-06
863,0.05690375914550718,0.1464118315386785,0,-1.2683935875530659e-05
864,0.2496423339605234,0.44211858083457006,0,-4.828057411728241e-06
865,0.10152059556263854,0.36264118497933334,0,-2.4441340288514767e-06
866,0.0869998873284669,0.18940575654192984,0,-1.1406091495950562e-05
867,0.30083789861637755,0.4301109164644726,0,-8.912400894005618e-06
868,0.16714910482691192,0.17113154750202045,0,-4.286659000145201e-06
869,0.2946962187906976,0.05834311232162765,6,0.01479504888983468
870,0.3404133330199433,0.21655541971394177,0,0.002031022436829961
871,0.2736326064957844,0.03095354115386326,9,0.02071605041232392
872,0.15789504533651746,0.2778858246093043,0,-9.745303548449106e-06
873,0.06744963559953568,0.46738523931368836,0,-6.104531014332506e-07
874,0.13915278603161685,0.40068573963358783,0,-2.432631660929398e-06
875,0.055228845517259026,0.2173065175144467,0,-6.5364177693412876e-06
876,0.2121433606677172,0.22430480148071244,0,-9.680279800222409e-06
877,0.30551372268508226,0.3551359294900143,0,-1.581431399306767e-05
878,0.04395665922041335,0.08299889636030722,0,-1.5573582506280026e-05
879,0.2125453682938072,0.3935398365953048,0,-5.413062283314651e-06
880,0.3481641028746667,0.5515176316960418,0,-4.323029575206906e-06
881,0.08757449367984113,0.10382382166847837,0,-1.1043959516539086e-05
882,0.3074565593998716,0.032667685040437155,8,0.019436176206590678
883,0.051042591661996144,0.27716294550303944,0,-3.4682344640535716e-06
884,0.11500332942150975,0.3192144377078734,0,-4.309198025385237e-06
885,0.316631023865202,0.06860343066279395,5,0.012638846934900971
886,0.17224864493211897,0.11103940274786295,0,0.0002984790893190795
887,0.20945087973639986,0.5641371681760301,0,-9.576122314312026e-07
888,0.05076759901273474,0.49829955843143514,0,-3.793482351832605e-07
889,0.14213017644620443,0.3354944797748457,0,-4.7965933214408355e-06
890,0.19343621940966865,0.11642782873819021,0,0.0005752443925293305
891,0.16513380194139562,0.2592669800949458,0,-1.220854592479136e-05
892,0.32884524416636146,0.16975222047261174,2,0.0045348129768591795
893,0.06820771813021255,0.4340969945130049,0,-8.58027620236724e-07
894,0.15747381403828084,0.39973109656563616,0,-2.9478693381984832e-06
895,0.004481230291932736,0.0739880075099788,0,-1.4566925797710062e-05
896,0.13703880999226617,0.3106974643522898,0,-5.827546465007303e-06
897,0.14109260212631383,0.05437476775986072,0,0.0009120613907148392
898,0.2354534636248332,0.5682009465273302,0,-1.1918514177260642e-06
899,0.09416168782095495,0.09415468540100207,0,-3.059431083009773e-07
900,0.15498145714400582,0.08212724041380345,0,0.000504012243774035
901,0.18348308393934903,0.1679530887494078,0,2.078828601506167e-05
902,0.197889602071333,0.2114245673615183,0,-1.0253091261288137e-05
903,0.31651212061340767,0.2926218427216463,0,3.474082283386487e-05
904,0.03571723831621765,0.25276751389848945,0,-3.796879070598439e-06
905,0.28997880933092396,0.15673868525714732,1,0.0031896675729286214
906,0.1275558955598149,0.20210315481906443,0,-1.411533107327796e-05
907,0.03443906996099605,0.5502032478622738,0,-1.9177661542631755e-07
908,0.04543526966097846,0.22852968327274098,0,-5.3173857167011616e-06
909,0.0830568961845595,0.05776347181363808,0,4.777929485280564e-05
910,0.2208417001363063,0.010477275293783728,9,0.024225788607139167
911,0.3468264244985304,0.4878806687976748,0,-7.960290846556928e-06
912,0.20559612145533046,0.06149687367759912,2,0.006214017261628804
913,0.08103499524560646,0.41271351968096437,0,-1.207775886109889e-06
914,0.12192336742592533,0.17183513428310374,0,-1.5723219794355844e-05
915,0.10076805807337674,0.31223442135560925,0,-4.010263762894288e-06
916,0.1312367409024509,0.25881292717369664,0,-9.088947015883562e-06
917,0.09797153617450068,0.12946765958330894,0,-1.4922524965710763e-05
918,0.2438968319068757,0.5903470697598427,0,-1.039103859048972e-06
919,0.22742478151848397,0.4750687145990419,0,-2.7897369580592294e-06
920,0.14228328600846876,0.5557902779593294,0,-5.324322387561162e-07
921,0.2820286460413002,0.2120655063982751,0,0.0003800274681374017
922,0.017357822529799886,0.42563570424491176,0,-5.619212820302111e-07
923,0.06391448491425691,0.4003648181305326,0,-1.1517632871886663e-06
924,0.09865338183556191,0.018764617771909717,0,0.0007127243608346433
925,0.07844498135402016,0.3700044435594813,0,-1.8037756442799725e-06
926,0.01017227811042718,0.591440645199355,0,-9.96395485788173e-08
927,0.18615439467466588,0.4178858883169377,0,-3.2724003519817276e-06
928,0.1913553953471566,0.1454701265732182,0,0.00014304875261977114
929,0.00543089337175025,0.16306377298936509,0,-6.829840455396445e-06
930,0.08177801269553281,0.4905874465444902,0,-5.585162389339316e-07
931,0.20658903235709197,0.5209247336921295,0,-1.4334985060673165e-06
932,0.3016644753952501,0.20990771674131367,0,0.0008440309961985424
933,0.07394940354350484,0.26318284903982625,0,-5.002345070568717e-06
934,0.242997650326669,0.47470777099253314,0,-3.269154431140582e-06
935,0.2809791420876035,0.13348026586516376,2,0.004735962586188505
936,0.3211032353814036,0.09221630871930799,4,0.010142340400970312
937,0.09461156877575591,0.20545656936343845,0,-1.05952679468001e-05
938,0.23270295745007755,0.2734867185196362,0,-1.5774191230594963e-05
939,0.07662748471144705,0.46022741406799816,0,-7.186921772181648e-07
940,0.13552266001632104,0.5160707486706098,0,-7.403456845615938e-07
941,0.09920287452984251,0.5464632548140698,0,-3.8014762121894264e-07
942,0.08332416878067063,0.47755961440371897,0,-6.461271459573099e-07
943,0.013578125766037612,0.35033139927303036,0,-1.1489527834703416e-06
944,0.10189257088501646,0.44861468231360446,0,-1.03881338483758e-06
945,0.21618006019160382,0.34210390825209425,0,-9.21478489388649e-06
946,0.33951043305379186,0.39685464557760214,0,-1.547197964160374e-05
947,0.1104276693822541,0.3193893205359846,0,-4.110783277369707e-06
948,0.20011576429352204,0.48858318592103683,0,-1.8566645796861622e-06
949,0.07473497534288986,0.24262280496116898,0,-6.173499778436714e-06
950,0.252629428459185,0.287124406450877,0,-1.5452476219379473e-05
951,0.18558084806764027,0.10106407703517566,0,0.0007895008580024221
952,0.23846963855509723,0.32891544760732644,0,-1.2560930452393743e-05
953,0.17456099435755187,0.4805768572699526,0,-1.558730606280822e-06
954,0.05373859154783773,0.48542542492053964,0,-4.444630814953496e-07
955,0.016891172189093445,0.5384723279802854,0,-1.80973727416678e-07
956,0.15509471158845117,0.05632469502703847,0,0.0014529221958456842
957,0.34017893013817724,0.540126801692974,0,-4.472661799330651e-06
958,0.21086175658969022,0.2636833949324177,0,-1.565849656525255e-05
959,0.23905208408890483,0.5904862050394227,0,-9.886967609674387e-07
960,0.2685058180053901,0.024146826076539018,9,0.02263224361352052
961,0.14413981658917338,0.5348371185783524,0,-6.688118910962386e-07
962,0.32025766487315493,0.18617169131416214,1,0.0028551467948621703
963,0.03874050591506076,0.10343195923654826,0,-1.4946313619118526e-05
964,0.09188613238495887,0.08937129556325103,0,2.334826506135214e-06
965,0.28881002630283376,0.3372576640707423,0,-1.583411211214422e-05
966,0.12275459683020017,0.2781333768581733,0,-6.970097252688e-06
967,0.08070682129457105,0.1789871742296654,0,-1.1811692769997404e-05
968,0.3228601907765565,0.30770636153502956,0,1.6126171959273414e-05
969,0.27612148502229555,0.06633744899505101,6,0.013604088391137031
970,0.2378144477048521,0.39451731118835703,0,-6.86475892779916e-06
971,0.08103431080661454,0.15751076728368563,0,-1.3942557468951272e-05
972,0.012620695266002312,0.5580100701861045,0,-1.4263913471600282e-07
973,0.15901741403100714,0.3414511183047401,0,-5.342606543919717e-06
974,0.29761503037511583,0.3783838565888674,0,-1.3505194544370099e-05
975,0.06194373470222977,0.18057009298142165,0,-9.88220011316606e-06
976,0.18523962582290154,0.42606671828803017,0,-2.988676397512218e-06
977,0.24221886016642805,0.43418122100772744,0,-4.8535502769599704e-06
978,0.16840643979402525,0.07705900141633582,0,0.0010627764597576285
979,0.22214608478093975,0.04226295069802166,6,0.013770069259875398
980,0.09994062890632308,0.4917534949122844,0,-6.618218721268332e-07
981,0.24230255530490064,0.16781334298269782,0,0.00048552060797714126
982,0.3457055676330387,0.08460995658614257,4,0.009683709780663852
983,0.12158860375106591,0.09104428153477329,0,6.535797371923714e-05
984,0.2941203838357989,0.053542235176117094,7,0.015583814009825477
985,0.14657731299449783,0.22992499919990642,0,-1.3278445695347352e-05
986,0.05467967481147144,0.21286400402569414,0,-6.789417517830506e-06
987,0.21322476090390483,0.31510132084407677,0,-1.1435087643340781e-05
988,0.10581903109432604,0.026339320493607144,0,0.0006968011061095137
989,0.22364513869229224,0.5765800860149507,0,-9.742657312418722e-07
990,0.25547421485512856,0.26615417308964057,0,-9.207843931245814e-06
991,0.08275223928180868,0.5059872057985317,0,-4.834856569649724e-07
992,0.31668613018632075,0.27944614807576246,0,7.960029765494995e-05
993,0.23951550819584336,0.22179119403452,0,2.3732614008446472e-05
994,0.09855019639241823,0.2970983682646245,0,-4.559598902094377e-06
995,0.18538502720264025,0.1682610659778873,0,2.3991400403434368e-05
996,0.02758303561876959,0.5685244620790242,0,-1.4910310114546396e-07
997,0.005831772669007251,0.05894742913992894,0,-1.5614717365857838e-05
998,0.06065597075499978,0.5793327693707024,0,-1.862154885488358e-07
999,0.21863838989187465,0.3993484435626251,0,-5.42753350626066e-06
1000,0.1869484215935755,0.21014665226051812,0,-1.3528835665824884e-05
1001,0.2194824848017285,0.17007288619008032,0,0.00016548777527336408
1002,0.060857716547533997,0.37210530953042337,0,-1.4818750144485877e-06
1003,0.18103063445274978,0.39137262416887636,0,-4.049616137853071e-06
1004,0.3289459167422466,0.2880764321549614,0,9.492520315472731e-05
1005,0.2570062931315344,0.09980443214672123,3,0.006738422645508539
1006,0.15238817987966174,0.1354530518863784,0,2.434505808759381e-05
1007,0.08753692456086765,0.10450170129047658,0,-1.1328261437213848e-05
1008,0.007857579924371,0.4830523313546358,0,-2.8781081272952985e-07
1009,0.30888629598774914,0.2347292981791265,0,0.0004301147622865606
1010,0.16375620673398375,0.1746640696927422,0,-8.787219657660253e-06
1011,0.22647641592164336,0.31506579387043115,0,-1.2747985443878635e-05
1012,0.2723263268498959,0.45421762327756476,0,-5.357711885082203e-06
1013,0.09341763773357757,0.022412184308076344,0,0.000488073949713798
1014,0.2232271752256013,0.4690336861083787,0,-2.841616000202473e-06
1015,0.12322224353989239,0.14585906006791735,0,-1.3239287355108516e-05
1016,0.3453237936301923,0.11980185840124588,3,0.007584130592722998
1017,0.19924469673493528,0.45481339872892806,0,-2.5790655441484404e-06
1018,0.18950609222746267,0.03241746722400816,4,0.00976385358286513
1019,0.03502188968487521,0.005420160873978208,0,6.380685184810438e-05
1020,0.17509754663767477,0.19523886925212675,0,-1.2654035719173163e-05
1021,0.012321266538193432,0.3169721145747535,0,-1.5837891977001785e-06
1022,0.16394139746616707,0.5773281740047082,0,-5.328921601311847e-07
1023,0.3368177018381323,0.27565210112896715,0,0.00024138462342540432
1024,0.1419834372086945,0.09603336503976764,0,0.0001489969645876205
1025,0.16865649445400807,0.008775138775409896,5,0.011790681485475674
1026,0.1081811289689458,0.43275019553892896,0,-1.2962544045436897e-06
1027,0.014492749824787692,0.5083383110151631,0,-2.3882451235708206e-07
1028,0.2891691548327848,0.3654978600834009,0,-1.3932344915496341e-05
1029,0.21900876423093268,0.24534457574356447,0,-1.4293419872333347e-05
1030,0.19451762164727604,0.11556827436373504,0,0.0006222274107199943
1031,0.22437391167443477,0.052658344017553094,5,0.011407146597191536
1032,0.2808794651281736,0.31375327350862225,0,-1.5357759981553162e-05
1033,0.22572137964289693,0.24583995427344615,0,-1.2816270077293992e-05
1034,0.24567766095202603,0.09006960021361388,3,0.006927918002213707
1035,0.3202017084481696,0.49021795270220864,0,-6.014193673332941e-06
1036,0.05329482811575704,0.5335401039168352,0,-2.734991667410746e-07
1037,0.2883255104621524,0.12127422104441796,3,0.006741987226091302
1038,0.16374241102928527,0.3570731198499277,0,-4.796264503775697e-06
1039,0.13008265022197274,0.49993928977851343,0,-8.23944293408064e-07
1040,0.3062982189679313,0.5368499459175572,0,-3.302020619800627e-06
1041,0.1176271076771098,0.22690379229090588,0,-1.0739943755304102e-05
1042,0.3101803645416358,0.0386067009589875,8,0.017890258766483744
1043,0.1941446263390087,0.3128849255327767,0,-9.85062173938143e-06
1044,0.32832776227676835,0.23802025041662953,0,0.0007542265536934037
1045,0.0012772754530643526,0.05476004279705007,0,-1.5601094475486596e-05
1046,0.21637351870888577,0.33535824603750686,0,-9.82411323073506e-06
1047,0.23222545349174628,0.20183800180811445,0,5.9314882636347055e-05
1048,0.24236233121565948,0.458663560543105,0,-3.8115063479821323e-06
1049,0.3377487680149051,0.12462148321810666,3,0.00755572638391654
1050,0.24867452053273392,0.5584544544289693,0,-1.4990143217465369e-06
1051,0.09843108572485149,0.14776013258570292,0,-1.5730026700460304e-05
1052,0.322175752553738,0.07290565005495632,5,0.011907934313018032
1053,0.019805069318609668,0.07795000412480337,0,-1.5378520709002627e-05
1054,0.09041253482731994,0.4553243627527514,0,-8.662013130040916e-07
1055,0.013622602464008654,0.4437865455141777,0,-4.5148629775076627e-07
1056,0.0543050800091528,0.12885593192600744,0,-1.4121829061313925e-05
1057,0.20497050319584825,0.20873130501810258,0,-4.4128105046915765e-06
1058,0.030651743010243145,0.2806090535280027,0,-2.734924266988024e-06
1059,0.007582011881073874,0.32208025888961517,0,-1.435371448653516e-06
1060,0.3040056805585237,0.29250093076748285,0,1.0837658005432903e-05
1061,0.31607226617586254,0.4041166530589594,0,-1.2782919638182703e-05
1062,0.02497877893497419,0.23483710794569201,0,-4.079052735222924e-06
1063,0.22018053562408826,0.2342260907479459,0,-1.059090809225113e-05
1064,0.16730966965390348,0.293114093655258,0,-9.234258315020875e-06
1065,0.04858375322280803,0.07635707098973539,0,-1.4295945194052317e-05
1066,0.227450939959596,0.13580080932541153,0,0.0009779400272121755
1067,0.2553128037053838,0.3533402989681579,0,-1.1803987624891459e-05
1068,0.3285014162449343,0.23348348753611836,0,0.0008869410549847758
1069,0.15871558109439343,0.19978776846203763,0,-1.5718894031129447e-05
1070,0.3139433835614899,0.25085789137902703,0,0.0002716218624615602
1071,0.07417450942101328,0.36797372801770944,0,-1.7639457843924774e-06
1072,0.1592223162989654,0.019136617827058576,3,0.0065563748554672684
1073,0.29073927619618667,0.48672889840537004,0,-4.658058494333126e-06
1074,0.26516788326201013,0.07770687303376496,5,0.011173127417997695
1075,0.3219955800181732,0.5820767193402151,0,-2.4585412396985235e-06
1076,0.1778873670742676,0.26321052302837594,0,-1.3079911355144091e-05
1077,0.2576083292908653,0.5872935699595616,0,-1.2283395651341696e-06
1078,0.02604869786496502,0.354711797100656,0,-1.245585352635467e-06
1079,0.12398921649238254,0.016129916570876545,1,0.002173999665008318
1080,0.15349389541817782,0.12626399067730543,0,5.212302038401433e-05
1081,0.15722659767542788,0.1758053725752713,0,-1.2095020088495204e-05
1082,0.3085440925660074,0.40027097300994563,0,-1.2417335285159362e-05
1083,0.06487968123912126,0.5778682350563027,0,-1.9710471818957648e-07
1084,0.27580455505586643,0.3253629097718014,0,-1.5797982081306775e-05
1085,0.02296138503209523,0.13237109259151134,0,-1.0740047032182447e-05
1086,0.24767505795724334,0.27118875533852976,0,-1.3783149108422343e-05
1087,0.05731871155780242,0.22533425890602832,0,-6.167246065282549e-06
1088,0.16803604527555968,0.4800276945578022,0,-1.4685182815842346e-06
1089,0.12092535884207656,0.23151708667898457,0,-1.0615052263790183e-05
1090,0.13331260771895517,0.021259146662487936,1,0.0025219489392629664
1091,0.3324544278405687,0.5059604609485475,0,-5.8094631269025165e-06
1092,0.19863943720423605,0.4956733477972566,0,-1.7043787902856867e-06
1093,0.18793772814699927,0.4843281267376004,0,-1.7157213958473128e-06
1094,0.15319765873861702,0.17886083435671032,0,-1.4013222483781575e-05
1095,0.27473056356159675,0.02075301464316288,9,0.02367924818232814
1096,0.13748146956188517,0.0419155072662746,0,0.001310895950360647
1097,0.13337101989569836,0.47636007912951334,0,-1.077813858575102e-06
1098,0.22134578826338275,0.08905166139555791,1,0.004078427716572923
1099,0.020838875102094416,0.28344795958577296,0,-2.410591850704594e-06
1100,0.3072309203456451,0.3027959406510754,0,1.7811000876483954e-06
1101,0.0830347316237211,0.02888393970671388,0,0.00022887654311690893
1102,0.11674887092305372,0.238991879341834,0,-9.552321005724571e-06
1103,0.15000743349053008,0.5190805317081718,0,-8.301672102151257e-07
1104,0.06283806813010731,0.24674621372359465,0,-5.273624234412851e-06
1105,0.017014639666305325,0.185944135448024,0,-6.115170486738209e-06
1106,0.15701261306122774,0.4897868077009605,0,-1.1932500996329323e-06
1107,0.08427080495906153,0.45205475602244144,0,-8.417486374809465e-07
1108,0.04641597308474815,0.11962766172078809,0,-1.4242946222519563e-05
1109,0.08396570879426976,0.23569114147953824,0,-7.225926761320899e-06
1110,0.23348228798394344,0.3758824330069897,0,-7.882434417686616e-06
1111,0.3238068957485018,0.18132932317318148,1,0.003401112081931034
1112,0.1874940432243624,0.02083540465385043,5,0.012817183994448528
1113,0.101194087360274,0.5366718736301177,0,-4.2767068407195615e-07
1114,0.02948018161926844,0.1752952703666058,0,-7.65548901914974e-06
1115,0.1241916102233543,0.18598752987309866,0,-1.5151566211883831e-05
1116,0.34956435454039914,0.42350155181040156,0,-1.4148517080912585e-05
1117,0.14493828700516714,0.4891499385925032,0,-1.0645245341959058e-06
1118,0.30730687933471235,0.07168725177771015,5,0.01262091565001012
1119,0.22973980988080062,0.21459903937600558,0,1.890843858220966e-05
1120,0.19910884920496993,0.44986991556512407,0,-2.7058707392084743e-06
1121,0.23289176914472634,0.29870471714809116,0,-1.4858138155066733e-05
1122,0.02572877030788928,0.051069670278376764,0,-1.3784791601504287e-05
1123,0.15684668438776656,0.06209230429149823,0,0.0012367557989706082
1124,0.1693909712008851,0.3798353638051485,0,-4.046414787399717e-06
1125,0.08285450885258301,0.05726253670366048,0,4.874090736214807e-05
1126,0.19384980826692655,0.12261582543335545,0,0.00045160649152192707
1127,0.29937198718797947,0.5003559941140941,0,-4.431938049579626e-06
1128,0.04157903573793729,0.010530306138843714,0,6.95225560541979e-05
1129,0.2423968871899311,0.11918367419529034,1,0.0028511531885845173
1130,0.22168829467482368,0.3271268591227628,0,-1.1087315793889664e-05
1131,0.17674499318815098,0.5115263019593594,0,-1.1691504899584072e-06
1132,0.1984847431737155,0.29475801950981145,0,-1.1989911038339657e-05
1133,0.09641249963250478,0.21258869297259866,0,-1.0100060478654214e-05
1134,0.1170596847368072,0.37599320266944064,0,-2.497510277363339e-06
1135,0.3139987105268041,0.08535969998217074,5,0.010965597907942905
1136,0.21600689024608416,0.1855473678138086,0,6.0540182169308514e-05
1137,0.14097887740246823,0.5520632242257391,0,-5.454984115428135e-07
1138,0.3111353749133031,0.14655863497398922,2,0.005556776423119938
1139,0.24891973900404482,0.08051416230727211,4,0.00900920094917627
1140,0.19835168118014845,0.550566326596062,0,-9.81770037678687e-07
1141,0.12335274944498034,0.4743007692833715,0,-9.9552155153534e-07
1142,0.225285074244972,0.29418960748631595,0,-1.4604906438275041e-05
1143,0.18240566915667134,0.13380775194298658,0,0.00016466468601393478
1144,0.03729882945563523,0.36482238677068207,0,-1.2596970613416774e-06
1145,0.3023115900823235,0.40176103176190414,0,-1.1652040384830989e-05
1146,0.08242350180000192,0.5694588932483579,0,-2.554541594570632e-07
1147,0.2402924448836633,0.5243873822854284,0,-1.938001057743373e-06
1148,0.06366325433426899,0.16118094171343925,0,-1.1889269049597155e-05
1149,0.30777595732082885,0.49633847758631017,0,-5.011236388232436e-06
1150,0.15078632521581142,0.506182214425503,0,-9.518109845144184e-07
1151,0.31904818643874855,0.38407259477555833,0,-1.4923945714640452e-05
1152,0.1842903888715595,0.26832731579987357,0,-1.320527823224397e-05
1153,0.13141340318148095,0.3084134285018845,0,-5.639561194918797e-06
1154,0.022255945066695298,0.5329122794886202,0,-2.0185336725385539e-07
1155,0.2522823065983814,0.2593294418323865,0,-7.112108409311577e-06
1156,0.14202541758365508,0.12389967396788903,0,2.717886427063872e-05
1157,0.23094986842069115,0.5944989296405334,0,-8.760565846151861e-07
1158,0.3404734193249062,0.24445442383077767,0,0.0008895585458731766
1159,0.07875470007668856,0.5800758786624899,0,-2.2145857539890992e-07
1160,0.10908445779585657,0.40212564423704006,0,-1.77647931952359e-06
1161,0.1235188260065105,0.0032983395670073356,1,0.0035108651373468636
1162,0.10305692670229805,0.24898887659559898,0,-7.639245691266745e-06
1163,0.16919368579412428,0.2676016379961725,0,-1.178457696900491e-05
1164,0.052818275566456074,0.4010050797649131,0,-1.0243742665670258e-06
1165,0.2099170726924025,0.3069328675227398,0,-1.191405434460686e-05
1166,0.14152338445481874,0.439969251890866,0,-1.682200939680145e-06
1167,0.14229756230472282,0.08230695202257361,0,0.00028960787539408274
1168,0.07830395435200146,0.29536232018292524,0,-3.794465949079568e-06
1169,0.0676803755466308,0.01102358130027239,0,0.00025900914622143116
1170,0.31361141490523026,0.03926474385005358,8,0.017599611332455006
1171,0.2188237774309951,0.4611085430461864,0,-2.94351682133414e-06
1172,0.18579156768392607,0.2992750866877247,0,-1.0332857108839312e-05
1173,0.14213941370826777,0.1274000449402826,0,2.0070054621204084e-05
1174,0.07329506257907722,0.07667272673695831,0,-3.2772734953542644e-06
1175,0.14071371495251195,0.11716337392057867,0,4.109244701438182e-05
1176,0.28914329075844225,0.13336545722996163,2,0.0054201106596153655
1177,0.15502311479915373,0.05400774060342328,0,0.001586609331272037
1178,0.32082893183985634,0.31146741733510186,0,7.388266707495634e-06
1179,0.06306568399617747,0.41416843913153883,0,-9.948119677817552e-07
1180,0.2659568540288236,0.5430809038873696,0,-2.076605475330423e-06
1181,0.00041439743100591395,0.10373240642377075,0,-1.1327770198006135e-05
1182,0.33879175306454995,0.40544028089544426,0,-1.479286724767779e-05
1183,0.054699206833355864,0.44662010583253614,0,-6.61494893048874e-07
1184,0.03835479883713841,0.2869183029996984,0,-2.7729943075637544e-06
1185,0.31891699200883533,0.2404221396778474,0,0.0004994702674264705
1186,0.15723516054397935,0.5094166421590538,0,-9.827943818854315e-07
1187,0.3493263218339723,0.3823504153623928,0,-1.552193274652383e-05
1188,0.06755643116511525,0.15289843241615167,0,-1.3093760803922384e-05
1189,0.3212954080654402,0.16362721003875094,2,0.00463626138483652
1190,0.23043736803108414,0.48904325637690427,0,-2.5004211610582405e-06
1191,0.30087901297859915,0.08507128948960019,5,0.011251285607364806
1192,0.03592188947460862,0.09424076381990307,0,-1.5368307615733707e-05
1193,0.29995296602749894,0.34301587870214545,0,-1.588684868786782e-05
1194,0.3460016681928045,0.025338203365761692,9,0.02009495301610194
1195,0.033319461972587755,0.20128355800358225,0,-6.1722066722032155e-06
1196,0.20869951894734504,0.04682841027445637,4,0.009983995288113622
1197,0.09555732736359054,0.3433883384871464,0,-2.7912086622283744e-06
1198,0.3097063072131516,0.48613418696696176,0,-5.648512621010742e-06
1199,0.20089954126860432,0.3384727723135266,0,-8.260230557891398e-06
1200,0.2224939345406404,0.08488584471550162,2,0.0047738210538598
1201,6.343564370153709e-05,0.4704076738901432,0,-3.0213889168352857e-07
1202,0.11397409051449849,0.4485089340652313,0,-1.1732250978435592e-06
1203,0.3153194851413324,0.4455498670624589,0,-8.829134865992e-06
1204,0.003923419172199283,0.18982228177521904,0,-5.174485401816427e-06
1205,0.32705416392304976,0.3128759153041591,0,1.434814190211261e-05
1206,0.0904629657811342,0.11444013653890762,0,-1.3526345144423874e-05
1207,0.21994238930776353,0.3866065404690882,0,-6.231209183772469e-06
1208,0.17732036466251194,0.009935164296989218,6,0.013893516054809629
1209,0.16456979815149986,0.3188835535492735,0,-7.037163393842139e-06
1210,0.3355027512229981,0.27729394548571557,0,0.00021306080139381697
1211,0.17395559229656915,0.49282954011949703,0,-1.3707420405202412e-06
1212,0.2705347712038992,0.1053852535858911,3,0.007321795925330357
1213,0.04135978355685066,0.03100394728705793,0,1.332593192442343e-05
1214,0.17368877635609337,0.5219849176754021,0,-1.0214404126952065e-06
1215,0.2115230911647189,0.5071723816219798,0,-1.7276960527097328e-06
1216,0.17753710415672588,0.07523131109741528,0,0.0016059558695222804
1217,0.09960697136633347,0.039421784673629466,0,0.0003003455197204719
1218,0.3406006227613642,0.11913719385308123,3,0.007768763970893611
1219,0.1524408202568149,0.5662337308493901,0,-5.308290725116005e-07
1220,0.17508030844598094,0.35584356671635076,0,-5.429713712840235e-06
1221,0.24901470005639062,0.48545577294586384,0,-3.1181083406716243e-06
1222,0.2974814217052538,0.12210783230089552,3,0.007233793321791965
1223,0.06482116417309593,0.2778510940846359,0,-3.950422626197859e-06
1224,0.18306220225242492,0.1134610546080122,0,0.00042632211945997715
1225,0.2148220407672095,0.23626692858829013,0,-1.315591722887507e-05
1226,0.15189365598071433,0.09617984753850803,0,0.0002363619704422456
1227,0.0353381677609467,0.4586159998151924,0,-4.835566599973033e-07
1228,0.31808246483958036,0.5784496775825178,0,-2.4517773413282433e-06
1229,0.31603117008991183,0.16740400463326893,1,0.0040287779389022085
1230,0.2595647493074417,0.30994804111027235,0,-1.576498285997329e-05
1231,0.20549222866658354,0.06238721767449513,2,0.006035510595262985
1232,0.22121582932625064,0.16975637564552773,0,0.00018211064320644048
1233,0.20334247806958353,0.31017945354515497,0,-1.0956758174876845e-05
1234,0.07679029485408918,0.25738366093039083,0,-5.4480068157622695e-06
1235,0.01744993600378687,0.5054595998215163,0,-2.531687034208852e-07
1236,0.275878301788801,0.4125190825557934,0,-8.318970492198175e-06
1237,0.11731530823347261,0.4423108120820872,0,-1.290564360467407e-06
1238,0.032897990454270984,0.13403150402450642,0,-1.1537465003186631e-05
1239,0.1017024841796039,0.46360881492303685,0,-8.924878592607306e-07
1240,0.2922706692421923,0.05009799737583624,7,0.016229938164053024
1241,0.1157240188962516,0.09866703721078215,0,2.530027773879984e-05
1242,0.15613892028293472,0.16286624730639646,0,-6.213317620101123e-06
1243,0.0781201973952368,0.5099471734510158,0,-4.4370699680258606e-07
1244,0.15429994517308387,0.3065720102030995,0,-7.1792799088827815e-06
1245,0.34358660554111725,0.5816553504591633,0,-3.060580362573976e-06
1246,0.1772715955415788,0.04181446981378562,2,0.0052772875926554745
1247,0.12304569873101176,0.5309344092787667,0,-5.633610985388584e-07
1248,0.06259151006162011,0.5761293517872038,0,-1.9603042153415907e-07
1249,0.15862588749799086,0.19813094571745077,0,-1.5658921096698326e-05
1250,0.032905742577889786,0.1432377814469218,0,-1.0651666905496525e-05
1251,0.2295590529541108,0.02380637953848532,9,0.020552112239087816
1252,0.10712630641502348,0.035531335593005274,0,0.0004964416133745087
1253,0.013923628614530403,0.19080432359508825,0,-5.65554828456039e-06
1254,0.23241180376007803,0.17972563598497043,0,0.00019062549115014194
1255,0.029972829245671417,0.2998024687827736,0,-2.242605713177764e-06
1256,0.04062519225670472,0.19369709585285227,0,-7.136436725680305e-06
1257,0.11314872952559328,0.3224636507427451,0,-4.096190189093904e-06
1258,0.024407347541772456,0.4946552732808981,0,-3.023533922813131e-07
1259,0.23631646239309928,0.29080838110716556,0,-1.5594113751347968e-05
1260,0.24925426691649513,0.18909141663371234,0,0.0002622828132461506
1261,0.18764270099009164,0.10077221351121328,0,0.0008652334135858002
1262,0.3496257656252648,0.3421472346209993,0,4.331908053728004e-06
1263,0.25890794532309597,0.48222076967033334,0,-3.553143283184006e-06
1264,0.28149576438321655,0.18867718055422736,0,0.0009168798842937146
1265,0.24948203872093008,0.22883508354814647,0,2.985917612529264e-05
1266,0.09997964898013645,0.2692714181614162,0,-6.086773114529346e-06
1267,0.2949090266545618,0.09399209756198787,4,0.010237772308316377
1268,0.010303125729514544,0.26929711491859953,0,-2.4995057113859315e-06
1269,0.2579889409751981,0.342479803316133,0,-1.3147754837803861e-05
1270,0.3306586972910795,0.5052669065366977,0,-5.747137413247028e-06
1271,0.2629872354326729,0.24224222097435932,0,2.956699492074874e-05
1272,0.24078087783819924,0.3837815703856988,0,-7.835839948928528e-06
1273,0.2511948060811813,0.5271699282806395,0,-2.101267674923182e-06
1274,0.19614324313603604,0.5329995875037594,0,-1.1447492374483134e-06
1275,0.1872465774437454,0.2671156372296048,0,-1.3609603694939556e-05
1276,0.29924380741431794,0.44146681427930234,0,-7.8825750636969e-06
1277,0.09617414450281137,0.4523371518394988,0,-9.453143410297707e-07
1278,0.22687565185009742,0.005396883272337316,9,0.027159796166077353
1279,0.09495064865495627,0.07174063814472476,0,4.1210495683918235e-05
1280,0.26227050136003777,0.5590709945861196,0,-1.7061291421872706e-06
1281,0.2566264095831572,0.5625297952500424,0,-1.5579665481485276e-06
1282,0.3411702744265041,0.06474972662577054,5,0.011928452776555652
1283,0.33917464722844287,0.3511253085760228,0,-1.0445475001995156e-05
1284,0.21894202398807483,0.1444602687386375,0,0.0005014650070099077
1285,0.015059461430066505,0.571405142188725,0,-1.278338274127912e-07
1286,0.2902429212463899,0.13660760522297638,2,0.005153638553909857
1287,0.24128064617242606,0.4826206001967642,0,-2.969939717836078e-06
1288,0.007926604384550628,0.2890030429002733,0,-2.0047087218684902e-06
1289,0.16497766598259994,0.06723794809005516,0,0.0013746037818003385
1290,0.2035144690622648,0.22382242643343037,0,-1.2794387475633115e-05
1291,0.2165287067080812,0.3430719783544362,0,-9.161708560687767e-06
1292,0.04646963205428333,0.4630235015075269,0,-5.171218827734415e-07
1293,0.17904348248331547,0.46525888638183627,0,-1.8996744801031338e-06
1294,0.3473368735912678,0.5671056565653931,0,-3.6722461927491054e-06
1295,0.14836291600892756,0.4318737347575869,0,-1.9527742204074265e-06
1296,0.021722501651767562,0.11564779181336783,0,-1.2249944769023987e-05
1297,0.19478019613625505,0.11421356237908546,0,0.0006644997701154803
1298,0.19348974937648378,0.122061468981067,0,0.00045552312053322386
1299,0.20214182582130014,0.5858429141467841,0,-7.16578896685845e-07
1300,0.33044362032799857,0.0018569836660800253,9,0.031241210754450483
1301,0.024022536041992507,0.45860763552790784,0,-4.319126009665812e-07
1302,0.28518473284886875,0.30773243123329214,0,-1.3689605988320959e-05
1303,0.1700827336891701,0.17479258708922824,0,-4.863298270046616e-06
1304,0.25518831320052654,0.14149365091937735,0,0.0020144669073934958
1305,0.007677133621075227,0.1848250307136834,0,-5.641050445084888e-06
1306,0.14542333312803046,0.05835766568534939,0,0.0009206437112185832
1307,0.06573854589280381,0.27857999919888704,0,-3.957788407261838e-06
1308,0.14267825638977655,0.10996587090337233,0,7.336933438853678e-05
1309,0.3455469190325727,0.4324610892226606,0,-1.2888528345028858e-05
1310,0.2242162248679809,0.216969339223376,0,6.5883883819887225e-06
1311,0.15938981448704376,0.5391313752033946,0,-7.460596779894623e-07
1312,0.2519226317178196,0.05396724125919272,6,0.014693813608268642
1313,0.12525466426999346,0.2483209210239161,0,-9.478722456917205e-06
1314,0.32074837992625527,0.406165272220275,0,-1.3043222193145299e-05
1315,0.2696857426881023,0.4750204432385664,0,-4.24782115503472e-06
1316,0.33929271224404617,0.2774992309993489,0,0.00024687194234132955
1317,0.32973393382579913,0.34096426147822073,0,-1.0040783433119834e-05
1318,0.34817374377855603,0.25131643246871077,0,0.0008960423289346176
1319,0.2517080432195696,0.41005138512675887,0,-6.7537452119523945e-06
1320,0.02851190024784214,0.08654304242051099,0,-1.5384658154038326e-05
1321,0.12672029279760075,0.23635302413441742,0,-1.0704709329497714e-05
1322,0.3366139582141928,0.19779647677788167,1,0.002949424761715488
1323,0.17933787711199237,0.5608081737628557,0,-7.330321206710637e-07
1324,0.05711215685065854,0.3104889923318001,0,-2.642275293812447e-06
1325,0.22755929178978243,0.3325155210651576,0,-1.1132586137371653e-05
1326,0.17970918084295,0.45687694232096365,0,-2.079389399286142e-06
1327,0.06770977888956892,0.5592532552057508,0,-2.4423880394488417e-07
1328,0.00044169858129171065,0.4553640090751563,0,-3.52517481267823e-07
1329,0.2642481446844151,0.3398437531654953,0,-1.4004259980503295e-05
1330,0.0504456635350614,0.2988946092419035,0,-2.7757568199992222e-06
1331,0.06806189375743782,0.5349241858800331,0,-3.1260729688207177e-07
1332,0.2915869286453352,0.2178792949749974,0,0.0004353635292611081
1333,0.27514314424470016,0.11922214349505611,2,0.00589787350560961
1334,0.14984131734301323,0.3618655497419994,0,-3.9847869626632415e-06
1335,0.039354895235636636,0.2999698345142818,0,-2.458565042679866e-06
1336,0.16317760321841196,0.3394282440875434,0,-5.678011827664098e-06
1337,0.20006882817559019,0.33877772004298345,0,-8.17154419634406e-06
1338,0.2476586846411876,0.3836647264656598,0,-8.375191777286858e-06
1339,0.2825732738171125,0.06212226300526533,6,0.014357753088093892
1340,0.3045126213728891,0.14030511666413326,2,0.005767242952895014
1341,0.046932586587905806,0.04333557757008475,0,3.814419567656965e-06
1342,0.09829671123752895,0.058399083534384895,0,0.00011189302836337794
1343,0.09734953157360188,0.4664568379522962,0,-8.305356737649503e-07
1344,0.19647676923010687,0.5341305010365921,0,-1.1356530711047847e-06
1345,0.3331369924043542,0.4506589218625562,0,-9.927615897380276e-06
1346,0.2474345263348993,0.0010439205098625726,9,0.030847376219364602
1347,0.1052506626008345,0.2847469633161645,0,-5.504908915857165e-06
1348,0.31161260554355996,0.1696280710730799,1,0.0035756088893903197
1349,0.011068610880257262,0.36428676665361076,0,-9.74574329178264e-07
1350,0.3081475142066508,0.2430800437835258,0,0.00029790442451643355
1351,0.19314780474103102,0.4640719607897477,0,-2.21265872476067e-06
1352,0.06096973181666517,0.01817173260843725,0,0.00013205806363860052
1353,0.2597408388559244,0.1845285812151938,0,0.00048697756630450517
1354,0.12091836360343161,0.5215423137624468,0,-6.058267799981948e-07
1355,0.17306914038182156,0.049045316223383637,1,0.003607038558188254
1356,0.03888133571780347,0.585016344879503,0,-1.415395030589901e-07
1357,0.257634518407253,0.5725485822135243,0,-1.4237640867933327e-06
1358,0.2269972912678972,0.14480242066450927,0,0.0006774117353971727
1359,0.13282097555013514,0.2499821891486179,0,-1.0004582941760953e-05
1360,0.02800004595121651,0.329674159399596,0,-1.631347414832744e-06
1361,0.07471747671971686,0.5927397010463373,0,-1.8740646556216684e-07
1362,0.2899145693111962,0.06567928462940499,6,0.013786843190030802
1363,0.12903065012166812,0.0934023815166426,0,8.733929442915079e-05
1364,0.2309182605651223,0.038321183074727296,7,0.01628557124721155
1365,0.2862996001387899,0.0320401527696943,9,0.020255023761552977
1366,0.2843818439320862,0.5487683390325655,0,-2.3573061154651487e-06
1367,0.06663805175909218,0.2342111989328679,0,-6.193274699938064e-06
1368,0.17360563407111917,0.23420940074154212,0,-1.5234184460017356e-05
1369,0.05296871486486196,0.11986824959477854,0,-1.4775834294856055e-05
1370,0.04075435832075483,0.2476377777667943,0,-4.20071998628292e-06
1371,0.08502590346946638,0.12297257380164019,0,-1.5526534855552995e-05
1372,0.1973138639656024,0.094169474851672,0,0.0015969772826897699
1373,0.017048800187728322,0.5440472042161184,0,-1.7143060259393133e-07
1374,0.02851886031238584,0.5591486900111383,0,-1.6529671532749213e-07
1375,0.2918037574785585,0.44456334951542154,0,-7.122841740568558e-06
1376,0.05538130451474531,0.4447448142811473,0,-6.786237258878571e-07
1377,0.0207495271953307,0.426866005725176,0,-5.741777150933299e-07
1378,0.2626742135826901,0.05313497325471712,7,0.015548172982338213
1379,0.03869857344445321,0.3851453267230845,0,-1.0425281003411428e-06
1380,0.33709968933659656,0.02400422604506791,9,0.020883368070208744
1381,0.11497550914601283,0.2754343789469539,0,-6.634638900213111e-06
1382,0.1382918409277246,0.26830239213573126,0,-8.88309164553702e-06
1383,0.11947162196645324,0.2533486066671927,0,-8.56815492085968e-06
1384,0.2936904373130914,0.11801627839269532,3,0.007472584626423887
1385,0.2676856624678119,0.4815117762478094,0,-3.904180719579538e-06
1386,0.34678061151563927,0.39819348045437825,0,-1.577752944351146e-05
1387,0.21316809021481148,0.5364604053349724,0,-1.3105695685497836e-06
1388,0.05423452326439608,0.23001308936813242,0,-5.714539151014853e-06
1389,0.2067863852155198,0.3324802006670762,0,-9.236402785904921e-06
1390,0.26960052152296043,0.27761993779321614,0,-7.849824341601179e-06
1391,0.3107225504349024,0.302502797747405,0,6.139313672826486e-06
1392,0.21170974026648792,0.060362182877425626,3,0.007432627702094769
1393,0.10962060284868681,0.5362398486306628,0,-4.6722851491709786e-07
1394,0.16401030362892427,0.5131503232690271,0,-1.0130251338990597e-06
1395,0.015487240023075303,0.12298773140906806,0,-1.0922712703871571e-05
1396,0.33250086090273273,0.43881509903934357,0,-1.0975094606391786e-05
1397,0.3340154016485746,0.17476412394680452,2,0.004402990070943125
1398,0.32919941960030225,0.31051916970248417,0,2.243062766293557e-05
1399,0.27130385276933205,0.28024466861450487,0,-8.392811543599446e-06
1400,0.2724213340399078,0.03421756712860608,9,0.019887777675971847
1401,0.14770715646603816,0.10548747038946633,0,0.00012286513081316328
1402,0.01237353225587589,0.5213591124749929,0,-2.0527551441968535e-07
1403,0.021893318704494305,0.06877612649476299,0,-1.5748223692732488e-05
1404,0.08520431337785134,0.07667628548289251,0,1.0165652256212127e-05
1405,0.12892876661249186,0.07790845478501218,0,0.0001924747136291589
1406,0.044089758584647615,0.19943837471522177,0,-6.980208372516419e-06
1407,0.184751260639053,0.09178480511390731,0,0.0011058787481859557
1408,0.34215106237644394,0.14930412037061278,2,0.006206846882363716
1409,0.3220069040685672,0.4431780121878354,0,-9.604083566902211e-06
1410,0.25289189267606427,0.4305276119618362,0,-5.59004414978879e-06
1411,0.3160275380714087,0.38499440280850833,0,-1.4596902102771297e-05
1412,0.16755025271894508,0.15113283532915905,0,2.293255743285137e-05
1413,0.13277007559609297,0.5557809533531307,0,-4.842334390643504e-07
1414,0.0987885059500382,0.5183922073564017,0,-5.01257269530511e-07
1415,0.28724320068988174,0.1580220793621096,1,0.0028944114778764207
1416,0.14807236064758084,0.3645257574731752,0,-3.8131063059822616e-06
1417,0.13436710650327327,0.31639942439212987,0,-5.366246065644225e-06
1418,0.1387349002993525,0.3026004499579539,0,-6.414875521303647e-06
1419,0.08301041897281587,0.40146604307793254,0,-1.3784437958608262e-06
1420,0.31921652416592217,0.46133931561212194,0,-7.885717995713258e-06
1421,0.12490495304418862,0.39051514892670963,0,-2.3361035651504386e-06
1422,0.12902727900633842,0.5535856020570942,0,-4.768246824128176e-07
1423,0.2215235891653154,0.30975845134842156,0,-1.278415506340565e-05
1424,0.32258307881343995,0.16973961810330454,1,0.004216936907047716
1425,0.30350594308380563,0.5318537851625027,0,-3.375580776463961e-06
1426,0.2514956045095408,0.13212566511649315,1,0.0024497811774893815
1427,0.33799223687322666,0.29665686609527014,0,9.598907850600621e-05
1428,0.05268949224619821,0.10337220844148902,0,-1.569225141073795e-05
1429,7.893154662553247e-05,0.5113129517013117,0,-2.0073674472707223e-07
1430,0.1300182694356057,0.585795466889285,0,-3.489629448558004e-07
1431,0.10256808051893443,0.4652094598266402,0,-8.85941532512229e-07
1432,0.20666354125738268,0.29242351684224616,0,-1.3031966707622934e-05
1433,0.1686864763835562,0.3335628309778153,0,-6.34816486076837e-06
1434,0.03453567889047225,0.19157475253271264,0,-6.867233161709534e-06
1435,0.10941768358360913,0.40804484516365686,0,-1.680002819570777e-06
1436,0.20702642921408146,0.5028228997671073,0,-1.7253086175489403e-06
1437,0.24902239152850913,0.3332341816148749,0,-1.3176934018636138e-05
1438,0.20689343483571146,0.4550339634682545,0,-2.777140773947005e-06
1439,0.291760588736662,0.2724812581869599,0,2.5169483061472813e-05
1440,0.33633427512915304,0.13379723839406218,3,0.007077674660927375
1441,0.14098895292629762,0.25400195625071254,0,-1.038487587035497e-05
1442,0.2648172920759753,0.1495986035269136,0,0.0020577084067881554
1443,0.25423332702839396,0.3634940829235396,0,-1.071418600734473e-05
1444,0.10018996921843801,0.04745605545429423,0,0.00021230339522244188
1445,0.10889443329997331,0.40603659502556183,0,-1.7051389209324642e-06
1446,0.10051389100129252,0.22543094347757486,0,-9.321317042421566e-06
1447,0.05065286142167593,0.03884498477713805,0,1.5733008153188333e-05
1448,0.2778005023380027,0.1355970172684888,1,0.004237952095485542
1449,0.16784436649227683,0.25665343725359613,0,-1.2736912264708737e-05
1450,0.07437470104930174,0.2925284774964082,0,-3.7535169956522968e-06
1451,0.3254402904486137,0.43478663927900413,0,-1.0687655885589079e-05
1452,0.3474817935503064,0.32817820612017684,0,2.290063183980303e-05
1453,0.028090111206339457,0.25409263388837816,0,-3.473271264228194e-06
1454,0.06099462301434796,0.46047751273072707,0,-6.132720295530881e-07
1455,0.21228545933274495,0.253232973302039,0,-1.5759145081592535e-05
1456,0.08039271623305831,0.48423045637442697,0,-5.869950846695704e-07
1457,0.19457284182361825,0.08380073996331451,0,0.0021275909160457782
1458,0.23879222187368454,0.5271896173145935,0,-1.8565132929459512e-06
1459,0.2615938957850201,0.48061286744745807,0,-3.7081101871411952e-06
1460,0.17531855082810688,0.5768982153397361,0,-5.995569903530264e-07
1461,0.13125602915287327,0.04677998804129808,0,0.0008402356976927598
1462,0.11712117536124954,0.5141588813976308,0,-6.279803825663558e-07
1463,0.2833225082945051,0.20825374786461676,0,0.00046604973615859714
1464,0.2688815467443784,0.21529840581579848,0,0.00019042344076827586
1465,0.015626970994934607,0.09346251226855048,0,-1.382224771687635e-05
1466,0.16667562857091656,0.28065294987920075,0,-1.029075334174155e-05
1467,0.321812074886289,0.2876036257386583,0,6.671621331904787e-05
1468,0.25086114730729814,0.3998222121579937,0,-7.3972862084828006e-06
1469,0.23910094055573328,0.06519991299887358,4,0.010774146498834283
1470,0.32694700678479466,0.12360177886472483,3,0.007773070180083168
1471,0.3447335684985926,0.5350838550219555,0,-4.918203418852516e-06
1472,0.08657513108625686,0.5033288158767618,0,-5.158323404481956e-07
1473,0.2588756788097745,0.03646116848681169,8,0.0191359449088216
1474,0.20949683191422472,0.033744996167394015,6,0.013835337781909379
1475,0.17237358578084763,0.513572737546369,0,-1.0965739067668463e-06
1476,0.24133162538135614,0.113035193939292,1,0.003353148334003312
1477,0.03242486390527177,0.1798341771983019,0,-7.538640285522457e-06
1478,0.1338259372245325,0.11460537151175602,0,2.989640956829218e-05
1479,0.015361364462292975,0.1026173568536786,0,-1.291133574381223e-05
1480,0.25140215221003304,0.024142911852950564,9,0.02225668332752899
1481,0.18991511955516277,0.018070639248011933,6,0.014421217823732273
1482,0.035231143421902616,0.10112628927569402,0,-1.485532869935966e-05
1483,0.31261745803245333,0.2380481500546777,0,0.00043422962227876157
1484,0.30788513124210615,0.49505770052162396,0,-5.080574941036539e-06
1485,0.34302164053026263,0.3145661245897048,0,4.5594625410982494e-05
1486,0.0422879320791395,0.14296939183732163,0,-1.158063900129008e-05
1487,0.08636734240272885,0.5068701509865581,0,-4.968533344350195e-07
1488,0.03308987465433816,0.5577295334547446,0,-1.7549188734580396e-07
1489,0.06934620982386011,0.2461097136763177,0,-5.6582285319549625e-06
1490,0.13018554188291528,0.03945258130603844,0,0.0010876647803686726
1491,0.25218885816816056,0.26252538108459345,0,-9.00633839331106e-06
1492,0.318099974344091,0.02047172621059108,9,0.022782730728537832
1493,0.2957736058517167,0.19632763834671454,0,0.001119654966424906
1494,0.28587712677515176,0.5730535153404512,0,-1.8773367720114404e-06
1495,0.08085882814483229,0.5425504419082529,0,-3.291431782677919e-07
1496,0.1001721010960564,0.26204896144345347,0,-6.545015414012786e-06
1497,0.2262911659691376,0.18389582694565512,0,0.0001161537432861167
1498,0.14338280907617537,0.1116823601204066,0,6.911109300831048e-05
1499,0.1332460112379258,0.24436169351806758,0,-1.0563687548561374e-05
1500,0.09478740862271608,0.25768191630968074,0,-6.480815890907011e-06
1501,0.2058540392447468,0.2659021567579624,0,-1.527382966983646e-05
1502,0.022943060561447473,0.2678136118315176,0,-2.8776302465184032e-06
1503,0.15813114419420587,0.3445095720614812,0,-5.1384758838653796e-06
1504,0.06460652016980888,0.09777287084892607,0,-1.5101487911061002e-05
1505,0.197770970002527,0.3807015646002155,0,-5.312304314723103e-06
1506,0.1810616753274763,0.2119473202507959,0,-1.494657938702735e-05
1507,0.010675051417195163,0.39616550840457593,0,-7.057772911644515e-07
1508,0.2890841240446125,0.4320081719048329,0,-7.831963040873923e-06
1509,0.008427007868799312,0.043782380771454354,0,-1.5303382178782208e-05
1510,0.064061519479612,0.5097359738695845,0,-3.863986827054205e-07
1511,0.0027016531401193532,0.5433603134361246,0,-1.49564210760086e-07
1512,0.29225725225845034,0.5999137686296169,0,-1.5296932832829188e-06
1513,0.3317642390230881,0.35937243709481814,0,-1.4834223353278685e-05
1514,0.23839602843685015,0.4193819684371932,0,-5.410311036988527e-06
1515,0.1461798419081271,0.16016780243140277,0,-1.023918405922046e-05
1516,0.25868039669333287,0.5174232685204999,0,-2.495447072609432e-06
1517,0.3024806375080059,0.11086984964766067,3,0.008609547309270518
1518,0.23996812710678853,0.48182388038184704,0,-2.9547839376097953e-06
1519,0.04146472635284211,0.48306728387010656,0,-4.0256453010334246e-07
1520,0.028241508223048127,0.27605476719797195,0,-2.7941696078450973e-06
1521,0.3443534311791233,0.516752442726608,0,-5.870944602526077e-06
1522,0.08447728535042512,0.3372022279944495,0,-2.6585449923066943e-06
1523,0.2582056227074149,0.4998639010658467,0,-2.95938256303665e-06
1524,0.10043829084013195,0.18866307090705578,0,-1.2805246677547822e-05
1525,0.21572739349224868,0.45495298775055965,0,-3.034927873417692e-06
1526,0.3222562100092806,0.5003057950559828,0,-5.557041382137327e-06
1527,0.11292584333270679,0.063122368895842,0,0.00018322069856565223
1528,0.0547347566835679,0.02945099090310592,0,4.82367607143613e-05
1529,0.06003839011358212,0.12601225952773867,0,-1.4847891149666247e-05
1530,0.27342829846968925,0.18081783615879832,0,0.0009259006022725808
1531,0.14658634030421672,0.20002459170537867,0,-1.561616939570194e-05
1532,0.0845939349152065,0.3626369940308883,0,-2.0644770035379654e-06
1533,0.16244620212563876,0.43859046812675,0,-2.101420125654522e-06
1534,0.3317715724002417,0.4722869772381881,0,-8.005005543852455e-06
1535,0.2871197759712177,0.5038700731935369,0,-3.790393933248289e-06
1536,0.0006649396200955448,0.4954816396111481,0,-2.3654995923785092e-07
1537,0.011623841078930618,0.317343093577886,0,-1.5669749030501114e-06
1538,0.08814768919901346,0.22918373060945796,0,-8.008309255587356e-06
1539,0.1700958504359832,0.06395829228430636,0,0.0018833672184499044
1540,0.24422957400354198,0.5206923788170548,0,-2.091373432636899e-06
1541,0.25451542347097733,0.2120231751525583,0,0.00011332287514313279
1542,0.2791170094310195,0.29240889048721536,0,-1.0603242965489836e-05
1543,0.08168147938568696,0.10055557847187968,0,-1.2017830319671121e-05
1544,0.34924501213111236,0.3328617960578729,0,1.732970930385863e-05
1545,0.2578943836300178,0.1643122824662331,0,0.0009911564662275758
1546,0.18141609351167343,0.4505486882391293,0,-2.2531164575065227e-06
1547,0.3462511166141163,0.14759871419014767,2,0.006277546755875178
1548,0.060299630427302416,0.4817731092519698,0,-4.922165045324229e-07
1549,0.04226007665502199,0.36503945420939615,0,-1.3208112017358482e-06
1550,0.21476088730560616,0.36967610459625466,0,-6.988804682585327e-06
1551,0.09291184910017541,0.48217538258511744,0,-6.78975058663553e-07
1552,0.2331172438737646,0.24569568106309325,0,-9.99869737379206e-06
1553,0.04926697499728041,0.5053981996187259,0,-3.4809706943153524e-07
1554,0.3205801356431476,0.3974231506757574,0,-1.3879272465374007e-05
1555,0.27151664349794846,8.335197332942634e-06,9,0.03220514647932825
1556,0.15629777835325678,0.35330847295275425,0,-4.625107462522379e-06
1557,0.2460249856070652,0.402260753040858,0,-6.894640495174636e-06
1558,0.26242343487567626,0.35186525570489424,0,-1.2655808260216213e-05
1559,0.052088288783187164,0.25879158528831553,0,-4.207650881479534e-06
1560,0.07958794271630107,0.5753543490512326,0,-2.3410535026528264e-07
1561,0.26873893016735717,0.31920652861487053,0,-1.576715448182553e-05
1562,0.22888202557900608,0.5344239949453784,0,-1.5645109332522957e-06
1563,0.3044683051232884,0.4485821804349626,0,-7.73980488769498e-06
1564,0.1175473418334683,0.48550740655293734,0,-8.398755644656435e-07
1565,0.018807795769869982,0.554126374755015,0,-1.5774179726976354e-07
1566,0.2901555103845864,0.40665854187804057,0,-1.0031556196857344e-05
1567,0.26059933315993516,0.20389225308995473,0,0.00022174214510263385
1568,0.029659185474141696,0.18944584304262793,0,-6.686292412849533e-06
1569,0.007138321831466759,0.3053628084888719,0,-1.6889630683859841e-06
1570,0.16337286284720953,0.400469356876241,0,-3.1032786214672194e-06
1571,0.08561962997797512,0.5391848656846793,0,-3.5698465317718177e-07
1572,0.13307853132676756,0.4238273633234047,0,-1.8169704119648521e-06
1573,0.34176306820052615,0.25744387433998644,0,0.0005912779977731025
1574,0.0932167042643176,0.25351681252538705,0,-6.647228613663718e-06
1575,0.14619629697726172,0.5191091750120982,0,-7.989471736510075e-07
1576,0.10681374528968039,0.06514454517242292,0,0.00012229015326117857
1577,0.2954836784083296,0.20773878564526865,0,0.0007398067799968826
1578,0.10409773492884546,0.17666510105856587,0,-1.429528558788792e-05
1579,0.15615160034896045,0.4943037638102532,0,-1.1308028907607677e-06
1580,0.08005058553570266,0.45282974553677563,0,-8.007823068784357e-07
1581,0.34500353226869973,0.2025418745424183,1,0.0030532662075048716
1582,0.22989452860734197,0.35722815135996916,0,-9.091692557202955e-06
1583,0.0455309620924647,0.5229256440125538,0,-2.814329646215045e-07
1584,0.31371910532529174,0.3154002080394463,0,-3.973275260440064e-06
1585,0.20969878491683225,0.5459386273405067,0,-1.151536298047458e-06
1586,0.2894147771052927,0.4134198164564106,0,-9.364048086841494e-06
1587,0.1708070411110907,0.16331327553629266,0,7.736517202389891e-06
1588,0.2619698474237242,0.32316836482604094,0,-1.5203860074066468e-05
1589,0.21529769887854264,0.27308858932307306,0,-1.541436339701179e-05
1590,0.22428324943090816,0.4849017078331622,0,-2.450995703215808e-06
1591,0.2211518979889035,0.2633336902832872,0,-1.5797651251333834e-05
1592,0.21200856314637193,0.1519094895781009,0,0.000273089591401246
1593,0.25584237592031717,0.5846560871338373,0,-1.2391329914713671e-06
1594,0.17845175451125167,0.16448224414169707,0,1.7927644795651547e-05
1595,0.27317762336612594,0.19585264013843995,0,0.0005184122438311444
1596,0.29799388499481927,0.23995674543900292,0,0.00022377686992603834
1597,0.25892807380202804,0.26636897947514176,0,-7.4125153465412695e-06
1598,0.27642089403628944,0.4888210955297542,0,-3.959088402420582e-06
1599,0.2736775154764797,0.025672889848796298,9,0.022175857070017815
1600,0.3400931442343548,0.36702714750367627,0,-1.4756156163448533e-05
1601,0.34518533739012,0.02320631190113953,9,0.02086562993660394
1602,0.27183778297941497,0.04451548166419639,8,0.017539454588403305
1603,0.18436384421507165,0.5816077485717367,0,-6.260254859526292e-07
1604,0.32053988029588365,0.19460661871340781,1,0.0023199887293087968
1605,0.11323411538457297,0.15462475838693795,0,-1.5701055070159967e-05
1606,0.3042255060810955,0.2853426530653653,0,2.3848005185602184e-05
1607,0.19056963326682502,0.059158686740954564,2,0.00441250779059089
1608,0.17253709866355788,0.4491994428131175,0,-2.090191690158115e-06
1609,0.017970389258639793,0.2229610093613202,0,-4.28161066325457e-06
1610,0.2241033265799601,0.4340478611963265,0,-4.0619683392578214e-06
1611,0.2400207559918215,0.22997069788523383,0,1.0188895814134902e-05
1612,0.3161091511197149,0.3028044252273705,0,1.3273817920487875e-05
1613,0.22766145825868223,0.3115161308939655,0,-1.3215897417999955e-05
1614,0.14170144070502863,0.05337430355942214,0,0.0009734063662858218
1615,0.17687724169100502,0.23047707597486697,0,-1.5616728239472012e-05
1616,0.24118582232786945,0.24427777956614308,0,-4.232374252486288e-06
1617,0.326117386849534,0.03130975143275896,8,0.019056469854623097
1618,0.29283189618439087,0.08699194415845077,5,0.011020452735288403
1619,0.3124537297105278,0.4503961748151123,0,-8.208483097568791e-06
1620,0.061519579802833964,0.10250848301997363,0,-1.5665967451558985e-05
1621,0.12016475170641568,0.10150814842235047,0,2.8838057974568885e-05
1622,0.06356289143921073,0.15773478843665886,0,-1.2220471812628981e-05
1623,0.04085625562916872,0.5556484917436585,0,-1.9363573770785858e-07
1624,0.19867850105698226,0.36765304331166543,0,-6.094537854325149e-06
1625,0.1041319432013393,0.07669038334263245,0,5.443182055061355e-05
1626,0.16499909892890569,0.28961691612555035,0,-9.33700889207778e-06
1627,0.064093181687569,0.4687241015222664,0,-5.824783463290395e-07
1628,0.29450838805270885,0.3815133969057401,0,-1.2891284967154238e-05
1629,0.07014514929153051,0.5661815387726399,0,-2.3350153958635855e-07
1630,0.09945236319549393,0.5880852076361672,0,-2.5135045668052877e-07
1631,0.2974879112889455,0.49564051958147115,0,-4.5584160419036125e-06
1632,0.3114440653146091,0.5485966522865977,0,-3.0913361084990596e-06
1633,0.2834784247509182,0.44803148470301146,0,-6.351350393834676e-06
1634,0.06862860906588228,0.38091475302398475,0,-1.4664222438500375e-06
1635,0.07761608178122222,0.13101055436952458,0,-1.560696001923722e-05
1636,0.32205128198091393,0.19546697056951245,1,0.0023458553675976455
1637,0.1804349303711888,0.05294811941517517,1,0.0039877175187632615
1638,0.28139725637129953,0.1805919152072898,0,0.0012159712611869427
1639,0.0582073042949891,0.13995530180502863,0,-1.3445045331516643e-05
1640,0.031702202318539804,0.2355364799841818,0,-4.330408310002427e-06
1641,0.02267848621180524,0.21455475723387976,0,-4.876312336282282e-06
1642,0.307380743678717,0.1275484878688254,3,0.0071491528407264015
1643,0.011818664803207361,0.40115852489611764,0,-6.791181482401733e-07
1644,0.11794622023873667,0.5281492314492733,0,-5.505144318762966e-07
1645,0.06685392718675272,0.4332772189428267,0,-8.534728487589547e-07
1646,0.03780286987161703,0.262376932212414,0,-3.522664994303853e-06
1647,0.1714789418690891,0.34366910717955973,0,-5.908446419625292e-06
1648,0.15092584718524413,0.02439232455535365,1,0.004180307180061742
1649,0.32315946473835755,0.04160027336811689,7,0.016667555464345965
1650,0.21361756401210028,0.07827382701403751,2,0.004613734824201164
1651,0.03944685098592516,0.42333204792296486,0,-7.169714904146114e-07
1652,0.10770539764404143,0.4773175460731587,0,-8.262332524239975e-07
1653,0.1726430453906871,0.40377543855550696,0,-3.2928655278436273e-06
1654,0.15520754702831405,0.3899941726196507,0,-3.176072352393736e-06
1655,0.06132312867233344,0.3436950715420522,0,-1.977693598678644e-06
1656,0.04545295701122144,0.4727606810311962,0,-4.6440387906796216e-07
1657,0.08849648394963308,0.3976839405526527,0,-1.5121539280360894e-06
1658,0.339333587881393,0.5443554785812909,0,-4.2531003013423785e-06
1659,0.29706021845318836,0.1536104020831401,1,0.0039741688389642645
1660,0.13028187944065855,0.09788147167630723,0,7.259957481803523e-05
1661,0.23086391574799559,0.277035381307047,0,-1.582910860598704e-05
1662,0.32849900131977494,0.2749204144480956,0,0.00017540526758789082
1663,0.2162239160231118,0.17940306176218473,0,8.730503116908242e-05
1664,0.1657117528970913,0.08094289500050433,0,0.0008183651841143495
1665,0.32258718968627187,0.512589028538249,0,-4.938348558453507e-06
1666,0.03477866782446444,0.36784389943652857,0,-1.1918330266417796e-06
1667,0.15389873393243086,0.5768492510974389,0,-4.843703135388622e-07
1668,0.1320727804608263,0.5179013073636759,0,-7.023069245959927e-07
1669,0.18971991761924656,0.5338489004412383,0,-1.0645952262763765e-06
1670,0.045897635679075004,0.4948758297438267,0,-3.739228311470128e-07
1671,0.03668121886631914,0.47263245176403906,0,-4.2599259243137773e-07
1672,0.3207597552746485,0.33801886484218563,0,-1.2363802601758412e-05
1673,0.04997872854147457,0.39874145676972794,0,-1.018527275966668e-06
1674,0.24133399309951856,0.2646164370045796,0,-1.3708799256870282e-05
1675,0.3032320542212114,0.36989314976513304,0,-1.4791106602659244e-05
1676,0.11750285103865328,0.2533896845281104,0,-8.406913456471347e-06
1677,0.02031031717006168,0.0037729246728788633,0,2.5191363196759604e-05
1678,0.34716912186519594,0.530999559859966,0,-5.245228238163027e-06
1679,0.3358989500111504,0.08361078948776168,4,0.010245146267043993
1680,0.010133570079476949,0.44531713519657534,0,-4.2939876581722574e-07
1681,0.07861054161137362,0.13971356246103284,0,-1.5197185234734503e-05
1682,0.038176371237198914,0.07641835992892883,0,-1.5526341053777105e-05
1683,0.04919911782206703,0.4530863396936289,0,-5.86932148765608e-07
1684,0.037279031938108866,0.4348173046555324,0,-6.254899460723105e-07
1685,0.05069523683704345,0.3796116171024332,0,-1.2420784493505645e-06
1686,0.05813265667868122,0.10136611291469526,0,-1.572731182083669e-05
1687,0.2871611003781219,0.19621498403250495,0,0.0008463216412844829
1688,0.17315997611572775,0.4951649212283111,0,-1.3285215058267087e-06
1689,0.003531349148404311,0.1728671450897999,0,-6.091697898058431e-06
1690,0.002722855085016995,0.4254651636214422,0,-4.863226313390182e-07
1691,0.08481938027781473,0.2662396972133005,0,-5.403099085375254e-06
1692,0.3321239844875107,0.028368703324865074,9,0.01966640937424343
1693,0.18677791610983208,0.4739934291210234,0,-1.8805142013858906e-06
1694,0.03688017001138707,0.10750678033193718,0,-1.4469585034783406e-05
1695,0.25458827889464464,0.4469693875060976,0,-4.832030154621552e-06
1696,0.3464718567110907,0.11665866537840802,3,0.007693491454574817
1697,0.04676423454667042,0.4222991946128629,0,-7.793412155330344e-07
1698,0.28763102766264553,0.13419130732692977,2,0.005209226480618928
1699,0.09194537673112463,0.04914039963041315,0,0.00013058891948571606
1700,0.24795680666058334,0.483924375101621,0,-3.1329414343087578e-06
1701,0.07802422876952078,0.5257901225796467,0,-3.7833564213628237e-07
1702,0.04667332948951177,0.2961208419460008,0,-2.7483532946696892e-06
1703,0.07396695308381253,0.5432282256218902,0,-3.0517501874785827e-07
1704,0.1314756340091045,0.11002598594715982,0,3.5542227530728755e-05
1705,0.31771488508985996,0.418881713800886,0,-1.147913549624936e-05
1706,0.03488623288696722,0.4343933850021493,0,-6.133123029064754e-07
1707,0.08909858347467246,0.5969116188688139,0,-2.0751174386520567e-07
1708,0.24709684186399905,0.24124200880414162,0,4.454588106951907e-06
1709,0.004104193828097491,0.21731114465095006,0,-3.946303990233953e-06
1710,0.23829913714806097,0.5120929056289601,0,-2.1481574600982413e-06
1711,0.07646553837571793,0.556731529125108,0,-2.733656054957851e-07
1712,0.07766007478873078,0.3971779833052942,0,-1.3639804301655942e-06
1713,0.13902389815427263,0.27324614576812034,0,-8.537370045818836e-06
1714,0.15604162173650898,0.10283941831991895,0,0.0002095410103764728
1715,0.1991400548409189,0.5234286705121537,0,-1.2979265590614071e-06
1716,0.18367094082278257,0.3722092749432998,0,-5.027344200998684e-06
1717,0.30542336053291963,0.11948383330623573,3,0.007849568737738167
1718,0.16537318624896893,0.5926602182231568,0,-4.6373250472708685e-07
1719,0.27494340883505974,0.20969537803922178,0,0.000315625284846728
1720,0.3116498388500023,0.5888308430748819,0,-2.073175410609699e-06
1721,0.14318018196059773,0.32551158620569326,0,-5.349581216497031e-06
1722,0.17110723483063806,0.5701322938068506,0,-6.151114482455649e-07
1723,0.3227941451175537,0.028742379440445442,9,0.019924603137587964
1724,0.13359512825396935,0.11983061668971255,0,1.835665316492316e-05
1725,0.28733556120939585,0.2777586610863962,0,8.477422882151395e-06
1726,0.04349764653119088,0.1666168373208591,0,-9.485008543056643e-06
1727,0.23101268133743533,0.5904541710059795,0,-9.127795245161795e-07
1728,0.32034759239310284,0.2398571838268117,0,0.0005371481060087737
1729,0.23345214587104754,0.18965456858575053,0,0.0001238373304549906
1730,0.33473173267047396,0.561162558060609,0,-3.4377841104969607e-06
1731,0.0325402911466327,0.2296605951710855,0,-4.628799238958705e-06
1732,0.003898272485982501,0.1278926821915024,0,-9.412522375533411e-06
1733,0.12637852669636443,0.3323972730060817,0,-4.231696729917015e-06
1734,0.056276751688623554,0.5239470960685003,0,-3.1013570524971075e-07
1735,0.3151251232544495,0.1700733638340331,1,0.0037572280083542986
1736,0.24061217716647026,0.5215178260025426,0,-2.000734269729841e-06
1737,0.10833860967816272,0.5376379572980237,0,-4.548813886442251e-07
1738,0.20181497400540085,0.1064253581070352,0,0.0011809298497669994
1739,0.1144905399624186,0.5393348425198935,0,-4.7556260660980113e-07
1740,0.3376586196350797,0.44490569941716385,0,-1.0884147393785353e-05
1741,0.022727949855838363,0.39834972533404306,0,-7.788777313875358e-07
1742,0.03808579861324987,0.523880953460448,0,-2.58779345322937e-07
1743,0.16466532206880485,0.5681951392795906,0,-5.880819228620936e-07
1744,0.2991220408104583,0.3073759642544962,0,-8.241860283150365e-06
1745,0.15703979367547247,0.2652547214444143,0,-1.083412013563171e-05
1746,0.16749222619829288,0.23390307575605845,0,-1.4810552602631535e-05
1747,0.1874814362172699,0.21129775117030278,0,-1.3679014795393506e-05
1748,0.2557290907794345,0.1833975258419107,0,0.00043584024454812535
1749,0.2543624757938508,0.0001531888542820825,9,0.03161563536445539
1750,0.33654542117487585,0.09287400469580913,4,0.00949344544995666
1751,0.10673803808649523,0.30555221370447505,0,-4.54699676187055e-06
1752,0.1643194914368473,0.27895449287724544,0,-1.0230418335588366e-05
1753,0.12186597089607826,0.07219792806967859,0,0.00018110120446922074
1754,0.2479477739116711,0.32965480428530725,0,-1.3422504431472244e-05
1755,0.16803078771553873,0.005230528458082917,5,0.012882057615540059
1756,0.03663409273345767,0.3242004427180915,0,-1.8782147235837707e-06
1757,0.18732308639994613,0.5507086758035621,0,-8.781944499521331e-07
1758,0.21656957232293716,0.048357497170530395,5,0.011101967467850131
1759,0.25697757839137986,0.15300970039622974,0,0.0014410715240082321
1760,0.3174721558906779,0.12483143747345464,3,0.007653892350892238
1761,0.1841589355147554,0.19960990320984157,0,-1.1018181905880606e-05
1762,0.05330352634535651,0.052763910304535755,0,4.195183721293266e-07
1763,0.00818574601363658,0.39673455823432985,0,-6.845372433845384e-07
1764,0.15476346885896897,0.2262678773643153,0,-1.4384982983892744e-05
1765,0.15071310605438124,0.5304568983139268,0,-7.461469499902632e-07
1766,0.2416394208863243,0.4974679009265706,0,-2.5701009334017105e-06
1767,0.18675052378068988,0.34966689894530617,0,-6.46863394431213e-06
1768,0.0331875950465881,0.2856930638326562,0,-2.666145326949864e-06
1769,0.054980035785267035,0.449061372473694,0,-6.473553477417807e-07
1770,0.07340700069113439,0.09974711703235492,0,-1.4036840364601854e-05
1771,0.07066719965302415,0.042071814340788036,0,5.9375622083389934e-05
1772,0.03586229955226425,0.13958675793053932,0,-1.1284479446431443e-05
1773,0.18792533984118936,0.35000027241328163,0,-6.521867438281344e-06
1774,0.2774697243483324,0.19889919386193136,0,0.0005404823104534953
1775,0.049760423359546405,0.3375523767259606,0,-1.8736891333394275e-06
1776,0.26769563940279606,0.5195564865366487,0,-2.672348974852962e-06
1777,0.2139266280075079,0.5579426535252159,0,-1.06532323199215e-06
1778,0.15570546878316394,0.35840248460851337,0,-4.371383061968086e-06
1779,0.07283314797638865,0.17815995115791158,0,-1.1124671814888656e-05
1780,0.022007252842761636,0.45086025484833225,0,-4.574030743259951e-07
1781,0.189438721992233,0.5875245345633828,0,-6.207240363149326e-07
1782,0.33879733693630315,0.561975439555753,0,-3.5505641737333326e-06
1783,0.1270415782783791,0.5597584696534624,0,-4.39482362418056e-07
1784,0.11188360711600259,0.508891336872162,0,-6.282158093634555e-07
1785,0.31326684677376787,0.521505379260537,0,-4.122350433922228e-06
1786,0.059422883076923526,0.3716974176639348,0,-1.4667657827902615e-06
1787,0.21330935830562975,0.46408645404650345,0,-2.7046559340147356e-06
1788,0.07394494913184871,0.049250400832940806,0,4.606489563068377e-05
1789,0.2114550629783867,0.05405667704907069,4,0.008757604316845318
1790,0.2863727002772682,0.5057410897872455,0,-3.692975960827343e-06
1791,0.11812271947433152,0.017388016480541335,0,0.0016518550882579635
1792,0.26372517449818544,0.24377128773533488,0,2.7727094379466086e-05
1793,0.29750724758773744,0.08114490734201886,5,0.011719237116352288
1794,0.1888930437022821,0.2602237823678508,0,-1.439782902779552e-05
1795,0.24420736327376233,0.17332982811363942,0,0.0004173224197997945
1796,0.010313910473126424,0.030784519973819435,0,-1.2468661936030985e-05
1797,0.3081467507250575,0.19441608404661773,0,0.001714802839123322
1798,0.07897495441408803,0.012837524920329968,0,0.0003968421864484369
1799,0.3123819098215395,0.23966854311329397,0,0.00040375480836556224
1800,0.06289090609924354,0.0971504456987009,0,-1.5217103480685755e-05
1801,0.11530319675785088,0.12475858422383494,0,-7.752372487711668e-06
1802,0.29646014329256587,0.5723837375306513,0,-2.1001570657385922e-06
1803,0.09410699426163013,0.2594890792270322,0,-6.3251064758487724e-06
1804,0.0019801626798754968,0.3333975391239128,0,-1.2120610341289105e-06
1805,0.3331170468361843,0.5093471495055414,0,-5.65573519005606e-06
1806,0.024638527402542895,0.03345083995255536,0,-7.115262748969324e-06
1807,0.1761142786559983,0.4763246017507469,0,-1.6518097403906376e-06
1808,0.15159179416214544,0.1116630644211953,0,0.00010873054988566695
1809,0.06266900262708008,0.02199113581886707,0,0.00011821024038706721
1810,0.15705482587526717,0.2428344716254377,0,-1.303827738788017e-05
1811,0.03377785064102322,0.2953705779524498,0,-2.4348312588512877e-06
1812,0.02857401729911776,0.544720475455489,0,-1.9105721131020804e-07
1813,0.3121524067705255,0.02313950874204953,9,0.022058782274685627
1814,0.1647861386786632,0.17316205652372488,0,-7.330746291868591e-06
1815,0.301253522357083,0.20652498145520096,0,0.0009383859596465673
1816,0.2623261942712907,0.31678759969676934,0,-1.560415936225607e-05
1817,0.2760225582878709,0.3352850686334543,0,-1.5335777993855196e-05
1818,0.20510364101926928,0.06652857857782997,2,0.005268208420791221
1819,0.09663915108702659,0.32318654278543085,0,-3.451320534386192e-06
1820,0.16650807105038115,0.2400571069829712,0,-1.4202222687647877e-05
1821,0.3089755560561235,0.163322093731304,1,0.003929482019622383
1822,0.12622464531971486,0.2811457642688822,0,-7.0007316827144385e-06
1823,0.2598484112438694,0.5472761599809305,0,-1.873735124189912e-06
1824,0.17416505544990243,0.030453421210411544,3,0.006991921067129401
1825,0.10172335594457585,0.2376203803174426,0,-8.40822433849624e-06
1826,0.23953280529958362,0.46112736273177796,0,-3.6160971284623713e-06
1827,0.05711296044661256,0.45003267496099264,0,-6.54901754785552e-07
1828,0.27014316654743403,0.5349275002374118,0,-2.348746797204557e-06
1829,0.2633347948891896,0.19865537593814275,0,0.00031316967662685044
1830,0.2125368550656616,0.4899138672248638,0,-2.073730833156285e-06
1831,0.25935910643231275,0.2667264010143816,0,-7.370964879510911e-06
1832,0.1836133344564353,0.49471395782562266,0,-1.4812454691717613e-06
1833,0.16587485162495655,0.5676617907201806,0,-5.984084011213829e-07
1834,0.1894997346577353,0.5265271246806549,0,-1.1429311847916295e-06
1835,0.17342328284462596,0.5232235448177841,0,-1.006199411810717e-06
1836,0.24844504400970138,0.002554757573826749,9,0.030198045168404873
1837,0.20106668478451767,0.2525332639320075,0,-1.5704504428435478e-05
1838,0.29050948847485353,0.274425405702748,0,1.8865032696442904e-05
1839,0.08999117216887631,0.5769777904013813,0,-2.555539943686821e-07
1840,0.04465352056840025,0.435030181301787,0,-6.718691331836638e-07
1841,0.26182478053974206,0.05507197706249765,6,0.015118193040752521
1842,0.26831169350805545,0.4106229313918956,0,-7.882392694145092e-06
1843,0.05702095558837509,0.5504396880170718,0,-2.3973227922455267e-07
1844,0.3477617138261515,0.306841533796715,0,9.261308420333544e-05
1845,0.08417136932658476,0.08789150738331415,0,-3.6033016922015024e-06
1846,0.2682452385154346,0.09311461041588694,4,0.008931277936391693
1847,0.31669397841139474,0.03922193584666358,8,0.017477441703302
1848,0.24917678121363493,0.023616101484376473,9,0.02231369671830816
1849,0.056767190035728395,0.31863092956321815,0,-2.4275674404844706e-06
1850,0.19212949008230076,0.39426613828858653,0,-4.392634855962411e-06
1851,0.02397343914930662,0.474927590655073,0,-3.666970371010529e-07
1852,0.0032500556205560414,0.06094297953089389,0,-1.5404235912056268e-05
1853,0.3253609253166662,0.548036134152985,0,-3.569713461585348e-06
1854,0.06776283441191638,0.41081084720576844,0,-1.0781828416133622e-06
1855,0.29709289371505954,0.35455468879330926,0,-1.5452589844317886e-05
1856,0.2800669707241649,0.4398574511715814,0,-6.654346948499183e-06
1857,0.3399800074489632,0.5908016803308667,0,-2.695284825894033e-06
1858,0.34753810079928016,0.1696782885699151,2,0.005146361921778622
1859,0.06420961046173135,0.5147565092759382,0,-3.680227326154653e-07
1860,0.13799694975592786,0.1396043599942358,0,-2.097067910440122e-06
1861,0.23944116299097506,0.29336754801612,0,-1.562127508828525e-05
1862,0.005260495702564632,0.47633014830044745,0,-2.999393651073608e-07
1863,0.10513480025859755,0.4806484128058686,0,-7.789168446798427e-07
1864,0.17448996700661681,0.3209580068719761,0,-7.590202105100472e-06
1865,0.22877158562558528,0.5322559699407883,0,-1.5970206605936495e-06
1866,0.014707872911054198,0.17715585357638194,0,-6.515945140128135e-06
1867,0.03497602378524785,0.25550967645093636,0,-3.667470940867418e-06
1868,0.09043563848620556,0.3121253204304704,0,-3.6228070257635263e-06
1869,0.3452943518008652,0.014783299856306508,9,0.02422310447437512
1870,0.06918082523730376,0.4981635465839828,0,-4.5655947632329163e-07
1871,0.01034102599439024,0.29440762179756935,0,-1.945639752291874e-06
1872,0.019554562256076588,0.0030311630840079706,0,2.5164318587135444e-05
1873,0.21432863684692469,0.3025577725107014,0,-1.2786095615555564e-05
1874,0.07422205930689696,0.5595433070485807,0,-2.598974001837713e-07
1875,0.1595450321626584,0.2389499912101797,0,-1.365775564905734e-05
1876,0.22664316216697192,0.004308707509604681,9,0.02760465170906807
1877,0.33978058085354435,0.40691139249462555,0,-1.4752701382290675e-05
1878,0.03429358682158188,0.06650185150035616,0,-1.4972483175509632e-05
1879,0.03125678837088529,0.5098134089926804,0,-2.782266276467593e-07
1880,0.18176907465635372,0.3816045421737811,0,-4.495072866463842e-06
1881,0.11969401516690079,0.1946094637066489,0,-1.4082491773283191e-05
1882,0.3430510881821964,0.05925073330207979,5,0.012572670638961118
1883,0.13434025686219356,0.40513888459619757,0,-2.2177669908479127e-06
1884,0.3390527836490097,0.4633020920483749,0,-9.330114232973133e-06
1885,0.016488064608179948,0.30700205071125874,0,-1.824100481815637e-06
1886,0.17774392930145413,0.5610341688657379,0,-7.198334068171378e-07
1887,0.24280907486207964,0.31841820349368444,0,-1.4005539225375386e-05
1888,0.07794638704219566,0.4317503764456937,0,-9.681163583464193e-07
1889,0.04563139389317131,0.45191274238234863,0,-5.730716211233256e-07
1890,0.22191983474600366,0.36584398043356386,0,-7.770171509853805e-06
1891,0.09402910452977313,0.37097783841215287,0,-2.0868951269908864e-06
1892,0.020177859713691796,0.11125936300316046,0,-1.2532221422698291e-05
1893,0.27949385780851654,0.07429589622374433,5,0.012457027857586022
1894,0.05647465588033139,0.19226417923753678,0,-8.422205928651322e-06
1895,0.14931455839387894,0.05893265955518098,0,0.0010485055881652129
1896,0.0954405238568067,0.21129836575351238,0,-1.0129347539764976e-05
1897,0.07204322903103773,0.3194743304987006,0,-2.8033106885245825e-06
1898,0.06721344309811884,0.144925366064276,0,-1.382869570259428e-05
1899,0.26339125385781503,0.5926217882652016,0,-1.2337841797413248e-06
1900,0.13948681415471467,0.5839245471549719,0,-3.908071062963862e-07
1901,0.12005991536830866,0.17282382330776247,0,-1.5636797860955476e-05
1902,0.025633759650811282,0.06904189646195787,0,-1.572483028595315e-05
1903,0.33654877966619934,0.2204124983897665,0,0.0016719465759687828
1904,0.13906225523616494,0.04606522075965238,0,0.001179962358149464
1905,0.2607247935948518,0.07373342378698286,5,0.011509927223724284
1906,0.1748984629990408,0.09348732940346698,0,0.0007054610236665646
1907,0.2760436954513709,0.2330415874438776,0,0.00011344920042415644
1908,0.1770703870751842,0.3624471425145373,0,-5.187690536421601e-06
1909,0.053994134839411415,0.05247314986690858,0,1.443063477007406e-06
1910,0.06753787206143724,0.5142044489269012,0,-3.8256784157781043e-07
1911,0.25192694419807815,0.46209889637239054,0,-4.050203826381345e-06
1912,0.276836940269042,0.5519620043426062,0,-2.1179583282134344e-06
1913,0.3054408093712869,0.5077038799130682,0,-4.375323055513585e-06
1914,0.10592642324647476,0.5985370781976271,0,-2.415279868417765e-07
1915,0.21509170878278916,0.2943763390650614,0,-1.3661726864175803e-05
1916,0.24591400590711948,0.41621190427539895,0,-6.00939745578691e-06
1917,0.2051176793906439,0.38113369855689655,0,-5.686230519097119e-06
1918,0.008409284787917415,0.222037484646116,0,-3.929623557454646e-06
1919,0.07164109432207921,0.11953036586096527,0,-1.5746695697020027e-05
1920,0.2844519398408874,0.3930838565166336,0,-1.076644029494339e-05
1921,0.34178818093467217,0.1927374375875923,1,0.003526968486881484
1922,0.08745985461422287,0.0010642901263914872,0,0.000945012288215622
1923,0.3041607385159815,0.47009316353278596,0,-6.262667150090175e-06
1924,0.1636893969175212,0.5492231420627212,0,-7.040302020911604e-07
1925,0.218495531459125,0.5563798632744176,0,-1.13257034843954e-06
1926,0.05850003027388798,0.035821351607710605,0,4.028452791694635e-05
1927,0.09749000051829343,0.3848627006679211,0,-1.8803511841230474e-06
1928,0.16626176838765566,0.5154295788922811,0,-1.0127053527459135e-06
1929,0.3001683350689222,0.3282864881656662,0,-1.4816318871508171e-05
1930,0.23975725728614816,0.1308806629510191,0,0.001784298871718041
1931,0.27014992293867385,0.3319631450151585,0,-1.5161720567852093e-05
1932,0.0992075349182787,0.37862845225015246,0,-2.0358202611859205e-06
1933,0.34431291499015854,0.05882996919448064,5,0.012569204007731578
1934,0.2346725704831643,0.3945421563329907,0,-6.656791206067862e-06
1935,0.21878244534521085,0.5982079322535908,0,-7.476488719764238e-07
1936,0.2387226570182737,0.5336724060490138,0,-1.7388550679834024e-06
1937,0.13281026922346614,0.044811442260221046,0,0.0009699169413902613
1938,0.052864156044925115,0.12877053398825675,0,-1.3998033427641494e-05
1939,0.15811853023587213,0.26951771031184735,0,-1.0532678621219937e-05
1940,0.05345371940234687,0.5195426660818363,0,-3.1508960170540727e-07
1941,0.16248227474799018,0.5538910160017094,0,-6.638778914537296e-07
1942,0.1960635583878474,0.1395431294022824,0,0.00023615933135301466
1943,0.2500201916803151,0.09206039215795855,3,0.007139098507062889
1944,0.28707263220050844,0.5323579763506002,0,-2.852248263312364e-06
1945,0.13704613245981961,0.15364003333664478,0,-1.1308516350951955e-05
1946,0.13438012404375485,0.01571382553450611,1,0.003240851043846918
1947,0.16372843240281415,0.07825734225985755,0,0.0008441506506226769
1948,0.01458815582127233,0.17352713330863936,0,-6.742886381282391e-06
1949,0.19784343709364072,0.24287360189750415,0,-1.5810359994345385e-05
1950,0.05543229193906079,0.3092171341331842,0,-2.631589383022371e-06
1951,0.10017967353781904,0.013792703130948557,0,0.0009355818429829646
1952,0.34774130188031793,0.4205362445592911,0,-1.4254084990208447e-05
1953,0.20097608990937962,0.13737589396336994,0,0.00032256418599813476
1954,0.21024238076035592,0.07108912038515633,2,0.005253963631212734
1955,0.23619042199277276,0.3468006892354532,0,-1.0590837249782206e-05
1956,0.16615634146348576,0.35774591126063915,0,-4.879475125527202e-06
1957,0.13102831702177214,0.5563561040066101,0,-4.731561089109844e-07
1958,0.20581612972041466,0.45382971151253726,0,-2.7807226914799515e-06
1959,0.007587012459357073,0.15375577292700188,0,-7.631280547794804e-06
1960,0.25788931425424955,0.12396139646138832,1,0.0037155146016667052
1961,0.17831851702527673,0.06813464851617147,0,0.002156926472615234
1962,0.1573539374595808,0.42700160335332044,0,-2.2425345921721775e-06
1963,0.24188098753770684,0.39432616626157907,0,-7.153736117097801e-06
1964,0.2153746964151784,0.11554520160616086,0,0.001361546996554628
1965,0.047490510376485745,0.5647056984250143,0,-1.889862350112523e-07
1966,0.005119278428521157,0.046272692424253976,0,-1.566156243929068e-05
1967,0.23174196884504222,0.447178018483644,0,-3.845392776484983e-06
1968,0.27004125027233783,0.11937514512106744,2,0.005398738996081807
1969,0.044889584625369384,0.2644516930279924,0,-3.7026842757562733e-06
1970,0.11026210080748737,0.5711900386893639,0,-3.315371075672581e-07
1971,0.2900818676270656,0.24347969076615636,0,0.00013332904745646032
1972,0.058840832890670616,0.31625722850212445,0,-2.5377563311747325e-06
1973,0.00245079238376934,0.48237013018613034,0,-2.745444344173205e-07
1974,0.22368749916633657,0.14941948337518707,0,0.000493899423713543
1975,0.2747535139988656,0.4599632044307951,0,-5.184668628008267e-06
1976,0.25935491841493524,0.4070486531429709,0,-7.486702958465119e-06
1977,0.2861104933802843,0.23351955210748904,0,0.0001779548917093488
1978,0.22038189778357392,0.3273714968831005,0,-1.0938467658833368e-05
1979,0.1164419812458628,0.2447466212982794,0,-9.029510098665797e-06
1980,0.049630337882360896,0.3600121781752294,0,-1.4949654286901934e-06
1981,0.3304039592263456,0.5262933448196094,0,-4.6576231739405515e-06
1982,0.10747416688853802,0.15736679100502338,0,-1.5720121181927745e-05
1983,0.1387637970043163,0.4748139212074243,0,-1.1551450998768517e-06
1984,0.027590346012805925,0.06681161310470159,0,-1.557922061860925e-05
1985,0.31979061621065913,0.488701069038449,0,-6.079865998150101e-06
1986,0.09331345514940984,0.32823490267052935,0,-3.175034121284999e-06
1987,0.2173895871828536,0.04375382732919048,5,0.012486292553509314
1988,0.040871662309485635,0.5119875937355557,0,-2.996856056923411e-07
1989,0.14397260572857484,0.2034688935608945,0,-1.530240017678442e-05
1990,0.30110137061518194,0.3667182403606138,0,-1.4875790178151744e-05
1991,0.10452245899421239,0.2375185022786749,0,-8.64181790536451e-06
1992,0.06901314874727074,0.13180485646662723,0,-1.5082540547780872e-05
1993,0.30880527274934866,0.5650398466617702,0,-2.5556376877790333e-06
1994,0.016997465276844946,0.27757359253233954,0,-2.460144003178603e-06
1995,0.08717132166500705,0.24481804819444808,0,-6.821947484785642e-06
1996,0.03382597260430151,0.5210394172962511,0,-2.5514721456301783e-07
1997,0.24947316280642698,0.13376714961065841,1,0.0021885973808492137
1998,0.18767076956187803,0.5249878574170173,0,-1.1396632637616153e-06
1999,0.045724054206086454,0.11963769517848563,0,-1.418016414595397e-05
