,X1,X2,Label,f
0,0.3049354926228611,0.45094523817325144,0,-7.599931937750622e-06
1,0.05350549623329714,0.2343296023142636,0,-5.437344780470038e-06
2,0.29693676653744866,0.49464300467125355,0,-4.578705428467858e-06
3,0.20065214360918637,0.367594070430089,0,-6.216940446115442e-06
4,0.24198850719563972,0.03143652562019767,8,0.019503522034954982
5,0.18960329950649016,0.48114767689239607,0,-1.8008037013711997e-06
6,0.010577406366791303,0.3820739185208243,0,-8.11783912609863e-07
7,0.141726948107645,0.052246692787333446,0,0.0010201592200981694
8,0.34341200185956194,0.5610196565772044,0,-3.7524962932726265e-06
9,0.26053105973229085,0.33284427220233653,0,-1.4305430808623692e-05
10,0.11203885405329943,0.19626728771099353,0,-1.3197178535360995e-05
11,0.01575466319800929,0.5570214505743104,0,-1.4863750180015772e-07
12,0.28038162645618364,0.13977800878124244,1,0.004022828226491627
13,0.08215865772368208,0.46980690591671603,0,-6.901300102059386e-07
14,0.07490725594033738,0.029228019742036662,0,0.00015215036334763956
15,0.22308988022825696,0.22204882029400042,0,-4.262826208410528e-07
16,0.02932201496766073,0.27477028407454424,0,-2.8608789596342583e-06
17,0.31877796735112157,0.08531676739233018,4,0.010816384971578984
18,0.3215054547193488,0.2185824006010875,0,0.001174130803516863
19,0.3046834233013783,0.2257910124685723,0,0.0005210588122049216
20,0.14760757103264752,0.37673219742823205,0,-3.360981217506868e-06
21,0.3387289499209346,0.2566724149712882,0,0.0005481603887779377
22,0.32231825184105245,0.01883365212868035,9,0.02325241139870971
23,0.21827971618274153,0.11209685586814423,0,0.0017078965207809728
24,0.33675885032784586,0.21589709540813576,0,0.0019032221666563276
25,0.2519167096008959,0.12428615193460707,1,0.0031627497841149464
26,0.23624292749075165,0.036556045034812995,8,0.017470450080107034
27,0.12832891424193305,0.5772262041166415,0,-3.7382398367712295e-07
28,0.2794638285129884,0.16908776260948005,0,0.0016846680724269057
29,0.16739185277904656,0.08542727006324687,0,0.0007282163009579269
30,0.34802810730837014,0.22284716737040322,0,0.0020374799421775153
31,0.02365489814851869,0.11008957562977949,0,-1.2991391046246856e-05
32,0.29506789639728287,0.06070660872292255,6,0.014426922535287906
33,0.34837002826186714,0.405581501801055,0,-1.5482850346582674e-05
34,0.26917982988059486,0.1872851817695181,0,0.0006241406157022904
35,0.3266371637299126,0.1857338127092785,1,0.003240945831080762
36,0.33045963039930665,0.06394108758996703,5,0.01257214156105191
37,0.23594199877717784,0.05350027950300679,5,0.013010817208351242
38,0.27697575503213945,0.14119250782809298,1,0.003607512619712698
39,0.2621567450973561,0.10134097061969957,3,0.007070440510944612
40,0.3190950518480514,0.19468052099420866,1,0.0022404885270399196
41,0.31197597307055724,0.16561825138072309,1,0.003927273002476926
42,0.30303623911839583,0.17198725635350168,1,0.0028500614658205805
43,0.19747567706097477,0.1089021630224201,0,0.000912416943537281
44,0.19597362429535747,0.08595340686835427,0,0.0020636929073937996
45,0.313769325588059,0.10229964414084372,4,0.009473123455348492
46,0.18449254767016066,0.09850724864921453,0,0.0008387984178577227
47,0.237400697484691,0.5905622263605431,0,-9.718013795426584e-07
48,0.283210291629562,0.013925726917964037,9,0.0260107805420463
49,0.17411550043002832,0.03386881693558282,2,0.00625070754597885
50,0.3135228786751479,0.04515853865247624,7,0.016370382214886188
51,0.23204252188400196,0.06288062809983609,4,0.010245721858720422
52,0.2894338337276279,0.06691004858020846,6,0.01361431840661036
53,0.3357329957724514,0.2235203410024942,0,0.0014975661837402607
54,0.32794432312188293,0.008844404963277042,9,0.027448203947421635
55,0.20969714997358693,0.003834217687594385,9,0.025108708169681682
56,0.31035568303691746,0.12044505422670818,3,0.007895792353413285
57,0.21338417814132243,0.06646366225794162,3,0.006513486277248379
58,0.2913762964029247,0.0066212745346553095,9,0.029048489875005173
59,0.21559119285976633,0.07852659562848764,2,0.0048270419881627025
60,0.3434777283829419,0.2062307919294732,1,0.002757740451179773
61,0.20715820362247991,0.033970365262863504,6,0.013266803981751943
62,0.17133563493115084,0.06597145708626871,0,0.001824693656369788
63,0.19180320997359993,0.04843855383272423,2,0.006442291834909907
64,0.31134743076488614,0.011199401551219101,9,0.026675262943321336
65,0.34601431202335936,0.04911938271978952,6,0.014076817818057379
66,0.2625933278120687,0.12064007889275123,2,0.004525190145033489
67,0.19231731612852973,0.045147427206208506,3,0.0072174816623249505
68,0.2851330327116807,0.1260318041538965,2,0.005933660344963527
69,0.23810046142627808,0.1674338344822313,0,0.0004171722129639567
70,0.21322731274004283,0.12864817620060023,0,0.0007605728904194199
71,0.3373836321907433,0.15515315787576092,2,0.005828833283113924
72,0.26371317080233025,0.09914644480201686,3,0.007564627825102098
73,0.3328126866256298,0.2096906091418007,0,0.002052387757694094
74,0.20097700725000234,0.08192842765124056,1,0.0028107415753091847
75,0.3120194018376746,0.14259344508242808,2,0.005962961918344363
76,0.31820515883158584,0.12554256701314365,3,0.007607442201965413
77,0.33962825672463964,0.13865328184440745,3,0.006783498879754147
78,0.2403748444129669,0.08532452763481398,3,0.007040033956775916
79,0.26070082450437787,0.021231300632610806,9,0.023448511803969126
80,0.33847814490932704,0.09257204861115018,4,0.0094286410203761
81,0.30511570526937654,0.16784943089230658,1,0.00330295375355302
82,0.2542616573692948,0.03094373362931442,9,0.020407822053395377
83,0.14784124964624082,0.09132524970023471,0,0.00024604439337985083
84,0.23011521754420297,0.07809881585568312,3,0.006891417327090023
85,0.2610573380753812,0.10467126181278745,2,0.006463266786733004
86,0.2955349462946593,0.16732771119143758,1,0.0027237041455087877
87,0.2988249913190997,0.013701412318070622,9,0.025863889286025777
88,0.23902172629169338,0.0918106368281457,2,0.005811134404902287
89,0.23281688140705428,0.03116330159598977,8,0.018630893331994556
90,0.30935275156524183,0.07773505201155617,5,0.01187365179290231
91,0.2171198040304486,0.09561637252755215,1,0.002919248441139703
92,0.2725362999105859,0.13744329595201676,1,0.0036097011791680783
93,0.3304942272433066,0.06589309002604596,5,0.012324667613169948
94,0.1879498582713291,0.03859910558554393,3,0.007857139036558073
95,0.19258223153033788,0.08194762447163073,0,0.0021264524839240987
96,0.3358437269516005,0.1376411317152125,3,0.006862878213919547
97,0.3245617888638086,0.07574120886545123,5,0.011502835036763942
98,0.2537053335641829,0.0062334235657917104,9,0.02880280252689846
99,0.26718160584745426,0.027481553349102697,9,0.021656340523809606
100,0.1962993349245788,0.08087631236366905,1,0.002504566547677718
101,0.2590544844708462,0.10133948342009531,3,0.006735174390440222
102,0.2254986324366237,0.03709889016415495,7,0.015819999888857735
103,0.20432358071213821,0.001359236969730122,9,0.025101798536308718
104,0.3424137869069445,0.2235425698856544,0,0.0017658860756172136
105,0.22851338534278082,0.02321147756634208,9,0.02061588473942632
106,0.33380755610572493,0.16757724100575339,2,0.004903774482734643
107,0.2455744827301064,0.06984130806589608,4,0.01065802022918999
108,0.33637548910215037,0.20574408441939582,1,0.0024466393831382312
109,0.2086313903469712,0.08604263614560105,1,0.003104943091294943
110,0.3381929150978431,0.1885638134554876,1,0.0036367140573076717
111,0.3479126646280715,0.14985928062980583,2,0.006157576868639658
112,0.18917641447334782,0.009868997653242652,8,0.017380326880163874
113,0.23395342788421064,0.03786808538730581,7,0.016821826957051474
114,0.17429287714155708,0.021844791234135696,4,0.009182476286929827
115,0.34878809701996466,0.202811296365912,1,0.0032059130857381604
116,0.34908916949083285,0.22237637583240571,0,0.0021071725223782
117,0.24793272099159297,0.017793866815485514,9,0.024147645339434403
118,0.2838680280747746,0.052267817856241336,7,0.016003362224830626
119,0.292312532774702,0.19074326928626215,0,0.0012142227596115443
120,0.2914393348843241,0.06124467223604286,6,0.01442000423495393
121,0.3294016451888163,0.14681295188518875,2,0.006229283563363429
122,0.2926462618376534,0.14485688790009585,2,0.004485110151060008
123,0.23857223716053172,0.005274400578594615,9,0.028361103315682246
124,0.22195156916220699,0.11231459275236469,0,0.0019155098239476119
125,0.2918968268126993,0.08011292964526529,5,0.011851591700893923
126,0.19775710860212967,0.0660757878278954,2,0.004346462212913262
127,0.33417311443691217,0.20598884109896795,1,0.002325478632217526
128,0.3265728770940704,0.07310773274027124,5,0.011686400442306209
129,0.25419396082076806,0.05507728583868572,6,0.014635387096515585
130,0.2249433613894316,0.04926591760184208,5,0.012366257165040619
131,0.3144512236626408,0.16641872939430066,1,0.004014168938896968
132,0.19384388345190098,0.01143229048165989,8,0.018034184407132794
133,0.17793225541104254,0.045206960718042644,2,0.004804731938337115
134,0.24459010629831435,0.027641780492309004,9,0.020815259185754168
135,0.3156941397317184,0.0011021842782630742,9,0.03180091726764276
136,0.25273341681786,0.1184226068767754,1,0.0038358760835420134
137,0.3282687616838686,0.13091478571604515,3,0.007288294170319231
138,0.17370829501125856,0.0039056397854431053,6,0.015162715723483428
139,0.23769318663439848,0.03786114368363524,7,0.017273479527842747
140,0.325534523288749,0.03173298303002621,8,0.018963645777519977
141,0.18032789238011024,0.006629068455047876,7,0.0161017073159968
142,0.31496930814730184,0.18963923573331756,1,0.0023335986714663843
143,0.29777674182590996,0.1469635587200831,2,0.004657541284902168
144,0.2757452499241181,0.02061235417745373,9,0.023718473911952965
145,0.22374829039037805,0.11431699456440782,0,0.0018933270008047074
146,0.1831217936031591,0.006794725603107476,7,0.016881218212977955
147,0.2895629761647826,0.16413125225053127,1,0.0025797963138463474
148,0.1772488954563976,0.007395062546470883,6,0.014854027003276244
149,0.2088534791988845,0.02581268794974867,7,0.016282148930431263
150,0.33001534699057505,0.20985183746620592,0,0.0019149729736966416
151,0.32363305153096816,0.13652771408440278,3,0.006855077821693023
152,0.20727204713113206,0.025844340958875833,7,0.015926742219783026
153,0.3466755567098757,0.22227429626235723,0,0.0020087664441139673
154,0.31783234938461014,0.036602303746878395,8,0.018037606238994766
155,0.3392294779363782,0.12824396835182097,3,0.007334041706003781
156,0.23962520559594885,0.01760011216925561,9,0.02368075754450098
157,0.25150224008725813,0.10701161526919709,2,0.00509412972348981
158,0.19842457724661022,0.06112052962026893,2,0.005194941183794985
159,0.20945806585925142,0.01256675385698381,9,0.021335977367571077
160,0.3226294187390468,0.05004399854639201,6,0.015050165276699482
161,0.3291411747451691,0.17271880676987736,1,0.004326936247891078
162,0.2956384294578204,0.04413628408663745,7,0.017258106792407833
163,0.17239998810148136,0.01167632289318008,5,0.011849828029843553
164,0.34364085053249493,0.10367523811963547,3,0.008488243982871688
165,0.2057539051789869,0.013706796725507411,9,0.020075967500232498
166,0.3246439850251491,0.06770621561052151,5,0.012387237441891356
167,0.2896714519103748,0.13834263140635897,2,0.004924048028049603
168,0.33027864308184113,0.0009194017172588831,9,0.03181459124521353
169,0.21228177052238123,0.10871555360716836,0,0.0015732032926528679
170,0.30354326039100354,0.12868250143994542,3,0.006866677271196458
171,0.2532719947149915,0.11504526902295796,1,0.004271444115764995
172,0.30831155367651675,0.1618636969435727,1,0.004011251120946037
173,0.34149078757516244,0.17146924455491414,2,0.004899848820571286
174,0.32432749428744057,0.17431892566953133,1,0.003956392090047802
175,0.34549522479710165,0.18714243048431245,1,0.004042810673180563
176,0.294265222081617,0.09430358678450501,4,0.010190018676470165
177,0.2727564818984806,0.11550166786177757,2,0.006152859337290543
178,0.3300022735413871,0.1048884494882554,4,0.008926789164697203
179,0.23709302619743006,0.07640805573552714,3,0.008203243309209985
180,0.23756048402786448,0.1254580047986195,0,0.0020053609522087484
181,0.32610774196363174,0.15857633085623757,2,0.005263473952043542
182,0.22146442271416714,0.018288525942911568,9,0.021326318965222416
183,0.2273361303952223,0.08777938411625914,2,0.004955907224030592
184,0.2681005323104399,0.13934094898913923,1,0.0030785208868554553
185,0.1874862340192437,0.022997551670068606,5,0.012099878310270895
186,0.2988636152269535,0.1313014814675501,2,0.0063347498930548685
187,0.30992877139848896,0.16567931645427883,1,0.0037922990097307182
188,0.3209487353106415,0.19484389471202154,1,0.002326735599431314
189,0.32446015604229556,0.1944891222074026,1,0.0025332421552516546
190,0.27532597654643026,0.08347962263282166,5,0.01091867404762832
191,0.31250811652676797,0.02185882354701647,9,0.022477006223678205
192,0.3168574349835757,0.18784214326439733,1,0.0025523432054990114
193,0.20809227256291465,0.07204265021161671,2,0.004815645126021595
194,0.24676616956737638,0.13083617134062597,1,0.0022223975950856987
195,0.2725820017449937,0.0264816336335051,9,0.021947046356272353
196,0.19661395770238732,0.05669859664145438,2,0.005677879019280007
197,0.3280166227084903,0.20299882849263215,1,0.00219854503225469
198,0.3433059387820446,0.06218547955063871,5,0.012152392345504581
199,0.30338501930773076,0.12382116918656977,3,0.007345655303000857
200,0.3073624689421797,0.1476147999864176,2,0.005239579020343644
201,0.29320962335190864,0.024574433520209805,9,0.02217268058714198
202,0.22220141071125604,0.08573711970755525,2,0.004618298326713973
203,0.32256304266911806,0.10825253439380296,4,0.008881164242889783
204,0.1865699649321826,0.04090800708401596,3,0.0070674686454107495
205,0.18952120814688164,0.08218567958194588,0,0.0018961034377237896
206,0.17167595170488276,0.005345843287129477,6,0.013952717926107555
207,0.31740195017173106,0.09824978316618513,4,0.009749454606837744
208,0.3476379878552606,0.02932692848874042,8,0.018747492547455134
209,0.34710943927531196,0.18262530602953708,2,0.0043796534311671634
210,0.27387459643274925,0.014111375342308094,9,0.02599221118456706
211,0.22233920631520848,0.08180562537170578,2,0.00520778505645542
212,0.2879810793692421,0.14179994923518824,2,0.004431147734824731
213,0.2172109389645018,0.07130712198016594,2,0.006217452964842964
214,0.33539374926275706,0.05403614722045384,6,0.013754711799270928
215,0.3003184874948327,0.18377281084441743,0,0.0019154084126497468
216,0.1962983813983749,0.010953554645455041,8,0.01888437479657459
217,0.26844045267669714,0.06178035315811749,6,0.014139254033516633
218,0.29047932928372344,0.15321904988775434,1,0.003530502763739017
219,0.2861076941638191,0.03213951813714999,9,0.02023384007581585
220,0.3075083116784384,0.19042179130406114,0,0.0018999642580957523
221,0.20233238260057976,0.06362134709149549,2,0.005348103594034467
222,0.2888095716759503,0.1288089445781913,2,0.005904227683112567
223,0.3456644325667318,0.16101716995460175,2,0.005595930320565142
224,0.2303822780537326,0.11542347152663864,1,0.002253883608538057
225,0.1661666707920089,0.007326978331171403,5,0.011578095646274598
226,0.2644948532323744,0.11030110038248184,2,0.006033308936678386
227,0.2388500948947789,0.114778234124816,1,0.002964380288167477
228,0.12065802017485207,0.022219232877087353,0,0.0015018888476134877
229,0.014879237519051123,0.0018067128821693489,0,1.820270107777979e-05
230,0.2055634134196413,0.09384668946746376,0,0.0021457129377514582
231,0.15786962705894966,0.03826063068356509,1,0.0031935611928840552
232,0.32458920799964097,0.03650706752794693,8,0.017768719138140217
233,0.30993908452614105,0.04606539302925365,7,0.01634853752044292
234,0.33855968670319503,0.04602301133665223,6,0.015031323661067452
235,0.2370275932104158,0.08701234122419785,2,0.006315195590968794
236,0.26284726512036616,0.12541619688371275,1,0.00400924854152587
237,0.17852547380375902,0.05647537251100663,1,0.0033153607854435733
238,0.3481993940166447,0.07847452638179754,4,0.010085447565538076
239,0.12036122076806634,0.030689315683262525,0,0.0010523525214013675
240,0.3122579895053456,0.18786067835682346,1,0.002299278811798206
241,0.17749267932778745,0.03338252888994988,3,0.0069887694457994014
242,0.20928873969218534,0.06870828361021453,2,0.005507077107814932
243,0.309025586119669,0.06125494509700205,6,0.013901842642076107
244,0.323768640655975,0.11379062726184787,3,0.008469652006241722
245,0.18183428494091367,0.028626259998778658,4,0.009067937248763817
246,0.3338828484578892,0.21177835924183003,0,0.0019893271475430866
247,0.19485329995550135,0.04129806524052174,3,0.008597194172405592
248,0.34699291418746386,0.13782093442939966,3,0.006717914491642544
249,0.3125429849881494,0.17024939807242906,1,0.0035838940771544324
250,0.1847756748753584,0.06238682199909723,1,0.0032996521784122972
251,0.3394323815815878,0.08774252714182286,4,0.0097428133326345
252,0.24395697024734703,0.11146702544698774,1,0.0037673232073361347
253,0.25667824567976244,0.1296050545302933,1,0.003056834341149675
254,0.2849908995854162,0.07688443486099798,5,0.01220565617897798
255,0.12745539490829913,0.02174159166866815,0,0.001988109093013415
256,0.2278886767607101,0.03652083862006805,7,0.016362331805986754
257,0.18754987738412487,0.053160182155737125,2,0.004918329575790472
258,0.15463563657723628,0.011301983775330704,3,0.007433301707106377
259,0.14018514408582042,0.03267311826160756,0,0.0020916290535818783
260,0.12394386534400424,0.04080334207812956,0,0.0008004772179139243
261,0.17033389934450702,0.024590034417128072,3,0.0075766793193240475
262,0.2663422321649949,0.10222530893598934,3,0.007371282590963395
263,0.3031829016250962,0.05796374213854809,6,0.014597900539614468
264,0.2621833836674323,0.03765112860316906,8,0.01893949089559621
265,0.14720777635526516,1.1153992914396393e-05,4,0.008696304695511031
266,0.29682193850165367,0.10812849455821393,4,0.008720939228073678
267,0.261033657979444,0.07530856231485811,5,0.011253718583026907
268,0.247646385021042,0.06274143364191126,5,0.012382742588137013
269,0.23979604473898572,0.026806366791010013,9,0.020689153483716576
270,0.1626193772719674,0.017580043990234384,3,0.00763443866155117
271,0.18258293641320045,0.007962038462791289,7,0.01623612362195914
272,0.2380736774410354,0.11959047668103524,1,0.002480517965537615
273,0.23240564065928515,0.11810681716321304,1,0.0021916556453145664
274,0.21402265553243582,0.034982937248340146,6,0.014382378746012467
275,0.33134096268006086,0.1165776947134693,3,0.008153869466621085
276,0.13188006138944833,0.01592281592674047,1,0.0029372778029632496
277,0.3026059463867887,0.1041187330234623,4,0.009286809103787616
278,0.15476516083560873,0.01655667336733797,2,0.006243110257967438
279,0.15212903293064156,0.02916241335807012,1,0.003660510091129663
280,0.3417546206798412,0.2201156798904515,0,0.0019065514635734117
281,0.2633746100978939,0.06355724827513137,6,0.013564914049623992
282,0.21422085926915718,0.06306373020950076,3,0.007302130157687387
283,0.21889097917342973,0.037156025571697573,6,0.014659473096518567
284,0.30943724783233334,0.15713234729466058,2,0.0044984982579128535
285,0.21721998877972395,0.048920864261004754,5,0.011077715760967215
286,0.27766589902337085,0.11473883771981327,3,0.006698757805084866
287,0.33410187084446596,0.0842361733098726,4,0.01027660023353919
288,0.15488416531390456,0.040078347238152415,1,0.0026894704479596275
289,0.32604130064100395,0.05302094592306004,6,0.014380660090499224
290,0.23985361887880027,0.029319674828481884,9,0.01993477446633964
291,0.1550161642118621,0.020273640595084148,2,0.005533156425102437
292,0.3483392041422192,0.18649238222671313,1,0.004185327169575764
293,0.31644470908430394,0.14823363520998428,2,0.005678741148754506
294,0.17867590664245192,0.03949331289409955,2,0.005937261126075466
295,0.18742481399312008,0.08042183080839216,0,0.001880941636966406
296,0.1407921166315826,0.0049284663597824185,2,0.006005284202225417
297,0.21433602830784274,0.09261199763872026,1,0.0029653528011343807
298,0.23130126715886587,0.019688266045072254,9,0.022158407970516367
299,0.30614154383549114,0.03745078520535869,8,0.018315207286186668
300,0.2126244003099159,0.06715799711281335,2,0.006269617739686214
301,0.2683627276351855,0.07738867528710139,5,0.011455445243726525
302,0.2772959159683095,0.0759144848675629,5,0.012145153329322025
303,0.3167017848298353,0.1691941054949203,1,0.003923348008118092
304,0.16833970979646976,0.034667742441721196,2,0.005116125332804377
305,0.22318598917272583,0.09743812580926899,1,0.003293421821701164
306,0.15196174015807623,0.021161163250326513,2,0.004858892239675446
307,0.32986112748819635,0.20508204273186112,1,0.0021689372506030436
308,0.1791507791859693,0.01989251980535045,5,0.010962533767013
309,0.32642492081142954,0.1664099043600455,2,0.004674286270170868
310,0.1254512911906649,0.056359275386337976,0,0.00043941797861705523
311,0.20750861460474784,0.09420392693291416,1,0.0022595762450449
312,0.34784942206484715,0.042510497265036994,7,0.015316735917898738
313,0.23675900515004683,0.05887345918083074,5,0.011856241993691058
314,0.1560798011229472,0.015539031127562141,3,0.006730625519505397
315,0.19564517835791323,0.005969379677463071,9,0.020840495269681788
316,0.2546433297015332,0.01774684958216157,9,0.024441153052394304
317,0.1469317831599788,0.017386397948749764,2,0.004709039272199366
318,0.16205326858549218,0.035005633121963795,1,0.004135937116047467
319,0.12136669745188512,0.015836753266262056,0,0.00199076576560623
320,0.25271835051710756,0.12027394859437428,1,0.0036356147984221935
321,0.1916058450480937,0.047788660456978695,3,0.006538053276481784
322,0.15792423270098935,0.04678278778134108,1,0.0023290888944719175
323,0.31717610272671104,0.041190832642548164,7,0.01702331969644982
324,0.2037777736567957,0.0321144164884447,6,0.013097613382168744
325,0.14468872248947143,0.005521480145156708,3,0.006666671085069093
326,0.2816638962217475,0.031053965560077623,9,0.020601052279154448
327,0.18741947779752915,0.04513110180198229,2,0.006341854706048951
328,0.3033220814624911,0.1532200823647003,2,0.004450986101759197
329,0.3264674548476618,0.17733514432884495,1,0.00384396604505521
330,0.3201842211647485,0.11720571793809262,3,0.008253461731797041
331,0.25642870388191513,0.053119416191684386,7,0.015210976764515582
332,0.14366691688534425,0.009769368837078019,2,0.005553257009974844
333,0.23367439228379383,0.04399154393566459,6,0.015110743455830642
334,0.210944317347223,0.029803830997526037,7,0.015391701360431682
335,0.17942396756925816,0.050743064070032505,1,0.004167395246632192
336,0.25627340414900995,0.0951093446118501,3,0.007384302211942388
337,0.18560363729141352,0.025985031250903033,4,0.0107013123011122
338,0.2659468350945043,0.0471832544300472,7,0.01688583122969293
339,0.3295459097856798,0.17998892510539508,1,0.0038103319532836587
340,0.32583460637612793,0.02732696600613542,9,0.020231528885086746
341,0.27650464822381265,0.2145467484925612,0,0.00027363657313803823
342,0.14233761242714973,0.029551718388581703,1,0.0025528240536169876
343,0.34848950913654825,0.14272928103174107,2,0.0064730231356568335
344,0.22423470184993397,0.030877966950827982,8,0.01750635480852375
345,0.2443968246229111,0.03573922989630973,8,0.018504604664310028
346,0.15293096338560797,0.04325272179418299,1,0.002224004164583539
347,0.2552939930925983,0.06669301318758322,5,0.012354668089380148
348,0.13887626366406824,0.015179989402909353,1,0.003876983463145496
349,0.1833210318213158,0.05624423384085227,1,0.0038985585920193384
350,0.3202475697677075,0.19998744557517895,0,0.0019901902988162024
351,0.3169266061951948,0.05398102821951809,6,0.01465346554991161
352,0.25126519668524133,0.10369933508268411,2,0.0055200979261616195
353,0.28875007668388863,0.16682988353239656,1,0.00233795288205114
354,0.2751419671803542,0.1643742881643932,0,0.0017276991902815883
355,0.2550441015155785,0.08065664435888759,4,0.00970070889982781
356,0.33196529669470815,0.19254372036010484,1,0.003056793637014579
357,0.32398966900602977,0.1025314998155238,4,0.00926271848102571
358,0.2696195032534251,0.09055983193065648,4,0.009444391915960162
359,0.33655914520099733,0.21312903073597905,0,0.0020391788991332483
360,0.3130037142207269,0.1865526655768149,1,0.0024235481797648256
361,0.21067464218516527,0.02698413326460542,7,0.016270610834711968
362,0.2837754653626987,0.15368114019612178,1,0.003006325425362423
363,0.30815171526225044,0.1771216786357271,1,0.0027880770366594553
364,0.29265118450682315,0.12349139946285698,3,0.0067871343039171035
365,0.342503958992937,0.18570997792986327,1,0.004016580824566606
366,0.18632211862006345,0.028159039223578437,4,0.010233192788958805
367,0.274121990245224,0.14659847600338846,1,0.0029033641411542513
368,0.2942737296967094,0.0634980634975709,6,0.014035185218596175
369,0.1385196750938504,0.025901540567346427,1,0.002554026722525216
370,0.29069398009608227,0.13325972460121033,2,0.005552016822222095
371,0.3122078071645953,0.057699456475653325,6,0.014285832303220435
372,0.14928740836054444,0.026726771065740527,1,0.0036304879715232034
373,0.18615657112330528,0.06800999101479616,1,0.002830199726771281
374,0.34377021001480823,0.06525615236142536,5,0.011731684304056711
375,0.32018877394746204,0.05797061053131511,6,0.013889372023495062
376,0.20988577467267855,0.02877450972172698,7,0.01550689942183671
377,0.15926390188188183,0.023958707719074684,2,0.005568442715958204
378,0.307618276966992,0.034789942159560536,8,0.018893631346716736
379,0.3437734825366321,0.1515608980071227,2,0.00608852007234317
380,0.19902597141513104,0.0169610962479674,7,0.017200106001156006
381,0.34741271801303764,0.04244726242116324,7,0.015351100194368025
382,0.2538914658917912,0.10499362361757653,2,0.005632253318073248
383,0.33066809241582884,0.06900170734180412,5,0.011945608036716286
384,0.3435526437209337,0.14462006728733542,2,0.006444290009708271
385,0.2299488112568539,0.08875732504554418,2,0.005136833012796222
386,0.3030527220584647,0.09224769231127151,4,0.010482543285227379
387,0.18113030715161463,0.010545849742863477,6,0.014778457906831162
388,0.1656142510306274,0.05299416246989729,1,0.0024245438631029146
389,0.3332998626590741,0.18096042588869957,1,0.003928773589781877
390,0.33303550189889874,0.1725892714974635,2,0.004515680106440535
391,0.23960512245436819,0.07824918697882989,3,0.008206577486187415
392,0.26690692373050995,0.045589352921453344,7,0.017244921606311973
393,0.3154636572427617,0.13301719110531854,3,0.006939785243192357
394,0.3268639752098966,0.19867423436889423,1,0.00239754740289745
395,0.3388446082773,0.036679870966087005,7,0.017092514103506762
396,0.3426103066651478,0.1940562445380444,1,0.003478908484628615
397,0.32201948742049885,0.03630036050984944,8,0.0179309121832305
398,0.17946671764315344,0.015328991953100338,5,0.012553128916393676
399,0.2766427099011552,0.05952897004183958,6,0.014743628995068458
400,0.24669853158172164,0.10355842023031323,2,0.005027727563747632
401,0.19540012850125768,0.03347828628666148,4,0.010794080275770165
402,0.20318913874094544,0.05979220542832093,2,0.006148418366274111
403,0.19242698549607923,0.021079570111300096,6,0.014010820201907572
404,0.31507835892256414,0.05545978994955189,6,0.014502490512097569
405,0.2271483470767536,0.1098677755087323,1,0.0024603585450434532
406,0.3274401673454111,0.2033436659531227,0,0.0021505782618546554
407,0.32765093664878825,0.03323584410123977,8,0.018468794076658787
408,0.12127542650562924,0.014834854591390181,0,0.0020639466936188964
409,0.2907631414256869,0.15848846092488802,1,0.0030989475103441193
410,0.1743610661048786,0.04039857383222966,2,0.005067967829446818
411,0.3142334299995052,0.1776797522849095,1,0.003113401700560224
412,0.2712573963100821,0.13060807167633284,1,0.004202558592928935
413,0.226003338642004,0.017549133086102862,9,0.02225762835573915
414,0.23310580026529842,0.06809968776794463,4,0.009280963263494214
415,0.3071735299024015,0.01838107890725245,9,0.02386690436540483
416,0.2695533105846712,0.04428287782835381,8,0.0175668461178639
417,0.1572006833918421,0.015145556294692546,3,0.007055773637176027
418,0.28039595569444176,0.056098507044124335,7,0.015353655903433568
419,0.13941883914310674,0.024648861367759383,1,0.002768305480874068
420,0.3010255099170635,0.08306769687634911,5,0.011469656128792487
421,0.18819923482316303,0.07807721901249738,0,0.0021072043757552274
422,0.28124014329226327,0.10695627183911406,3,0.008008693275489568
423,0.21627650225804407,0.07110826175626969,2,0.0061144859146438505
424,0.2602776658997406,0.05480406278142565,6,0.015091349495059766
425,0.2312111383535036,0.12746219589754362,0,0.0015194606391473774
426,0.32057552974028203,0.10720377387665733,4,0.008992179909730941
427,0.15580782643316662,0.023939709490688042,2,0.004991355741176734
428,0.24429720753491194,0.04689110261074282,7,0.01563285241222039
429,0.2401820739624951,0.05860886179961689,5,0.012384934748825575
430,0.34160984501450653,0.058113886139620825,5,0.012811467410287844
431,0.3313801661117102,0.17709982942846797,1,0.004113057432210663
432,0.25924319195945167,0.06052215230716482,6,0.01388392522199992
433,0.15568669706749957,0.04326486991640692,1,0.002455034384533419
434,0.211384398226925,0.09946006771166431,0,0.0021313388508721
435,0.1836656436087714,0.01992244539693322,5,0.01212333229851778
436,0.2046352475151589,0.038439694185866534,5,0.011405510264009782
437,0.2788365676479563,0.16407863897562183,0,0.001942411609892569
438,0.25136128479475384,0.04714125331383344,7,0.0161874737663396
439,0.349296411301607,0.06633291691367149,5,0.01131483553350813
440,0.19214463175517063,0.06930128744519769,1,0.003284739167229631
441,0.2353224185122212,0.06449340592852915,4,0.010385169932166148
442,0.1669453102240198,0.011632263018839194,4,0.010369562263796837
443,0.18021338301827552,0.05026310781426036,2,0.004341866120415964
444,0.242369726265145,0.08530149995848318,3,0.007307483814198689
445,0.2022516732921416,0.09047498800060241,1,0.0021673438322407012
446,0.26734982471406793,0.054260623279111096,7,0.015500755042748643
447,0.1318555236855351,0.013297034092428968,1,0.003243533542215384
448,0.2642020151719553,0.12415258858625779,1,0.004273748866296108
449,0.3119987405978492,0.19453494707454191,0,0.0018918014007041726
450,0.2791858947478074,0.08483152335298434,5,0.010915369566191319
451,0.29970275995190065,0.14856621874531828,2,0.004639480263202747
452,0.2589466985383273,0.0752860529064674,5,0.011070854647050208
453,0.3318424272121227,0.12518748132857604,3,0.007625880160502698
454,0.2447647169357733,0.10456932839338029,2,0.004680989699410044
455,0.2565342215939441,0.032258939080178524,9,0.02013950662774361
456,0.3411261077343803,0.03641616697715652,7,0.01705643498490489
457,0.1700482324236723,0.032137442797599586,2,0.005870797683484173
458,0.2878758968996418,0.1256309826195841,2,0.006197455243827891
459,0.34729802297690693,0.11011190633055057,3,0.007984462035473063
460,0.14318161212532593,0.027523693966504392,1,0.002842706859148648
461,0.348662022954779,0.047859632602154936,6,0.014183974611076493
462,0.3069969531696261,0.10046292634432165,4,0.00967330963411834
463,0.34610285642481703,0.1436399961866105,2,0.006466362301105941
464,0.18762163011015023,0.11764254086653937,0,0.00043114171595145026
465,0.27225675657856985,0.12645626736022444,2,0.004756121080847651
466,0.2911725193293633,0.14022293783329373,2,0.004843928016325006
467,0.12190998962738984,0.0062923574707299205,1,0.002950637341530152
468,0.12352472882706574,0.012679505023911618,1,0.0024451939950387125
469,0.166214748136869,0.04853128881458548,1,0.0029196432464961754
470,0.2940850142543978,0.11282537924022425,3,0.008081535777081554
471,0.335037401180423,0.17514276014064173,2,0.004420336752508841
472,0.33969457108300816,0.21939151077052424,0,0.001854246215568032
473,0.23319717283767752,0.08207433364240628,3,0.006627360320553883
474,0.33568380892004185,0.04673068333217978,6,0.01503241654429612
475,0.29275710726283255,0.17726057814767665,0,0.0019019337842559358
476,0.20283782325755526,0.040833162830067146,4,0.010365291454834778
477,0.3477267562027542,0.21224620496784155,1,0.0026003096638267265
478,0.2276241553464695,0.1158270856051722,0,0.0020368539624370215
479,0.16756613796347875,0.02152606584059642,3,0.007734410470071911
480,0.33793685411809465,0.022771415447911236,9,0.02128295788022081
481,0.28589299302284893,0.1637813112059214,1,0.0023751199054819244
482,0.23291551024006324,0.06684200227909931,4,0.00951758942593147
483,0.1840496813147221,0.03918491772590063,3,0.006968292327449153
484,0.15964124696509763,0.013487884019338578,3,0.00800971481110966
485,0.10983195517816526,0.027417526896724644,0,0.0007861351286885149
486,0.30606920208441957,0.1806254329836775,1,0.0024231892342380895
487,0.1578766512685957,0.032059816888158454,1,0.004001828852823473
488,0.29858009971080984,0.11524148772585104,3,0.008023897262515435
489,0.3089315309623061,0.054265969693420076,6,0.014954061952103668
490,0.20855938915951647,0.036117621398824795,5,0.012915780754415747
491,0.24843689638360628,0.03887294848527345,8,0.017989687430317612
492,0.2504479098112855,0.031231462830929375,9,0.020147228398342827
493,0.25897982704778433,0.06686312461971738,5,0.01263810077920666
494,0.22214408260931362,0.022337893510440507,9,0.019993005567403386
495,0.20214477359085478,0.06611223521937448,2,0.004921586110172627
496,0.3478490547555811,0.006373124317407677,9,0.02836639237066461
497,0.30461946063797496,0.1794910231759671,1,0.0024157038804899643
498,0.21573094524394285,0.10717193277074372,0,0.001871064619665673
499,0.13112525301504713,0.00812295819037526,1,0.0038419573817907145
500,0.32271285545396816,0.11920439529723728,3,0.008098492544489974
501,0.32628872743723875,0.11496250965759533,3,0.008352402425581327
502,0.3256232886780729,0.04134563526406153,7,0.016610013477395862
503,0.2685420970805968,0.13102062240845325,1,0.003920061525991755
504,0.2708175945185488,0.11328186384821101,2,0.006260821321540004
505,0.32313674934858927,0.057348584370992925,6,0.013842554651918507
506,0.10603291577734678,0.01239037476519761,0,0.0012559985824008612
507,0.16951502075589703,0.047435280814872145,1,0.003396869462327522
508,0.3356992912315951,0.020925484670768713,9,0.022030692518901572
509,0.23965765966241553,0.10831739877431354,1,0.003700650157636831
510,0.30954042463680226,0.0728311703666212,5,0.012414160641072185
511,0.20953590872591804,0.010099868063957062,9,0.0223615743276161
512,0.1867629225236474,0.07905033435787198,0,0.0019337966961859702
513,0.3047827110958044,0.09387043201634082,4,0.010312786096354975
514,0.325047200107308,0.026091576684097763,9,0.02064649933695401
515,0.28565292997391584,0.11333328462704385,3,0.007511580279202882
516,0.1038219545569755,0.005824464474052294,0,0.0015032621049380925
517,0.09731071857314257,0.0037433903625401846,0,0.001262359130913749
518,0.1855926095335053,0.007785897282457044,7,0.01720459253832955
519,0.2505803800229809,0.044217651534410596,7,0.016819951840883796
520,0.3433223148525629,0.12066401061820424,3,0.007608117192023248
521,0.33250270583212627,0.09250929894547547,4,0.009694070753031133
522,0.2609880789644289,0.04054135482103509,8,0.01821845880684641
523,0.3025224467683536,0.18858126842975032,0,0.00175735979650561
524,0.29566850889844365,0.04127202704407126,8,0.017845483694678296
525,0.34707344291125897,0.21887028389831886,1,0.002203728851978246
526,0.18093440776216874,0.0539169016682088,1,0.003917960072440527
527,0.11688933611343981,0.0019511769137971636,1,0.002897979608642386
528,0.2021966395871631,0.02083395020113714,7,0.016531326764393794
529,0.21113120295021423,0.015173267748914778,9,0.020647119859616446
530,0.34794273657867714,0.019586522723359867,9,0.022127269624330995
531,0.19559211436606538,0.062276203188931574,2,0.004618558788495348
532,0.2601706776329987,0.09627699188664231,3,0.007632910180699015
533,0.1139369673329144,0.004699479120906153,1,0.002328582515288692
534,0.10815093010076034,0.0026398668860586213,0,0.0020240451137358228
535,0.1610205023420325,0.018127241909521613,3,0.007156357844099547
536,0.26415505841418896,0.037505421842252626,8,0.019018268176405437
537,0.10364184445605512,0.0003573650569837449,0,0.0018614197581725246
538,0.33494448114065356,0.14361524038261841,3,0.006509212355757241
539,0.18835278871528055,0.07730977839845807,1,0.0021787828816651174
540,0.3087395093430768,0.18693737773167024,1,0.002167716171308467
541,0.2063832489881026,0.03028023504852857,6,0.01425754236072118
542,0.2741996704999542,0.12301591294285824,2,0.005341915718513118
543,0.09343537594391171,0.014489907892345295,0,0.0006871850727390949
544,0.11207073133186195,0.005062564871432604,0,0.0021374770903778138
545,0.346375117006632,0.21524419436813028,1,0.0023700468729560215
546,0.13066225233149747,0.02394043312185401,0,0.0020586157976964837
547,0.2842625472442996,0.14263819279528578,1,0.004050661328493768
548,0.2620101253270343,0.06334194433395995,6,0.013521766172934704
549,0.15899187134157627,0.021041288505328763,2,0.006102842292985729
550,0.16094008815380853,0.007390222212072747,4,0.010095985455141907
551,0.11070502721136624,0.0030803875803788565,1,0.002194352387203746
552,0.16757156711252782,0.05375606886117169,1,0.0025243446448749134
553,0.24883711561259972,0.042221644859495575,7,0.0171772345109993
554,0.11273737452122568,0.008219108286303857,0,0.0019343189699141108
555,0.28586081927310564,0.16232200693877502,1,0.0024767625036339704
556,0.2821255621535001,0.16033893811038166,1,0.0023838186646969167
557,0.3398228511361193,0.21200160284178424,1,0.00225082154015775
558,0.12171910552336256,0.0005332895170240756,1,0.0036550173769845117
559,0.16573341605033268,0.031033890502573658,2,0.005343137886078875
560,0.3182798642236765,0.1953287715144996,1,0.002159903527158654
561,0.3173615020602754,0.047865170719681945,7,0.015686228681353165
562,0.26175882796659106,0.12314431991690301,1,0.00415910284875645
563,0.3480070183869817,0.22428619891708898,0,0.0019638451457720434
564,0.2162460773487151,0.08200356023888353,2,0.004415155060737792
565,0.22381648595150522,0.07209402280424411,3,0.007064011868107462
566,0.26347558800354126,0.14185461055890117,1,0.00252878820523663
567,0.3248216789293513,0.0284762407192082,9,0.01992367140358943
568,0.30132217351398066,0.1560563972306847,1,0.0040531191542246695
569,0.13146159625566056,0.02155833672080505,1,0.002327689943914621
570,0.2639522711478271,0.06042662274161265,6,0.014184170842068187
571,0.1308389399762944,0.024369587729858186,0,0.0020378143018482185
572,0.30933403086901334,0.03982147236145783,8,0.017653802085324268
573,0.23797557982772197,0.06731968556304774,4,0.01016179106862757
574,0.2066028659562091,0.07153625871442013,2,0.00469574948152466
575,0.25233898085570644,0.06224475833228046,5,0.012972999750710748
576,0.21383283782164925,0.05868367666568205,3,0.008148341308747264
577,0.20049200969687006,0.03914139046898665,4,0.010328038225790563
578,0.10516588602223437,0.0008879954625994805,0,0.001933671252319434
579,0.1080842511513958,0.0007241769648124489,1,0.0021788808269009373
580,0.33868064039286433,0.20676697039536382,1,0.002497481779690279
581,0.12618051577635025,0.015221469410720155,1,0.0024458153684672737
582,0.17711387222856562,0.05938720089229361,1,0.002850513734655805
583,0.26442903203444185,0.12956887033876546,1,0.0037118543226543057
584,0.3281179704499754,0.1510307247908307,2,0.005898397227551003
585,0.16549564501457933,0.02424803699622592,3,0.0066665264350995726
586,0.23511872455031688,0.12089938621569103,1,0.0021695193230508777
587,0.3243102885495605,0.20293899313233166,0,0.002021957407943017
588,0.1729883969674159,0.05244147589757446,1,0.003187172818505762
589,0.3017126358780451,0.17964868563263256,1,0.002240714852005954
590,0.27359783662497233,0.11844013443705442,2,0.005853670195128322
591,0.26478910629173935,0.016308043107592318,9,0.02515268605768683
592,0.19955815523069273,0.09080165962691508,0,0.001955207064735036
593,0.13511827007782432,0.02299719349184634,1,0.0025207094613458074
594,0.25176174744769947,0.0953000128629865,3,0.006828842119790063
595,0.11779593385973651,0.011792294542341798,0,0.00203835583400559
596,0.2407701781010299,0.042056093543244424,7,0.01648729054358491
597,0.24469333238739863,0.05108221957235195,6,0.014668385243080683
598,0.12236931293351837,0.013959934225551293,1,0.0022267601297566303
599,0.28586668102862833,0.13258138919734383,2,0.005244285045499299
600,0.29599567590392273,0.12234613088668797,3,0.007123937221827149
601,0.14751764692296418,0.0057872179172714505,3,0.007217337704657061
602,0.32709704794206373,0.1714456250946619,1,0.004321724416828197
603,0.15632446629750885,0.0075048007773714535,4,0.00885355599980217
604,0.26233482462770474,0.0488765896748782,7,0.01641426415117779
605,0.13671159479846062,0.01264355874151727,1,0.003949971322854644
606,0.280231733310421,0.061650573754413046,6,0.01442426411444732
607,0.1496590521163207,0.0014873951670388817,4,0.008899463418244982
608,0.24002322596457537,0.054342735285973526,6,0.013354498429010169
609,0.20026714647344823,0.03260017150125457,5,0.01215719809151108
610,0.1941806143057808,0.051209196843190634,2,0.006302731955208808
611,0.15602874861704918,0.0011585707432566605,4,0.010759474350490385
612,0.12363520905732873,0.0008489285226959575,1,0.0038698172447944245
613,0.3400930808542481,0.20949743723766856,1,0.0024054201427807028
614,0.24888884421623142,0.043103191293183844,7,0.016964406491108364
615,0.19137483155762347,0.017589242630099162,6,0.014984810539740708
616,0.24751534285995438,0.11986257933077213,1,0.003215634265628118
617,0.1513572238768741,0.04563354293431447,0,0.0019161253558547292
618,0.3342785531037876,0.17437677604715862,2,0.004441894431241721
619,0.15353554752049547,0.03536681319924893,1,0.0030574445721499007
620,0.13574940903826885,0.025501479340501062,1,0.002342453807417454
621,0.2811058038222841,0.06995501607845248,6,0.013139208467446104
622,0.15406147560974254,0.048354054323925574,0,0.00190621815361249
623,0.2605823572101766,0.05801839820664569,6,0.01446353030924864
624,0.18078638830746158,0.022926358998500547,4,0.010441885750602493
625,0.16714319481250364,0.023856407366945845,3,0.007085765475896787
626,0.349375564887797,0.05374084032962043,6,0.0131023468418138
627,0.13896404693999562,0.02109792367178708,1,0.003115901970579486
628,0.1438018748864599,0.021265141989414024,1,0.0036729829122966015
629,0.28141179811086753,0.1191393962978762,2,0.006459490342171355
630,0.2098997594002616,0.07128490274447594,2,0.005175647770416776
631,0.21389942141094337,0.03139285753141052,7,0.015481035863236946
632,0.30707766603988235,0.07196707362335658,5,0.012594949288792212
633,0.22917900872370434,0.028256781444224388,8,0.019060580159409
634,0.3376870323449918,0.05464440995947277,6,0.013542211358183691
635,0.264865175239777,0.06801232717399096,5,0.01284208139467962
636,0.3036458577419823,0.15153667489991068,2,0.004629880498598484
637,0.10580758904480705,6.130709961555318e-05,0,0.002049058065412981
638,0.322894621336769,0.16472602490552896,2,0.004631253057358014
639,0.34025655673419103,0.003122223485505108,9,0.030369971198265077
640,0.3208107047282067,0.06876370891812071,5,0.012437857392921388
641,0.2821233797142674,0.1029165631599064,3,0.008602712961057909
642,0.29266295870201237,0.05173034373514058,7,0.015931606953109082
643,0.1194680071905274,0.003929120690906227,1,0.002953782448682358
644,0.23099524274175598,0.12149746168844841,0,0.001864051293399997
645,0.2270744767667232,0.1057853469377741,1,0.0028127465219370267
646,0.2970085681965112,0.17252926588071818,1,0.002441860691535842
647,0.15675181150443304,0.030787020941377082,1,0.0040348680572545575
648,0.24138772442918421,0.10212974471394477,2,0.004627839375968548
649,0.14768174166539383,0.021281825001705203,1,0.004194077856907852
650,0.3366647250485307,0.051055324502920524,6,0.014191625491075057
651,0.13792832207570752,0.013030144597229208,1,0.0040624127596920094
652,0.19969718059309055,0.025350334219550866,6,0.01434843366260089
653,0.2232106038262916,0.05547112692578957,4,0.010519462364452175
654,0.3051805152502481,0.057164411731327906,6,0.014647246582995896
655,0.24307499440210545,0.07506688482117728,4,0.009289791823967112
656,0.11368829401191156,0.006477424158429521,0,0.002150075219979247
657,0.24186988528496486,0.08792646468527257,3,0.006796363650858179
658,0.14560861541953737,0.01949616036580625,1,0.004171604695503374
659,0.24136671084934486,0.05659128423350831,5,0.012999487400821162
660,0.2757314232870085,0.12908659531379543,2,0.004768999758382377
661,0.20845089932082303,0.06592870862503852,2,0.005857383019358118
662,0.15309312742811185,0.022992483187191066,2,0.004724516746887011
663,0.2597560788470231,0.02798300056493987,9,0.02140677672999193
664,0.2990129219136701,0.10804467865782474,4,0.008802296486889464
665,0.29684134423774794,0.08861238622820879,5,0.010867024991671583
666,0.17268503897412155,0.05617653988520211,1,0.0027557526352277695
667,0.3196313284818297,0.0922757887479644,4,0.010183104917750653
668,0.14419622839312812,0.03524442346928928,1,0.0021965939692655625
669,0.2740813927104825,0.05265875890653255,7,0.01594243184242041
670,0.32077952322165176,0.045088400064888165,7,0.01605902591332363
671,0.20265360195266477,0.04312489672338149,4,0.009724101919687256
672,0.28243881482990135,0.09149813751766636,4,0.010143142728105863
673,0.34623081185672067,0.22839989488315146,0,0.0016927447818521533
674,0.17286420854665968,0.029275203583842113,3,0.006999913367844382
675,0.33802777789192806,0.11014770227816892,3,0.008338648856350106
676,0.10777061264002942,0.0006447101457371159,1,0.0021595581315381304
677,0.1779443545077117,0.035085183537862774,3,0.006703720239702151
678,0.179095199929397,0.016305641290809858,5,0.012117354101305516
679,0.3068923854337819,0.06951889257011196,5,0.012896259416881686
680,0.30825167943798826,0.184400465029037,1,0.0022998048135874235
681,0.3464370045303558,0.22454199235172165,0,0.0018851075365578862
682,0.30743436947221164,0.058514855991273144,6,0.014358608278381807
683,0.20027632023924963,0.008422116059251162,9,0.02096667410668097
684,0.339516748222921,0.20263222070880244,1,0.0027878663929794293
685,0.22754247829134705,0.11162249026830169,1,0.0023470598183864
686,0.1953027269909036,0.03753852429390834,4,0.009650236859921597
687,0.3205639705118564,0.1554723091292901,2,0.005265287137795815
688,0.2734244904921354,0.15448558224393918,1,0.002252063087986291
689,0.26056047217859535,0.08991229738092318,4,0.008698233586548572
690,0.13174773163732267,0.023148626947613212,1,0.0022115474368619215
691,0.26088729082283246,0.0800517325327551,4,0.010403726575602444
692,0.3405052327213476,0.10782865710870089,3,0.008379140437402595
693,0.22885159494258517,0.08690289302388832,2,0.0052739793351730116
694,0.2988586745795576,0.05588868287690051,6,0.015063052751396059
695,0.3252939657576449,0.0649947639574858,5,0.01268948266703233
696,0.2469006819820407,0.13747715631369747,0,0.0017850592915256498
697,0.16919023494527602,0.018145976991381454,4,0.008999243549796806
698,0.16864959411535768,0.008915179346950908,5,0.01174016032662482
699,0.23114144143388266,0.09955527390247829,1,0.0038489045691855513
700,0.10841851586025689,0.0039058214674478012,0,0.0019443036007045875
701,0.22865945486394013,0.11895025354571936,0,0.0018888827678712847
702,0.3410197823108823,0.01291757590837626,9,0.025187567001851534
703,0.2732163570652804,0.16083675771685005,0,0.0018309296425257982
704,0.22588522415741244,0.007893891452214087,9,0.025982106125994588
705,0.3053748195468702,0.182840615087803,1,0.0022405563862198242
706,0.2521350422561758,0.05267082530503537,6,0.014996072951080948
707,0.23796945045092993,0.13058580371890918,0,0.0017014015647514222
708,0.2212436869316794,0.10540924680280885,1,0.002381113225432716
709,0.34627101641804936,0.07047784784155042,5,0.010990299790037805
710,0.19775023205989026,0.03799089532354839,4,0.010053947871887717
711,0.27155455979531534,0.15923943622406833,0,0.0018360402345594933
712,0.15605739598503424,0.028156708239298233,2,0.004332850600294582
713,0.2859933992096934,0.17058675979582788,0,0.0019382237367861204
714,0.11789094270459537,0.01354727181890388,0,0.0019082112419309056
715,0.337540313660459,0.20984851581614744,1,0.0022650477876488564
716,0.24311694521031074,0.05332180190843464,6,0.013968918023006463
717,0.2911284808488298,0.12081737000602823,3,0.006991531294366031
718,0.12588613417898256,0.019454884362371683,0,0.002049673890436043
719,0.29103907061828016,0.10831889841027557,3,0.008448482983785288
720,0.33092391477312777,0.05614106108646976,6,0.013645570298437432
721,0.3130703048956917,0.04999575851932919,7,0.015494674360325951
722,0.31610698578539165,0.11852471065899736,3,0.008143045499286263
723,0.22012625541072958,0.06042405505192483,4,0.008848211757490659
724,0.3399750116723046,0.06588666217834165,5,0.011848109369831595
725,0.10810539568036057,0.0011942657625883296,0,0.0021402689464736216
726,0.2501064642069081,0.09593164141400708,3,0.006532995483925168
727,0.13149190590905316,0.020549188206725265,1,0.002423340458649525
728,0.21799099483233608,0.0159737446332723,9,0.02161825911973707
729,0.1541934617952038,0.018028823632108715,2,0.005828428420090293
730,0.3486312370006572,0.09253804380996161,4,0.008951651549242913
731,0.21460730194636823,0.04748370799344422,5,0.010958392506820045
732,0.2178234094529539,0.05999611859505478,3,0.00854969015856758
733,0.28084477143541564,0.14351199060847722,1,0.0036935807103861138
734,0.23239627980157157,0.047466145469943634,6,0.014016590849089208
735,0.19910310891312735,0.054088054318711755,3,0.006568051503560739
736,0.15766028339302962,0.0012359812451860684,5,0.011210837428016452
737,0.2670569743364095,0.07578382181638274,5,0.011635553383216108
738,0.14889317250842332,0.007825303673704424,3,0.007022423914020008
739,0.18136037174357156,0.06569660211445313,1,0.0026190952176244468
740,0.3394416909591107,0.052743110048201425,6,0.01376543169311177
741,0.14633978989784913,0.03616122099508795,1,0.002293985141692195
742,0.3078374491335425,0.15655777042946734,2,0.004447177724614861
743,0.21377286269636603,0.0453371698086594,5,0.01136400205665086
744,0.14194478358672125,0.01337442448419724,2,0.004604473137006795
745,0.2907898262136182,0.04162306852603362,8,0.01791523357018363
746,0.11855943332109613,0.011844584489889684,0,0.0020943291310091075
747,0.3483660357910637,0.19003220337904106,1,0.003970663922087655
748,0.1722544475945847,0.036752532929286943,2,0.005375039056252668
749,0.2533356356720678,0.04811347085212401,7,0.016104385332259323
750,0.1763193716948016,0.042191250706652396,2,0.005063750336136122
751,0.1567130571008305,0.048201928259369475,0,0.0021126154553003634
752,0.23927162350836859,0.12797647093902223,0,0.001941864078935314
753,0.3260155421943253,0.06351309733696817,5,0.012844832278493328
754,0.27266763928796445,0.06182286360353548,6,0.014271789873357553
755,0.33277127677339274,0.2161937015093382,0,0.0017155463015683472
756,0.1726613877002958,0.010314560781658768,5,0.012398945793326862
757,0.11483936097551418,0.009684175140511946,0,0.001978638344644406
758,0.20105400603227772,0.08616892632216719,1,0.002428297487311885
759,0.2661451395141633,0.1495314590554735,0,0.0021429350300657185
760,0.2025992867619231,0.01033661685978855,9,0.020721204287225316
761,0.3007751441512483,0.08922101937306151,4,0.010804835393890332
762,0.1914655707031627,0.012417281207993928,7,0.016988867290896745
763,0.27096493649151004,0.07315809148833526,5,0.01230383425415678
764,0.32316920730959847,0.17177211058850123,1,0.004089738973477625
765,0.18953437433947032,0.0052671002543347376,8,0.01944404782206366
766,0.2232384992021444,0.08551198621422682,2,0.00477631311846541
767,0.3078781698168225,0.18772603734804355,0,0.0020746828528809603
768,0.20920522906154296,0.10382115316355794,0,0.00169266845779189
769,0.25989493046767126,0.13684761881905436,1,0.002674600578850554
770,0.24691966214179753,0.032773602792858306,8,0.019505149523673035
771,0.33141127751270544,0.10981620572688748,3,0.008568463586630765
772,0.2719955024875222,0.08066529414686467,5,0.011158083652190042
773,0.1327739884765705,0.028386591038947986,0,0.0018725283805089096
774,0.12478461146868423,0.012021054259940898,1,0.002629357052752968
775,0.1118736973610643,0.002739019943695055,1,0.0023258250145003086
776,0.267027375459562,0.03140907889121003,9,0.020586809967640306
777,0.14880990853244502,0.015463500164169329,2,0.0053660993283228325
778,0.23826225032743814,0.07088534317896746,4,0.009460862029105739
779,0.3351085095968672,0.16358912223387112,2,0.005224836472697193
780,0.19969145500560773,0.057221645140440515,2,0.006067031334818931
781,0.1913881890611989,0.0483595946851959,2,0.006386632345093875
782,0.3317893288785758,0.032166573554090694,8,0.018582530476934155
783,0.22791874662606207,0.031681471109299156,8,0.017817189270835455
784,0.309451621972105,0.06773854591713543,5,0.013028063933921427
785,0.17154225666196996,0.01895129140216112,4,0.00933987347543004
786,0.30274284372713045,0.18219589820654075,0,0.00213720125314026
787,0.30981259293443175,0.1900105901173505,0,0.0020398135871660555
788,0.13401952410590084,0.0002855524671944609,2,0.005669730663432075
789,0.29300635927998864,0.1798833472704462,0,0.0017657641475858294
790,0.12215355561262613,0.012032224835023102,1,0.002382041902487803
791,0.23979605081624905,0.10005496010404039,2,0.004723581027092926
792,0.10754607683956459,0.000398163808124824,1,0.0021620712334494687
793,0.33138650944915266,0.14109183316970855,3,0.006641479179873581
794,0.3377157879439898,0.03496053561121129,8,0.01757986449054515
795,0.2904104932397988,0.05188405306734437,7,0.01595902266890206
796,0.18508746319664002,0.017214024032125873,6,0.013428917284937189
797,0.13315400786458317,0.007631945932165129,1,0.00420281590507909
798,0.33971828355725325,0.09891710360390642,4,0.008945698535635906
799,0.13505369554759433,0.021435803289258593,1,0.0026702489787424214
800,0.2758106051695489,0.08872666651593553,4,0.01016968900226759
801,0.323917756592066,0.040524595213235155,7,0.016867221930009706
802,0.2866650960095817,0.13762623072420377,2,0.004760193657532436
803,0.2056630270747963,0.03920412363960937,5,0.011407226879738445
804,0.26741151169622285,0.14562254246614417,1,0.0025082484473753905
805,0.20081333816356584,0.04964385424961097,3,0.007801235467139725
806,0.2768100174209587,0.08403620814171778,5,0.010915069892746885
807,0.3083164714509489,0.08455489155317146,5,0.011190362265155547
808,0.23897354425330497,0.06205810192288341,5,0.011445161014823102
809,0.3358396392792192,0.06630418421561479,5,0.012007205057430635
810,0.3453602103348076,0.038795942107644185,7,0.016281123018597757
811,0.15871083377980572,0.008820967839417073,4,0.009075958339248649
812,0.3318111467398812,0.15677707003819807,2,0.005595355707003902
813,0.18311013268378235,0.037436331816314436,3,0.007173734826841958
814,0.3452503804220605,0.02869622430226027,8,0.01903830754933233
815,0.2971465056981085,0.17034341076348014,1,0.0026041078982275896
816,0.1297162507999073,0.0007420944804985823,2,0.004815014682885354
817,0.10740313519790351,0.0009459590801517916,0,0.0021038124673075542
818,0.2951998265420232,0.049299329972898966,7,0.016291800675125513
819,0.342881175798298,0.07602094063784104,4,0.010588862050612147
820,0.3214400293003273,0.1909475284753177,1,0.00259971836725389
821,0.13278967348143242,0.010095957026731923,1,0.0037843905808068717
822,0.1944344654521086,0.059604827237863665,2,0.004870628759794678
823,0.29431859578634634,0.17482128416619025,0,0.002134709909790104
824,0.10767741772347736,0.0016956282194686297,0,0.0020636194498595416
825,0.11490045821814314,0.011565300314683679,0,0.001840147294468906
826,0.18434215861825504,0.00458361253255099,8,0.018198122689685386
827,0.12978984717898334,0.00783382917226924,1,0.003703840372899469
828,0.3498466998048722,0.22964328172571072,0,0.0017798597308125894
829,0.34910976041311403,0.18063295520525985,2,0.004557236830933612
830,0.15033667327283934,0.010283132631283873,3,0.006749392594677427
831,0.3076017751249989,0.14321053630723873,2,0.0056695200960275175
832,0.28846414785827146,0.0508733990334969,7,0.01617915031853962
833,0.24349430907500316,0.05728051467144168,6,0.013101687368763977
834,0.34095787911732095,0.21129825255879522,1,0.0023430887498469047
835,0.1985025004150807,0.08529373562887829,1,0.002301922430093259
836,0.31789596861488717,0.07105001379564699,5,0.012299476994745793
837,0.3231790717617056,0.044809187065023466,7,0.016003564826699398
838,0.1787650526179031,0.02198993407834709,4,0.010223515081676047
839,0.2087750138477199,0.020176886094912583,8,0.018264022505252737
840,0.30957797291522654,0.15379933035537888,2,0.0048063448073703
841,0.141301682729092,0.03514985471582197,0,0.0019804273258442794
842,0.32422136070687807,0.17065254054360265,1,0.00423378089782118
843,0.2523633254730624,0.07556626143956537,4,0.01034199276948512
844,0.17194095685371255,0.025690881983340484,3,0.007650017878155859
845,0.28978482349056667,0.057391757529497725,6,0.01504908430612676
846,0.3019757439804245,0.13229401844006297,2,0.006418039811187499
847,0.3491635690973987,0.22577305626387623,0,0.0019384495057447628
848,0.173418659171337,0.008427318514156491,6,0.013306131249471146
849,0.23693757195451223,0.09885105278938577,2,0.004561840504072593
850,0.32361292068782305,0.16749338110323445,2,0.004449088141249733
851,0.3466325823295005,0.21855622517621123,1,0.002201059913222963
852,0.11189664170159787,0.00954687125080167,0,0.0017756099239163927
853,0.20939561969811193,0.03616725106230149,6,0.013076749491159277
854,0.2964461933069479,0.15984253699303286,1,0.003380392564792824
855,0.33931345795201356,0.14603247091424917,2,0.006383218623405867
856,0.3169433692277479,0.07802419260213353,5,0.011585686875618251
857,0.12871640684878455,0.02044872706001822,1,0.0021934325525505864
858,0.3385154539346414,0.029119132563818578,8,0.019181941032113504
859,0.27840891297462483,0.15970962221082932,1,0.0021990763183388634
860,0.32507299848872556,0.202214754228735,0,0.002099512815001278
861,0.3058958127641017,0.108598112291654,4,0.008900203049136806
862,0.27557140274603303,0.0010920106958475836,9,0.03171403495453598
863,0.18217278529004638,0.04782504429475239,2,0.0050024305071319055
864,0.28927059532613897,0.1256548587519611,2,0.006300417632374817
865,0.3462827944834403,0.05626393845907813,5,0.012854163953473446
866,0.30249621465525667,0.08648523374635837,5,0.011084615965361462
867,0.17087954491697738,0.002637835825824042,6,0.014781955539758664
868,0.19734516650353112,0.009291572763911548,9,0.019852105192406863
869,0.30045980129075456,0.12807979683153758,3,0.006765719302715001
870,0.15677443023493498,0.03363169212731554,1,0.0036432088943814524
871,0.14375236396625637,0.019485092240261407,1,0.003915883349906327
872,0.12760383280975698,0.0003171580038651804,2,0.004544691650147512
873,0.25690582277493706,0.06584667404627866,5,0.012662694198725982
874,0.34427025329107086,0.17718681699046313,2,0.004624725137766794
875,0.28399269741306615,0.036801838444423265,8,0.01914099153692258
876,0.33330202688969385,0.2020722397231807,1,0.002515637451704062
877,0.17025784584388198,0.02858011424387492,3,0.006644391476732731
878,0.20083928423707958,0.04462997305542388,4,0.008979894106599823
879,0.17474803055079743,0.006749564707431099,6,0.014346973492442048
880,0.34572543894892155,0.18158112528569015,2,0.00439874463826422
881,0.1811667004786857,0.020736040211021947,5,0.011212990928475754
882,0.2646662302447449,0.10892368718696561,2,0.006240544650167997
883,0.2968381027899504,0.0808628082793339,5,0.01175637670947533
884,0.30577574741083413,0.15813414792303063,1,0.00417051361594696
885,0.34354823974635834,0.0351217443299886,7,0.017281111433042996
886,0.2748850269783116,0.10339133206070368,3,0.00799300354863747
887,0.28717549145233856,0.13967613119728425,2,0.004585710678230962
888,0.2979962804736254,0.12069246243248127,3,0.007413527400473302
889,0.19838457550592026,0.04008106640822791,4,0.009632813437377588
890,0.16962471994585956,0.053364663979368746,1,0.002749933466853318
891,0.1504613715527936,0.038011199831441515,1,0.002482541745895428
892,0.3150089907414679,0.14209626734752295,2,0.0061445665021366965
893,0.14445593737780607,0.005763463772099274,3,0.006561927474007152
894,0.2396502075108533,0.12094642718193388,1,0.002486732463049393
895,0.20543942077499794,0.08230082405855507,1,0.0031931476847226474
896,0.2980012435488728,0.17707574895486922,1,0.0021975502241643958
897,0.3311235036156071,0.10031378890103848,4,0.009195125709962806
898,0.27947654132586175,0.10108898959972587,3,0.008667235233182193
899,0.2860974079306521,0.07206205644897616,5,0.012888340953709545
900,0.22938796210183057,0.015279897044742217,9,0.02351559876197412
901,0.31164922233955755,0.15631421494569206,2,0.004708513442327853
902,0.18597825444197635,0.07580695585251179,0,0.0021211937213666586
903,0.1641358042989395,0.0197110195870079,3,0.007439073749029354
904,0.21892912454093935,0.020614538330668862,9,0.020070270641353322
905,0.18125685169679842,0.004873179597840461,7,0.01712466926101135
906,0.19930807539410855,0.012432713896420622,8,0.019052143863869487
907,0.1505976252783976,0.03519507351652769,1,0.0027743797764296922
908,0.22780202182655576,0.0738837348407533,3,0.007326369287291721
909,0.15370818058947738,0.012818528813416614,3,0.006866535831232032
910,0.3475748360574112,0.04337410742679203,6,0.015143141604583738
911,0.1354934100034643,0.026740906089547836,1,0.002211526859280006
912,0.19105820893208572,0.04867062649955634,2,0.00626931815308736
913,0.2731179800186694,0.08323331882488673,4,0.010827661270669442
914,0.2635605369001163,0.13958990364248572,1,0.002716367364984289
915,0.19899311620040533,0.03818136973339106,4,0.010269006082997837
916,0.10861451168391235,0.0014972521491803438,0,0.002156474969070875
917,0.18524494010832854,0.020891384702938158,5,0.012214305142913941
918,0.28712758199912397,0.06429746978336116,6,0.014012125252337805
919,0.31960275617650685,0.1800097429689649,1,0.003257943537552496
920,0.2945341046640338,0.1040056903164511,4,0.009096739448566631
921,0.2711261078375773,0.04847565579963862,7,0.01671897805264008
922,0.22192885933022813,0.039483059946989925,6,0.01452342004622398
923,0.23745852077268856,0.06580170932190374,4,0.010412152606902116
924,0.14559477436257787,0.036365593663779686,1,0.0022148170589368662
925,0.17650340755173152,0.029151874479759702,3,0.007771413562772189
926,0.3049673304652512,0.1078567649790722,4,0.008956963635511472
927,0.27797789076556007,0.11796980151704374,2,0.006311592116054378
928,0.25947895159605666,0.10900262678215719,2,0.0056856302836626365
929,0.17652459392123532,0.03967117778150116,2,0.005542124061202303
930,0.15936700894368724,0.01187792029529697,3,0.008375533675343577
931,0.13765953298657888,0.017561572493960134,1,0.003398187414306394
932,0.22791715022869788,0.07062417103243865,3,0.007972886323474478
933,0.3375338453707784,0.1404054305420042,3,0.006700005423502777
934,0.23693622469855127,0.023440083094960346,9,0.02148920605213651
935,0.1628570024034193,0.05269402005532998,1,0.0022233575784933526
936,0.2525895831066821,0.06611808354821533,5,0.012209078254420918
937,0.30841445696759606,0.06770562920297456,6,0.013069519739608534
938,0.2155567636772217,0.021719099451531877,8,0.019070851894245473
939,0.2511626903118811,0.032962654718254776,9,0.019711852912585034
940,0.26860769784435523,0.11435915925180562,2,0.005902757936034963
941,0.25456784855506753,0.02881078286016556,9,0.02101366397041762
942,0.3381017301038522,0.19747133403968165,1,0.00304406450816591
943,0.1762635857478347,0.009070341750759424,6,0.01390859371788361
944,0.15217630129224868,0.024237874509187973,2,0.0043835130513390115
945,0.25328857128916427,0.07052108871916904,5,0.011410181784847716
946,0.2094109511869911,0.07977823255066172,1,0.003909136459668474
947,0.3356274948854234,0.09776334108156456,4,0.009193389612030282
948,0.23022628844623214,0.07551505127187878,3,0.007379128808422373
949,0.1736572087657552,0.029606520831749455,3,0.0070824809120756645
950,0.15810939474559044,0.04461652501234422,1,0.002543639474430358
951,0.3338226888990998,0.04304838051829454,7,0.015864193385893798
952,0.2950533903861321,0.08900293296246288,4,0.010809328916906672
953,0.3404563487046853,0.17963586736645323,2,0.0043341629560225475
954,0.3338314578747849,0.20804441239887952,1,0.0021914292526368324
955,0.27541753020381604,0.12649537269767042,2,0.005039058080124111
956,0.19185742747279066,0.081839078221611,0,0.0020824887951515474
957,0.23288391843089207,0.13370359485505265,0,0.0012824477241531324
958,0.21918663138974756,0.08181488486285299,2,0.004803355168062832
959,0.30766620475329015,0.15786691336281797,1,0.004319113276911227
960,0.34210759332236174,0.22765715571450276,0,0.0015634631606546614
961,0.1619378334545016,0.0042934158716180955,5,0.011404263226418989
962,0.34776017181017926,0.054453202896089146,6,0.013066671232371731
963,0.2901972064291323,0.03949634112333893,8,0.018388532650689248
964,0.21217488851557642,0.02065715985937324,8,0.01879596804561219
965,0.2799537363862837,0.1576895394167255,1,0.0024364350316418474
966,0.2736032687718245,0.11453184547656493,2,0.006359181357419795
967,0.11361000907525252,0.0037975867413336225,1,0.002383055974454075
968,0.2167405009954931,0.013625843826387304,9,0.02230691629119996
969,0.24525977503422636,0.11382751585953954,1,0.0036328532880107794
970,0.24659535480390696,0.0388886094593551,8,0.017847534810660547
971,0.26014782560154187,0.04663672053285382,7,0.016807992988721585
972,0.31890996917873504,0.06445370160218308,6,0.01305487131655063
973,0.14183714667349745,0.01937044516088091,1,0.003679570465225864
974,0.24220555514447592,0.09158439132932987,2,0.006245651839321565
975,0.12011966552997294,0.011402652378767,1,0.0022612631509060137
976,0.26536377149852414,0.08898743984202745,4,0.009321399867336707
977,0.2027323092256961,0.07723487656013929,1,0.0034853468374686784
978,0.29705409859971454,0.13431582074909276,2,0.005898787790086066
979,0.17317889780482473,0.015908647589492207,4,0.010668247012943076
980,0.3209092419458331,0.05007922746404889,6,0.015124764775489458
981,0.28344502628683904,0.08613441552861874,5,0.010907797302476357
982,0.20239297809038484,0.0722944074573673,1,0.004063448755222918
983,0.17947252671133437,0.03302579785416343,3,0.0074612014857818754
984,0.3154158349945796,0.15745430217688025,2,0.004830059380282931
985,0.1765083028725651,0.05276301989353817,1,0.0035389410321437207
986,0.20079933422666738,0.025706489332819805,6,0.014490382009630558
987,0.3074631459703375,0.136692287911488,2,0.006282289765297488
988,0.3158645352030956,0.017887395556756395,9,0.02380559516559214
989,0.2825348260215638,0.11712945756655754,3,0.00680219379521717
990,0.2999727753626891,0.04852785993016384,7,0.016276747372003485
991,0.3162290326614663,0.11413682389505313,3,0.008494160794464072
992,0.3373196656357846,0.18220878489644896,1,0.0040290677072986015
993,0.15872309291303535,0.026017480716624387,2,0.0050963622402561155
994,0.34490270331364414,0.1799298764362657,2,0.004474213689580219
995,0.22381751091297283,0.07564748858059589,2,0.006419770814089139
996,0.18979219078942,0.016582376346576472,6,0.014932040699242697
997,0.294133216417164,0.13599992732590901,2,0.005513295515700011
998,0.13399857834172896,0.019081794072742242,1,0.002811801441749509
999,0.24963967540508425,0.02813394654358876,9,0.02098223642455571
1000,0.33674179600987736,0.21217491875945216,0,0.0020989455382728586
1001,0.22166725445039667,0.04922628523769167,5,0.01180708480250795
1002,0.1463733252509267,0.008272058425340807,2,0.006389266782398309
1003,0.15593105108319774,0.022236774621590315,2,0.005319660927460729
1004,0.3446471646746488,0.2161265295726782,1,0.0022437173113470025
1005,0.13496921659032923,0.015587707627606005,1,0.0033258216752425824
1006,0.252297193763828,0.05811495777845369,6,0.01383263581122948
1007,0.3098487230415385,0.18045136043142854,1,0.002653520942798874
1008,0.24812827726773792,0.08295673059437314,3,0.008466064573934697
1009,0.2746683016360335,0.15040452355201678,1,0.002634407823376616
1010,0.252336441758393,0.07949281663805849,4,0.009606745878417249
1011,0.3013621971249467,0.10942652636832256,4,0.008725779593174261
1012,0.14468414912911223,0.03103291750633158,1,0.0026268855934046985
1013,0.3398171011629728,0.07478128739894856,5,0.010866819028133199
1014,0.31282922178517586,0.06476208648747198,6,0.013276226155801504
1015,0.3169974469519599,0.0869031598563822,4,0.010731417638547536
1016,0.2756787612146413,0.1335602522175039,1,0.004272088143567745
1017,0.34099319875913364,0.17987094937443623,2,0.004339321189066062
1018,0.2748260133980966,0.0457127737463663,7,0.017303331516860684
1019,0.21500012930920548,0.08893540904218546,1,0.0034171464823588285
1020,0.11433900695952562,0.0008209035629301864,1,0.0027530202068851415
1021,0.2874924930984489,0.08020009113401429,5,0.011798754540259894
1022,0.3116357949752553,0.11348337333195932,3,0.008526217540577448
1023,0.26557400918037577,0.1531190941061312,0,0.001876835463688634
1024,0.20821710071715657,0.040183531267001915,5,0.011664844184644094
1025,0.2713337165010273,0.031023307585496138,9,0.02070398041620847
1026,0.22034509824831222,0.041587640107065886,6,0.013638599001908775
1027,0.30608522518581827,0.11552970757569596,3,0.008247043176075771
1028,0.260593671358098,0.11756012652720761,2,0.004697464623066332
1029,0.20371517567854622,0.06754212378929927,2,0.004914549750697116
1030,0.28781584693298035,0.0906200556001895,4,0.010468449228584708
1031,0.17940419089841117,0.052173376902233,1,0.003964590400241713
1032,0.1342575416159119,0.029813592818563262,0,0.0018726219433233895
1033,0.12291540495633718,0.017978464541004532,0,0.001940477554030356
1034,0.13923891831870144,0.00043585801984715247,3,0.006695017000893961
1035,0.16630391443094888,0.04101235873610693,1,0.003841591771675882
1036,0.2672682914947823,0.13288960313234277,1,0.00361962064794745
1037,0.17484882615703934,0.03591888899977326,2,0.005970590562510755
1038,0.3262291886415357,0.059085257224789745,6,0.013439640876478311
1039,0.12117882198740719,0.01718008088601377,0,0.0018740805994812114
1040,0.22736183918069738,0.032310466758824354,8,0.017542954208552158
1041,0.13760694379831845,0.005090307238023493,2,0.005373520895461813
1042,0.18129430186147483,0.008476620014880146,7,0.015642018297727538
1043,0.3380257237577901,0.040458937491731836,7,0.01623257697264415
1044,0.26245564753672884,0.13571500253425578,1,0.0029635489544288874
1045,0.3402254649399273,0.0761767526369145,4,0.010707979607294825
1046,0.3266208264846048,0.04687128397986826,7,0.015440974614824491
1047,0.3102710282568352,0.08319868183684095,5,0.011279710990830354
1048,0.23457655233701907,0.09315720674238209,2,0.005066218205536903
1049,0.19504963752764448,0.0815796874268635,1,0.00234282572400419
1050,0.29338325720349123,0.14211951610184428,2,0.004817482649191863
1051,0.29825830433532013,0.021974833089457968,9,0.022862738633816337
1052,0.3283458821565443,0.10525134951613098,4,0.008952399111513628
1053,0.2542951650262175,0.13830687963099236,1,0.0021775376788443724
1054,0.3430419160459015,0.21633247063724154,1,0.002160442765434644
1055,0.34698134772318284,0.13481671843681328,3,0.006852029482957253
1056,0.2853597835590349,0.05806132780692581,6,0.01499993193198778
1057,0.14494285785254593,2.3752466359439062e-05,3,0.00812019429818193
1058,0.3016229873647837,0.13031541260944982,3,0.006600004806449582
1059,0.17537089042232665,0.00426776647303654,7,0.015538355654206725
1060,0.18942154903426464,0.021360337534323412,6,0.013139076767133974
1061,0.315020426446684,0.047337075717940595,7,0.01588905624707421
1062,0.14618635035317162,0.025979665399704532,1,0.0033509631615120817
1063,0.32712575111666736,0.028334806217864626,9,0.01987511663308836
1064,0.10663069092370109,0.0012088769020736998,0,0.0020206379721435194
1065,0.2979128074917756,0.1806886585186953,0,0.001970590475188031
1066,0.3138413583132865,0.15976358076485148,2,0.004539532962051207
1067,0.3021571779463533,0.05972477702695589,6,0.014370205664248226
1068,0.12758611540935738,0.01755411885745873,1,0.002353871263063947
1069,0.20708484719499679,0.04759118296237374,4,0.009477647913157654
1070,0.26451272745506615,0.06956637495855195,5,0.012542333547906655
1071,0.1209131220016766,0.010738270023878761,1,0.002391524373664754
1072,0.30358229907398354,0.10897489752295371,4,0.008823288049196373
1073,0.29009921199057936,0.10267952006605026,4,0.009074310191650753
1074,0.20916912816520145,0.039218600870983375,5,0.012135711313663295
1075,0.31105391824573564,0.18789202359107698,1,0.0022325390650916863
1076,0.27952555740042706,0.05045856201821097,7,0.016368162105506987
1077,0.222687533201705,0.05066081662227491,5,0.011618544966171528
1078,0.21842920052733855,0.00910798803523924,9,0.02440755026361101
1079,0.23774505138880897,0.09658301305350277,2,0.004959902648606151
1080,0.18566284125507224,0.01285694588844165,6,0.01519375612862504
1081,0.31357554960844336,0.10826338509936662,4,0.008975135755057385
1082,0.1301121878533844,0.0027405199223776953,2,0.0045331469342285565
1083,0.19622764049856903,0.046327172163091394,3,0.007686906772969359
1084,0.31602259384833664,0.031483511014809125,8,0.019418282095982294
1085,0.2584051819939764,0.08287743635385937,4,0.009666032188370505
1086,0.33606200766070976,0.10675893977265065,3,0.008606206240626683
1087,0.2950436748915563,0.12493167324128053,3,0.006781319813095006
1088,0.17388987199154676,0.018345717856737997,4,0.010099576341087602
1089,0.2949694485200695,0.07501510975844462,5,0.012480740901799065
1090,0.1158826998725552,0.013655557839813716,0,0.0017583378748028064
1091,0.22696408648810962,0.04004556182703736,6,0.015203587268772576
1092,0.13720329214625773,0.030550060302773355,0,0.002032582351441788
1093,0.1881342558345046,0.03585889917538006,3,0.00856067294345303
1094,0.30765514172300185,0.15233899872637766,2,0.0048187339550996725
1095,0.24795549029231753,0.06804931166979752,5,0.011312903483025489
1096,0.3088756504900048,0.1830479898766496,1,0.0024221717157177553
1097,0.20045717808387054,0.01943105309306461,7,0.016626524423917842
1098,0.19239246074799576,0.030156149022496345,5,0.011073229544770935
1099,0.2429447362017321,0.1247225213379712,1,0.00242357665774963
1100,0.17630580319906317,0.04839574424019774,1,0.004095700188006277
1101,0.26268397146821354,0.08324911705608141,4,0.010021517143060857
1102,0.22875381675614648,0.06654987979039045,4,0.008936273046226446
1103,0.3004379592638725,0.08907910231322393,4,0.010820817157096397
1104,0.325804308434886,0.03799811842328242,7,0.01735807297569104
1105,0.1947147213464279,0.025093851403048116,6,0.013222563752402584
1106,0.32066930706004027,0.06535731556700076,5,0.01285994898531409
1107,0.3177277833611281,0.043703515415487997,7,0.016474166853528562
1108,0.1832945571586019,0.015840438651843234,6,0.013426906552213744
1109,0.25938926637462467,0.11625149541070065,2,0.004737069421269125
1110,0.1969656840908631,0.034658952574982374,4,0.010807461108042989
1111,0.147880267450352,0.023525465348496404,1,0.003890460766668481
1112,0.1443369081606936,0.008083384657509319,2,0.006025477280884228
1113,0.2400979965338922,0.12310607694322474,1,0.0023472298071679923
1114,0.25087117694321714,0.056991884255268827,6,0.013944135665252976
1115,0.1352620779276962,0.0029690195432652555,2,0.005363327802635338
1116,0.12661638893989355,0.003059935239248768,1,0.003960043620580136
1117,0.34968494439620124,0.22118907269505525,1,0.0021948499684999534
1118,0.33950422690408194,0.04742305268305285,6,0.014713912783393254
1119,0.19908686209063303,0.02047552359786171,7,0.015908387082911958
1120,0.28181355529221036,0.12484925205669788,2,0.0057975876167288
1121,0.14603923683970121,0.0032554686707136106,3,0.0075205469548767275
1122,0.2826794220931662,0.025381343838718706,9,0.02215858237927687
1123,0.2577172436707261,0.07597782277043517,4,0.010827934241042307
1124,0.2791870825775002,0.1245441349465782,2,0.005606936831335729
1125,0.2919253804547149,0.04429820232385737,7,0.017335843799339314
1126,0.2432493171797653,0.13398874052098003,0,0.0017920336921891642
1127,0.169802539104344,0.000534565474140939,7,0.01530475403720663
1128,0.2787851740717248,0.11781079923026505,2,0.00640238195538255
1129,0.34341150038250273,0.1820328396135028,1,0.0042895843021449834
1130,0.3249162728828204,0.16811253008027696,2,0.004467826126247994
1131,0.259437976857118,0.03636898698371516,8,0.019177042558562323
1132,0.3058599949264115,0.1911574064744476,0,0.0017791603436893566
1133,0.3303962962188336,0.0829409923712394,4,0.010557768449601743
1134,0.301127664033888,0.15827239799232126,1,0.0038416303342653007
1135,0.24742180922749463,0.09508642851912597,2,0.0063412818503225665
1136,0.2727404236266749,0.12912325457764193,2,0.004497512036066868
1137,0.23641534913549536,0.03141592787868163,8,0.018971136327704457
1138,0.2861113233395709,0.1283608682001293,2,0.005742290016749132
1139,0.11395172632319443,0.009995134274804108,0,0.0018885865004082372
1140,0.21845397070034162,0.07311014570315977,2,0.006084711820987975
1141,0.32616407299162303,0.14453633024044918,2,0.00631990292965207
1142,0.3270537353825299,0.03618972999165852,8,0.01773840615660888
1143,0.15257890555210502,0.0015260256886296952,4,0.009667166839818107
1144,0.17848886060757022,0.04277339575813172,2,0.005300818530621402
1145,0.33902684420415263,0.17964644211568143,1,0.0042765868546967315
1146,0.20182496306145495,0.06024694437582125,2,0.005852766169022914
1147,0.34307396541729684,0.09447995571441319,4,0.009085606957175472
1148,0.2521265533102901,0.032998532361275416,9,0.01975229613577142
1149,0.144454878566096,0.0011375926173363248,3,0.007701205791381421
1150,0.2986662004976917,0.17261127716381605,1,0.0025358047463688574
1151,0.18118804736976693,0.004529336217524213,7,0.017250841584308563
1152,0.34749979096996075,0.07352246637251086,4,0.010602689033591045
1153,0.21562074710247864,0.004126656562079657,9,0.026079273539570912
1154,0.3492987961446529,0.09031516806606335,4,0.00907326173901095
1155,0.20120103767078953,0.04026215536322144,4,0.010175692837523623
1156,0.32957389203042853,0.030789591327772533,8,0.019059829190858725
1157,0.2135752325374341,0.03836833121378669,6,0.01327844700640205
1158,0.28786260586372575,0.1006930529442511,4,0.00921345258338412
1159,0.1953932795318535,0.04201746702870362,3,0.008530514339103389
1160,0.24545886558789717,0.0855848673647136,3,0.007660340253262178
1161,0.2772178948647216,0.1572559132430812,1,0.0022947500548328712
1162,0.13148131111415726,0.023583417575246225,0,0.0021527935152661462
1163,0.26150456272589917,0.07182773590085431,5,0.011918300346936257
1164,0.27559028891532944,0.09196262960724122,4,0.009682832266358458
1165,0.30747032301457866,0.18619047636022806,0,0.0021457845997703293
1166,0.17721026215790572,0.0623247916032465,1,0.002570553127471272
1167,0.11299517208197221,0.004873896743193627,1,0.0022310622087034866
1168,0.2767106147149573,0.07107389122592114,5,0.012868033148720847
1169,0.25829993784496535,0.07232726868316218,5,0.011554427936481794
1170,0.3060287808425654,0.18247620159070665,1,0.002299955701890106
1171,0.3255459781516148,0.09543245528022036,4,0.009741367288097052
1172,0.20073670011372632,0.07005533894805534,1,0.004164634783468904
1173,0.27715712060342795,0.116292748645819,2,0.006453197018301983
1174,0.28712331487701837,0.030292298957045858,9,0.02069298473232842
1175,0.3132171174214644,0.07493586963339911,5,0.012049790506774469
1176,0.26377319648691816,0.046390053115515674,7,0.016993501515062723
1177,0.2931340277107498,0.05685043937805285,6,0.015067105626107994
1178,0.2096880083308287,0.05871315159845713,3,0.007430127622697638
1179,0.18770199235380802,8.959309675392324e-06,9,0.021311090373020706
1180,0.12442811897188934,0.02083745752955226,0,0.001835954806974816
1181,0.2992832563759148,0.07409310869484605,5,0.012535352158508723
1182,0.26747346205987166,0.14874452683576095,1,0.0022812240200329446
1183,0.31278179821091995,0.1326033202460768,3,0.006888698787960181
1184,0.14435354412044235,0.011624711809962105,2,0.005316052224368654
1185,0.27600965088720136,0.15616621409860376,1,0.002295767098679825
1186,0.20811637701963734,0.1005987626591492,0,0.0018338278198243773
1187,0.15983081397397328,0.005103799896232044,4,0.010527292759651608
1188,0.21339765340316053,0.03943360081244963,5,0.012932774266449435
1189,0.2760787391257699,0.08039927192877012,5,0.011419261499893084
1190,0.33501456697741694,0.18286696383601675,1,0.0038768985884962324
1191,0.271379732762116,0.11609235974222895,2,0.005945255103953265
1192,0.32441962190486334,0.19727926663880807,1,0.0023573755979446683
1193,0.26341037792752403,0.14564996155647875,1,0.00224155973346408
1194,0.33628863672240955,0.14223726408279416,3,0.0065960397953080535
1195,0.32810724017067966,0.20635553432839016,0,0.0020141864621555463
1196,0.19855181471371414,0.058762069219085465,2,0.005612801802674524
1197,0.19478699393625223,0.034644901369198816,4,0.010326146486905786
1198,0.332603845209107,0.016719923586888792,9,0.023769364848973625
1199,0.3009005131145244,0.03367278201992217,8,0.01941740285962353
1200,0.24866431686691418,0.09186962292600509,3,0.007004553093497069
1201,0.3179580970064377,0.04982169505843211,7,0.01530651726593496
1202,0.2622007751186365,0.05569009258480997,6,0.015013517630483763
1203,0.23300898120601513,0.10846794161415153,1,0.0030676095377262977
1204,0.2464341193872882,0.07963015260483966,4,0.00885970691902036
1205,0.21456887042460335,0.07480977479310076,2,0.005257594813795844
1206,0.21268435019922113,0.053513363834040095,4,0.00910759958318531
1207,0.2624934603958933,0.10581246415238807,2,0.006452099831723615
1208,0.2958824565290848,0.045725692040821185,7,0.01693833732196421
1209,0.2974385562642654,0.15441480080078387,1,0.00392778228449379
1210,0.34960767191110487,0.2230915970739699,0,0.0020925069242432263
1211,0.24277812168884244,0.07777405908903139,4,0.008728894058182259
1212,0.22723695067770802,0.08167025243842156,2,0.005879998142069577
1213,0.3309520671812944,0.20769588907774525,0,0.0020745986877804723
1214,0.14822430779635035,0.03572117613281842,1,0.002498076025606273
1215,0.29578871306059135,0.05385675344560023,7,0.015485192798581328
1216,0.330755469232885,0.20110068695653688,1,0.0024471361989901992
1217,0.3030811376971914,0.0961822711747667,4,0.010084523473541874
1218,0.23832193981980024,0.06584741046492665,4,0.010525255812053942
1219,0.15647902238509226,0.014534791028405703,3,0.007047558821520411
1220,0.2565279717743046,0.09209988814596512,3,0.007898856666604538
1221,0.21738487876430512,0.058785893657654326,4,0.00874099964810391
1222,0.26646126678962734,0.10947222065349685,2,0.006347795417636903
1223,0.2377697563861986,0.03182594860769479,8,0.01899352795602905
1224,0.3071670092339935,0.10782315799288482,4,0.00898873443201333
1225,0.1458397098328196,0.03341370853709646,1,0.0025018633664461803
1226,0.20469008786076381,0.05635068320685699,3,0.007062634653257027
1227,0.22702339619983172,0.057197255426931055,4,0.010749853761568189
1228,0.3090997327841237,0.19228361232849767,0,0.0018746951913973914
1229,0.3383320065564398,0.03139208746034743,8,0.018523475257276874
1230,0.3363551877631454,0.1765966034789563,2,0.004374576954408498
1231,0.3308727148004635,0.20373972784805897,1,0.0022956835332711006
1232,0.16636768837335783,0.014361019709358437,4,0.009389817659803294
1233,0.30955525870982925,0.1149372596121437,3,0.008372357508122695
1234,0.3388840801360982,0.14237801293886024,3,0.006586292538634989
1235,0.18401227440308912,0.028964534027443156,4,0.009470314059187334
1236,0.14283578003612693,0.0356032818932254,0,0.0020601552917118324
1237,0.25045517026755876,0.09886406945758616,2,0.006127139770729772
1238,0.21455052409004277,0.05146864166331054,4,0.009941391849567206
1239,0.33857202143034504,0.17727337073252683,2,0.004418487855188748
1240,0.18897890494378813,0.0037974703097593057,9,0.019937495617202875
1241,0.14117341185600324,0.03351137221170018,0,0.0021004410531227564
1242,0.33902766737592677,0.02695219311747941,9,0.019834128227783975
1243,0.23637655978118802,0.10008405299997793,2,0.004341001716966066
1244,0.2107177461248094,0.08957469783972635,1,0.0029388635735338475
1245,0.31031142466108713,0.13333546474767602,3,0.006728668713638706
1246,0.3370203225412035,0.043123611177499924,7,0.015697040965785822
1247,0.31174049242889795,0.02688669557521203,9,0.02089234667374512
1248,0.2778152865903062,0.11676265479181058,2,0.006451025719938015
1249,0.14176601978766354,0.007047730147091165,2,0.005749158741839216
1250,0.3099523098561674,0.1256431366254835,3,0.007417328414738563
1251,0.189224146293451,0.013215185927835757,7,0.016054763543822483
1252,0.2601189340540208,0.1401854012201175,1,0.0024261274057122877
1253,0.22292659072777976,0.0573743351035699,4,0.010019811791050385
1254,0.2821548466856071,0.07840518625178139,5,0.01193328560822049
1255,0.1832392024466789,0.02319104373465983,5,0.010969675905543961
1256,0.20663320216735107,0.05831143692642014,3,0.00699543994804134
1257,0.22082950877738605,0.03400710969555234,7,0.01596208951620412
1258,0.25887452104100966,0.0355647421985794,8,0.01936079793155054
1259,0.1895773461637281,0.07731158162672588,1,0.0022718388560273024
1260,0.1575627920814259,0.03119670184373745,1,0.004084867579957777
1261,0.12163519504671773,0.009873681487877239,1,0.0025416384996684387
1262,0.16082402919154754,0.0275853447920686,2,0.005159141876982839
1263,0.1577094543094077,0.051485560696583145,0,0.0019322622374691165
1264,0.18964747589696926,0.029733233237216147,4,0.010555892820408854
1265,0.28212172701731386,0.1620166604986225,1,0.0022667481512281384
1266,0.24757047204122726,0.02551553191417293,9,0.021644185930384585
1267,0.25939613670768497,0.12603187794296727,1,0.0036343641674037403
1268,0.19380905767562281,0.03802963713137905,4,0.009203744918554017
1269,0.2862648500398644,0.10264335632910675,4,0.008888189585633982
1270,0.3494109525370297,0.18680923862848803,1,0.0042018188380585275
1271,0.2891160256538148,0.12644304755026256,2,0.0061980916415749245
1272,0.2777017861350427,0.12159122733172732,2,0.0058343127779567116
1273,0.14005795483400482,0.005666313789131287,2,0.005710049285570606
1274,0.3366549044892494,0.061967955074366074,5,0.012520614758260442
1275,0.21437857980022307,0.023621640262863407,8,0.018174569353564596
1276,0.2466033695331732,0.13420637964006946,0,0.0019763932988497756
1277,0.33226379771440934,0.10364948206558053,4,0.008933591977293678
1278,0.31775285682083065,0.17216479883963157,1,0.0037486881156073783
1279,0.22881482544116993,0.06571270240879118,4,0.00912347878428841
1280,0.2587723957845263,0.09304087755382694,3,0.007995867711523209
1281,0.2995325026602332,0.14129570371399797,2,0.005346568551194519
1282,0.18812305235653237,0.008122679510887895,8,0.0178039011226539
1283,0.10690550312546648,0.002483749707304135,0,0.0019408052364897229
1284,0.330760665293465,0.07750670758312471,5,0.011042148056677713
1285,0.2553923325705806,0.11863420724986042,1,0.004064262958962261
1286,0.27468771363229694,0.04150960930400808,8,0.018189885098232383
1287,0.22365908825179032,0.1018465400444927,1,0.0028917720479958776
1288,0.3363566547757687,0.03021885359078198,8,0.018943945135387292
1289,0.24161839868262402,0.12983542418341878,0,0.0019621601571314807
1290,0.11276607204391481,0.00290416126896068,1,0.0023905597088997583
1291,0.32645545564690714,0.13783329061957603,3,0.006805398511531721
1292,0.3105167583353936,0.04209737828270099,7,0.017117203812424417
1293,0.32543528952238626,0.14213754595322955,2,0.0064785573966745285
1294,0.13041324265599294,0.005900306506209584,1,0.004072045456063917
1295,0.3458486833439572,0.18405647990315616,1,0.0042492451201849675
1296,0.18907748290903756,0.03370264601146309,4,0.009320831114674053
1297,0.21572243035263053,0.019367391369157994,9,0.01995118376497135
1298,0.18668079834345375,0.08366172159337822,0,0.0016225128314988064
1299,0.2610156899441798,0.06724557271557179,5,0.01272196739884022
1300,0.16000766849871356,0.007218834374834668,4,0.009898478653243252
1301,0.2396938170174584,0.053690996581908665,6,0.013467035747412225
1302,0.2264178709290061,0.07017800179882958,3,0.007830455385722275
1303,0.2476188541118493,0.06032173615926567,5,0.012897954030222897
1304,0.29968672202960517,0.03640730700354315,8,0.01879559855663698
1305,0.3075927158812312,0.05055602981288796,7,0.015628029732655174
1306,0.23256342451348883,0.025564302625769607,9,0.02034321396838106
1307,0.3464072064853585,0.052024183331286694,6,0.01353988396383017
1308,0.3477556838253707,0.14598783070090915,2,0.006337643539410077
1309,0.24941094965491978,0.044239884409617125,7,0.016727946855079008
1310,0.12065737066299971,0.015196308525447882,0,0.00198728388261388
1311,0.23625570182667252,0.1274579098209435,0,0.0017952256321740194
1312,0.21701749921704505,0.018868233415438133,9,0.020369072646803075
1313,0.2594018626367687,0.10205492634426759,3,0.0066668183947152
1314,0.3490585980013645,0.04515256297080299,6,0.014700503191168305
1315,0.2744807685207831,0.04642095990990977,7,0.01715858921827791
1316,0.25284806978359853,0.13218106137280733,1,0.0025420601564640874
1317,0.3260985412502725,0.08005395699649859,5,0.011011465367550578
1318,0.1194653075914661,0.008221271976334762,1,0.0024991714618716344
1319,0.28856198921083154,0.04144573850530988,8,0.018009700572837628
1320,0.19576787538797394,0.05960756245228096,2,0.005059139254411196
1321,0.12206972991920152,0.015194851287948577,0,0.0020972460919851457
1322,0.22433204079198873,0.07323330442216198,3,0.006929782318181127
1323,0.27071616140773747,0.1078716580395753,3,0.006989079829637133
1324,0.31172689598485354,0.19130108457833697,0,0.0020622810280508707
1325,0.3205021923596086,0.17367392779000004,1,0.003791281396595069
1326,0.3358765170412812,0.07935030251427659,4,0.010622751473914173
1327,0.3200973012244643,0.13889933612703995,3,0.006592129134703343
1328,0.303546795162589,0.1372311580884457,2,0.006012918598463712
1329,0.17838825660691515,0.03682418516125412,2,0.006420020487423538
1330,0.2437748576925948,0.0910537579628537,3,0.006527792927613111
1331,0.12232594355413245,0.013049635827558114,1,0.002303927449283683
1332,0.2965103739555868,0.039558862977021075,8,0.01818719834457303
1333,0.25804507745700156,0.11410089677677732,2,0.004867785695818119
1334,0.34599867758064856,0.17855455971974263,2,0.0045929180343344195
1335,0.12748519073640857,0.006475175442897319,1,0.003590256037214836
1336,0.2860550208855995,0.1441811206824923,1,0.004040494671854561
1337,0.13750081789013116,0.0014456767490921495,2,0.006104216944621595
1338,0.2664101785461908,0.05033211056407701,7,0.016249275223548083
1339,0.2711743911022689,0.11820261323877627,2,0.005654847164567614
1340,0.2831799190554958,0.1392405257997439,1,0.004306897788630402
1341,0.11307620745239191,0.00701650215204844,0,0.002055774806688565
1342,0.26452548330326114,0.09543457362305209,3,0.00821868502384266
1343,0.3005788503206217,0.18162417216311616,0,0.0020558015045001217
1344,0.29771791351567717,0.06812834114570501,6,0.013324391061373885
1345,0.11032045833856564,0.0038929481490496253,0,0.0020935280293886047
1346,0.11044626144109725,0.0031246835574101585,1,0.0021688674282007198
1347,0.2824197481621974,0.09491537956887616,4,0.00968351718579351
1348,0.15896524270611004,0.02029530589921251,2,0.006254764679713914
1349,0.2892691301431647,0.17186255864459268,0,0.0020393365224181644
1350,0.3085764978686657,0.026057333840902034,9,0.021253914204219626
1351,0.11146619934178048,0.0073177611678614815,0,0.001909034441126824
1352,0.24747751115010702,0.07997505248474647,4,0.008928423808332758
1353,0.19235149472220936,0.019249702991960514,6,0.014639004313248851
1354,0.2534822541572138,0.09202071949938724,3,0.007560038633844548
1355,0.24503835173114563,0.05958981775383044,5,0.012767103567438267
1356,0.27970203103654084,0.05526765252897598,7,0.01549832710583715
1357,0.2959291149857135,0.14911950032893356,1,0.004313580695192781
1358,0.2500013453488356,0.07955122457336314,4,0.009319337634365717
1359,0.34919334033939864,0.22337585044261246,0,0.0020602439134353207
1360,0.2766388874627412,0.061309682451087685,6,0.014442135062901252
1361,0.30459773609817864,0.15645113749895698,1,0.004242169560010516
1362,0.13252701496572503,0.004797509131497482,2,0.0045680067118775425
1363,0.23918391744637688,0.060563434383055004,5,0.011808448696592819
1364,0.2763215233981947,0.03344228565719729,9,0.02006034330364215
1365,0.17022678143405445,0.0229108902853716,3,0.007969259523841551
1366,0.34987002987482946,0.10312172354592129,3,0.008243125410975043
1367,0.1787438669006505,0.013245479068029753,6,0.013086207660057771
1368,0.34156688112342226,0.025963874657533532,9,0.02005601395934129
1369,0.33033448809620036,0.05366588030170285,6,0.014065638864179362
1370,0.3474726594137035,0.1747801009368897,2,0.004855724423207119
1371,0.11492173518834,0.0051240839552584615,1,0.0023772220900572915
1372,0.21467357440601043,0.06805502295890128,2,0.006419439778864107
1373,0.12871167367540043,0.010652781318992206,1,0.0032015031660237035
1374,0.29674953724334746,0.17671501970388628,0,0.0021505589432300573
1375,0.3112417353511556,0.08673410931266134,5,0.01090829342809832
1376,0.33273997730681787,0.029752830827971154,8,0.01922880066607261
1377,0.3346718373370804,0.20433054651477178,1,0.002447424827301389
1378,0.23253695670653252,0.08851241430787715,2,0.005498073246468575
1379,0.345094221923383,0.07337040227134888,4,0.010741917511921497
1380,0.2697444037044875,0.12954349930059517,1,0.004183364668092132
1381,0.21384924575921285,0.03764822654669703,6,0.013545229191268573
1382,0.18045507955092369,0.02997946628668091,3,0.008408687358480228
1383,0.14974980993024833,8.503544540043873e-05,4,0.009345912262573058
1384,0.24566815644400722,0.06038437954098632,5,0.012665668774358955
1385,0.20662005300711508,0.024646858793351555,7,0.016194961691048514
1386,0.31875993377647166,0.0613858914379426,6,0.013469725080051403
1387,0.18596968145581366,0.05175822722779739,2,0.004916122681865304
1388,0.2827278325647997,0.130139770299278,2,0.005258222740224967
1389,0.22151908899807682,0.023843201449644694,8,0.01937390127263926
1390,0.19478916233994528,0.013541735583696535,8,0.017439141830156525
1391,0.1105108830742391,0.004531006684374297,0,0.00205607589313526
1392,0.13154374475163644,0.0015150896564899959,2,0.004984016145847471
1393,0.2707799639852633,0.13018869172888614,1,0.0042055857968314354
1394,0.2622291906240434,0.12793076725330985,1,0.003688041740943132
1395,0.28092022206660033,0.047722523812946976,7,0.016878152839188296
1396,0.3106263863472831,0.11285952631640422,3,0.008570600651573746
1397,0.34394656256411427,0.1830481665821997,1,0.004244376675630689
1398,0.32795445158983577,0.07673528280513625,5,0.011248716660090146
1399,0.31189503426785237,0.19267234391996302,0,0.001991375617925215
1400,0.16959557750619544,0.0023457211785315483,6,0.01449038113256021
1401,0.23174108943078717,0.05191436343758873,5,0.012787462080107635
1402,0.1350417626245399,0.025104312691183486,1,0.002317202482035075
1403,0.2117362045961733,0.1467957960741958,0,0.0003379400237218567
1404,0.2750840032625096,0.03351083168870021,9,0.02005268487828316
1405,0.29011816800495094,0.10630560206089032,3,0.008640965991503154
1406,0.12915771373171384,0.01568203172658164,1,0.0026831212570455646
1407,0.13398777986588584,0.00637729079286962,2,0.004532350132239921
1408,0.34037962573992553,0.1437206030310976,3,0.006508517940129835
1409,0.15376690231935858,0.05438082868691503,0,0.0014914573466104288
1410,0.1183175748111426,0.01104113844455762,0,0.002142022140108598
1411,0.22312988890170143,0.06737580841387106,3,0.007874782045373068
1412,0.340665300226785,0.2159002060358463,0,0.0020769132989740323
1413,0.30223620816591923,0.17751270160518154,1,0.0024105730898539607
1414,0.2729536248846582,0.15266367046277354,1,0.002351324583696339
1415,0.2770173350504341,0.1124816951148409,3,0.006937693315718522
1416,0.12391585659752953,0.017485502551556974,0,0.002055419007532883
1417,0.17622303188442143,0.016986554164433836,5,0.011125015056583835
1418,0.23709774857633975,0.1024754980959811,1,0.004121417989193337
1419,0.1894671249304295,0.0031019711055567,9,0.02039607031277109
1420,0.12956532824907743,0.020167449307565366,1,0.0022892930207810513
1421,0.2978596280372397,0.03274836023502053,9,0.019753132155189833
1422,0.3071115718223973,0.06673785352340372,6,0.013238049122549677
1423,0.3192464290848816,0.03153465053499539,8,0.019275367353765085
1424,0.21435199499397264,0.029885973033818878,7,0.016056601750570363
1425,0.2021082675281541,0.056104721357171025,3,0.006675436619935393
1426,0.2718503554787977,0.0978887388776512,3,0.008526262579536507
1427,0.17843141500216023,0.06763946797301074,1,0.002205554900801836
1428,0.1307203678147084,0.022587548840663677,1,0.0021751856767213505
1429,0.23426343537000416,0.08609446737672012,2,0.006100913882535014
1430,0.24051059463124624,0.05543033842354491,6,0.013160919619152252
1431,0.26777325400920826,0.15686311436270697,0,0.0017727185064995348
1432,0.26853815229166966,0.11732246786368566,2,0.005512154943750032
1433,0.34427672650583085,0.18439657734199677,1,0.004170726073706122
1434,0.12684728209128882,0.018994013630215977,1,0.0021642763670412955
1435,0.2005449047782616,0.023250762085849093,7,0.015274340513571004
1436,0.3462867917283237,0.10333407776617,3,0.008392578342015724
1437,0.206510214537156,0.05278710661017338,3,0.008145160308355616
1438,0.15254879043287187,0.04956796213330636,0,0.0017195594419802214
1439,0.318597047987471,0.1358049194112877,3,0.006798572538682519
1440,0.2554847585031688,0.08471542360439356,4,0.009030049002105437
1441,0.3112336000659402,0.052466335126425935,6,0.015152001137487221
1442,0.12246725389408665,0.002379571077850488,1,0.0035000310785876093
1443,0.17962897787262153,0.009440282681005562,6,0.014765039154441347
1444,0.22289619846321304,0.07332622492969613,3,0.006699054854253786
1445,0.21705215802223832,0.07635309462585022,2,0.005351180670221609
1446,0.3458645789920435,0.08266584488583488,4,0.00983582675661778
1447,0.17283099533944624,0.009420523707582135,5,0.01276843470292954
1448,0.181159201079933,0.012308656672965301,6,0.014116892312856436
1449,0.22427800521321514,0.10525761808283246,1,0.0026302323085498347
1450,0.2980368704925851,0.12725324887699044,3,0.006713158482151252
1451,0.294990983844974,0.15541779350884075,1,0.003661746070058938
1452,0.12306676960025022,0.01666213341632601,0,0.0020558212358976623
1453,0.2791996255356943,0.1307320581776659,2,0.004888258541919593
1454,0.223368381876931,0.06418325895986296,3,0.008574238323933912
1455,0.23816824902702188,0.07317057918170024,4,0.008986972918784442
1456,0.3066375101021747,0.08972280135338843,4,0.01070526798655311
1457,0.33728882156727613,0.2112200883541142,1,0.0021765904720629386
1458,0.3307974487348168,0.04964170280357824,6,0.014729116350972828
1459,0.25746690348144,0.1391850801945995,1,0.0023220448854342603
1460,0.347155531836271,0.13075005960041866,3,0.007027853822574085
1461,0.29034768293647356,0.14795182024247103,1,0.0040074183594820964
1462,0.22197694292094786,0.07809980077650047,2,0.005743977188289235
1463,0.22650805090661658,0.060383521576201124,4,0.009926017791970342
1464,0.1973943045533316,0.08665963969943372,0,0.0021111476508571714
1465,0.3231202881586397,0.07881980685667608,5,0.011258110647639378
1466,0.17788264214854854,0.008968523996033761,6,0.014429037622813022
1467,0.24589364499508035,0.03760122267795333,8,0.01812822655707684
1468,0.1656137076157179,0.00822694316373158,5,0.011114133081879455
1469,0.1532612271261789,0.024670766248591623,2,0.004474414829919121
1470,0.22062420222289414,0.07388992996824098,2,0.006264543036915974
1471,0.3369794910980685,0.08105361473543869,4,0.010415115863827522
1472,0.2406624705933792,0.06581037331843038,5,0.010857632954382445
1473,0.16495059459146397,0.027932167296339315,2,0.005796668848608263
1474,0.2777976216817785,0.11896251885565787,2,0.006170249168745431
1475,0.28612442488871564,0.14945963707600818,1,0.003545991977835817
1476,0.31186378924740354,0.040212437231724,8,0.017463575004210426
1477,0.2859293376560009,0.10374382418949145,4,0.00873061368487476
1478,0.3059886323853496,0.03369854297781805,8,0.019227552175235894
1479,0.13855185060326375,0.011803591109112185,2,0.004343296434520596
1480,0.1319524602421157,0.024940497233520455,0,0.0020780561370612105
1481,0.30056919411590577,0.11181412249974891,3,0.008457656523164266
1482,0.2137902961232194,0.024615440367774737,8,0.01771398265464267
1483,0.16024851365861578,0.057122824747976794,0,0.0017076344507979055
1484,0.1265931168400078,0.002141737582830109,1,0.004095965123626426
1485,0.2893346570242387,0.05698508077262755,6,0.015122576255969016
1486,0.19303209332700558,0.05743296496909884,2,0.005018224653284404
1487,0.34641247080574716,0.07437832096016975,4,0.01057138701055524
1488,0.26346801093272154,0.07433587578325085,5,0.011624770179349007
1489,0.2489944456414059,0.1104476359108348,2,0.004390039280475753
1490,0.260126270913182,0.13210959490301896,1,0.003104341993589597
1491,0.31429982504046816,0.09248689015010542,4,0.010306895474096075
1492,0.12030675998375202,0.009369902967436323,1,0.002466165244591643
1493,0.19401802728309353,0.03154314412651153,5,0.011041031212264856
1494,0.18453345356579678,0.07306971512766476,1,0.002231311083152455
1495,0.25178184355018995,0.1288954328466914,1,0.002735383867684446
1496,0.1990474748176448,0.09388955831431212,0,0.001715077738821758
1497,0.3112561302570124,0.11592335648471958,3,0.008310434837035334
1498,0.11648019326828797,0.01063404054441872,0,0.0020292665815902313
1499,0.3042217922570757,0.10992389288802369,4,0.008743577721969839
1500,0.21725675722114715,0.09120332530501087,1,0.003391091395552659
1501,0.20213827157781158,0.07445226193589552,1,0.0037561958394058885
1502,0.16276737423861748,0.006004974100763949,5,0.011056907466753833
1503,0.20081261055608707,0.03457014029365979,5,0.011691263976589717
1504,0.3175205754326527,0.1904859357853184,1,0.002417378452695775
1505,0.22714973320482437,0.05610304393929431,5,0.011031265666023313
1506,0.2987041201069285,0.0912540475787488,4,0.010584239411221363
1507,0.13657157054211716,0.03190299193507318,0,0.0018827107690919484
1508,0.30970866105738165,0.18535617441774077,1,0.00231898019694816
1509,0.3002207412608765,0.08965730837048198,4,0.010759227744355228
1510,0.11070380612721852,0.005632064712689278,0,0.0019825496882642344
1511,0.18355498947450952,0.004751052831204572,8,0.017884705717690543
1512,0.3185379202608576,0.039979671700367245,7,0.017227838668697003
1513,0.33860815211885764,0.17664388579397897,2,0.0044623857801401505
1514,0.2726830140234128,0.043305285220021965,8,0.01780065502152118
1515,0.17059828500602756,0.0636605548831832,0,0.0019394882869363994
1516,0.12236969473353539,0.01603749764554832,0,0.0020519801562714794
1517,0.17213660366246447,0.0140616823422235,5,0.010982205174671597
1518,0.10979537294036973,0.0034123487901625777,0,0.002091239356982836
1519,0.3084129933018628,0.195696224961222,0,0.0016612595781710536
1520,0.17935013631392818,0.02124136679867736,4,0.010595221380384125
1521,0.30392766884918393,0.1581308589942988,1,0.004046324801358256
1522,0.33114323142836116,0.062140979226309984,5,0.012774396349389094
1523,0.24077372913195558,0.05620561623177911,5,0.01301388517277799
1524,0.13183199745401983,0.006461203863098807,1,0.004191580971358383
1525,0.2696621447125141,0.1488755188896791,1,0.0024139444890945976
1526,0.2137623915570716,0.01529435249737911,9,0.02111587663157376
1527,0.2473951455912592,0.047310050362049355,7,0.01582506505492775
1528,0.16976760712909345,0.009334765431699001,5,0.01191400813465546
1529,0.22232297432199855,0.09253154270566907,1,0.003757998036367487
1530,0.3497905307742467,0.2224377738248953,0,0.0021341215137003155
1531,0.24505399014756668,0.06109313107609201,5,0.012439061617004522
1532,0.2924271716895819,0.1262426293433133,2,0.006461188226228047
1533,0.22134238429099864,0.08859548489061353,1,0.004136157929714137
1534,0.2782543432242238,0.10995295686533627,3,0.007378090733341842
1535,0.2885217772404385,0.13616570008350498,2,0.005065618347833722
1536,0.27621426682978983,0.06755741836786562,6,0.013409939927769053
1537,0.16951947712529852,0.04136378351155406,1,0.004212536616101034
1538,0.3314615521069099,0.08596279893051634,4,0.010252272256220496
1539,0.3357672242958843,0.056965922896666125,6,0.013278129412781827
1540,0.26325898613372145,0.11478928367467252,2,0.005311360080455051
1541,0.14006768860806199,0.029628777886178827,1,0.0023425745903221645
1542,0.14105550788823856,0.031563162997569255,1,0.002254868574976767
1543,0.28805322882068635,0.10365984491060444,4,0.008856732091716953
1544,0.20293989489920106,0.04726818893525258,4,0.008751830914259488
1545,0.13885056620176534,0.001324247610447477,2,0.006407015598376876
1546,0.1488313097526053,0.02955038039622108,1,0.0032190412116778803
1547,0.30422438122201295,0.07172346127563757,5,0.01270846714755868
1548,0.34656865212860133,0.0714656675636709,5,0.010867211497295666
1549,0.2350685903549279,0.03841186186122013,7,0.016810482519697915
1550,0.29292009021452936,0.16358676138148734,1,0.002838121805383157
1551,0.3441986488166562,0.2138225659807446,1,0.0023505127307715
1552,0.1189781819256841,8.332013285077119e-05,1,0.003365009538665344
1553,0.24823960318753632,0.10064353491716375,2,0.005608485104934841
1554,0.3386518173453294,0.07965468673256046,4,0.01045893086817245
1555,0.3399787840760027,0.17713139684782833,2,0.004481955793565968
1556,0.12156869359872499,0.012708523369481027,1,0.0022691871610846614
1557,0.29536300649567604,0.1265840003876779,3,0.006619841486365298
1558,0.34963354679068065,0.1823438228701994,2,0.0044720241665620756
1559,0.15485259880126542,0.013633147642358257,3,0.006916491605142163
1560,0.2796503565236908,0.11703578335399302,3,0.006575084988165168
1561,0.18771355761798095,0.04004957565679683,3,0.00747598856724426
1562,0.3019123647107743,0.11651226934486424,3,0.008023003489765078
1563,0.1598474243574292,0.005587915558650353,4,0.010373876225704086
1564,0.12490195004507251,0.009760524864358418,1,0.0028821182318918815
1565,0.3156663722573927,0.11098239507316378,4,0.008747146309968597
1566,0.3339414947928529,0.025995286137251147,9,0.020338857110211373
1567,0.1953826250280885,0.02925386347799054,5,0.012051170527046554
1568,0.18520530686240463,0.04487269956492379,2,0.0060130003493794135
1569,0.13757478687832342,0.00030648350064038746,2,0.006372625818756412
1570,0.22752358116817353,0.1027415374071866,1,0.0031474656237972906
1571,0.29709145840500595,0.1318027730961312,2,0.006168083912458778
1572,0.14829729478858064,0.013037672798072365,2,0.005749685742036566
1573,0.19081055173152925,0.0660817033979749,1,0.003518569537136204
1574,0.33108001370443807,0.044448408594298675,7,0.01570472412565642
1575,0.2058418622129469,0.01050469272750891,9,0.021399791182841566
1576,0.19538170904162816,0.02165974516945541,6,0.014560387388592836
1577,0.1582078036187095,0.011657094666812582,3,0.008160102581243962
1578,0.3075013292279767,0.13904676439450034,2,0.006059747470079742
1579,0.2646980791213025,0.1516665994897153,0,0.0019174492856444973
1580,0.33017121202900274,0.1984171316153666,1,0.0025827977640930726
1581,0.31454869566000837,0.15439648257211377,2,0.005046235924883834
1582,0.26347453781460234,0.0362914514747833,8,0.019299666762019774
1583,0.3214663774968452,0.1977879842130425,1,0.002176421520018512
1584,0.2397011176736042,0.09793549959982635,2,0.005000087077541829
1585,0.3271748308302729,0.19636210626935427,1,0.0025570461555540357
1586,0.13843762189618697,0.007140554533239533,2,0.005130073132884538
1587,0.3387592837574597,0.21272206372753635,1,0.002161882997784488
1588,0.10723759504106359,0.0005513427570446762,0,0.0021235395761906766
1589,0.27177424019542806,0.06748670925428364,6,0.013279144013757233
1590,0.21698687034950961,0.027772097694678144,7,0.017256824926575112
1591,0.22681493533190145,0.06253602880604835,4,0.009493622644607977
1592,0.2108523813751544,0.10079944660747082,0,0.0019965651121968612
1593,0.13030691884824425,0.004301820380735224,1,0.0043064850907696735
1594,0.30039986192545454,0.15365590842652668,1,0.004207922363501602
1595,0.29511905887240364,0.14533670872631804,2,0.004623287151633681
1596,0.19837282864224315,0.07070319649048225,1,0.0037991904474391296
1597,0.24777426174896705,0.1296558840334733,1,0.0023802071612597413
1598,0.11238034547775476,0.006237090384181944,0,0.002064485111977182
1599,0.2851796857144554,0.0890601502951383,4,0.010580912531884918
