,X1,X2,Label,f
0,0.3058897593292571,0.2904223055407366,0,1.7239656496210705e-05
1,0.024226341104077658,0.015090462405814508,0,1.1453890545883215e-05
2,0.04944399711100532,0.24409964852995594,0,-4.742333509435873e-06
3,0.26858098032792355,0.0827808505237146,4,0.010591155649959149
4,0.3463848198212124,0.5577350700239602,0,-3.993104650584222e-06
5,0.0962820649490764,0.20733182344233,0,-1.0575752028030289e-05
6,0.2446124883164177,0.011424457128328758,9,0.026273631268458553
7,0.2633464669456366,0.17134985558465277,0,0.0009244955752033315
8,0.265324231187432,0.5161920261236612,0,-2.6991159863786054e-06
9,0.3392566404224938,0.39531629102257815,0,-1.5547634618662503e-05
10,0.29898345406913523,0.04926177172128392,7,0.01617802700247451
11,0.0850962651505913,0.37299709940887704,0,-1.8707826796673308e-06
12,0.044079807938199905,0.03966530960811201,0,4.816625000603015e-06
13,0.14874076161305647,0.1608224489044846,0,-9.333275859834936e-06
14,0.018582653914842928,0.3418481595982524,0,-1.3147595322993267e-06
15,0.31255042812938927,0.5586086250850733,0,-2.828523715983858e-06
16,0.17756595942750297,0.3878881077250867,0,-4.0506925921432615e-06
17,0.03954609120472518,0.11649470115192463,0,-1.3902807137518397e-05
18,0.2949339727777616,0.19105107926553702,0,0.0013032972693316242
19,0.3172742453752477,0.3010225923385468,0,1.8260201416278375e-05
20,0.1667020252562258,0.4989769853722486,0,-1.1990242799761578e-06
21,0.007259789388928173,0.34518988236465514,0,-1.1355875260097932e-06
22,0.07624764745551264,0.35132563565412583,0,-2.1268028613144595e-06
23,0.024827050386367143,0.2444751184286355,0,-3.7003943914842062e-06
24,0.27413353312040767,0.31332237297681,0,-1.5767797155420026e-05
25,0.05739237019547134,0.35775946495458827,0,-1.6522216956243508e-06
26,0.04933460822991909,0.2847856218189823,0,-3.1602098706164548e-06
27,0.17393761615024642,0.24384872711805514,0,-1.4521616276524833e-05
28,0.3007709407900087,0.5802168008075498,0,-2.027343016162086e-06
29,0.00013558735125864806,0.4116796543446821,0,-5.439614918624768e-07
30,0.3414819871888496,0.06364736458375694,5,0.012053283467639345
31,0.29042398240498174,0.3851200451725894,0,-1.2125921234854744e-05
32,0.014017476597931504,0.544689052190634,0,-1.6525324692879383e-07
33,0.23101458453125046,0.31182537273514516,0,-1.3512324475086874e-05
34,0.3403566848834512,0.34448932494428075,0,-6.111972064853925e-06
35,0.12030494660650325,0.44450489299989776,0,-1.3008111086134032e-06
36,0.12073669902274316,0.2804489234743906,0,-6.6824790711973646e-06
37,0.26057548590709756,0.080304249408276,4,0.010330361335406883
38,0.30441318288491337,0.2418339185165202,0,0.00026981240465765154
39,0.32485393734866047,0.3842244022720077,0,-1.5338991930894046e-05
40,0.13523564694085793,0.5772629753064776,0,-4.0036612323108324e-07
41,0.15003533379347547,0.4380208393757941,0,-1.8673233812387618e-06
42,0.2774103751547455,0.46606397405600264,0,-5.010769690017582e-06
43,0.33859534057188106,0.30533881322176126,0,6.164085142464499e-05
44,0.027823966454247482,0.1135498112471057,0,-1.3060646860404498e-05
45,0.32593471857045797,0.2571432576123364,0,0.000337039260941401
46,0.11594341160086852,0.1366003401453111,0,-1.266194719953329e-05
47,0.07782179061961919,0.1260998022358866,0,-1.5743108035407617e-05
48,0.17572907130569268,0.03423565825969908,2,0.006470474004266918
49,0.3452688798179614,0.23099069789529708,0,0.0015389488265685539
50,0.18879085316600233,0.516562189164237,0,-1.2537542919830244e-06
51,0.22073357972865168,0.3557737550540899,0,-8.457582523030105e-06
52,0.04872723806728407,0.5058638812251293,0,-3.446170153546222e-07
53,0.09815816129882121,0.5953119326918509,0,-2.3082485541426175e-07
54,0.06835366921330212,0.10903171361878258,0,-1.5656517606999532e-05
55,0.18090220278123836,0.25880741272557256,0,-1.3797587747855485e-05
56,0.23169676981373016,0.14035911507963214,0,0.0009589380269947209
57,0.07815651462439675,0.49660456426995725,0,-5.072217891178215e-07
58,0.01719440555133879,0.30433882006517887,0,-1.886564503147177e-06
59,0.21853436375936913,0.3654492426677181,0,-7.550489094069925e-06
60,0.2621943166844861,0.3008118522694891,0,-1.5728430620801576e-05
61,0.07452531282515192,0.2514104369121702,0,-5.651042933899751e-06
62,0.01957571466910524,0.11963562616613471,0,-1.1644220840272004e-05
63,0.09763627079705008,0.11693400215318156,0,-1.2191275849414165e-05
64,0.1824587921159357,0.5757278799076833,0,-6.514273961500086e-07
65,0.06144382671415517,0.33414210188793064,0,-2.178406973528511e-06
66,0.09554700875905085,0.47973459491526194,0,-7.143011277390127e-07
67,0.33770493920177164,0.21737433551865093,0,0.0018695036526767464
68,0.1701425234392916,0.5125679788550263,0,-1.0832532142793229e-06
69,0.14384758827518315,0.5935918758553488,0,-3.7058663830229046e-07
70,0.1811382452627762,0.10494345304146259,0,0.0005644245585267554
71,0.2735264603235596,0.14657727122306544,1,0.002861971536367066
72,0.16954729646444436,0.003965387589777336,6,0.013831215711437674
73,0.06958318301007779,0.05902708540816621,0,1.3469427809590981e-05
74,0.15456652361211506,0.04630150781280877,0,0.0021009780178437867
75,0.13853233035324564,0.23252940138582073,0,-1.2226678321842861e-05
76,0.2822481728830895,0.2402632952788627,0,0.00010691120530326868
77,0.165975472000464,0.5746667371161626,0,-5.584898130276353e-07
78,0.24816760590610823,0.46972734453534376,0,-3.6166327257163635e-06
79,0.12956988476581183,0.5473167129375908,0,-5.104287606051605e-07
80,0.07795193689299734,0.21871684453215948,0,-8.030276348934956e-06
81,0.17711969980546485,0.07524476784394137,0,0.001580917549444438
82,0.18683685098379424,0.2771125167176889,0,-1.2587936816358473e-05
83,0.3080510835606838,0.1741034457675718,1,0.0030037857545306573
84,0.012411061164587388,0.4602060217227331,0,-3.785129685184076e-07
85,0.06773992851554962,0.2653087510599518,0,-4.606185622454662e-06
86,0.30525478839310494,0.16174267758102406,1,0.0038199184516238068
87,0.2343384108084919,0.3645142023050924,0,-8.851995663134783e-06
88,0.0922093505490841,0.2480391200612332,0,-6.943043934014671e-06
89,0.16447621373782412,0.3993003343979734,0,-3.1743467345440473e-06
90,0.21689289016888189,0.2945755350652542,0,-1.3814049877650015e-05
91,0.06771547701802516,0.5850067784350724,0,-1.8879739871052123e-07
92,0.12859835655978186,0.39038875166593673,0,-2.426809428883655e-06
93,0.13687646767263423,0.2861239230330331,0,-7.394770194269626e-06
94,0.08538378288158,0.06394478878617989,0,3.644491497805875e-05
95,0.2266285654299216,0.11124814595555976,1,0.002310186317546314
96,0.14562014889075536,0.4720559037577484,0,-1.2715504267971266e-06
97,0.22172394418129554,0.20258944856575825,0,2.7347537114193628e-05
98,0.22999785972707543,0.40914320426873096,0,-5.510504899684989e-06
99,0.07781488809854602,0.004208577673971914,0,0.0005513268548851687
100,0.23015969247068643,0.27393588841741373,0,-1.5827459216767815e-05
101,0.008665740346195482,0.028770893374090466,0,-1.2350983187545918e-05
102,0.24711827102515693,0.18358152121561644,0,0.00030468277261263215
103,0.34580350965888956,0.15869918274305286,2,0.005720768192549792
104,0.1591365856709567,0.23950900613829346,0,-1.3565090165169317e-05
105,0.11905477632040866,0.3179234017668933,0,-4.543631149748364e-06
106,0.18236720537721918,0.24871054313990915,0,-1.48157804167091e-05
107,0.1615910463301895,0.4367614363974665,0,-2.1219989273284605e-06
108,0.1483811073327497,0.5920166113100727,0,-3.9390198184089824e-07
109,0.13778752396296837,0.1303044098812227,0,8.13842689148713e-06
110,0.34491043915177155,0.0309895023176719,8,0.01836365451021782
111,0.26522687187007205,0.5102346704851867,0,-2.8616588653085472e-06
112,0.25682541684833693,0.38705379869442946,0,-8.842876938358343e-06
113,0.30330338337896817,0.42421674246344193,0,-9.63177784026447e-06
114,0.06615815064083792,0.3314160730140893,0,-2.3463572491227985e-06
115,0.26366044404563954,0.04434889527462233,8,0.017434035069008823
116,0.20679239590603435,0.2694883222708533,0,-1.5092717777161577e-05
117,0.10144102863362502,0.20665847032616302,0,-1.1131082021394822e-05
118,0.26746411644500856,0.04691771269363285,7,0.01697639435324294
119,0.1813981575844074,0.4283743459018454,0,-2.8110199607267698e-06
120,0.21695943269686685,0.3757096639337293,0,-6.732577373257739e-06
121,0.2934303287211912,0.3031016775259245,0,-8.969006611963764e-06
122,0.25471073176258663,0.1855935127502604,0,0.00038216911802240177
123,0.21021878375732783,0.13709463607456046,0,0.0004794007770977772
124,0.12919994364396528,0.5518511796987369,0,-4.860035375046502e-07
125,0.25939038480713733,0.3323873295124509,0,-1.4243860040603764e-05
126,0.09631680425970277,0.33862826957828535,0,-2.949247078488085e-06
127,0.3277405430241712,0.3886515628327202,0,-1.5234092552512727e-05
128,0.1458541418714749,0.10504962385054596,0,0.00011429368243577369
129,0.10243797477058086,0.17155384915684574,0,-1.459268651860973e-05
130,0.013797887238352074,0.32305516459866107,0,-1.5124855930597237e-06
131,0.04044026677388268,0.5453787456517933,0,-2.1368848532768294e-07
132,0.11678593397205143,0.11208882120353121,0,4.704219408583909e-06
133,0.09149620545832772,0.18886990444060198,0,-1.1899623529736474e-05
134,0.19586057312485083,0.020657800382081513,6,0.015036441122994609
135,0.026329471077300614,0.4677811157852953,0,-4.0324078961246597e-07
136,0.17682533475445147,0.588283775469096,0,-5.431527052871084e-07
137,0.0012846726291653565,0.3442912708390425,0,-1.0794501736615452e-06
138,0.03229012983467219,0.34463557103963877,0,-1.4662049724990846e-06
139,0.011660305933042603,0.22875081459475463,0,-3.796384649896941e-06
140,0.17287277103914883,0.044533849819244686,1,0.004198832983660584
141,0.23161666661665847,0.2240994481012524,0,6.816345478960997e-06
142,0.045219612068072894,0.48163935222844134,0,-4.2396004218453427e-07
143,0.1772001296844307,0.4030526934394607,0,-3.4704816050586707e-06
144,0.24954769783894715,0.367368483102508,0,-9.921734213645372e-06
145,0.10761844366808974,0.37379870483316996,0,-2.3234674920259125e-06
146,0.07739154166579128,0.2476187184154341,0,-6.033196684011007e-06
147,0.06833742540584924,0.16195071444495907,0,-1.2275253405466656e-05
148,0.20468404262194825,0.3375258617069332,0,-8.638302253701478e-06
149,0.19418486338195165,0.4978476624935392,0,-1.5952528244654026e-06
150,0.3376352800246405,0.1643221262088276,2,0.00525001754019083
151,0.24672391487200793,0.20944504595539584,0,8.682352609369132e-05
152,0.15281375938047398,0.43983901197144293,0,-1.8852396933970855e-06
153,0.13779439286149844,0.46506232328940883,0,-1.2611744110861601e-06
154,0.05907058568275368,0.5473917713938902,0,-2.5226315234729654e-07
155,0.25003159473770364,0.48194568061369036,0,-3.261989609740379e-06
156,0.13936527022930564,0.36046575444111223,0,-3.6412578763458925e-06
157,0.3499780182772975,0.1280464881149693,3,0.007061704971026924
158,0.14656852112679966,0.043032341807326575,0,0.0017738200649197616
159,0.1472332293477254,0.5303156372459629,0,-7.216897123321188e-07
160,0.2321631135814625,0.22316538355179116,0,8.826607804727231e-06
161,0.23799216770071302,0.10040801960142606,2,0.0044766481729801326
162,0.26336038423857366,0.0762308452216971,5,0.011284995812775415
163,0.11083209969275297,0.4051856709103237,0,-1.7532829165635995e-06
164,0.09208948211420057,0.005000956376493248,0,0.0009694837351336428
165,0.2134091395667303,0.25470992193426606,0,-1.577016330002243e-05
166,0.24918262523461424,0.3151910474960885,0,-1.4842912695600815e-05
167,0.324197333485286,0.5471948991212706,0,-3.5583871307766634e-06
168,0.22090104798765212,0.4517074077259033,0,-3.3003516221051183e-06
169,0.06916218407943045,0.1826287580290262,0,-1.0353627514011521e-05
170,0.26156407856593095,0.39582579615963703,0,-8.511879364754086e-06
171,0.0826238581893833,0.1425084518138131,0,-1.5275196828399078e-05
172,0.24637978116926337,0.1297622215579982,1,0.00227586005342313
173,0.11580252523680827,0.12662720856085108,0,-8.539470990060737e-06
174,0.0690136676559587,0.44605006060398844,0,-7.675183503803364e-07
175,0.20823093322846659,0.07745238645588244,1,0.004072791736480855
176,0.34250668158667263,0.526196536292536,0,-5.253242273609102e-06
177,0.24083152516778203,0.22777355123686113,0,1.4921528866740176e-05
178,0.08301714818520435,0.26835764352393593,0,-5.1980307398966156e-06
179,0.3354255827796192,0.22138472373127732,0,0.0015809958555937668
180,0.05219908639334557,0.012655615997156455,0,0.00011166867881560757
181,0.01467020792803969,0.4890696520211603,0,-2.900883839331657e-07
182,0.13242374916137395,0.5580654071593881,0,-4.7166373358502455e-07
183,0.09239186710679656,0.05488352364869724,0,9.868536594521756e-05
184,0.0885239715690336,0.251423198472451,0,-6.481134772089263e-06
185,0.22889324967612124,0.25980895963694073,0,-1.5035351404992288e-05
186,0.044167594575756704,0.22063010440036976,0,-5.676908762389799e-06
187,0.25596910980413223,0.3261136357732316,0,-1.4497367410939011e-05
188,0.0684783539158424,0.5423952518303731,0,-2.913130315335287e-07
189,0.009814585828353865,0.25596535031039264,0,-2.841497911061394e-06
190,0.24873374637628723,0.3519435268271987,0,-1.1297101393636077e-05
191,0.23433823816164945,0.548309005841178,0,-1.4379493923114547e-06
192,0.042228632322766885,0.5991571921886066,0,-1.2705345336029141e-07
193,0.09848256329605892,0.38186324346093475,0,-1.9568566026457324e-06
194,0.34225959628403063,0.22904602201455124,0,0.0015084009624785357
195,0.2647435107788789,0.1067703919556469,3,0.006550572598210138
196,0.11060713038131925,0.47967849547713726,0,-8.306784823359782e-07
197,0.31894072356788594,0.2797071274949132,0,8.83401970596782e-05
198,0.3099108984673593,0.554176629686357,0,-2.8797520443954903e-06
199,0.22781918836749362,0.26390308871322987,0,-1.5537062010941518e-05
200,0.18851666180101315,0.23176035275623885,0,-1.578989787615803e-05
201,0.24841939734015128,0.13363973946923197,0,0.0021292222651753323
202,0.09770503626827987,0.4364321838528048,0,-1.1253298885774694e-06
203,0.30482379265989673,0.5486904096193749,0,-2.891617149640829e-06
204,0.20398214050658045,0.1767203871736314,0,5.0117372140019106e-05
205,0.3032227906569674,0.4931948169591375,0,-4.9424575993138254e-06
206,0.020564016055783806,0.4197367978290739,0,-6.154637676233289e-07
207,0.1697412143718397,0.4573383472148998,0,-1.8739406676847529e-06
208,0.2220930217399518,0.06669438536511708,3,0.007847154627976926
209,0.1196020009008379,0.34873059917410204,0,-3.362449315754931e-06
210,0.31234484799509477,0.5756161102948123,0,-2.382063896053975e-06
211,0.04152516102169598,0.5741732855305149,0,-1.61970717504594e-07
212,0.3297273457488284,0.45441883469993044,0,-9.294374891233296e-06
213,0.3127356727959459,0.22730634701141905,0,0.0006554197539008857
214,0.3257952495359577,0.12447055085161,3,0.007720738319014225
215,0.2522238430013249,0.19898020630574076,0,0.00019129166155299184
216,0.23489914879733595,0.39113624124916185,0,-6.896399647105131e-06
217,0.31031984943636076,0.208100362005647,0,0.0011833122910631976
218,0.20040414445866017,0.5213496682520683,0,-1.3420029953262788e-06
219,0.16247314299740023,0.521146246171978,0,-9.209524629713569e-07
220,0.3349542134207341,0.31462200878103275,0,2.5583785320947573e-05
221,0.32764424648170126,0.5441238376359528,0,-3.796529157281796e-06
222,0.3342680124750067,0.4212032433925388,0,-1.2889139245151958e-05
223,0.20108967133806122,0.4820296416116568,0,-2.0016632460692243e-06
224,0.27401679560609205,0.2512404479990545,0,3.4020474308981566e-05
225,0.13490232981653733,0.037582486118704295,0,0.0014108602893198369
226,0.3220592316938354,0.549474780372598,0,-3.40540682240497e-06
227,0.33714546464264133,0.4578767631565541,0,-9.638943084474299e-06
228,0.08651625823796483,0.2833895675730316,0,-4.6368304090773476e-06
229,0.1928786484498686,0.1432175613146712,0,0.0001717738143123208
230,0.34499343421409334,0.43594164445461153,0,-1.2485806641931403e-05
231,0.25706890361484613,0.2886657954891136,0,-1.5173816270167097e-05
232,0.3244509392271714,0.49791438134037946,0,-5.81324834075067e-06
233,0.04235741782477066,0.13395213964739763,0,-1.2478796731152132e-05
234,0.24164430812087678,0.07974841860504522,3,0.008205788306355578
235,0.33726633441142934,0.18135571261981134,1,0.0040852883146310715
236,0.33301808181863807,0.11783830621709294,3,0.008041320065099769
237,0.3379591456550358,0.028547212326207716,8,0.019378142377953992
238,0.15102861886659216,0.006531538261511182,3,0.007831368641796272
239,0.1458096571839578,0.15982043499146928,0,-1.0248194412123975e-05
240,0.19890789233875575,0.19756783555533092,0,1.4724729111947714e-07
241,0.13580595991152897,0.38535282861870446,0,-2.7420610241621903e-06
242,0.016331884356027625,0.4906156688457607,0,-2.904190134058823e-07
243,0.04041003341788431,0.24845414662064166,0,-4.152549057758951e-06
244,0.2763447239188164,0.31697202012714526,0,-1.5817880187720135e-05
245,0.2780086476175993,0.21506077657676992,0,0.00028493639626063326
246,0.19582015351298768,0.47976725854197005,0,-1.9426123033285654e-06
247,0.3439598038207998,0.09848498513900454,4,0.008785524691970598
248,0.11592488555798426,0.2241541019651281,0,-1.0839829088127197e-05
249,0.3306140705040831,0.19455444442810876,1,0.0028531498860738897
250,0.3345685957112356,0.19578272905622088,1,0.0029767149093191444
251,0.30373173757926203,0.0014573349201192575,9,0.03164459343824192
252,0.014980741359514693,0.23854026633310707,0,-3.559378417393382e-06
253,0.08731809608445561,0.27723968623719003,0,-4.967425960357067e-06
254,0.008934525827889788,0.20048940407447077,0,-4.892585700296154e-06
255,0.0607835698959699,0.06532176890336185,0,-4.173838531483932e-06
256,0.1981933258140596,0.11557126008873014,0,0.00071888442593432
257,0.17614273734794003,0.21690679214380387,0,-1.5722037093392336e-05
258,0.07154778555338057,0.1536016183847068,0,-1.3413952134480564e-05
259,0.06747053383835758,0.45516040690402354,0,-6.899733424369799e-07
260,0.08865051347182991,0.16947587714131213,0,-1.3530440296744457e-05
261,0.13906801119982512,0.035789977892952525,0,0.0017761492194939316
262,0.09402533624102626,0.11992327658016116,0,-1.396809065767871e-05
263,0.07669260699382574,0.18021225949211328,0,-1.129914119692777e-05
264,0.3441768705620673,0.23777042519930014,0,0.001225572029891504
265,0.12845145733088878,0.4367557932693701,0,-1.5246581837992137e-06
266,0.1437880906853114,0.46297239605024854,0,-1.367194682075872e-06
267,0.21413240218013418,0.17452189092976353,0,0.00010165966081077751
268,0.03959261399754227,0.3523293962396318,0,-1.4603562176282915e-06
269,0.3124314702932442,0.36287433872924346,0,-1.5792650872409904e-05
270,0.1379086883090307,0.40983851032652097,0,-2.192715586377905e-06
271,0.2296855468337041,0.2446064579245197,0,-1.100871305249248e-05
272,0.1917227467064393,0.25837631284177864,0,-1.47909839845752e-05
273,0.30843209521226356,0.5179730353994789,0,-4.069868395092271e-06
274,0.07371261108089486,0.22333852474165702,0,-7.375225465031602e-06
275,0.17168375984003736,0.4227926114255338,0,-2.697921407218225e-06
276,0.0703617301723858,0.13403111688262795,0,-1.5020016868147892e-05
277,0.14450184100216187,0.14842809407276367,0,-4.0888417074359885e-06
278,0.0151667179222769,0.521781639106523,0,-2.101938407375057e-07
279,0.2555604978545787,0.07488971129018296,4,0.010812944884661396
280,0.004026868431873359,0.5383200112632092,0,-1.5939201111418575e-07
281,0.1772094574683995,0.052816269872149914,1,0.0036136755094612547
282,0.29975162993854093,0.5785064198200469,0,-2.041436320893188e-06
283,0.017417922807451223,0.4672332280962745,0,-3.7092301405573537e-07
284,0.03414807751261542,0.002637689623257988,0,7.156689005773583e-05
285,0.07490829755003159,0.44179857264729105,0,-8.494090532307832e-07
286,0.30266531259672463,0.4095653435210937,0,-1.0927064309563279e-05
287,0.1944247446374182,0.23720164467723845,0,-1.578687298162073e-05
288,0.17248220472436354,0.44823634875286755,0,-2.1092460875093362e-06
289,0.3289103123015736,0.047209677665145056,7,0.01526756066817813
290,0.2767779354973511,0.18691328424898823,0,0.000831383807308329
291,0.10617951868914866,0.31474480382963715,0,-4.1272935630589144e-06
292,0.30599404613202114,0.03476572608030488,8,0.018961456673672942
293,0.07580982141118356,0.5917706184356968,0,-1.9130712014901238e-07
294,0.09259181003557816,0.43625248100144354,0,-1.071243250837972e-06
295,0.008575851668463573,0.5888114572804457,0,-1.006755517532077e-07
296,0.14006371844991056,0.08858097615712976,0,0.00019536183862184757
297,0.23570006062180918,0.0013933012198854343,9,0.029853111441805538
298,0.14099590681074414,0.4420192225321889,0,-1.6394310328915755e-06
299,0.06846377998264838,0.04614421585943986,0,3.912823881620536e-05
300,0.044211278899128306,0.5972193584731789,0,-1.3213043373163912e-07
301,0.2588680626302012,0.45616467978666675,0,-4.6018104497050235e-06
302,0.26251556124036124,0.5936250946545802,0,-1.2108503682057988e-06
303,0.30993927618829786,0.5808559499682786,0,-2.2071163540872273e-06
304,0.33981184757256067,0.04556132487843081,6,0.015062525746981784
305,0.09211962275843477,0.17171086055886778,0,-1.3648195353172765e-05
306,0.31703547046808916,0.3844674428474541,0,-1.4727312536384296e-05
307,0.2687488861379198,0.2958882168618176,0,-1.4569823721429986e-05
308,0.273867101530566,0.22174191501359858,0,0.00017691888505899246
309,0.2524147614380646,0.45450534487311484,0,-4.388739166704476e-06
310,0.13077092297288428,0.2189562586349804,0,-1.2804708012080841e-05
311,0.09320681631736426,0.08763936117844529,0,5.991377335539699e-06
312,0.03388417705012079,0.2017007970265641,0,-6.181096106485625e-06
313,0.22252983669131476,0.4215387370184079,0,-4.5281687609269245e-06
314,0.24885124431805994,0.44584259595132286,0,-4.616879474250704e-06
315,0.22253379328953451,0.0621506995134214,4,0.008874119770365035
316,0.2517296070217094,0.12190848918717005,1,0.0033792672760368913
317,0.3024952771171419,0.15312143289204894,2,0.0044034308006688635
318,0.20979520783008268,0.43814538269433184,0,-3.382943428192327e-06
319,0.29138742168949044,0.18264815796525485,0,0.0015435241220655674
320,0.2283859774273054,0.5067381987291345,0,-2.0529589815423495e-06
321,0.09695640832820357,0.26935457817834146,0,-5.904166855155893e-06
322,0.23484937616313076,0.23400205907178273,0,-7.554617901031595e-07
323,0.0033967474067825407,0.20207865470055067,0,-4.559094513736085e-06
324,0.31546577082050287,0.4565000698367453,0,-7.96915092834405e-06
325,0.17036241021266096,0.10575252359644602,0,0.00034767049594604786
326,0.24825123323299056,0.1244883855354652,1,0.0028448573132981046
327,0.2879581341030239,0.23630636901573143,0,0.00016997195071780078
328,0.11340366825336894,0.1757853053978111,0,-1.5111010247868709e-05
329,0.10015291470509523,0.5996656402997249,0,-2.2543779545005956e-07
330,0.2597431787665703,0.4472977256584734,0,-5.067794339270168e-06
331,0.16230972399591131,0.24607668196738366,0,-1.3235142957215885e-05
332,0.32148080030250753,0.2961257262605053,0,3.826683956471456e-05
333,0.1400331843354969,0.2495525181009974,0,-1.0713190405967796e-05
334,0.30374313446280027,0.12783137140804796,3,0.0069615079160302955
335,0.2548502517164092,0.4013969005667147,0,-7.570760887218111e-06
336,0.011944186069501761,0.34345545770677605,0,-1.2107994487219097e-06
337,0.10565752222928688,0.44186132984363624,0,-1.1539510324721234e-06
338,0.11483650438892537,0.41707234433867596,0,-1.62035023022899e-06
339,0.13968523270743793,0.562743446819095,0,-4.839543178765269e-07
340,0.08733170080618789,0.2931747600089725,0,-4.241714638824247e-06
341,0.15037067430132503,0.4806255814457294,0,-1.2238203994717493e-06
342,0.301546135697401,0.5980193291577411,0,-1.7101804824665126e-06
343,0.2234361012598496,0.4928508564160246,0,-2.2449082208222044e-06
344,0.023457277037075397,0.14846433376959747,0,-9.322776195170402e-06
345,0.25574289975603176,0.10923269731776457,2,0.005255928889381501
346,0.29833866232808015,0.13035950729550383,2,0.006401407968656573
347,0.23420782073013272,0.5432557954631929,0,-1.5104742893572853e-06
348,0.2244303121547446,0.2963011365563168,0,-1.4347690851492914e-05
349,0.06745029554399133,0.1939507239396994,0,-9.189433118457382e-06
350,0.34195033144162,0.08880635569098731,4,0.009541633003114124
351,0.3088502706339647,0.3402230714654454,0,-1.526357306608806e-05
352,0.3457204205719183,0.12768440278085108,3,0.007204993162041358
353,0.05135450445348846,0.3143429794991323,0,-2.4006123136362272e-06
354,0.07852238312072404,0.01407899733094493,0,0.0003679844794869368
355,0.2741094867243137,0.536194541527753,0,-2.4126897059863813e-06
356,0.2319183391730577,0.3321448456773031,0,-1.1592670127865866e-05
357,0.3126978329086664,0.42098081058756115,0,-1.0792200534186283e-05
358,0.16666811294776038,0.4253688359582213,0,-2.5012121345379325e-06
359,0.34011541887132224,0.3175038990268947,0,3.0405969791059504e-05
360,0.09524228208190438,0.3896056713483245,0,-1.7535135756396285e-06
361,0.1409044708901085,0.1692956514436275,0,-1.450801953497476e-05
362,0.2358029761159338,0.548295075944984,0,-1.4593156124502006e-06
363,0.1965812322933901,0.5598138385105181,0,-8.793944328016513e-07
364,0.21243491171030723,0.1370778996539191,0,0.000524412091070772
365,0.052527201433256676,0.031051721441507918,0,3.7004239670803515e-05
366,0.031080623177855458,0.42747888266557676,0,-6.327054769458335e-07
367,0.30955260516879657,0.07071797492621294,5,0.012661229081626072
368,0.005354354011077217,0.27167794676134366,0,-2.3231683987790975e-06
369,0.02493626117895648,0.19213732715559495,0,-6.219144613087923e-06
370,0.33028753108587794,0.19471395607788855,1,0.002825657787690936
371,0.10920911941922201,0.24767838815498397,0,-8.204189810917348e-06
372,0.141410650448771,0.3987712825810215,0,-2.536036132142982e-06
373,0.1718160277013775,0.4535809167481135,0,-1.9863248662342463e-06
374,0.06443210637415069,0.39757779242269786,0,-1.1904470460405666e-06
375,0.3344161979389096,0.28632889561549224,0,0.00013476146689776308
376,0.00029938679706816295,0.30975040621386746,0,-1.5097690775272504e-06
377,0.2836699275818715,0.07218797456004375,5,0.012847500283702285
378,0.23096926980705662,0.15201859839801496,0,0.0005914687787617799
379,0.04493814371830736,0.4726748166336893,0,-4.62418903850169e-07
380,0.10543041552372384,0.3972167316767894,0,-1.7989987570723977e-06
381,0.11502905981364378,0.31662481217486016,0,-4.422587294132053e-06
382,0.2810596912130786,0.012847405903829512,9,0.026447199405325573
383,0.1429827683624534,0.5035467182659469,0,-9.039900408880894e-07
384,0.12470187688234488,0.5460697649610293,0,-4.923127581155239e-07
385,0.26133645050876164,0.2845096024574146,0,-1.3750106491017394e-05
386,0.20276407699614013,0.32646998880805955,0,-9.409169341073977e-06
387,0.0823784004590879,0.3665318403267916,0,-1.942248195210006e-06
388,0.14249599891050346,0.23757932395691475,0,-1.2118242243040826e-05
389,0.012036965401156369,0.5840230006086335,0,-1.09328996758884e-07
390,0.17497747402430694,0.35339340001104985,0,-5.556878333888881e-06
391,0.11737234658589059,0.2532406446718118,0,-8.40840959599277e-06
392,0.06800507592716555,0.3266018853310897,0,-2.5077139188949293e-06
393,0.3301577480092321,0.5091144076913918,0,-5.506338694063846e-06
394,0.19445867466549846,0.44053103390888887,0,-2.8357669597279733e-06
395,0.1826811920705914,0.24412387917592376,0,-1.5178744063592104e-05
396,0.22143781119979425,0.2996452603557139,0,-1.3763656653705598e-05
397,0.20900957843189963,0.01608520599754195,9,0.01985436093879383
398,0.25538505797834815,0.5516443929763309,0,-1.715638195327422e-06
399,0.16873526208788595,0.26223465273554686,0,-1.2270836108058859e-05
400,0.042406814618142136,0.1509470885932285,0,-1.0820465276901776e-05
401,0.20420165682326444,0.17468920890305806,0,5.776257764356699e-05
402,0.15291969592014829,0.0912025166053302,0,0.0003104549575362302
403,0.17381225840012166,0.4614944285971291,0,-1.8722116965778017e-06
404,0.15650614765257984,0.0715190408330683,0,0.0008348848135296694
405,0.12742223457896149,0.33453036961287264,0,-4.186055472325152e-06
406,0.12787947496436278,0.13944210378575483,0,-8.982203508246037e-06
407,0.01726132467626083,0.21959989379371941,0,-4.395935571136284e-06
408,0.11726945531370454,0.024167670906727556,0,0.0012146925484157202
409,0.1349625744188049,0.17073302973204915,0,-1.540640590390902e-05
410,0.06120444635146133,0.19538187846343152,0,-8.551229780782932e-06
411,0.22881800920919668,0.06927520080479199,3,0.0083821155764005
412,0.22678651169360578,0.07325719634953853,3,0.00729255519167814
413,0.2371396024563734,0.159703428420114,0,0.000551367000311984
414,0.07366847881783757,0.020724454860647088,0,0.0002169843279781242
415,0.019980854020849134,0.3137517730371143,0,-1.7656082526159117e-06
416,0.05042521748678244,0.11086128606534319,0,-1.5240478692407747e-05
417,0.09949559226644224,0.08306060145130013,0,2.420954160294474e-05
418,0.0497983801628157,0.22052647828388763,0,-6.005843000852364e-06
419,0.30454477912018024,0.53254254934701,0,-3.387283269589008e-06
420,0.14713613850184942,0.48080688947900296,0,-1.18279466542955e-06
421,0.3128647312033027,0.3647401078438326,0,-1.5740066293747315e-05
422,0.2254472631825174,0.28624031108445697,0,-1.5226958965077394e-05
423,0.19205755596082894,0.306651395615738,0,-1.0228878319746734e-05
424,0.15932342130342333,0.5342059262215811,0,-7.832020870932471e-07
425,0.08551040897105623,0.2815787610854316,0,-4.674062263820403e-06
426,0.012155563298395716,0.3959388866020496,0,-7.179177302114453e-07
427,0.2157295134542353,0.3552259743856589,0,-8.107623490858808e-06
428,0.33744459109389324,0.5443852410733149,0,-4.173041921932194e-06
429,0.0899245621987396,0.18355239004947457,0,-1.2270844673722634e-05
430,0.19057275788672956,0.5034708546643155,0,-1.4546839713694989e-06
431,0.07749480590577461,0.139998802531181,0,-1.5102475757873402e-05
432,0.04870681760047055,0.37145485099026004,0,-1.321123187146786e-06
433,0.09430809879436836,0.4928452873332563,0,-6.18832356945458e-07
434,0.147298950259075,0.10945165589994303,0,9.75520725144462e-05
435,0.22826214745084233,0.2741665848045045,0,-1.582897414719695e-05
436,0.24860321344206934,0.15564536022351003,0,0.0009869075753590401
437,0.08673278520139865,0.5161500120401362,0,-4.544780056330577e-07
438,0.24936958038578808,0.2966293345348162,0,-1.582985721694905e-05
439,0.12960258332047495,0.057464181654369104,0,0.0004998597106130742
440,0.24201239458012425,0.30829375434322726,0,-1.4820953619638461e-05
441,0.04110390172710175,0.053783755936018536,0,-9.33244768361763e-06
442,0.10867808927598,0.18279848223467995,0,-1.415583400054282e-05
443,0.020150501974711438,0.5604366991941175,0,-1.500952179656095e-07
444,0.29895286291875883,0.36715831321357834,0,-1.4662283981601648e-05
445,0.033679473235712465,0.03338610518953511,0,2.3266847349539e-07
446,0.18721564632153784,0.1294814768039473,0,0.0002517036551918656
447,0.1010197246671956,0.5365936723247214,0,-4.2726065863865875e-07
448,0.2905019884799202,0.4428997235263497,0,-7.148113224587958e-06
449,0.2837019779738583,0.05171114223864124,7,0.016104958476275286
450,0.27355255990462535,0.160646733536244,0,0.0018604954240905448
451,0.22427343793497978,0.195026888161119,0,5.5739770894691035e-05
452,0.13592804974569356,0.42042796155938883,0,-1.9339687932384476e-06
453,0.33098245241131186,0.598267583323794,0,-2.287394366757375e-06
454,0.26249900303491436,0.5950291832707916,0,-1.193777786892116e-06
455,0.0896795531961696,0.30092823849981265,0,-4.019631452986741e-06
456,0.13364441011751707,0.41477519718002703,0,-2.0002634609151515e-06
457,0.008398733438555777,0.1474469041883212,0,-8.169798503421209e-06
458,0.06736252339629968,0.07803630437909956,0,-8.308987118710035e-06
459,0.06235011186595186,0.127865874897146,0,-1.4882993670187256e-05
460,0.2915112299518742,0.28480017940638935,0,4.673267271065085e-06
461,0.29193240793839387,0.30771778582493586,0,-1.1683495832530516e-05
462,0.09885008798951256,0.5534306074681302,0,-3.533171360190295e-07
463,0.04728612385659813,0.016949483886527904,0,6.652706794541468e-05
464,0.2732225245395344,0.2738196828652846,0,-2.5493992902563324e-06
465,0.28623794220963794,0.26684576409085276,0,2.5626555549688492e-05
466,0.2539264338583662,0.5051445089083905,0,-2.6904025850557907e-06
467,0.11993977679397443,0.3321275002257175,0,-3.9803716524258265e-06
468,0.17555043397891762,0.36164002915990656,0,-5.151422952003675e-06
469,0.07567963228094765,0.2720078285558008,0,-4.662696964540875e-06
470,0.24066297459211045,0.015256898580376132,9,0.024589809124549975
471,0.052623872024758024,0.184906213671742,0,-8.70653483934703e-06
472,0.26134299398169225,0.4521297652603484,0,-4.9080986244371475e-06
473,0.05633570892736966,0.3209524699592172,0,-2.3617342873701743e-06
474,0.21858917364918093,0.3421621697168194,0,-9.417560113787477e-06
475,0.060183197008440416,0.41949628374273185,0,-9.164376357061307e-07
476,0.18098836030976292,0.19298154875559595,0,-9.434631910344079e-06
477,0.07385444084181575,0.14285023231015875,0,-1.4604425125885635e-05
478,0.236506432659655,0.20541004371746188,0,6.164146227441326e-05
479,0.02384985436326885,0.114833924966442,0,-1.2541484075800189e-05
480,0.04082163714220518,0.4349303377518544,0,-6.472865846837999e-07
481,0.19815142305368985,0.4623255535301839,0,-2.366751428154496e-06
482,0.22194865039608327,0.19335307921519665,0,5.3637700507630365e-05
483,0.1250860457041511,0.30301969161200354,0,-5.5885341953600225e-06
484,0.12316725999277078,0.42208026756332584,0,-1.6748573528197338e-06
485,0.29317841980527976,0.06491100409302138,6,0.013853055055273142
486,0.2147164287130295,0.5959132388028554,0,-7.34579963989484e-07
487,0.1741769456263657,0.06907853555805028,0,0.0017969155847737679
488,0.15289966139872826,0.22957438176144876,0,-1.3916499004703806e-05
489,0.275996699589858,0.1947280543307852,0,0.000601852250489916
490,0.29304809788770686,0.4880393537588986,0,-4.704090266009689e-06
491,0.014628269791546444,0.042311466182648756,0,-1.4261880723036363e-05
492,0.17875094323201038,0.08137098116376985,0,0.0013260384807667518
493,0.27272900254592863,0.02605248568145233,9,0.02206999918735423
494,0.19919027716319368,0.5603027186418723,0,-8.981919926129292e-07
495,0.1041789840568601,0.19051621097707605,0,-1.2991125631700753e-05
496,0.027207281083114147,0.18562503922460394,0,-6.776268892564128e-06
497,0.08703513447278483,0.3209494218959703,0,-3.2073818967462796e-06
498,0.0059882077907530695,0.5530811290939768,0,-1.4023938791584764e-07
499,0.16717220386378623,0.5029385096914227,0,-1.1578854304997535e-06
500,0.26255823935664285,0.44006753318519365,0,-5.5956662890091595e-06
501,0.269142821902156,0.13157886513337289,1,0.0039141330694541475
502,0.07041728018251181,0.07934924704313052,0,-7.284428306053273e-06
503,0.2903089432425985,0.4936247513212856,0,-4.33157155045256e-06
504,0.33283021534651897,0.24699109757193125,0,0.000637004776772387
505,0.013428503864374818,0.17792196815143982,0,-6.3870302251315585e-06
506,0.33728165091191853,0.29887876964396504,0,8.236015478186487e-05
507,0.16967700688813814,0.31594559003527983,0,-7.6055185858345174e-06
508,0.12617024339067615,0.3202048509748579,0,-4.766170288463415e-06
509,0.06738038600588979,0.22567977421430063,0,-6.780662344196985e-06
510,0.15795715444403746,0.33985308212409165,0,-5.3711534339149365e-06
511,0.10788887855767808,0.2586661795993981,0,-7.2898355788628565e-06
512,0.2706558475530852,0.19363262949383772,0,0.0005144153855948207
513,0.34335173257067747,0.4817667523577891,0,-8.164269318488983e-06
514,0.055782437580872174,0.08657497175956223,0,-1.4793676983602708e-05
515,0.06033490852342758,0.15604048757176342,0,-1.2068901387796096e-05
516,0.2953021156244289,0.310878382876911,0,-1.162532774181304e-05
517,0.11251409453553485,0.05333369003548716,0,0.0002847705529718802
518,0.25161902451401086,0.559370704211217,0,-1.5296157330270368e-06
519,0.10529323337105165,0.2665347807680579,0,-6.5852017714897475e-06
520,0.19527836426563977,0.4307610285379114,0,-3.151691481884063e-06
521,0.21987182719528575,0.4788088201773606,0,-2.492724691067287e-06
522,0.10015849278222698,0.07985966148109669,0,3.321174265026866e-05
523,0.010803046415825822,0.08312892893861146,0,-1.4324417164774123e-05
524,0.3078164033596589,0.5534304951692733,0,-2.8414292977898306e-06
525,0.02469185637706308,0.024477021550657473,0,1.7566994215864404e-07
526,0.17591828877267102,0.15152068837824517,0,4.2434698140344215e-05
527,0.07526420034470648,0.4183528649008817,0,-1.0776396924368082e-06
528,0.017659883627169713,0.48934034841266183,0,-2.980745286749171e-07
529,0.05840600464729435,0.2763196978146631,0,-3.7633135492856076e-06
530,0.0382967110759635,0.008061935868998015,0,6.626003028148678e-05
531,0.1850019926772815,0.20382397437115,0,-1.2265422277645677e-05
532,0.06948814377628842,0.5533393335157273,0,-2.637615879179288e-07
533,0.2891664934076052,0.38374442943153514,0,-1.2137982050656606e-05
534,0.15545001629921282,0.1450114095286193,0,1.229644825558796e-05
535,0.2441952131330914,0.1410902832878501,0,0.0014412848038890794
536,0.21431217428763372,0.5975934594756359,0,-7.194346250101108e-07
537,0.15809159150321503,0.08331546934151997,0,0.0005452101586633673
538,0.13085456488977332,0.12062462237746475,0,1.2306583922678836e-05
539,0.20221301500290909,0.31066538006401073,0,-1.0802633895432375e-05
540,0.34725129734526067,0.5300965837844722,0,-5.296477005498197e-06
541,0.008771724033697874,0.5431383749931619,0,-1.5926718559776272e-07
542,0.25559935146049145,0.3538074564810859,0,-1.1786077815308507e-05
543,0.2432369243680276,0.0713227111138846,4,0.01005560977297513
544,0.17491311247630217,0.4948588786876448,0,-1.35611070670694e-06
545,0.11170987380414182,0.24220184584496837,0,-8.846970349778154e-06
546,0.06558324787557632,0.4307800412764847,0,-8.640182409324834e-07
547,0.03481316868922819,0.1175684561163639,0,-1.3350085512385961e-05
548,0.3211859703855217,0.1086460571258188,4,0.008875625007891696
549,0.2795493206264253,0.15396093313254572,1,0.002690199277400889
550,0.10237805882867078,0.43918192919565674,0,-1.1471026955379645e-06
551,0.2792435709169339,0.41392298434738545,0,-8.474459002844904e-06
552,0.2535046722428416,0.3346860704702305,0,-1.347271518551449e-05
553,0.03645324894336286,0.5769886677329746,0,-1.4969513097269194e-07
554,0.07641713190569774,0.24973942877933097,0,-5.852561318517808e-06
555,0.2035425771347414,0.49138213137585657,0,-1.8682260489893739e-06
556,0.08730265818505537,0.28215011241275784,0,-4.730857305838264e-06
557,0.33262368366092265,0.031403880210017165,8,0.018759605397217907
558,0.3481067392226464,0.22837043601236717,0,0.0017695504869718421
559,0.34380031089268637,0.5827061578468558,0,-3.0351246135499736e-06
560,0.1753444334006502,0.16083120595077224,0,1.9004015892939227e-05
561,0.1796097155758621,0.33111143858685005,0,-7.22942976017205e-06
562,0.13379617142024736,0.26888628318330915,0,-8.468302152636305e-06
563,0.23981865247032133,0.2990251958562204,0,-1.5332709632701554e-05
564,0.02001022751599578,0.4538078392917998,0,-4.353460610098984e-07
565,0.13968923947796666,0.2714410056334536,0,-8.738659678877464e-06
566,0.29134043243630303,0.2564821366985217,0,7.208049208650823e-05
567,0.14547484884103964,0.14251838834284075,0,2.406788730461651e-06
568,0.05360807735974073,0.5960260201513281,0,-1.4687488305769493e-07
569,0.2675454293111673,0.19368374314152084,0,0.00045555250166079246
570,0.0931928392485291,0.3486975068262275,0,-2.585445781393415e-06
571,0.18242868443802082,0.2916276192264685,0,-1.0735700207083563e-05
572,0.038361711647749486,0.42243000423065624,0,-7.156689403699601e-07
573,0.192792090345026,0.023454232823166454,6,0.013290798151231928
574,0.30412141520714914,0.5900007708143975,0,-1.9009969959365962e-06
575,0.2783393437124522,0.4116844814538923,0,-8.582307572851525e-06
576,0.04498790849277805,0.03988344372342129,0,5.680216217908205e-06
577,0.08554230320088749,0.2892405325151723,0,-4.333186173133179e-06
578,0.10626785084870399,0.25227455226534107,0,-7.633364431620377e-06
579,0.2683338995669003,0.40587341554666706,0,-8.249790792512404e-06
580,0.30227223059013864,0.13739290153064146,2,0.0059196499326306115
581,0.26849670593297986,0.36067305384992643,0,-1.2382028920425604e-05
582,0.13850947538523053,0.1332732557538333,0,5.167498425343407e-06
583,0.26291835727931223,0.45740136204192405,0,-4.7314903785034094e-06
584,0.23092908810808696,0.06541835532823674,4,0.009517471470077692
585,0.15852223397609644,0.5095107101339973,0,-9.945661399283564e-07
586,0.13942500752878345,0.45575293673155737,0,-1.4068971124198657e-06
587,0.2144298278241328,0.30433965729865187,0,-1.2619091842571143e-05
588,0.22113778501294276,0.38361204522181347,0,-6.491749533767682e-06
589,0.0869007109412302,0.06988773589258768,0,2.5637128952552455e-05
590,0.310237985125385,0.18233676214061895,1,0.0025469895676202784
591,0.32860377795151097,0.01823278201672911,9,0.023287037304947498
592,0.17678573592907396,0.4831319462525031,0,-1.5535303814087104e-06
593,0.32604544992269424,0.2506886510850956,0,0.00043679455061931247
594,0.006127311438669552,0.2109180028884393,0,-4.290662973381844e-06
595,0.08599721818579568,0.03058238849882735,0,0.00024257325472051272
596,0.09598639055090957,0.14365173234148867,0,-1.575446416363629e-05
597,0.0031281351982220705,0.27612213672145075,0,-2.173442431130116e-06
598,0.22156495309086432,0.15749742622412355,0,0.0003217049771202621
599,0.06725171365574809,0.4592262018798699,0,-6.610381954864745e-07
600,0.18165539565145025,0.1321073222790917,0,0.00017251442314801703
601,0.04856039023630461,0.5704898039039372,0,-1.8028168491557844e-07
602,0.2248077019503099,0.24062198813698285,0,-1.1342110235330246e-05
603,0.28339342993154665,0.15507252837002206,1,0.0028659703014453776
604,0.013320502484785113,0.5721625435162446,0,-1.2468444614814814e-07
605,0.05077590947333312,0.5736415309393623,0,-1.7859721769966064e-07
606,0.22484847864193483,0.2865960372662603,0,-1.516139013394282e-05
607,0.060843048582268355,0.4894827339147663,0,-4.581753886344261e-07
608,0.2496581405574995,0.09486979690361563,3,0.006645251325218223
609,0.24653837090923034,0.13655127982308052,0,0.0018215435948243208
610,0.30039636963306404,0.35651430740329265,0,-1.5531054916184844e-05
611,0.05043380481042151,0.39580948451259546,0,-1.0536065975209728e-06
612,0.3482836185367276,0.4126431948761561,0,-1.4978594370098188e-05
613,0.12967498954814452,0.1445215806722413,0,-1.0564817352434716e-05
614,0.1551761141254884,0.2921368977063834,0,-8.316116197539683e-06
615,0.1849852152291206,0.49279778070090996,0,-1.5306992095218369e-06
616,0.25844739874335637,0.5074512696377641,0,-2.750231982561039e-06
617,0.10010275407694191,0.2519273688787082,0,-7.21722174052001e-06
618,0.16945089504126706,0.32700272739963654,0,-6.818486304684234e-06
619,0.11836242638079375,0.28850730878321984,0,-6.034219306195186e-06
620,0.20480781561053182,0.5620779113119893,0,-9.332719370894843e-07
621,0.2726510243848091,0.5914735946204669,0,-1.3687731824944907e-06
622,0.05376854404060364,0.4072339540512954,0,-9.716976967280257e-07
623,0.20296318267334204,0.5148819166971258,0,-1.4686537820627724e-06
624,0.3001309950869187,0.20446381845629935,0,0.0009722587121094637
625,0.2939577159444727,0.3807203415415224,0,-1.2915494897826766e-05
626,0.2850104046736674,0.1858921827246456,0,0.0011368949817051632
627,0.10475249043480726,0.3311341429272491,0,-3.4565967334780175e-06
628,0.306534275852343,0.5642422676096894,0,-2.5184709099563772e-06
629,0.3006202144707834,0.27314870721415346,0,4.549116822098417e-05
630,0.199894581829344,0.046979481481423675,3,0.008233943863083569
631,0.14220163696886778,0.5154538460449087,0,-7.962909540839479e-07
632,0.0830942651395341,0.594220007205287,0,-2.0076564075830506e-07
633,0.09378671506883987,0.5690399200752418,0,-2.873538248560514e-07
634,0.09030863327518142,0.1261045210713823,0,-1.5373980149635e-05
635,0.22571096096121823,0.2907251612484025,0,-1.492049257666906e-05
636,0.10526615519820916,0.5185539583946882,0,-5.338880489362599e-07
637,0.13785071593432527,0.4731481782039389,0,-1.1638872546259458e-06
638,0.3191595139324421,0.40947077815996186,0,-1.2556010168008433e-05
639,0.07523371165555758,0.5365491078508505,0,-3.3040728315435206e-07
640,0.3389316160395442,0.5430760686668872,0,-4.290366124214077e-06
641,0.0366711244098601,0.20225372464778923,0,-6.317659257609033e-06
642,0.2358700844393972,0.3851085832832006,0,-7.380177937288789e-06
643,0.031076218921175777,0.07213582598834141,0,-1.566117918807549e-05
644,0.09431877932727971,0.1479493687206528,0,-1.5599558039763136e-05
645,0.3359422121017499,0.3876954103543062,0,-1.5757556143940635e-05
646,0.3145388193955296,0.04601654377829323,7,0.016159834102299823
647,0.11758356734671006,0.23902236020629644,0,-9.623195619599842e-06
648,0.2813856289749159,0.5294117588456265,0,-2.7756925446243946e-06
649,0.11945457573926692,0.15177644565441495,0,-1.5047181222092134e-05
650,0.08157359922098578,0.137082651161426,0,-1.5516193261908174e-05
651,0.27359384718913227,0.4970860745665216,0,-3.545542927938547e-06
652,0.33715882910435896,0.33620561665409754,0,-2.119853890956109e-06
653,0.10114654017072815,0.294438505182522,0,-4.803338973269408e-06
654,0.15994581075147513,0.24660705440735667,0,-1.2950847745344895e-05
655,0.2543564548576472,0.3318248591750091,0,-1.3829330104590304e-05
656,0.24929948182602757,0.0722488099149031,4,0.010629429716331662
657,0.22714748533620122,0.5315976340477998,0,-1.5817321473283496e-06
658,0.17026273226104688,0.23138014337031684,0,-1.5199806383895609e-05
659,0.18086281449189343,0.43712496416092456,0,-2.562186473702407e-06
660,0.30104874976776436,0.2342993194789058,0,0.00032310020333386715
661,0.2859530926914559,0.5289584652653886,0,-2.917945759888347e-06
662,0.20567481701599907,0.42548271091578954,0,-3.6837342772148695e-06
663,0.04163153091704387,0.11978005657443147,0,-1.3790283742364316e-05
664,0.3378082780863138,0.05470133765848055,6,0.013527041738704615
665,0.23480441875034408,0.10696719399286422,1,0.0033832841810166377
666,0.2881937172391814,0.28566529291409587,0,1.364603308164214e-07
667,0.23458846945066486,0.3933455500010285,0,-6.729374779065181e-06
668,0.24328650314105923,0.24453451087421493,0,-2.7487830845190003e-06
669,0.13556214426190086,0.30544775326428797,0,-6.047796995843296e-06
670,0.3344433946380675,0.18778257619173716,1,0.0035076412579092193
671,0.04865083772865453,0.11079134294421815,0,-1.5128115800709418e-05
672,0.25746637421954255,0.4988327179022965,0,-2.968063976175666e-06
673,0.28997654742387785,0.31218454482925084,0,-1.3626452045145189e-05
674,0.004680190421773294,0.3718039781805032,0,-8.4811806733318e-07
675,0.1749164303708333,0.2586720659902402,0,-1.3234319621409201e-05
676,0.23128710216750936,0.4715370677801515,0,-3.003071179905002e-06
677,0.029902098945562287,0.5874832203789258,0,-1.262442783955551e-07
678,0.13554012413548228,0.5634420975193529,0,-4.611016804178387e-07
679,0.33911249837448226,0.49679043549123997,0,-6.781404145926705e-06
680,0.19547855620233953,0.22661272368643373,0,-1.5002564696781094e-05
681,0.20491358787500352,0.0323026291004731,6,0.013291728520879089
682,0.09394964542734392,0.20420091592450199,0,-1.0651350309067455e-05
683,0.32982794847588875,0.5212544644772134,0,-4.868205110577495e-06
684,0.19923640086069005,0.3714677492201965,0,-5.902661490317444e-06
685,0.033137242153811905,0.47961526989151027,0,-3.834448345007707e-07
686,0.14451804676961044,0.14541144763131372,0,-1.49688131736682e-06
687,0.2180706548984353,0.41375708413401807,0,-4.680319217108469e-06
688,0.18750290254519772,0.5728312279942713,0,-7.051957790250664e-07
689,0.28862490264411267,0.028561593123417238,9,0.021127742400890003
690,0.2968082083469563,0.29040360456483505,0,4.200930563832495e-06
691,0.1489594126644004,0.17112051839019662,0,-1.316655385934687e-05
692,0.1847704886613295,0.4004639149289126,0,-3.839384204625021e-06
693,0.1420274529633299,0.39022680156690587,0,-2.77889894181666e-06
694,0.10528864619424191,0.1032609199792937,0,1.711473691354762e-06
695,0.22556359469187817,0.3959049319752203,0,-6.009732089442204e-06
696,0.21224148686253355,0.3016021302837178,0,-1.2674109167213508e-05
697,0.2511749513462919,0.34926486486136843,0,-1.179878330304571e-05
698,0.2809361747300151,0.4933970832457897,0,-3.956249944358672e-06
699,0.25313767266122345,0.24364963401240258,0,9.103072472457337e-06
700,0.035934123539941,0.06503911974671403,0,-1.4522261761253998e-05
701,0.32520867475267284,0.021115985223810172,9,0.022318052539686203
702,0.05275603040795404,0.3041068187395125,0,-2.6964192733636898e-06
703,0.3471657242999188,0.5011954288015279,0,-7.0244354624715315e-06
704,0.325653387139701,0.5078549754468186,0,-5.333605166776014e-06
705,0.08677234402024789,0.5560978831736062,0,-3.0492937479605514e-07
706,0.15997705514211508,0.14391211545226115,0,2.237007042943463e-05
707,0.1403825125599822,0.49466490342816455,0,-9.626266185568089e-07
708,0.18266518221965025,0.04979365397900115,2,0.0047545364240644756
709,0.16428093811672154,0.4270028036884524,0,-2.402864049058475e-06
710,0.06053763865890804,0.1921920793933936,0,-8.757287598858094e-06
711,0.07824158802315981,0.24895998880563297,0,-6.004093898844107e-06
712,0.28462594000625074,0.523090810136499,0,-3.053225408522093e-06
713,0.24124843342588967,0.08145001929636426,3,0.007840482683659895
714,0.02927012665053049,0.0022491148282911544,0,5.436427145494539e-05
715,0.31104035602053737,0.5365578762227831,0,-3.4714247354438355e-06
716,0.24487365865064492,0.3350327685961963,0,-1.2588131942476217e-05
717,0.02225725039162269,0.19833540149877013,0,-5.699908912165342e-06
718,0.1464963625573253,0.2685709374632672,0,-9.562393241909748e-06
719,0.14314371018281857,0.2956298788320018,0,-7.165890752183998e-06
720,0.20356510488761162,0.4884453471289725,0,-1.9242949362206108e-06
721,0.2816033579278181,0.4612792130474034,0,-5.474772694288801e-06
722,0.2692986758619984,0.3798313376522057,0,-1.0590302702235384e-05
723,0.30597246928476984,0.470275240304998,0,-6.363016684427075e-06
724,0.33306734251529374,0.3141528772683679,0,2.273843145948697e-05
725,0.34369471692792763,0.12569701456393384,3,0.007354156311375143
726,0.28362598362274094,0.33892632323039346,0,-1.5569459625835265e-05
727,0.25260568183708226,0.23972883333913972,0,1.432725195197296e-05
728,0.3140581186286712,0.41938831934596305,0,-1.1075008706775702e-05
729,0.021450911938057687,0.17133164636163292,0,-7.361904181224574e-06
730,0.3449723463598785,0.44494503745873754,0,-1.1588825950125722e-05
731,0.21617697410819603,0.5757811715834692,0,-9.115535650581992e-07
732,0.0948347452503637,0.1281297565118719,0,-1.5136661488972908e-05
733,0.06473708795954077,0.4997916917249565,0,-4.296869909221542e-07
734,0.004982676933242957,0.4283956182646635,0,-4.83061094575599e-07
735,0.15291947021274457,0.054752528646487296,0,0.001423421415139477
736,0.026689255004675314,0.5008405449465101,0,-2.90771775801829e-07
737,0.33444466577661186,0.38827772280963924,0,-1.5663557961459664e-05
738,0.34152340938355136,0.3978159788905492,0,-1.5535092261992e-05
739,0.029010800049965917,0.22292177940293542,0,-4.77864956152269e-06
740,0.17668053227333008,0.029601366068694034,3,0.007699806938425107
741,0.14578014617946294,0.44838709486341105,0,-1.6135570952336142e-06
742,0.2099345040845983,0.5571534657925478,0,-1.0318288518263352e-06
743,0.30061135943153494,0.41747697590981087,0,-9.995870767224734e-06
744,0.16676839982752437,0.44266430160665465,0,-2.1064786099434646e-06
745,0.14385447438153157,0.06713538276959992,0,0.000600166260909231
746,0.06813529771149074,0.5365476753998845,0,-3.0779882449754817e-07
747,0.26559622665286353,0.3476226518947507,0,-1.3388285816057289e-05
748,0.02807200207820729,0.07189070457824683,0,-1.5732168795203917e-05
749,0.11805941909758992,0.30078258729022905,0,-5.331261162886151e-06
750,0.004419455987488035,0.12340323388697161,0,-9.856247709696466e-06
751,0.33696333722926364,0.09598962727693154,4,0.009257302723124717
752,0.24719841940302598,0.4853546879684275,0,-3.06535448237712e-06
753,0.3402283238352036,0.35454387196274834,0,-1.1435233742617197e-05
754,0.28078275687280435,0.5964336025374174,0,-1.4126035461556643e-06
755,0.29028434589279734,0.026390075481619313,9,0.021704457868743088
756,0.017549598810977313,0.24656396371575456,0,-3.3709500186037415e-06
757,0.2892622381834085,0.5343563258151421,0,-2.8575415854280842e-06
758,0.06730831830650179,0.01883269892820618,0,0.00017526390656209134
759,0.13632210585859708,0.020568265416478316,1,0.0028906982107092505
760,0.3279236925334181,0.21393680038113996,0,0.001618997325985035
761,0.12477866778994373,0.514078952290218,0,-6.784190075129425e-07
762,0.2977749546324986,0.008962346036700718,9,0.02790678468219145
763,0.32933458609648936,0.2986892726136815,0,5.343271033441681e-05
764,0.02338314138970595,0.35850976732799583,0,-1.167669054097126e-06
765,0.20756287203550006,0.10824338692860491,0,0.0013564463744271597
766,0.22031288078968428,0.4344995837177122,0,-3.894480189593751e-06
767,0.26086397275252454,0.4272049391219703,0,-6.2448260601024995e-06
768,0.05317871632497255,0.39555206688874883,0,-1.0856789698793973e-06
769,0.054320582811366105,0.2312621409818112,0,-5.649455463473826e-06
770,0.1518292247705986,0.20743150064081575,0,-1.55203644691187e-05
771,0.045755102902385554,0.5796317305690221,0,-1.5998544454912713e-07
772,0.29653561256652394,0.4311656914840453,0,-8.474522188474406e-06
773,0.22688605047383978,0.5371441425549335,0,-1.4925367087935645e-06
774,0.06848342106198087,0.5300632530574666,0,-3.295624262044726e-07
775,0.02550747248796889,0.06866339942444963,0,-1.5719877040745092e-05
776,0.1607719239090929,0.18468890603575824,0,-1.3639061072871838e-05
777,0.18831979208905925,0.4899538004274984,0,-1.6281088109852007e-06
778,0.12478933248640635,0.15455720726429414,0,-1.470690078547641e-05
779,0.3217726847156666,0.45199701509215146,0,-8.82803072401501e-06
780,0.017079404905266715,0.2828535350703733,0,-2.3356666842503344e-06
781,0.1297724384462958,0.060063017103600735,0,0.0004499073133695643
782,0.250455890979081,0.0037201055701314265,9,0.029768247461582346
783,0.31682897842679403,0.07330996943102137,5,0.012090056334756996
784,0.07035881232856708,0.28073625529351176,0,-4.0557365537545724e-06
785,0.00040252262805290926,0.47714788774028905,0,-2.834038768728025e-07
786,0.04380954147332415,0.02260361202111798,0,3.636849316592426e-05
787,0.24562051701453017,0.22326343011519134,0,3.418644590688888e-05
788,0.30300981818147066,0.4000546329937737,0,-1.1889499564490548e-05
789,0.023615169401240116,0.4362802653978318,0,-5.377658999572331e-07
790,0.012429452780669542,0.47645608137198203,0,-3.218017883441599e-07
791,0.17603499671479902,0.1734879053341647,0,1.65049647122974e-06
792,0.21398685458256123,0.5430663809545924,0,-1.2368837018008134e-06
793,0.028949753351044896,0.0856707870208687,0,-1.5454864262943792e-05
794,0.1724360161532971,0.15219225046899612,0,3.142267625458623e-05
795,0.12403494593186663,0.2548512330095594,0,-8.818277140716074e-06
796,0.19994716889448255,0.3325934029500977,0,-8.655137219465744e-06
797,0.10910844104195985,0.0017443335029271756,1,0.002176338695485768
798,0.1479477978470956,0.14291750847298526,0,4.813564398988862e-06
799,0.3401737103169818,0.4748696665512327,0,-8.458742658951266e-06
800,0.16293407442300828,0.5406215675812596,0,-7.614966315707911e-07
801,0.11121160354909013,0.11735316601672852,0,-5.571548929703433e-06
802,0.25640032096368365,0.5443443544930097,0,-1.8642359402345784e-06
803,0.18971443725566337,0.36519172296026187,0,-5.718349958068154e-06
804,0.29853132634152035,0.020572063350864766,9,0.023324359013488682
805,0.25384802311998017,0.014993494716412668,9,0.02537644818040069
806,0.028735622515018214,0.15438668748000547,0,-9.266665513813437e-06
807,0.23548500809996342,0.4489059737149166,0,-3.922930526429795e-06
808,0.2162617933395141,0.04076295847652893,6,0.013110726084593297
809,0.11716584447456274,0.4219183150824391,0,-1.58004059887315e-06
810,0.2981087067640515,0.39842307342898625,0,-1.1568029565977941e-05
811,0.2545903764393115,0.2059631766051548,0,0.0001534940595677363
812,0.3288011196614568,0.16951546704781456,2,0.004550514083487753
813,0.1836173140046019,0.11192391697381603,0,0.0004657983024711156
814,0.0717628406837951,0.06234610713066524,0,1.1626933119812254e-05
815,0.28840476424433237,0.03383011952002315,9,0.019755073418846084
816,0.012543778637898944,0.12299110385959637,0,-1.0642966566647615e-05
817,0.10120489620708967,0.3643212881605293,0,-2.395906536787385e-06
818,0.2906221041962434,0.07663737311022131,5,0.012289758056544805
819,0.03546310763833535,0.304017166774687,0,-2.2712235529972134e-06
820,0.19573241629129434,0.36194977247259447,0,-6.26188630984135e-06
821,0.32498994376099793,0.039511189506951316,7,0.017045288184040393
822,0.011769953415277638,0.5572158191841504,0,-1.4255983774270357e-07
823,0.19750678530891266,0.5285174426143049,0,-1.2136108405097176e-06
824,0.3291372481290392,0.5165817478214293,0,-5.063907623944848e-06
825,0.176880979014313,0.36704731560544596,0,-4.947676047139683e-06
826,0.29688563831497133,0.1604496603387156,1,0.003359574663488392
827,0.296853442398273,0.598186640772584,0,-1.6292964026286008e-06
828,0.2874730280719669,0.2643774309045848,0,3.419831692842025e-05
829,0.24171559288619993,0.08014630906095443,3,0.008141882235095642
830,0.27405832906648825,0.2350584179271452,0,9.238017468742898e-05
831,0.04659824017863379,0.01422647627975364,0,7.506979845128088e-05
832,0.10607266414086355,0.12084920014321347,0,-1.0464796892947484e-05
833,0.131645495803909,0.1620188310977526,0,-1.48049286920082e-05
834,0.023206630620407852,0.19198981189933445,0,-6.123536838600918e-06
835,0.27666040419951904,0.019247895573899963,9,0.02416186126578922
836,0.10680435964705032,0.49431840926445914,0,-6.908244805679802e-07
837,0.09155737786197614,0.06240490455495315,0,6.095213357660787e-05
838,0.29912732538294023,0.1421029114836497,2,0.005237118860491661
839,0.11909278640597815,0.35295700573566363,0,-3.207405125547976e-06
840,0.11483620090494832,0.47649058545244805,0,-8.945702177674807e-07
841,0.15320987627583063,0.4817785787991933,0,-1.2445678300259464e-06
842,0.223672382309595,0.08115345878509125,2,0.005483994633872483
843,0.31521693144671376,0.5735320703760591,0,-2.502702363297879e-06
844,0.04343460789556429,0.05086510020887656,0,-6.244066678125172e-06
845,0.05745213074988797,0.5448218523345894,0,-2.5467965266565917e-07
846,0.34235362461249846,0.424059115187699,0,-1.3405088830411759e-05
847,0.20275445451857566,0.1625779137747463,0,0.00010583294247677688
848,0.31896203144306357,0.3565081084267888,0,-1.5762558647075274e-05
849,0.12962885342767066,0.4879216577337583,0,-9.249446843347149e-07
850,0.011197887390690442,0.03205704308300161,0,-1.259031607922685e-05
851,0.01429119538648902,0.12074060850895645,0,-1.1023617585895472e-05
852,0.31481701663917633,0.4112732776209245,0,-1.1944790669294544e-05
853,0.18809642907981974,0.25297537478646,0,-1.4929952620424471e-05
854,0.22671318978547625,0.043705779914347785,6,0.014143063035241491
855,0.3078731756561979,0.46013930709171386,0,-7.1538015223128154e-06
856,0.012500571789517722,0.32529981481893205,0,-1.4598856016495158e-06
857,0.03890411594316524,0.574384724376399,0,-1.574520013673049e-07
858,0.0937261313332176,0.4238130776421025,0,-1.2269348819355719e-06
859,0.022796550077027165,0.32221216038627876,0,-1.6686934695310633e-06
860,0.07162072193556146,0.3667884216154915,0,-1.7400413238718135e-06
861,0.02088262372451974,0.48745454327222854,0,-3.1368646139198834e-07
862,0.2992377674419345,0.5225023013725836,0,-3.5512944568854654e-06
863,0.09996652479141604,0.09895440722690185,0,6.724222132467566e-07
864,0.02927645634380365,0.022166883841410988,0,8.435435977127313e-06
865,0.05534421135583897,0.42598017029856755,0,-8.183851249428603e-07
866,0.11025384586233865,0.2540106645488167,0,-7.79966324717528e-06
867,0.29786094396607676,0.12975437633374415,2,0.006435791662891529
868,0.13572626729830592,0.3640499453839606,0,-3.3886229470340062e-06
869,0.23911582047859137,0.08143852960226532,3,0.007552993684065166
870,0.17427259046347482,0.1493331092055724,0,4.409770696154006e-05
871,0.1707735376155628,0.09162791117272036,0,0.0006457351557215585
872,0.08303966094890196,0.13756012776633442,0,-1.556121079969641e-05
873,0.07820374702030942,0.4266964041401808,0,-1.0209168711401494e-06
874,0.32463566125499216,0.3202879141021086,0,1.365373035888178e-06
875,0.13489294492465306,0.1898362838253354,0,-1.554889397700318e-05
876,0.02837568731535113,0.20319333172115808,0,-5.770676109940926e-06
877,0.12510385216359604,0.011761132545700591,1,0.002687639300489053
878,0.02918054301353096,0.3031597727906012,0,-2.151548086385223e-06
879,0.2603459607067319,0.5815825463374569,0,-1.336498504540274e-06
880,0.10559642760470483,0.0432340606901932,0,0.00033038233936634237
881,0.12092509658177591,0.5111772312809448,0,-6.720307442652271e-07
882,0.16606078649573217,0.20346277578688546,0,-1.555264332611009e-05
883,0.3086187928936476,0.030333036758407993,9,0.02001567417641371
884,0.32732850352890885,0.2490472401360357,0,0.00048736792812976114
885,0.22540006358501946,0.09925707533067907,1,0.003311315167650276
886,0.13045502034369885,0.41165861377049234,0,-1.998912210281418e-06
887,0.03573423325293098,0.5940510516623858,0,-1.2531091396160633e-07
888,0.12217184352039538,0.2920000393044337,0,-6.052616707239422e-06
889,0.2657300611154993,0.3502090891092741,0,-1.3147436477897863e-05
890,0.13594607818360008,0.13664865524525172,0,-1.2562126997831194e-06
891,0.014248560999492104,0.31883350240674363,0,-1.584800659106468e-06
892,0.33338330745950046,0.5740853462014783,0,-2.9820984648119016e-06
893,0.3328454302407098,0.000726521655096346,9,0.031914216672509134
894,0.05779238455046889,0.09086197463825349,0,-1.5086668049964524e-05
895,0.02283070090570261,0.39530071190340715,0,-8.038149311585255e-07
896,0.19643411319886087,0.36709239225787493,0,-5.994941841780429e-06
897,0.04790571744645019,0.5148034212295872,0,-3.125719255520213e-07
898,0.21274369135633592,0.23651605518106028,0,-1.3736681266626144e-05
899,0.33627532240076835,0.33069212557600236,0,2.462382721596668e-06
900,0.30648499349276814,0.09175954729175166,4,0.010507147420716767
901,0.06673121542472418,0.15199665265806853,0,-1.3101376063659892e-05
902,0.2806847049485517,0.08740316191760411,4,0.010621746959015755
903,0.17783493211926074,0.5032588495982587,0,-1.283775644622963e-06
904,0.15752260466577644,0.0031014507481593955,4,0.010537019348588278
905,0.1893085548729859,0.02906845523588637,4,0.010670804653308932
906,0.2296448897224409,0.17179322273897915,0,0.00024220428920969066
907,0.2981608019239091,0.041600647983407214,8,0.017694037057862037
908,0.2207164384481284,0.045550144746701667,5,0.012609527024338351
909,0.0025318072128442115,0.585775181462985,0,-9.769859832334325e-08
910,0.053418954557764374,0.3318294201135735,0,-2.0577627588739887e-06
911,0.17690323691792703,0.28243811107301614,0,-1.1087327546331533e-05
912,0.334445191301843,0.12031455178934537,3,0.007865888114415309
913,0.0760975787784437,0.0444303138832848,0,7.137570546010272e-05
914,0.1891963657276224,0.16816485817398555,0,3.2877476694842376e-05
915,0.1943435782977043,0.3993131164420121,0,-4.270578365121429e-06
916,0.06095863243062108,0.4260712960122746,0,-8.647955282284645e-07
917,0.18036780040678269,0.5873996317098018,0,-5.676995014326556e-07
918,0.30020082682056903,0.4987334082726649,0,-4.540942025278459e-06
919,0.16704045530923922,0.19614639286504698,0,-1.4666475791893023e-05
920,0.1697123295438825,0.5461755688298721,0,-7.707889142876083e-07
921,0.2068299783895572,0.10281187859954706,0,0.0016180001661557433
922,0.04110704655208877,0.47761145175473,0,-4.236213398761304e-07
923,0.0765263944885935,0.37364196757152524,0,-1.7063781877068598e-06
924,0.09696473888335347,0.025997600744448034,0,0.0004862221930609935
925,0.2764769573372374,0.04677201923845215,7,0.01708928777623405
926,0.08758136333470579,0.41037482961703786,0,-1.3198581278562128e-06
927,0.2354401907657621,0.5883595121788006,0,-9.741949104438746e-07
928,0.06130099176958442,0.409909197342708,0,-1.0199601302917414e-06
929,0.16038222081105072,0.0334849036360819,1,0.004132363302581986
930,0.22989098928608892,0.5876451733641225,0,-9.283274951741654e-07
931,0.18171002168128741,0.1246983081598189,0,0.0002447829220278737
932,0.09735517440568703,0.021756276759412496,0,0.0005940020527683452
933,0.3482146071291342,0.48826956033378466,0,-8.036347614435958e-06
934,0.2912791734068838,0.5566472758997629,0,-2.333926818507499e-06
935,0.05277619438802771,0.35385953133368864,0,-1.6405291703707837e-06
936,0.10691976541229013,0.2108773364790493,0,-1.1252164066069666e-05
937,0.0846986125610146,0.43598139643086836,0,-9.927427411247152e-07
938,0.0823765636067455,0.233921723779992,0,-7.2387159753657224e-06
939,0.1835422053595412,0.5533435544004169,0,-8.236848548036761e-07
940,0.07460632364916261,0.4143770681700692,0,-1.1139993408694143e-06
941,0.24766715001615078,0.11372897565278707,1,0.003873358171978781
942,0.042985187951645416,0.10661592230378988,0,-1.502378062325311e-05
943,0.041528191703641144,0.02482347783453609,0,2.5428765685645988e-05
944,0.029953390587417514,0.18306180210874498,0,-7.134810586035561e-06
945,0.12384601951083439,0.28795866876998016,0,-6.40106675408782e-06
946,0.34123011958824345,0.13480819086519144,3,0.006963048337133436
947,0.2968926353796432,0.4766110369869012,0,-5.470248205554127e-06
948,0.12050238842421869,0.3118815550167319,0,-4.893684288265185e-06
949,0.06049146886153297,0.07394520195456163,0,-9.74842209648777e-06
950,0.10806285661626369,0.24058034753688687,0,-8.680432820384733e-06
951,0.15765400903664514,0.12131785304002742,0,8.918609874644486e-05
952,0.3495665958712594,0.22780068600047298,0,0.0018561455737688575
953,0.34819796518521656,0.4632543051688451,0,-1.0148200677159425e-05
954,0.3192202714572107,0.0392171464697292,7,0.017368531668607544
955,0.3260603551194266,0.451801380590366,0,-9.205053778182132e-06
956,0.1408119074952556,0.07265686597352772,0,0.0004167489947530756
957,0.03685995222080981,0.12938080004791985,0,-1.2387553903414604e-05
958,0.08501611336672345,0.5061949614569478,0,-4.935146212959439e-07
959,0.2543466224230853,0.5920337241808654,0,-1.1339934002330773e-06
960,0.1681026506093457,0.599366488349008,0,-4.456349959344e-07
961,0.009126374057908348,0.15425570977993786,0,-7.707814167673805e-06
962,0.14527888929021926,0.47868981986683345,0,-1.1859068221564746e-06
963,0.10908090066589268,0.3304074085408992,0,-3.6348985900841378e-06
964,0.31556282941445574,0.4001771038890451,0,-1.3123904794471442e-05
965,0.29674273465909984,0.5284216651963034,0,-3.265938560668667e-06
966,0.00023476565803312032,0.31760697229058515,0,-1.394820223931731e-06
967,0.04159268351384736,0.03191333860993945,0,1.2232344053636967e-05
968,0.018269227077315712,0.4567892205717647,0,-4.1527328733838786e-07
969,0.05297622806754428,0.31305759589397747,0,-2.471289155684101e-06
970,0.000362247539467625,0.13611522327694076,0,-8.4304077168243e-06
971,0.0027224380037777825,0.06746723720479461,0,-1.4944602998851256e-05
972,0.31993613542703164,0.29194197807807043,0,4.580922190630992e-05
973,0.20685953200205479,0.5941528289868545,0,-6.91240829475594e-07
974,0.19572007989869353,0.00749162169394737,9,0.020194530420539463
975,0.09203000612800344,0.015832380678367296,0,0.0006115662693759249
976,0.007769176909300407,0.1357601281701626,0,-9.068804599726909e-06
977,0.271078420953023,0.27874838040645894,0,-7.654717215726704e-06
978,0.270815891127075,0.045373643729652864,7,0.017350569023155706
979,0.020533419044935112,0.3853474590774519,0,-8.677897392996126e-07
980,0.27321333874782844,0.429475244881207,0,-6.888161714898489e-06
981,0.034379964252986756,0.033777915042702465,0,5.453517280417311e-07
982,0.015127633688647507,0.5543103017475468,0,-1.5176873789124456e-07
983,0.199150122499421,0.013623902978414959,8,0.018533055066055907
984,0.2959634841479756,0.45955639802814763,0,-6.409108209438539e-06
985,0.3244804222840095,0.26374073872644,0,0.00024180210896334188
986,0.06461064582591342,0.41216209915432694,0,-1.0307515442045442e-06
987,0.06775741698769497,0.46118840936619676,0,-6.51476217191508e-07
988,0.05355324253096103,0.4981088734210779,0,-3.907954617476531e-07
989,0.07308887706010427,0.3153008760915803,0,-2.953157934960032e-06
990,0.06254898214706504,0.24066084327287285,0,-5.584073706020408e-06
991,0.02833048001019893,0.2794592651063979,0,-2.7031961501459815e-06
992,0.2744794660309672,0.46048559755123886,0,-5.144058784326595e-06
993,0.3177164943981388,0.5900582418682198,0,-2.1755039367432986e-06
994,0.3337312994886311,0.3726990855176147,0,-1.5844592525433245e-05
995,0.04830284257251857,0.003227188574215334,0,0.0001488390872604947
996,0.04430210500161265,0.5978678976733964,0,-1.3139545555576963e-07
997,0.2609127773918501,0.11698428487424499,2,0.004799406672063334
998,0.05616716099387002,0.036940388414479705,0,3.115675964873472e-05
999,0.20299449898336303,0.18114092595949471,0,3.450919700844586e-05
1000,0.23877492870349304,0.13039366706739355,0,0.0017582058043059798
1001,0.1689725251249478,0.3324717947824868,0,-6.434210341788461e-06
1002,0.18484010454235808,0.11917848291109695,0,0.0003589576355532405
1003,0.21573256113485775,0.3301477582205722,0,-1.0240463055499867e-05
1004,0.058407845832777736,0.4253922051553762,0,-8.487876734976801e-07
1005,0.04913787485565835,0.067209424528162,0,-1.1683442957390963e-05
1006,0.2661763623310737,0.48468259937684044,0,-3.7266713826701686e-06
1007,0.3064867547361867,0.029859497019819867,9,0.020223516944812312
1008,0.17001069119568027,0.4464139007694469,0,-2.095706399778747e-06
1009,0.34369358167544256,0.2585181574735639,0,0.0006071254832396958
1010,0.30901809736309505,0.4994432186558033,0,-4.9195672764950185e-06
1011,0.009783135670125736,0.5608126998081617,0,-1.3482076343830445e-07
1012,0.00961258291777346,0.19508372956173772,0,-5.1961062568547205e-06
1013,0.016748092382524032,0.22671683207152904,0,-4.074948331259123e-06
1014,0.12015525094769117,0.2923616229212217,0,-5.913083946304906e-06
1015,0.1776322459684388,0.3428173648379446,0,-6.327876905182723e-06
1016,0.19903832124131837,0.5677056418357913,0,-8.328497905631107e-07
1017,0.27327767439004774,0.11006654610384711,3,0.006926568770192114
1018,0.057170590078432296,0.23500191685113217,0,-5.599935581346909e-06
1019,0.18638505309380182,0.27784102450577247,0,-1.2470691562944063e-05
1020,0.24353487765082377,0.08656073573997466,3,0.007243005803463211
1021,0.0263040160671321,0.27936111281155435,0,-2.6517105176118258e-06
1022,0.32255883747341535,0.2784924997309852,0,0.00011267969984096957
1023,0.13099217835539087,0.44105413856417586,0,-1.4980439346303863e-06
1024,0.013408621380593282,0.15262911959099482,0,-8.155974614740092e-06
1025,0.18772013605912516,0.40816470787114006,0,-3.6618032305449423e-06
1026,0.24482526832932128,0.17505133177580792,0,0.0003982414636223017
1027,0.13926320304571355,0.5674980079677608,0,-4.5954410397867135e-07
1028,0.10226473395555169,0.30399717819535704,0,-4.417490576113189e-06
1029,0.3104416919823516,0.3559897757750924,0,-1.589640343414894e-05
1030,0.1070334606070153,0.051103234598875315,0,0.0002458731001310619
1031,0.09407338653752488,0.10822348619658481,0,-1.0151233107951765e-05
1032,0.14051616795001973,0.2846201113242557,0,-7.769700800064636e-06
1033,0.12755735369317842,0.1047257405062927,0,3.939811377981613e-05
1034,0.31663796380690973,0.1593660096854182,2,0.004735726578129585
1035,0.2264692031157564,0.4768216432109536,0,-2.715391928341532e-06
1036,0.0845241406256432,0.28172584353216784,0,-4.6218879715925845e-06
1037,0.029622526769824596,0.5196579917061857,0,-2.480591717549701e-07
1038,0.01769606243255136,0.5060193929693322,0,-2.523751959620223e-07
1039,0.07841988686868037,0.5563909841820038,0,-2.7970454261321634e-07
1040,0.147454005642057,0.1785922439433539,0,-1.4930812906545874e-05
1041,0.14021906693585692,0.5432778643221428,0,-5.910850968865363e-07
1042,0.24016513996493496,0.3711107227790243,0,-8.78698291062224e-06
1043,0.10851052588881327,0.4203680861792815,0,-1.4719008809201745e-06
1044,0.27617182730838036,0.18540043751675092,0,0.0008606740652097358
1045,0.04821402537624703,0.09064277479737601,0,-1.5706986347425246e-05
1046,0.2349254033331526,0.3244214599062663,0,-1.2656166448770352e-05
1047,0.07110181298094131,0.5102529868655211,0,-4.1240817386068925e-07
1048,0.08668459125837698,0.3466182122622166,0,-2.4738179101965823e-06
1049,0.05838607225012432,0.006923544415922534,0,0.00020322046454757694
1050,0.28517928760305117,0.11314609730122038,3,0.007501232485563584
1051,0.287181916186115,0.06812383950318421,6,0.013450570231467394
1052,0.2459605675606066,0.011859139133713902,9,0.026184409331514277
1053,0.3022270327987793,0.30869610207340065,0,-7.209516477970283e-06
1054,0.16014419228885182,0.060959541148770065,0,0.0014654195990955428
1055,0.10357315649986017,0.2657607385788352,0,-6.5248328345939286e-06
1056,0.3471882802739335,0.4967362407000655,0,-7.335960035300328e-06
1057,0.2561992135388719,0.22644880017968294,0,5.558346144478198e-05
1058,0.05997618497835488,0.15336388012476665,0,-1.2298721950941092e-05
1059,0.0326194102113854,0.17686419810269904,0,-7.771591833197334e-06
1060,0.26521121284581445,0.14757237572718457,1,0.002220292488443559
1061,0.22525589804304383,0.39285041408112237,0,-6.173907573657618e-06
1062,0.30127448407916047,0.5929248914810563,0,-1.7946166867528555e-06
1063,0.18143920026315072,0.5225390561221572,0,-1.0974897620284497e-06
1064,0.011973697093515933,0.06546436274644442,0,-1.56005093125056e-05
1065,0.06154404037565991,0.0020062706330381984,0,0.00029658497679333905
1066,0.2623685716763961,0.43727186696473236,0,-5.741120299167297e-06
1067,0.1871846795034809,0.08809935238290667,0,0.001395888159871489
1068,0.03893146130646527,0.1256219903938794,0,-1.2964510245004217e-05
1069,0.2633381058907838,0.16964865477931018,0,0.0009838558750616176
1070,0.10917132493889632,0.033296349555442625,0,0.0005961643053221183
1071,0.2157528990128072,0.2040093255852151,0,1.3312174702947452e-05
1072,0.20028832602223565,0.3204555587429913,0,-9.72157612607863e-06
1073,0.10722000985619794,0.5001248114474658,0,-6.545685004954386e-07
1074,0.0037372606887862867,0.2529242112774197,0,-2.756843614745768e-06
1075,0.3395363297773194,0.07006748248124614,5,0.011380818750458802
1076,0.05998894942915638,0.11103598485102392,0,-1.5683243882212398e-05
1077,0.2916677277587399,0.44147500053369165,0,-7.329315330374813e-06
1078,0.22479700231621252,0.03709516250309925,7,0.015707207408796872
1079,0.17594473821873496,0.2168409245130089,0,-1.5726220628412314e-05
1080,0.26924368832228457,0.21322072727770217,0,0.00021268092644997238
1081,0.30883797930998685,0.3964029123501387,0,-1.2832361999529565e-05
1082,0.24299775308510882,0.5495906125925256,0,-1.5477151173082684e-06
1083,0.33522593894413505,0.33299132613192556,0,-9.232789183094241e-07
1084,0.3272576729642918,0.580031060919262,0,-2.6441998876405146e-06
1085,0.1016259770103779,0.48544120814483127,0,-7.169054015011592e-07
1086,0.13375392504421363,0.11293597796102267,0,3.3847220547000926e-05
1087,0.1212845405948675,0.4534476864417281,0,-1.20124562192996e-06
1088,0.2519784263233503,0.28566114443113044,0,-1.5379876533252603e-05
1089,0.34218169993861686,0.508128146600768,0,-6.2549282794541924e-06
1090,0.14674484469704646,0.034258910997128744,1,0.002503364748458922
1091,0.15520348552486832,0.21561830739666868,0,-1.5245030970353715e-05
1092,0.34372570165971394,0.1726020100109286,2,0.004891862826882978
1093,0.039198696316371684,0.06632076120830807,0,-1.4166040056011706e-05
1094,0.27978750431356497,0.03638147688623883,8,0.0193086695736404
1095,0.3130316473317577,0.5660752898205242,0,-2.6380536265445167e-06
1096,0.18203656625687192,0.27126363339510534,0,-1.2692962384851076e-05
1097,0.1734388593854632,0.09148166494751837,0,0.0007227125897352571
1098,0.0934940510954631,0.4326328235514764,0,-1.120774187406914e-06
1099,0.3219336444733847,0.41873240380545773,0,-1.1908917089809777e-05
1100,0.16279119277285375,0.3550452273299341,0,-4.8477835316307465e-06
1101,0.07307460721393168,0.5372536363028733,0,-3.2108875950337974e-07
1102,0.3170913264732962,0.5426594232233101,0,-3.4691177575556306e-06
1103,0.22186575964480887,0.2910949111797444,0,-1.4577516195350732e-05
1104,0.18767502906270167,0.5941300923343875,0,-5.709125422022082e-07
1105,0.12161700305071889,0.2514614914216748,0,-8.899469564183752e-06
1106,0.2396544697115154,0.43065901858206407,0,-4.90009464773082e-06
1107,0.2951960009858628,0.549515182075488,0,-2.605852987197412e-06
1108,0.277631781969027,0.2797954408157684,0,-3.901657702388408e-06
1109,0.289922070723891,0.4244661595174705,0,-8.482935381090176e-06
1110,0.3229440494302285,0.3467197653678082,0,-1.4111619354757631e-05
1111,0.07756154312346097,0.33623429346662737,0,-2.5054873158151276e-06
1112,0.3129090737346789,0.22835161933282544,0,0.0006345036496924846
1113,0.03971774504319622,0.14272904282496277,0,-1.135335236138039e-05
1114,0.28388045591440847,0.13620480713991104,2,0.004684035254044551
1115,0.23668001003130268,0.20656900046698254,0,5.805333677480989e-05
1116,0.1390310834640623,0.11754127248088717,0,3.546445293912743e-05
1117,0.01860777704441924,0.11495154876804367,0,-1.2010699515120008e-05
1118,0.2692719927636364,0.43773990462389706,0,-6.114698006855283e-06
1119,0.2725566623077781,0.5101701137906938,0,-3.0801646411766065e-06
1120,0.1443711878135794,0.23998551478120903,0,-1.20652842011859e-05
1121,0.24960161157872263,0.2983452750013807,0,-1.5802966848961927e-05
1122,0.2645789496455173,0.245838265638259,0,2.5038183512722948e-05
1123,0.32320135528614535,0.008346997117453459,9,0.027787275670741907
1124,0.0038093215333709902,0.5940463201929559,0,-9.109831389557218e-08
1125,0.18315966147717722,0.12614018985503153,0,0.0002445480580555152
1126,0.10518091979560913,0.2679010809120064,0,-6.490806276169888e-06
1127,0.3473486499324585,0.12761862822189401,3,0.00716099064460614
1128,0.24969623107329714,0.4466248817345776,0,-4.619657314572311e-06
1129,0.044094973537557994,0.08024498931748818,0,-1.5380191832827118e-05
1130,0.21546595853971495,0.43005705166483194,0,-3.8792522388664775e-06
1131,0.33200450113939595,0.5677629568847428,0,-3.132885988518497e-06
1132,0.13766918111855095,0.010663824802858457,2,0.004393818938736527
1133,0.17252391001077316,0.5275851283837304,0,-9.54656663718359e-07
1134,0.06565368728405904,0.47371288873928985,0,-5.628375758007634e-07
1135,0.34478732932333417,0.3000231539941493,0,0.00011296733440274197
1136,0.11075201095269482,0.18194829142601138,0,-1.4414979086285248e-05
1137,0.15724198213632337,0.5441804241836025,0,-6.94283527451969e-07
1138,0.12090919465134699,0.13226331678672196,0,-8.845651998220478e-06
1139,0.13497163680111365,0.5485303490950816,0,-5.322157151328226e-07
1140,0.19344447520967054,0.5563690788817268,0,-8.821559910944718e-07
1141,0.08133547938851467,0.28242740241677794,0,-4.447072669516161e-06
1142,0.3297523425556758,0.5427344727653389,0,-3.930694627069118e-06
1143,0.03292055645760142,0.5812979506312331,0,-1.3841015345925296e-07
1144,0.13462874332117944,0.49486355412921795,0,-9.070882181726707e-07
1145,0.30329270714471623,0.011910669063812973,9,0.026522309689629084
1146,0.048147803775101417,0.4323340793514699,0,-7.147434348171922e-07
1147,0.11572758292977324,0.13403366871620812,0,-1.1888717432606015e-05
1148,0.05388873717121774,0.5589547844101264,0,-2.1338306599828081e-07
1149,0.13123331880585365,0.052355511605203665,0,0.0006651111645344457
1150,0.2877956367303914,0.40387479427759787,0,-1.0070830692419462e-05
1151,0.10251640303713358,0.5140228879514452,0,-5.435036367634906e-07
1152,0.25618588749169796,0.11253676962164277,2,0.004873755482110943
1153,0.1059318802009049,0.5820457964898079,0,-2.8484516856464805e-07
1154,0.07859588275420061,0.13253149045509294,0,-1.5585498000616226e-05
1155,0.04762374599865301,0.580119365080718,0,-1.6220667790833003e-07
1156,0.13106650103436338,0.22943022237893704,0,-1.1795710562735648e-05
1157,0.2805637836810058,0.5549475134979739,0,-2.1335138882544317e-06
1158,0.3056293938470779,0.0800319065081829,5,0.011722999624566839
1159,0.09583564941973124,0.34141614976635,0,-2.8546047135912788e-06
1160,0.04107537612423033,0.4987322395292861,0,-3.42859202503518e-07
1161,0.02434010915534882,0.25983452193733597,0,-3.159781112499598e-06
1162,0.018877307788672554,0.2953871938429491,0,-2.098065464685628e-06
1163,0.2860648858048442,0.40840510028923405,0,-9.510221486104077e-06
1164,0.020642271551095007,0.11463261393643347,0,-1.2243611896328741e-05
1165,0.20323646854596128,0.01684055238066835,8,0.018268861264340384
1166,0.2745906761045616,0.3902399407867508,0,-1.0113451875843575e-05
1167,0.20174368292048925,0.3965551035639068,0,-4.72276658354198e-06
1168,0.058891577519177306,0.1250295492893989,0,-1.4835230549440725e-05
1169,0.0014595355381072316,0.37552497616477876,0,-7.912702011180308e-07
1170,0.27019173672748387,0.37161696499368263,0,-1.1466129389992058e-05
1171,0.1887273505736859,0.3273105986706878,0,-8.183293849488775e-06
1172,0.06452321121884341,0.17422221969550614,0,-1.070766912711389e-05
1173,0.1509897000464092,0.061152626078582115,0,0.0010235576338400376
1174,0.28012400029626994,0.4924345169489199,0,-3.962252509535487e-06
1175,0.09945752409447452,0.14802124483225063,0,-1.5743707522045984e-05
1176,0.2330802710457992,0.4423676638633782,0,-4.0877672939113455e-06
1177,0.3212254239724967,0.39700389597430524,0,-1.3979880900942203e-05
1178,0.17007484188621588,0.4706941883815249,0,-1.6452480476104268e-06
1179,0.2507230669136382,0.1519019236002121,0,0.0012181218080007917
1180,0.044825637417456,0.0012321622564066548,0,0.00013816823597667116
1181,0.11151717257277993,0.5069938394404473,0,-6.379108413543144e-07
1182,0.18279701261918713,0.5168981667915095,0,-1.1770018760177103e-06
1183,0.0720616118288125,0.19265047813105765,0,-9.705072555492831e-06
1184,0.03878522907581998,0.5216101939997847,0,-2.6657863556166063e-07
1185,0.10626193439395593,0.18931945074663767,0,-1.3312250877004015e-05
1186,0.17119706097099105,0.11424210362798601,0,0.0002464153770005751
1187,0.16810737508582163,0.08562090696563075,0,0.0007433420230351516
1188,0.34609151734754917,0.3301166557286444,0,1.6731281624799198e-05
1189,0.22382432259203336,0.2889378034398136,0,-1.4912742758144653e-05
1190,0.03097958286900214,0.02056797015554095,0,1.3468071702189513e-05
1191,0.04715505206975583,0.009625599494986625,0,0.00010033332951584114
1192,0.13579807016024129,0.41513185031283867,0,-2.0364336442810245e-06
1193,0.1487902107707329,0.35937548587669443,0,-4.042303088458068e-06
1194,0.13991775399081532,0.4906937262391278,0,-9.96980866021606e-07
1195,0.32313415602562284,0.5854675717144919,0,-2.403809161594443e-06
1196,0.10734993351858865,0.00907888526092262,0,0.001514397178571811
1197,0.043007855329275015,0.06544275602567019,0,-1.307166516805667e-05
1198,0.027336764732354565,0.11544879555290481,0,-1.2825528303188846e-05
1199,0.1747564371505017,0.5153521556424395,0,-1.1031640261414814e-06
1200,0.14733402468324241,0.43289242360920427,0,-1.913256756217881e-06
1201,0.1979866258474031,0.44196758203802056,0,-2.895365969448781e-06
1202,0.13788162408531043,0.3520110354800017,0,-3.903028415195411e-06
1203,0.27056716684849313,0.1493755451978369,1,0.0024366099155013524
1204,0.12228761871985544,0.4250989894492492,0,-1.6108708574386116e-06
1205,0.12643750648646995,0.41934887046890207,0,-1.7783098299879629e-06
1206,0.06781499373585485,0.4192511803019327,0,-9.914410486034938e-07
1207,0.26335734340806727,0.08217819450698212,4,0.01026377749134157
1208,0.045885614138331324,0.4917534960906519,0,-3.8573556343139177e-07
1209,0.23058098178972447,0.242503032715332,0,-9.669566913329974e-06
1210,0.11045238802154808,0.3587006801496798,0,-2.7789776889168445e-06
1211,0.3015457446319469,0.5288679508298942,0,-3.4104235546580392e-06
1212,0.06697405711106617,0.30940493815191794,0,-2.946959211291133e-06
1213,0.3263871910915316,0.4535253998883117,0,-9.085814047736655e-06
1214,0.2444853342961194,0.32278265296212105,0,-1.3751897452873895e-05
1215,0.2563262202005288,0.11611882050657453,2,0.004447387269544504
1216,0.16825337115565428,0.5535247796070797,0,-7.058264391403916e-07
1217,0.3197973224294175,0.2559443713907447,0,0.00027792625569251204
1218,0.057548427162905355,0.1450668990503989,0,-1.2880664334803494e-05
1219,0.1659623591533749,0.4612073995017387,0,-1.7361647948580096e-06
1220,0.19624573916690008,0.0960413259815501,0,0.0014328531357062472
1221,0.17809152135727968,0.5895243467353742,0,-5.432804508877866e-07
1222,0.1722611690148386,0.012321763708602473,5,0.011591545925454607
1223,0.1923849220563604,0.033744436075605865,4,0.01004166622648865
1224,0.25228990635127563,0.4950082990863478,0,-2.9286504251003243e-06
1225,0.24400824857819883,0.08731553226329725,3,0.007175651103285099
1226,0.18125536050599148,0.25112149015628893,0,-1.4525076128741341e-05
1227,0.23023803187017985,0.4336313384804186,0,-4.33458352712761e-06
1228,0.2369394514205712,0.10794864245878773,1,0.003479888522596446
1229,0.13557191967079407,0.5308703669598339,0,-6.388228502364607e-07
1230,0.13369688843541705,0.2329442094004368,0,-1.170822374641965e-05
1231,0.1385885417326119,0.39671525957416515,0,-2.5168296902296634e-06
1232,0.3019649811218428,0.13649936624650294,2,0.005990816440083521
1233,0.056613958708120825,0.10464509664643722,0,-1.5742620988936077e-05
1234,0.11446356610714654,0.004285188495795,1,0.0024146941849058734
1235,0.23075835881682488,0.4433544171780955,0,-3.955674835634037e-06
1236,0.19553301369859694,0.02659962832224436,5,0.012929040166378825
1237,0.16313432237445025,0.27920583174913643,0,-1.009868348540151e-05
1238,0.26583013188865773,0.2095958832809441,0,0.00021565013846796448
1239,0.23809249605851954,0.4311348808806456,0,-4.8023759684861665e-06
1240,0.16060549421664375,0.5988119168363634,0,-4.157980686346723e-07
1241,0.1466481303639442,0.26410142357598937,0,-9.975720247963786e-06
1242,0.09301128425881738,0.31518301024176326,0,-3.6053151523818957e-06
1243,0.291498355836733,0.23184392096753303,0,0.00024244621126226918
1244,0.10027474967255184,0.31220591426427935,0,-3.991795764592925e-06
1245,0.2646549032983827,0.2222126869055954,0,0.00011174745372731006
1246,0.22219572675492524,0.258639213493306,0,-1.5554261571434706e-05
1247,0.09594843777104572,0.4689072190929791,0,-7.991740608259744e-07
1248,0.3251002377473174,0.5553630363299413,0,-3.3098896290625905e-06
1249,0.26860415247020347,0.47120764451685304,0,-4.364723367661555e-06
1250,0.2920258002141031,0.18558886691196,0,0.0014293922437485817
1251,0.22424448445642678,0.5246481437159287,0,-1.6471074505700472e-06
1252,0.10106798939766592,0.09354728169720303,0,8.566888052229683e-06
1253,0.31856796037530866,0.35707850754848464,0,-1.5804220594565235e-05
1254,0.14485529980876327,0.5607114465357308,0,-5.200509628804228e-07
1255,0.3289852999940597,0.3524952310431116,0,-1.4079516523132622e-05
1256,0.051889143567998675,0.33696524200029815,0,-1.9251925067758287e-06
1257,0.26364431734888677,0.15642884064343693,0,0.0015843546841219469
1258,0.05475180708437789,0.4432066148619174,0,-6.848234481436526e-07
1259,0.2670249863919889,0.2515891604442663,0,1.8406277896873762e-05
1260,0.019100098997125878,0.1486040323979086,0,-8.940305905772692e-06
1261,0.03133972785158765,0.3986387752294987,0,-8.463911403378782e-07
1262,0.2150074631824666,0.5968084688444726,0,-7.301520277837297e-07
1263,0.26169721184850947,0.277928299127611,0,-1.1682858182268478e-05
1264,0.266980413484078,0.26982743982801444,0,-4.315657869923032e-06
1265,0.155119240383385,0.3043565549425636,0,-7.393011395428881e-06
1266,0.005493866452316703,0.4823108223033643,0,-2.83186501984239e-07
1267,0.09218789957182336,0.3751959703747257,0,-1.964335822131186e-06
1268,0.040061427860480045,0.030271638560630573,0,1.2416145872242458e-05
1269,0.015819114000445667,0.08468177458271824,0,-1.4619561473925688e-05
1270,0.0577630937004501,0.09392739557358844,0,-1.538667681320983e-05
1271,0.2588905786385845,0.4431122529018218,0,-5.237618728772082e-06
1272,0.029425812250587654,0.43936363111697635,0,-5.525984763675609e-07
1273,0.1611210360235963,0.49191192803621053,0,-1.2170620810076285e-06
1274,3.495875447918628e-05,0.06320362745349274,0,-1.5059186138574297e-05
1275,0.22663939818130824,0.2695738382450274,0,-1.5815168596848918e-05
1276,0.3002265000142783,0.09143850615896384,4,0.01056921820666564
1277,0.2386693634447129,0.539350063577415,0,-1.6420678121805087e-06
1278,0.030697186863116746,0.313030362260024,0,-1.9791970319940956e-06
1279,0.11818095996161583,0.041624905474522064,0,0.0006095486429382976
1280,0.26042605257449,0.1295001563372153,1,0.0033757952266745854
1281,0.2152419087582699,0.10282559803943621,0,0.0021480217907446915
1282,0.18699707123869627,0.2508776742214989,0,-1.5005171233465876e-05
1283,0.15304704316613887,0.024886963402744076,2,0.004408427400082906
1284,0.18786141731153547,0.593845904356547,0,-5.736032648679108e-07
1285,0.15865877555927044,0.37191033051122707,0,-3.935794245753148e-06
1286,0.3381742645404064,0.1587212327486597,2,0.005620913092767205
1287,0.283146482388568,0.29467084332361265,0,-9.823022432209523e-06
1288,0.13378436594751122,0.0707607932070461,0,0.00033406340764874
1289,0.21910288847337192,0.269723648631876,0,-1.5738528143215726e-05
1290,0.07300902541604556,0.10323899076172739,0,-1.4723673508901663e-05
1291,0.06857875619249175,0.1722452720012583,0,-1.1285988525722519e-05
1292,0.07842026438938624,0.05756046981630625,0,3.501747512281659e-05
1293,0.3022481392675578,0.5695707693645923,0,-2.288204655488452e-06
1294,0.042716953564892135,0.07741292920426442,0,-1.5250885860350908e-05
1295,0.02127009164440856,0.16726580764723434,0,-7.642898951813253e-06
1296,0.11619888214002999,0.5323100091958257,0,-5.189465096370704e-07
1297,0.2867727518523048,0.28593032667791457,0,-1.4519475654561765e-06
1298,0.25581361539869,0.2235991443942411,0,6.453003536396682e-05
1299,0.3486067244554,0.4548180875182877,0,-1.0980345392733476e-05
1300,0.08969626994134511,0.18255156899812422,0,-1.2347543192117907e-05
1301,0.30852998537451665,0.007721541788437203,9,0.028339682103196387
1302,0.11185846438926268,0.1528633931102547,0,-1.5687576441096852e-05
1303,0.08462173722032593,0.024187018430042406,0,0.0003060981263902009
1304,0.32844418456200863,0.30973453797815914,0,2.252031422480427e-05
1305,0.18848860966441905,0.28103991588982397,0,-1.2361395526652396e-05
1306,0.09811555112557863,0.29829205446071977,0,-4.48654238141347e-06
1307,0.07128634615543468,0.0021137411594689182,0,0.00045558475068155363
1308,0.06804314314165319,0.5301971649435255,0,-3.2767736139648934e-07
1309,0.283153958539944,0.5387283662295085,0,-2.5741642157087186e-06
1310,0.20517150610692236,0.5886642808950548,0,-7.180339864992093e-07
1311,0.009588867273261114,0.5446230292390245,0,-1.5820628683184193e-07
1312,0.23081892430751044,0.5462427864941671,0,-1.4173165623918746e-06
1313,0.08294374552971126,0.2991521782697842,0,-3.826451650276728e-06
1314,0.04934294155259925,0.2405167888571462,0,-4.908788802430525e-06
1315,0.3262515453420364,0.28079225602488656,0,0.00012009120339226481
1316,0.2527283314870318,0.08089457059597312,4,0.009396098223169981
1317,0.05720672834482045,0.46907940686110455,0,-5.418348805912318e-07
1318,0.0576200132944423,0.5680636393599423,0,-2.022026543455991e-07
1319,0.22932115442014547,0.0019807544213787495,9,0.02895466878432596
1320,0.23088051642795052,0.5065752536667905,0,-2.108081563813882e-06
1321,0.04968040035933335,0.5401188279172308,0,-2.470056805937159e-07
1322,0.09097028957088402,0.2032328167856917,0,-1.046281098172483e-05
1323,0.30889753470703324,0.5424822951017554,0,-3.2034808839774562e-06
1324,0.04346348887756274,0.3658224879941855,0,-1.326355240728472e-06
1325,0.016455957964823336,0.08088731462878009,0,-1.4966882331012491e-05
1326,0.055216801629293544,0.3026919360254318,0,-2.8027016334600233e-06
1327,0.29733947731452426,0.1895243564303339,0,0.0014726542068295818
1328,0.21256897308914766,0.39918843140459337,0,-5.120522204521102e-06
1329,0.1343254189635745,0.5517922496725293,0,-5.118237689956321e-07
1330,0.2736096161019173,0.14586541989383212,1,0.002927565793069345
1331,0.3180571320538283,0.3995200757886303,0,-1.3433666170163773e-05
1332,0.26294242758455894,0.38743467664675213,0,-9.328068295093553e-06
1333,0.30418764117194,0.15961205607285844,1,0.003933190459043187
1334,0.32492965321716144,0.00875518315367989,9,0.02755199249693071
1335,0.22874733506766187,0.25503650006383793,0,-1.4309253692264651e-05
1336,0.16430367929751116,0.596094179377785,0,-4.433212343046055e-07
1337,0.11880879345070595,0.2228968399380389,0,-1.1237616259134004e-05
1338,0.09839965340777022,0.2944510194692486,0,-4.673939767815939e-06
1339,0.16962991852340029,0.3719975115503141,0,-4.38454656130617e-06
1340,0.247895978962206,0.1406614203741226,0,0.0016511872332533957
1341,0.21121760878070578,0.5895702929840986,0,-7.558164032900849e-07
1342,0.20976498136154068,0.21790423564591213,0,-7.464621861145952e-06
1343,0.2599920620683064,0.5780322604874364,0,-1.3798966791134258e-06
1344,0.3233362741714776,0.44847795566062537,0,-9.257242070041273e-06
1345,0.010208388535613443,0.41780074899868636,0,-5.658290379155825e-07
1346,0.3408065816787691,0.2821598803794911,0,0.000215303387907996
1347,0.31063622374191907,0.37509871282852963,0,-1.4967674073984302e-05
1348,0.16813961110945277,0.14294129586563864,0,4.5099388128679644e-05
1349,0.22985252824827912,0.281954213628786,0,-1.569308346797656e-05
1350,0.23686141817653403,0.011687496485026382,9,0.02561912284772333
1351,0.2892706957849062,0.5535273939743023,0,-2.3600862916212152e-06
1352,0.16245398752719148,0.3488556650885811,0,-5.136871022246551e-06
1353,0.29972898014575045,0.09703526979755163,4,0.009974764243816322
1354,0.00461108909869784,0.3734212036496473,0,-8.339373009701825e-07
1355,0.048430373854720925,0.5817403231054522,0,-1.6088968174359788e-07
1356,0.28925690218628486,0.2077517775731779,0,0.0005927807037197468
1357,0.10199615298519002,0.3080463516617703,0,-4.232050747083776e-06
1358,0.1853076831019827,0.4592316759627678,0,-2.147655692039036e-06
1359,0.290274305743133,0.07406721471080402,5,0.012626460563947771
1360,0.2896059387754045,0.48267820601203065,0,-4.794812361601404e-06
1361,0.12013877506414612,0.1659712153685232,0,-1.577164862946832e-05
1362,0.28792336139969416,0.22715954752100476,0,0.00025572240811107093
1363,0.1712132660477467,0.1111659330626699,0,0.0002835757498980589
1364,0.063956278006695,0.31273195690721073,0,-2.766236855745963e-06
1365,0.2350446292985018,0.009445571547257713,9,0.026338858056893868
1366,0.16768256335952195,0.2826709922361053,0,-1.0197229887664737e-05
1367,0.23741402858272015,0.5803754944424181,0,-1.0761228458001301e-06
1368,0.048494778354031744,0.1640532810357432,0,-1.0163006315661389e-05
1369,0.24005025434468777,0.24773927724197906,0,-7.411361374662955e-06
1370,0.061635790350933216,0.5506310626655658,0,-2.505607455548252e-07
1371,0.2860815079812225,0.3105929239898307,0,-1.4129289248621944e-05
1372,0.1062371596749585,0.45493050714993494,0,-1.0184758537570696e-06
1373,0.3406791842441297,0.2461828988911139,0,0.0008449706330876274
1374,0.03850322943246216,0.18765105313408317,0,-7.412753269000125e-06
1375,0.15768244779348212,0.29822180973532764,0,-8.036955420073076e-06
1376,0.2967641382714065,0.23047920984712766,0,0.00031906634776712717
1377,0.2990455083021048,0.3742029069100113,0,-1.4040940922451928e-05
1378,0.048953150217413144,0.06110115770975739,0,-9.071673255600567e-06
1379,0.20141785053005562,0.502376234102973,0,-1.6387359367764408e-06
1380,0.27476294106098187,0.22665185587386,0,0.00014620053397120292
1381,0.07222054013398062,0.31019525858843905,0,-3.0807217114885738e-06
1382,0.16638671865499235,0.4350098651694689,0,-2.2652383540145714e-06
1383,0.29619010279898206,0.2617915283551199,0,6.979185735898246e-05
1384,0.015298750577757746,0.2576653815839714,0,-2.9506917476474226e-06
1385,0.16247314415807432,0.03632100950708226,1,0.004001665113175494
1386,0.1043473111235125,0.08336505683345098,0,3.4895459224903686e-05
1387,0.15263489351828255,0.5265857767729475,0,-7.906170619325179e-07
1388,0.018433588658156624,0.5165122879339344,0,-2.2891637018335315e-07
1389,0.3170641208921852,0.5356290127094189,0,-3.719638838365615e-06
1390,0.045886200432858376,0.47358748817390517,0,-4.625774555793429e-07
1391,0.058300260840347014,0.08131983757876264,0,-1.3244019161471794e-05
1392,0.33454686907834635,0.4208622885632371,0,-1.2950783389182884e-05
1393,0.08687968796817652,0.47664902179773266,0,-6.756044865584074e-07
1394,0.3350810199763498,0.07983698351648656,4,0.010616581462643672
1395,0.18512576892841667,0.5929118697959992,0,-5.633891607899314e-07
1396,0.29026507622437464,0.1626996542627707,1,0.0027319525670498135
1397,0.22368693923419714,0.23409618105607488,0,-8.854236528555651e-06
1398,0.31894185571356254,0.2318897147530251,0,0.0006861216726734307
1399,0.10501629585972039,0.021080188763293806,0,0.0008412169015276458
1400,0.09922115541616697,0.16264066270225633,0,-1.5037536138292989e-05
1401,0.05575773452735148,0.0013868645399172097,0,0.00023361695042008334
1402,0.2243479483813044,0.35955653957138084,0,-8.443402880028402e-06
1403,0.196515895184086,0.5061635476604488,0,-1.5025573436975852e-06
1404,0.16390077672512732,0.517215614992936,0,-9.716132721951988e-07
1405,0.012615130432683508,0.3906674062419024,0,-7.602583545676798e-07
1406,0.020907200339431813,0.5336384418993542,0,-1.9771115845828657e-07
1407,0.05448826658302122,0.0019380878430767855,0,0.00021434775837015727
1408,0.15077001780569577,0.2681132299075646,0,-9.984995892274146e-06
1409,0.026715218810589175,0.20448115856527763,0,-5.605644307460301e-06
1410,0.16423194943383632,0.42029302130571383,0,-2.5681286749823143e-06
1411,0.2044516018391447,0.06147469767823244,2,0.0060390350420252755
1412,0.08469300378539314,0.022990785268246095,0,0.00032425397457383655
1413,0.10868733445188176,0.26530549775444473,0,-6.8882479848181415e-06
1414,0.3324827612986309,0.370542397830789,0,-1.580781585857724e-05
1415,0.022855633704518933,0.5555352757671487,0,-1.619528775794248e-07
1416,0.25557494155202803,0.023641895458996885,9,0.022568356746651162
1417,0.04647211124230873,0.4348158848035099,0,-6.856520414163283e-07
1418,0.08947751189666113,0.5385110355760303,0,-3.7351495521319135e-07
1419,0.18601832421682032,0.46422498533489565,0,-2.057674817293547e-06
1420,0.11389235155616428,0.27287263529670175,0,-6.731093150133367e-06
1421,0.10263701894439511,0.15178476428934337,0,-1.573446564196816e-05
1422,0.11687454960039616,0.19853513254892485,0,-1.344643918191061e-05
1423,0.24610882123889405,0.16092144025165847,0,0.0007382330834468915
1424,0.2109760398456246,0.132875875622695,0,0.0005880099428814909
1425,0.06569373098881551,0.30805716425205604,0,-2.9489938583749743e-06
1426,0.12199294579223276,0.19657013106333246,0,-1.4113133411545127e-05
1427,0.32659061780287957,0.42627131331454954,0,-1.1622739824860027e-05
1428,0.1676055036634116,0.2085609522272243,0,-1.572167872369949e-05
1429,0.02234511276008526,0.27273164513797976,0,-2.723485971433929e-06
1430,0.3429996734503128,0.1519766107869186,2,0.0060652876961500195
1431,0.1793497058932709,0.4763096165941657,0,-1.706252969140106e-06
1432,0.1472651054887572,0.10852704529943148,0,0.00010235013494917314
1433,0.04816342525247805,0.5747854628154029,0,-1.7201811414101546e-07
1434,0.18450478118887131,0.3022304519952962,0,-9.944101048052089e-06
1435,0.30741935156267985,0.5430897487321089,0,-3.137685601864358e-06
1436,0.23096198149149275,0.11496981500148995,1,0.0023304263772717104
1437,0.18976589027971208,0.20583474879338817,0,-1.1288443027221382e-05
1438,0.020358252980998234,0.0649320360842639,0,-1.5741292304273804e-05
1439,0.20434557654343927,0.5630647215666071,0,-9.198567090054427e-07
1440,0.13621209261928746,0.16985118029800286,0,-1.5211640842519578e-05
1441,0.1066861849832672,0.5104802182798184,0,-5.870432626718365e-07
1442,0.15384223111331555,0.3449417374856119,0,-4.904359156940688e-06
1443,0.17355352499574248,0.4095734553654874,0,-3.13618157393209e-06
1444,0.2852377236281031,0.4972424029038357,0,-3.973805912830003e-06
1445,0.3190298829557839,0.20313495692972497,0,0.0017640889684943871
1446,0.04589017734991205,0.07867146974243248,0,-1.5047204936468591e-05
1447,0.24011158953751988,0.14791199116436862,0,0.0009752800455733833
1448,0.009923992696754369,0.3959000726593452,0,-7.023637912854525e-07
1449,0.050288747082950926,0.0945010031411057,0,-1.5741204852431788e-05
1450,0.29649125854013403,0.39777156785455564,0,-1.1473666723104938e-05
1451,0.015907058622357455,0.07533598555462584,0,-1.5303862742507696e-05
1452,0.28830768454860967,0.09504227180522266,4,0.009932433294603147
1453,0.23072281146206328,0.38009450181126464,0,-7.3715874611924425e-06
1454,0.29243701582826476,0.3165729195983286,0,-1.4073179918546393e-05
1455,0.08587581073537848,0.30469704439269857,0,-3.7280423128236746e-06
1456,0.25098660496599146,0.13998129687423796,0,0.001863278528808727
1457,0.09031810563127753,0.18984603644657527,0,-1.168746965515149e-05
1458,0.27551844030959804,0.4953958669142586,0,-3.6753089018762198e-06
1459,0.33777975175654673,0.13383823722673516,3,0.007060362016791311
1460,0.08881441199309176,0.41106241839688984,0,-1.3270528234310704e-06
1461,0.09545772790915678,0.3129650572703408,0,-3.7765949949370618e-06
1462,0.033227772457946926,0.3831081506586831,0,-1.0074058952664105e-06
1463,0.20889009693133698,0.36759852189804926,0,-6.736539558565221e-06
1464,0.23030125599712595,0.5719783324103791,0,-1.0901823719526127e-06
1465,0.0345701799663334,0.16441157741761353,0,-8.910557629772565e-06
1466,0.1629125513362332,0.043971655031061284,1,0.0030804374031825643
1467,0.08816516719207462,0.45831123560721093,0,-8.22057098757728e-07
1468,0.16998546946089835,0.3380273018277961,0,-6.154193656652776e-06
1469,0.07897457189645415,0.3974789005082841,0,-1.377848089444493e-06
1470,0.27431150990301595,0.002126135362877712,9,0.031174370212536825
1471,0.25368761370912124,0.4744096610638174,0,-3.6464547195526144e-06
1472,0.15477560470106355,0.10899695398583202,0,0.0001464443204058725
1473,0.1074263679921692,0.47519263189725536,0,-8.416280589986343e-07
1474,0.009787965201071162,0.015475523496910747,0,-4.9487501162627495e-06
1475,0.2829244202541757,0.20147584022665802,0,0.0005984722503550256
1476,0.32577380446196713,0.046372986414560266,7,0.01557635294094244
1477,0.1758857758032799,0.45519404468533387,0,-2.0355341535005e-06
1478,0.08933595870583512,0.3539577249191595,0,-2.360560401310279e-06
1479,0.34614022566258346,0.18562116474730314,1,0.004162114266590889
1480,0.014891569141497646,0.3742513187302194,0,-9.164882427558339e-07
1481,0.13662354602891763,0.1244358894544494,0,1.5474745045997026e-05
1482,0.019591199511634964,0.5624396109631148,0,-1.4629923380978754e-07
1483,0.3140193431969622,0.2648111948551604,0,0.00014633540492087733
1484,0.09015549678683546,0.23641331485708023,0,-7.616845441468407e-06
1485,0.10430079098260482,0.4364377563255856,0,-1.2018623713165676e-06
1486,0.33553385865266033,0.27879082061414184,0,0.00019983050993901708
1487,0.08043077368336154,0.5257956984310682,0,-3.875170896651704e-07
1488,0.18841394415499957,0.592215352969931,0,-5.862558685808838e-07
1489,0.2668740391710116,0.5226313652283047,0,-2.5704585632443943e-06
1490,0.04801076199124091,0.4945813249221029,0,-3.8302515835597144e-07
1491,0.20420705390182237,0.5929207658547263,0,-6.815258324099451e-07
1492,0.22308418052471074,0.3297983228282286,0,-1.096428622363263e-05
1493,0.006447513820220202,0.1821109332285485,0,-5.724198362125588e-06
1494,0.017973613413937554,0.205119767546017,0,-5.110303006457345e-06
1495,0.3477012018782041,0.5116958480978112,0,-6.374457924346896e-06
1496,0.24432029957100726,0.22149501519876852,0,3.5440923493671975e-05
1497,0.10056070645161683,0.146352326751335,0,-1.5764802060351122e-05
1498,0.12634909884114753,0.232283454646063,0,-1.1057984209718706e-05
1499,0.16690024096917852,0.19138948824825092,0,-1.3785549244588342e-05
1500,0.07292246829062575,0.3137887534711368,0,-2.9930871220295473e-06
1501,0.29018592618039135,0.1967262963586056,0,0.0009203663815122268
1502,0.01917708832744261,0.2275884200502526,0,-4.138434189019804e-06
1503,0.045660999727285434,0.20970417540270214,0,-6.4128387815388246e-06
1504,0.05787099116540114,0.17590367174701751,0,-9.936325579807674e-06
1505,0.2627356489911762,0.4567975245870188,0,-4.751296289659958e-06
1506,0.3297324740134079,0.569068180420039,0,-3.02330520040341e-06
1507,0.08948784986322457,0.0037391520432914047,0,0.0009184156777265199
1508,0.17644747161971178,0.08494699449507244,0,0.0010570199512842326
1509,0.22739579171778385,0.2067630326106951,0,3.063182789866654e-05
1510,0.3384326652424259,0.5203664965135818,0,-5.3457316831035305e-06
1511,0.08865764904811116,0.02318698490728015,0,0.00038336893067727535
1512,0.30480620180461515,0.3857530157331357,0,-1.3486556401070934e-05
1513,0.1908921144331888,0.3297780804468011,0,-8.15935354330624e-06
1514,0.3322750282476233,0.5786510415570839,0,-2.818105589649364e-06
1515,0.21926543955355585,0.3476632926657232,0,-9.003855022397181e-06
1516,0.17685977023957555,0.33527906142073843,0,-6.7601370721569515e-06
1517,0.13275458799772247,0.45712954635290476,0,-1.298286885112422e-06
1518,0.3436731716679627,0.28427167851436336,0,0.00022137965663089404
1519,0.1862657479130713,0.17755474419624148,0,9.216089865275578e-06
1520,0.34799141651388416,0.4893436151818762,0,-7.937352460587609e-06
1521,0.165255302395478,0.08544839751623823,0,0.0006678616753500911
1522,0.3269226359709226,0.17842845528095458,1,0.0037868975962454384
1523,0.3228166109124871,0.4777223371304265,0,-6.970003901307757e-06
1524,0.1825088186072726,0.12953011020212335,0,0.00020292794195155147
1525,0.19596493155980618,0.05675621308666816,2,0.005567837754563729
1526,0.26951577712342784,0.11814361354177418,2,0.005502903970363573
1527,0.1300163074193029,0.28807528045015296,0,-6.78990520720801e-06
1528,0.33621154125249164,0.25250653847549087,0,0.0005853392179883141
1529,0.06569230807163363,0.3529947399969531,0,-1.882498066149951e-06
1530,0.23380237673578405,0.40742155735899876,0,-5.8181448531891e-06
1531,0.00411352743490031,0.07595583967765773,0,-1.4367324746822439e-05
1532,0.33589807976190894,0.22308469400575942,0,0.0015232704064146838
1533,0.23806697075530026,0.46133648618465356,0,-3.556395687950249e-06
1534,0.23018101985692313,0.45671904239054756,0,-3.4430708832344643e-06
1535,0.24573806328725958,0.26494832714834565,0,-1.2619311299127405e-05
1536,0.17631772450396077,0.5148391095301084,0,-1.1262501071563092e-06
1537,0.307197376995317,0.10002493124325045,4,0.009714236464052723
1538,0.24204039627065332,0.3491194401371306,0,-1.092500956418054e-05
1539,0.09463075938030611,0.2979532319556959,0,-4.3487984609275e-06
1540,0.006469386484778006,0.3342258812273982,0,-1.2571906366961257e-06
1541,0.09154726281204506,0.1344813089250867,0,-1.5731615703838373e-05
1542,0.18979875528097664,0.03748470795813974,3,0.008502336181827434
1543,0.003179570856865893,0.49774046388380633,0,-2.3714983655972307e-07
1544,0.3268819859385911,0.15975184413344026,2,0.0052053144645585305
1545,0.24891962483153734,0.38571000868999045,0,-8.312786459329412e-06
1546,0.31087452397687704,0.41049530142680984,0,-1.1632901321387368e-05
1547,0.03251632490972298,0.44098399080309764,0,-5.607630000121402e-07
1548,0.08448875081752838,0.21480963729074082,0,-8.864854188777125e-06
1549,0.06076937789176705,0.3250935185832037,0,-2.3685127584718594e-06
1550,0.10888769040235179,0.28667497154397464,0,-5.598111951520062e-06
1551,0.10249291628698508,0.35155877248204076,0,-2.7567277874802375e-06
1552,0.09267464443658356,0.5772896007742842,0,-2.6167798045873274e-07
1553,0.03502923319985466,0.03921283762701744,0,-3.823069033650992e-06
1554,0.3338091038655653,0.14553331808741524,2,0.00638159949786242
1555,0.22361629558701485,0.5414777229943504,0,-1.3834005228361163e-06
1556,0.2890591237808878,0.34908370647131026,0,-1.5288134978839514e-05
1557,0.33580760397753545,0.04388358372092258,7,0.015595668340703596
1558,0.05742146813506579,0.0023954229522018975,0,0.00024081933777714916
1559,0.09005270910236812,0.32452875028537004,0,-3.1893229114406103e-06
1560,0.12065772032550642,0.14489637165411354,0,-1.363614152077797e-05
1561,0.20930812802618753,0.5358968966475782,0,-1.2681805614005914e-06
1562,0.3059077447681611,0.37665715612655687,0,-1.4441648341779184e-05
1563,0.04046444368867717,0.5939931614333442,0,-1.3144985556949334e-07
1564,0.29478453229920387,0.48437047093256475,0,-4.962502913264945e-06
1565,0.20261820312359508,0.46615296602566986,0,-2.381701785610915e-06
1566,0.04353811411147423,0.47545714988110016,0,-4.4348533571034986e-07
1567,0.04575745387762603,0.35746633384864407,0,-1.4753324284574372e-06
1568,0.1980935783804552,0.06347133624856001,2,0.004775490477807311
1569,0.23669424126509958,0.32991022343640447,0,-1.2285558550479826e-05
1570,0.03624769898064367,0.2265002331530932,0,-4.954573742696505e-06
1571,0.24042942493987624,0.30825242784801926,0,-1.4695124920081065e-05
1572,0.1698148561128101,0.12543583440595074,0,0.00013501335063142292
1573,0.2641775327570265,0.5418204377218016,0,-2.0659533760782443e-06
1574,0.34208527913359477,0.278571879407896,0,0.0002640709377914763
1575,0.19937406002773722,0.3862912457559634,0,-5.106932495820067e-06
1576,0.3242118946788905,0.3532240439762275,0,-1.5013810230447537e-05
1577,0.2999475849266216,0.2650877699100487,0,7.130012207037646e-05
1578,0.06754116860694222,0.26278068182754627,0,-4.713836758834973e-06
1579,0.13656047669824106,0.4522090463491444,0,-1.4165497182795957e-06
1580,0.18310971492328532,0.4635113785490143,0,-2.01314843891443e-06
1581,0.19858510525963582,0.5469463758095648,0,-1.020325900922765e-06
1582,0.06016021881001537,0.5097747554310034,0,-3.714882778739436e-07
1583,0.11572787760643158,0.07631754516570574,0,0.00010809926009319745
1584,0.23303525262803038,0.06899584547772146,4,0.009083654628054279
1585,0.22775237554569971,0.4230186115065303,0,-4.698831017664884e-06
1586,0.11891916454068586,0.3111459016286131,0,-4.852904668111655e-06
1587,0.13422439009214862,0.4755301106644346,0,-1.0960927495169982e-06
1588,0.334610722733507,0.404286614893521,0,-1.4534687239552021e-05
1589,0.06277395235801951,0.22493490416369502,0,-6.530449175719417e-06
1590,0.08977726885763279,0.05811063394092009,0,7.098517077223721e-05
1591,0.2118194881138059,0.26488404273918525,0,-1.5649060304763128e-05
1592,0.14136378330405305,0.18414128639260255,0,-1.575187522616028e-05
1593,0.03830358628224699,0.5389601303519619,0,-2.230424103790088e-07
1594,0.0010231858439972263,0.17566302174595463,0,-5.7824742982862055e-06
1595,0.17896645984451567,0.15322586673258465,0,4.636153907089233e-05
1596,0.018450146498693386,0.21800441518636662,0,-4.519080762947409e-06
1597,0.11782882899974224,0.1947548280034463,0,-1.3896887944464308e-05
1598,0.20524539062028752,0.4083603346734438,0,-4.348975205447845e-06
1599,0.19598784315239606,0.16212168020341813,0,7.53457627024559e-05
