,X1,X2,Label,f
0,0.3157783479881601,0.1734489559404434,1,0.0035293788562994507
1,0.254431050817372,0.39369116519122005,0,-8.11850856383095e-06
2,0.0003812557018305962,0.31033982597893744,0,-1.5021265604195748e-06
3,0.315021884513871,0.2183607604620346,0,0.0009701726733496935
4,0.021036252292933898,0.33331418858744033,0,-1.4673794243595465e-06
5,0.3472943497921131,0.5918742406704218,0,-2.8678765925210946e-06
6,0.19727900122386624,0.5526988831377635,0,-9.508263895911429e-07
7,0.24400659738486785,0.434292354030888,0,-4.9345759580781426e-06
8,0.2759182483118778,0.27109485699010516,0,2.7635492623468596e-06
9,0.020601709458684985,0.5781376155176616,0,-1.263139920404699e-07
10,0.27135966480742446,0.013794202411014056,9,0.026108399527588203
11,0.1355567897261475,0.0612787361927382,0,0.0005451813345334289
12,0.24802207222408804,0.12581949634831438,1,0.002710820070459836
13,0.2726426534196035,0.1915367791401579,0,0.0006016586211723764
14,0.061974433663775697,0.2059907450403571,0,-7.78581087716766e-06
15,0.22440011822493966,0.25477600871741307,0,-1.4956276379029065e-05
16,0.12732886488046163,0.1980138778887092,0,-1.4458026203062806e-05
17,0.1505809900994588,0.09126146735312295,0,0.0002791518572333275
18,0.11414354898816696,0.30026160224520987,0,-5.155733683156645e-06
19,0.07500309991724037,0.09547455965108077,0,-1.2532228231390124e-05
20,0.1499208634434225,0.421821124560974,0,-2.1929175352999974e-06
21,0.1250133766004528,0.527446627665669,0,-5.949293076608807e-07
22,0.3218075546039567,0.5350269791892301,0,-3.922292421714813e-06
23,0.10718450626418426,0.008342954260917912,0,0.0015500515267953864
24,0.2493699320322905,0.36327084427779993,0,-1.0280486963826388e-05
25,0.25354831862485133,0.18328526984763652,0,0.00040148574530168407
26,0.141592748073391,0.5795280087254371,0,-4.170485626686672e-07
27,0.22515650078524685,0.31643873913237913,0,-1.2480420464731933e-05
28,0.17485813697522945,0.5858916080824099,0,-5.454832722647239e-07
29,0.26925478062503044,0.5148685327531785,0,-2.844140289994237e-06
30,0.29284385772245025,0.42324336138837876,0,-8.82053105604155e-06
31,0.1612408790417425,0.22595096464462094,0,-1.4942412585179079e-05
32,0.17923811347068094,0.48546483657814665,0,-1.5553183275402677e-06
33,0.1512706615582422,0.5501137940167647,0,-6.164280023975294e-07
34,0.18643972350670987,0.3062836326147812,0,-9.753156361631787e-06
35,0.23201332388611387,0.45038642526823175,0,-3.734593304963328e-06
36,0.3029494756957948,0.5810480947208151,0,-2.054700583199528e-06
37,0.0949322474561542,0.3546912492029484,0,-2.477840143970421e-06
38,0.0479379589994164,0.232739319241151,0,-5.2283047015031575e-06
39,0.2388525136756778,0.5507851374255547,0,-1.46740704268338e-06
40,0.27342627503322303,0.3815617102410233,0,-1.0816500714237167e-05
41,0.05380197786481132,0.3742472113832645,0,-1.351808226384219e-06
42,0.10652598166511534,0.28511281162361984,0,-5.554381069483968e-06
43,0.30760593033315525,0.44709739863951353,0,-8.089271055528595e-06
44,0.2795011958509645,0.5360364834979368,0,-2.5498151617789395e-06
45,0.06161783025014552,0.010897933961856432,0,0.00019587326208162658
46,0.040227550481765295,0.2907496644035694,0,-2.719239811036323e-06
47,0.34191885373712316,0.278598659306392,0,0.00026202986285728524
48,0.044048276658621294,0.4762949578291175,0,-4.4203207891846034e-07
49,0.34045687995357055,0.15042365901362356,2,0.006140959446803192
50,0.15974712170867345,0.24302358218458264,0,-1.3283476709466843e-05
51,0.2976641016251598,0.5144611240475367,0,-3.7876037601668787e-06
52,0.2612222210362332,0.4018461057995859,0,-8.012126493379555e-06
53,0.18533913192928714,0.5082937722261331,0,-1.3156833899948698e-06
54,0.2549835344190332,0.3039280732704396,0,-1.5801502140818577e-05
55,0.22965457784597176,0.034801040142617735,7,0.017126328588756266
56,0.2101843082650644,0.5839236476770098,0,-7.91509191777919e-07
57,0.27544147295547816,0.39614751523942277,0,-9.657081358529034e-06
58,0.04116969120832719,0.49140508631755003,0,-3.6927147995854207e-07
59,0.33233035006692513,0.5047403018806379,0,-5.872407935983139e-06
60,0.016076075326364514,0.45039497718008636,0,-4.331007200309666e-07
61,0.0011026777258809682,0.485113994905639,0,-2.635405985773722e-07
62,0.10117124045446914,0.34042811560893727,0,-3.0402942963253356e-06
63,0.18370709915619143,0.5602131304158807,0,-7.702765922995902e-07
64,0.22422498768319718,0.2513558930104955,0,-1.4452364173554192e-05
65,0.30254094119583597,0.3594397469306691,0,-1.5487331612106484e-05
66,0.18180991721305714,0.05157661427617095,2,0.004362209291140193
67,0.14974844618087993,0.07975033946253636,0,0.00044802544718524826
68,0.10288476996673991,0.24503102292420445,0,-7.921921956115138e-06
69,0.08966896618103866,0.15674224205246615,0,-1.4760136812915095e-05
70,0.2838096252289354,0.15136588113554547,1,0.0032047783042386127
71,0.15517535258079182,0.5246069018511127,0,-8.27128504463174e-07
72,0.23453932727679827,0.36451482226830995,0,-8.868618540097739e-06
73,0.24792253212519474,0.42632847276817326,0,-5.548452359340898e-06
74,0.1686256696441268,0.2220614063978176,0,-1.5621408914846823e-05
75,0.1261227196429079,0.2513555408183777,0,-9.290261557821516e-06
76,0.3297615029077328,0.1156425142755957,3,0.008244865336371887
77,0.15444811118136653,0.3892610196735212,0,-3.1752834694922832e-06
78,0.14616733406133325,0.12067392978419501,0,4.675558654393776e-05
79,0.0015381272660011103,0.24691224862941072,0,-2.863853544843446e-06
80,0.23511531539105426,0.014037294735484651,9,0.024576739515916702
81,0.24144882154761108,0.23108239284496143,0,1.0628442105701929e-05
82,0.05409456959317527,0.1438994781737456,0,-1.2654869841317132e-05
83,0.29006062126886545,0.18958046568223208,0,0.0011767395809002862
84,0.24660738973764865,0.2578761693041784,0,-9.446884569193514e-06
85,0.32619210644894103,0.48004122930199067,0,-7.0411590336246855e-06
86,0.1335547426618726,0.23306874618490303,0,-1.1682012359549864e-05
87,0.21090317549782614,0.2313469842956669,0,-1.2859491148271215e-05
88,0.2695431613047294,0.3733130800226616,0,-1.1237641191058315e-05
89,0.23459155128290918,0.556245856211718,0,-1.3316419576039215e-06
90,0.18857796562535165,0.3837128349919681,0,-4.708947528389785e-06
91,0.2924207934459696,0.09408254065920604,4,0.010174585573112738
92,0.3274711430397815,0.4895938724467307,0,-6.496047074160232e-06
93,0.2534012848923978,0.5532465452194467,0,-1.655318660055325e-06
94,0.34075390348582896,0.2809405786726023,0,0.0002264020251138867
95,0.34581231892665804,0.46803537089773073,0,-9.504931006654515e-06
96,0.010957404697860718,0.4764106825755995,0,-3.1724831627721053e-07
97,0.02849423080471271,0.024869162022212565,0,3.91207377594279e-06
98,0.018418627554470966,0.10697861793307503,0,-1.278220525698714e-05
99,0.31483451071346785,0.39962073467005804,0,-1.3107037158250391e-05
100,0.2377143732731474,0.5157612427756176,0,-2.058826686560428e-06
101,0.12854752483132365,0.5555158445653715,0,-4.6547462096220945e-07
102,0.11010613452730517,0.46229826402561186,0,-9.834073399846906e-07
103,0.03020568800929607,0.5670488861157463,0,-1.5533609165032873e-07
104,0.17592534454437453,0.5290403492970172,0,-9.733579022140836e-07
105,0.2504754289288537,0.28081198384625355,0,-1.5005132409364136e-05
106,0.08993366612030645,0.4007474019661751,0,-1.4877386822886393e-06
107,0.0028973564285458497,0.5818888530195074,0,-1.0194175073589976e-07
108,0.16599647871565573,0.5171194989494671,0,-9.93105374739919e-07
109,0.14148599472511267,0.5252307399238035,0,-7.16990283164054e-07
110,0.07609963671581206,0.4074400979819184,0,-1.2119450061411428e-06
111,0.016559955094786503,0.1055688814891393,0,-1.2737985546139034e-05
112,0.1500922237035103,0.3489979515022561,0,-4.539497095557308e-06
113,0.21368000613593463,0.17969824403040513,0,7.465343545110453e-05
114,0.09712684317906048,0.10342048162572363,0,-5.619060632392255e-06
115,0.2822370058143613,0.320810318422701,0,-1.5753575868380853e-05
116,0.029473270612517307,0.35852712304269513,0,-1.2406809328880953e-06
117,0.22793958106125098,0.2070586199612068,0,3.120893502113008e-05
118,0.15269400288685095,0.03246828844967229,1,0.0033054368538756092
119,0.1903397992721483,0.5980295302130143,0,-5.638823768443372e-07
120,0.11215236943781771,0.1754647547849887,0,-1.5045203219562601e-05
121,0.2923623340470433,0.21620338162032984,0,0.0004791173063114117
122,0.29190768220314844,0.5467621252896544,0,-2.592178198860416e-06
123,0.3460220279864392,0.3344658013624821,0,9.745626017163513e-06
124,0.2524659985680361,0.21142640692243955,0,0.00010539202789329685
125,0.20802179324366632,0.029958580536964118,6,0.01471977398504254
126,0.09680550401581087,0.5679365745827997,0,-2.994340882148541e-07
127,0.15230923351009737,0.1241366353514129,0,5.539460933801076e-05
128,0.2657158066739455,0.017305185990559878,9,0.024815370781596145
129,0.02356239274680794,0.36815282848882297,0,-1.0622409890583024e-06
130,0.022860088796265464,0.39309442408183864,0,-8.219867900855367e-07
131,0.31286776655822296,0.3762932200325178,0,-1.5047765011399596e-05
132,0.2690908003772453,0.3005349306465741,0,-1.5181413515302118e-05
133,0.12580759915230716,0.21797256842049872,0,-1.2410661712774984e-05
134,0.007043034228891759,0.1619400005705072,0,-7.013812880305977e-06
135,0.2886774642070299,0.5075924995035381,0,-3.7094612386948127e-06
136,0.11252268250662815,0.04365000063382938,0,0.00043925956363742986
137,0.13594829451642215,0.18864306728248473,0,-1.5642542508975243e-05
138,0.1240874314903813,0.10620642410198507,0,2.6981573417727185e-05
139,0.04898327311616586,0.5109301301213518,0,-3.2843191231109316e-07
140,0.055501710735110295,0.57341286603253,0,-1.876580972187794e-07
141,0.1817683112317292,0.019351497205974733,5,0.011814755771172667
142,0.17851836748290098,0.40994207965613133,0,-3.2829462208312873e-06
143,0.010634121119247747,0.3269574798471219,0,-1.4093733335063317e-06
144,0.18311128596784973,0.08753962992847886,0,0.0012273967225607274
145,0.07455168913633897,0.10685045452323168,0,-1.500565382112667e-05
146,0.20641510701211158,0.2923819930514346,0,-1.3011580175326909e-05
147,0.017474903002771974,0.42817884108429555,0,-5.484524179467404e-07
148,0.18868876232292656,0.5842128107511947,0,-6.368367516414382e-07
149,0.3217251295438884,0.23914660099517596,0,0.0005790781461839504
150,0.219157532067548,0.4020499267381504,0,-5.311819233610344e-06
151,0.05591621319692282,0.5400734825387482,0,-2.6299855390247925e-07
152,0.022507130890557468,0.5276630831805161,0,-2.1326634747221016e-07
153,0.10810782247131875,0.21138583868530852,0,-1.1317977900174223e-05
154,0.23374511155480057,0.02779939717215063,9,0.01977226082767531
155,0.08404953011336616,0.439795839069637,0,-9.494186504581923e-07
156,0.012301911802975579,0.3407086119195817,0,-1.2489683965580466e-06
157,0.13420474663928678,0.21184332918335397,0,-1.3828299074614773e-05
158,0.17927077327967122,0.22346374437816122,0,-1.5794379037882073e-05
159,0.13026424591069394,0.38546301102392455,0,-2.59186008929811e-06
160,0.05994687338335417,0.04259912781132023,0,2.669809238785124e-05
161,0.19793647555182717,0.1262491249016978,0,0.00045816734152382386
162,0.34937411799408935,0.21929098620405033,1,0.0022822804166446565
163,0.15161226562031924,0.15264763285243546,0,-1.6815813437100513e-06
164,0.0463436852936623,0.22113231225423924,0,-5.771076884328915e-06
165,0.25004677324001773,0.3721146938057831,0,-9.542611072048222e-06
166,0.2754983940946952,0.3383064126746405,0,-1.509029563965028e-05
167,0.3150131995722247,0.5706896139820549,0,-2.5695083877037274e-06
168,0.05869212342490512,0.10692927446615887,0,-1.5740403376672717e-05
169,0.22938874471023166,0.38198807752976516,0,-7.1451827627368e-06
170,0.25607414653453253,0.5551266234981465,0,-1.6683887551470226e-06
171,0.2541657395298802,0.24759208518564413,0,5.210654801307073e-06
172,0.004777460302285791,0.03953558611295278,0,-1.5247212132443794e-05
173,0.181020440904152,0.5642365293747913,0,-7.203272657698628e-07
174,0.3058625979695158,0.284130870250915,0,3.003181922784969e-05
175,0.21045345954015565,0.05488392910179813,3,0.008388982630193801
176,0.1538743553103793,0.37205203807835047,0,-3.747820743783246e-06
177,0.13769290731822767,0.16898967193946482,0,-1.4939179521803753e-05
178,0.27812855879091863,0.31001821816963515,0,-1.5250607042938047e-05
179,0.19310711080386964,0.5968517310079141,0,-5.865416697465814e-07
180,0.2714224306085287,0.352166555728122,0,-1.351216851137435e-05
181,0.31747487054484497,0.1289706123724953,3,0.007323088386605356
182,0.022859476287831252,0.2695932486398247,0,-2.8246120328221294e-06
183,0.033288605467979585,0.32538756026886173,0,-1.7950946445881933e-06
184,0.24477522467690205,0.1296142231433007,1,0.002179101554717959
185,0.1616390180963188,0.10191403421072225,0,0.00028179499919380645
186,0.017369740558544386,0.2561563051425641,0,-3.0579319970678553e-06
187,0.3127217437124796,0.1254264425435269,3,0.007513984161375607
188,0.011217354484116548,0.3010093889145914,0,-1.8374136093568858e-06
189,0.2602399033879241,0.3011620923216623,0,-1.5807317622180682e-05
190,0.09556127499343199,0.1450353967544318,0,-1.5726509667454157e-05
191,0.10085136474998357,0.0556859705199884,0,0.00014664410290674706
192,0.20231280936429244,0.2342262141459358,0,-1.5109496972200374e-05
193,0.02025437533463062,0.34564692871932723,0,-1.2870710412076196e-06
194,0.285565675934865,0.2655363545641937,0,2.7042209211527815e-05
195,0.041210492324093156,0.5599460513165574,0,-1.8614803307402197e-07
196,0.17980376264265346,0.2576228816357857,0,-1.3805861260556567e-05
197,0.29774464735087114,0.11831614455948763,3,0.007656389268615654
198,0.3330487541655577,0.024061731469846248,9,0.021013092002394006
199,0.25417138166878617,0.5347355587914339,0,-2.0069813383012124e-06
200,0.1516040251449009,0.592413771450512,0,-4.0517061154450196e-07
201,0.06511549748354617,0.3781342536138263,0,-1.4557875610134015e-06
202,0.040763019330009385,0.016200572994309482,0,4.6131549705623715e-05
203,0.17778171900627346,0.08537930934193765,0,0.0010932079432900098
204,0.15646270381505378,0.5740064805486601,0,-5.112567849998683e-07
205,0.2607247447788423,0.5311168606345353,0,-2.2213037086298695e-06
206,0.2536612489291365,0.26367691259970083,0,-8.846724872465501e-06
207,0.3148080101568036,0.012006663784243421,9,0.026244025368718615
208,0.15417103742909996,0.12287977111709422,0,6.696784786580224e-05
209,0.30760150977040834,0.011470751834114834,9,0.026629943892081266
210,0.3459079704887829,0.4304606944000501,0,-1.3123289150075599e-05
211,0.1410242501073127,0.05301410075903949,0,0.0009616373434994181
212,0.04943599036777779,0.5822369677947078,0,-1.6170876727246804e-07
213,0.11350981974146133,0.2900521838481743,0,-5.66676482913565e-06
214,0.08596254936410361,0.14795140026624098,0,-1.5137872810225543e-05
215,0.025117890107284723,0.17598543148710674,0,-7.29171369887553e-06
216,0.01573669597768542,0.19283660414301906,0,-5.643238832459979e-06
217,0.1955686529460656,0.18002930065557413,0,2.0527046129038454e-05
218,0.013233790985586129,0.27402445589388846,0,-2.4549772634192623e-06
219,0.2380336340653405,0.4850488312109538,0,-2.8066472885906483e-06
220,0.13919966281158838,0.21708379757456928,0,-1.3804600854019961e-05
221,0.004305406251743726,0.30834209570135723,0,-1.59367536333973e-06
222,0.06834058300632351,0.3855472104222445,0,-1.3960369112458664e-06
223,0.015128464226144715,0.24606135158865652,0,-3.3071730862585224e-06
224,0.2913868545926531,0.43505230600024597,0,-7.775983338287939e-06
225,0.08844041438856257,0.05354904837314904,0,8.55257431092425e-05
226,0.11889544635557285,0.5588650447669399,0,-4.0878600904007696e-07
227,0.27220919549395783,0.16527824541868322,0,0.0015338820206971145
228,0.22961234316577808,0.4166464558495478,0,-5.097611367224744e-06
229,0.1641847819650187,0.3716270385011427,0,-4.169420655490614e-06
230,0.29685117221697715,0.270743139496893,0,4.175383201011091e-05
231,0.3039087239611119,0.5414405601745771,0,-3.0802693462856944e-06
232,0.1552914222465976,0.2871404918731605,0,-8.728186122506545e-06
233,0.1822877007194892,0.0808069042674739,0,0.0015430022007710965
234,0.24627477779189988,0.5298532210669282,0,-1.947778192117754e-06
235,0.2542454712132917,0.529556782162873,0,-2.1151050141408743e-06
236,0.13384666773920653,0.2046298048572887,0,-1.4449131067870182e-05
237,0.2783889513485257,0.1399874385973532,1,0.0038390728273996746
238,0.09578566776644072,0.4106113099730766,0,-1.4291322798086154e-06
239,0.1514329433577266,0.43803716237693924,0,-1.8932333288142065e-06
240,0.1626638179402903,0.4487721479947357,0,-1.902268291353323e-06
241,0.24564878968976117,0.5386922829727239,0,-1.7720364492762637e-06
242,0.11821314135048641,0.032600090428438144,0,0.0008918975626196757
243,0.08711094485778353,0.4933142802100821,0,-5.732221891234824e-07
244,0.3035399397553932,0.12155308539193567,3,0.007578448472023251
245,0.06816219496079406,0.13386582311938025,0,-1.4868341912532564e-05
246,0.0022604225892816185,0.5202083517620046,0,-1.8769799675555694e-07
247,0.06744418177344508,0.43542175639152575,0,-8.4030468156151e-07
248,0.10933844180010667,0.2896553131536554,0,-5.4601750538599086e-06
249,0.24924493178033078,0.458614664002014,0,-4.082893067000787e-06
250,0.3152259774233047,0.33289044551051405,0,-1.2464849095281237e-05
251,0.004349097750245473,0.17147439305089002,0,-6.225130914531757e-06
252,0.3198890893071304,0.0002103107481412625,9,0.03231453013794882
253,0.2800147927318129,0.12938222580736075,2,0.005112258375818309
254,0.24569091844267776,0.05462638486360747,6,0.013953294603146541
255,0.03859879231730086,0.34622765566584407,0,-1.5368835885799256e-06
256,0.28319576622832604,0.035705133549161425,8,0.01941412687081042
257,0.3315276138267179,0.26502057448065247,0,0.00030420939928095606
258,0.0674204134999482,0.2351955905699457,0,-6.18095474281318e-06
259,0.28458624971939533,0.284571437435742,0,-2.1653666854119763e-06
260,0.3395201432643532,0.41843609363472617,0,-1.3677474528888422e-05
261,0.21991929798887744,0.36955382090809064,0,-7.354735515944544e-06
262,0.0681278965604367,0.06698896598922167,0,9.772663557791157e-07
263,0.04979405871515138,0.2687617800954625,0,-3.7244369439824152e-06
264,0.1338990307277442,0.31907101839699253,0,-5.202425741917517e-06
265,0.24839237207610076,0.034397966666385595,8,0.019160597878582115
266,0.13749675382760876,0.5727572932525807,0,-4.2837934554815243e-07
267,0.2830528664690704,0.07701386295617885,5,0.012150873725981538
268,0.33899485520532113,0.3757664901599046,0,-1.575835900004899e-05
269,0.31135276246115157,0.2531509192821296,0,0.00022105573172946717
270,0.11374762984276773,0.3195241257149206,0,-4.242783891596404e-06
271,0.1366918285552959,0.05761659529898939,0,0.0006672772870163539
272,0.26145883333827347,0.4768672865568359,0,-3.843785123404854e-06
273,0.034362873319775535,0.46817759251224467,0,-4.352030836561025e-07
274,0.055796386681347857,0.23548435315727181,0,-5.498465164374165e-06
275,0.16258138817231932,0.20787186927922835,0,-1.5790274039864544e-05
276,0.10226873862120851,0.30615528074682635,0,-4.3239926001418245e-06
277,0.10665540626486256,0.02093269178109398,0,0.0009051799801898612
278,0.30744946809385654,0.11267033103058945,3,0.008543770902369496
279,0.2324300648279563,0.009668188569913805,9,0.02600064931891436
280,0.1717473898750005,0.27577655058748557,0,-1.1233939628434641e-05
281,0.17671876135128436,0.4272083591446527,0,-2.7143941261641942e-06
282,0.05062661596727172,0.07903787861584562,0,-1.4412334835950243e-05
283,0.11307341861978687,0.18509218095471383,0,-1.4342974567900623e-05
284,0.1664913135138138,0.402634519653256,0,-3.1327439921018947e-06
285,0.08018953183851167,0.10807233764267352,0,-1.434234927516879e-05
286,0.20456719274552448,0.5864407512542068,0,-7.297608918892169e-07
287,0.14393993266513297,0.509990548466456,0,-8.557208108178299e-07
288,0.345793311235833,0.23944314025813365,0,0.001217411953501654
289,0.08803272344733563,0.1804277358287339,0,-1.2393464720750415e-05
290,0.31395794720250386,0.5371732721792659,0,-3.5516601451342293e-06
291,0.31714348189919467,0.29921668110404415,0,2.1422934356777525e-05
292,0.1744567327646669,0.25460149446511654,0,-1.3584891751686334e-05
293,0.3010768343782427,0.3778474599669647,0,-1.388895136115707e-05
294,0.06535591490963391,0.14839510867700267,0,-1.3319080078309146e-05
295,0.26456372623457947,0.26486582906446066,0,-2.181888069366739e-06
296,0.28937342027014634,0.35071192408826324,0,-1.5197860026018427e-05
297,0.1027055914887322,0.33044251436060396,0,-3.410329628413037e-06
298,0.26030572377854966,0.0380334562142089,8,0.01879481064510755
299,0.07247350908857303,0.4072964576576343,0,-1.1705282261626106e-06
300,0.0974987794224087,0.17928818906302565,0,-1.3436418948500206e-05
301,0.12699729555807274,0.448677968618529,0,-1.333852601199775e-06
302,0.19605848133388057,0.4032780002581814,0,-4.176015693855055e-06
303,0.14591581829044742,0.24341919304068252,0,-1.1878087986228008e-05
304,0.11518812090807452,0.5208361730581408,0,-5.761910337856134e-07
305,0.1801688976730567,0.4789883799306561,0,-1.6748091944818782e-06
306,0.21840498694461027,0.34358399726647393,0,-9.278377658428908e-06
307,0.3080424979590233,0.5549327525364023,0,-2.805466449036525e-06
308,0.12421481181148812,0.5136114770530213,0,-6.777711607884727e-07
309,0.32744183299417534,0.5325047173615979,0,-4.2528038025369174e-06
310,0.34754797273511273,0.080607361880234,4,0.009927326914027385
311,0.33985709478297826,0.025303509999921592,9,0.020340384100539326
312,4.701875485267348e-05,0.2395587166470018,0,-3.0364371800727047e-06
313,0.24803618494564325,0.2491368812370613,0,-2.676796515542067e-06
314,0.059655791988871394,0.0842192335530237,0,-1.3630972554447066e-05
315,0.24054056327324366,0.3667904574559692,0,-9.181793013219372e-06
316,0.3254495030249828,0.31326521439462013,0,1.1262026127049126e-05
317,0.2870465486691003,0.5335130956432776,0,-2.8188343188401802e-06
318,0.03999084379849882,0.13521590171934772,0,-1.2119019344741597e-05
319,0.14510109860482226,0.5526980658528883,0,-5.648202614772662e-07
320,0.30063853243996674,0.23659264112604483,0,0.000288763353304443
321,0.014559369573052004,0.5129286690854068,0,-2.2826142509755264e-07
322,0.11409681094189898,0.569560604471493,0,-3.5013734656863216e-07
323,0.16657702040946917,0.5789193786580814,0,-5.384635153014484e-07
324,0.10037935148428197,0.3441727470126872,0,-2.9057765411432766e-06
325,0.05836221839308072,0.41837697758057896,0,-9.100508224839878e-07
326,0.2751401881782939,0.4024026019726367,0,-9.087820899308835e-06
327,0.09289501968227436,0.5180276270045705,0,-4.743343287965663e-07
328,0.3410625784244677,0.514040459328301,0,-5.838216896920569e-06
329,0.1386208584102234,0.4394906300270628,0,-1.6420127903092567e-06
330,0.29532082110228,0.20028994582802262,0,0.0009616870041043249
331,0.14478082673702355,0.5651256831933998,0,-4.972260001693365e-07
332,0.3379619429875786,0.11650789598231061,3,0.007987093673834537
333,0.13078626475764865,0.008988136212329677,1,0.0036743497292310466
334,0.3195023234642347,0.006905884438827048,9,0.028577326965784144
335,0.2014121624952487,0.20179855634149987,0,-1.5350285049325237e-06
336,0.24776714556053925,0.5046375049884646,0,-2.5431619464268033e-06
337,0.2880678290730698,0.4602833645030917,0,-5.890939438822358e-06
338,0.04595413796323253,0.04230084195457686,0,3.8852934233739806e-06
339,0.22795144538155834,0.5227590712697987,0,-1.7417147940858354e-06
340,0.32045591510633886,0.5596781747734869,0,-3.0274773622339506e-06
341,0.054693267303626066,0.32514693053553734,0,-2.2280045982828015e-06
342,0.014254544612934999,0.17364852182881832,0,-6.71307917710522e-06
343,0.24219289395175406,0.2008898501392046,0,0.00010802754408851511
344,0.3209582994644843,0.013562795089739298,9,0.02541982814380931
345,0.3473328511095875,0.3558940917081704,0,-8.863598380849944e-06
346,0.22474052882370643,0.13708843631024734,0,0.0008424326584197366
347,0.3451770857520872,0.22919011367855677,0,0.001615043762376325
348,0.01280773349201289,0.3695420376579927,0,-9.408877189067352e-07
349,0.28931861930780556,0.3955897367733832,0,-1.0990945412932409e-05
350,0.19882292528045892,0.4231877236877,0,-3.5207879209473026e-06
351,0.25261015413635335,0.21310057155482678,0,9.725348093294802e-05
352,0.1938337890511159,0.3194663575647549,0,-9.244173447849423e-06
353,0.1583879122284556,0.4370753362542438,0,-2.0488426991921708e-06
354,0.003510014252273713,0.39093025006410087,0,-6.923393601046098e-07
355,0.29520051939666725,0.3521859415038608,0,-1.548015446948609e-05
356,0.1716245645569321,0.3877289417445715,0,-3.8246991543065e-06
357,0.1775852841581607,0.3475595157469232,0,-6.037706061251013e-06
358,0.0013995703467233,0.34437927981873934,0,-1.0797391844800623e-06
359,0.18656590821197666,0.3376759064761449,0,-7.255845903470415e-06
360,0.1939290135160386,0.4614844153616514,0,-2.2883465781705005e-06
361,0.33575203183670344,0.15410998473183388,2,0.005866185281288214
362,0.2483517583790735,0.47878295862428377,0,-3.310690284638269e-06
363,0.31239145391510836,0.0909001071562761,4,0.010491880074593342
364,0.192955903645248,0.08697567629604241,0,0.001790455051317256
365,0.285478024692699,0.03821956247222597,8,0.018785739957167775
366,0.01195709518055077,0.019430357648958774,0,-6.223154932443061e-06
367,0.11367701132031177,0.38375289750751945,0,-2.2345756919833703e-06
368,0.13030956013301573,0.2825849108883667,0,-7.182188107793317e-06
369,0.17096097803482035,0.3800652314717646,0,-4.100570389750838e-06
370,0.02968628984062077,0.4141239680385963,0,-7.131003613838807e-07
371,0.20624748969360646,0.24989994453145695,0,-1.5807779041727164e-05
372,0.030254106632322007,0.1889558286501084,0,-6.757316776373223e-06
373,0.19327104487223817,0.4103149276548112,0,-3.7874760538244557e-06
374,0.15986967281973746,0.19642412019472602,0,-1.5489695790294016e-05
375,0.23968831073135072,0.5839593111043664,0,-1.0620789213870986e-06
376,0.3001163496972494,0.4711224944871219,0,-5.959391877989116e-06
377,0.17180332419351432,0.37496075077486335,0,-4.3501088084721555e-06
378,0.20167575843909938,0.3471285134116142,0,-7.660356655736872e-06
379,0.0777024924630893,0.2856888160656475,0,-4.152891536540616e-06
380,0.00648588022909895,0.09569332086291324,0,-1.2719381618267334e-05
381,0.32597102983249904,0.3723527885127503,0,-1.590088164056132e-05
382,0.31583651274086527,0.1878866388901555,1,0.0024930637740521303
383,0.25267373606838955,0.13429610531224637,1,0.0023642865414887906
384,0.20479652528145437,0.24380902790199988,0,-1.567898089447146e-05
385,0.20102282237289648,0.5975060822612553,0,-6.306230191319953e-07
386,0.11996726029760453,0.1022495954536222,0,2.6689166121363615e-05
387,0.13368648731591493,0.32197654640484547,0,-5.0444881148280615e-06
388,0.3117351362460698,0.2911532392152326,0,2.7161182686604166e-05
389,0.3274998398515163,0.3619963960908944,0,-1.5592332525391587e-05
390,0.04245206073596464,0.5554603899504099,0,-1.971173941052897e-07
391,0.1040547180213522,0.2728792498877379,0,-6.114344451349547e-06
392,0.3191108660946444,0.2436559552139439,0,0.00044418567182966047
393,0.17464686012932115,0.24945881358659577,0,-1.4086556148032378e-05
394,0.10630547891174179,0.010022237015971224,0,0.0013985222172764294
395,0.2912085484863996,0.5213693989490756,0,-3.3161909580564443e-06
396,0.1713196396420767,0.27574999426370767,0,-1.1195141142497589e-05
397,0.09713483413224226,0.539330508377272,0,-3.9990712837072345e-07
398,0.07499859014132142,0.4687348647853007,0,-6.49430684080352e-07
399,0.160924381247191,0.20205944593646166,0,-1.5722465703673517e-05
400,0.1521373802665381,0.05219455837754148,0,0.0015281344543696508
401,0.024610669019608095,0.11279562203411761,0,-1.2818619250782464e-05
402,0.07958442334089412,0.21605666849864566,0,-8.365212562425114e-06
403,0.16983919025905297,0.14802963135206162,0,3.5461654223586165e-05
404,0.1333923676441495,0.4819397029397193,0,-1.0195497484367657e-06
405,0.2327458061993115,0.23367528674774563,0,-2.3554205233534803e-06
406,0.20309300650410533,0.5613800386332581,0,-9.238603607286155e-07
407,0.16303428618713553,0.3888418847370077,0,-3.4729709141641264e-06
408,0.09765865819670715,0.09983948398056987,0,-2.361018986941617e-06
409,0.28851224476124393,0.19474930768009027,0,0.0009338941109007794
410,0.0039425727681134445,0.1943552702699605,0,-4.9484892051229196e-06
411,0.1298676133327914,0.44883194260137854,0,-1.370509534738984e-06
412,0.19699580593649796,0.016424459242730127,7,0.01689172986746052
413,0.14963813229847883,0.49227863782445297,0,-1.0812965236110291e-06
414,0.18289610225797082,0.38685738546373766,0,-4.3145707740758275e-06
415,0.17219958200940091,0.4101912002144202,0,-3.0751883465442946e-06
416,0.19706467438978753,0.382436975599647,0,-5.185778839286957e-06
417,0.14605297583889165,0.0871980590135684,0,0.0002742673130589578
418,0.25425574669980305,0.5749359472329975,0,-1.3441252748369975e-06
419,0.08216278012316328,0.10177377580898306,0,-1.2267389975635136e-05
420,0.037802574385818105,0.12294391218092932,0,-1.3116917369455429e-05
421,0.12276715260075678,0.12308973027379826,0,-8.038532288002772e-07
422,0.06300362555401308,0.3335976876168343,0,-2.224644292971656e-06
423,0.34152027065041524,0.26357375284786183,0,0.00046779944041813417
424,0.06154391790536737,0.1586769908779016,0,-1.192753753849236e-05
425,0.03096131656754676,0.08061583393821183,0,-1.5714252106731537e-05
426,0.022308661314349807,0.4370027186763046,0,-5.26972490325434e-07
427,0.0505630185376115,0.4286285233277208,0,-7.598337068348906e-07
428,0.18001698490390886,0.24865388442236555,0,-1.4628969946449482e-05
429,0.28552902585798773,0.12363341162304917,2,0.006248677764349135
430,0.23225496586601552,0.19900317208418697,0,7.030298928135549e-05
431,0.06307156120615577,0.4678040173544246,0,-5.81894598711499e-07
432,0.002730639617144048,0.45051678356334746,0,-3.7858395226884067e-07
433,0.2870311987466753,0.4436883158404902,0,-6.859234402624274e-06
434,0.2943279559588269,0.2398346893419645,0,0.00019199830583070432
435,0.11896177707884949,0.49890319901482805,0,-7.450349257709668e-07
436,0.23701186944366417,0.19236191859173193,0,0.0001287767922378951
437,0.15959242767478835,0.4300594479813732,0,-2.224166357211277e-06
438,0.009153094784335097,0.5792534937841072,0,-1.1141337936308062e-07
439,0.18729314445214637,0.19255058640774414,0,-5.389331953276077e-06
440,0.11613918782564962,0.29322381618265453,0,-5.636332170805441e-06
441,0.34431210820236346,0.000962030011956294,9,0.031661603934591345
442,0.08687552771900921,0.22075018432965388,0,-8.572693440633508e-06
443,0.018455766026809355,0.15537544210124057,0,-8.336070780558563e-06
444,0.31475787905129854,0.24241589703055694,0,0.0003961867614038728
445,0.17796649296111489,0.2123543337939688,0,-1.533323039516415e-05
446,0.29888869400369394,0.46679749950222205,0,-6.143472553801793e-06
447,0.292731133596233,0.5306948365933732,0,-3.0679038211271368e-06
448,0.29969773805264516,0.536237019429988,0,-3.1112397074225853e-06
449,0.16831673551892112,0.07052845189731617,0,0.0013700615524299049
450,0.2257859036366569,0.21468417809634657,0,1.2080978928062545e-05
451,0.13574273769774872,0.05935643330486562,0,0.0005962341765444072
452,0.26674771708910017,0.2538079490503328,0,1.406936612650969e-05
453,0.08857428644818682,0.0920610454703907,0,-3.4306846020915764e-06
454,0.28078031177709795,0.06329135626106094,6,0.014164182390767114
455,0.0488562548858315,0.345436018197581,0,-1.7161524872612035e-06
456,0.12020508676388694,0.43481848630630227,0,-1.4316515786063925e-06
457,0.29396239323412754,0.08305277757918036,5,0.011499881233625145
458,0.3208124455004366,0.5190900069967136,0,-4.549878020944209e-06
459,0.05454016769803998,0.4938659787497215,0,-4.1177189226932807e-07
460,0.03597506932479366,0.05094151110996714,0,-1.041148125678975e-05
461,0.21799907715820818,0.39057935190213894,0,-5.880018750074746e-06
462,0.18398067714276756,0.16921428280346087,0,1.9301187600868265e-05
463,0.2984519374368417,0.5128134259354438,0,-3.880420264040569e-06
464,0.2275850212268854,0.17277584734505544,0,0.00021140633552182915
465,0.08867990709312616,0.2690757373594856,0,-5.457682984054922e-06
466,0.23959849597744365,0.4792335281766835,0,-3.0209931367624114e-06
467,0.24398594566657952,0.27809606619052946,0,-1.540484591284124e-05
468,0.3366107121562543,0.0871249983657519,4,0.009923739345293663
469,0.34391312719301104,0.43214057360578023,0,-1.2757918099495657e-05
470,0.2827875961514809,0.4116358014651407,0,-8.952250446443623e-06
471,0.2648040733326376,0.07138841190991256,5,0.012239400246774002
472,0.12404763397709331,0.4498553941191895,0,-1.2799954971424958e-06
473,0.18935096362989787,0.09519806687101474,0,0.0011498281124735661
474,0.30057087884797445,0.03619041032351964,8,0.01881590880587032
475,0.14048923379884373,0.12252628483027656,0,2.6843828232947978e-05
476,0.16760900144896063,0.0481532221314289,1,0.003104453544595823
477,0.09786484358753643,0.38732746426559084,0,-1.841473126007851e-06
478,0.3323123513208388,0.08906245163788003,4,0.00996502086217123
479,0.031893627957117955,0.15364298002440915,0,-9.606820822472445e-06
480,0.18254683774504954,0.14588505007802455,0,8.9120280259076e-05
481,0.2300404904301204,0.10047755716938467,1,0.0036306250963032347
482,0.13808484575749227,0.37447150695420706,0,-3.1267338030528434e-06
483,0.1814136740782388,0.13636802291126418,0,0.00013833594355922203
484,0.25746671265069065,0.21618415366158572,0,0.00010614003979937855
485,0.09515589412080785,0.35902769698818476,0,-2.3781094626636147e-06
486,0.0013787971889987814,0.042213084341771,0,-1.5649417810703165e-05
487,0.3123562489046188,0.3771320544397397,0,-1.494320965172275e-05
488,0.27012472893747125,0.1668227686985495,0,0.0013630208792730907
489,0.08660707663490096,0.5200019054567937,0,-4.367568768959852e-07
490,0.11071618719476144,0.2598141390568084,0,-7.408761439674631e-06
491,0.2883860947484519,0.15167598503985005,1,0.0035144546813701766
492,0.024739104829696833,0.1204998087883925,0,-1.2067728760243122e-05
493,0.1596453245128191,0.3329145096468008,0,-5.847459147812595e-06
494,0.08337778963564613,0.1282700880447177,0,-1.575594347042288e-05
495,0.03846731479378421,0.4359415143980103,0,-6.258823291320944e-07
496,0.15746984012492,0.3085183558281031,0,-7.264385357212409e-06
497,0.16654492599146486,0.26554370694692203,0,-1.1726841132749634e-05
498,0.18528262399063294,0.4183500951496572,0,-3.229157136294592e-06
499,0.25313160504714544,0.3440766627677709,0,-1.2508109193595891e-05
500,0.13614728867388667,0.540353907542975,0,-5.84375965170747e-07
501,0.1004325039477072,0.0077548702326593055,0,0.001213618587181833
502,0.08325787386135645,0.4600821473695629,0,-7.690057455106235e-07
503,0.25067765095297,0.29758821546613745,0,-1.5835356257780868e-05
504,0.22267408326746066,0.3945353374832444,0,-5.921082888843798e-06
505,0.28655550436762983,0.5698959583388159,0,-1.9506457820581033e-06
506,0.11599948663104104,0.15186307806082036,0,-1.5397887204143016e-05
507,0.22671155720506694,0.5611563545683969,0,-1.1720028620763238e-06
508,0.0774101610507493,0.44099644034539015,0,-8.77911266219488e-07
509,0.16620124096297345,0.0859617226859379,0,0.0006791927757823143
510,0.3448169141467756,0.3619461018024157,0,-1.2462484082495508e-05
511,0.3373194168476591,0.20404756747990163,1,0.0025941564417934675
512,0.11192207285301366,0.3090417736556557,0,-4.62369167019464e-06
513,0.15908675655346138,0.0670165471301503,0,0.0011079689832127829
514,0.029938363929804503,0.562743585044213,0,-1.6173725176870903e-07
515,0.08208458481786368,0.33845190654618207,0,-2.5636784759916774e-06
516,0.07697870753293007,0.420112918678057,0,-1.0771246999754634e-06
517,0.06962775197944282,0.1166753262673104,0,-1.5753553726949695e-05
518,0.15558198184827735,0.4342360195777584,0,-2.049626599417288e-06
519,0.1143202734816641,0.38320316358836176,0,-2.2613444409304667e-06
520,0.0031708760673559763,0.10627329596297204,0,-1.1348470518344092e-05
521,0.10606738751524339,0.10664995234895554,0,-9.451454583140537e-07
522,0.3391563255622888,0.18719682379270258,1,0.0037733057424796665
523,0.16980162034714824,0.5246009803440854,0,-9.572035883891636e-07
524,0.308066155484386,0.2923913193616782,0,1.7536872013858314e-05
525,0.26382356557921843,0.47875803393605715,0,-3.8617335179354625e-06
526,0.06367035211882337,0.24516592960675704,0,-5.400705242901581e-06
527,0.17355604838846167,0.5668611483103634,0,-6.512901793583387e-07
528,0.0028830672867127816,0.06118970689947407,0,-1.5370127160336433e-05
529,0.14613162127388624,0.4075599615287781,0,-2.4348856018621325e-06
530,0.062708821667881,0.13289568737315444,0,-1.4505100782474177e-05
531,0.23451927023985242,0.3257730537951577,0,-1.2481322542163059e-05
532,0.3221762195336663,0.14831744267907596,2,0.005911544413105333
533,0.09744432921171221,0.3766274911540064,0,-2.0407154423635344e-06
534,0.07979497858193305,0.0028102038619861824,0,0.0006372200589133379
535,0.10421856009334311,0.45676978930611517,0,-9.799657808159419e-07
536,0.0029091144668563326,0.5111776627936432,0,-2.0677271553382784e-07
537,0.06858226546575578,0.05263707157435815,0,2.3551385532224864e-05
538,0.06355664172290873,0.18899096159087755,0,-9.281475625261703e-06
539,0.3230037992587505,0.5758583553774197,0,-2.642354005518556e-06
540,0.06140560571292419,0.3619313874850785,0,-1.6495188835491971e-06
541,0.3310010852334549,0.5677753842020896,0,-3.1014036785906328e-06
542,0.11963160271941096,0.4228633899672447,0,-1.6041813305937433e-06
543,0.2956304469220337,0.5592169789562026,0,-2.375564667610514e-06
544,0.00413634532866427,0.599826501820076,0,-8.626339774453935e-08
545,0.2031986023804631,0.09874632134708083,0,0.0016566077596306481
546,0.02650167820750847,0.03364055244767097,0,-6.013473149380501e-06
547,0.3004749600367404,0.1175941447858585,3,0.007856124182892032
548,0.03253366344693759,0.12834241968158813,0,-1.2062087693287033e-05
549,0.3131775121070138,0.3086390787435707,0,1.782214381475295e-06
550,0.2981464280470676,0.5788451378117363,0,-2.0022566077287326e-06
551,0.061745215060882576,0.03795209506809536,0,4.350552890632599e-05
552,0.31859112929209166,0.05710624077370485,6,0.01409181804617843
553,0.2869630383385751,0.022959372873750803,9,0.02281545326427951
554,0.12011667323000302,0.12582754350173,0,-5.303915188452068e-06
555,0.17532827563056624,0.3570972060441558,0,-5.3760683097149875e-06
556,0.13151275991307382,0.29021205086048546,0,-6.747516950514642e-06
557,0.24858190864713942,0.37957429845262075,0,-8.781353116134163e-06
558,0.037400848309186725,0.059630561315955205,0,-1.3009972953222003e-05
559,0.021639542475301313,0.45452981327245723,0,-4.393063508020362e-07
560,0.10380754146527774,0.4396892761186049,0,-1.1577038473823801e-06
561,0.012041299791317971,0.12911481003625166,0,-1.0028435813184744e-05
562,0.10721286527023181,0.14055085917294421,0,-1.5151690882248532e-05
563,0.05888035453199677,0.4107832428403543,0,-9.869363535765322e-07
564,0.2624888371454681,0.5704737638296772,0,-1.5256978213142574e-06
565,0.027456883829714816,0.04504176731695808,0,-1.1478812990454928e-05
566,0.2823188471695362,0.2900564390125458,0,-7.793009179821469e-06
567,0.19602122594960947,0.2700344770911535,0,-1.4157434177093152e-05
568,0.23046085132816474,0.5385188105646219,0,-1.5256109336169803e-06
569,0.2534130722917697,0.30732286700270345,0,-1.5626881543409765e-05
570,0.15890280765966538,0.4659417413358981,0,-1.543294021023889e-06
571,0.13470973019929716,0.18167523712364925,0,-1.577296730970291e-05
572,0.16530922580347207,0.4022611065602625,0,-3.1076467273853694e-06
573,0.030266406175905616,0.24498848222686115,0,-3.886144963170402e-06
574,0.2542468791488212,0.41254526488272475,0,-6.756276806880369e-06
575,0.26259436158355554,0.1907172704254312,0,0.00042344089020389446
576,0.31588964874638337,0.2044526651247918,0,0.001560169257344196
577,0.31590843122222706,0.26811426487202705,0,0.0001364515686443645
578,0.2548824034790451,0.5400446539257441,0,-1.9168405581956015e-06
579,0.26425307815578314,0.434821567424532,0,-5.990727055364874e-06
580,0.11270048918495945,0.5994549948627934,0,-2.5607042195077906e-07
581,0.05588123769843883,0.5749299936675126,0,-1.8553461278497576e-07
582,0.11306457906419495,0.16448822800875806,0,-1.5680511314446792e-05
583,0.3019133788858351,0.07756415469267915,5,0.012075407905402067
584,0.07302403699942012,0.34902921263205283,0,-2.1072823072427876e-06
585,0.33172035942054084,0.13045282828087013,3,0.007308478788729461
586,0.08531093945382534,0.39706095191897633,0,-1.4739731581453975e-06
587,0.23467605423646223,0.2245390947135469,0,1.0427199840517895e-05
588,0.2436861657473361,0.006541729133140417,9,0.028178668898916067
589,0.15165663197392,0.49510203889177484,0,-1.0725945139755287e-06
590,0.12782762658712044,0.1256061808343092,0,1.7527958026573763e-06
591,0.2916137071897131,0.011493412359387455,9,0.026886190434542986
592,0.3373813092156926,0.26729658441218457,0,0.00034783368668746386
593,0.12854565926018108,0.5122326479499124,0,-7.175459036916171e-07
594,0.3149856121340926,0.29867176289912273,0,1.8454082032938785e-05
595,0.21806306587993934,0.025830619209554116,8,0.018104273187786967
596,0.22249726384347585,0.42088746292523804,0,-4.55605000043431e-06
597,0.1280834325230881,0.17668321032188844,0,-1.57510762937253e-05
598,0.26886596362702714,0.1679588115062169,0,0.0012581640223899427
599,0.09759545361118985,0.0463662933209811,0,0.0001978281441446772
600,0.235560022241448,0.5488549190996412,0,-1.447660141483263e-06
601,0.05121524353639607,0.08219190737972516,0,-1.4817018144703095e-05
602,0.15861580666778705,0.5175132801323438,0,-9.18947302744295e-07
603,0.035808043858817945,0.09732118613247377,0,-1.5170819998697582e-05
604,0.25289159457456095,0.4390315590811083,0,-5.140033659121044e-06
605,0.14427011280462443,0.48082835958476494,0,-1.1491904964585269e-06
606,0.12464871829967959,0.21126038563220847,0,-1.2961159705387238e-05
607,0.0602281873259084,0.2336377642146282,0,-5.848850594683397e-06
608,0.3142461632516451,0.1606059316131309,2,0.00449138501268807
609,0.32858950366985173,0.4948461694577966,0,-6.2384704862842375e-06
610,0.26866709957009827,0.008554522002082442,9,0.028169913644853616
611,0.23911965004228306,0.2541762807789935,0,-1.1112022794147252e-05
612,0.1847220539490958,0.4412261712978554,0,-2.5558157037019113e-06
613,0.3408655110681212,0.4658659417639044,0,-9.264757900706004e-06
614,0.09760907376076572,0.1526580659996291,0,-1.553905625319174e-05
615,0.17146784861123604,0.33846240794106336,0,-6.2175080267210074e-06
616,0.24226939209933077,0.1780853314973942,0,0.00031525667383146066
617,0.18904156650800605,0.3298252516815375,0,-8.013205984233941e-06
618,0.10956040794843251,0.2731419712771325,0,-6.435931882579603e-06
619,0.06668735892084515,0.14257431784616803,0,-1.3998486008606297e-05
620,0.2222238248985432,0.26082057899481376,0,-1.567843041826882e-05
621,0.2296144487633004,0.4716469630611661,0,-2.950250339737111e-06
622,0.16117267259986576,0.31834357875574365,0,-6.8449187271128775e-06
623,0.2542509737418678,0.33387397734719637,0,-1.3623391597074076e-05
624,0.007460880464201574,0.575781304452033,0,-1.1341619642642717e-07
625,0.23300427193585407,0.13778853699017227,0,0.0011071389938412334
626,0.11338801955614448,0.02696392496124278,0,0.0009265038102781751
627,0.1740501374223916,0.5999178943459171,0,-4.7029464223242866e-07
628,0.004018164280442699,0.2390076017326592,0,-3.176427462833514e-06
629,0.041798812598517386,0.06966160600756426,0,-1.43080984594942e-05
630,0.08834492569274724,0.2946533877000921,0,-4.222078751173666e-06
631,0.254185974773308,0.07379377045657995,5,0.01087603494062153
632,0.33415589960011627,0.29380012633327607,0,9.173969503674777e-05
633,0.1188002481880421,0.5747757315609009,0,-3.483274681808375e-07
634,0.3487704774845895,0.05541781495826268,5,0.012861219308474234
635,0.3345912107155521,0.34358579225673636,0,-8.971720638789762e-06
636,0.054375368783066313,0.13120547650992267,0,-1.391237436562924e-05
637,0.3187553530679155,0.5246548122507175,0,-4.218633978730796e-06
638,0.29168975198525704,0.3009992003260075,0,-8.761664634657926e-06
639,0.10221121301127534,0.4658547945565045,0,-8.77112258504482e-07
640,0.28250996697062586,0.3766995690534292,0,-1.2178241450213894e-05
641,0.2627414987245883,0.07254624961982066,5,0.011885614398883127
642,0.2746984174474376,0.34395739668724246,0,-1.4573055902847048e-05
643,0.2462527753049347,0.3870073474199008,0,-8.00508905804277e-06
644,0.037386010705988494,0.566724561410689,0,-1.674286161210955e-07
645,0.006455407491132203,0.44188638804456754,0,-4.2835391603033676e-07
646,0.0975955144385375,0.5491382751669537,0,-3.6422040389903934e-07
647,0.20220460146230132,0.5227252897859825,0,-1.3476687226513915e-06
648,0.07521247626072075,0.03997946817663298,0,8.763346389430622e-05
649,0.13739729703514308,0.49942403078776404,0,-8.909425945225029e-07
650,0.14370368005818637,0.5419333829711902,0,-6.202936708132523e-07
651,0.19847667454361828,0.004517551225628491,9,0.022231432441409286
652,0.0016087969609145936,0.2506474883088773,0,-2.760986389574391e-06
653,0.0557332348100199,0.023750379737517546,0,7.320170643666914e-05
654,0.009651010328895981,0.43742299073414365,0,-4.624348154571462e-07
655,0.03772813281938053,0.13296247334290529,0,-1.2118367686766013e-05
656,0.03201698345145826,0.23253486695218736,0,-4.475376111989109e-06
657,0.21956403577129108,0.05643207497882541,4,0.009657790267961595
658,0.05352483476172343,0.014861567119732143,0,0.00010649839541094445
659,0.25727858826157757,0.28106581828000654,0,-1.3876657667498191e-05
660,0.11786931789420528,0.524130147460321,0,-5.726492736258821e-07
661,0.08983669233816992,0.40130473306262343,0,-1.4780410661990207e-06
662,0.10067421688253891,0.5742646403325596,0,-2.921450141227749e-07
663,0.16188187166723647,0.4937191017620508,0,-1.2043816429135703e-06
664,0.01063133572072169,0.45169178250658454,0,-4.0488900387071557e-07
665,0.342369277492145,0.41917701332434204,0,-1.3879364765662806e-05
666,0.26419105547004784,0.5095929701956484,0,-2.8504976712374104e-06
667,0.01289365089226116,0.37016499799732205,0,-9.358478175152667e-07
668,0.3127352320724767,0.22739652338498312,0,0.0006532443885801094
669,0.26704423610427885,0.24091155812354248,0,4.3474301842760216e-05
670,0.30153592569168214,0.49327503063428224,0,-4.856985971962716e-06
671,0.31190109163760577,0.009380515649034771,9,0.0274956745697277
672,0.2945968614311338,0.42571450246917897,0,-8.760743371849885e-06
673,0.019906345915769324,0.36987101606092826,0,-1.0067059552631769e-06
674,0.19884103063987438,0.16031648524643047,0,9.727516075102586e-05
675,0.18551918875229012,0.1877018553394613,0,-2.9694270234143e-06
676,0.23203652703028038,0.5532827908900825,0,-1.3371532084146275e-06
677,0.3259344970447505,0.4574595952487306,0,-8.71960514188465e-06
678,0.3493628134009693,0.16060028428504705,2,0.005640094921063061
679,0.31846287501710024,0.3138485616928091,0,1.7642270444140105e-06
680,0.26668054896686105,0.4299734711853196,0,-6.432914348673216e-06
681,0.32868995001141293,0.24857206634072027,0,0.0005208851975277468
682,0.050313903441496534,0.10393262789786059,0,-1.5596178475801278e-05
683,0.1102931237758624,0.49676334338236827,0,-6.980381912520878e-07
684,0.2542775611179325,0.5686813167285247,0,-1.4311466536368535e-06
685,0.1097107823321354,0.5617864958318896,0,-3.6222493651379106e-07
686,0.20019048628884958,0.4123765827842595,0,-3.974472626204446e-06
687,0.18651893896290722,0.5757192587468956,0,-6.784280409155642e-07
688,0.18563572362217742,0.04284274637621512,2,0.00648918952167681
689,0.26330037356179137,0.47193765081980055,0,-4.111339422484547e-06
690,0.3060509426858359,0.45975494477586726,0,-7.055143242891487e-06
691,0.3216762484553757,0.26705721764069773,0,0.00018571099922189428
692,0.06256852059568546,0.3109157205985235,0,-2.7781449625946006e-06
693,0.3430925402999298,0.36912799062604845,0,-1.4617584639321105e-05
694,0.036517859685138127,0.317609782575663,0,-2.0037657386263e-06
695,0.003268888847689938,0.29751368377637505,0,-1.757574270960661e-06
696,0.23029781299668556,0.2408240448949878,0,-8.958757918919999e-06
697,0.1852075089121459,0.0037114563887419294,8,0.01884681150213716
698,0.23937266562438222,0.001358650125644023,9,0.030170357201566793
699,0.3019845347916758,0.4724051047569745,0,-5.993443351684229e-06
700,0.14375170387187483,0.2956522734566115,0,-7.20657099459046e-06
701,0.04709924156196105,0.20447499876558545,0,-6.843728526453801e-06
702,0.08076712192999826,0.31904594578871776,0,-3.0710240442124946e-06
703,0.1677306048343287,0.2736635860720299,0,-1.1050737557358669e-05
704,0.308194967902477,0.007322957154399478,9,0.028538066699782025
705,0.2593650394300795,0.24510555284071742,0,1.6511413499918508e-05
706,0.13378845662171873,0.12053789036176107,0,1.740619337619266e-05
707,0.09021147152416184,0.1211813710714237,0,-1.4844504125185013e-05
708,0.10816532717521889,0.051336261609617816,0,0.00025619874625623667
709,0.13878514987074028,0.14787545692322812,0,-7.634108784322367e-06
710,0.34081695423233405,0.10887453504631348,3,0.00830857430480955
711,0.2595211177811709,0.07505853530510422,5,0.011164792554308136
712,0.17508080994757055,0.4431290506549851,0,-2.2779225619517565e-06
713,0.08639285390664148,0.1444654322470165,0,-1.5383031181206392e-05
714,0.11786942457870588,0.5078337522244927,0,-6.739975446967106e-07
715,0.16359349606560708,0.40360950554113406,0,-3.014193605130862e-06
716,0.14131220764989794,0.31050877575639446,0,-6.088200623409857e-06
717,0.2753101685363543,0.4696861905336248,0,-4.735034866667819e-06
718,0.28032501626556594,0.3436415307042912,0,-1.5052975772891452e-05
719,0.00700271926267909,0.4871225176659528,0,-2.7398197330984627e-07
720,0.25986887391561575,0.20408078883144234,0,0.00021293092781999074
721,0.051308557633463876,0.5353321705849066,0,-2.633645648278809e-07
722,0.10065833765770003,0.12609378379471206,0,-1.38774691242793e-05
723,0.19384724043396365,0.051934857629890675,2,0.006108361072946046
724,0.24561895973701092,0.42938323938075723,0,-5.263038704865888e-06
725,0.26855679121597764,0.4002472146977229,0,-8.719535387485533e-06
726,0.036415383470094986,0.0887589069654265,0,-1.564197452808131e-05
727,0.2760851135321643,0.02145957969109209,9,0.023443446596106858
728,0.24301327215038715,0.5396364694899792,0,-1.7098638390641695e-06
729,0.2958420423834213,0.2904123135466077,0,3.0884934298935574e-06
730,0.05694956098360596,0.313422310716929,0,-2.561846403442577e-06
731,0.21293451536724514,0.40011403974956794,0,-5.0922029450562795e-06
732,0.03602935566167512,0.33287000109038534,0,-1.7119452073309523e-06
733,0.3463767068167278,0.021131930260931762,9,0.021584364089964655
734,0.08463496314753344,0.392985553749904,0,-1.524939256838236e-06
735,0.019530339933458846,0.08788477175238187,0,-1.46610350759262e-05
736,0.07640116761262468,0.4824740845482025,0,-5.740504389840528e-07
737,0.26729246205328605,0.0029948897018019947,9,0.03063714037074646
738,0.23314008161409747,0.45357975215882884,0,-3.65845030945401e-06
739,0.18263144073385987,0.23054464100111033,0,-1.5782981448880796e-05
740,0.18275116189560042,0.09510391785198395,0,0.0008986985637501798
741,0.33980716118565857,0.4814648602804049,0,-7.916133836593179e-06
742,0.11941235667026474,0.23490077872400583,0,-1.015959091640856e-05
743,0.23055444834107308,0.24535413982176812,0,-1.0963253545805512e-05
744,0.17118749418775736,0.0806559601362665,0,0.0010247983852940548
745,0.04283716029739472,0.4535420381435737,0,-5.482926732495135e-07
746,0.1326740598596538,0.4446417457402093,0,-1.4697361426994122e-06
747,0.3370479921971638,0.14499096774253126,2,0.006437182677286082
748,0.14644254279898228,0.025340523001463475,1,0.003462325713576506
749,0.032037950541508035,0.4573213122608141,0,-4.7397313740507514e-07
750,0.06897834804978503,0.5242346585662856,0,-3.510726584347837e-07
751,0.048657930469149936,0.2676860465701424,0,-3.722251069524951e-06
752,0.12188316338027982,0.41974984274688815,0,-1.692499567581904e-06
753,0.05281184014112312,0.43368169282364943,0,-7.38802414265992e-07
754,0.23365696791561869,0.45746244429423083,0,-3.537812346275997e-06
755,0.03086365376963843,0.08741724571043148,0,-1.5463382011491756e-05
756,0.24574446868412317,0.15725374156773045,0,0.0008386216010678224
757,0.2578156593921335,0.27055449632493134,0,-1.0221870873300712e-05
758,0.340476625337141,0.026262937240114036,9,0.020000101224615863
759,0.21399996306326055,0.484278670240259,0,-2.22605081240825e-06
760,0.028336511776733086,0.4880719557005113,0,-3.358541246007457e-07
761,0.08148374193454395,0.0948260005803323,0,-9.739348195033097e-06
762,0.34477416263738836,0.19308056912826396,1,0.0036368447799185366
763,0.2026699874624587,0.11105056976269291,0,0.0010195423350843921
764,0.2573281848168716,0.20744677065851924,0,0.00016245114946998585
765,0.05534220151464306,0.3766961906196126,0,-1.339556325713094e-06
766,0.15339941937163729,0.27128565696890233,0,-9.935310901151883e-06
767,0.07002629775601593,0.05425679327916115,0,2.3167274299523213e-05
768,0.11749103114151009,0.4474055645405983,0,-1.2286275550652824e-06
769,0.10167282911308115,0.5714637824369944,0,-3.034540216426817e-07
770,0.0668305289458684,0.01724332965995132,0,0.00018508007520849152
771,0.31654222397739523,0.43139842980112086,0,-1.0175432421982284e-05
772,0.24874344347291416,0.12804487467048614,1,0.002578429858887108
773,0.22809677668516717,0.3624749166004056,0,-8.509340647555234e-06
774,0.3236292332227343,0.03729804076267305,8,0.017620212983296215
775,0.09854469841370533,0.335269868178173,0,-3.118180237872797e-06
776,0.12481977860729492,0.33482194275678273,0,-4.067511474342343e-06
777,0.3159780748989752,0.03174105344071016,8,0.0193504898372211
778,0.05638172560503579,0.09863574010362075,0,-1.570437703338687e-05
779,0.13447020675309687,0.09032384336548731,0,0.00013674068879979278
780,0.07310027532809628,0.06566090605632506,0,8.673130493732717e-06
781,0.12220132398749445,0.4529465287357379,0,-1.2183793006116392e-06
782,0.25690975134374633,0.49534597260396823,0,-3.0561256357037236e-06
783,0.3336618190849109,0.37257281668032344,0,-1.58425068375915e-05
784,0.05053727417999843,0.4670501174942674,0,-5.173092954695395e-07
785,0.1411556807524873,0.24712599545578678,0,-1.1051992760313079e-05
786,0.20467837291357133,0.45301288691518427,0,-2.7718945170604604e-06
787,0.06557270666826168,0.02858583860341499,0,9.68933496759562e-05
788,0.27077559971133136,0.49381760219292464,0,-3.5617217869282767e-06
789,0.28252129123215847,0.30889239893160175,0,-1.4475738490657762e-05
790,0.17955302354402555,0.002964019426739051,8,0.01741696329639929
791,0.16853910235512407,0.31337682963886404,0,-7.711064317471433e-06
792,0.2929351229816135,0.2873960069413684,0,3.267573654679934e-06
793,0.30557352690411876,0.17684141535963913,1,0.002653411367485442
794,0.12079639545368036,0.029876207933610874,0,0.0011070834375651202
795,0.20376796659373983,0.09858832407552699,0,0.0016996187121318658
796,0.19900607643743837,0.10151826520551062,0,0.0012859272230790935
797,0.1594166533393939,0.3174375362009348,0,-6.788755793211509e-06
798,0.07510172073323763,0.10228170532818366,0,-1.4205817005858726e-05
799,0.11523045594189275,0.42733544879908847,0,-1.4681169578453962e-06
800,0.15714685198208717,0.08545173465520772,0,0.00047866506028709625
801,0.0816724273672608,0.5624720679329094,0,-2.7189286859078887e-07
802,0.3394879225738397,0.4408722106083289,0,-1.1451757524484961e-05
803,0.1577564901479495,0.14649219419783002,0,1.35930793782634e-05
804,0.006210693975211356,0.0002078307362448184,0,6.9745839626569335e-06
805,0.17250885731195179,0.5970883129609913,0,-4.764039127901347e-07
806,0.15776565394442443,0.16079490094338933,0,-3.4559731170167757e-06
807,0.09412738206012784,0.24356296396405608,0,-7.386581258456222e-06
808,0.04051142736534702,0.5254442331323136,0,-2.610133917312117e-07
809,0.21126736692974113,0.1116722491095413,0,0.0013607099049674234
810,0.28032036202921456,0.22352493564858014,0,0.000217018563043279
811,0.09236643647456486,0.5521752958124749,0,-3.3534865521432076e-07
812,0.13732435037736668,0.2022723231535571,0,-1.492432123747469e-05
813,0.003039270785149478,0.5326286527519614,0,-1.670701110028632e-07
814,0.19718816902040262,0.4208567741285217,0,-3.545409411338884e-06
815,0.2889397646601651,0.15525462113794544,1,0.003241586942507086
816,0.0822366280356957,0.5770420668391283,0,-2.3635790996076456e-07
817,0.06470646227350918,0.05679179277776331,0,9.412486099217892e-06
818,0.04690263626936411,0.30341962354767554,0,-2.5610383153004704e-06
819,0.24545908034647768,0.21956340368231,0,4.3889846450272076e-05
820,0.03868631326549491,0.5143104981832988,0,-2.864823561381333e-07
821,0.16383130085375905,0.33893054514781557,0,-5.742664833588565e-06
822,0.0469332642390696,0.21412344699554525,0,-6.218176596340631e-06
823,0.17016308699637794,0.5309116574721732,0,-9.019225326546821e-07
824,0.3136618810737726,0.10417797554563703,4,0.009316285554071447
825,0.2809064703981659,0.30267594121873115,0,-1.3481563230882913e-05
826,0.15206208204433624,0.15428937228453557,0,-2.7404662616661742e-06
827,0.11491068742208445,0.3926687871152937,0,-2.0694390262142946e-06
828,0.08673717966907853,0.08944052500616462,0,-2.7627162587857973e-06
829,0.2901238286561702,0.35369234885258904,0,-1.5034845254622163e-05
830,0.3008148490114506,0.1296596269360503,3,0.006622003196993219
831,0.20367214806557182,0.20037422015150796,0,2.1453402103178135e-06
832,0.10748285121394216,0.3704016883161962,0,-2.4004111870641424e-06
833,0.27917945712530423,0.4486818470969634,0,-6.05140809437593e-06
834,0.27630728790273723,0.3777048195624725,0,-1.1467327794347334e-05
835,0.2709077819889347,0.29008263782138866,0,-1.2717305975321022e-05
836,0.3374758423023882,0.39856028084576417,0,-1.5223497847848919e-05
837,0.33408970077479566,0.018121809750906135,9,0.023158337866324565
838,0.19075557690245465,0.5140319298871958,0,-1.3113299176849846e-06
839,0.22519365179935685,0.06860726004632682,3,0.00795270928751327
840,0.05285912103316885,0.5960787597530064,0,-1.4570339101509593e-07
841,0.2983255624208668,0.4741454933887523,0,-5.68420282394007e-06
842,0.062148004896069795,0.3861885301114812,0,-1.303943634352628e-06
843,0.11229888017896052,0.557703660274532,0,-3.8719776777417586e-07
844,0.025244001678167663,0.1283231327383522,0,-1.1348416984742932e-05
845,0.2739774027526193,0.48228938331109106,0,-4.123565223881429e-06
846,0.29749619861425225,0.383938753919872,0,-1.2946519282036002e-05
847,0.17521019876725477,0.0228082681204695,4,0.009130899116050755
848,0.11920907504412788,0.08418910605480491,0,8.488359344360885e-05
849,0.19427125041394688,0.040269562941850225,4,0.008732362950834467
850,0.0835454076834144,0.560635708520065,0,-2.8216063266153336e-07
851,0.28350377653388315,0.5880253118731822,0,-1.5786912852386694e-06
852,0.2639058916748983,0.26542772359507166,0,-3.2176862354706533e-06
853,0.0883659562560263,0.16530722263261402,0,-1.3898578538731817e-05
854,0.1840001343560075,0.16311551529261917,0,3.267003845490057e-05
855,0.1584769128112021,0.5175544038719959,0,-9.172968872606814e-07
856,0.21749493559620284,0.4393008137136026,0,-3.6102596101450525e-06
857,0.3262445193732701,0.5701007314823312,0,-2.890302825356178e-06
858,0.05912855548838164,0.5374783537634614,0,-2.78713331712842e-07
859,0.006313513275622345,0.16829972147141992,0,-6.545971090034755e-06
860,0.3263660484764667,0.5129527863324196,0,-5.107433993107812e-06
861,0.08887335125593518,0.5470534942893256,0,-3.408706428351011e-07
862,0.16780043471186354,0.37618934730631415,0,-4.130086624723237e-06
863,0.17193773029746892,0.32250313687390714,0,-7.296347388704059e-06
864,0.21630203872343443,0.4529157787632312,0,-3.1149882315340894e-06
865,0.293692212266241,0.5781308683853206,0,-1.9290372722278677e-06
866,0.048440622356294843,0.16004953693011692,0,-1.0529670843861e-05
867,0.1880410285991018,0.01592092868858508,6,0.0147011528627659
868,0.01846378757131335,0.1401764227630107,0,-9.611440499947213e-06
869,0.2016405013255888,0.3587856387456617,0,-6.840940524719695e-06
870,0.18446869976560099,0.48356996168144717,0,-1.6699677080165985e-06
871,0.06099359945900369,0.5767797232442821,0,-1.9167603372941302e-07
872,0.30551075346696155,0.26480591186273544,0,9.716872697156329e-05
873,0.3324832069499374,0.2165938943839164,0,0.0016840204296195535
874,0.18426260040158868,0.286354525441617,0,-1.1420027211756393e-05
875,0.21335175193521164,0.2739622307009693,0,-1.5237763533511126e-05
876,0.25079517789044403,0.16620901461451026,0,0.0007154018167496659
877,0.022018415779358435,0.08928257395465097,0,-1.474887566795994e-05
878,0.19088498852458863,0.3190324432210328,0,-9.030445557398033e-06
879,0.05654936466698284,0.16202865744376707,0,-1.1112115519674995e-05
880,0.06367584314645537,0.3388077851224815,0,-2.1260130994212577e-06
881,0.09949636256996944,0.582707898154025,0,-2.6535236809190264e-07
882,0.30751121819592314,0.0013662297037485781,9,0.03168451473583299
883,0.13499356387008224,0.16412897727117867,0,-1.4621902418141687e-05
884,0.004328241496188417,0.5082918323472646,0,-2.1586534914575942e-07
885,0.26383518093196456,0.06661063782808348,6,0.013030879818177748
886,0.16289164882655294,0.06601722769442242,0,0.0013329941737988324
887,0.3002414547384539,0.5839954679979752,0,-1.941971824871981e-06
888,0.161698486490784,0.4301693604706782,0,-2.268877393967421e-06
889,0.2649289670973751,0.4581962591275152,0,-4.788584042581141e-06
890,0.09504585525858762,0.12977697595840215,0,-1.528308889930083e-05
891,0.28724470875146807,0.0018016521144226692,9,0.03144923156953585
892,0.13625842044650185,0.1470362802172862,0,-8.593368994685925e-06
893,0.11886353250330779,0.4613738008795343,0,-1.0832257757748137e-06
894,0.06385842287482546,0.36538835303315653,0,-1.632992972214652e-06
895,0.2021864676876253,0.05733682197710703,2,0.006448825959069137
896,0.24434412204047945,0.330061974976443,0,-1.3029206452802513e-05
897,0.08130907244245601,0.2565921024285307,0,-5.7403379947644696e-06
898,0.3167950573623222,0.051913805003730974,6,0.014999323964687384
899,0.06595263264546779,0.5472628410407364,0,-2.7056112009114926e-07
900,0.13569123416677667,0.30666052259698995,0,-5.983776354700561e-06
901,0.16935982284934223,0.3450259050534949,0,-5.710095093324067e-06
902,0.09793666095878185,0.21123595255334016,0,-1.0365145642883241e-05
903,0.09413167199071684,0.07184234133808642,0,3.861396580306031e-05
904,0.09409337396873599,0.5811510054652963,0,-2.553589639035237e-07
905,0.2852911178384448,0.42440783705276636,0,-8.123182854209325e-06
906,0.12617135293335338,0.11493795021576411,0,1.3998945050193018e-05
907,0.21353313899227222,0.14460421564473683,0,0.00040018201503241966
908,0.2449937615451202,0.007049107192402371,9,0.028044885585655207
909,0.24596232374047713,0.5488163090894004,0,-1.6065420294203944e-06
910,0.14630742333492766,0.2697036616804216,0,-9.446464532308777e-06
911,0.17124837691634118,0.47998410505855577,0,-1.5170136120562041e-06
912,0.22199046406465384,0.47861627139625396,0,-2.5508017517115554e-06
913,0.06951366492617092,0.13665912425693286,0,-1.4755377707438453e-05
914,0.08202085732469795,0.49160045160147026,0,-5.542297219000279e-07
915,0.34730948608750606,0.4858191009678576,0,-8.155938974746007e-06
916,0.11238800329944573,0.4265549329498377,0,-1.4382259487142236e-06
917,0.1461661951799587,0.027631240019367675,1,0.0031485499348783016
918,0.12119276126314192,0.1583427612800137,0,-1.549758741265234e-05
919,0.010919461621564812,0.15967641456189424,0,-7.443058576975849e-06
920,0.11491007562667403,0.3513292629651789,0,-3.1269177632758217e-06
921,0.27336624368539314,0.05340353855045716,7,0.015794860445638718
922,0.3330556329565072,0.39418146680407373,0,-1.5219788214385538e-05
923,0.14188839406393883,0.37089682732645807,0,-3.365214751496656e-06
924,0.3145770222902999,0.2373833959372802,0,0.00047912443212526216
925,0.07911481727406686,0.5548779820469021,0,-2.859462202308325e-07
926,0.32142435818289067,0.21557419032806363,0,0.0012896629933927793
927,0.198168903006795,0.16287481806745258,0,8.153763091387867e-05
928,0.32221530679562566,0.3607099131201708,0,-1.580921922645266e-05
929,0.28631714776952266,0.041599915594867864,8,0.018028310118582937
930,0.11711177373399473,0.018050318730530444,0,0.0015464432492881017
931,0.27231204488555566,0.44044586687962867,0,-6.134280369713233e-06
932,0.2842824066504118,0.31370200882241683,0,-1.4961527929835074e-05
933,0.10672704437896041,0.1831367353257807,0,-1.3946125039832441e-05
934,0.2839939332926974,0.5877816203577446,0,-1.5902932743874142e-06
935,0.2152702344504144,0.24126314609245855,0,-1.4217911343842471e-05
936,0.34367749443510887,0.314054260535873,0,4.9076185584181746e-05
937,0.07928068480492939,0.5172344940667796,0,-4.1733253344361865e-07
938,0.26607142329276307,0.47653257516530917,0,-4.037197622092419e-06
939,0.1663515437732331,0.39511602640766874,0,-3.3719148770084254e-06
940,0.23804285254034396,0.005600842046849163,9,0.028179734532812924
941,0.3409632053859923,0.17864974157457877,2,0.004418466313875412
942,0.3474939168446854,0.5355068885496443,0,-5.0328235323760425e-06
943,0.03192762506791871,0.33424412806126763,0,-1.620832838311268e-06
944,0.15382240210894593,0.3928653262769573,0,-3.044136230334375e-06
945,0.2155718140414905,0.5515648210924132,0,-1.1542525335913444e-06
946,0.26343267745034166,0.14036115329821905,1,0.002644272134711952
947,0.28172688250424144,0.11737642035725983,3,0.006705700577335203
948,0.21315933159764092,0.37245678362351714,0,-6.697348016847994e-06
949,0.2878283328387675,0.0004998063598301127,9,0.032147370426700954
950,0.013217703734711738,0.48997236809662437,0,-2.8334039072890804e-07
951,0.05934602350755732,0.006897136680023652,0,0.00021299394172918479
952,0.2918722477154563,0.11238844950124761,3,0.008015846233968529
953,0.07296414112878005,0.36974186035010526,0,-1.7122323063527428e-06
954,0.19358116993221336,0.2562196923988054,0,-1.5095985830697954e-05
955,0.2473571668466319,0.37488135029558484,0,-9.07183460774504e-06
956,0.01629288319768783,0.4107657890314736,0,-6.451089073916211e-07
957,0.02633503049038107,0.4377941711883252,0,-5.442740572811213e-07
958,0.05724204609817859,0.36699139835602396,0,-1.5043063602666942e-06
959,0.3488357045304459,0.4909423775218218,0,-7.880026981249362e-06
960,0.3100498434818914,0.534295172556415,0,-3.515781498301275e-06
961,0.17861979642157483,0.5277193304304728,0,-1.0131825093382472e-06
962,0.2516968433677964,0.2877734377991305,0,-1.5571053140205714e-05
963,0.013170975752466412,0.008738897395623635,0,4.933129468233536e-06
964,0.19369356226532558,0.14435768262716192,0,0.00016898430129509676
965,0.11843025329653857,0.3242899382089994,0,-4.238953402216671e-06
966,0.2869521493978886,0.5591041933211722,0,-2.1812740383821184e-06
967,0.3395859879024546,0.037486143342981525,7,0.01686019960117045
968,0.06804018989511246,0.41356086657055674,0,-1.0518493390332466e-06
969,0.3105263448451549,0.11257409165859972,3,0.008594625077919504
970,0.30128191393561204,0.45629328157887544,0,-6.967112043044173e-06
971,0.30077437030242216,0.19045183254940962,0,0.0015791994633420083
972,0.03876555055909776,0.40794602825020676,0,-8.305463739658149e-07
973,0.21770682929548654,0.1920621676726322,0,4.445351086977863e-05
974,0.15544117676608726,0.5079942209422603,0,-9.79178941634765e-07
975,0.06115510431198714,0.052119283339032214,0,1.1112174786940953e-05
976,0.28016160674672447,0.12306621116383848,2,0.005870283786379449
977,0.011179970474736171,0.03187491687571846,0,-1.253945377209173e-05
978,0.0695486314614093,0.042152540100856804,0,5.5079986715594985e-05
979,0.3081753273899364,0.18210349883482865,1,0.002444962837784735
980,0.28509979677239117,0.26597054329504494,0,2.5108240525190762e-05
981,0.11647748074889354,0.28796067359747773,0,-5.955619047367475e-06
982,0.1783568880779408,0.0496041140127041,1,0.004191066794807049
983,0.12906010732216278,0.06802142690018544,0,0.00030658247335671343
984,0.1561215447589266,0.19517365914182483,0,-1.5635746921427898e-05
985,0.07371334073063021,0.25655269308267903,0,-5.328789391495245e-06
986,0.018035485656566624,0.4332298401514535,0,-5.243667691092973e-07
987,0.12287729722583675,0.19045298553119994,0,-1.4718365149808008e-05
988,0.07573237261169796,0.5506715945893297,0,-2.883241806519432e-07
989,0.05272688628744754,0.5161695665665468,0,-3.235416091169299e-07
990,0.126877468534916,0.2583730173087869,0,-8.761702625554586e-06
991,0.2856095742413842,0.3522392303411655,0,-1.4793387229730168e-05
992,0.02334448632091674,0.5352982041729536,0,-1.9924918417772635e-07
993,0.2457286610226909,0.39008360960767824,0,-7.733751489504306e-06
994,0.014244175809398761,0.4763723261584579,0,-3.279631780242836e-07
995,0.21255045235547668,0.3095954470245757,0,-1.1910615440650434e-05
996,0.30764490109676507,0.10103982438386976,4,0.009619364346739951
997,0.3121670641269644,0.5031754443118215,0,-4.890825594520798e-06
998,0.056114206165843644,0.17783333979279684,0,-9.606765944484112e-06
999,0.19432365774742374,0.5920099213665625,0,-6.231562041291117e-07
1000,0.21256150670024612,0.5393470325740254,0,-1.2656100701942925e-06
1001,0.040825923857799144,0.3098347116299584,0,-2.2607853593322702e-06
1002,0.2755174663956674,0.00891685268567779,9,0.02806227881058473
1003,0.266690244946786,0.4994241704465884,0,-3.234174843184239e-06
1004,0.13879517718722065,0.4834592256848445,0,-1.0598239903374785e-06
1005,0.2998119932185694,0.19076515489654633,0,0.0015209861592718095
1006,0.0008704041874806278,0.31376584631921256,0,-1.4586568583102894e-06
1007,0.21091956627565203,0.3399468590857132,0,-8.952589330729909e-06
1008,0.2467088847672468,0.5241406606090142,0,-2.071115950719746e-06
1009,0.3376750298037901,0.3933076433555971,0,-1.5571025564888894e-05
1010,0.1666878669738701,0.5312391703334142,0,-8.683249565121902e-07
1011,0.2587207039453569,0.5552192264219683,0,-1.7114182644843652e-06
1012,0.24023790890469987,0.34167373219459096,0,-1.1472203741093225e-05
1013,0.29204021763931476,0.19996390011502996,0,0.0008722728009463055
1014,0.16289073445104013,0.4857995499732234,0,-1.3168051451685142e-06
1015,0.1890461066623222,0.2397022067201482,0,-1.5725305305019905e-05
1016,0.2335421290580877,0.18885366659135985,0,0.0001294907795654965
1017,0.2834116814133258,0.5472534312771566,0,-2.37021805270257e-06
1018,0.34440161168849387,0.274433498524463,0,0.00034181059943233554
1019,0.30858191662156476,0.4144582498682032,0,-1.1023840578225121e-05
1020,0.04435214394281322,0.020945095628690225,0,4.257766549079774e-05
1021,0.02681156318386363,0.16903623247596541,0,-7.924083913451716e-06
1022,0.03367560046434991,0.16703237699348408,0,-8.620703137753272e-06
1023,0.24893366955049748,0.4450049857342155,0,-4.659176634300955e-06
1024,0.3161083718674118,0.25855024190394543,0,0.00021338070481059896
1025,0.04558994822210868,0.4720923971094024,0,-4.6815787059497525e-07
1026,0.16635659701795893,0.02712471775022336,2,0.006214940037785788
1027,0.09713238111081196,0.10284573691914074,0,-5.200291569340015e-06
1028,0.06206092811328258,0.2660107584604062,0,-4.323794440902664e-06
1029,0.13257892880200284,0.014879931172175719,1,0.0031349319093695828
1030,0.21346870241075167,0.22716240468370458,0,-1.0401801617451582e-05
1031,0.2251214924054021,0.1257356580928937,0,0.0013131666173313635
1032,0.23643425534182952,0.304276473691839,0,-1.4693590177972371e-05
1033,0.10215142190304594,0.4380895868489114,0,-1.1570783684903622e-06
1034,0.035896664738940626,0.4926771075983696,0,-3.4589751529771586e-07
1035,0.2713028573247785,0.584000161823662,0,-1.4552287830001933e-06
1036,0.2917740065704464,0.46577020615140863,0,-5.78814398006493e-06
1037,0.0408583973798774,0.026989437712950436,0,1.9588987898265203e-05
1038,0.25179341469431926,0.4318676878012698,0,-5.45742447405601e-06
1039,0.19483695727569914,0.28743684725973,0,-1.2355354112845774e-05
1040,0.24133987942451357,0.3166306525902493,0,-1.4035299962570415e-05
1041,0.11880258188155393,0.3543191218957274,0,-3.154999521041146e-06
1042,0.11399965631010898,0.009138921776666642,0,0.00195772771194928
1043,0.20401681525752094,0.2297482143754154,0,-1.4138156330828475e-05
1044,0.23046907117071092,0.5118199667010097,0,-1.9922805755953667e-06
1045,0.3428405756848627,0.2504910263008047,0,0.0007815155457676669
1046,0.09209746659786865,0.2640928878172563,0,-5.928025828982473e-06
1047,0.20237584619605503,0.0643361837980384,2,0.005236761510071979
1048,0.053105157374800864,0.28150836872202395,0,-3.3901228521790562e-06
1049,0.11618569351801505,0.2744192886262125,0,-6.7799715480049696e-06
1050,0.3435651082103289,0.36478769492725416,0,-1.3618620771450134e-05
1051,0.2898628472805203,0.5133547747484323,0,-3.544113764168503e-06
1052,0.1360947859189162,0.270022389254973,0,-8.56163163246298e-06
1053,0.2133051855190983,0.2845807691283739,0,-1.440103823562552e-05
1054,0.12107750995437398,0.11994018993696014,0,6.587569928990387e-07
1055,0.28784930969896205,0.3357412884409117,0,-1.5845273004145818e-05
1056,0.10055375521830419,0.5851117019957196,0,-2.6180003821438023e-07
1057,0.11499775966743503,0.00012669799579618777,1,0.0028992076723314943
1058,0.1933189086100801,0.33079961063216584,0,-8.268836766284363e-06
1059,0.10494342812986887,0.17785726012507677,0,-1.4264453429454427e-05
1060,0.25500212558699825,0.5053047074340274,0,-2.715030938801492e-06
1061,0.13641577091886917,0.16940229385616287,0,-1.514192453269081e-05
1062,0.3398564983151563,0.3751517829777272,0,-1.5673262275812617e-05
1063,0.28485324135530404,0.2472623614669963,0,8.453857740212192e-05
1064,0.12250494164451266,0.17705571850977359,0,-1.5564696287434186e-05
1065,0.33582028886981413,0.17897573076822076,1,0.004185960030430114
1066,0.2723637018212963,0.33057918303896194,0,-1.5400849196714638e-05
1067,0.1816295941217866,0.48676701009345147,0,-1.5722771657939242e-06
1068,0.1827592568778783,0.4160059488886732,0,-3.223551181847384e-06
1069,0.010455720669103207,0.291484286600995,0,-2.00561513027031e-06
1070,0.02480968154952195,0.38544026482651833,0,-9.048187381849641e-07
1071,0.02697450669572518,0.5892901718530925,0,-1.204103942979182e-07
1072,0.31971713127264484,0.2295825393320051,0,0.0007647484491737781
1073,0.23963779442271846,0.4568922587724484,0,-3.7757553683494238e-06
1074,0.2346814188918379,0.23713834051034302,0,-3.661698994131695e-06
1075,0.24795811896522427,0.00545939783097169,9,0.028880639433168317
1076,0.3140243314049739,0.39562282527432097,0,-1.3421177638983666e-05
1077,0.017564643559808312,0.40393103195297303,0,-6.995715583706746e-07
1078,0.2114174484323008,0.30965872263358807,0,-1.179261945023863e-05
1079,0.23976279184450186,0.0638068784127676,5,0.011168162339413005
1080,0.13123779224721438,0.2936031315319094,0,-6.510496168637601e-06
1081,0.26181247531193513,0.5980108113564738,0,-1.1508158435143773e-06
1082,0.2537987696993542,0.25898019028430275,0,-5.892849631766854e-06
1083,0.3355416329906085,0.22604118686512192,0,0.0013825669263812005
1084,0.23647098599829142,0.5937380386078216,0,-9.327399096366956e-07
1085,0.3380412320710303,0.5868722410157385,0,-2.7494965759183066e-06
1086,0.23346273362732545,0.14493381512199194,0,0.0008585341839878786
1087,0.2932557678891917,0.21851442451623118,0,0.0004523446080846396
1088,0.23118251673183343,0.044576706307186666,6,0.014599598287469519
1089,0.11802942837675563,0.28999651085360195,0,-5.9272171908050765e-06
1090,0.0068510906751028606,0.4244371635888866,0,-5.120343069174097e-07
1091,0.10240403094629698,0.3635327199536401,0,-2.4439039122199637e-06
1092,0.11046042764676901,0.0511498709751792,0,0.00028682027259629826
1093,0.2686689717784538,0.3607519488447736,0,-1.2391292827215294e-05
1094,0.027643226887174275,0.1230905878372166,0,-1.2098430790847725e-05
1095,0.1599423251988748,0.2126497730481952,0,-1.5647754546812135e-05
1096,0.11220483781468964,0.4787219179443794,0,-8.521478308181733e-07
1097,0.10147030596694076,0.30294595993837814,0,-4.428822545989039e-06
1098,0.24540881958765517,0.04465545706832896,7,0.016289081693801437
1099,0.32046581888561904,0.44220009518481557,0,-9.554776722234169e-06
1100,0.051260612744662426,0.2966708693744933,0,-2.8612091698571e-06
1101,0.16124695006334705,0.453893536958112,0,-1.7819902330710998e-06
1102,0.03948806953652681,0.2640185441367883,0,-3.5241239003172843e-06
1103,0.2186301281042233,0.15320295181666774,0,0.0003423882185675139
1104,0.08058537816631126,0.260995914862672,0,-5.457543839594452e-06
1105,0.01528872393741739,0.04843059068522133,0,-1.5078644159125534e-05
1106,0.017900547030253976,0.31690706454754897,0,-1.6756209236212657e-06
1107,0.293869605371135,0.5254259499559406,0,-3.2701700909533993e-06
1108,0.2535173842330165,0.0032754754734736656,9,0.030103166698230953
1109,0.024688551472311287,0.5676350197625611,0,-1.4614790461511783e-07
1110,0.001616677457127502,0.1767031280707069,0,-5.757081217863134e-06
1111,0.16259653149624853,0.008212196939446526,4,0.010284282061378469
1112,0.28608892563673144,0.03432696378844904,9,0.019687359806286175
1113,0.1674404766371784,0.5778358363079619,0,-5.490412778337064e-07
1114,0.28282217954218464,0.28486012109691267,0,-3.863799086168972e-06
1115,0.292133390560432,0.4444777009471296,0,-7.151497356986871e-06
1116,0.24157801149746425,0.16546716144790086,0,0.0005191604251413635
1117,0.17580558770020185,0.1320134623938747,0,0.00013045660634587814
1118,0.12088802976410852,0.5395682593682364,0,-5.057508752775902e-07
1119,0.07408708085718739,0.20734691377797726,0,-8.624192845919637e-06
1120,0.33023660270773214,0.3398929213614893,0,-9.275492146384606e-06
1121,0.15950830485372672,0.27895332722211014,0,-9.793844798686571e-06
1122,0.17370814114378702,0.14927376004800202,0,4.262022677042793e-05
1123,0.23393500922631583,0.14333897012914226,0,0.0009284463522321354
1124,0.05482877413253804,0.26549544568418587,0,-4.044926990765286e-06
1125,0.1984273413838506,0.5513349530066982,0,-9.74990459321549e-07
1126,0.1655311871255424,0.3679784662667022,0,-4.381424542571033e-06
1127,0.21275276774238847,0.3275334628320322,0,-1.0207391651718761e-05
1128,0.22389169302624462,0.1736898955387668,0,0.00017110469269042641
1129,0.08315076900634409,0.24305960593465883,0,-6.673649494622189e-06
1130,0.3238126420732455,0.24144556711678833,0,0.0005720880901381648
1131,0.21615854800086268,0.08301755972989393,1,0.004267812263953296
1132,0.2231319827339458,0.07047072566883485,3,0.007266942080308153
1133,0.25530736874491133,0.13794057249149766,1,0.0022700418919593796
1134,0.14508286630068074,0.5568332917610066,0,-5.418433662438035e-07
1135,0.02885259107356877,0.13847832400623916,0,-1.0718925005736299e-05
1136,0.029140143754301222,0.4404677352644728,0,-5.449736455009969e-07
1137,0.044394934751013436,0.20246780646736448,0,-6.7976771120349055e-06
1138,0.3121421686658274,0.3774993681196075,0,-1.4897063074525927e-05
1139,0.3150271979493581,0.020639581784622527,9,0.022820613654988123
1140,0.09876437735316979,0.09152348650814024,0,8.194058576659527e-06
1141,0.32895788975800794,0.4585441559948894,0,-8.879269428980023e-06
1142,0.19129290211599917,0.5728836747263585,0,-7.319990475764791e-07
1143,0.2229620462669826,0.1588361526188391,0,0.0003219918733022255
1144,0.16303609394585425,0.3189735410943511,0,-6.927265599366024e-06
1145,0.2749036227899999,0.34718872999594674,0,-1.430680069617393e-05
1146,0.27026418991056217,0.09115181602135151,4,0.009406066287413747
1147,0.20044134612390216,0.5724030871680951,0,-8.058441785183346e-07
1148,0.05967422521891016,0.03708575162279175,0,4.001150882309656e-05
1149,0.1616852537423301,0.19784241629504043,0,-1.5462424813570594e-05
1150,0.14562303778592353,0.17439150048514465,0,-1.45780753250857e-05
1151,0.26240986033063096,0.16532353428867744,0,0.001115135740154085
1152,0.14819206475099322,0.30585423359343145,0,-6.813950456485898e-06
1153,0.27706363273501877,0.37957685594124485,0,-1.1358090429528205e-05
1154,0.11451031353590928,0.14483699676651693,0,-1.4777688834440898e-05
1155,0.19728162524972204,0.46536709202984217,0,-2.2761143192232034e-06
1156,0.3290422291442772,0.5817569697078139,0,-2.6456231965613385e-06
1157,0.28427799266023673,0.4345688316617448,0,-7.296589263120304e-06
1158,0.19743178209229054,0.035584672093183146,4,0.010648529344179014
1159,0.2745058012903787,0.17263350163325192,0,0.0012833227750049469
1160,0.2170994152129728,0.18226075857200824,0,7.812564183890113e-05
1161,0.25118780574840777,0.2500005829181238,0,-6.38598819119217e-07
1162,0.18352207319642835,0.4160626079791658,0,-3.2462791233519006e-06
1163,0.020088291083561582,0.1657342622625405,0,-7.66874916970696e-06
1164,0.016622581039426165,0.14787802645696677,0,-8.794733835940086e-06
1165,0.007128239585836953,0.22670378028299465,0,-3.7037771305483707e-06
1166,0.15978578260391763,0.3052733272983843,0,-7.664356661185831e-06
1167,0.07877240745240939,0.4111236262031646,0,-1.1997163073050368e-06
1168,0.0561247227964729,0.10819834722612065,0,-1.565203081880691e-05
1169,0.01575648608714883,0.2668931325754383,0,-2.7033610428861626e-06
1170,0.3042611007608785,0.30814468955649604,0,-5.5080452747474415e-06
1171,0.2527299154881271,0.5012886018333294,0,-2.762839045025397e-06
1172,0.15879043800145665,0.2082436760707252,0,-1.5744938547662423e-05
1173,0.23048736855073856,0.3419962518053757,0,-1.0507665354589866e-05
1174,0.1575638347845307,0.3752460244815643,0,-3.766098615453632e-06
1175,0.16486998926418497,0.0603847949876243,0,0.00178514884550851
1176,0.22665672271049733,0.1322432382512112,0,0.0010875261474753495
1177,0.2830521877464832,0.44164481162628394,0,-6.731945748136355e-06
1178,0.15526562144221281,0.006657677069443491,4,0.0088302873273161
1179,0.26425341305752675,0.20627276195550076,0,0.0002336580705921994
1180,0.00672937404603589,0.3462894488261255,0,-1.1172360102863944e-06
1181,0.10420408668296846,0.25310692886246333,0,-7.423507223248609e-06
1182,0.14757501068968057,0.10858013161461884,0,0.00010374513930093372
1183,0.265916722688244,0.14551006079488196,1,0.0024158340344218165
1184,0.20426280448243886,0.0041296430278826785,9,0.023809093125265794
1185,0.3350383754876362,0.09337452132820946,4,0.009523177158956283
1186,0.08202895512363978,0.4190040620567799,0,-1.1454643233408894e-06
1187,0.030752705760534897,0.0921007862989548,0,-1.5181948635965599e-05
1188,0.26890623883923426,0.10047100929687021,3,0.007879921970988902
1189,0.13083196164624197,0.5838299789108011,0,-3.587924383865246e-07
1190,0.08477081892714587,0.5760636493833763,0,-2.4479963072336836e-07
1191,0.1447218128284008,0.49389681419697307,0,-1.012990762954868e-06
1192,0.14829307390534524,0.24895506072132048,0,-1.1566718410309878e-05
1193,0.3393061749629518,0.3471016650664131,0,-8.365312318823183e-06
1194,0.027927644285066836,0.3341390262289626,0,-1.5590080196308934e-06
1195,0.15228232793683125,0.20046682496743057,0,-1.5766027890993972e-05
1196,0.05752652655990886,0.5218083708738479,0,-3.208197094001148e-07
1197,0.318044868972197,0.016406080414054048,9,0.024319660247378482
1198,0.2514630214518945,0.0030620154253250265,9,0.030112477747990408
1199,0.16130337979385692,0.389924741595779,0,-3.377045538614284e-06
1200,0.2703409384344294,0.32046126195380686,0,-1.5778704413634882e-05
1201,0.07958397407396031,0.21388466900813108,0,-8.539127391171462e-06
1202,0.2800445350433102,0.17066155550360051,0,0.0016282424034559661
1203,0.12749573786697616,0.4551628300008117,0,-1.2563547543710605e-06
1204,0.06491610837612807,0.23897709524931865,0,-5.811128449484744e-06
1205,0.24670202200681066,0.029725659402028003,9,0.020349116824034476
1206,0.23237231534675695,0.09911997581673175,1,0.00402987734465272
1207,0.1388657660605594,0.2328814007030921,0,-1.2224780086534835e-05
1208,0.006358747343321435,0.5995558841780884,0,-8.843895862198117e-08
1209,0.037906889123804466,0.50094254191346,0,-3.2491671627407654e-07
1210,0.3207302398207983,0.3025316730042331,0,2.18165956519844e-05
1211,0.09130934031563429,0.10739004168702034,0,-1.098328038857544e-05
1212,0.06209663266765381,0.029179611816225123,0,7.715025469367857e-05
1213,0.012410275341837411,0.4283155054544768,0,-5.206833930540522e-07
1214,0.03932733631624437,0.5797985244522907,0,-1.4978651342711011e-07
1215,0.06629392639068515,0.023497026648076933,0,0.00013182643363776665
1216,0.13756144175752158,0.15239420725204228,0,-1.0584431927605807e-05
1217,0.23612703809808,0.25519662048225483,0,-1.253587249234556e-05
1218,0.16556385492653605,0.2181665631795224,0,-1.565314921788704e-05
1219,0.3067905142661425,0.12825595442051,3,0.007057603055280688
1220,0.2875763212079476,0.01990611768252537,9,0.02379581778043699
1221,0.20524848871348217,0.563005453017175,0,-9.287327120987815e-07
1222,0.23562823880341183,0.2534996560460891,0,-1.2141217058282716e-05
1223,0.02352890022367671,0.18617251075782731,0,-6.502877936452119e-06
1224,0.0363206659957902,0.004496495695586855,0,7.287098774770282e-05
1225,0.2781444910660545,0.35008235133439314,0,-1.4337717636603595e-05
1226,0.09033751288365875,0.2266219619951977,0,-8.378825679241774e-06
1227,0.04443172272267551,0.14611173644223016,0,-1.1482636325500568e-05
1228,0.16943830830074383,0.4267263634389094,0,-2.5366160448962186e-06
1229,0.1704295813515887,0.26673794724081634,0,-1.1991864848209768e-05
1230,0.22888542660353994,0.4518599894701534,0,-3.567592726171541e-06
1231,0.12635431914162176,0.26335241879322085,0,-8.317455617570827e-06
1232,0.2612591336954014,0.11284513067616561,2,0.005359062431781112
1233,0.2430932315588622,0.3774974436042874,0,-8.504248528809462e-06
1234,0.129178777626949,0.35894540129035696,0,-3.340603073237566e-06
1235,0.061741384459613864,0.21119351611345757,0,-7.388828845853334e-06
1236,0.21390787757772634,0.299342297064987,0,-1.306281261336791e-05
1237,0.03422728319414556,0.13994631224633872,0,-1.1091717062504854e-05
1238,0.07696176531460665,0.17027895017824843,0,-1.2303475113187576e-05
1239,0.28010748108782757,0.40691306607422634,0,-9.125494427844656e-06
1240,0.03287467810002565,0.5212274603075836,0,-2.5225943111528125e-07
1241,0.01530061513621571,0.2829198690573755,0,-2.293052606110592e-06
1242,0.3215864813058301,0.5387610811680158,0,-3.7709942693681098e-06
1243,0.23414467716193618,0.40772372475125207,0,-5.820394574288332e-06
1244,0.133325650490251,0.4134353002858313,0,-2.0207885537439936e-06
1245,0.2990552374303991,0.07247634484006149,5,0.012738855971137445
1246,0.2871610664922593,0.013093385187197515,9,0.026291899738427972
1247,0.3182156109764225,0.3105640362789172,0,5.259153804745726e-06
1248,0.06112834583810739,0.3628203034147315,0,-1.6304073081264594e-06
1249,0.21642131150437158,0.4600966261552584,0,-2.903108930097532e-06
1250,0.25305966796003976,0.38598761172354845,0,-8.621683875343244e-06
1251,0.27620635162309987,0.1779289994886355,0,0.0011274086395055493
1252,0.21349141962923504,0.3639695729959675,0,-7.296070796589067e-06
1253,0.11056335681532065,0.40971254611027347,0,-1.671230710212855e-06
1254,0.2901609509231854,0.55784087793782,0,-2.280726667299881e-06
1255,0.03790010080505353,0.42867275394743004,0,-6.692662864129136e-07
1256,0.0025362401986239623,0.2178305013626709,0,-3.865239578435142e-06
1257,0.12488325523062473,0.5040235313674732,0,-7.50961507473286e-07
1258,0.09414552611680965,0.037201255447565404,0,0.00025949364010854236
1259,0.14507431347954824,0.13879523990266288,0,6.43080214747953e-06
1260,0.24537111820766358,0.02026912046995637,9,0.023174085131258293
1261,0.30181166650215807,0.28156601197287123,0,2.684897216531806e-05
1262,0.2095667820791869,0.007616378397827672,9,0.023416941374596368
1263,0.0831847645500707,0.39240370976859135,0,-1.5117890371555206e-06
1264,0.09895826476465046,0.23693953179488686,0,-8.243721569861647e-06
1265,0.2777922572278222,0.03666748238386286,8,0.019264949346829395
1266,0.15809663092756632,0.2443216893674462,0,-1.2994199325087302e-05
1267,0.30103925209948046,0.023036707330494142,9,0.022439426880972904
1268,0.2422460466231987,0.3869423521914854,0,-7.7090853581528e-06
1269,0.07252746173246817,0.3801588994507387,0,-1.536193169743927e-06
1270,0.0617772300253467,0.2197091454029394,0,-6.805485463949912e-06
1271,0.2851696481369514,0.45556446755168734,0,-5.997689678036275e-06
1272,0.0838422192102958,0.5694071934854804,0,-2.59233358771709e-07
1273,0.10485773885279864,0.4605144141347554,0,-9.499960442395998e-07
1274,0.22630506093255948,0.0009650414759567294,9,0.029072015793941208
1275,0.2564216877434268,0.55548796630668,0,-1.6681461101246e-06
1276,0.039079391651745676,0.3282076066784084,0,-1.849069754090737e-06
1277,0.03521145302161673,0.16652677402629001,0,-8.787996574002622e-06
1278,0.330879657835764,0.5084750544606187,0,-5.58057231901723e-06
1279,0.26973427848249243,0.4631958935911548,0,-4.778800106289116e-06
1280,0.19003737123665146,0.590655213789147,0,-6.052004398202675e-07
1281,0.24871759266906449,0.07019730992204787,5,0.01096808471949461
1282,0.14426440701274865,0.2384670215355218,0,-1.2205311744344744e-05
1283,0.0691825068308332,0.5075283994293015,0,-4.15752481692123e-07
1284,0.2014617634373673,0.0672114948167188,2,0.004662281988433979
1285,0.19364727108497423,0.18659405260412423,0,6.817497717946161e-06
1286,0.2930996939596766,0.11104001619178513,3,0.008235748123343132
1287,0.29084344622526714,0.3819747103436153,0,-1.2481023825588229e-05
1288,0.29600119512504586,0.07265094748904567,5,0.01276784100410548
1289,0.31762726851457806,0.36358667723716465,0,-1.589884652106446e-05
1290,0.26758345427343266,0.4261223397857954,0,-6.738196246859842e-06
1291,0.3307991390035105,0.3862787200106511,0,-1.5576843341938084e-05
1292,0.32882883028908455,0.4085286307228738,0,-1.3603463478871117e-05
1293,0.005896510323685277,0.10555873372485709,0,-1.168472519644624e-05
1294,0.21967293025470563,0.2525801875636197,0,-1.5248405202460241e-05
1295,0.24679221249747668,0.21782461321024,0,5.3497324080170644e-05
1296,0.00017509317515460032,0.13080313071091568,0,-8.848183475524654e-06
1297,0.28060014642542747,0.4531257877077941,0,-5.87417787962145e-06
1298,0.33306270585089504,0.4713933617069659,0,-8.173335133062992e-06
1299,0.3075974258357886,0.49318948033581156,0,-5.160605612893977e-06
1300,0.07195829796447258,0.22699192192585738,0,-6.999024197654627e-06
1301,0.17256648701904106,0.1112240297061545,0,0.0003001761445428375
1302,0.06439053683151731,0.06982857985805506,0,-4.876540894948338e-06
1303,0.2433690770354346,0.0885094284823525,3,0.0068926875067179
1304,0.0008117805868773253,0.23377791631671976,0,-3.2412793877111867e-06
1305,0.051799058643771954,0.00586270328248708,0,0.00015527584803629418
1306,0.03773713139006516,0.18472211874345837,0,-7.5690472630637645e-06
1307,0.020048070909534907,0.3182546821757433,0,-1.6890333768243524e-06
1308,0.04266629974679066,0.2405579127592813,0,-4.592959205315352e-06
1309,0.19455106087942636,0.44303516120348596,0,-2.7683220083257164e-06
1310,0.3080034944907566,0.5846229231377558,0,-2.0850244751649e-06
1311,0.030144935216428807,0.42078771537196485,0,-6.701947599179813e-07
1312,0.09134048136739806,0.42061926221217666,0,-1.2369300071246994e-06
1313,0.1599235354828248,0.2775633217753917,0,-9.95646929147177e-06
1314,0.2907552078819096,0.23716449598074468,0,0.0001851673382851898
1315,0.25964975733218354,0.3253997159744307,0,-1.4863755336838486e-05
1316,0.23241303402124838,0.5294825578214397,0,-1.7026308110338261e-06
1317,0.2796850494216833,0.42115632874805803,0,-7.943686633431268e-06
1318,0.24555066966242856,0.2903486622289534,0,-1.58442048330769e-05
1319,0.22587217976224894,0.31950835259256616,0,-1.224606292216048e-05
1320,0.24270830978702054,0.02842743476989873,9,0.020441630524187373
1321,0.21186378346986717,0.25923902528657056,0,-1.5805440849321202e-05
1322,0.04934974849573531,0.39003922729194174,0,-1.1041642733357207e-06
1323,0.05149384672258531,0.36997332130039134,0,-1.3786775139164698e-06
1324,0.0050958929183119,0.28961767012971945,0,-1.936914166246757e-06
1325,0.23664221737077037,0.30417656206828947,0,-1.4719041089214441e-05
1326,0.09167947636198584,0.04576625122303197,0,0.0001528957250743136
1327,0.10502128104115963,0.49336904487052813,0,-6.851065281819495e-07
1328,0.07265825954520154,0.4046380889195009,0,-1.20427685611187e-06
1329,0.098552060749877,0.18559555713018108,0,-1.2922248583058185e-05
1330,0.1724367615540961,0.15388188787183602,0,2.7446305546994283e-05
1331,0.24597084308238137,0.3045301618468715,0,-1.53742115998868e-05
1332,0.1894488145028993,0.3766308213372503,0,-5.0946396642275615e-06
1333,0.01697347120838845,0.5025649135121752,0,-2.59366725060049e-07
1334,0.06824657086348503,0.52414877007586,0,-3.488156412711003e-07
1335,0.21227485379102531,0.32882155356667164,0,-1.0045632018540531e-05
1336,0.01055899341057364,0.15796841390062802,0,-7.5404334439020225e-06
1337,0.06505223371191636,0.5622564752103029,0,-2.3080482619637748e-07
1338,0.3466268100411153,0.03231669838314386,8,0.01791044971159477
1339,0.3237026431523002,0.19673844372716445,1,0.002353471440495808
1340,0.14367978466307013,0.4030887000468603,0,-2.484594189133299e-06
1341,0.008562241356370359,0.4132602867422842,0,-5.824547358153699e-07
1342,0.20290556362122475,0.04826997017653185,3,0.008507982508928565
1343,0.24150333513199868,0.2531766718271954,0,-9.614806459031851e-06
1344,0.08503663770520681,0.547889405280249,0,-3.2532612541923016e-07
1345,0.07135377899493499,0.3513392783912325,0,-2.0251584617828326e-06
1346,0.06515092134433416,0.12872692207206368,0,-1.5026902504766085e-05
1347,0.09950167705994725,0.13808100809832927,0,-1.5571692979953118e-05
1348,0.22443242990644338,0.577145691789652,0,-9.764125921437032e-07
1349,0.24912052971541604,0.06475082401867861,5,0.012124288187939916
1350,0.12950373997519046,0.4613043738233822,0,-1.2054551679150267e-06
1351,0.3261055521537785,0.18087204974166307,1,0.0035621616666751256
1352,0.2814054019165606,0.5325097103783193,0,-2.6917255773050576e-06
1353,0.15125527508254935,0.10032770970813698,0,0.0001887647059853719
1354,0.3244538159519199,0.2520386410443685,0,0.00039051660010948
1355,0.308680189553246,0.42718392163983193,0,-9.845587511925528e-06
1356,0.33472139377767557,0.30638049438777715,0,4.583716367003446e-05
1357,0.10427209579342923,0.5869365172120974,0,-2.6679106184990524e-07
1358,0.19099729714386335,0.19741242603378298,0,-6.225209877477425e-06
1359,0.3248283201306244,0.18037365277649112,1,0.0035284173195071415
1360,0.11988438005935491,0.2069962893787438,0,-1.2912477818879821e-05
1361,0.1915774824364163,0.5105193562146824,0,-1.369377289762488e-06
1362,0.08257174742353522,0.3113735151554455,0,-3.3753332528754043e-06
1363,0.0009846669744256963,0.3963741507841059,0,-6.39324244258189e-07
1364,0.1388112672065518,0.306517627539,0,-6.1781109398086956e-06
1365,0.22035127927886775,0.41925113823329174,0,-4.533290423801514e-06
1366,0.20553174722882267,0.34374881116356815,0,-8.208946981955551e-06
1367,0.3013170557858458,0.22356609262231208,0,0.0005017378438491655
1368,0.2769299315934248,0.00040701725497851445,9,0.03208817321230991
1369,0.29561246179533673,0.271224864836502,0,3.712123833780942e-05
1370,0.10677262721289962,0.38928446611447887,0,-1.9736785937412584e-06
1371,0.2229013487796652,0.18960938225454285,0,7.112347509403166e-05
1372,0.20771755524669805,0.27686932536013,0,-1.458463079428671e-05
1373,0.22674869071058978,0.312375979875083,0,-1.3041454946085003e-05
1374,0.22617813672553425,0.2855492850487108,0,-1.532006225356606e-05
1375,0.041359590309408764,0.5931023065631245,0,-1.3381725361811163e-07
1376,0.21027053304253174,0.13595144607637233,0,0.0005037929229922364
1377,0.32261618313016416,0.5305622375790209,0,-4.133288621430181e-06
1378,0.1078952255199522,0.06598855096026858,0,0.00012373996545668537
1379,0.04516334728764841,0.24676775531799985,0,-4.426657479382093e-06
1380,0.30883398630615616,0.40452448284020626,0,-1.2022400534436682e-05
1381,0.3070489595240095,0.2035894576378852,0,0.0012436235060815837
1382,0.33298923489651583,0.5568183147577972,0,-3.528194510397491e-06
1383,0.26463103673209337,0.5120143111778662,0,-2.794668752558988e-06
1384,0.1030058957831031,0.4574607205891088,0,-9.615064606762253e-07
1385,0.040902132255574056,0.5617108043016674,0,-1.8232940211946046e-07
1386,0.04595653830130331,0.5763770963713817,0,-1.6561081924503715e-07
1387,0.18881133560937727,0.30338236933464086,0,-1.0231628987104096e-05
1388,0.3195061914932851,0.5403745392056678,0,-3.635087544363727e-06
1389,0.3034697976874044,0.26193437983484247,0,0.00010170753000538014
1390,0.15922097345704456,0.09103575313982211,0,0.00041066098933404256
1391,0.11055470631389358,0.4502212961689487,0,-1.1146032761103757e-06
1392,0.3199284246120785,0.1967126886010597,1,0.002161983484141618
1393,0.3170684428454387,0.2735993576886671,0,0.00011019424413580601
1394,0.09494918261153223,0.3917397703291397,0,-1.7114913381855887e-06
1395,0.009912588459091848,0.28649894200316267,0,-2.096663664939416e-06
1396,0.23115207600400087,0.10174930281167538,1,0.0035983005007133497
1397,0.30583783752814636,0.31550416346389115,0,-9.069292691558935e-06
1398,0.2123534989439564,0.3071439752204485,0,-1.2134169272749352e-05
1399,0.06821074560549986,0.5919905381956014,0,-1.7693548436345196e-07
1400,0.18248981900600003,0.3684811148660832,0,-5.155709751316523e-06
1401,0.0258772648486606,0.31062688027091223,0,-1.9320782702447238e-06
1402,0.33779902001069095,0.026586949484276843,9,0.01999909998543588
1403,0.029729375241617215,0.15161188086125582,0,-9.595282145386197e-06
1404,0.1494029681502499,0.4566129930830656,0,-1.5409043194097592e-06
1405,0.0752386728221896,0.410568143268899,0,-1.1645728694202444e-06
1406,0.29169926002279084,0.4656920200735868,0,-5.788351417348815e-06
1407,0.09620052485718661,0.0481466873749315,0,0.00016966347651866921
1408,0.34050215181101373,0.12736800769983891,3,0.0073520899034969535
1409,0.2912696145008808,0.10623430605817892,4,0.008705492673983652
1410,0.34944334300955077,0.5463443830868242,0,-4.608606280901307e-06
1411,0.19156588182769882,0.3894168702678289,0,-4.583536205418177e-06
1412,0.3177963560823535,0.016062501343534062,9,0.024463692803175983
1413,0.34975847401499593,0.12924036935131708,3,0.007018219415779435
1414,0.13608616726298145,0.1125718066974381,0,4.111711349531438e-05
1415,0.2575128416916429,0.005178268887037851,9,0.029392772656152075
1416,0.32673830282098526,0.5327379551348759,0,-4.213504262938293e-06
1417,0.04660064506905743,0.4467643512718976,0,-6.09216564156603e-07
1418,0.3345101325468574,0.004695334118046479,9,0.029534780850104088
1419,0.06707483352420633,0.35349928348435056,0,-1.89905489105546e-06
1420,0.12486288777039896,0.06253061721764763,0,0.0003259229818646255
1421,0.006784329650728227,0.423250880192909,0,-5.177990917591834e-07
1422,0.015462027904873103,0.06312366485353815,0,-1.5742732011152536e-05
1423,0.2840595171880158,0.07505019639424912,5,0.012445913838502557
1424,0.27699961487822455,0.3827405565370095,0,-1.1045114504319499e-05
1425,0.2668761757079951,0.1079143642514618,3,0.006606552884504355
1426,0.2747653404468789,0.014146188520398506,9,0.025978122320184475
1427,0.03794722224019955,0.33969315600965794,0,-1.629990300743948e-06
1428,0.09699003149433354,0.46232064719823207,0,-8.625036344698268e-07
1429,0.10685383533995357,0.1854244557197735,0,-1.3743475047156533e-05
1430,0.04294466602801794,0.2594258703860661,0,-3.818116182061806e-06
1431,0.056826319941845685,0.1966902079875894,0,-8.101986617265728e-06
1432,0.11876336674833524,0.5204797438285305,0,-5.99263792065215e-07
1433,0.02964686737028752,0.22266267057432046,0,-4.821191834376053e-06
1434,0.29490359572637903,0.5406157180713662,0,-2.8395789643628115e-06
1435,0.27964923117542634,0.11224780476906619,3,0.007191034634498072
1436,0.12929795801625424,0.22288628831768872,0,-1.226876953904876e-05
1437,0.18155821615479675,0.1561551102430176,0,4.522660608975606e-05
1438,0.1415301974846411,0.5126680059693988,0,-8.133134293531138e-07
1439,0.22597977719486745,0.47142341892644923,0,-2.851755788951292e-06
1440,0.06901104116861617,0.11442602268599324,0,-1.5755162140169686e-05
1441,0.18102184175753114,0.2488831094376358,0,-1.4693175708689665e-05
1442,0.29110214984716215,0.15287804701817628,1,0.0036066794426272693
1443,0.2571132975160722,0.5451062696673171,0,-1.8632954535336733e-06
1444,0.19181853375390334,0.5538452213451006,0,-8.901367754838694e-07
1445,0.16628840095931724,0.2987676697893761,0,-8.674695171384315e-06
1446,0.10946492445518115,0.23852779609000332,0,-8.96666785160794e-06
1447,0.08876653881158685,0.055554702161825384,0,7.771345581599944e-05
1448,0.24334911605791226,0.15871656731368292,0,0.0007259562204719558
1449,0.11837355476979883,0.5654088685172152,0,-3.809034590939312e-07
1450,0.2807922292001778,0.34863540222661243,0,-1.4692984853245906e-05
1451,0.2219678380817187,0.5638603965023458,0,-1.0880129531181586e-06
1452,0.015015885800772238,0.2796922516061006,0,-2.3614731834965836e-06
1453,0.09932439527352857,0.43317950755631035,0,-1.1814770373683965e-06
1454,0.07497032780827267,0.3779744523485074,0,-1.6088699856511719e-06
1455,0.01660855452151569,0.4398200672533312,0,-4.839766117999898e-07
1456,0.3465875827981699,0.1991660571469528,1,0.0033332001119290113
1457,0.32833612657216504,0.42039575443722516,0,-1.2379125260430762e-05
1458,0.27862135254656156,0.03515581752614481,9,0.01961572180610561
1459,0.199942152290132,0.21797989307933985,0,-1.2053529924841258e-05
1460,0.3232252225479724,0.4577986849767043,0,-8.472756024677538e-06
1461,0.13762784702021177,0.41000606462792544,0,-2.182925035279023e-06
1462,0.18877764426416874,0.12631401287839863,0,0.0003107011475002057
1463,0.08686986665473986,0.28126396123489283,0,-4.752195060868088e-06
1464,0.18649996599028834,0.3783002026704248,0,-4.86733267698295e-06
1465,0.3297314841669592,0.5004035297542798,0,-5.973957731627558e-06
1466,0.11958233782948645,0.17502135096978746,0,-1.552340869539585e-05
1467,0.09681411145213932,0.29555118507295997,0,-4.55118259514486e-06
1468,0.10727443951524586,0.5876471654139553,0,-2.7296438376699023e-07
1469,0.32831503740151224,0.14118998899407453,3,0.0065986449768080735
1470,0.23113405313833382,0.3198446197762962,0,-1.2735025751031975e-05
1471,0.29852090812066956,0.09277882902499601,4,0.01041783964309309
1472,0.03757850909036192,0.5909232985363475,0,-1.3169608650615747e-07
1473,0.23931276007143848,0.27103464824625517,0,-1.5153067167503966e-05
1474,0.21072000086443277,0.29720925854457203,0,-1.2959178237956679e-05
1475,0.23763555485587837,0.07716196762672052,3,0.008136692370864068
1476,0.12699906580115278,0.28930728314609705,0,-6.514611662660998e-06
1477,0.30075344888962513,0.5856514206500543,0,-1.919881919668942e-06
1478,0.07610756810182215,0.24109181040553485,0,-6.351479001668724e-06
1479,0.004068272362966701,0.587101536685672,0,-9.79025667168149e-08
1480,0.18101805778092825,0.22194570126049737,0,-1.5731297882760615e-05
1481,0.13605318938644811,0.36935054800270184,0,-3.2246773672075167e-06
1482,0.08132454572847474,0.38272517880719636,0,-1.634725524867756e-06
1483,0.1884255519521523,0.022237994515984894,5,0.01258825394894342
1484,0.2551349305775325,0.034900334734213764,8,0.01939064501743998
1485,0.14895497973458566,0.25136913139577965,0,-1.1395246429526231e-05
1486,0.16384471063161085,0.3353667464209366,0,-5.948255385781078e-06
1487,0.15264029612910401,0.5584238970165333,0,-5.750875734649888e-07
1488,0.3157486925949337,0.15130765733559817,2,0.0053792123578529655
1489,0.052499431138140776,0.12204322610836439,0,-1.4560125040781075e-05
1490,0.2183427405888068,0.5399850865624606,0,-1.3322308141756106e-06
1491,0.07019298208402143,0.19287703419126948,0,-9.520008072910423e-06
1492,0.10871412175665256,0.28255399391469355,0,-5.819976451106255e-06
1493,0.24972378160086608,0.1423014427105748,0,0.0016542500340473382
1494,0.046122582019071746,0.5295860891528991,0,-2.648597266465049e-07
1495,0.04111056673533777,0.2742269646301481,0,-3.234982843597826e-06
1496,0.25759511100309235,0.28244139309919947,0,-1.410545762475309e-05
1497,0.16061969379915994,0.2697255075433143,0,-1.074871355455197e-05
1498,0.1318732830449829,0.27044470115788044,0,-8.193106496963272e-06
1499,0.2660147943462587,0.10051686466564864,3,0.00759202012508401
1500,0.017356088871116573,0.2664029159618921,0,-2.7603073562069395e-06
1501,0.23715323178395525,0.26786151024802746,0,-1.5025334033191043e-05
1502,0.015158455446982126,0.4504909590206199,0,-4.2873720170972957e-07
1503,0.05509736444901741,0.05554086989305993,0,-5.659781176129515e-07
1504,0.332330835468404,0.2712286589634285,0,0.00024250263374916815
1505,0.33099058771255874,0.2926175314010337,0,8.297205653492278e-05
1506,0.1418155994234169,0.21436338923557635,0,-1.4293957358223028e-05
1507,0.08048314346120333,0.35267997591411937,0,-2.1887895753391203e-06
1508,0.12845119524766122,0.1696069185030443,0,-1.570189103569288e-05
1509,0.0625119492493708,0.39448238129313423,0,-1.2045474620616198e-06
1510,0.09087011557712077,0.23769997832919965,0,-7.5749338219456605e-06
1511,0.19463639444176256,0.0696326655916476,1,0.0035122424239124425
1512,0.06607251142337488,0.28554620659761726,0,-3.7049298730697177e-06
1513,0.2342231763027005,0.1472884091018866,0,0.0008062485898648103
1514,0.31321234786361396,0.5709725919389096,0,-2.5167318854041913e-06
1515,0.3312125200783581,0.4391974589006899,0,-1.0815476500275403e-05
1516,0.031810177188584435,0.42173172873142034,0,-6.750331203707099e-07
1517,0.11450285062363516,0.47651519176611623,0,-8.913784761520145e-07
1518,0.004019467593538939,0.3610977216619093,0,-9.377425594567179e-07
1519,0.03642263894329994,0.1144559441562055,0,-1.380164278293406e-05
1520,0.09129813620889686,0.24511808242177324,0,-7.0799610705524565e-06
1521,0.2588161104132512,0.533714231577012,0,-2.1236368284773006e-06
1522,0.14755582194371097,0.13362557013318102,0,1.84350033929254e-05
1523,0.26743125871718954,0.021030381515161678,9,0.023592390680620683
1524,0.253273300015557,0.3193473578018758,0,-1.4837746080096348e-05
1525,0.016111999288374805,0.17177980530293105,0,-6.960838884891099e-06
1526,0.12084439653506499,0.4033145251928001,0,-1.974074855876701e-06
1527,0.23235612913041534,0.5911948520391948,0,-9.182726595018564e-07
1528,0.1118022735501973,0.02618510901446607,0,0.0008972227595000178
1529,0.12165969693614438,0.27425702380411593,0,-7.16088693933805e-06
1530,0.25682174237863825,0.11355629854481553,2,0.004810855611689428
1531,0.3105487190236518,0.5585316262284495,0,-2.7748705274792866e-06
1532,0.09586141755933926,0.5590849476543693,0,-3.2407637177507326e-07
1533,0.16278647068936583,0.45250650907615225,0,-1.8348295902682329e-06
1534,0.04044987983122805,0.5091291081186173,0,-3.0707908986966927e-07
1535,0.23977214872971558,0.07230799160654874,4,0.009385326176680815
1536,0.04792074771891344,0.4665358691331104,0,-5.065634615402014e-07
1537,0.13767571035300386,0.31595628177033086,0,-5.568231543823674e-06
1538,0.205021382011056,0.13561078770393145,0,0.000412615667107739
1539,0.229350986000336,0.17630678092538643,0,0.00019447226119535417
1540,0.2406018446222278,0.048722811105014065,6,0.014780953830013394
1541,0.099427691327285,0.2995348270689258,0,-4.489541425804318e-06
1542,0.13137169240997937,0.3711566125581792,0,-3.0228616376790074e-06
1543,0.21408540542502738,0.15744589860254818,0,0.00023318703671629248
1544,0.19951954836869792,0.0828664971732987,1,0.0025947932894921774
1545,3.721887487809217e-05,0.4591112188990686,0,-3.38183260735086e-07
1546,0.3253621050343585,0.023124224307952756,9,0.021609799230502113
1547,0.22743798666944992,0.09890838403702766,1,0.003547549962452579
1548,0.07376287696932186,0.22267301860066327,0,-7.426371378794765e-06
1549,0.2625448226839183,0.2696557644577975,0,-7.239683860287045e-06
1550,0.15470497647335027,0.24389962869769508,0,-1.2700872611233885e-05
1551,0.01619624073636722,0.5897328581452443,0,-1.0764220527237902e-07
1552,0.18710326868493457,0.15388069626277268,0,7.315255273707042e-05
1553,0.10487119091794359,0.1411017727427938,0,-1.5418716196938883e-05
1554,0.02803053004512285,0.005847059926945807,0,3.9196091119374e-05
1555,0.06569843387742014,0.41057462696435704,0,-1.0586811058610118e-06
1556,0.29418861347031083,0.004597813694109232,9,0.030015745928396474
1557,0.06499870327237035,0.0647768441089537,0,5.1381966327809664e-08
1558,0.11216174324378371,0.10462415467245793,0,8.48702753242917e-06
1559,0.21859879113623018,0.40638403347528,0,-5.061152434184188e-06
1560,0.2423807025128354,0.06697035419714263,4,0.010841274486790781
1561,0.2066291443138013,0.016371634819409574,8,0.019226632474696668
1562,0.19001578705300015,0.005076479261289468,9,0.01966775980708988
1563,0.11829389575735294,0.45180226696977316,0,-1.1852511204134855e-06
1564,0.3243899114032959,0.4684309821486334,0,-7.740828949598016e-06
1565,0.1303683219576946,0.23187466731489934,0,-1.1487139024678128e-05
1566,0.17817309466314935,0.2626747404713696,0,-1.3160652130963777e-05
1567,0.1441239433157244,0.5134059667307767,0,-8.28512087039378e-07
1568,0.0628346588856831,0.15471325413830617,0,-1.2448103141244665e-05
1569,0.12676336404928717,0.4252344807151679,0,-1.6821764326995038e-06
1570,0.019760540495872572,0.4798408560711135,0,-3.347289292920261e-07
1571,0.18909924507523934,0.5935794773569671,0,-5.822834502413703e-07
1572,0.1413210085000602,0.3887899197776683,0,-2.79926696028129e-06
1573,0.3413586837934267,0.06092126786867993,5,0.01242378144212619
1574,0.21748691163310535,0.036623001984570025,6,0.014556808897856948
1575,0.12144243835897497,0.5420631670631985,0,-4.960280491339825e-07
1576,0.07231505136050226,0.38249696134374456,0,-1.4975244950208218e-06
1577,0.3382530887748915,0.06874057462316886,5,0.011596498611450295
1578,0.07874835427615523,0.39704953234403073,0,-1.3806535566924215e-06
1579,0.11833049271400047,0.03456128611512472,0,0.0008259496783142025
1580,0.21278654577675946,0.00940120736868939,9,0.023295139618728606
1581,0.30579739210279183,0.5284834792682026,0,-3.571198041413856e-06
1582,0.11579308868521006,0.5969975105173974,0,-2.70672128959786e-07
1583,0.12297284713769394,0.33482101061751135,0,-3.993638194517821e-06
1584,0.2751977240875024,0.15088273763842205,1,0.002633375920042901
1585,0.17631499302661663,0.21882716933208168,0,-1.5768743386856967e-05
1586,0.11714478042759342,0.04253461675961485,0,0.0005613645000678044
1587,0.14746025453617814,0.4891716088242934,0,-1.0914267625644748e-06
1588,0.33593770161634373,0.004481052385872019,9,0.029635481075987378
1589,0.11601651787444393,0.4056909829926755,0,-1.837079477871405e-06
1590,0.3453095236336126,0.22683610587634084,0,0.0017283964969665613
1591,0.31743927420822066,0.43036658658992955,0,-1.0353617328785995e-05
1592,0.007653157674859978,0.14393506180799756,0,-8.387627400743652e-06
1593,0.305992838565095,0.0940177671655581,4,0.010291445791193973
1594,0.11359821591723965,0.48172814503263256,0,-8.384986467708245e-07
1595,0.11171637547021428,0.001165507389901066,1,0.002460000638124157
1596,0.25112470237703866,0.2561161014974228,0,-5.735184010904542e-06
1597,0.09988627509140503,0.47737492720275815,0,-7.637413051808012e-07
1598,0.03280128378596759,0.030627285441187823,0,2.229066801586821e-06
1599,0.22327189268012046,0.39593724396819857,0,-5.874398389682828e-06
