,X1,X2,Label,f
0,0.3066135627695075,0.07960518282064462,10,0.011746139066458923
1,0.16174363596080477,0.2873612790993992,0,-9.251282858646582e-06
2,0.3250053245164875,0.41066679262407074,0,-1.3017988732694558e-05
3,0.22096129297344796,0.07604744094902476,5,0.005942736795287041
4,0.18163841243274131,0.12300665921926279,0,0.0002635266515134122
5,0.26397606284642366,0.007476607949432279,19,0.028556854243671673
6,0.07471356778709652,0.00981360110665872,0,0.0003762410519368198
7,0.28614921677763683,0.05532801943241097,14,0.015444767589150095
8,0.1449546195946775,0.04838578748822906,1,0.0013511748376103766
9,0.05805093492870513,0.3334361455718855,0,-2.120793595019031e-06
10,0.016606809045843905,0.07010211532080891,0,-1.5600272188508474e-05
11,0.06109257247750538,0.5960533411282889,0,-1.5823216643156308e-07
12,0.3186091266763835,0.0869379544151128,9,0.010675978547119503
13,0.34711803553832776,0.2788334441807644,0,0.00031803575721498254
14,0.2327093980771051,0.1028448162138452,3,0.003629758234414349
15,0.14655623712357854,0.43676133579623017,0,-1.8264654111044118e-06
16,0.3393596859144193,0.4173286619813307,0,-1.3768758447306359e-05
17,0.11557070685952156,0.21989102572967648,0,-1.1215628694930561e-05
18,0.18561224890517672,0.12736669551484245,0,0.000258003313046075
19,0.03378636351392325,0.055230970522135305,0,-1.2781353221667918e-05
20,0.1512924780647199,0.5394031470988435,0,-6.862584682944994e-07
21,0.09207506709380202,0.17922521009688003,0,-1.2912602345613604e-05
22,0.06759084342442233,0.12997023052527815,0,-1.5111255653506159e-05
23,0.19383856291720816,0.41230705052878214,0,-3.7341013211756064e-06
24,0.03954395238676475,0.39441069933467043,0,-9.583394083637706e-07
25,0.12010842025727454,0.008233647071713989,2,0.002558978309943909
26,0.17455932738391014,0.024234184568228723,7,0.008594328981727918
27,0.1702892877798777,0.3176138981094027,0,-7.52847048026216e-06
28,0.11808673277104442,0.37278032006515854,0,-2.605480154072701e-06
29,0.1620867096009561,0.431890423648451,0,-2.2388538483157355e-06
30,0.17422453137225596,0.586341132822014,0,-5.396131710967557e-07
31,0.25068382054775207,0.07421670726539843,9,0.010408012258446947
32,0.09107699119518808,0.2565972713974208,0,-6.316847927829094e-06
33,0.006999126895959429,0.07145276020886626,0,-1.4965871699047214e-05
34,0.015424275200206937,0.4453129559730207,0,-4.527221789083609e-07
35,0.07762158241651623,0.23032571078420147,0,-7.1584139138709895e-06
36,0.10472170021709487,0.3187678161796635,0,-3.908408586418734e-06
37,0.03974503140928123,0.46800068149293456,0,-4.600528491659019e-07
38,0.09419659682241104,0.1856293117648362,0,-1.2488109993099818e-05
39,0.010326590890498593,0.11598658023971306,0,-1.1100007471307075e-05
40,0.30556422744363726,0.49500704754204655,0,-4.968088276431626e-06
41,0.025997177566955253,0.5937090503274081,0,-1.1408630940131929e-07
42,0.18264597463341312,0.039457488976511974,6,0.006649502047914705
43,0.34602386485233433,0.2786250893495743,0,0.0003075123317835987
44,0.30983165047121375,0.13510265325031415,6,0.0065453778362243135
45,0.33946393496373917,0.5098444511323618,0,-5.989358416219603e-06
46,0.31306045287470924,0.038906659863346245,16,0.017703285800286555
47,0.28373126628150375,0.1883069490300582,0,0.0010016005514786007
48,0.224264370348256,0.007847191087816952,19,0.025790860967896827
49,0.2222693835854953,0.4707614182866245,0,-2.766529171970249e-06
50,0.11182786936225388,0.3349025371583964,0,-3.571993787578947e-06
51,0.02604796814365308,0.3533634250474468,0,-1.2624821576227735e-06
52,0.05160480995634198,0.5804823021379703,0,-1.6817515151445968e-07
53,0.26235818457469284,0.4061282761833607,0,-7.77408636014006e-06
54,0.18806221369415976,0.5232528372709321,0,-1.1641423707695904e-06
55,0.32606486381119637,0.35147319660654214,0,-1.4444893745246113e-05
56,0.27964925051239564,0.32936906462532495,0,-1.579570364275923e-05
57,0.2674451375602467,0.3627316348553423,0,-1.2072759653335027e-05
58,0.18477366890554703,0.400341101768368,0,-3.844200994402501e-06
59,0.19428878723208895,0.35634955492396514,0,-6.521892834717988e-06
60,0.22607921169328524,0.29438058811677437,0,-1.465557313981581e-05
61,0.03457701887708904,0.02492653957004307,0,1.222043430526914e-05
62,0.10187854233761358,0.5142699437857987,0,-5.387202925325725e-07
63,0.21239942238288342,0.38772585248043284,0,-5.724042868694382e-06
64,0.16057073451653123,0.5283728922289161,0,-8.406402038371867e-07
65,0.33654199603479107,0.08852769850403704,9,0.009817191575115299
66,0.06851051107353434,0.2762245058915683,0,-4.1646841862751495e-06
67,0.255333368174579,0.342459406408772,0,-1.2887536684207575e-05
68,0.021898481224805536,0.07149041502549443,0,-1.571509927164235e-05
69,0.2732892555617519,0.14357606079262028,2,0.0031007696537556423
70,0.22345777038652437,0.39972529431785386,0,-5.669842313364567e-06
71,0.289171685040311,0.5131993574160679,0,-3.525316187975261e-06
72,0.10744505674359468,0.4503449484972504,0,-1.0791956554363463e-06
73,0.2905062150799218,0.4176207394980407,0,-9.096759733058776e-06
74,0.26010616405147324,0.48678445300888923,0,-3.4359030947026596e-06
75,0.24499331119533993,0.31826184758440784,0,-1.422053641338177e-05
76,0.0901244354751716,0.2914797522740288,0,-4.434885450155567e-06
77,0.2639373179855901,0.4101398348582252,0,-7.594146151020364e-06
78,0.2262459848830989,0.006321074307602181,19,0.026687431163587776
79,0.07173196841512745,0.09897002723200667,0,-1.4213750527289137e-05
80,0.20421820402118604,0.38573510239055514,0,-5.386212403678409e-06
81,0.28243493770893496,0.33747864243566505,0,-1.5582275077551406e-05
82,0.20493178863612882,0.33088927509476146,0,-9.214135168100191e-06
83,0.10166132843090027,0.2725400248919634,0,-5.992528210917004e-06
84,0.3458083975416807,0.27797592731253906,0,0.0003130550202989894
85,0.02557929429288165,0.5521678800244719,0,-1.7211894146651513e-07
86,0.21783966935862378,0.31020618569117836,0,-1.2374015405297752e-05
87,0.08784799710440265,0.46102980642932356,0,-7.97481860514055e-07
88,0.007968301164808617,0.5091126110649692,0,-2.220294744101506e-07
89,0.27933276902898374,0.012629611825142684,19,0.026543020315382894
90,0.062492888495875205,0.27353940915454206,0,-4.029267675338964e-06
91,0.33194195540133303,0.1961677817916563,2,0.002817118131630966
92,0.34598496723303257,0.22761002107439293,1,0.0017195115536912098
93,0.07949685469268761,0.49263629832766215,0,-5.348653553135828e-07
94,0.31297774036871084,0.3303861839069117,0,-1.2369162520794207e-05
95,0.21882778076688558,0.025733162828862708,16,0.01827377315226978
96,0.3428200461641817,0.381957969887941,0,-1.5864356202707652e-05
97,0.1167531197649963,0.5306454614486522,0,-5.305845689870616e-07
98,0.025050794665584616,0.019941256177882515,0,5.7584437356111315e-06
99,0.03096619109006332,0.4665463041695336,0,-4.276038093438188e-07
100,0.29131004861988785,0.13066551786753414,5,0.0058853143536573066
101,0.2526284692976765,0.10056900756256315,5,0.00612568326713958
102,0.20355324077361964,0.031343994089961975,12,0.013288170366698503
103,0.22644806812512344,0.057338079352985044,9,0.010621535026044843
104,0.11741973555001321,0.45676333101977584,0,-1.1180950263721504e-06
105,0.24916023051327046,0.5713986356471885,0,-1.3234943233978297e-06
106,0.06544314179044429,0.30401524777044536,0,-3.062697278308083e-06
107,0.1884483282751726,0.033025855017345986,8,0.009363218656528135
108,0.26756771272971497,0.4925010941606326,0,-3.4955262049354717e-06
109,0.12551431666740245,0.4387808306544872,0,-1.4509397427444298e-06
110,0.1953266128177867,0.334483290077456,0,-8.137563060818599e-06
111,0.2537249278949718,0.5813422258623292,0,-1.2540962936706159e-06
112,0.1443288861978673,0.5869376366943204,0,-3.9799129622597195e-07
113,0.03665108426390328,0.5471514089526403,0,-2.0213671838508854e-07
114,0.28009012614704903,0.2936409753005612,0,-1.0721127339023182e-05
115,0.08799740961016284,0.1561794947422051,0,-1.4670663554589718e-05
116,0.18072918507502517,0.2111108294097877,0,-1.4877750071388415e-05
117,0.07925803423861102,0.20149602437617944,0,-9.558076700174797e-06
118,0.2790623747102841,0.084348864816619,10,0.010978700112522192
119,0.2517681855339528,0.09309703934237847,6,0.007181356469486127
120,0.17054499663097986,0.22672703967981528,0,-1.5494485267118848e-05
121,0.06337773229876957,0.040442846459947356,0,4.095421200902177e-05
122,0.21359345568698812,0.42254909450575784,0,-4.103045485722006e-06
123,0.14435014337014343,0.16139061500858046,0,-1.1502354718279829e-05
124,0.0477343240168889,0.006410102909565896,0,0.00012279791563741827
125,0.28870880116887565,0.12450350650489139,5,0.006391727260195133
126,0.31926866564824735,0.48297068520390785,0,-6.398095526536051e-06
127,0.06851007419190197,0.030727648599037004,0,0.0001010900426880605
128,0.20707286394183094,0.5962923877096166,0,-6.78053133078765e-07
129,0.2735663872751991,0.591551442504606,0,-1.3802510578085084e-06
130,0.29586062869317586,0.09701402129790944,9,0.009916380522900376
131,0.005179114624615111,0.08448913804503415,0,-1.3684075726527108e-05
132,0.26344499132725097,0.5007493317124335,0,-3.090344830019663e-06
133,0.1945469222138257,0.11313976778436341,0,0.00068781473905069
134,0.06591021286291726,0.11803137218381463,0,-1.5651351937330725e-05
135,0.2492016749400528,0.22986220753893363,0,2.6884608383487894e-05
136,0.15358714253875858,0.011796825438306445,6,0.007082669201577877
137,0.12021543588215805,0.09775254763444709,0,3.85464253310577e-05
138,0.31297702858411613,0.2948097266492616,0,2.205746139079895e-05
139,0.12207144254237787,0.15402097292193165,0,-1.5004480163836559e-05
140,0.09210258244137302,0.4656950118860672,0,-7.941684066734372e-07
141,0.24568768140471312,0.01992689644015928,19,0.02330622852148502
142,0.19557870290974905,0.5115935997780634,0,-1.4099307980485665e-06
143,0.2956240800337616,0.2899898295762257,0,3.3257335966484457e-06
144,0.28117923931254274,0.15081063910848763,2,0.0030609065827199933
145,0.1395154438834799,0.2395775469020566,0,-1.1627125962017977e-05
146,0.12305548193624294,0.3124507006901725,0,-4.9905371543891445e-06
147,0.251977393467856,0.47843162972733844,0,-3.4442397393819465e-06
148,0.2524937330005338,0.14495590666061978,1,0.0016491032416566793
149,0.21397723072646985,0.32507140654336875,0,-1.0550217530089604e-05
150,0.29622006123802747,0.09682844345184083,9,0.009944115485821624
151,0.32124063251846197,0.13011923286596655,6,0.007295552167931202
152,0.1789127180382765,0.20051804555811636,0,-1.3091046435822376e-05
153,0.053476339650412485,0.3003330501690712,0,-2.8201186374647797e-06
154,0.30968392429205877,0.07129510419647975,11,0.012588303545069207
155,0.3463834107015878,0.415887552843063,0,-1.454925368437122e-05
156,0.16829072613486765,0.581945328563232,0,-5.3142975974055e-07
157,0.3313981009907787,0.5220684366574451,0,-4.904556233201278e-06
158,0.07525865972043286,0.36305768571852565,0,-1.8729401522090747e-06
159,0.14852204546392844,0.33285558752758526,0,-5.244326236490066e-06
160,0.3055196025725875,0.04893131899854133,14,0.01599768416672511
161,0.013633509309164349,0.1739553628517624,0,-6.652664530370353e-06
162,0.12366009379617182,0.22335997615138384,0,-1.1665387998365019e-05
163,0.31189069537610115,0.37276156752910194,0,-1.5234189161504604e-05
164,0.2473476977460621,0.08950553164795409,6,0.00723118560362444
165,0.3332364947893576,0.1520320168209323,5,0.005953164479316881
166,0.19247788674008004,0.5330903093183575,0,-1.1026338266469775e-06
167,0.27657916709436525,0.5382694903629146,0,-2.422076755731118e-06
168,0.07752936883294073,0.3562994101542852,0,-2.0497345644312614e-06
169,0.23191827946666552,0.22313836703786022,0,8.525226989329948e-06
170,0.09451583013912954,0.3015787270665255,0,-4.190152005753613e-06
171,0.2590758375936114,0.4620106820488443,0,-4.351408004933612e-06
172,0.3432020269079114,0.42175302654364316,0,-1.3712077307418053e-05
173,0.24580880242912737,0.3339328332573349,0,-1.27903653192955e-05
174,0.07702283971929418,0.4097201179054394,0,-1.1956003159458982e-06
175,0.2637677399048307,0.4736535260361828,0,-4.0605854391924695e-06
176,0.08753194656654387,0.4732510517511753,0,-7.035218703959361e-07
177,0.13125814261623947,0.10571395307314344,0,4.737659754623482e-05
178,0.23627677260306698,0.20891576995663852,0,4.884008964490499e-05
179,0.08034564089898069,0.5383660385956806,0,-3.4145312100589145e-07
180,0.16217694980040007,0.47923740824826067,0,-1.396103962149723e-06
181,0.041137565011547576,0.4737448825455673,0,-4.404556229593389e-07
182,0.17392419793186117,0.1835822044464265,0,-8.14460964613088e-06
183,0.29509694564283556,0.19992936154063493,0,0.0009668273002103064
184,0.29131789728126817,0.03166315630256542,18,0.02022770334054767
185,0.19515950625365616,0.16530444660974938,0,5.946985588785374e-05
186,0.14405637940457164,0.05380307821616483,0,0.0010497722154680456
187,0.0384349548278598,0.4014744506715642,0,-8.831486406834815e-07
188,0.10986675583386624,0.5746661583029766,0,-3.1894935281518293e-07
189,0.10579301042990094,0.47740640397181766,0,-8.098862038901583e-07
190,0.1504202496874689,0.32878808709431195,0,-5.562151238001305e-06
191,0.18330039670698747,0.10360997157651541,0,0.0006505974904305451
192,0.34045100509445925,0.5962976043970433,0,-2.5634334349130086e-06
193,0.13157581806105356,0.5929307252446699,0,-3.3002535974640045e-07
194,0.05564519211863709,0.5460865389720395,0,-2.469812172800089e-07
195,0.08747651024356581,0.23560729856294077,0,-7.480938406264247e-06
196,0.27505817596455817,0.5803307321157032,0,-1.567185780782238e-06
197,0.1977430551095783,0.3360313954130294,0,-8.204754771267885e-06
198,0.341643839579907,0.4481509734616245,0,-1.0953945751317465e-05
199,0.2617601309599456,0.4875239665256178,0,-3.4672117463841227e-06
200,0.20038856417620485,0.12488472938811576,0,0.000535842223839853
201,0.29291276074085193,0.3950191273719374,0,-1.1393773881874257e-05
202,0.11853423962127611,0.12226506327863655,0,-3.7783631870205356e-06
203,0.03756636229174847,0.44989485632500026,0,-5.394952742635385e-07
204,0.3426508416656856,0.37635054040904403,0,-1.5562937381593534e-05
205,0.1819309871250103,0.24123839130458424,0,-1.5317955982065576e-05
206,0.33744128398980777,0.5069753162654428,0,-6.039679709604745e-06
207,0.0792735216990613,0.48408383216986917,0,-5.813225194528481e-07
208,0.07156445338652229,0.287179625501012,0,-3.849733220013227e-06
209,0.20997240197404646,0.42280381847185144,0,-3.948226737030474e-06
210,0.30042319738422196,0.42018304024860137,0,-9.735123818950431e-06
211,0.21094870558106507,0.19755006444932263,0,1.6208077500992702e-05
212,0.347579798378059,0.29826331733513806,0,0.00014003064409794395
213,0.07472303931295333,0.4940074756685382,0,-5.03019387817396e-07
214,0.24170852831317774,0.1900218254573885,0,0.00018007141322543517
215,0.1441275830865815,0.33756183366058834,0,-4.793097636589954e-06
216,0.06470412778396656,0.22626162697500243,0,-6.5688729136724495e-06
217,0.3109618705120723,0.4252887029567745,0,-1.022570815547176e-05
218,0.19150445065571892,0.2262312947914226,0,-1.5381034733728152e-05
219,0.07921615212749472,0.5192744623759419,0,-4.086421650910843e-07
220,0.08805622305196238,0.10009372867859831,0,-9.10156016977406e-06
221,0.34403090047856505,0.1545749274613501,5,0.005930106772104899
222,0.2162175582620812,0.32922748216126413,0,-1.0370592049519369e-05
223,0.33116282081287346,0.32652825472432595,0,1.5423261186022622e-06
224,0.16614402949876464,0.22202854339269915,0,-1.5508860697590474e-05
225,0.2181427188879798,0.4313483399089035,0,-3.9328631204801255e-06
226,0.12037353976174978,0.30031701559334195,0,-5.47932394431747e-06
227,0.33224780920591873,0.0017914945404511329,19,0.03126347969499712
228,0.28222505420526367,0.5875007392813664,0,-1.5668839290691427e-06
229,0.19276032312384195,0.12822719506272315,0,0.0003389321126862985
230,0.26833743514121144,0.5381860444019386,0,-2.233007322050168e-06
231,0.20855246965419375,0.3805520156601085,0,-5.91492087399683e-06
232,0.251511410322271,0.07602220525784842,9,0.01015882774056468
233,0.28119100245264084,0.5073806674629534,0,-3.4509016321796217e-06
234,0.24479725056218637,0.44246581954104586,0,-4.586420447739454e-06
235,0.22758364881326357,0.17864708956130185,0,0.00016044194040704438
236,0.044726627222282926,0.2920629644745322,0,-2.8069558746837138e-06
237,0.20316293451292455,0.3328741357730826,0,-8.896857147012116e-06
238,0.11347330737775194,0.14776705721659336,0,-1.5255748829179686e-05
239,0.1601824172807753,0.4688090313379909,0,-1.5189615053603712e-06
240,0.044358107417080246,0.3783592379294893,0,-1.1806002018809053e-06
241,0.027020141512813903,0.14965458972978893,0,-9.52930694865567e-06
242,0.10178274268015294,0.29098622204565266,0,-5.001751952554027e-06
243,0.18878791349054175,0.2750363230341526,0,-1.2986840356460468e-05
244,0.15724792795710213,0.10457223430965303,0,0.00020421606414390428
245,0.19638175951249048,0.23247838105132113,0,-1.5496996049574016e-05
246,0.26532753953564475,0.4196544288503688,0,-7.020288118346027e-06
247,0.19169216437742734,0.11521813524367468,0,0.0005638748884155186
248,0.3177483867491874,0.4456167271440215,0,-9.026224133614224e-06
249,0.28791571753759426,0.02539911696540782,19,0.022051031527099526
250,0.29014067149391715,0.004592115842651978,19,0.030031915203481748
251,0.15252715091477725,0.1477863236648155,0,4.410918366298384e-06
252,0.07613302806156251,0.2864582375421027,0,-4.057516863228537e-06
253,0.10482559143832071,0.047028709953055414,0,0.00026842310724693367
254,0.3367961835842791,0.19075870468159456,3,0.003421738577280091
255,0.28671426145090356,0.5766569887358651,0,-1.8261254217657546e-06
256,0.0593140048742325,0.13959483334001802,0,-1.358599748623337e-05
257,0.2986367355872935,0.40725577155020426,0,-1.076398031483759e-05
258,0.05198641461776482,0.09428889566432842,0,-1.5704574511036967e-05
259,0.30122840021380054,0.12499934407620687,6,0.007125031309275365
260,0.0302907468935148,0.09923819870091663,0,-1.461144402294251e-05
261,0.05135060062834753,0.32261062288286396,0,-2.2102199566293218e-06
262,0.15708059888507253,0.583940575505346,0,-4.6577795427995537e-07
263,0.1640789283003094,0.43176239139221,0,-2.286696127043261e-06
264,0.0813687287000387,0.42129964551374405,0,-1.1121168413662288e-06
265,0.26028320162871166,0.14902769072118513,1,0.0018313562041521513
266,0.30513557996147816,0.1198481730438752,7,0.00780480113618312
267,0.18613292238712992,0.4180493721796677,0,-3.266373211522316e-06
268,0.16471541555159558,0.23500355026782555,0,-1.4489831009574675e-05
269,0.33592357142126306,0.00651371169606465,19,0.028506522009005764
270,0.055487293769318075,0.13970567685359472,0,-1.320526139601678e-05
271,0.22058638379355164,0.43896045000969136,0,-3.7355024906734996e-06
272,0.17684196804656446,0.39009280212498565,0,-3.93445698153914e-06
273,0.11005935211904236,0.5560307939138489,0,-3.8502194540073563e-07
274,0.26704625860332043,0.20528780993200527,0,0.0002748218388095747
275,0.1925019585574249,0.058339582292263034,4,0.004798840053087402
276,0.0680565973361337,0.40196283084573764,0,-1.1813740132774415e-06
277,0.3253698520391809,0.07108209053774701,11,0.011963534594562519
278,0.21296245867208505,0.4474906685258536,0,-3.1806729984108817e-06
279,0.010445483227035384,0.5941202699976484,0,-9.72701898267584e-08
280,0.06996690448084242,0.2337439483197028,0,-6.427485830105519e-06
281,0.30801279985131524,0.04608188380927889,15,0.016425248374442737
282,0.12857648737076205,0.0012616284167201951,4,0.004539464377426458
283,0.033858610573767,0.12347386357977935,0,-1.267604977015885e-05
284,0.3477407246537283,0.5960038578105425,0,-2.764386027252211e-06
285,0.18380117244274355,0.05259653370742396,4,0.004479491803901515
286,0.08540753006899009,0.31116827804142794,0,-3.479061143043779e-06
287,0.2850253695390648,0.11833326270256367,6,0.006848843298741414
288,0.30525855083274384,0.566205119811701,0,-2.4384297610868146e-06
289,0.2105123925141461,0.08026828140356046,3,0.003972097606806769
290,0.01133950003438479,0.10837169885229549,0,-1.1943406363970997e-05
291,0.022543119702385414,0.033370694056773044,0,-8.315847406770569e-06
292,0.02572903136817804,0.2992395834531479,0,-2.1617316418118776e-06
293,0.012950558721289734,0.29904845924774254,0,-1.9064867572311502e-06
294,0.21794918775739053,0.4148699430978038,0,-4.623403526717898e-06
295,0.27677852067059405,0.5223111396203755,0,-2.8459326194981854e-06
296,0.1229526921561041,0.08451704639602461,0,0.00010220294909538434
297,0.0034113972512823665,0.14345087119718392,0,-8.093324286936084e-06
298,0.3372268636589272,0.026765716307975217,18,0.01996408736898179
299,0.07818380451839578,0.5938932010208485,0,-1.917830102247684e-07
300,0.19953524009575802,0.5623646995535158,0,-8.828992369673111e-07
301,0.25157080209531874,0.2632504436156099,0,-9.682266847054207e-06
302,0.16239453970043893,0.4807258244954574,0,-1.3784749049184078e-06
303,0.3378478121212539,0.029342897250615983,17,0.019141840898335948
304,0.326065506918161,0.42429849588615476,0,-1.1765754627225774e-05
305,0.28954976747745076,0.061279254553434435,13,0.014444000846532983
306,0.3476885560721786,0.295245608336073,0,0.00016176776238740044
307,0.23749318319835225,0.4464068879723873,0,-4.102566425033899e-06
308,0.11926091864645358,0.1347998574773753,0,-1.0829380085516103e-05
309,0.07108464182970843,0.41330529745354555,0,-1.0870925244491e-06
310,0.2842483188854799,0.245546650257361,0,8.98166422118564e-05
311,0.25284239730696,0.3420960241043576,0,-1.267658259431432e-05
312,0.15312727951799265,0.11628526210671761,0,9.199092494381194e-05
313,0.15996191465599274,0.10133934942225195,0,0.0002684259243743925
314,0.059036580495808996,0.2303405905853615,0,-5.971248797948408e-06
315,0.2527504839114135,0.40800202909565636,0,-6.959747330500947e-06
316,0.2206130422222522,0.3125433809017941,0,-1.2416850548347774e-05
317,0.18521494442349778,0.5782994533810312,0,-6.526001420714229e-07
318,0.34946217275232855,0.322134694955675,0,4.1907599076385976e-05
319,0.26074592730089924,0.5124205398525765,0,-2.6777532393924286e-06
320,0.34274386168881105,0.13606936488230395,6,0.006876478859086987
321,0.2366141616706197,0.08962303622407228,5,0.005845441649863229
322,0.01151141464845296,0.47449523400219035,0,-3.2517818439884816e-07
323,0.272634622563629,0.36095403242043916,0,-1.2765324156579267e-05
324,0.13193267146323434,0.2157547878334831,0,-1.323417894572054e-05
325,0.20825430376677806,0.12674854655684245,0,0.0006776050256279772
326,0.32483899022731894,0.5560387734946433,0,-3.2791526022629352e-06
327,0.2953095969541215,0.5640876595841455,0,-2.2555718811215865e-06
328,0.024358328240104463,0.016422017161179414,0,9.64202738002676e-06
329,0.31108608314630265,0.10372640195531357,8,0.009370122544817438
330,0.03781752547345266,0.3330203753994691,0,-1.7401656754495733e-06
331,0.29018535878526697,0.4598332699725819,0,-6.041006318526477e-06
332,0.2833890353398113,0.08419258402123324,10,0.011168724285793548
333,0.09225234204493117,0.4301853371797404,0,-1.134387486441334e-06
334,0.06487475001639013,0.17989489247509516,0,-1.0210487196691555e-05
335,0.24067760960668474,0.5223587439518352,0,-1.9852904125057327e-06
336,0.1705220273658307,0.34622341471674345,0,-5.707979675064243e-06
337,0.20201585461187208,0.1692560792843684,0,7.031186301616737e-05
338,0.25989249978367235,0.02315252580474727,19,0.022832091317899473
339,0.07192686659255802,0.2422620274741717,0,-6.027272123514236e-06
340,0.04244454835063618,0.16295113712382467,0,-9.71597559500443e-06
341,0.20840659228989786,0.2038538879804681,0,3.5020229047235577e-06
342,0.20221735529850096,0.051606542705435944,7,0.007626222535570317
343,0.23242592811407886,0.3617458443099349,0,-8.923769801122199e-06
344,0.20444998863436495,0.4218328432751743,0,-3.7738456572406807e-06
345,0.1987502337021956,0.5674456690069823,0,-8.326200146268202e-07
346,0.08232220979827959,0.2944056783753857,0,-3.986821247138436e-06
347,0.32464101089223646,0.09182646799696363,9,0.010053744789892897
348,0.18934326859977413,0.39512287238552946,0,-4.2367824439997705e-06
349,0.077261805086683,0.2283646281529279,0,-7.27030520733816e-06
350,0.11132194404409716,0.31770956148703505,0,-4.2172610242165545e-06
351,0.34523207394461153,0.5835651043582512,0,-3.0523871636705374e-06
352,0.03813534368976403,0.05082023953502874,0,-9.330633950173265e-06
353,0.06032925567062699,0.011520544706321712,0,0.00017855993871418837
354,0.23547143625546563,0.252849968379447,0,-1.1970103168706392e-05
355,0.34931032919542054,0.40982916460614227,0,-1.5265703218005132e-05
356,0.11021801819708844,0.40214557841485743,0,-1.7963321025230082e-06
357,0.19527380828279892,0.34681740604349265,0,-7.224133804600479e-06
358,0.15709227250730062,0.2629606477656342,0,-1.1058946496956908e-05
359,0.23771803050190676,0.09627203236086013,4,0.004999962804421589
360,0.24223661870026572,0.3705474249520806,0,-9.00645447647147e-06
361,0.1747744200949403,0.05602920027941633,2,0.0029739850374558238
362,0.11226109328235953,0.4731210123330299,0,-9.017386303317273e-07
363,0.1946245161487663,0.20799196427247368,0,-1.0160816460728345e-05
364,0.1609648177195983,0.13047586042997564,0,6.351516178862153e-05
365,0.0458468388503667,0.37192017241199393,0,-1.2779664809655985e-06
366,0.2807555794570727,0.19714816289856488,0,0.0006525735235925746
367,0.3193372793040263,0.1649178942602687,4,0.004424704769006463
368,0.11691838045063878,0.5094938709040365,0,-6.566365455340077e-07
369,0.3008924082182956,0.5713902591863669,0,-2.21686259869912e-06
370,0.22804238523070527,0.47764947779526146,0,-2.7355751015892214e-06
371,0.17164281172037207,0.11198143529560929,0,0.0002785794058981437
372,0.12513495861920432,0.0215740911735395,1,0.001832029253332359
373,0.22761941678794706,0.016784798498092557,19,0.02274713715217545
374,0.29979492600887403,0.07584628714726964,11,0.012314857484464424
375,0.014272031790719491,0.1663454280457335,0,-7.207962229680231e-06
376,0.01842857473322555,0.30862092861847806,0,-1.8299355110931506e-06
377,0.26589461296949346,0.30316367306858605,0,-1.5665951209375938e-05
378,0.28094726100481304,0.43474395393554993,0,-7.053628033111847e-06
379,0.25529821861951074,0.23507538356213642,0,2.8655865117731727e-05
380,0.12593086624394903,0.2161873931182435,0,-1.2600125876001384e-05
381,0.20415186097291396,0.24518056981639658,0,-1.5754130251198887e-05
382,0.07635417275913794,0.09319854732303427,0,-1.1259414183750604e-05
383,0.22510555295293547,0.39886729619888145,0,-5.811169692012012e-06
384,0.03905824408406735,0.29902093388730083,0,-2.474642345825529e-06
385,0.2068302584280282,0.016122143193094882,17,0.019367589456292193
386,0.15433951903177717,0.1919537452195266,0,-1.5554958208983402e-05
387,0.17690101991191745,0.2923026900160936,0,-1.0157499594590388e-05
388,0.15766212894613463,0.5088863060867859,0,-9.922392087343002e-07
389,0.05358383390518753,0.5884196079664127,0,-1.5844403725386757e-07
390,0.030123887935450698,0.21007435072907624,0,-5.485987928453981e-06
391,0.3497296131314704,0.5069478912545547,0,-6.8096152420924376e-06
392,0.23581429536828147,0.4867763543691261,0,-2.698375090276074e-06
393,0.25625908260790853,0.16518265174026736,0,0.000906252737012706
394,0.036717620161658394,0.08128076795944174,0,-1.5742987584240975e-05
395,0.2854130716880198,0.5082564942052247,0,-3.5674776423945646e-06
396,0.17295662759519348,0.32370062545802536,0,-7.28360777878201e-06
397,0.25029509242505915,0.35949538969968187,0,-1.072085428751132e-05
398,0.20680488764887855,0.5605906208444638,0,-9.663202108634245e-07
399,0.3262057394519927,0.43345329872049365,0,-1.0887344295918108e-05
400,0.26695374843053243,0.029128470725390442,19,0.02119756980052825
401,0.039018005847009596,0.3379308933461661,0,-1.6767900017340062e-06
402,0.1956747999081293,0.5654763252095636,0,-8.235081936360367e-07
403,0.2212786497891612,0.3915071279881435,0,-6.016986144260481e-06
404,0.2090995227898705,0.5855615417475808,0,-7.702691518839019e-07
405,0.28261227183954063,0.33325973015473964,0,-1.576877666854364e-05
406,0.08802894751995968,0.15060137421785183,0,-1.5097619546864005e-05
407,0.19776785722692075,0.4448705577259575,0,-2.8065726965540743e-06
408,0.29796694419812914,0.05664377517551342,13,0.01497095401114415
409,0.27618647953957487,0.3780688277470767,0,-1.141992172672607e-05
410,0.2770214092716011,0.2390734009720079,0,8.700796310584559e-05
411,0.26927101115195445,0.30891666575305415,0,-1.577853980583268e-05
412,0.30133935228284325,0.48635324582192613,0,-5.191058601786995e-06
413,0.12596212119823802,0.571364559499451,0,-3.871319507250765e-07
414,0.19963630237289937,0.5493517126063335,0,-1.0065864433272915e-06
415,0.1117283823427746,0.4598841285793802,0,-1.0238836067760496e-06
416,0.08667637008360628,0.2648613583235661,0,-5.578139017997827e-06
417,0.07616465676217682,0.46060422743822194,0,-7.126876218251962e-07
418,0.01923537331859039,0.15601386918940147,0,-8.34718670800752e-06
419,0.3410738550373553,0.019896267477855643,19,0.022236918079922664
420,0.3411363714183989,0.23358217303610318,1,0.0012810230283214483
421,0.1377120462533124,0.5129449220073284,0,-7.807304504031043e-07
422,0.21165515461607914,0.1292828874912906,0,0.0006981687141629138
423,0.21433179375351188,0.16663224252263176,0,0.00015313773397409994
424,0.31840801951232933,0.3199498984251821,0,-3.9261459560890204e-06
425,0.2620355967832998,0.4174950798062406,0,-6.944084244320885e-06
426,0.10514092677844465,0.2257382673874717,0,-9.699756244040636e-06
427,0.029663021435675462,0.5047677412729193,0,-2.8800331889162595e-07
428,0.11040227353524473,0.597925489726463,0,-2.5411758219716404e-07
429,0.09854342524701096,0.2579054684467473,0,-6.7077529107447216e-06
430,0.3287609773490896,0.0063017387020058765,19,0.028742740365432617
431,0.26478256187213894,0.354397711252793,0,-1.2638037822224263e-05
432,0.10777797582908051,0.35579076589734254,0,-2.785633539010291e-06
433,0.10265971752593286,0.04930065365814291,0,0.0002184180933214414
434,0.09131008723754078,0.38874656856702605,0,-1.7005656691366365e-06
435,0.20517771539257837,0.2028299799701632,0,1.1072347361541648e-06
436,0.10853399529481432,0.30242795636773107,0,-4.774211684692394e-06
437,0.15971241640412875,0.533306941239091,0,-7.933483822941498e-07
438,0.2877010944133196,0.41252022676796946,0,-9.293988490589025e-06
439,0.2300869318000693,0.3235412949676487,0,-1.226325435355403e-05
440,0.023033404846638017,0.2992966191118599,0,-2.1031471715736267e-06
441,0.16892602526003744,0.18170891681732673,0,-9.76673103275207e-06
442,0.06215682789960366,0.09518965316985484,0,-1.5084887948269584e-05
443,0.06786181758828852,0.2793722601830755,0,-4.010426465457873e-06
444,0.15270989535719656,0.06793671744262153,0,0.0008312606182460142
445,0.24206350679959282,0.0386890836013102,16,0.017504739923078314
446,0.18499571080227695,0.16662844065816537,0,2.669929888579435e-05
447,0.08904074155765791,0.34323291331364786,0,-2.6197105553192145e-06
448,0.08211253076684367,0.2541828023053921,0,-5.9245510314439045e-06
449,0.005588997369851866,0.2453811529695272,0,-3.0277825852132925e-06
450,0.20257635093362425,0.4675002525145264,0,-2.3488894461191616e-06
451,0.11485331426334126,0.13721397092838938,0,-1.3149449931139874e-05
452,0.2579338465473422,0.12019716170274192,3,0.004129996704528596
453,0.12373906241274481,0.4260084576504935,0,-1.6195848649031803e-06
454,0.32979898345447256,0.17426908247287512,3,0.004243753958483157
455,0.25967583695192487,0.5559751218789762,0,-1.714793186551226e-06
456,0.07400513399694109,0.5407855564147986,0,-3.128402801518665e-07
457,0.21736538000363426,0.29113864984659976,0,-1.4177248778986005e-05
458,0.07460470853370076,0.2829040507491309,0,-4.140169711959982e-06
459,0.16085861022807268,0.33365746061628326,0,-5.874424675370393e-06
460,0.25883974207332516,0.5089908568728021,0,-2.7188991234671143e-06
461,0.21397887239753036,0.3137268479414038,0,-1.1643620509580716e-05
462,0.18345223489061666,0.19531010557727793,0,-9.378766467151367e-06
463,0.15435973095221614,0.12195959804332294,0,7.148713734013154e-05
464,0.016144881249159686,0.16945436909193004,0,-7.122005142743747e-06
465,0.21665312225153102,0.4164032908476125,0,-4.495574133178142e-06
466,0.10632422738982127,0.5455672204036118,0,-4.1183923142254305e-07
467,0.12361964908513338,0.26344490508639196,0,-8.096893104079264e-06
468,0.13008936574172544,0.26272006236970835,0,-8.668024855643503e-06
469,0.05312847342812244,0.34892602478056256,0,-1.7295321205097518e-06
470,0.13756890591735507,0.40657260855939764,0,-2.2577721066521896e-06
471,0.32776126523341087,0.2732589748130461,0,0.00018306688002087332
472,0.09702625599788586,0.11624421475321042,0,-1.2163321606737186e-05
473,0.02647879471602849,0.46654553251779063,0,-4.0886338380435494e-07
474,0.3212647217204624,0.05757520709771959,12,0.013897493039881935
475,0.05690042730009597,0.053921615864300686,0,3.049375640587305e-06
476,0.29644386958979535,0.5897625654158465,0,-1.7651543082758703e-06
477,0.11954605654292254,0.34618810363773955,0,-3.4468271095619015e-06
478,0.1880018710907432,0.5133832394674581,0,-1.2840880948372551e-06
479,0.23652765038100645,0.006594601899580809,19,0.02763525758996046
480,0.1981771645117936,0.5897489514106177,0,-6.623969705946811e-07
481,0.035757654454928296,0.17886625427329933,0,-7.856465649688922e-06
482,0.1937974434100157,0.03703917099525387,8,0.00945987443911288
483,0.10531163106732379,0.5471257469515753,0,-4.013913752194994e-07
484,0.2703095312160352,0.4071819184300575,0,-8.301873458487457e-06
485,0.06501708356621355,0.12438574650460704,0,-1.530661467682879e-05
486,0.011202012066094212,0.062216555240008485,0,-1.5681675071331722e-05
487,0.17487297110028607,0.5720246603470386,0,-6.26702863627404e-07
488,0.14158308379238874,0.4969791082538952,0,-9.51949567620275e-07
489,0.18498035570471694,0.16642352290102916,0,2.7124376113507865e-05
490,0.05460805946853592,0.36763311287622763,0,-1.4558894056489944e-06
491,0.21469606180515946,0.5482430612064455,0,-1.1828442103320653e-06
492,0.23433444593427186,0.5056338619326888,0,-2.2025387414325017e-06
493,0.2468060413321225,0.1565116260168468,0,0.0008962381869597914
494,0.2771900539441594,0.25030789031412387,0,4.512784006582064e-05
495,0.16254746977088225,0.2677332125521121,0,-1.1123757834664441e-05
496,0.3363552710299891,0.34234102573035036,0,-7.267648735820692e-06
497,0.06850817841800512,0.2210030201285289,0,-7.173863996243423e-06
498,0.2767701901404268,0.17165203262925285,1,0.0014256165908355426
499,0.09132030859219581,0.25735119884285507,0,-6.285322492365919e-06
500,0.016658974197909397,0.4305681125151944,0,-5.311571394255023e-07
501,0.20070400391776466,0.4638387739628712,0,-2.3913258307880373e-06
502,0.1480864278724041,0.025582131940157127,3,0.0036330215697980626
503,0.26834633054591595,0.16808760498227873,1,0.0012314129210414773
504,0.10834868508451005,0.04144293595939177,0,0.00040395307982963723
505,0.31540062080839587,0.055047083569773746,13,0.014552734780912627
506,0.13788120265210646,0.21125928084257103,0,-1.4220133371256452e-05
507,0.34224322844289334,0.10647649609878888,7,0.00838679661421499
508,0.018227299602303553,0.017069037900955018,0,1.164210506529537e-06
509,0.2224205027930127,0.4532679139113691,0,-3.2988931402435427e-06
510,0.16053332283708904,0.2884681261484659,0,-9.053809502313549e-06
511,0.14205338795652078,0.07525586822826236,0,0.00039231811777024273
512,0.25187952466187347,0.52761575409699,0,-2.106256326293041e-06
513,0.22026381460448766,0.5917281906155517,0,-8.095671206148718e-07
514,0.07789162004103792,0.3311869800555402,0,-2.6436913947152144e-06
515,0.21855471147988365,0.08999463097419166,3,0.0036612244211966048
516,0.17022588172201472,0.3378696008394014,0,-6.178230330712477e-06
517,0.1699459757537508,0.1702084536831879,0,-1.11892910921597e-06
518,0.2476710301882428,0.515535661633289,0,-2.278752761275788e-06
519,0.010371951693277454,0.38288071930732304,0,-8.036101622306977e-07
520,0.13305083660051514,0.24781591352388005,0,-1.0223919366602098e-05
521,0.03406410003474106,0.004564786089109263,0,6.342133408593118e-05
522,0.12120602419401012,0.24757735490815694,0,-9.193167342851736e-06
523,0.10232036259257551,0.45386949003849497,0,-9.898609271002117e-07
524,0.08920687384279974,0.12195265426809714,0,-1.5070002648515975e-05
525,0.12705918397158109,0.11890770064035733,0,9.206538873279044e-06
526,0.17060955134969194,0.29016483911811947,0,-9.781956937417895e-06
527,0.10358803113364448,0.3384581867731336,0,-3.1761659712404613e-06
528,0.2793625839327868,0.04708419898695382,15,0.017015346012449115
529,0.25891184188052463,0.04253139966188304,16,0.017681122516426492
530,0.04877163259220685,0.3504694885843706,0,-1.6305627392778123e-06
531,0.075787059677691,0.5293261106848389,0,-3.5712300625595156e-07
532,0.16719603030356642,0.2022368709176269,0,-1.5378467369108872e-05
533,0.31404853420881457,0.2716009008415525,0,0.00010507950478705313
534,0.16964426419270495,0.3708244581377736,0,-4.436538776324631e-06
535,0.16167846934589916,0.26706921332140504,0,-1.1104133906876719e-05
536,0.32111889437359364,0.1896673706963684,2,0.0026664414408933738
537,0.034740166753320444,0.10230979720867425,0,-1.4723541763722133e-05
538,0.0448512663438229,0.028797265807442195,0,2.3995641074432932e-05
539,0.16369356071663735,0.4920694821232968,0,-1.2467491280293736e-06
540,0.11936974552804187,0.5634489133636817,0,-3.923254385379581e-07
541,0.07511015771039471,0.49524741504549497,0,-4.987454707189796e-07
542,0.041341241057902184,0.07874022484264842,0,-1.5472681422241516e-05
543,0.2313174098258072,0.018720899446740758,19,0.02249776532877549
544,0.057111302697995144,0.24108951237706439,0,-5.270377769184438e-06
545,0.13147152107690796,0.29306831844710785,0,-6.559517773741939e-06
546,0.2610736020753409,0.37173399926085976,0,-1.0580277816355916e-05
547,0.17916859109977143,0.4727687378502478,0,-1.764524472515257e-06
548,0.3148370601551383,0.28580858654055624,0,4.9314820729993796e-05
549,0.1906308004987205,0.4860085360533746,0,-1.7330867118959414e-06
550,0.08990331100068892,0.0007348527045084819,0,0.0010589994876392826
551,0.2864661757448681,0.0003409007606893333,19,0.032224276934650936
552,0.018269736312523027,0.2209722679830785,0,-4.380027026703872e-06
553,0.24439329652133682,0.16000498238009658,0,0.0007178172343070211
554,0.33560411863502554,0.0015635312007111323,19,0.03137011773846829
555,0.30041311809115123,0.030467131029318882,18,0.020267313575212345
556,0.03836839331247215,0.23057375838476346,0,-4.8595549430636416e-06
557,0.05979721174936184,0.49023083189496675,0,-4.5003525477276464e-07
558,0.09276238538711713,0.48974524500235317,0,-6.285387881801444e-07
559,0.3455716477683669,0.11414615684578655,7,0.00785009576009625
560,0.14102594377740665,0.1465561615316103,0,-5.2844731924474826e-06
561,0.2986836269316546,0.4457764353741119,0,-7.522386637363537e-06
562,0.27447621217870566,0.20775375858742698,0,0.0003360685876777391
563,0.2347981161739377,0.2613974552668796,0,-1.4382765782632122e-05
564,0.2955790491052642,0.5743522803730189,0,-2.041265592898211e-06
565,0.09368636730461777,0.5927900786695707,0,-2.2638090702221286e-07
566,0.33295448974726344,0.3050953493453713,0,4.453982286042354e-05
567,0.33652851163478575,0.4142905205011388,0,-1.3789084135108519e-05
568,0.29438160244060857,0.12167207889938755,6,0.007102386727145187
569,0.16805113180370745,0.3841777461353498,0,-3.8241144022921695e-06
570,0.3327895303878145,0.08882901898589886,9,0.009962476316471293
571,0.2249119281171263,0.5679271780822142,0,-1.0758086876182284e-06
572,0.19322523709445666,0.1937059760878971,0,-1.539832043296913e-06
573,0.1977753634105297,0.4686405412059468,0,-2.2137637776711462e-06
574,0.13381649033254633,0.45362768872748505,0,-1.3588708207597054e-06
575,0.3074817130214644,0.5301357843888413,0,-3.572178358742354e-06
576,0.1961756912266564,0.4621224059520428,0,-2.3253101306062356e-06
577,0.3307218622067594,0.5860275934097083,0,-2.577977122527968e-06
578,0.20869271616797372,0.3071393692043349,0,-1.1772923278438266e-05
579,0.1993147739870851,0.35818456144212035,0,-6.727369162421245e-06
580,0.25954262192833916,0.5941932320960686,0,-1.1688142982065483e-06
581,0.12921971691730116,0.23960820451127662,0,-1.0632852807364319e-05
582,0.04785299588110825,0.41282849000827865,0,-8.661207609088968e-07
583,0.2427924355791882,0.554298767090102,0,-1.4735525068271366e-06
584,0.23203990188531476,0.41186073465622886,0,-5.473664469412349e-06
585,0.16179120165356528,0.35596663983252463,0,-4.756462618252158e-06
586,0.034600877983139794,0.30757808663916647,0,-2.173061652086391e-06
587,0.32243935874553914,0.5818886934554859,0,-2.47406754118064e-06
588,0.054758781241050644,0.48275392247230714,0,-4.611718671415995e-07
589,0.11385209818183889,0.28903167802111707,0,-5.743279169021867e-06
590,0.26350681175701196,0.37717792430645836,0,-1.0298416114869413e-05
591,0.21896055202859005,0.09542221365043731,2,0.003105920770514688
592,0.27223282002856336,0.12017707392832433,5,0.005507167729844363
593,0.3228413030125743,0.11212921319630272,7,0.008599375196370494
594,0.045647061636887636,0.20488723630921526,0,-6.720715909977599e-06
595,0.15931778596637564,0.06368044594014712,1,0.0012762807564370916
596,0.22611189408519908,0.03039755709026801,16,0.017948363169801414
597,0.21780002537684953,0.4725411982808206,0,-2.599478161062774e-06
598,0.2789555756263203,0.30338678575197037,0,-1.4088370597556652e-05
599,0.31697285878782405,0.06540608479009664,11,0.013018630872983408
600,0.1092273694458487,0.33402719012064946,0,-3.5112681789661246e-06
601,0.05588726161455152,0.11252473680614905,0,-1.5459317262295017e-05
602,0.19262662168781375,0.3269908674504544,0,-8.517090482021569e-06
603,0.1927107384024677,0.13865596420870782,0,0.00021144555526448917
604,0.3241046508582187,0.06834988722471089,11,0.012336028564633407
605,0.14686014139637685,0.03800353633726237,2,0.002178542893539957
606,0.21753334069870828,0.36668959815261787,0,-7.389190280518672e-06
607,0.06878194165003576,0.4551660435855884,0,-6.990298574145697e-07
608,0.34293448292438716,0.1790142789778298,4,0.00446572649782911
609,0.23650767847774357,0.4479352653846336,0,-4.001389038400263e-06
610,0.16885682821923867,0.577055655383885,0,-5.61220282780725e-07
611,0.01970617805219925,0.4967327500945354,0,-2.825516884855696e-07
612,0.18694071748796331,0.21582388083902995,0,-1.4666628770365692e-05
613,0.06745167481419959,0.12176926729408277,0,-1.556866256416946e-05
614,0.15489958806117107,0.04787685207575045,1,0.002002195277482867
615,0.245026928349405,0.09584216095445994,5,0.005935665784476092
616,0.1846106101299775,0.11039291161423648,0,0.0005175597353803896
617,0.01155142299715413,0.4070405799493962,0,-6.386182558068776e-07
618,0.29204550753011854,0.5424340476470609,0,-2.710317809248648e-06
619,0.031061174091526526,0.5626370704330645,0,-1.637357562047503e-07
620,0.08333094186239758,0.4507525720370449,0,-8.448143483008083e-07
621,0.29288476956125303,0.14209182886563873,4,0.004782518493114315
622,0.26342554410976227,0.45445899303184517,0,-4.895875092844623e-06
623,0.30607698343720385,0.0165599628138688,19,0.024578689151397395
624,0.09502708211476876,0.5667414274181212,0,-2.97699707149584e-07
625,0.24349949993955794,0.10386365708870661,4,0.004634433430666478
626,0.06414728170217869,0.5694294705324945,0,-2.1289642902086713e-07
627,0.10934339328576881,0.3041751096053618,0,-4.729982390037868e-06
628,0.046598830277008424,0.311223528098238,0,-2.3618346354430465e-06
629,0.1402879128496396,0.27636428547053005,0,-8.388531000578004e-06
630,0.11736865721839693,0.18483328957657155,0,-1.472756122971257e-05
631,0.2928476962196503,0.04726257173947823,15,0.01673536199049473
632,0.32680346957878437,0.2932060695356835,0,6.395630866450828e-05
633,0.041621217099048535,0.22598793043779386,0,-5.251221656926041e-06
634,0.09966184681153704,0.1876414823125756,0,-1.2829604482014989e-05
635,0.3123344923899087,0.16655199096471607,3,0.003872143883178179
636,0.05621101842582543,0.003726509139705758,0,0.0002135656045391168
637,0.2701844246414005,0.20533822510896588,0,0.0003124054882323766
638,0.29592315648035317,0.5261081486168863,0,-3.3149965291636455e-06
639,0.07502995338530383,0.5262652569270977,0,-3.654489513446408e-07
640,0.09415969965533463,0.5048176748677575,0,-5.481971503266727e-07
641,0.03496046387507294,0.26986652405260114,0,-3.1779893031704626e-06
642,0.21280195603127525,0.3568949141368531,0,-7.759191197964379e-06
643,0.31093949464964715,0.5267170100604177,0,-3.824878374772855e-06
644,0.08844612084557457,0.4690094097165952,0,-7.4073395351561e-07
645,0.12390606861790375,0.4695986427608546,0,-1.0492226813375679e-06
646,0.050839331531307326,0.2968974226084871,0,-2.8427832603906825e-06
647,0.20317083123705576,0.0023413221547642802,19,0.02437763716814273
648,0.28914228750518783,0.24629479877906735,0,0.00011077117403219767
649,0.23064650977547635,0.08793364235055068,4,0.00534631397501227
650,0.16358428067137556,0.22479491492655843,0,-1.5193074100054687e-05
651,0.1536065385063593,0.32062381357338693,0,-6.218279573106089e-06
652,0.09286167228606897,0.593604176727576,0,-2.2270373744512823e-07
653,0.1515433422585467,0.5569025691353241,0,-5.775429691741138e-07
654,0.30902157741272385,0.4610229655241023,0,-7.17193736664341e-06
655,0.09662676408883479,0.24365255863490448,0,-7.559989345176805e-06
656,0.24138617382991323,0.3281975037136713,0,-1.29215237312357e-05
657,0.18011148113837355,0.017324827299505085,11,0.012047787703544092
658,0.1207043432755787,0.09208781028250525,0,5.8104857893255267e-05
659,0.12233706832308038,0.2231554131568703,0,-1.1555830149669259e-05
660,0.168982614928804,0.5527521946969377,0,-7.164966563068019e-07
661,0.18546692760734287,0.5229730814448278,0,-1.137555967603967e-06
662,0.2786421422754146,0.4677468286484894,0,-4.988300885319669e-06
663,0.008697085778995216,0.10890345790542312,0,-1.1630992986520284e-05
664,0.2756774828621323,0.2052758511955867,0,0.00039074521039217136
665,0.15226278894567466,0.34046861728886035,0,-5.046998944914441e-06
666,0.2640800169248799,0.05420286501959426,14,0.015394104822480723
667,0.08356156160205891,0.12976237124790513,0,-1.575983036752178e-05
668,0.2637297813808198,0.5366902559905179,0,-2.1648991329461223e-06
669,0.04965699816727297,0.37735273490007476,0,-1.2573459073877236e-06
670,0.004452919683914602,0.11205740101914478,0,-1.0913883208802758e-05
671,0.2394889549451075,0.27278630309239715,0,-1.5321415557793808e-05
672,0.34166570462876406,0.28556445081639653,0,0.00019239227834115202
673,0.2047997685036858,0.16627844318044066,0,9.67487392554033e-05
674,0.1682679165501165,0.45455541406034733,0,-1.8986768295527773e-06
675,0.12490163161211881,0.31102229007974086,0,-5.154671940196938e-06
676,0.024269490077989633,0.15761407900888083,0,-8.622600019383266e-06
677,0.14658990721249135,0.5077528677254182,0,-8.985406338463499e-07
678,0.036985112928095226,0.08249017681084966,0,-1.5749836327092562e-05
679,0.06193670969768621,0.47918428455954,0,-5.134519209287588e-07
680,0.11397988746977562,0.3342668910840468,0,-3.672439242811345e-06
681,0.291665834410667,0.055061991466987315,14,0.015390988174581089
682,0.32874459091430114,0.28347797486278703,0,0.00011853923543602354
683,0.1108528743777909,0.06064299519093066,0,0.0001870700990323754
684,0.06368249033536495,0.06432209896752103,0,-7.881129600909631e-07
685,0.2102573238483875,0.00765028573085067,19,0.023542081682760233
686,0.008762369093097926,0.5471012950898827,0,-1.5306476669606735e-07
687,0.3383494817454075,0.05795677805144259,11,0.012999928183766689
688,0.21242125605581363,0.028658717734594386,14,0.016071969278525014
689,0.2789436193002075,0.5548026603185152,0,-2.102384685495286e-06
690,0.10239708682467089,7.095782733503863e-05,1,0.0017935410725052608
691,0.1923148283819665,0.5881343046201715,0,-6.349187522768819e-07
692,0.030144806201005358,0.07909652866469015,0,-1.5727058244794418e-05
693,0.0890767303758388,0.07512115029961228,0,1.932581785399325e-05
694,0.1736939513366904,0.3248042227992285,0,-7.257738497591453e-06
695,0.23653519874119383,0.31228668268410914,0,-1.399301280082873e-05
696,0.1207038453779943,0.24941637400679548,0,-8.994497022799481e-06
697,0.09731513834491798,0.014662646356102238,0,0.0008018134831470233
698,0.1587551188819285,0.5354412532210597,0,-7.692116293094034e-07
699,0.06444756605846044,0.005645633068980915,0,0.0002864148377504756
700,0.22109413765994615,0.09218252804895541,3,0.00367044975769614
701,0.1416583171900318,0.060888998042103834,0,0.0007128494580971252
702,0.22927108895427573,0.06105558746434087,9,0.010220755522580052
703,0.2919437756343874,0.17420297447248118,1,0.0020418570863319327
704,0.01545184466441074,0.33858117365494456,0,-1.3165950636004583e-06
705,0.22060828133413773,0.2670421894695972,0,-1.582048535805796e-05
706,0.06392975769624341,0.45734743836939873,0,-6.51594140403056e-07
707,0.007349384045320927,0.05514126559432939,0,-1.5741338706545498e-05
708,0.34494082226478284,0.43978354598187896,0,-1.2097093593175283e-05
709,0.00873438621079593,0.3928429129606646,0,-7.156123891807376e-07
710,0.3425422643828173,0.478698343052128,0,-8.341812065787036e-06
711,0.1560029103137194,0.18015842024416986,0,-1.36848700394566e-05
712,0.008120858161379979,0.5011436632325983,0,-2.4081343885214397e-07
713,0.22862744576413202,0.2601452345767301,0,-1.5108865930756084e-05
714,0.3189925426541322,0.2168727795430708,1,0.0011518834801360286
715,0.3320340751257944,0.009863874643124793,19,0.026859261710547686
716,0.05105540761623367,0.021301895107440492,0,6.415452232911854e-05
717,0.21270292206986052,0.575756644027264,0,-8.807097086983817e-07
718,0.1746432003937243,0.16838419467925284,0,6.045429758652039e-06
719,0.3163503615682493,0.5658605406178597,0,-2.732496952246879e-06
720,0.18410104000267147,0.2845353735515865,0,-1.1582327742757138e-05
721,0.06179540062251536,0.16220273285408596,0,-1.160506211002582e-05
722,0.024103840815459725,0.448948822868283,0,-4.7609705744753605e-07
723,0.1437070152315917,0.2810730898557051,0,-8.285890970554248e-06
724,0.2126889041407661,0.37712849044020363,0,-6.369436819061657e-06
725,0.15894621564975822,0.43269085618623165,0,-2.1525422149278185e-06
726,0.11104439883368061,0.28418593617103205,0,-5.859861580425111e-06
727,0.05659447038236107,0.1660684099505627,0,-1.073001522010636e-05
728,0.24671133890580493,0.21366837535017671,0,6.841743936963866e-05
729,0.26536972261931613,0.4294262847511173,0,-6.385279774599153e-06
730,0.09796897561447007,0.5853772220968274,0,-2.5445228442596157e-07
731,0.32885683467477034,0.08739987038287979,9,0.01024643876431099
732,0.28031963276836147,0.10690072870732643,7,0.007947539179671436
733,0.04524650980532984,0.07573366741820757,0,-1.474340286284656e-05
734,0.2326457695204333,0.4507134454461049,0,-3.7459114286775056e-06
735,0.007484054735647871,0.2994294549242427,0,-1.7983593841922242e-06
736,0.04199619524529415,0.2889943860132776,0,-2.816539927353045e-06
737,0.02759766696777893,0.1262639945800678,0,-1.1780394864254908e-05
738,0.23203260104855875,0.27884743705509923,0,-1.5824178939341866e-05
739,0.13489264117884917,0.23517299822291649,0,-1.1606492111203892e-05
740,0.3039631047790034,0.46436463288324564,0,-6.610525037775391e-06
741,0.007044442412503204,0.30617271214900815,0,-1.6737747977532684e-06
742,0.3394484937757507,0.5447050119642945,0,-4.243188415736494e-06
743,0.2885078570758849,0.09817232086219353,8,0.009553445272032422
744,0.01462724654853411,0.13181603472935657,0,-1.0017690307390569e-05
745,0.22371975339898215,0.18605464816232173,0,9.076697385401039e-05
746,0.29970158756168497,0.10993113532449736,7,0.008625492178438587
747,0.2223780337582302,0.3702436433756689,0,-7.480964526879167e-06
748,0.2640353541318012,0.4603726860041243,0,-4.6451969215546255e-06
749,0.31155453869126226,0.027317316857590868,19,0.02077029809025246
750,0.27658810366227116,0.14754053356448718,2,0.0030039031605429865
751,0.21661170395208784,0.46512947641700536,0,-2.766148381162587e-06
752,0.33188181120431093,0.15013705867505697,5,0.006052439330065913
753,0.19380098559917366,0.30945637940482507,0,-1.0130912859624733e-05
754,0.16057162296270308,0.11223499098020369,0,0.00016542649665597582
755,0.17413194457221037,0.5983717921456407,0,-4.78011776844868e-07
756,0.1122191651605116,0.20447359726426365,0,-1.2403884569563588e-05
757,0.021726857710613473,0.22336491370714887,0,-4.426402263739249e-06
758,0.31441091023951706,0.5193660735852013,0,-4.258891769795915e-06
759,0.1452400100079806,0.3823762113615721,0,-3.1030606015330786e-06
760,0.05742959784544301,0.3005580624924488,0,-2.9268834820568307e-06
761,0.0601634250184051,0.4345172932937022,0,-7.884720897825355e-07
762,0.09492349219307793,0.5207103270452359,0,-4.712285729436077e-07
763,0.24538367965909863,0.5597677589702186,0,-1.4316957858480513e-06
764,0.19792009060974627,0.27794809019333805,0,-1.3592830402175502e-05
765,0.049906226283918116,0.3317617921693322,0,-1.988212033838993e-06
766,0.2701813021628039,0.025145895891491653,19,0.022338592307167098
767,0.23148691009541586,0.4112600058634602,0,-5.476312413042353e-06
768,0.32380721417664193,0.17286114663965343,3,0.004040140056775783
769,0.18498111853485819,0.5233161546537464,0,-1.128178149180901e-06
770,0.052222494431750525,0.5159769007949796,0,-3.225365530523668e-07
771,0.051337836841471474,0.33532122436777106,0,-1.946345105937689e-06
772,0.2256473971972378,0.41273364365401366,0,-5.095447456728267e-06
773,0.24121656940643335,0.15613316159493631,0,0.0007414769316342429
774,0.22973282066675202,0.08255872365648528,5,0.0060725982994787025
775,0.34633383679224816,0.12549840334717868,6,0.00728669723777242
776,0.15812617584103725,0.38158377985148567,0,-3.555566961894729e-06
777,0.17805659987872688,0.2633218389743108,0,-1.308558634950256e-05
778,0.1549342726440788,0.26532203301951535,0,-1.0628437096311579e-05
779,0.189766439510156,0.1893536602113282,0,-6.657903414500661e-07
780,0.12187621845168621,0.18987310721981138,0,-1.468414029699217e-05
781,0.08297337952595121,0.19956121445028366,0,-1.0064354604796116e-05
782,0.31119421388689855,0.177700699747707,2,0.002929199219698702
783,0.3414267756192193,0.09576610874863664,8,0.009075319954918342
784,0.06373682233477192,0.584971224190111,0,-1.815066583396074e-07
785,0.05784483793270258,0.010504976282909051,0,0.0001662280845749889
786,0.24683618222198833,0.029323399646848936,18,0.020473612885633517
787,0.014547623529117626,0.5678346816893984,0,-1.3180483060904911e-07
788,0.14311822169070124,0.5531141130871233,0,-5.514498381205631e-07
789,0.0459567062706596,0.35789108368846057,0,-1.4720067179274924e-06
790,0.21170560481802855,0.04171190511191403,11,0.011946896456316575
791,0.33290324124838033,0.5660185391731664,0,-3.2164433193557606e-06
792,0.2433262366748217,0.2546577499712575,0,-9.456963145427776e-06
793,0.10507986001395622,0.04456551133005788,0,0.0003039531900738984
794,0.2712140742994295,0.5460470568206448,0,-2.12442212695787e-06
795,0.16524980095059194,0.20356644434976226,0,-1.5605602263752413e-05
796,0.2537522764387062,0.44956223413854834,0,-4.670721582616738e-06
797,0.15841413529602943,0.3784058239390813,0,-3.680429714245021e-06
798,0.08709524367808252,0.34540911180339956,0,-2.5141461519903975e-06
799,0.009584097992258272,0.14612189065532014,0,-8.367120856432775e-06
800,0.2215933689760554,0.33503437366625843,0,-1.0329372219446812e-05
801,0.29045714656235105,0.4299173211598775,0,-8.09549300836815e-06
802,0.22111936535712778,0.41249105364447974,0,-4.884397405094073e-06
803,0.28830531455134584,0.2708107447155788,0,2.1638634135203033e-05
804,0.057380523736724885,0.21390840135095449,0,-6.899495001944783e-06
805,0.021112729441200056,0.31495110014094996,0,-1.764396408091671e-06
806,0.16998847076762844,0.15243859255473532,0,2.527615037446073e-05
807,0.028261432418054826,0.011307058046965635,0,2.6069327900312738e-05
808,0.05160807394807291,0.07726083006551274,0,-1.3871184565584307e-05
809,0.2772459676031992,0.2468690047922535,0,5.63536551773843e-05
810,0.0272930309405284,0.09264115279269255,0,-1.4897626923594708e-05
811,0.14811566330838327,0.1973322682444172,0,-1.5746238914701097e-05
812,0.16942821724900928,0.23183551943606295,0,-1.5111040797962036e-05
813,0.05789697058401333,0.2546065729863981,0,-4.646224006694266e-06
814,0.31162637049214287,0.0917414365002499,9,0.01043064441724031
815,0.21719064920642583,0.475901985695367,0,-2.4984867640306776e-06
816,0.15718135071661896,0.20317629387881952,0,-1.578736734402518e-05
817,0.14729008413414424,0.5355188376804175,0,-6.85491855849306e-07
818,0.222493880343262,0.00727021157445109,19,0.025789308436012116
819,0.25772003712293323,0.30284351562978257,0,-1.5853625161098052e-05
820,0.0627846374857458,0.15765796630291254,0,-1.2151031826049304e-05
821,0.27097726940201367,0.4186185621546826,0,-7.4882662833859e-06
822,0.11789597183532156,0.5119103438117479,0,-6.472475272799136e-07
823,0.07335004674558938,0.5437631453149486,0,-3.0168251721245017e-07
824,0.24893090388338177,0.0950006535904808,6,0.006537118229563419
825,0.3391086179049194,0.5870851977928436,0,-2.7729541371721873e-06
826,0.2985878409172534,0.5268959372382119,0,-3.3773468521419275e-06
827,0.2812419323935815,0.38968968573133095,0,-1.0784781236555303e-05
828,0.024533419939179874,0.016608740683819966,0,9.624371596217264e-06
829,0.26663371502353556,0.4616164893821504,0,-4.707680776333375e-06
830,0.041029002292675976,0.36313203056480997,0,-1.3297923000005558e-06
831,0.014617790078237197,0.27483770932181917,0,-2.4689754010474533e-06
832,0.017622146375715225,0.39026250565047577,0,-8.024920215562997e-07
833,0.23803368398598068,0.43604543242826116,0,-4.5715623539572875e-06
834,0.1627026450032844,0.15027009088453785,0,1.5481126247004915e-05
835,0.02542917465725761,0.02565293402638875,0,-2.635562164692726e-07
836,0.035971651148703036,0.033393041038430125,0,2.672955775918693e-06
837,0.11963339089663594,0.48379547819033336,0,-8.723568807734699e-07
838,0.34911750435609284,0.025805339514014092,18,0.019818391449434272
839,0.08852035225533683,0.44474884021514743,0,-9.447951395977426e-07
840,0.1762666456613179,0.1884755959170744,0,-9.519520838536918e-06
841,0.023288972917324763,0.19357372627562824,0,-6.033958869044147e-06
842,0.03617415357724864,0.18952098845786866,0,-7.117821010517253e-06
843,0.09303885710332058,0.33135248268110884,0,-3.0694130077742144e-06
844,0.03257860425304702,0.5711729468064243,0,-1.5263569013613525e-07
845,0.040045028637054,0.13430705076763666,0,-1.2214461709352905e-05
846,0.28019081291826703,0.3143899677280428,0,-1.5476337705805623e-05
847,0.1337996752370673,0.16576871707691596,0,-1.5019962538870324e-05
848,0.03971576939809971,0.3103220657181045,0,-2.225018509449561e-06
849,0.1893327822957834,0.25925038724158755,0,-1.452025715470223e-05
850,0.08495691744409951,0.5557714293163857,0,-3.004298660581389e-07
851,0.06585828139990367,0.04685922597862584,0,3.049253366895553e-05
852,0.264149062962558,0.5994754690442775,0,-1.1608325424892806e-06
853,0.27621793757675833,0.3591265727644833,0,-1.3299960823910729e-05
854,0.01739938380240931,0.5538189770820451,0,-1.5601690817807708e-07
855,0.09709791321914134,0.23373114778765403,0,-8.350278106123183e-06
856,0.18940547493936707,0.12258916328363535,0,0.000375636305123746
857,0.01930673280592278,0.006696638166046842,0,1.7332564266228007e-05
858,0.23036948368150664,0.43591898914755367,0,-4.242728334147547e-06
859,0.14422410683350373,0.22674803015978812,0,-1.3359048316069865e-05
860,0.31211963110534313,0.5894408742990085,0,-2.0702494160884842e-06
861,0.0996528480232142,0.20902771352716723,0,-1.0733434724365096e-05
862,0.03776124727945732,0.2932315943634288,0,-2.5882322048015075e-06
863,0.2078968394127131,0.5251428700399094,0,-1.3923624441610546e-06
864,0.3239149887561363,0.21851286722125512,1,0.0012622944486509538
865,0.11092351082344432,0.24295063405152323,0,-8.720245257370793e-06
866,0.2788851009013398,0.18350200406362116,0,0.0010111828826062448
867,0.11148989796099795,0.5101000183594473,0,-6.182337055268886e-07
868,0.32214334391617727,0.05872589554760923,12,0.013687384186011625
869,0.2670944577225581,0.2829539935029228,0,-1.1572715586114061e-05
870,0.14433994464683522,0.41280570106704056,0,-2.269679143951003e-06
871,0.06265785566773906,0.01907666873476317,0,0.00013739759955741209
872,0.04879742184715228,0.4098400282631309,0,-9.008503432072417e-07
873,0.09559811566250691,0.5197819088517394,0,-4.788387456988074e-07
874,0.13067315040830654,0.15772002504508434,0,-1.4250613522637115e-05
875,0.013257349015841512,0.28596817103328054,0,-2.1793714364443086e-06
876,0.2303378963089928,0.230276015551344,0,-1.4380004135311197e-06
877,0.28863119743825333,0.5659409997516136,0,-2.0716668052916565e-06
878,0.3383443022516136,0.26842118476808546,0,0.0003450004032181619
879,0.03971095832831087,0.037398137340286276,0,2.3618303404548943e-06
880,0.014642938893808348,0.4421068196097328,0,-4.6383758180107947e-07
881,0.24030007316100663,0.2719597262066918,0,-1.5147747533064479e-05
882,0.3002348273034086,0.21881893584237766,0,0.0005786064178839253
883,0.1657386095913123,0.41514476662258376,0,-2.74446977171544e-06
884,0.248489171207579,0.19490630284665664,0,0.00019516215178705143
885,0.27805043369382115,0.39886704319936894,0,-9.646639958761631e-06
886,0.11425391729088093,0.06423693820555094,0,0.0001849886211386413
887,0.034247168067123454,0.3376723845239883,0,-1.6029251711217562e-06
888,0.07220539443465343,0.49926217117029026,0,-4.654198404481652e-07
889,0.26134256375196097,0.12257746954138823,3,0.0041836658592190705
890,0.14220792287447348,0.5433820199246998,0,-6.02311567331875e-07
891,0.14864976630346255,0.07055869895046644,0,0.0006328674419533724
892,0.05728368285229856,0.0954979126401457,0,-1.553067456282449e-05
893,0.06968651621202411,0.47462734246880395,0,-5.806354775098591e-07
894,0.18484321373395365,0.15098978147348893,0,7.599561791953868e-05
895,0.28711689910846416,0.08496511054849362,10,0.011170784343692175
896,0.12858139091044563,0.11054623618218133,0,2.7245144543335506e-05
897,0.27763740262837755,0.4857503120954322,0,-4.131351628252829e-06
898,0.20230244874444275,0.5076688207477625,0,-1.5680792843090983e-06
899,0.011920805750384622,0.06105918893057285,0,-1.572325253463818e-05
900,0.2689882454397303,0.1666861293376112,1,0.0013204306950874516
901,0.08588695516863311,0.07719122790370474,0,1.0410839077205486e-05
902,0.20529891793406382,0.3810043526199113,0,-5.703621098978637e-06
903,0.12636224476298297,0.2545210219097026,0,-9.040356045765763e-06
904,0.22797299921553535,0.35557440839651194,0,-9.069379144127358e-06
905,0.26315635922372005,0.16339211794096292,1,0.001224947900315895
906,0.07450702545977239,0.30454858819502634,0,-3.3342521787369055e-06
907,0.31868531501916536,0.019347910188786854,19,0.023173201453679015
908,0.050730074506691876,0.39535153026753683,0,-1.0615784903965834e-06
909,0.3356649575246075,0.09063852642305001,8,0.009696435100947342
910,0.07209282999427102,0.34853162194551035,0,-2.0981979919949208e-06
911,0.13758290582055077,0.0979258831328724,0,0.00010815684275675445
912,0.1299208236514151,0.31484251042805245,0,-5.2156730907371375e-06
913,0.021658253160055884,0.4565602393641802,0,-4.3055712264279483e-07
914,0.053943900151147285,0.177461610034552,0,-9.448954957906497e-06
915,0.23804973426601367,0.220348258731317,0,2.373073649704388e-05
916,0.2005641487044029,0.05150078839668319,6,0.007351766032998805
917,0.013552737282942484,0.31804344942650636,0,-1.5863059435043912e-06
918,0.20437612117349502,0.35037585471593025,0,-7.619710760311004e-06
919,0.2000078276585679,0.027134418329757003,12,0.01382632143972083
920,0.22498236136134492,0.15523699762616266,0,0.0004083864740700865
921,0.09709373754655855,0.22231326254957698,0,-9.295660294486808e-06
922,0.3470604378029439,0.3994944677043185,0,-1.5734837660050497e-05
923,0.2675597886680125,0.2214247382040832,0,0.00013397380938143865
924,0.0021507104578510792,0.21686440049772363,0,-3.887653193840558e-06
925,0.20877052621386152,0.0031107187342629627,19,0.02524941087387433
926,0.3461615727696307,0.12698037224260014,6,0.00722448364151359
927,0.14449929644890522,0.39665452578829785,0,-2.6711871364268778e-06
928,0.11567428819008732,0.04583490540532655,0,0.0004572222308180709
929,0.01061430570180667,0.5300120261211454,0,-1.8498067350714643e-07
930,0.05193796810489662,0.4297079827340637,0,-7.620695616177278e-07
931,0.24519354009868555,0.4021679481557338,0,-6.845431336957295e-06
932,0.20307136940807383,0.009788013290879171,19,0.021062950296977866
933,0.2184933043922887,0.20724922579352442,0,1.2455645165413249e-05
934,0.046417699284281536,0.09422724948065432,0,-1.574370105040404e-05
935,0.10149542451631571,0.5434988838860471,0,-4.0065295727833186e-07
936,0.31577007278464797,0.4029928897610913,0,-1.2864830734449658e-05
937,0.3293419201652843,0.2017744514992393,2,0.0023358705445888977
938,0.2166689558921445,0.4017566039628484,0,-5.19816762669243e-06
939,0.17463538367288298,0.10283836425337618,0,0.00047239054228347214
940,0.09374513505937657,0.13722527989719047,0,-1.574259426617185e-05
941,0.2320864958328223,0.3518125708191122,0,-9.754321116022136e-06
942,0.11556861732640701,0.12005630210536439,0,-4.361587364225323e-06
943,0.09150668953479398,0.29543728612830517,0,-4.322813126980017e-06
944,0.0005042310161056607,0.07035413956608456,0,-1.4538456443553117e-05
945,0.13612057689844242,0.2183300696662888,0,-1.3390715138410237e-05
946,0.05502928843570792,0.5731785741219491,0,-1.872128040315751e-07
947,0.1354791592862213,0.34010591080185354,0,-4.289958925201545e-06
948,0.18740019805182836,0.5672025957637234,0,-7.452558990699061e-07
949,0.06089849946086106,0.520220081717876,0,-3.371204486099248e-07
950,0.23546971053186225,0.3745409292001466,0,-8.136875449713773e-06
951,0.15101816899511697,0.07565608472598319,0,0.0005628188137568378
952,0.05853156881911374,0.5378089594710108,0,-2.761419879241296e-07
953,0.08534566401117115,0.23925248082611555,0,-7.074628222475029e-06
954,0.19397833958567692,0.0735885715071289,2,0.0030012733034046734
955,0.27692450106368804,0.3966719543201081,0,-9.742085425017655e-06
956,0.2779432787473828,0.45151872493431006,0,-5.814273946291325e-06
957,0.21471985993722706,0.44954961368925817,0,-3.1710061482602954e-06
958,0.15325492642045044,0.25308451715065233,0,-1.1647541871233855e-05
959,0.14316300714522837,0.3797692261514182,0,-3.119620517352283e-06
960,0.12390704607459285,0.003491739159134455,3,0.0035344402573410146
961,0.11473260553954445,0.5442843549686086,0,-4.5369416860003397e-07
962,0.19098316195443338,0.460054832544041,0,-2.254078205464105e-06
963,0.005715183411238955,0.1613947904242969,0,-6.960791146444838e-06
964,0.13502196602542677,0.2859556565174297,0,-7.275469766410277e-06
965,0.23596058661456268,0.08022962795682609,6,0.007334986551938126
966,0.32924968850674136,0.28123833348467464,0,0.00013529002423944865
967,0.21985451554594868,0.35503723825762895,0,-8.446334044293483e-06
968,0.3136248268695394,0.5924193399596303,0,-2.039932199770696e-06
969,0.07234583087584653,0.5010099399801107,0,-4.5799822906746467e-07
970,0.055551706760043514,0.472414976442278,0,-5.154688636446805e-07
971,0.29195994349425414,0.05118217805485357,14,0.0160453260778508
972,0.09071956785716564,0.41988116497145284,0,-1.2383907482636635e-06
973,0.21836749948233428,0.2791935532228959,0,-1.5223908673685591e-05
974,0.307948409324395,0.46693958731943747,0,-6.701292634147251e-06
975,0.04211115557144065,0.5922871852035206,0,-1.3592907049343723e-07
976,0.2051811565895376,0.3852143972727812,0,-5.46551843782509e-06
977,0.10437796889047105,0.541963520478089,0,-4.187329549401386e-07
978,0.19929268824434085,0.5733448305876451,0,-7.891930294916963e-07
979,0.08379868854340332,0.22094852661844747,0,-8.311044802001477e-06
980,0.008868418273407763,0.3009642985669011,0,-1.7956307436574317e-06
981,0.05043187822611976,0.05708348221510304,0,-5.721215819045183e-06
982,0.1351368352058425,0.30804698829343263,0,-5.87079533608398e-06
983,0.010087758818452496,0.5808692040043997,0,-1.106561302906309e-07
984,0.24139302121375253,0.20317401154850145,0,9.187421701304803e-05
985,0.14817402354016282,0.12435793336145506,0,4.164421623951011e-05
986,0.006023900598585385,0.26639104208885156,0,-2.465570045189087e-06
987,0.07405965101984191,0.17513863813513633,0,-1.1537585713096417e-05
988,0.12167150566185207,0.4528154893538095,0,-1.2135411452244872e-06
989,0.27333833729009566,0.05299045346705726,14,0.015871753683223286
990,0.18132851395633262,0.5955103628060646,0,-5.285223125740937e-07
991,0.11127144103371199,0.441887472972549,0,-1.2201537333875944e-06
992,0.32605765756972366,0.13259152924780118,6,0.0071664864533747515
993,0.0801438552606788,0.2197015159192837,0,-8.123108672595318e-06
994,0.23846292714255407,0.13303668615753902,1,0.0015862131549873426
995,0.2941360088200322,0.06986025985777586,12,0.013157077868994454
996,0.13134179570271173,0.05033791765525381,0,0.0007271146993025159
997,0.20785937789261302,0.2064858693058033,0,7.959347983608744e-08
998,0.2108790546596314,0.4692111449942228,0,-2.508291457977085e-06
999,0.19944782205801245,0.03522595868894172,10,0.01119695939880234
1000,0.2808792849080285,0.4224352077582051,0,-7.937005508669886e-06
1001,0.29617626709889755,0.5714244973045071,0,-2.1143861001829494e-06
1002,0.13664067331961824,0.22548492665084507,0,-1.2738528943954304e-05
1003,0.1106322773775095,0.598464733831251,0,-2.5333220394193585e-07
1004,0.16058717347798923,0.387670761938272,0,-3.429246377246244e-06
1005,0.06229456243362005,0.2690355148673684,0,-4.205514208888147e-06
1006,0.10743790621944414,0.590068777034752,0,-2.66869194409842e-07
1007,0.11381316101366601,0.027895326809185272,0,0.0009068859210626262
1008,0.026678723987208445,0.21876371053691754,0,-4.866021565290415e-06
1009,0.2690239175408478,0.5385727126978906,0,-2.2396683312710043e-06
1010,0.07165831349152406,0.09703126662285297,0,-1.3828369814474705e-05
1011,0.2451804726327434,0.5916506075538872,0,-1.038870335086243e-06
1012,0.26159904523886146,0.5277610011510445,0,-2.317110742766873e-06
1013,0.26798609201936,0.16976007303982035,1,0.0011470195165100758
1014,0.34400691631641767,0.3210567679609201,0,3.099427476945778e-05
1015,0.03164196301637537,0.49605026786369094,0,-3.205097290212047e-07
1016,0.15951836811524603,0.3699954936368664,0,-4.0458547786687805e-06
1017,0.24446840506696899,0.4735490164324657,0,-3.355853558621609e-06
1018,0.13449610666042838,0.28700076520258244,0,-7.165722535967018e-06
1019,0.3368756439791375,0.11884081958422658,7,0.0078898464952264
1020,0.3032514540200437,0.588272252517088,0,-1.9174120685496043e-06
1021,0.2890863425526651,0.34325128483925427,0,-1.562827864322885e-05
1022,0.3394741831938057,0.597923586442932,0,-2.4977642713640485e-06
1023,0.006839149903017405,0.06354841890492972,0,-1.5456060929098768e-05
1024,0.13889229550124468,0.3452804248955367,0,-4.215281034635615e-06
1025,0.28367709268057484,0.31612635518748167,0,-1.5321233685538078e-05
1026,0.04085470096277425,0.20807578523633138,0,-6.216762218013881e-06
1027,0.08187443207464215,0.3488118926566028,0,-2.3068261797312896e-06
1028,0.13134137324777279,0.2637948030839684,0,-8.682339854540087e-06
1029,0.24928564070643924,0.009769522604957892,19,0.027163161970770764
1030,0.017990011990967184,0.3033861475973909,0,-1.9198014468066902e-06
1031,0.07625817832354284,0.11681911125261384,0,-1.5654835287833966e-05
1032,0.3050276668253284,0.3494714869921462,0,-1.589661125662463e-05
1033,0.15502518806839816,0.2706511828297367,0,-1.0140957430065633e-05
1034,0.17912729728745294,0.5245364387926429,0,-1.0512535780849336e-06
1035,0.2743013221457987,0.5720504058723077,0,-1.689581045728029e-06
1036,0.00918613328926242,0.19825630976789324,0,-5.014418090868284e-06
1037,0.27487231153072716,0.06973648944882169,11,0.013021550899411736
1038,0.06584763565116158,0.458428731508962,0,-6.570521777997109e-07
1039,0.08026543746354425,0.42561040270884254,0,-1.0535304246512125e-06
1040,0.14310002859267126,0.44916193836680374,0,-1.5588530713921722e-06
1041,0.18659462048697684,0.13785694130742418,0,0.00016519519932928206
1042,0.2560587410194105,0.45991459728820716,0,-4.312110190819127e-06
1043,0.3295279042366654,0.16209676026077596,4,0.005135212621287754
1044,0.30165299664957074,0.36576413164404964,0,-1.499429779760112e-05
1045,0.02106345393428344,0.11702072042630718,0,-1.2048677218867665e-05
1046,0.2105511982070173,0.35153656107552317,0,-7.994073090545626e-06
1047,0.06511136220463568,0.28103625732462106,0,-3.838221805034444e-06
1048,0.06046992788980637,0.41248076753318824,0,-9.858521081816757e-07
1049,0.1202672705990703,0.4289349100325509,0,-1.5193244737639337e-06
1050,0.33686941022715877,0.5227561127766913,0,-5.141330158450655e-06
1051,0.2608656117066391,0.28008318568949025,0,-1.2685923599146166e-05
1052,0.12979582478312474,0.5235698035393306,0,-6.486916112530842e-07
1053,0.24041577002399542,0.12511340989557898,2,0.0022169051834469303
1054,0.14968642059073964,0.5052101479017771,0,-9.506120475354868e-07
1055,0.2517872231856811,0.224139077556472,0,4.891256389995847e-05
1056,0.0704515780805062,0.13629543014196938,0,-1.4857446504279068e-05
1057,0.13258272575081428,0.5128667319428686,0,-7.423364201541952e-07
1058,0.12115731453685984,0.39036008937145233,0,-2.2538877324294327e-06
1059,0.24585944210112556,0.047872348614816415,14,0.01554865935784441
1060,0.20096894040476862,0.11865385619388547,0,0.0007073002277866475
1061,0.11246676010362602,0.19818977831372533,0,-1.3050450160347726e-05
1062,0.29429176197199286,0.5220574582905771,0,-3.3960211745207827e-06
1063,0.1948768562274219,0.5361265525346611,0,-1.095583585653262e-06
1064,0.20607609279226968,0.4403966808443335,0,-3.1877229531487603e-06
1065,0.2223225824319167,0.17372729647197932,0,0.00015867568616333087
1066,0.18998897099993658,0.4347040909083488,0,-2.8746895308106225e-06
1067,0.2012793555411814,0.5550714854637397,0,-9.663563917802006e-07
1068,0.022525829094580795,0.4430296025703262,0,-4.972286932166182e-07
1069,0.32989395508954483,0.17881061087956215,3,0.003914229741372841
1070,0.16880833141458712,0.427910928946191,0,-2.4910972548737998e-06
1071,0.20184756519228303,0.007752931155164333,19,0.0216388024619803
1072,0.31388876535277305,0.4239854747680079,0,-1.0619862277431553e-05
1073,0.20392530975758105,0.35596873596391027,0,-7.187911537686611e-06
1074,0.059353864767731496,0.389997829037449,0,-1.220677744389534e-06
1075,0.2852518523017049,0.24372666313246005,0,0.00010403088288144652
1076,0.01121044638751824,0.4073707248574467,0,-6.343490815859342e-07
1077,0.17628018015367694,0.29542766992175234,0,-9.817466721588255e-06
1078,0.24927560720166408,0.34077951123831063,0,-1.2453284468204053e-05
1079,0.30967348970436365,0.10338372794543202,8,0.009404009429476405
1080,0.34744488986220434,0.3928703568833827,0,-1.5932578604431565e-05
1081,0.05000999588682077,0.5928945484810492,0,-1.4619724039001602e-07
1082,0.09141699158790627,0.3632953753215342,0,-2.195425411186058e-06
1083,0.31835542351975044,0.5285428459800529,0,-4.042712639056407e-06
1084,0.3447948733944825,0.2776074895957797,0,0.00030556883906671545
1085,0.1471365182971399,0.5724883646404738,0,-4.729278892897537e-07
1086,0.1729724251957347,0.5146394126734604,0,-1.0914456390054275e-06
1087,0.14157550860422927,0.10571035263662444,0,8.782569473836697e-05
1088,0.048657187437738614,0.13405725784997596,0,-1.3090305213614002e-05
1089,0.10505766626110426,0.1238216908369079,0,-1.2024924054894616e-05
1090,0.0326316170141777,0.06515554415873266,0,-1.5010830849567384e-05
1091,0.31034287678421973,0.17229064784096806,3,0.0032851279636564976
1092,0.002723497650247003,0.16787978407388204,0,-6.346437602564435e-06
1093,0.24626395285724118,0.5728120361139782,0,-1.267767741271645e-06
1094,0.07362629592789832,0.20101314055314612,0,-9.113062156180589e-06
1095,0.33179436417370417,0.34965360527238226,0,-1.2618913733533581e-05
1096,0.30686874458246327,0.3797347027614307,0,-1.4251462041177772e-05
1097,0.3298152479238215,0.2205046315976728,1,0.0013997014108129808
1098,0.14647454911498906,0.018077447864059824,4,0.004523142797909871
1099,0.2268908311284808,0.03670290490014378,14,0.016156266001382185
1100,0.11193863606769965,0.21453802183043832,0,-1.1383438382897838e-05
1101,0.06288436641036939,0.3003326241118803,0,-3.097333302478146e-06
1102,0.04455306738080389,0.1799800306686447,0,-8.452457364834287e-06
1103,0.03016012791805445,0.20867934970078625,0,-5.563959018040903e-06
1104,0.2562555038181608,0.23628631805238148,0,2.8041817188770077e-05
1105,0.34306861049706855,0.07832103751249109,9,0.010360573375270464
1106,0.06969407272464176,0.5436975360460556,0,-2.910566176698459e-07
1107,0.15848224821771503,0.18238857430028668,0,-1.363145668094909e-05
1108,0.024124973128554193,0.17907301927763516,0,-7.009060778575095e-06
1109,0.03753571794568703,0.46266270833579204,0,-4.746854854893512e-07
1110,0.27672728901764787,0.16943501374967315,1,0.0015337013072839445
1111,0.2207927237900291,0.3925834063257518,0,-5.92544447361597e-06
1112,0.17575034299036182,0.08630197202705493,0,0.0009752349091299989
1113,0.22766721590878486,0.30990675007200996,0,-1.3373996242210176e-05
1114,0.20779483861537593,0.1928247540661391,0,1.914151004989043e-05
1115,0.1934198623673601,0.20704137261708724,0,-1.0271015073535194e-05
1116,0.19425843965660813,0.3472343856590621,0,-7.1247478786450715e-06
1117,0.14561737581352535,0.5661540431292886,0,-4.962669172030302e-07
1118,0.13857112430360669,0.03233882203524776,1,0.001995227992359927
1119,0.009095390835522625,0.001492754619837866,0,9.197708964783765e-06
1120,0.07505232669676057,0.43029222394164696,0,-9.543520654062116e-07
1121,0.3322080496131746,0.030376777718620795,17,0.019069233720302677
1122,0.14252185062442005,0.32320128656023583,0,-5.437580819459348e-06
1123,0.3235438348077911,0.029168530135605053,18,0.01977020992233367
1124,0.09133263412536123,0.3571636263049353,0,-2.3321515691132346e-06
1125,0.24182472141171585,0.027697265792558556,18,0.0205894986994092
1126,0.17641134427057134,0.49937941224730087,0,-1.3157164542089219e-06
1127,0.25465528845851854,0.08084909491426047,8,0.009623040390954025
1128,0.2875864937911277,0.44469776231002495,0,-6.828898466512667e-06
1129,0.19609094798222315,0.5347761668309045,0,-1.1240103110205969e-06
1130,0.14230748432940585,0.17025270195928746,0,-1.4433180009373066e-05
1131,0.2052029487458509,0.19761460132418848,0,7.353787999773835e-06
1132,0.17747762351701596,0.3828927857821275,0,-4.253164387294776e-06
1133,0.22784195084457118,0.012391064082443325,19,0.02442343007539732
1134,0.15919951471587304,0.3764928504614004,0,-3.7805907277769666e-06
1135,0.29902572471092737,0.15036285060787544,4,0.0044191943694662445
1136,0.10433026165917275,0.17847265553244332,0,-1.4154240895719786e-05
1137,0.09506962445269997,0.22693248341657224,0,-8.73589408473096e-06
1138,0.15850471727266646,0.23652777367185981,0,-1.3789197942174814e-05
1139,0.11663027501297758,0.4249577023808862,0,-1.5245851486276043e-06
1140,0.16940205549048318,0.2015936681450931,0,-1.5092189978301257e-05
1141,0.1065742139563026,0.2550481720352608,0,-7.454013889939948e-06
1142,0.03640118964177255,0.5456812795214188,0,-2.0461889920702056e-07
1143,0.18744374186904136,0.20370729144748168,0,-1.1355158044009117e-05
1144,0.17854813360749916,0.44590230931975006,0,-2.2936220615936556e-06
1145,0.13227375400266053,0.5021549362591918,0,-8.237146648066289e-07
1146,0.3002367666798827,0.12661276315340644,6,0.006906094883099774
1147,0.14557166769608373,0.408310374635549,0,-2.4032506742964373e-06
1148,0.08754382329859738,0.2939014583613714,0,-4.220066009618689e-06
1149,0.12460772352689553,0.43242213296990784,0,-1.532235671573614e-06
1150,0.22434512021486314,0.39890107152350707,0,-5.766048938956089e-06
1151,0.20567925352515715,0.3054280625782388,0,-1.1645289237114598e-05
1152,0.0110085090229258,0.5833064825438041,0,-1.0898965294729796e-07
1153,0.33977571872650225,0.4806758939556654,0,-7.973721493631214e-06
1154,0.024549014276059475,0.4709447295358097,0,-3.8379685346651335e-07
1155,0.15070917270721315,0.19812752404060066,0,-1.577521124305544e-05
1156,0.13805728213251062,0.32818113331120685,0,-4.953385600485835e-06
1157,0.05370456427477293,0.11168764886651765,0,-1.538717816552073e-05
1158,0.07417209463971064,0.24434763588761166,0,-6.036533341155634e-06
1159,0.23791846756782875,0.46508144125927164,0,-3.4211061108515443e-06
1160,0.1872048122127264,0.4984856472789499,0,-1.4784827861548966e-06
1161,0.21899666431507567,0.1231651471681236,1,0.0011639716777830005
1162,0.21129896129482478,0.18814285186146057,0,3.7639634802610275e-05
1163,0.1183559270974992,0.05506530589427254,0,0.0003417291609637024
1164,0.007641984941212958,0.5694149826250522,0,-1.2109017931191543e-07
1165,0.2442818398304314,0.29053174785473523,0,-1.583771268882929e-05
1166,0.33494108273443085,0.5156582537396396,0,-5.410833775077314e-06
1167,0.19579494078784881,0.4222486179493142,0,-3.448483758178807e-06
1168,0.09776119087511688,0.3289507909636204,0,-3.2951955305830123e-06
1169,0.1890174247999637,0.5988939446320983,0,-5.516993943246249e-07
1170,0.015135345295910672,0.04742996704376843,0,-1.4977209740740691e-05
1171,0.08061475001467164,0.21200752936556785,0,-8.776484185889159e-06
1172,0.07926774158140788,0.5893029588589065,0,-2.0297670939798913e-07
1173,0.0804406520794621,0.30499129993201074,0,-3.5215178488820176e-06
1174,0.2796215928193681,0.34096232859109277,0,-1.5196328841294984e-05
1175,0.26513173881634294,0.18686931470620383,0,0.0005452580339288542
1176,0.27956963729733153,0.5299854392176608,0,-2.710404165813866e-06
1177,0.13994891857460048,0.45935341674990104,0,-1.364273286091917e-06
1178,0.30436954656232906,0.4914127510006124,0,-5.08756715640799e-06
1179,0.02201663753839143,0.04844536645315465,0,-1.4017504190232223e-05
1180,0.2974719624331969,0.035540937036451045,17,0.019075991129596036
1181,0.011293842500523787,0.10582589933757384,0,-1.2190902162171948e-05
1182,0.1794850781434113,0.013118716922942152,12,0.013341483707420042
1183,0.2322269706593559,0.09360510185440996,4,0.004725222544929627
1184,0.036983192226317574,0.2022816613202153,0,-6.335231705362945e-06
1185,0.2440427921946959,0.42694446043387424,0,-5.308262098302708e-06
1186,0.30496237532821646,0.39446035908154126,0,-1.2640598105805493e-05
1187,0.02339029813417465,0.0625933750570151,0,-1.5577513216214216e-05
1188,0.32057369255685986,0.2095017405140452,1,0.0015202322137029267
1189,0.07983605412122168,0.2161544528334999,0,-8.377406922512243e-06
1190,0.2321261719725882,0.35162498118637936,0,-9.77464218245066e-06
1191,0.07510543524580453,0.20127240301517627,0,-9.217051953439167e-06
1192,0.34813078546390236,0.3844238217844501,0,-1.5749592651285006e-05
1193,0.06555949344098082,0.2323515259057728,0,-6.240957253649044e-06
1194,0.22988745223908022,0.1993136393042148,0,6.0133796518728e-05
1195,0.006397550343707153,0.13397132973264994,0,-9.104318514559982e-06
1196,0.08265751674197304,0.023353225711209367,0,0.00029093260526518133
1197,0.21492222683959122,0.25042125594648307,0,-1.547604880259574e-05
1198,0.09002421057815456,0.5231843139291341,0,-4.37763558381478e-07
1199,0.0505579993705525,0.06671956756138953,0,-1.0942226017049985e-05
1200,0.2681249283828742,0.14723624730003274,2,0.0024340608921223994
1201,0.3250499837204228,0.4122356731560238,0,-1.2866368840290182e-05
1202,0.33300224171987847,0.5979043886785559,0,-2.3423454467250203e-06
1203,0.20514648238030903,0.5152685793292542,0,-1.4952042162859974e-06
1204,0.1474757494722589,0.009990949678755467,5,0.0062317249853811344
1205,0.002901647134471291,0.4672391819408987,0,-3.208342138751523e-07
1206,0.066733230317998,0.2707685480235254,0,-4.3198515095011895e-06
1207,0.1762172334005188,0.17973072628464182,0,-3.985065304980486e-06
1208,0.1397395032863034,0.5527606100008098,0,-5.350460007000873e-07
1209,0.34732083393660057,0.25918098439856907,0,0.0006686042898195319
1210,0.30856918338435524,0.16353363880971178,3,0.003885167035080688
1211,0.2889537443534469,0.4543178194496718,0,-6.300225782699342e-06
1212,0.2072426161993767,0.27675755130974494,0,-1.4553799140804777e-05
1213,0.2724158931056584,0.07724977218772563,10,0.01172045530902106
1214,0.23537454967805013,0.39126915788991073,0,-6.919318502302571e-06
1215,0.15099376229122935,0.11188232470259703,0,0.00010415485404344793
1216,0.34068396372023546,0.48306167117209636,0,-7.86153114846177e-06
1217,0.3264968847787008,0.2899054847349019,0,7.578463734718344e-05
1218,0.11036240060430691,0.4572351806167817,0,-1.0371230967637068e-06
1219,0.22369389574424023,0.4603473640182609,0,-3.1132623875127797e-06
1220,0.17894922014039444,0.4475981634306087,0,-2.2641325223175333e-06
1221,0.09880217281160279,0.11770986859038429,0,-1.2061431543068089e-05
1222,0.19182028293892234,0.3060231452441805,0,-1.0265027757568512e-05
1223,0.008823814707959276,0.3636281802805641,0,-9.592611187794152e-07
1224,0.31347973812104957,0.08277045795653257,10,0.011230760966752702
1225,0.12987340365757055,0.2953002974086891,0,-6.3186198056272225e-06
1226,0.2849075333453412,0.3885643456178332,0,-1.1244768007525808e-05
1227,0.2421077268698045,0.44397206705300113,0,-4.399681271521875e-06
1228,0.2698756812671674,0.31497115271371595,0,-1.586363667812911e-05
1229,0.25761472818617465,0.4334015157516704,0,-5.692095170736674e-06
1230,0.13273852349234308,0.49162909832744695,0,-9.1938906242865e-07
1231,0.20015800691514288,0.4875721174141897,0,-1.8763085662817628e-06
1232,0.2246503460784779,0.08511472692214046,4,0.005009055862508301
1233,0.2167812337627849,0.40127808704816087,0,-5.228586971360692e-06
1234,0.2005787432728921,0.27008209669279787,0,-1.455508241492485e-05
1235,0.09815194975605558,0.44197424662686374,0,-1.0694303613448724e-06
1236,0.07414821771988347,0.10208064826548065,0,-1.4345592101542686e-05
1237,0.2882513896719642,0.5800096343921534,0,-1.793235281013964e-06
1238,0.15314388910126087,0.3493852637752517,0,-4.6608011683019515e-06
1239,0.15438007375727925,0.2428487890561866,0,-1.2772905006682797e-05
1240,0.12201878222126987,0.11465591535271295,0,8.143304699329103e-06
1241,0.3446345402199501,0.5046400075111004,0,-6.628268481775918e-06
1242,0.26698567031026577,0.03147329719648717,18,0.020569602062520533
1243,0.3171186723965822,0.19635505946284043,1,0.002041660055373816
1244,0.24780672401449497,0.5335967746123466,0,-1.9051479559247833e-06
1245,0.3496739551110827,0.39755716042204386,0,-1.5892510808085364e-05
1246,0.2890600113066575,0.3895528216852952,0,-1.1552832693127401e-05
1247,0.15231700659228503,0.09555487430547664,0,0.00024801182930395577
1248,0.2133874077900517,0.35367976772268034,0,-8.046680284068693e-06
1249,0.14552122968501321,0.5352067284317225,0,-6.755980824070066e-07
1250,0.12298723017923827,0.12276281301548461,0,-2.74355328812358e-07
1251,0.2718051022996371,0.5410939537039671,0,-2.245346219421962e-06
1252,0.18713538218077105,0.2759358606095363,0,-1.2734395760997376e-05
1253,0.033037623800965366,0.2800584385604126,0,-2.816203805438274e-06
1254,0.20689036353161397,0.42467922595568375,0,-3.7584318325698814e-06
1255,0.21307332386691288,0.17784843800500344,0,8.014356561777151e-05
1256,0.23466050889027573,0.05230619796044844,12,0.013121094766566033
1257,0.028844833241212578,0.20006985226238294,0,-5.9781229362774005e-06
1258,0.16269324623329276,0.5425563208063229,0,-7.451136954108329e-07
1259,0.19126876392747708,0.5528582938849251,0,-8.940445211458702e-07
1260,0.19375246263408752,0.23663210090641695,0,-1.5788101027261452e-05
1261,0.12799864911230996,0.029245617183739858,1,0.0015072793525180846
1262,0.12161612382119769,0.0190071104765829,1,0.001772365108779798
1263,0.2527674739513446,0.4872641695279654,0,-3.178875783441502e-06
1264,0.21450930890266115,0.05012451268569966,9,0.01026638688500152
1265,0.13121095069359076,0.3577299099710624,0,-3.4503892757843828e-06
1266,0.3161388493376325,0.07258778185555281,11,0.012197960057138134
1267,0.18959936911100472,0.24442797161572924,0,-1.5565281592498845e-05
1268,0.05220205147778921,0.34958478795905185,0,-1.7023630750566565e-06
1269,0.311253887907021,0.25012067763294216,0,0.00025102324772149936
1270,0.03925442520162047,0.026840596888587996,0,1.6881255754769742e-05
1271,0.05972885736037309,0.543986485583892,0,-2.6272283301265093e-07
1272,0.21562086684944035,0.3639840017189806,0,-7.4462964524802664e-06
1273,0.04063630287487923,0.4580646013512547,0,-5.126545162815747e-07
1274,0.19887454663156492,0.010620189643711763,18,0.019687279835437665
1275,0.2510747881486657,0.049099986607866054,14,0.01571440518221957
1276,0.10286721177280798,0.2351317461749316,0,-8.701863981539432e-06
1277,0.009152672789587028,0.4302260909019568,0,-4.944742934339562e-07
1278,0.30795275661511906,0.542206738454052,0,-3.1822603513311707e-06
1279,0.042534008187091764,0.34322562806714735,0,-1.6471707089067775e-06
1280,0.11712806484530328,0.4115297021656957,0,-1.7522727183276517e-06
1281,0.21960474177954192,0.3199238475765355,0,-1.1586286411361496e-05
1282,0.24670306521606766,0.37515221431684664,0,-8.993849618338272e-06
1283,0.3416536939265386,0.4160815542399127,0,-1.410380588113446e-05
1284,0.24471519820289417,0.18512626312930539,0,0.0002571492459736223
1285,0.2828015911920351,0.1062798227040928,7,0.00820814315078439
1286,0.0767895647358137,0.4353840403633781,0,-9.228505589740251e-07
1287,0.2172415348513293,0.02740216215687552,16,0.01742701862545559
1288,0.23216494646408806,0.03297275337053213,16,0.01800701989450017
1289,0.06667066534233271,0.30974580249310146,0,-2.9280855436476818e-06
1290,0.19310435206154694,0.43404636709627015,0,-2.9847894608342835e-06
1291,0.27722427844652836,0.1713182881850376,1,0.001462210381795214
1292,0.05111623838110423,0.2071381801565289,0,-6.934077372319489e-06
1293,0.08145720155771877,0.14327545306268621,0,-1.5149472310146712e-05
1294,0.29648600022256766,0.14983856831047662,3,0.004285587009130722
1295,0.14367817112657896,0.10191972479893975,0,0.00012028801027251405
1296,0.08387897494108873,0.1476765672053697,0,-1.5010403336748297e-05
1297,0.14653950850239283,0.5233216275515331,0,-7.686238805126749e-07
1298,0.002079657099757687,0.5036714126252554,0,-2.2105147130717676e-07
1299,0.31186177412589955,0.1249398935717215,6,0.0075346562326259825
1300,0.19264234793334503,0.29615449700633106,0,-1.127999692113399e-05
1301,0.13483516697029693,0.18046887613934504,0,-1.5777494778719506e-05
1302,0.30323247725965685,0.2827615181781417,0,2.728520466522036e-05
1303,0.23663273074105043,0.10464593675719724,3,0.003816718255174383
1304,0.29884745754933506,0.5109534381854096,0,-3.968407456800334e-06
1305,0.2630207122137383,0.4578803298828555,0,-4.713853315485778e-06
1306,0.0775335946804726,0.49109415396189,0,-5.326312593882999e-07
1307,0.0906305504984188,0.5535622522201132,0,-3.2504584202778244e-07
1308,0.3210066872522141,0.08116266657183765,10,0.011119297507065246
1309,0.2452239317512303,0.05903690859419521,11,0.012910793829916346
1310,0.0871639754090811,0.13358544426783156,0,-1.5760331946941856e-05
1311,0.07063076617600698,0.5874260218292214,0,-1.8972949816320384e-07
1312,0.3187148659825258,0.37722392983157416,0,-1.539356086522456e-05
1313,0.08357094996430144,0.027993283928082913,0,0.0002446948986086493
1314,0.25144006533880664,0.5191486827731261,0,-2.2821160619998985e-06
1315,0.09462449606724917,0.17064704699200545,0,-1.3983214241987867e-05
1316,0.04888643261928868,0.5362207071272075,0,-2.547955546110203e-07
1317,0.2954355415382131,0.44241361026570486,0,-7.531378325031631e-06
1318,0.2690344415960755,0.1688940942024663,1,0.0012243014226686597
1319,0.24669374672550637,0.28167896284438193,0,-1.5482785316733892e-05
1320,0.013690863108056943,0.30938320695769983,0,-1.7321392086733482e-06
1321,0.28198028952132115,0.28979546706004244,0,-7.835862262883728e-06
1322,0.11767456313509463,0.5720036669837466,0,-3.5411502584936976e-07
1323,0.029442613213494825,0.17111166862977628,0,-7.966094106405328e-06
1324,0.3280989171133155,0.10070646967236653,8,0.009271669325486771
1325,0.22904441058183292,0.4480345299295094,0,-3.711971166447581e-06
1326,0.2216272821325116,0.41026282799958563,0,-5.018419468620084e-06
1327,0.16913087217932224,0.5677707242415473,0,-6.175052162942799e-07
1328,0.20521049243525766,0.27417220187840224,0,-1.4600786826311073e-05
1329,0.2883410229156961,0.5730204882758276,0,-1.924645481502517e-06
1330,0.10798792138770974,0.24169351659338717,0,-8.583640587377243e-06
1331,0.21943948734889024,0.46796008037452475,0,-2.765906264693499e-06
1332,0.09983152067080028,0.34479653717018693,0,-2.8720221115997616e-06
1333,0.3419076511560296,0.10197626275538298,7,0.00866235486609665
1334,0.20345999532051878,0.3076545449942534,0,-1.1211532202141786e-05
1335,0.33986420679240176,0.2467491100583309,0,0.0008081050368890203
1336,0.29617493805547623,0.32531123369266657,0,-1.4953266582818075e-05
1337,0.3013875331552182,0.010718583674213899,19,0.027071747111663987
1338,0.029949600132056657,0.020175670671266466,0,1.2437392610606152e-05
1339,0.25367398833374755,0.5006142124738828,0,-2.8077620783339786e-06
1340,0.28780542226998834,0.5234404421820029,0,-3.1403577118304528e-06
1341,0.32813816825749526,0.33838977384627467,0,-9.55645318928597e-06
1342,0.31646184916053743,0.2623031607645293,0,0.00018329764407481214
1343,0.14949063694839196,0.5650314269585343,0,-5.216561959369341e-07
1344,0.19497713005783363,0.47862334338361834,0,-1.948493137742489e-06
1345,0.16820828371109953,0.5161916055639485,0,-1.0247358858968386e-06
1346,0.3333870122158293,0.369466775606691,0,-1.570955542785459e-05
1347,0.33806797005280076,0.02450508800268847,19,0.020676516806677283
1348,0.0686002611980997,0.5366960226624541,0,-3.08773118854402e-07
1349,0.19809834625356754,0.014736839294117687,16,0.017826731366473055
1350,0.2462923310084218,0.5614777582933076,0,-1.420247609874851e-06
1351,0.07966704023797727,0.4912559728409728,0,-5.432215848860657e-07
1352,0.18809504076571426,0.5096174513221314,0,-1.3345894171197992e-06
1353,0.2006820120291624,0.49579869052266384,0,-1.7372829390503632e-06
1354,0.31749209097443565,0.5010387496585318,0,-5.26447717119335e-06
1355,0.18142148717926196,0.14777261504758346,0,7.531731327565918e-05
1356,0.32192016604937046,0.20155909542741568,1,0.0019836516908563894
1357,0.005638677501345557,0.11472057728663991,0,-1.0772945854988453e-05
1358,0.13533895389764652,0.4597718223277152,0,-1.2974824676494925e-06
1359,0.17327350924323193,0.0027562132414678865,14,0.015499462744370833
1360,0.1629056568481034,0.2711809956038624,0,-1.0827276068289946e-05
1361,0.031674589174353215,0.596032365131697,0,-1.1797044111201332e-07
1362,0.03333686927784905,0.08753024938541627,0,-1.557242522593224e-05
1363,0.13274287636138465,0.446603619048233,0,-1.442182402176523e-06
1364,0.171326661972205,0.13626742666047337,0,8.224079697293655e-05
1365,0.2299318286052502,0.10636354609378341,2,0.0030030328005752433
1366,0.20996250226010188,0.20458685998918916,0,4.456273140822386e-06
1367,0.11683797000647914,0.3110839167861277,0,-4.7569431235707655e-06
1368,0.2699355286656701,0.08685397914676718,9,0.010046310277566854
1369,0.025125017754403872,0.5552137348280869,0,-1.6619966989198468e-07
1370,0.16197563840871687,0.5451777933101273,0,-7.206561413871632e-07
1371,0.08121908500936058,0.1781474798455878,0,-1.1945099491789985e-05
1372,0.13285313144815042,0.08505366087978194,0,0.00016422772258900312
1373,0.29951384548945564,0.3721398505511421,0,-1.4273935073341059e-05
1374,0.27010212941462414,0.3475319899022245,0,-1.3830800580304078e-05
1375,0.16663746914766797,0.23432266850369657,0,-1.4707993632167619e-05
1376,0.006650454149738399,0.010489736673405846,0,-3.496201828458883e-06
1377,0.07607259616827404,0.0893330929677931,0,-9.687117964818532e-06
1378,0.08438216490307224,0.49340965474731874,0,-5.572807565434283e-07
1379,0.2904437081453315,0.14424454661023667,4,0.004377255823601032
1380,0.018160406316339403,0.4178899905179134,0,-6.120622541977046e-07
1381,0.21494380939605762,0.17377842893869552,0,0.00011021282162049399
1382,0.288286671066,0.36592732736277694,0,-1.3808137494804014e-05
1383,0.17104756498948442,0.2776950278912253,0,-1.0981425555667301e-05
1384,0.29978833558963264,0.0585866443036203,13,0.014615897279300216
1385,0.26985409430811247,0.36800765500772886,0,-1.1788073395022095e-05
1386,0.3377068236946125,0.43865430652859183,0,-1.1495094171325048e-05
1387,0.25506141735135923,0.0772208726017271,9,0.010328584650914642
1388,0.008304033199565108,0.12723736756594323,0,-9.860424557890087e-06
1389,0.2513385880523261,0.4641743784325127,0,-3.944380013741259e-06
1390,0.24098010796954275,0.11406029476710841,2,0.003217849634804646
1391,0.19474773348794974,0.3726725066926332,0,-5.581566654894249e-06
1392,0.19723982698485948,0.36737342780235266,0,-6.0257982438226634e-06
1393,0.009961068335586402,0.1321793113732708,0,-9.567616334757546e-06
1394,0.2455658314218826,0.5940475656621126,0,-1.018180051714305e-06
1395,0.03000696230308377,0.2941996914424572,0,-2.372514888654176e-06
1396,0.1579593178323234,0.5074344163900234,0,-1.009738719548602e-06
1397,0.2559148052599637,0.34374485991371023,0,-1.2817508235809767e-05
1398,0.16516243721376556,0.37211129547038574,0,-4.189838740772819e-06
1399,0.14737222114972484,0.23766631829561302,0,-1.2592967694795356e-05
1400,0.1934415182035648,0.5885814082349737,0,-6.392351284012759e-07
1401,0.17642916393231672,0.19311729292341176,0,-1.1476402567172006e-05
1402,0.21225141437416198,0.06758670807441955,5,0.006136142844725661
1403,0.003272152177425147,0.4473228261400132,0,-3.929909294020337e-07
1404,0.3161870664455673,0.4548947719394154,0,-8.14799571396011e-06
1405,0.2797982283085813,0.20908552391768215,0,0.00039323092298339804
1406,0.009993335533678442,0.012453989865655957,0,-2.3253654868315125e-06
1407,0.2723723843781875,0.1772074041066899,0,0.0010179816190839745
1408,0.06400628919112147,0.020231076139293844,0,0.0001387056628256138
1409,0.24112845344941958,0.12304491812349988,2,0.002425817844595557
1410,0.05908826025295478,0.09034273086546486,0,-1.4860152840068582e-05
1411,0.24131841177315594,0.20624470620384955,0,7.728283233499454e-05
1412,0.19309364219231054,0.38186780603804804,0,-5.014651504687784e-06
1413,0.2571013083692519,0.2289641612679066,0,5.016875003918867e-05
1414,0.10472787556287418,0.28285940450278696,0,-5.579524917873017e-06
1415,0.1032856182538993,0.17393803769306188,0,-1.4462459311701743e-05
1416,0.08053512649065354,0.37432956711053017,0,-1.7638779246221984e-06
1417,0.2173950262001817,0.3931152630685625,0,-5.701259803714528e-06
1418,0.17820596465041422,0.1815924819639825,0,-3.899324129749386e-06
1419,0.15521051218594467,0.4552400979950224,0,-1.6554025993833454e-06
1420,0.08513265340962241,0.21892689270747118,0,-8.579428672546303e-06
1421,0.11934480328367651,0.4853079823349632,0,-8.567909610812421e-07
1422,0.1249123865718487,0.2116920078669535,0,-1.2944548200796666e-05
1423,0.10015599236316167,0.24355901436477065,0,-7.827433030520389e-06
1424,0.025136012841790765,0.347713442007735,0,-1.3237405414142198e-06
1425,0.08825456341905283,0.18317883569176133,0,-1.2142504740076828e-05
1426,0.0040796010659675365,0.5106635397883065,0,-2.102829970286703e-07
1427,0.06233299017124338,0.008337110133491987,0,0.0002290258139138395
1428,0.15110532461513554,0.26500892160625017,0,-1.0300413516437454e-05
1429,0.29211134503107394,0.2808054857359926,0,1.0850630688462878e-05
1430,0.33654565901096817,0.190843467563028,3,0.003403732562808749
1431,0.21659776618573973,0.5058659974384818,0,-1.8412690969148625e-06
1432,0.3230829052426171,0.2377228030444113,0,0.0006395304979090732
1433,0.00035586633998293534,0.22994255459926963,0,-3.352373484557827e-06
1434,0.12033520805218736,0.08669439090881818,0,7.844515445355829e-05
1435,0.07591993354770955,0.5357608117303533,0,-3.353122562808406e-07
1436,0.051514052811305076,0.5395353930355561,0,-2.530432379890142e-07
1437,0.29936988890172744,0.2257649675266891,0,0.00042788048134173026
1438,0.3066867769201817,0.2264027826006686,0,0.0005474260733195844
1439,0.29916529870879927,0.011033150257554868,19,0.026971169723917558
1440,0.2611538168422418,0.09454060974985719,7,0.008012292702784725
1441,0.14979424283657833,0.02551715427902046,3,0.0038616716051323783
1442,0.18568742024391002,0.5826328423820636,0,-6.278824567408232e-07
1443,0.2785324464157352,0.4461108483472059,0,-6.166769498801676e-06
1444,0.023346899631487686,0.0571373040671991,0,-1.5152500861078484e-05
1445,0.030528503468602884,0.29473531804504716,0,-2.3721669063064785e-06
1446,0.037361676756256804,0.2836670201484776,0,-2.8362434447317154e-06
1447,0.04813464628878048,0.3826061098805104,0,-1.1750082043416025e-06
1448,0.24235283732083623,0.27900798076897626,0,-1.5595643283146825e-05
1449,0.19009303420617354,0.01412232675188314,14,0.015943109514569554
1450,0.3493223548340605,0.09292502088925851,8,0.008891777080043968
1451,0.3071811380225852,0.5317088059564034,0,-3.5061746603001618e-06
1452,0.3233241680607036,0.44970677899862416,0,-9.150898386402775e-06
1453,0.24702084071225017,0.2225972474834655,0,3.960516997018368e-05
1454,0.16286090495864652,0.5403644381066709,0,-7.628994925772867e-07
1455,0.09267639314923029,0.10909971354435677,0,-1.1125276788141075e-05
1456,0.13708234045756335,0.3280740624679373,0,-4.9110922265206905e-06
1457,0.05873795206615894,0.49311583115063595,0,-4.3263621386422905e-07
1458,0.23068244642882565,0.5666389485850576,0,-1.1543346577806414e-06
1459,0.24317980777486156,0.5473959559135089,0,-1.5849124717764252e-06
1460,0.2704943445614575,0.09449071102990526,8,0.008917021487004824
1461,0.06247154872512756,0.5000717111726631,0,-4.1889902122117853e-07
1462,0.17624246716602654,0.39447203772385997,0,-3.744305971305582e-06
1463,0.04764965095672388,0.13693586901251667,0,-1.2707033555556436e-05
1464,0.11119381028780942,0.14800319106786097,0,-1.5466484260453908e-05
1465,0.3405788337811565,0.542473057013311,0,-4.387066712273548e-06
1466,0.035301502694673186,0.22697643794100467,0,-4.885333582919974e-06
1467,0.2648971615801965,0.46810025272394723,0,-4.339215588671555e-06
1468,0.15436906679506798,0.5745785923272783,0,-4.978255914383685e-07
1469,0.22561579098521567,0.4691019115244871,0,-2.9080255238604735e-06
1470,0.1678166204366261,0.16531847164864236,0,1.6841188917371913e-06
1471,0.15261058853934634,0.4356438091880644,0,-1.9619739157364553e-06
1472,0.266599057635743,0.45811723174537056,0,-4.872050896579038e-06
1473,0.14362757105730742,0.025398984544386403,2,0.0031290777018720883
1474,0.18656990389179887,0.04530624338393885,5,0.006160992598802207
1475,0.09183873268054837,0.42094794304558125,0,-1.2390202480557088e-06
1476,0.05030866394000624,0.20588058792084338,0,-6.964539032751465e-06
1477,0.1957844282278075,0.4058252112764776,0,-4.060548698330718e-06
1478,0.08503477618019242,0.0830560859924597,0,1.7860193573523282e-06
1479,0.03301131179644151,0.4155065450271023,0,-7.270596535561975e-07
1480,0.26315063675286754,0.08018984841220518,9,0.010583956909282096
1481,0.20493206376011264,0.27487189452384614,0,-1.4517561705432567e-05
1482,0.14098800377363108,0.18625012473898328,0,-1.577955333773318e-05
1483,0.1596637984536565,0.11367740241006132,0,0.00014744711742168009
1484,0.07616986386854188,0.4350587692985361,0,-9.201451283533993e-07
1485,0.2100841170913062,0.582126568259204,0,-8.050534725757097e-07
1486,0.07126244297319001,0.4739881188978151,0,-5.936285813563545e-07
1487,0.05732600801105001,0.02907994842461796,0,5.8349454089130345e-05
1488,0.044339104199302856,0.4073363319798374,0,-8.834611309985596e-07
1489,0.010794937766064355,0.04348179769388809,0,-1.5024276707215745e-05
1490,0.28874043580991166,0.09129082392520087,9,0.010412548878124477
1491,0.33395347043229406,0.5949793305266404,0,-2.4347038076016256e-06
1492,0.13055027719011023,0.07558893748189117,0,0.00023169263175337732
1493,0.26340069318732395,0.3194655317250345,0,-1.5522605271009648e-05
1494,0.29207979668814493,0.15048723576009623,3,0.003898306321746354
1495,0.011156708970037316,0.4525876307540853,0,-4.033895892083362e-07
1496,0.03786120311625967,0.2690485347059056,0,-3.2979416091215317e-06
1497,0.21457486152513547,0.01645790579987161,19,0.02082325044311933
1498,0.2971925862539916,0.23962090196091607,0,0.00021947843326277394
1499,0.09325316281922996,0.015567782938006024,0,0.0006512984996847811
1500,0.12014616483098937,0.026583211884052858,1,0.0012339206527927243
1501,0.0020932646719422077,0.18438444902393727,0,-5.362341803153138e-06
1502,0.03295908409295935,0.5939719522769379,0,-1.2198139161405103e-07
1503,0.21999136913099737,0.39603141881772447,0,-5.683004112130853e-06
1504,0.22458003680528146,0.3336631160938543,0,-1.0737860952348433e-05
1505,0.11447963444730914,0.19356451652177564,0,-1.3693808229386154e-05
1506,0.3376914615113809,0.5113779740376198,0,-5.798269549320416e-06
1507,0.13807323938081378,0.40388442957368714,0,-2.3309146224450085e-06
1508,0.14268562328104664,0.39509219202614165,0,-2.6645759684858585e-06
1509,0.19610053308699962,0.411387381731331,0,-3.854064571621186e-06
1510,0.005237746832826379,0.13149471424630016,0,-9.21683019518879e-06
1511,0.31706109012887035,0.5285535677272298,0,-3.990744046750218e-06
1512,0.09222687546993344,0.10498017324487341,0,-9.477469531907555e-06
1513,0.3038031436184158,0.31185097856968086,0,-8.166924905082965e-06
1514,0.21017091770364552,0.29229706906819064,0,-1.3387890032216812e-05
1515,0.09783190361428899,0.322625761213462,0,-3.5120958929907877e-06
1516,0.26298251644344417,0.22116734497364612,0,0.00010842106063030758
1517,0.12132989076088758,0.1632412869421651,0,-1.57205596251214e-05
1518,0.12397473547755339,0.12625222736472033,0,-2.594187920319353e-06
1519,0.14572717209440503,0.5474841941999603,0,-5.987786120336575e-07
1520,0.3141229894613649,0.21160544671732137,1,0.001182656470999631
1521,0.2771152841460796,0.15367355192363327,2,0.0025486302700034173
1522,0.06756258667923515,0.11727076289838846,0,-1.5716745749282338e-05
1523,0.11642731143131761,0.31520672142879125,0,-4.547852496842293e-06
1524,0.22512208269063047,0.4515189959993688,0,-3.448299206204691e-06
1525,0.21269838943634992,0.33806970588488044,0,-9.26296406668392e-06
1526,0.09771120996077277,0.4877790976833236,0,-6.734918010625537e-07
1527,0.20881669687918966,0.3782892162534419,0,-6.063492682957378e-06
1528,0.04310750516326002,0.36072284920306535,0,-1.390780750189233e-06
1529,0.01330132470501234,0.5011574224665052,0,-2.535688246558032e-07
1530,0.18806682384221413,0.25004179013076905,0,-1.5142447281440415e-05
1531,0.2989218376608882,0.18791134940948098,1,0.0016228557105548663
1532,0.12049875057010727,0.5728749218901946,0,-3.6108386600345266e-07
1533,0.1733351010402866,0.2603282949357077,0,-1.2915846889991872e-05
1534,0.13837631852501542,0.21231236272720094,0,-1.4169798728489886e-05
1535,0.08580170514470688,0.0800989934933742,0,6.221029801033816e-06
1536,0.0186693808764583,0.4860094720435784,0,-3.1129342587912164e-07
1537,0.06893166791056389,0.2906086368171754,0,-3.6243744668877946e-06
1538,0.30708077147459767,0.05712924271945863,13,0.014580373222944273
1539,0.059239985919597775,0.02408816248414807,0,8.769755301410835e-05
1540,0.18045320409696733,0.4638797212004563,0,-1.9533088961019168e-06
1541,0.26006966656665587,0.32738482292733534,0,-1.4736961364402027e-05
1542,0.2355240520930312,0.3352750097168051,0,-1.1638606610023102e-05
1543,0.25857872590059877,0.41432209239675877,0,-6.925561432195131e-06
1544,0.22906814459168315,0.5549670871105912,0,-1.2764650485864408e-06
1545,0.2202874316278931,0.18248468340437707,0,9.174943582948243e-05
1546,0.34333694721195124,0.3819935055196544,0,-1.5848727910979415e-05
1547,0.05627585045742207,0.129268616202456,0,-1.4261571810918998e-05
1548,0.05603674961315696,0.37778990031866555,0,-1.3342096047615713e-06
1549,0.19649529898295282,0.1447319213684947,0,0.00018924828095172972
1550,0.15957479024893537,0.5864669764287548,0,-4.6560974069856253e-07
1551,0.2907073996213165,0.21519769529152802,0,0.0004683545663794222
1552,0.0063642841085731925,0.11664004846463058,0,-1.0659781230717001e-05
1553,0.20491188190086182,0.44842617583680466,0,-2.9084708931970113e-06
1554,0.13546376836531981,0.5594731865806869,0,-4.794034034757045e-07
1555,0.19974583025182868,0.12919869746234222,0,0.00043568294171044086
1556,0.15557692725795294,0.4101999643074358,0,-2.605673043292518e-06
1557,0.3269955241459258,0.4673914398552192,0,-8.01527185563066e-06
1558,0.1365871727707616,0.41659098144328865,0,-2.022818800443591e-06
1559,0.3126043382517952,0.0062731255396981656,19,0.029000879608773737
1560,0.20836164355693768,0.2544145687571568,0,-1.581530959943175e-05
1561,0.11499290199043614,0.5626569253732804,0,-3.7853431014821664e-07
1562,0.05313635261227294,0.42988889319554446,0,-7.698514576828105e-07
1563,0.20007882808585017,0.3729083796290849,0,-5.867951300130372e-06
1564,0.10016224131714221,0.23784062491389502,0,-8.267357058279811e-06
1565,0.06653866160954723,0.4705081228530612,0,-5.863259809115658e-07
1566,0.3455812877058907,0.5677810327214868,0,-3.5846319679109394e-06
1567,0.25831724776085696,0.552770511062786,0,-1.7467707270799433e-06
1568,0.20226685032766353,0.05874717035876093,5,0.006195352608513949
1569,0.26644219628381954,0.21175452740632464,0,0.00020090344856055415
1570,0.18902917454893303,0.48610182151822645,0,-1.7040278146476539e-06
1571,0.1316740517718821,0.42909399050503155,0,-1.699811230759904e-06
1572,0.26565278384694446,0.3545474066766214,0,-1.2709586068209674e-05
1573,0.2966632475194493,0.4596471985179854,0,-6.447244736172123e-06
1574,0.17352474190070336,0.5503310464751868,0,-7.681005166081746e-07
1575,0.18683532840632602,0.24094120818040388,0,-1.5597557904762136e-05
1576,0.18109357025475983,0.27333151059899635,0,-1.2393931159225389e-05
1577,0.1852635188763155,0.40983526009036064,0,-3.5144981783547204e-06
1578,0.19431339439919681,0.4629686922004685,0,-2.263326883478265e-06
1579,0.2418654360622456,0.5892903515472072,0,-1.0290703623730757e-06
1580,0.003601982251240221,0.577087094977128,0,-1.0771161023701936e-07
1581,0.3235417590210011,0.46938557917809165,0,-7.608045714510313e-06
1582,0.01599981555425284,0.4623409712553843,0,-3.840414550570615e-07
1583,0.26335921740102547,0.21213656289353444,0,0.0001718294374731837
1584,0.21906195616455088,0.4972705347610471,0,-2.0563024066975534e-06
1585,0.21198881953056878,0.2850264212201135,0,-1.4244333873765983e-05
1586,0.3019124363840136,0.5871051300678435,0,-1.9141842069471564e-06
1587,0.19315856807381396,0.4269165644470844,0,-3.2064991304571104e-06
1588,0.011135269748914966,0.48838712486673663,0,-2.819412721912066e-07
1589,0.11436753493751328,0.1190674135750853,0,-4.5193356524687356e-06
1590,0.025994752263520042,0.3373139544213257,0,-1.4814304415784827e-06
1591,0.05970635396986892,0.47888372847785127,0,-5.036523518629558e-07
1592,0.16272790363453196,0.037248501196962276,3,0.0039041009803498154
1593,0.14620019443261809,0.4190704846733362,0,-2.1719068791084185e-06
1594,0.3397674648222202,0.4463253237117581,0,-1.0949615540886377e-05
1595,0.12312606303100053,0.2994439118614235,0,-5.678393558319068e-06
1596,0.09874252506292758,0.5792394630701027,0,-2.726567187732427e-07
1597,0.04758689985446934,0.2687446003539997,0,-3.6441866806665126e-06
1598,0.22773599211621112,0.5152628565612755,0,-1.8731642364609276e-06
1599,0.27575285799516064,0.2779706760771918,0,-3.922494688387541e-06
1600,0.24238046220285012,0.5769852823858524,0,-1.1697638077454797e-06
1601,0.11624280537771196,0.4276011058015633,0,-1.4790940702590498e-06
1602,0.03909063400007353,0.3559192985204535,0,-1.401828780754699e-06
1603,0.33443394498770707,0.54852592928913,0,-3.887040139687138e-06
1604,0.13465118383912777,0.12126682460775501,0,1.7637289818038865e-05
1605,0.25035229015514376,0.46761070724056836,0,-3.774669363548087e-06
1606,0.07533204055894471,0.5191106947661701,0,-3.9373850913319076e-07
1607,0.23412652670213607,0.31827621048884736,0,-1.3185759030084934e-05
1608,0.18250027110759603,0.351000024398006,0,-6.125071805176049e-06
1609,0.24776004179648575,0.07438819278664689,9,0.010025279090636392
1610,0.20147101384159766,0.06194026686409293,5,0.005504182111360288
1611,0.11120001800593629,0.35274779889174784,0,-2.971130343051902e-06
1612,0.2663186719943252,0.13540099003810477,3,0.0032978427453033057
1613,0.06638845330327361,0.31702889501550113,0,-2.715129387512886e-06
1614,0.12413674901055109,0.5591405476572487,0,-4.29564527038733e-07
1615,0.22507417323052686,0.38197321507901255,0,-6.8537284664677196e-06
1616,0.023629573115245998,0.4012384326269213,0,-7.635467227309387e-07
1617,0.17469201194608505,0.580582139417458,0,-5.742714083371178e-07
1618,0.22171327706199184,0.4369550604063142,0,-3.85369259815949e-06
1619,0.23335535856648207,0.46526312157460165,0,-3.263425956110331e-06
1620,0.2546342390466687,0.12120557547429982,3,0.0037117320351665274
1621,0.12024713195183662,0.3853143703708802,0,-2.348982518708444e-06
1622,0.12872971676265188,0.16717762959123897,0,-1.5583198401929332e-05
1623,0.32989027145675537,0.5643770317345191,0,-3.173035266027213e-06
1624,0.26485415732737105,0.30966279070837444,0,-1.585993084101529e-05
1625,0.33949388937693864,0.5046168886178651,0,-6.306051112004736e-06
1626,0.3240281915411298,0.4630488984733975,0,-8.121889776304711e-06
1627,0.0030290346677700974,0.29028191200100584,0,-1.8847999353156085e-06
1628,0.10870204152010181,0.02445059890942549,0,0.0008498106749302454
1629,0.2702758309640982,0.012762898497906083,19,0.026494915014435242
1630,0.06453792299594352,0.2243050864855722,0,-6.684634983985833e-06
1631,0.3044750582312655,0.39550808033115925,0,-1.2487565307332613e-05
1632,0.24626149258907615,0.40940494651400333,0,-6.445608256689103e-06
1633,0.12134777866502641,0.3502302771866987,0,-3.3706120001218278e-06
1634,0.12148490953069456,0.2662379775891885,0,-7.72398568476848e-06
1635,0.3440870266892419,0.2634241162976006,0,0.0005148839370911985
1636,0.2618819983982906,0.05379443128256802,14,0.015378368137620611
1637,0.00043778910823856764,0.42924067756383105,0,-4.577350412363051e-07
1638,0.039646004534157016,0.23370038409019323,0,-4.771261428166676e-06
1639,0.13343350682362495,0.4039417819682694,0,-2.2242425234426925e-06
1640,0.3124367370698689,0.2136378928205254,0,0.0010499121089296635
1641,0.2687384093005294,0.3419164890053249,0,-1.4226575812461411e-05
1642,0.09111554130283982,0.032319021328381624,0,0.000283089547000243
1643,0.16666412043592035,0.4802447411765902,0,-1.445411576715435e-06
1644,0.1964323849096601,0.5157687262810166,0,-1.3638658061879986e-06
1645,0.2058436468244092,0.3178354031625184,0,-1.0467781383374611e-05
1646,0.3372135490339703,0.44486247170045834,0,-1.0845847357248149e-05
1647,0.21461877943705338,0.5490528141802674,0,-1.1724034878774989e-06
1648,0.1091895979938906,0.3326991530880371,0,-3.5567003315059745e-06
1649,0.0007555122859370711,0.5920703768070962,0,-9.012445610564446e-08
1650,0.23935288937283816,0.022167834690320864,19,0.022118845155175204
1651,0.1076821869301995,0.5681947608303685,0,-3.329287678760799e-07
1652,0.12665646922973464,0.5833662219081401,0,-3.457407264065933e-07
1653,0.06344397090210854,0.5258462088790126,0,-3.268834314745024e-07
1654,0.0868210292097124,0.2009400908113929,0,-1.0290717005921791e-05
1655,0.3440785823842934,0.35662805536488196,0,-1.0745252853734727e-05
1656,0.12938396990729198,0.4104722432123166,0,-2.0012515620601386e-06
1657,0.18688722606445562,0.28650639420158514,0,-1.1661862927900291e-05
1658,0.16515922167908997,0.2005088324144865,0,-1.5402282166360253e-05
1659,0.34628410485824557,0.06965215525738382,10,0.01108162382464014
1660,0.22475801937359705,0.27622245236086806,0,-1.5713801621183302e-05
1661,0.29882934488032387,0.14805160623813032,4,0.004627149783055586
1662,0.1300797847620782,0.16270437282058123,0,-1.5094028877911943e-05
1663,0.25794467204754995,0.5382517429106585,0,-2.0119752276103944e-06
1664,0.07789956421891445,0.13288144363468968,0,-1.554031604871453e-05
1665,0.018422793885580994,0.11823689798829226,0,-1.1668488339712264e-05
1666,0.01301987082291215,0.35659757547200677,0,-1.0731738946124348e-06
1667,0.26703357976570813,0.062389254213315315,12,0.01396982190056642
1668,0.32534058829077744,0.08267007407820685,9,0.01080255737083616
1669,0.056111524401383166,0.38674003349717206,0,-1.2209157463598782e-06
1670,0.3247773226295136,0.3816170103324513,0,-1.5497604417328305e-05
1671,0.22342593221864346,0.01266196044927772,19,0.02373803114048737
1672,0.05630251127460902,0.23966433618314573,0,-5.3026220727559425e-06
1673,0.23208114862005225,0.2839977413322522,0,-1.5700795694506854e-05
1674,0.16845626794058985,0.5867429277787133,0,-5.073762401099267e-07
1675,0.06186322242302476,0.27841842628858937,0,-3.8143815511303126e-06
1676,0.3442921620515287,0.5644872462427242,0,-3.657015564526474e-06
1677,0.3056719061612205,0.5178797014987216,0,-3.963677004871951e-06
1678,0.32197828193819095,0.2125422051169464,1,0.0014397937414792265
1679,0.019209013536552026,0.23026071576855223,0,-4.031185154883626e-06
1680,0.2219883993836032,0.010091069474226732,19,0.02455234465151812
1681,0.19986679497470589,0.20813743917535313,0,-7.478486321751864e-06
1682,0.04074220646779003,0.13812093622518962,0,-1.1905873346084105e-05
1683,0.02871318535753829,0.06386726221933678,0,-1.5289365447499335e-05
1684,0.34843199337339537,0.3472870727466985,0,-2.136034283917198e-06
1685,0.31819630904335,0.333681864660831,0,-1.1730776644476282e-05
1686,0.12357820777524647,0.06469350350496407,0,0.0002790120154944817
1687,0.23859600024955224,0.3250284801010034,0,-1.2959596582806907e-05
1688,0.13093201033462945,0.1816487071325672,0,-1.570512787752372e-05
1689,0.3384309790792808,0.09348372879595603,8,0.00936624782605746
1690,0.25911107554384194,0.2414881838919395,0,2.2893814839453536e-05
1691,0.3419749341833362,0.24656124327535814,0,0.0008684134233046219
1692,0.006302073819029602,0.1296776426042119,0,-9.466326620489156e-06
1693,0.3109888051383065,0.5643340213623844,0,-2.6302633536855635e-06
1694,0.01295835051977321,0.34969863021114095,0,-1.1491095874386577e-06
1695,0.3133810348774733,0.4011817911084665,0,-1.2807825821087147e-05
1696,0.11800132500190513,0.15576429282001455,0,-1.5535214120783044e-05
1697,0.2677678821506077,0.3689582638046281,0,-1.1489724782553825e-05
1698,0.33295180297556737,0.19511318760390878,2,0.002937785970116646
1699,0.21259790835736855,0.4538701365241822,0,-2.9737906035338947e-06
1700,0.2031870077835876,0.46577888834115994,0,-2.4042072233128044e-06
1701,0.07781706969155637,0.29157656268056825,0,-3.921144798749337e-06
1702,0.10671266414563124,0.01611566639843529,1,0.001107661996057704
1703,0.3008309628018291,0.048974953946623385,14,0.01616554750425471
1704,0.21843777207828227,0.5946126493759387,0,-7.723509629258018e-07
1705,0.23481342377988967,0.5643899097576665,0,-1.2302516384633471e-06
1706,0.2364896724557575,0.4645800235624993,0,-3.389746519753132e-06
1707,0.29922323733247835,0.17311971464015882,2,0.0025337652034061395
1708,0.2501128227323287,0.5570298311519053,0,-1.5424782605394498e-06
1709,0.2037164464607026,0.4919430063995814,0,-1.8610088259600921e-06
1710,0.34201026965866715,0.41395693067831973,0,-1.4331891263635936e-05
1711,0.31785629536668203,0.27988391969757304,0,8.269731556301281e-05
1712,0.21780179887652842,0.13751585700185356,0,0.0006363323675387775
1713,0.2596276319115541,0.4452056499657369,0,-5.1678043984537225e-06
1714,0.2186657579736036,0.35980738854385375,0,-7.980686578342636e-06
1715,0.12058873520972506,0.2044116683662123,0,-1.323567389725564e-05
1716,0.04278723953687418,0.056394906958988654,0,-9.792857422717552e-06
1717,0.1256094303002713,0.007017964018624534,3,0.003286223073853886
1718,0.2953491040268196,0.23328914759173197,0,0.0002675115941139351
1719,0.02696732920700963,0.4318676593666247,0,-5.811636654758541e-07
1720,0.12773654921282482,0.1912440411530036,0,-1.503120878513457e-05
1721,0.18503386419260565,0.06134775011429656,3,0.003450138651541357
1722,0.11981373922399749,0.4344938680109865,0,-1.4307054223745706e-06
1723,0.06490973425889261,0.07371252831565771,0,-7.189195350482483e-06
1724,0.07139949435777868,0.4893274708346406,0,-5.099103472931415e-07
1725,0.10762669934279691,0.47941522148112314,0,-8.084481400042514e-07
1726,0.029699003807105866,0.2795555535491391,0,-2.7377067864405426e-06
1727,0.3144014520188053,0.10440129708262233,8,0.009291334541315855
1728,0.1641339742677186,0.19307189311188158,0,-1.4635023095268614e-05
1729,0.13766856750137724,0.5478357620940206,0,-5.505516668903416e-07
1730,0.12751588263178187,0.5885613736427763,0,-3.310673933116461e-07
1731,0.2406181659012653,0.4449418105115417,0,-4.293695107435639e-06
1732,0.22690578551723664,0.045274668987288,12,0.0137482375377192
1733,0.14446561016763612,0.41661917592644326,0,-2.187578907776117e-06
1734,0.30075183777003395,0.1387062917452627,5,0.005690458874266221
1735,0.04383412617928367,0.04861586258798811,0,-4.317451963590526e-06
1736,0.1267357853908162,0.25939470801733194,0,-8.666212564176811e-06
1737,0.03747773726696195,0.4760116851399594,0,-4.1512775062520876e-07
1738,0.34393982479976126,0.38158478091255776,0,-1.5809179814077247e-05
1739,0.05936727277782339,0.5543249393179649,0,-2.3606469952290704e-07
1740,0.19731452815637282,0.42996572144832057,0,-3.241808474795019e-06
1741,0.21618740659134925,0.22025039815307315,0,-4.7408576846016314e-06
1742,0.21512723592532632,0.434893828432889,0,-3.684509036387187e-06
1743,0.1169689895629326,0.4734801037467193,0,-9.417488233273095e-07
1744,0.107223787078778,0.31650321122229025,0,-4.098024532961433e-06
1745,0.2652770060670775,0.45728979593934227,0,-4.848408963232736e-06
1746,0.057771950297565065,0.19193393245482882,0,-8.552860309218005e-06
1747,0.3102596985475534,0.5802307541891152,0,-2.2280394094687974e-06
1748,0.1852114658165674,0.13000171478468545,0,0.0002246117586299832
1749,0.2592298349424553,0.30097049690561606,0,-1.582531811197073e-05
1750,0.2064260427847429,0.4873742936148961,0,-2.00128815011105e-06
1751,0.08961928219621963,0.2579012758113006,0,-6.14834439144254e-06
1752,0.17499165235320766,0.5435331871765197,0,-8.342478073089508e-07
1753,0.29194484556457867,0.45223736783056584,0,-6.619743687153707e-06
1754,0.23702711263753062,0.02275167137195473,19,0.021721650547919875
1755,0.0007774002434163151,0.26722299049598536,0,-2.3204464854301917e-06
1756,0.11568144696201337,0.46628530495412523,0,-9.990675193578034e-07
1757,0.005850750966139095,0.5835123529753055,0,-1.0330341106572813e-07
1758,0.25930695910838447,0.18308091684316793,0,0.0005075712949455289
1759,0.22624635412165234,0.17191738411651517,0,0.00020708438434331288
1760,0.12465598649427935,0.11968727863826631,0,4.969186008379578e-06
1761,0.11451691778073453,0.17208413217045038,0,-1.5413115853989186e-05
1762,0.15499544141227503,0.5458098154536394,0,-6.679154145133559e-07
1763,0.08424191132912565,0.08467035952526936,0,-6.775039429669045e-07
1764,0.10402111221097073,0.2535024492596818,0,-7.382178476678084e-06
1765,0.008331435248280276,0.12921063313737102,0,-9.686321688280013e-06
1766,0.11879962289513493,0.505331712863556,0,-6.975209235237467e-07
1767,0.025427233684448172,0.4494805936137019,0,-4.798739102221336e-07
1768,0.3029168064763014,0.31669349618424797,0,-1.0964557707929636e-05
1769,0.1329316230929537,0.4115841572137401,0,-2.050439357375728e-06
1770,0.27528625185845407,0.2413574999987771,0,6.971733569998129e-05
1771,0.18308720420760205,0.45176779006862267,0,-2.263241298536599e-06
1772,0.23316114439317373,0.357243347791768,0,-9.370201988084118e-06
1773,0.10506289878594914,0.4192522874267861,0,-1.4380589818725147e-06
1774,0.07949460456808677,0.16505778989908013,0,-1.3070552757536754e-05
1775,0.030944503472739218,0.31702893314708924,0,-1.9063653566440377e-06
1776,0.06675452391069721,0.020591555293196895,0,0.0001563308344096811
1777,0.3390445744810803,0.40948041437776866,0,-1.4467521941857079e-05
1778,0.18559171892412113,0.413395309422915,0,-3.4031012722065054e-06
1779,0.20868002615297504,0.4370023231533677,0,-3.383962697544111e-06
1780,0.15633226720563673,0.17259684061984235,0,-1.1240960810719158e-05
1781,0.0024529276469733904,0.5682598514569254,0,-1.1630890165483797e-07
1782,0.24407012968926073,0.4264672639458442,0,-5.33476453540912e-06
1783,0.33536120951717974,0.36630883386194935,0,-1.528288574438105e-05
1784,0.30680440060747105,0.3341051495658975,0,-1.4708022997781516e-05
1785,0.18372947704825118,0.014913168875415427,12,0.013881542545360849
1786,0.20749463305838986,0.43502999602815834,0,-3.410689565723338e-06
1787,0.030177125107614982,0.3987210050912535,0,-8.359318142354651e-07
1788,0.32953481948801566,0.502501684285993,0,-5.840833493557856e-06
1789,0.1505593114993647,0.5320422080371238,0,-7.332861748381062e-07
1790,0.24129526223757655,0.0840648195841894,6,0.007380707560527837
1791,0.1302603799005159,0.18884589380530484,0,-1.535630460517203e-05
1792,0.30431693481143035,0.5118056834044756,0,-4.15417787623733e-06
1793,0.30359225234059706,0.34696829748235336,0,-1.5892824865519032e-05
1794,0.14493721379777375,0.2495201778293015,0,-1.1185234814190035e-05
1795,0.17219001131839146,0.3892480676099361,0,-3.7885248063594315e-06
1796,0.2507053081872174,0.5869728691229437,0,-1.1502859676053048e-06
1797,0.11033888911246903,0.4571856416636791,0,-1.03739338532482e-06
1798,0.215107653301506,0.24079478175959126,0,-1.4156874030313815e-05
1799,0.2630759116534489,0.36542581554586634,0,-1.137747422306258e-05
1800,0.08929683492459733,0.1823013140374319,0,-1.233279350302668e-05
1801,0.07936305438320532,0.3369517258887371,0,-2.5326966160279384e-06
1802,0.02255374735524307,0.5232305944562173,0,-2.2303567416093445e-07
1803,0.1705941009595667,0.28476880650559516,0,-1.027175701546693e-05
1804,0.2440877135854006,0.2298805645086751,0,1.682941337622341e-05
1805,0.34627061365661854,0.0362233181903082,15,0.016875819975108394
1806,0.31426073357308293,0.04747534967475462,14,0.015896975873876458
1807,0.04944090565559183,0.05322019590776867,0,-3.530318492654386e-06
1808,0.10270883892004892,0.12049008979628811,0,-1.166944367985038e-05
1809,0.03065495176746865,0.24169411525770063,0,-4.031165993396755e-06
1810,0.064065200307011,0.1864154067173113,0,-9.550128721662583e-06
1811,0.023657806005663588,0.28852662658451483,0,-2.356714928142377e-06
1812,0.3298340677546993,0.2904969558658685,0,8.749153675599609e-05
1813,0.18451763353140863,0.0931718745167259,0,0.0010380412034856324
1814,0.010657795715302214,0.04842692005224249,0,-1.5491049289092923e-05
1815,0.005643244221318299,0.46519950436595636,0,-3.3653723688903387e-07
1816,0.016441692677719066,0.4872672086183237,0,-3.0063767330661036e-07
1817,0.02174889416726032,0.4474017492131317,0,-4.7227840806702226e-07
1818,0.21538064669136786,0.07524018354214852,4,0.005300038728738707
1819,0.26608429601920236,0.3848422225507096,0,-9.833364536515734e-06
1820,0.34851473080128814,0.35389309416646597,0,-7.025932970021978e-06
1821,0.343408209135428,0.08780752710281656,8,0.009546629596137588
1822,0.299549340390901,0.055860647458918986,13,0.015045630888339602
1823,0.10728076756567728,0.516571684857166,0,-5.556422646159983e-07
1824,0.08085968865588586,0.4153561688224491,0,-1.174224734567458e-06
1825,0.04409562558742084,0.29859731376000404,0,-2.6131896071798356e-06
1826,0.2749312373256486,0.4772659356913894,0,-4.375692272858198e-06
1827,0.22503583234495278,0.3850020876479018,0,-6.652022061160735e-06
1828,0.34246602963128614,0.5986735422420311,0,-2.5540779299730474e-06
1829,0.16081522939755546,0.3838484052698558,0,-3.5704544388314777e-06
1830,0.042943861634661656,0.5543491631661909,0,-2.0030152754675884e-07
1831,0.11967104401240379,0.4949541742282942,0,-7.805503525227548e-07
1832,0.24099700087651107,0.5596560309356783,0,-1.371934199633845e-06
1833,0.08906078610034725,0.29257825544382343,0,-4.340747441561761e-06
1834,0.0056691005612597815,0.04109294101747916,0,-1.5309148024563444e-05
1835,0.047092161573711766,0.2464778593281964,0,-4.525122720885327e-06
1836,0.19028056635915777,0.3049796275904983,0,-1.0219530766906991e-05
1837,0.3110816612090178,0.3599892259280444,0,-1.583794148026901e-05
1838,0.09675702514237601,0.33775636321326047,0,-2.9880948188803064e-06
1839,0.3491640125097597,0.36281216106193226,0,-1.1237574190580302e-05
1840,0.28703258043447766,0.1114582254828798,7,0.007836885843618059
1841,0.29982930125172,0.47425053181388843,0,-5.762737664094612e-06
1842,0.2362597402635071,0.009581538363507192,19,0.02639173727953829
1843,0.28412476903344647,0.32432801480240453,0,-1.581526617832512e-05
1844,0.02589425939763299,0.19893264118156664,0,-5.872729508773164e-06
1845,0.08573905902522341,0.2997955513166162,0,-3.909127640644513e-06
1846,0.06695731639259245,0.48686851340614695,0,-4.99925466230963e-07
1847,0.05275936617989267,0.32628190640394056,0,-2.1607789934568604e-06
1848,0.32716231308748545,0.5472723645282402,0,-3.6618650577822788e-06
1849,0.08834189561839839,0.5384951852830435,0,-3.693614298845977e-07
1850,0.11646905583271015,0.2885748582049763,0,-5.919297115718808e-06
1851,0.18281503913401204,0.24385333617059368,0,-1.5206111023351404e-05
1852,0.07744711550589631,0.40434295901262324,0,-1.2669932678289148e-06
1853,0.077409852346509,0.26423648348318285,0,-5.122631613825208e-06
1854,0.17686064072444999,0.24781162641797824,0,-1.4431782738895094e-05
1855,0.00640237641144259,0.13020182943889308,0,-9.429291178777862e-06
1856,0.1325150189033064,0.11722027402472465,0,2.1331351612537642e-05
1857,0.10506969547870404,0.37032318373609857,0,-2.3451677873860058e-06
1858,0.2690543898150382,0.06826139840101993,11,0.013029330219737704
1859,0.06596946031901027,0.3507510339901519,0,-1.930520818891394e-06
1860,0.0659492500591605,0.3892307200157936,0,-1.313813098616236e-06
1861,0.04507391677645961,0.23132432518740853,0,-5.154136084518875e-06
1862,0.2588941428090867,0.17268739905957087,0,0.000750382861607133
1863,0.20284489623166074,0.010018347819567097,19,0.02091270104157273
1864,0.3156657201124216,0.5899889240941675,0,-2.132987409525798e-06
1865,0.04910653922615938,0.007889047030444662,0,0.00012207246135868355
1866,0.14365413251397252,0.060816835588551416,0,0.0007752152569334155
1867,0.1958808942175113,0.5993057949492296,0,-5.883914818370894e-07
1868,0.08026122626795337,0.002315322912084783,0,0.0006638633969363695
1869,0.32070857888454113,0.25982813966907264,0,0.0002447109343510499
1870,0.10232281965200704,0.21060050820254422,0,-1.083733859513565e-05
1871,0.18011325912525483,0.022383432849996863,9,0.010438885892603724
1872,0.14749057740929405,0.4352823236564651,0,-1.8710232561955694e-06
1873,0.08338786177585546,0.3327273373969584,0,-2.749979268236608e-06
1874,0.3398886603568482,0.5096222874743701,0,-6.027425040614774e-06
1875,0.3357227212552953,0.23577623232652226,0,0.001025014319705066
1876,0.2895316630989072,0.1383364199553127,4,0.004913708942835158
1877,0.23575874378803585,0.33797357199926137,0,-1.1397072914188045e-05
1878,0.3267763687866834,0.5575006208786377,0,-3.2945556450593322e-06
1879,0.004644755901943981,0.3632899303999072,0,-9.231585641255573e-07
1880,0.0035574285385181754,0.5784717380096029,0,-1.0618322093961394e-07
1881,0.2669836911740763,0.17540083486392513,0,0.00090373823743288
1882,0.11732892902719737,0.3667671045259329,0,-2.7458682052407763e-06
1883,0.15040302650873935,0.5298076944439541,0,-7.48684991045621e-07
1884,0.10726754732137803,0.18650631264885842,0,-1.3680015989043058e-05
1885,0.00625798529365556,0.2957926203702656,0,-1.842241798911165e-06
1886,0.001437912529817653,0.2556869941517418,0,-2.6210327074944857e-06
1887,0.11235059740995328,0.1019666174907793,0,1.2776825991176062e-05
1888,0.12949465369033944,0.2694610059879683,0,-8.085184319763003e-06
1889,0.12627673881616544,0.15446385109187982,0,-1.445162089439708e-05
1890,0.2961936777320554,0.0814372455007187,10,0.0116917374628472
1891,0.2718290188569149,0.5533603178129097,0,-1.98689775536578e-06
1892,0.33627476216774255,0.05304105485416583,12,0.013873741150869177
1893,0.08306433988372963,0.017140470876389258,0,0.0003923061662221553
1894,0.27542424548159306,0.2983718625435914,0,-1.3747537572875653e-05
1895,0.0330837082299279,0.19165775598902862,0,-6.765503081638253e-06
1896,0.2931826176465878,0.2751760561383711,0,2.2483093330553638e-05
1897,0.30078328090919465,0.31665607843333893,0,-1.176721180851219e-05
1898,0.24109358969294542,0.13793397950576805,1,0.0014545122734591672
1899,0.05696124074823641,0.4994878992824606,0,-3.9878916951036175e-07
1900,0.19349991657423812,0.24860131636554636,0,-1.5553220395627263e-05
1901,0.18059793437543514,0.07695929004378423,1,0.0016800297537958935
1902,0.18847960113802356,0.40860317770846244,0,-3.6734705092966205e-06
1903,0.13050086947142028,0.5341580194820303,0,-5.876452285897897e-07
1904,0.08912426079163835,0.586210519600132,0,-2.3100788842766335e-07
1905,0.03234627876686798,0.37923667412643675,0,-1.0379893727323646e-06
1906,0.1755378960569377,0.08151664353874848,1,0.0011690773170974394
1907,0.04826250297451635,0.3167121585846721,0,-2.2732439445719224e-06
1908,0.06594412063352889,0.5698852279359609,0,-2.1576602685260334e-07
1909,0.31572172101122065,0.31738750141515487,0,-3.987889436772256e-06
1910,0.03601555420069685,0.445962093196234,0,-5.525094700221438e-07
1911,0.17856143452662948,0.5542845092202032,0,-7.763985924257949e-07
1912,0.10362141080716278,0.03303589908959503,0,0.0004762028701924316
1913,0.13270554659272327,0.4732151285674044,0,-1.1048785438593643e-06
1914,0.21707978388650023,0.5847811215924026,0,-8.406547745246631e-07
1915,0.017688762422975318,0.1674613555538218,0,-7.369900286215043e-06
1916,0.2707948545537717,0.2768217631809655,0,-6.622372471307556e-06
1917,0.004250770879891157,0.3323146771531063,0,-1.2533609044751923e-06
1918,0.1133456617060259,0.16193475551383393,0,-1.5746912268546303e-05
1919,0.0699786819896214,0.4455494895306585,0,-7.788395479312808e-07
1920,0.28193385838924784,0.39780287825791316,0,-1.0091514936998481e-05
1921,0.26546326766069045,0.11020920317600114,5,0.006145030731825597
1922,0.048219156253835785,0.44376634893722783,0,-6.379872130998321e-07
1923,0.142079077024445,0.36756844674930067,0,-3.4853197834720106e-06
1924,0.07442368446632171,0.5936121702079462,0,-1.8523424067189576e-07
1925,0.06248630068436922,0.05458905961222033,0,9.401220059522498e-06
1926,0.2864699762837307,0.10108836485985291,8,0.009094965417915725
1927,0.019710142204031982,0.4002598578135084,0,-7.414513491425367e-07
1928,0.06713782076765475,0.015108867150260184,0,0.00020821226697206315
1929,0.1141926675379704,0.5513587159887277,0,-4.204359432325601e-07
1930,0.2994546151411735,0.33947575280761044,0,-1.582953568130204e-05
1931,0.2919111459570342,0.5276239181420657,0,-3.1376019893171556e-06
1932,0.03006017349237585,0.5554202159659388,0,-1.7423802870972319e-07
1933,0.058350154529132524,0.5509325986766743,0,-2.417416820765561e-07
1934,0.2679355560817718,0.22397222684881718,0,0.00012023362007939709
1935,0.21750543154757193,0.2456598859471945,0,-1.4611618707957124e-05
1936,0.049364960458616276,0.5311863710975772,0,-2.69234700096971e-07
1937,0.13966204624741793,0.059886395570783034,0,0.0006852113985032733
1938,0.06738402631556356,0.19658224538404523,0,-8.960795570751375e-06
1939,0.319396129976247,0.38062058927040415,0,-1.5210506507094454e-05
1940,0.19841286412292117,0.3412197743690449,0,-7.857974674095313e-06
1941,0.023637273256475924,0.5727347404856614,0,-1.3743092821468154e-07
1942,0.12051101174334496,0.3384952896331828,0,-3.7572188245561897e-06
1943,0.3139203709246825,0.09618468416866674,9,0.00999187781014521
1944,0.13120050445051376,0.34255724243073404,0,-4.012649345047208e-06
1945,0.16719437600989454,0.18027130747514947,0,-9.899819394889079e-06
1946,0.2126144518701423,0.4017500551230279,0,-4.994655151723688e-06
1947,0.005342398338399323,0.5663814671719377,0,-1.2198500831968486e-07
1948,0.2839940360302266,0.168210549939505,1,0.001973576471946108
1949,0.08478274561292663,0.15453281228139792,0,-1.4540549877271783e-05
1950,0.06914082687952715,0.15718230479668605,0,-1.2827552654596243e-05
1951,0.029482672758533078,0.12851821459640048,0,-1.1743824258612164e-05
1952,0.2313123612279369,0.039898963732547886,14,0.015896997603580702
1953,0.032448015888148045,0.5186380920184223,0,-2.577756114562331e-07
1954,0.1518496401323622,0.3645208223194441,0,-3.959080534149789e-06
1955,0.19603170668436684,0.48540680450067175,0,-1.840044336498338e-06
1956,0.12389858032883118,0.2080340667617908,0,-1.3204648963764828e-05
1957,0.07845478029563452,0.5707154213555374,0,-2.424612964229889e-07
1958,0.0010016322030715619,0.41471263857051716,0,-5.322965953058682e-07
1959,0.27692323694907417,0.5860334981603269,0,-1.5081554881414262e-06
1960,0.07210269667063801,0.47281110911555924,0,-6.057182564026018e-07
1961,0.24973668837138258,0.3444297834705566,0,-1.2135798088378243e-05
1962,0.31712705834195865,0.07841435508302497,10,0.01153904914957354
1963,0.25239487054660154,0.21693128313839175,0,7.806366825331079e-05
1964,0.1568927794250265,0.150899681901777,0,5.923972118081298e-06
1965,0.011285791281565377,0.38717089922187425,0,-7.769243222959725e-07
1966,0.08825076675489263,0.571921163024252,0,-2.641764652010842e-07
1967,0.19939286359408648,0.16073706614676544,0,9.791507615623175e-05
1968,0.19722878575546715,0.4429150744645659,0,-2.8465561575086963e-06
1969,0.1488727630615684,0.029343506184355217,3,0.003248603853951682
1970,0.08414777423988967,0.5063144100048348,0,-4.886694838517738e-07
1971,0.1696336719694945,0.520644178700534,0,-9.941620384325965e-07
1972,0.2887270929169687,0.37131738456849256,0,-1.3328833989059873e-05
1973,0.1309030652809256,0.45230656425006877,0,-1.337472260876172e-06
1974,0.3302826532575755,0.31697386417158824,0,1.2848585046949518e-05
1975,0.0027241792639508596,0.026757301022296252,0,-1.346676932598249e-05
1976,0.3267020801218348,0.5797944291345825,0,-2.635835360163674e-06
1977,0.0835123731568643,0.3359247865967779,0,-2.666890134957712e-06
1978,0.3367298287773246,0.3269385767129611,0,7.559914375029333e-06
1979,0.0008058258219593439,0.5116735743268381,0,-2.0147185796495656e-07
1980,0.2517001897850742,0.07952895251606337,8,0.009525965278951725
1981,0.18973038165746664,0.10798258366793397,0,0.0007018780733834992
1982,0.3334417320894468,0.017026389401800634,19,0.02361880056160243
1983,0.26677741518910386,0.5379779692289972,0,-2.20313745583842e-06
1984,0.332479350367103,0.32562083386334795,0,3.990740215508034e-06
1985,0.24709699377151462,0.15693706209267846,0,0.0008912084812445431
1986,0.09611150712547656,0.2526483321212844,0,-6.895072179564861e-06
1987,0.19191697353508386,0.5862301800032165,0,-6.445576874250525e-07
1988,0.24144383670334185,0.18563244892455774,0,0.0002179047123268019
1989,0.029677912336464343,0.14359361735891885,0,-1.0316714860719974e-05
1990,0.08168500553132256,0.5964461859297054,0,-1.9360165011097248e-07
1991,0.2946635206362098,0.41575463843262295,0,-9.618221335787092e-06
1992,0.3394808973425237,0.47706816496253374,0,-8.229833847484706e-06
1993,0.1706414402981156,0.2712907942844222,0,-1.1563842670319066e-05
1994,0.18121588892063353,0.34944584009067514,0,-6.1414610009996585e-06
1995,0.29796584683781985,0.22309690927442494,0,0.00045094511843471273
1996,0.2962054540446357,0.38419692686735274,0,-1.2792763417113082e-05
1997,0.1930361458276064,0.4430116401361744,0,-2.727500423065386e-06
1998,0.05868069202523548,0.2948010605056736,0,-3.138806278831498e-06
1999,0.29495982833569445,0.5673723835372877,0,-2.175188608365214e-06
