,X1,X2,Label,f
0,0.06658314502833489,0.16107500664723443,0,-1.2188348769566227e-05
1,0.08287998836661668,0.46928171432883853,0,-6.987793254132387e-07
2,0.18010646472914146,0.00017941642643490852,8,0.018844137515618132
3,0.2397857462841029,0.19431040510558925,0,0.00013378581790982354
4,0.09452811224057005,0.5618577858718127,0,-3.110447972893763e-07
5,0.2876979193010356,0.4398082028909064,0,-7.168587689812857e-06
6,0.004875917985864016,0.5318433073333011,0,-1.715053580589796e-07
7,0.10900054200642459,0.0928955413420643,0,2.3370827592773545e-05
8,0.34377064910394795,0.5816056434221606,0,-3.0677056346885833e-06
9,0.07760401642525169,0.20648815014608526,0,-8.985936999578445e-06
10,0.15774818411472816,0.4256131336069354,0,-2.2828116780045153e-06
11,0.3490019144226847,0.19932276716147918,1,0.0034269698682715846
12,0.34724747486463514,0.22052668029813757,0,0.002123764926841255
13,0.2850525274608326,0.3286086167203185,0,-1.5875065642042586e-05
14,0.017126369302842795,0.30958012072430907,0,-1.78906265814712e-06
15,0.19389550305557554,0.5817325648564812,0,-6.876508225972457e-07
16,0.20497624142503856,0.017494478318813286,8,0.018423384207962048
17,0.29381398795758984,0.06414708296555513,6,0.013950854686681136
18,0.010355676587851387,0.42209567198949616,0,-5.428402277863061e-07
19,0.17760496417580732,0.2917911556549892,0,-1.0269360201442791e-05
20,0.2162145664550564,0.11836083757875443,0,0.0012626147146353938
21,0.24390830657908777,0.011866479079181896,9,0.026062407452454927
22,0.3336071136352451,0.19520653909375188,1,0.002965314811890407
23,0.1730213162592102,0.004575758169276327,6,0.014674987631007093
24,0.31725527653315955,0.18790323804113185,1,0.0025703256490878573
25,0.19063643025858953,0.02211633177627024,6,0.013195080075206407
26,0.23851714629241033,0.060743597038640185,5,0.011676394220291498
27,0.17968124460658275,0.01048908410145399,6,0.014376136105248865
28,0.026010352459403512,0.0020721250811733226,0,4.4348986662103056e-05
29,0.33348327821038404,0.11542922058805735,3,0.00817205865398535
30,0.2553645404627178,0.01406066161170133,9,0.02576316009609282
31,0.004498688157643365,0.12302748339416504,0,-9.897243057679552e-06
32,0.3413650365892081,0.21583382598888898,0,0.002111873135871619
33,0.305338854833948,0.11456182774886209,3,0.008320809820467562
34,0.30707568121032386,0.1466215994782993,2,0.0053155024485546844
35,0.23577238487145202,0.06056581967548744,5,0.011327082961003865
36,0.28908864634224574,0.004900682651862637,9,0.029882787656424194
37,0.279241632592866,0.07891794267252392,5,0.011769615764429425
38,0.33123572315723254,0.020952521567034598,9,0.02217327643764967
39,0.32883344032353545,0.0881851333865621,4,0.010183244742148625
40,0.32267261018219207,0.18987432221226047,1,0.002737771484080366
41,0.318318185794082,0.11522561983626761,3,0.008407551152904412
42,0.2778204643849954,0.12488239624355155,2,0.005445520423969354
43,0.3385657509679805,0.22666213967586002,0,0.0014702383594902752
44,0.22317226928762787,0.010641247105910523,9,0.02450039010941565
45,0.29446807432531175,0.060484835153797274,6,0.014473911479043295
46,0.30663708000078593,0.17764287660539768,1,0.0026603697995248744
47,0.1644063879541125,2.681047878434718e-05,6,0.013754779296845817
48,0.3094129716817734,0.025216701481081127,9,0.02148437063331739
49,0.21108931959271743,0.0315401273511568,6,0.014861964142542594
50,0.2601836163584344,0.056864029322718626,6,0.014670087204912498
51,0.20731663299106284,0.006690842709734718,9,0.02334662906980358
52,0.3048420558599793,0.1918242289462651,0,0.0016957769521052507
53,0.33742897237828423,0.009725102577791772,9,0.02680862278837374
54,0.34272708762121606,0.015773180377029294,9,0.02386475193333814
55,0.1888265391450087,0.01225806676474957,7,0.01631917755093457
56,0.30905017924539435,0.18833326625367916,0,0.0020996230922474316
57,0.277826342754911,0.005159592853496459,9,0.029743831394073668
58,0.3196906419046557,0.042852795657699755,7,0.016560447989445642
59,0.21332840342826703,0.06574782935537507,3,0.0066383084534681076
60,0.23057669077361748,0.03505884606344096,7,0.01717936590698678
61,0.31441939457689316,0.20982633781256485,0,0.00126413970221021
62,0.2481726853821775,0.0016372050350758505,9,0.030608704989845345
63,0.3432442083731471,0.20724094906111765,1,0.0026863546267301103
64,0.3191439852770071,0.048392725173515005,7,0.015508194273478482
65,0.2635114104199364,0.05364315123217715,7,0.015481938740175704
66,0.23450043688042307,0.008506701602721128,9,0.026667559858450617
67,0.34751983615594556,0.008858314037200105,9,0.02702795800585555
68,0.309567408285634,0.09972915984461074,4,0.00973288779778778
69,0.3029998082995024,0.042409196923478554,7,0.017351941582892667
70,0.3429540987372839,0.1575337674012597,2,0.005761292548146416
71,0.2142838481305839,0.12967694875899116,0,0.0007601810386954338
72,0.1638767524820189,0.0013065538132386774,6,0.013085303514237404
73,0.32434627828631735,0.1571040435080891,2,0.005304138327074801
74,0.31243160857512386,0.16433650885748427,1,0.004063257471965472
75,0.17496300987346228,0.09483374466361588,0,0.0006692077888677629
76,0.3398074570607692,0.002553332164755168,9,0.030718581205418656
77,0.33103367747698503,0.2280602802592721,0,0.0011448164838678235
78,0.1623749255182612,0.028406632867668646,2,0.005265967994800753
79,0.18519416744512,0.06899315328511012,1,0.002646112478683709
80,0.3377820315808529,0.08091514709234597,4,0.010388349034187753
81,0.2783091599340776,0.09035984344699592,4,0.010083711505022179
82,0.10280165316066021,0.07515342305052224,0,5.518871894168794e-05
83,0.2361033542926813,0.12303760015593516,0,0.002080513138080333
84,0.21724023954128893,0.007940278736885697,9,0.024699885865125292
85,0.31496949404894115,0.1489713060767735,2,0.005542860754276909
86,0.16965222940721736,0.12114007424034198,0,0.00016568980912588644
87,0.3211281331085168,0.0003032573220289325,9,0.03225192782346669
88,0.2002894200378162,0.09593795647960894,0,0.0016603664450008336
89,0.3287724423776902,0.058222359427281455,6,0.01344013689669443
90,0.2162816832885792,0.049181700291749425,4,0.010836231886828676
91,0.17945555011200348,0.003257501544480867,7,0.017258123862527824
92,0.2074860614855803,0.09361024894678333,1,0.0023057589827058535
93,0.346194436909039,0.10547929439623725,3,0.00827673100584847
94,0.16722790099399326,0.05604678994984809,1,0.002290122415138427
95,0.2689062219087874,0.08317044239656071,4,0.010552633589996934
96,0.34613842466012307,0.18875328012700526,1,0.0039661508756237045
97,0.3070313130453992,0.19447079006149226,0,0.0016605947017981387
98,0.2954435237655884,0.08388840134781336,5,0.011404557328484353
99,0.14010587808448416,0.022968006389533824,1,0.003024497766073089
100,0.27128413013324115,0.03928148976392881,8,0.018683482992150374
101,0.24952011793563492,0.1383901945338426,0,0.0018786143221888655
102,0.30574964570404284,0.21245834379454576,0,0.0008828735566515074
103,0.18694009697488767,0.05938841324052377,1,0.00391986776237352
104,0.13884152119213672,0.0016033313552860674,2,0.006342031382117494
105,0.18373335887375955,0.18114498419778818,0,1.6107489848677115e-06
106,0.3417936858391492,0.042779973976478564,7,0.015544180922942312
107,0.3225048676686263,0.10763745633435136,4,0.008926640678915866
108,0.3011654392383479,0.13643584854679924,2,0.005947610995441051
109,0.30284555618270664,0.0187323310837247,9,0.023855196988558522
110,0.3216592778817065,0.1968672742753317,1,0.0022407977372708955
111,0.3144847593284658,0.05673438255408357,6,0.014332684700590698
112,0.3056850140297649,0.03953205661899521,8,0.017862888901759348
113,0.34942717704636067,0.23850284520989698,0,0.0013784593091482977
114,0.25124751637084963,0.1250792001969059,1,0.0030327432833063142
115,0.13033432428941827,0.09801928431552115,0,7.223588228757316e-05
116,0.31722460196093183,0.01719318595377749,9,0.024033393526549523
117,0.33779457427334353,0.055072155664289135,6,0.013468829135763815
118,0.13129100177624,0.0723244583903897,0,0.0002786178943332331
119,0.25096004554359785,0.09196400851457531,3,0.007268652449879966
120,0.18920778623754164,0.08115415965859751,0,0.001948435102906507
121,0.1305480490338037,0.030597166284781496,0,0.001575882095277683
122,0.23342436609651607,0.033921727015098796,8,0.017886390776604387
123,0.19730462472384658,0.043349645649091405,3,0.00858930064668754
124,0.177014424536106,0.025551582136544654,4,0.008800992322961469
125,0.16122126110522159,0.00321825108233963,5,0.011569929296039576
126,0.11598702420303388,0.05775727327601178,0,0.00027205607133260536
127,0.31259092074248807,0.07526196351558356,5,0.01203647618760277
128,0.2920246192724252,0.06133068252734386,6,0.014396744552677148
129,0.3157397562604923,0.15962079996104614,2,0.004663043866090619
130,0.2140553591760003,0.04095529262260833,5,0.012626869571276315
131,0.3084463224006018,0.05685665062886861,6,0.014568109028615413
132,0.24824084404570482,0.10936141605604723,2,0.00444525450729372
133,0.2610039568696419,0.07563287223675011,5,0.01119330174146672
134,0.15905601104432204,0.028110589978573297,2,0.004786845949152007
135,0.2828348147950381,0.11621903018542966,3,0.006940085189831641
136,0.2861886395402343,0.02073043281013326,9,0.02354648750776223
137,0.2623109252971698,0.019343339986118212,9,0.02408717905972351
138,0.23934116764456528,0.12966901982675513,0,0.0018360753178740632
139,0.2924612227819174,0.14838125293558452,1,0.004126290775223471
140,0.3328356264598689,0.17399114182542708,2,0.0044061158993186095
141,0.27470460347053005,0.11495500561262774,2,0.0064054618947459955
142,0.23898451475858368,0.06546717312196333,4,0.010700240365609986
143,0.18735514954576324,0.03226084501802284,4,0.009326520944168765
144,0.2025866749348087,0.05129492940874114,3,0.007761356262086058
145,0.24527852333067515,0.0706171438518313,4,0.010463173141651325
146,0.34222950406239994,0.06273674255867083,5,0.012134116565574286
147,0.1931611305571216,0.07332148362357449,1,0.0029505968619434313
148,0.2717864513572302,0.07457873625923249,5,0.012114614417430473
149,0.29468948221734553,0.16654329649900115,1,0.0027282852895186343
150,0.23222278189468834,0.1276801289554772,0,0.0015597437196690496
151,0.3260884135495007,0.19620555354735927,1,0.0025102795843490334
152,0.1679992296698031,0.00912317092748327,5,0.011483814139161278
153,0.21286104563829228,0.08885188808092521,1,0.003214814215429064
154,0.3494468621528701,0.062173000171623416,5,0.01183952554637178
155,0.3075275644206167,0.11979763864837656,3,0.007883420118300902
156,0.20170858857033588,0.022096181798511506,7,0.015960731084226402
157,0.2197503555534737,0.04866890698893499,5,0.011607541024154306
158,0.14423291153834025,0.0009541899972608458,3,0.007696916008507944
159,0.2853733471697026,0.15414341907869392,1,0.003081232679264052
160,0.17262963819253518,0.04849007086960248,1,0.0036260996365596225
161,0.19816429806485866,0.11554557531115994,0,0.000718816495442669
162,0.21062203871326815,0.06785805838084483,2,0.005845191958746163
163,0.31841293858328074,0.08070683578501181,5,0.011263044034161293
164,0.23525737987770837,0.09203219917190726,2,0.005311493345608045
165,0.3474585830654264,0.22780402765395857,0,0.0017700036577625923
166,0.3200037829193188,0.22566489323461747,0,0.0008850347219241734
167,0.3390781134905522,0.18997926103348242,1,0.0035834478248787725
168,0.2529949494550792,0.08119238554631855,4,0.009372943706426507
169,0.24836644916233,0.08753998217244786,3,0.007691046441591877
170,0.3427898971067768,0.19334099925231166,1,0.0035331389970952717
171,0.2979085081847607,0.02954086473177328,9,0.02059995720431877
172,0.17828671260789897,0.039110054398850076,2,0.005944561182181371
173,0.21469522954253534,0.016291809044031658,9,0.020908921437337427
174,0.12768784053913884,0.03266475528269027,0,0.001298014153083039
175,0.20248894537724618,0.07282950688292417,1,0.004004168920248892
176,0.3488547879145115,0.08242957782121885,4,0.009704583026316565
177,0.21749048783055408,0.09844317587076952,1,0.002684617393784822
178,0.12925615768839174,0.04164525020450289,0,0.0009581806547326405
179,0.28217635467977176,0.1411182178229805,1,0.004034386387814041
180,0.27539146104103673,0.10476191610170624,3,0.007844282759568128
181,0.2970179760922631,0.15236979704673492,1,0.004085780362882095
182,0.312815115017681,0.062241227137119486,6,0.013612444503048582
183,0.33831219529137785,0.1999889229598848,1,0.0028939992646852147
184,0.3410267153183683,0.21210330623513196,1,0.0023009121985877725
185,0.2073321848498384,0.08535467923863484,1,0.0030530610874814615
186,0.1315780905757819,0.02220437059518069,1,0.002279850608679464
187,0.3117930990803361,0.16587156935243058,1,0.003894658823357346
188,0.3223171656890261,0.08822162643170765,4,0.010434897051025122
189,0.3382696650279722,0.2071918950460321,1,0.002452744227742404
190,0.2987662876694473,0.16525180782815527,1,0.003093755041338132
191,0.20476545244004457,0.0639280477469537,2,0.005653867927258337
192,0.19007500250043538,0.05554118085066819,2,0.0048985766425254955
193,0.3398978485339374,0.028983209131101997,8,0.019166967840243708
194,0.16022953805788806,0.03956914376505141,1,0.003300830194821564
195,0.23131211283649067,0.07304612908150979,3,0.008010431150115955
196,0.2598345401643459,0.004110172005575263,9,0.029940795860710582
197,0.14441651190198598,0.11807190563545515,0,4.9522737674583755e-05
198,0.2408653237577698,0.07353311711706512,4,0.009292033289973585
199,0.28829641057050553,0.09021365531778536,4,0.010533945677053276
200,0.1389486720252146,0.03212841764750176,0,0.0020402164267592057
201,0.14163460476147144,0.036270536164561065,0,0.0019196022884294672
202,0.3170598704543718,0.052232183648740126,6,0.01493393786933687
203,0.3430882837570126,0.03928312317373473,7,0.016269775161911085
204,0.32880596217422225,0.17572155193525965,1,0.004086573884376829
205,0.3268530807787503,0.17133033249081212,1,0.004318195309777603
206,0.18480234861300357,0.04908902534791061,2,0.005185915189571555
207,0.22045447091042036,0.000940105798884283,9,0.02829843142640597
208,0.2211464938273454,0.1095231570107094,0,0.0020582787295130535
209,0.18374890598463048,0.07159824795464316,1,0.0022921376257332535
210,0.27428294609509296,0.020367335952536675,9,0.023806730601016603
211,0.3148922405367212,0.1934879451564875,0,0.00209568582530515
212,0.24985675740284718,0.06750727150422581,5,0.011640141196853122
213,0.2898979487933603,0.15941545350218417,1,0.00296408506699393
214,0.13936401995781056,0.019164234689476554,1,0.003399149191604485
215,0.2471280643853295,0.13319145724841935,0,0.002078039099560874
216,0.28221596588540016,0.052492217070005544,7,0.015979299143770505
217,0.24637813890390198,0.059930962777056535,5,0.012845626381574014
218,0.1552059966158466,0.013486161200238461,3,0.0070259013077392084
219,0.33658404750621607,0.1034275479519422,4,0.008790196347987148
220,0.1601624404810089,0.004783517530316243,4,0.010726653516211462
221,0.19581276655401095,0.07685780939573068,1,0.002840531771415135
222,0.27663499875902914,0.13054310987347809,2,0.0046850912816727925
223,0.3199345789848579,0.15306370958221108,2,0.005434256606337244
224,0.2300253726407706,0.07069907760486703,3,0.008280132367807204
225,0.19275793795244606,0.06328234028570469,1,0.0041078748533613365
226,0.2686092861884809,0.12093818030274811,2,0.005068632186652256
227,0.18757353475923938,0.021224848583263945,5,0.012706787145494367
228,0.30666910256907637,0.06299816319993906,6,0.013749188558295536
229,0.24607980337752788,0.021201169023931946,9,0.022911223049380428
230,0.14418185885086746,0.018297212757656788,1,0.004151344980325705
231,0.27259629571639904,0.0534153186507549,7,0.015781812897787965
232,0.2910819557742744,0.12269768630313692,3,0.006771461452408602
233,0.2722276600475476,0.06553706790678224,6,0.013623663898362897
234,0.20815747122019218,0.023886065839256898,7,0.016799121271841643
235,0.1767768462118415,0.02601125271222382,3,0.008625303922139711
236,0.3035104107062323,0.16464145348984666,1,0.0034587229334351135
237,0.2998983299873811,0.15425467571460122,1,0.0041174341750371355
238,0.348257153442424,0.16484590503181948,2,0.0054172120408250875
239,0.3248302566846406,0.043171146690355613,7,0.016259577203750524
240,0.2900315916564866,0.1544703425802271,1,0.0033876458216667627
241,0.25555406170244865,0.04112593781262529,8,0.017860927065783665
242,0.19230240095550827,0.1338932203853739,0,0.0002582764090508098
243,0.20812494004176044,0.03482802774521998,6,0.013212244854009292
244,0.2852901681263568,0.14922391157592244,1,0.003504582617622961
245,0.3450325074222059,0.22141119826189243,0,0.0019821211367274413
246,0.2805394269642284,0.14014208956324128,1,0.003999128580218942
247,0.2513931290690819,0.06337968555189068,5,0.012646557434812087
248,0.19107242892111903,0.010361957546471609,8,0.017711613776290432
249,0.3101453252038173,0.1522501653069183,2,0.004981390549122569
250,0.2923377663713138,0.10519211065663273,4,0.00887542422757166
251,0.15616572128228892,0.053574418524452015,0,0.0016839192124231603
252,0.2510170082655394,0.09456268218678275,3,0.00685675071856593
253,0.1896053842497153,0.030208464430762173,4,0.010408515656232435
254,0.1747044076816161,0.03147222170346242,3,0.006870627791480611
255,0.2625613632357323,0.12782418978889268,1,0.003728221468987525
256,0.3240770198897775,0.20273804711747115,0,0.0020219198155710075
257,0.2810859011658678,0.15162480855023014,1,0.0029858001395547196
258,0.28609860110427526,0.06114469844750041,6,0.014501267761852229
259,0.1719710209118219,0.060983707337525124,1,0.0022517326115582626
260,0.3350024567574247,0.027519279214046177,9,0.019813440513998894
261,0.19966127428231034,0.07143711336231175,1,0.0038542259046911785
262,0.13677097104579405,0.006233653178558358,2,0.00501182376586285
263,0.14800603381650357,0.023026954458160616,1,0.003979142177831877
264,0.22872618725209348,0.05129655272697284,5,0.012471590354912607
265,0.16860061863337295,0.037364605119310286,2,0.004701373040723429
266,0.2225120569449257,0.043349208691160906,6,0.013531620735652363
267,0.15846287932477168,0.016472777734463633,3,0.007008761596917268
268,0.24988890911216285,0.10818382061077646,2,0.004767107904973779
269,0.18043158396548187,0.04226703167192497,2,0.005706867821266128
270,0.31716690089979516,0.19880783894428344,0,0.0019067647484124664
271,0.18457933801149293,0.006544289396204911,8,0.01742541549521324
272,0.30202418588106394,0.07131437739174988,5,0.012816670335587683
273,0.28348976500483924,0.09267730794453807,4,0.010034935164435066
274,0.3255905820081031,0.2033905224765221,0,0.002058343667633141
275,0.24584377558385137,0.13642251210317163,0,0.0017898595113125502
276,0.13874231919504715,8.183972009703127e-06,3,0.006688915216501526
277,0.31275132058456323,0.19690883380666538,0,0.0017992106386982955
278,0.16536202303257794,0.03702165211341146,1,0.0042901206570940004
279,0.18342957649696898,0.025673735117146174,4,0.010269418297559634
280,0.3419448266241709,0.12072770152862226,3,0.00764744389665277
281,0.23656481308267463,0.11483834721103242,1,0.0027702414608534306
282,0.17799706728577397,0.04135684568481267,2,0.005475066284213033
283,0.2368840498660476,0.07687221406782507,3,0.008085383542416875
284,0.26572124227553734,0.13242944022817418,1,0.0035346736198551246
285,0.3234255865540223,0.20767025754955298,0,0.0017307736372043482
286,0.3092949002599124,0.04681463782380949,7,0.01623350912488725
287,0.346627026244505,0.11239090693837596,3,0.007896549086445392
288,0.25721264237095254,0.08663819624996248,4,0.008889418301566332
289,0.1686197211005769,0.05733033159898949,1,0.0022929246614165396
290,0.1320633174429775,0.010192784944359178,1,0.0036747035993622804
291,0.2359962609617017,0.033504881966351444,8,0.018313115470414486
292,0.20528990373042455,0.03895078281493381,5,0.01139987923116963
293,0.3097690469970398,0.01962774464128128,9,0.023341216928972192
294,0.22515757316527382,0.07623314064882093,3,0.006510269997244324
295,0.28261077306978605,0.11873909958194934,3,0.006607994485636351
296,0.21247810195723738,0.04969582223273725,4,0.009990744002743962
297,0.3433604752523629,0.09497533923419023,4,0.009039169888021831
298,0.09012193071139298,0.02510010731264866,0,0.0003754774042665827
299,0.12216166198420277,0.0036950990605169264,1,0.0032912491653352967
300,0.16377385783661336,0.07041310708861387,0,0.001158847810001018
301,0.3056020605580203,0.0688736032330563,5,0.01301778355871554
302,0.3108954582974602,0.17433449964670553,1,0.003162050976741525
303,0.25171455297361345,0.10093008319327093,2,0.005967598839120564
304,0.11170339942729897,0.012743963595145022,0,0.0015497089785703072
305,0.08412112905977885,0.04808170913106304,0,9.135040120878794e-05
306,0.24506912953380755,0.13424915398386325,0,0.0018813731630152651
307,0.10948493930088285,0.008768489869356525,0,0.0016676044971793396
308,0.33477388442276995,0.18502596968174106,1,0.003714767596223826
309,0.10516035476226177,0.005234129204708435,0,0.0016230985754081525
310,0.11029987232397924,0.0029633127093715173,1,0.002170575019752106
311,0.299751499777881,0.07762482910825391,5,0.012105328944176656
312,0.22910622001605999,0.04752207713095167,6,0.013502989873442629
313,0.3446688038446277,0.22531934436539927,0,0.0017739920135807926
314,0.3077511025183632,0.1569022222263625,2,0.004410710171926874
315,0.19240919584974422,0.016689292744959464,7,0.015593370202234046
316,0.2094385440565063,0.035308954863345884,6,0.013344224251084886
317,0.22063310387899315,0.027990188968397244,8,0.017837291039865987
318,0.16422868848183525,0.015605728135327944,3,0.008517010036979269
319,0.17796537095163825,0.030859933277998096,3,0.0076644589511561225
320,0.16181118936706934,0.060185159068272195,0,0.0016072218256777285
321,0.2479573742004544,0.050270852928186435,6,0.015180017775654437
322,0.32080237624031754,0.02690202023370176,9,0.02055418030145746
323,0.2854387413663778,0.1606037477159051,1,0.002575470692469466
324,0.19115372028382127,0.018830473674230713,6,0.014475598151510637
325,0.22258981341164552,0.023253995866182108,9,0.019747388346768594
326,0.2645543784314511,0.09738563114783103,3,0.007919738294577245
327,0.3291385580404756,0.1357972354155483,3,0.006970200759207359
328,0.1894895637730689,0.05111954989910567,2,0.005556953433475841
329,0.10449741535418969,0.0005128478259775798,0,0.0019125739355241647
330,0.2924547733036964,0.02215581211344176,9,0.022950870758388413
331,0.25880679004160684,0.06933435385404646,5,0.012157176980373179
332,0.1683767021406697,0.04224038672552752,1,0.003936361793839899
333,0.12500237137102674,0.0016262767767200907,1,0.0039462553902630286
334,0.2771084329308646,0.044674507004814436,8,0.017512447524716694
335,0.24669190554256235,0.0933820299940555,3,0.006519220425054134
336,0.21401532311963958,0.05149206478669235,4,0.00983634823751811
337,0.29683782088689403,0.12320207713134394,3,0.007079187981769226
338,0.32994561057977506,0.17019432042695345,2,0.004552824990456529
339,0.2799226808038195,0.09674373967995105,4,0.009290796242155784
340,0.21536916830884487,0.07035289984395354,2,0.0061128893849858625
341,0.13187059563764006,0.004426891217088626,2,0.004526862529761115
342,0.1256215554833706,0.006812366394663483,1,0.0033136031570979965
343,0.11541665109461792,0.031006012704269663,0,0.0008505414782121869
344,0.29755442263499177,0.1899846418394909,0,0.0014601314622397494
345,0.10762607981129663,0.0009547591577372255,0,0.002121233640648095
346,0.24784062401897758,0.13153047479538665,1,0.0022432642907368053
347,0.17140240658001846,0.021090105217656054,4,0.008711483812393504
348,0.13074033341162258,0.00023042233510028529,2,0.005083019781196946
349,0.20558276230791298,0.010663873886651996,9,0.021275595423199362
350,0.22704393384923283,0.11207804510938135,1,0.0022751491901951077
351,0.16238608968035337,0.0053484699262214,5,0.011170771124815269
352,0.25366069139169684,0.03204804660752096,9,0.020081304396432062
353,0.13567314505500094,0.028008333609424618,0,0.002119363935665345
354,0.34929403277553894,0.2308770655894314,0,0.0017006018362427657
355,0.1968528839521459,0.0394844698437773,4,0.009467359809895595
356,0.13118123050330682,0.023292319156443607,0,0.0021530381784478376
357,0.1476441535242371,0.042851737033451555,0,0.0018595381765289483
358,0.20422124577754275,0.029424330669451416,6,0.014051482082843512
359,0.2280430101866228,0.02700074028010714,8,0.01930677679805431
360,0.25284582138268,0.05980246256589872,6,0.01352653462045803
361,0.3281410194621305,0.17849791217248137,1,0.003846426963201292
362,0.3264856627313995,0.18393507313318372,1,0.0033607319330900085
363,0.3150489093952625,0.10743207090560598,4,0.009037282916672612
364,0.26061875742626683,0.09529737438023203,3,0.007835408713478173
365,0.20097963353647796,0.03850841977703294,4,0.010605222934182666
366,0.16844523263447617,0.03831612589503042,2,0.004526580698014226
367,0.21201859028066694,0.02231047531712478,8,0.018169374143781135
368,0.29615506310084483,0.17686047677628175,0,0.0021085231141014524
369,0.33076378362957903,0.1034893071510663,4,0.008994738813042611
370,0.20353075436849374,0.07336951683125505,1,0.0040563136404141555
371,0.1989655229042628,0.08049842604334131,1,0.0027692438638464005
372,0.18347098184260247,0.028740831263473328,4,0.009408215839776544
373,0.2897075259643507,0.1904529272270213,0,0.0011292165016457685
374,0.19150044534878646,0.01805217382323527,6,0.01484876290814724
375,0.16199433275339106,0.04627243274404713,1,0.002741674490970315
376,0.13655982975977363,0.02020271661676691,1,0.0029565034366768705
377,0.16876060119166522,0.013829829078872927,4,0.010161791414099725
378,0.20404139670085497,0.03302251860734024,5,0.01287561719441052
379,0.21036156237667672,0.03546886485755864,6,0.013488701015776093
380,0.1874218548129069,0.06579621448623629,1,0.0031897052420245464
381,0.10575758752851902,0.000367339438167919,0,0.002020244644114264
382,0.179525616192462,0.03841182994720105,2,0.006300322009033877
383,0.13595244849765253,0.00375461896965113,2,0.005335138652271444
384,0.2415245501389457,0.12070202713521286,1,0.0026487485444468915
385,0.18837614276961182,0.04108297050269359,3,0.007371005363073272
386,0.1288624603427492,0.006325744098642623,1,0.0037930577826502903
387,0.2903307316017923,0.17194883051480062,0,0.002093011575895849
388,0.3386844445434582,0.07042218493960886,5,0.011384619533991391
389,0.14386623470274468,0.03791283423628529,0,0.001957163590146124
390,0.31706603470222317,0.12239032978539553,3,0.00784293585546501
391,0.1999038776356952,0.04529134976732776,3,0.008634428161492173
392,0.2762721728058587,0.12048384447303097,2,0.005842867177693687
393,0.13642168894933585,0.030021409829756096,0,0.0020150846691931205
394,0.13048293629114752,0.016518354073477442,1,0.0027279045579577093
395,0.2677215748351147,0.10443992044341457,3,0.007185488316809648
396,0.13549476502022756,0.028317474653078628,0,0.002080085288935027
397,0.29986757539770387,0.1491589255715989,2,0.004594092626565896
398,0.3150199290862907,0.051860111868786835,6,0.015088220870768295
399,0.18974501378018788,0.0062407812829655684,8,0.01907807430924387
400,0.09574413358401294,0.0020966020223255376,0,0.0012682935652407737
401,0.15568282592702587,0.01930532415694758,2,0.005844122556294493
402,0.27718910260131946,0.061077624033160326,6,0.01448885290841636
403,0.17736776050032932,0.02324030627355648,4,0.009520425372704738
404,0.2854068513518671,0.068340416002328,6,0.013417876407341522
405,0.248374050650476,0.05894297334257087,6,0.013276813718079917
406,0.1272772443235658,0.016513637075553735,1,0.0024230523938072253
407,0.1473006391942802,0.04913664671689908,0,0.0014347916129335628
408,0.3084347480491222,0.1908343450687553,0,0.001922816810815073
409,0.2921988387924718,0.028871655301519472,9,0.020950968768192878
410,0.2800822263579361,0.017325556463963148,9,0.024792055524142074
411,0.14860614014691845,0.0038043533661772447,3,0.007982100368008982
412,0.26568323587575,0.06674311013380091,6,0.013117554476645676
413,0.15290986380851088,0.023753019761664374,2,0.004570329243919101
414,0.14427967578990752,0.024468656129924136,1,0.003315491403882352
415,0.20743032346420978,0.03695571099853219,5,0.012428479403170371
416,0.22174301171950092,0.08225382501564937,2,0.005063280372065619
417,0.3178068412898641,0.2018720425631022,0,0.0017735105876149242
418,0.24620038238116104,0.129845929420549,1,0.0022574491720934184
419,0.23664081012584945,0.11946841251844836,1,0.0023853339091526307
420,0.18018837176294736,0.031138829086280143,3,0.008060931380273879
421,0.11567367528049212,0.003050632805110665,1,0.002652937795130744
422,0.277175075321208,0.1121121804923982,3,0.007000201473149383
423,0.1989434638218809,0.006873225028513799,9,0.02130302319442771
424,0.316761538541884,0.17136642421429724,1,0.003752786438974593
425,0.2865552708061496,0.07016755523133325,6,0.013158046577231184
426,0.2576200176686562,0.1454580248841682,0,0.0019015571546042477
427,0.24471836187148022,0.11242387634704497,1,0.0037346033008146535
428,0.3396870480565731,0.2121594283116876,1,0.0022357465295499775
429,0.08867972354617264,0.0009830115842739103,0,0.0009969469976885458
430,0.2895758481319298,0.14152245510985656,2,0.00458520509746438
431,0.21099432160950418,0.024344695334755674,7,0.01724228671354039
432,0.21825234784842434,0.06743490856623506,3,0.007090958759507365
433,0.17924328011768995,0.036841659025040246,3,0.006573028319958526
434,0.11749984095926234,0.005260436835303424,1,0.002606153830758805
435,0.2916706879365204,0.10061754042529719,4,0.009383567710483116
436,0.21540172492625034,0.04164142572345712,5,0.012695505060397077
437,0.3284550198987736,0.19763545228657103,1,0.002543427236320749
438,0.19651936882944074,0.027056016218165006,5,0.013019313961856568
439,0.15193202548595366,0.050321030845735,0,0.0016317572655240892
440,0.2995562770904162,0.06075265425641596,6,0.014301099463524229
441,0.34812123458398275,0.21034153171521155,1,0.002728147425930051
442,0.25292808215509566,0.07689102899822722,4,0.010156378603113709
443,0.14046404342518903,0.027246611700310567,1,0.002604130076649577
444,0.12002233252938854,0.01558567164755995,0,0.0019098758864752859
445,0.328648408240682,0.14613499599633406,2,0.006260985697840648
446,0.24685050691734267,0.055033087212059455,6,0.013983340922774914
447,0.22339038594340951,0.1083455345399217,1,0.0023040421433908856
448,0.33920226322313596,0.14854940431050315,2,0.006240943242877294
449,0.27507308591412044,0.07463430671191645,5,0.012255958272083384
450,0.3091955238167642,0.03885254674268939,8,0.01787480545074451
451,0.3010607063478718,0.11761690562449234,3,0.00787761979683581
452,0.21501690300636278,0.06478755983640135,3,0.007090349089674664
453,0.24423068736481507,0.04423369637036664,7,0.016282739995367407
454,0.1632632657653496,0.016596450132981656,3,0.008029248859918297
455,0.20541418625075178,0.05704830515041921,3,0.007044237647641617
456,0.3269684120496631,0.20639057689030604,0,0.0019588658755213205
457,0.31605296948432055,0.06625866712427447,5,0.012950651739783273
458,0.3261174986110431,0.17585527240575907,1,0.003936381081901105
459,0.17914645403701548,6.818557996145225e-05,8,0.018583595831676493
460,0.12329981256545458,0.009264495513415402,1,0.002768983268126177
461,0.32316619215304376,0.1961483019368475,1,0.0023618821972046025
462,0.34024364328419754,0.21039507722778353,1,0.00236104616268887
463,0.2001508381470003,0.06519538306823955,2,0.004791087562870968
464,0.2093572811080303,0.053957610429693555,3,0.008399472099560648
465,0.28404001582762256,0.06802147805328118,6,0.013458870964065823
466,0.31753648280286234,0.09703763594609413,4,0.009845613525886698
467,0.3015675148032122,0.10941823699288054,4,0.008732033064309004
468,0.3221598042827467,0.06212689192937265,6,0.013211881579995565
469,0.1519560857333757,0.036634985114296394,1,0.0027583153444545034
470,0.349111931514939,0.18887154398617956,1,0.004067879485737777
471,0.34986146323037154,0.2200814727136812,1,0.0022612351042802176
472,0.11998169019370235,0.012677855321193131,0,0.002139332485664193
473,0.13745077585609378,0.03282300720407989,0,0.0018772182762698273
474,0.10657514985163351,0.0023300901225019217,0,0.0019278939123946832
475,0.1669801159549365,0.04885191877656531,1,0.002962298638470848
476,0.17496400454444175,0.026819206221442193,3,0.008018482759786004
477,0.195774486172638,0.05071272338863951,3,0.006672358607869585
478,0.18632365797570588,0.008616156584982404,7,0.017074370635069055
479,0.2328672743628415,0.06148700392174148,4,0.010684762112944128
480,0.34465660583474467,0.23084661789820227,0,0.0015218504662571264
481,0.29856595349550724,0.12862963294571922,3,0.0065984885381351575
482,0.2639234892770522,0.028209321058392852,9,0.02141996915482235
483,0.3196957893083533,0.12824506647790984,3,0.00741728110808777
484,0.21116607738423188,0.04739860257330588,4,0.010319007327502884
485,0.3197990301128814,0.11286352638626107,3,0.008579228178669922
486,0.33987077442018765,0.23378633647106647,0,0.0012296169567976782
487,0.33551332073127393,0.2066074863210906,1,0.002354277223979785
488,0.32367409965822075,0.1944469540912055,1,0.0024944256428378092
489,0.10656880236854616,0.0007420180035001632,0,0.002053728734619504
490,0.33031530820218796,0.20308463834649368,1,0.002306670702414855
491,0.3351799296018804,0.161088394396998,2,0.005395959138715425
492,0.301860081839832,0.08863989956544313,5,0.010861857587859907
493,0.17152956065958558,0.006353961881334393,6,0.01351998457334274
494,0.2495275173959423,0.0783269551021956,4,0.009489785343785083
495,0.34721667731969397,0.04158274107676496,7,0.01555134545321929
496,0.13610617131539007,0.014527057626628774,1,0.0036041256963218024
497,0.2207021736091947,0.07965433637257777,2,0.0053234811443012954
498,0.13328353837753273,0.017735810230300606,1,0.0028842316302348145
499,0.3489131354324613,0.10403971640404841,3,0.008235835552443919
500,0.22771574076218618,0.05758991670252234,4,0.01077066506918373
501,0.3109886561989322,0.007807378904942457,9,0.028261281188365496
502,0.3096420116667326,0.03558307472936457,8,0.01862065684808455
503,0.300567294152758,0.0061161626278545865,9,0.029218603683591395
504,0.2777943908265875,0.0638081855723147,6,0.014047136974849002
505,0.33706840028775065,0.2176207352284114,0,0.0018295328495175796
506,0.24858359052906404,0.08348627915438771,3,0.00842810867871846
507,0.14551639395146965,0.03422221983832019,1,0.0023975543850507227
508,0.30432095077689625,0.16883094823327302,1,0.0031735233883183177
509,0.17048191612152822,0.011054693589965268,5,0.011525142354489492
510,0.21495042219824817,0.0760649607724541,2,0.005113574293433365
511,0.3072549724036512,0.13387634808351812,3,0.006540874066374658
512,0.24034961128482177,0.12316605621242133,1,0.002360409855122645
513,0.30174130290042095,0.15283890429412259,2,0.004377519931845108
514,0.13932995941191428,0.002666198304165238,2,0.0062050061372889735
515,0.23492041421070536,0.12066163168083822,1,0.0021736097091008834
516,0.3036984365901705,0.02701900232244345,9,0.021129969576081795
517,0.31894512270488323,0.19485138924583595,1,0.0022224611720951097
518,0.26187965359266113,0.0898569624078113,4,0.008843046801558306
519,0.33384580156154237,0.21796688754287924,0,0.0016755586348660104
520,0.2951128686770306,0.1165478378068032,3,0.007716364112569682
521,0.3037380843627659,0.15190018383368167,2,0.00460209892709769
522,0.17121791769345243,0.044062232639642346,1,0.004048106334390369
523,0.3193983042398626,0.1836979383941299,1,0.002979362230673149
524,0.15736866941520852,0.06440930107151144,0,0.0011506769448962073
525,0.3264616513019718,0.20028266140660156,1,0.0022803988565330085
526,0.3154260930924838,0.08449796493174498,5,0.011003698250178436
527,0.31334288331883914,0.11498800091065658,3,0.008412657754221725
528,0.12324659799952113,2.450484485337005e-05,1,0.003937316501628655
529,0.32742161199952197,0.024857385443310683,9,0.020955325671821453
530,0.1636618822572951,0.03379369267196965,2,0.0045485127373610795
531,0.3338459787273615,0.17083305865137222,2,0.004675068844140736
532,0.31488843244383874,0.15639498625801138,2,0.004891615952202373
533,0.33175909316292285,0.041343670259236326,7,0.016327047434016376
534,0.27215057507633383,0.1552391280095475,0,0.0021228190621055566
535,0.15546335879317524,0.001311953492704774,4,0.010544773554740946
536,0.20063065782839604,0.003742531256845789,9,0.023123978242705023
537,0.21160718139284473,0.014368457099038556,9,0.021057028649076083
538,0.30086116082309994,0.15447071734644702,1,0.004165305029695706
539,0.13730085302065428,0.05116018766087802,0,0.0008943850363767239
540,0.2014101097330796,0.04211291242117471,4,0.00973135237546097
541,0.2414825953019904,0.06507021119009804,5,0.01112659545719406
542,0.34315751542556083,0.2168942616828635,0,0.0021354972933598395
543,0.1787571931109317,0.028433207278933177,3,0.008434404236553762
544,0.10392159526387011,0.0019953598243586898,0,0.0017618886374726262
545,0.1485618054689544,0.011897039611096087,2,0.006035355753490373
546,0.19833726533687332,0.012529367610490505,8,0.018767486747910667
547,0.32001801593728496,0.03787333200003823,8,0.017642470611712424
548,0.14934118758808704,0.08594723773672315,0,0.00033556379190587756
549,0.1472381249088606,0.02621858666817373,1,0.003445670773386232
550,0.20930497920998836,0.033853155963114744,6,0.013761389235835855
551,0.3175365399023242,0.17881200694080857,1,0.0032257383392744953
552,0.3051199782431778,0.15658618690150725,1,0.004265160668643801
553,0.28744895879961035,0.03090576096599078,9,0.02052319634888209
554,0.3097071704592509,0.16421499043034524,1,0.003900952601331566
555,0.1748809911304597,0.021579429695466393,4,0.009397397873717165
556,0.30019955257745934,0.04340842346219725,7,0.017250540604405437
557,0.3206968042140285,0.1999642083239294,0,0.00201330694671082
558,0.23860894488719286,0.06647782693176715,4,0.010430698014233466
559,0.1368949140182098,0.030645617346600547,0,0.002001776740145873
560,0.1594249711578459,0.007774763377179843,4,0.009572348027711886
561,0.3335211246389374,0.1902587486341552,1,0.0032914061877750427
562,0.3403466066155747,0.1733484653545024,2,0.0047435295877754
563,0.3422779799436502,0.044807363667482836,6,0.015096263702706218
564,0.27407769439908797,0.032440988065659634,9,0.02032879504039599
565,0.33055343619775024,0.2141453537478984,0,0.0017206291372101246
566,0.19128410541361232,0.028783410233152416,5,0.011222747452972076
567,0.254796959431599,0.08207866401795866,4,0.009418363660636737
568,0.16576278155186394,0.02104869353675409,3,0.007462619312721234
569,0.13441687782741474,0.005773733890204191,2,0.004703369715977257
570,0.20457134783722689,0.07128994540421965,2,0.004470156091066714
571,0.20553004864652846,0.09893151477605888,0,0.0017836414351495957
572,0.18098876394546573,0.0018201500104744611,8,0.01838031130668416
573,0.27661684482918225,0.0959437712453683,4,0.009181383630651399
574,0.19590421885830092,0.004171009717918665,9,0.02171519146709571
575,0.3149896179391534,0.10348703319926321,4,0.009360853043206063
576,0.24551074817409047,0.11861747188559382,1,0.0031643785848123876
577,0.23829299417711913,0.11920926552053016,1,0.002528264042744767
578,0.31323691849431795,0.08362707251868098,5,0.011154412700491714
579,0.2291934383532895,0.09821659934492392,1,0.0038047189488388607
580,0.14247526178393244,0.01204605396998814,2,0.0049190408017995985
581,0.25082880673446734,0.08323468019273056,4,0.008749160685225375
582,0.252384015593122,0.03591788644451449,8,0.018995385121353812
583,0.3393763424979084,0.03877268373924716,7,0.01656038375904457
584,0.12124162649003774,0.017778547115267843,0,0.001834488472873393
585,0.25584538164144977,0.08510334156461079,4,0.00900281255888742
586,0.2205505178735143,0.10238552552695038,1,0.0025829601792492418
587,0.32949844659895616,0.11446740736835381,3,0.008324304720041293
588,0.3328917506300899,0.10861265824922177,3,0.008599203100493714
589,0.11598718534087257,0.015604489709661764,0,0.0016329209713489546
590,0.16070134221942953,0.025202750773512958,2,0.005580257313754845
591,0.32510915018443226,0.16376866951470295,2,0.004816443296724859
592,0.19881682213014806,0.010914413309831533,8,0.01955057169306631
593,0.23480998894023716,0.13239571416384666,0,0.001436501743608976
594,0.2988704103857754,0.18384223308121436,0,0.00183816531142405
595,0.10636318788345153,0.0011665615718892193,0,0.002003196054209558
596,0.13648481943385596,0.007847602650996342,2,0.004678749487673008
597,0.22193015702113295,0.01861524026593999,9,0.02128014537915893
598,0.2908640682478531,0.21546384859796103,0,0.00046620682249587316
599,0.11873564330376811,0.012334360293569518,0,0.002068027789464391
600,0.20623485717235082,0.06605681012734722,2,0.005508578489866151
601,0.28654111671914323,0.0974536371241903,4,0.009557160024593503
602,0.30859393415073005,0.07042312186406623,5,0.012729539853921694
603,0.2967099750691018,0.04180339397724699,8,0.017700044157795424
604,0.11526465291583762,0.010599963282065028,0,0.0019393479649943027
605,0.34398516153840675,0.18482691494566902,1,0.00413220620391188
606,0.33622872571097284,0.21391830543971066,0,0.0019823683461139088
607,0.2508884757750079,0.061186145884651585,6,0.01305276741262688
608,0.1566946092632933,0.014454255357411933,3,0.0071126238125812395
609,0.3113927808199859,0.18924728195418686,1,0.0021674447214267297
610,0.09454161929592139,0.05941649804347903,0,8.642974448565641e-05
611,0.16162646030354597,0.015009751878479874,3,0.008068522510860853
612,0.16720154704770923,0.005848178823066602,5,0.012405579614499654
613,0.33132177072246227,0.024965796118594286,9,0.020774542789357895
614,0.30681974392242006,0.08397134423760383,5,0.01128149068365129
615,0.11326358922400173,0.008593720503706867,0,0.0019447388899469988
616,0.34672038515588766,0.03816059270961537,7,0.01637241337666591
617,0.31609445625108284,0.1913996022368732,1,0.002283913162790042
618,0.2374017183459856,0.07568699804317573,3,0.008385277127534197
619,0.2944328433308325,0.12237487256837362,3,0.007027017884825188
620,0.28999615663509926,0.12065207619528052,3,0.006933754117255593
621,0.10823739453259311,0.004994087736439824,0,0.001848404050872258
622,0.2509830056351081,0.13691744084174948,0,0.002064147911882189
623,0.25165299672080255,0.10245204351052414,2,0.005740412974944539
624,0.23100487442192671,0.08117421137091353,2,0.006479104193204453
625,0.21312613833859562,0.09623280881567776,1,0.0025244031226117547
626,0.302814845597366,0.05848546331324597,6,0.014532084098959156
627,0.17260728771229353,0.016435272492515907,4,0.010355177827519536
628,0.1710637936516657,0.031071425010464657,2,0.006268021456295391
629,0.2265038698984151,0.11801070014480095,0,0.0018193891258179264
630,0.13521980815598192,0.006312454144171295,2,0.004740008086009159
631,0.2799004037679276,0.12079319477124092,2,0.006125987556655494
632,0.2615530433526082,0.10326986187854578,3,0.006720375789504823
633,0.32924249423328117,0.2079985379217715,0,0.0019781041757620907
634,0.16540819619611707,0.019396738834617518,3,0.00779404385294676
635,0.15158940123118045,0.04517991018088534,0,0.0019667278000075083
636,0.3074538658579088,0.15828226480145405,1,0.00426834373655188
637,0.18021758625254528,0.024748732735358225,4,0.00976925627429303
638,0.33337500725500013,0.07607975944746151,5,0.011056764578343594
639,0.17944740199366613,0.05437948659441052,1,0.0036772322993922375
640,0.19304620358889862,0.08153357191484042,1,0.002193164676471619
641,0.32272977089156496,0.13950700105431713,3,0.006613187093590507
642,0.3142162682907731,0.02476325825392239,9,0.02146207573015407
643,0.31528009065391727,0.1896825560379545,1,0.0023475830635340494
644,0.31981600189676795,0.07579638067544359,5,0.011701517973982412
645,0.3403664862811238,0.2205926236069212,0,0.0018233855199009203
646,0.33520853490804997,0.045302484651240094,7,0.015335765087818469
647,0.240822536193107,0.13378667648385428,0,0.001669034705701576
648,0.34961427443430254,0.22094794573710166,1,0.00220449982103818
649,0.19805153103413836,0.05931488808451506,2,0.005442030585690967
650,0.19511328461710964,0.04445641660801609,3,0.007899322397009129
651,0.2337071427302882,0.14027471535454197,0,0.0010341409142684255
652,0.3296922494610451,0.09480179050539922,4,0.009637807111278235
653,0.31881964529461776,0.03941187287597222,7,0.017342210507472557
654,0.14441617681546548,0.007192602626368751,2,0.006233411554166081
655,0.25644104675847273,0.079727743395926,4,0.010018528552657715
656,0.12877083610949275,0.011466906119171474,1,0.003110174303348088
657,0.16564760725525718,0.0023428933925660144,6,0.013242146093482484
658,0.3200983582643376,0.19483384823139174,1,0.0022831460459700544
659,0.33359358629542235,0.06252680387828494,5,0.012600492152700964
660,0.33215025241361645,0.20162493827404546,1,0.0024852786599148914
661,0.2130122000991698,0.06699933939577098,2,0.006357696290341939
662,0.11528525943392982,0.009454145906890058,0,0.0020312849101576263
663,0.33971959578814076,0.023495502297543415,9,0.02096322165274396
664,0.16774636251298097,0.030699459338883718,2,0.0057481474661383565
665,0.32792784189479623,0.20151307887322556,1,0.0022808815970392455
666,0.3486794983500466,0.2233534541994585,0,0.002039477315936971
667,0.3060833027586395,0.1541016062665067,2,0.004555061120144816
668,0.14739435397847908,0.008464484061771223,3,0.006555029385149069
669,0.21405026916929185,0.08288313861146751,1,0.0040410754233968825
670,0.3429251560571811,0.05805358483971522,5,0.012753568918415689
671,0.3131047093288465,0.09148444397286547,4,0.010423217630347344
672,0.28475989828109727,0.03768836929633103,8,0.018921328455776674
673,0.3381664742331136,0.2122857656925342,1,0.0021585045279913103
674,0.2275725970099422,0.08892518756635565,2,0.004821458126435219
675,0.31391058087227397,0.18613603914949756,1,0.0025010847294935266
676,0.26220843529362187,0.10983683353556471,2,0.0058596555533572845
677,0.3250386227494769,0.2022197991586339,0,0.002097552053782298
678,0.33987892519640456,0.1461787381887992,2,0.006375537114060322
679,0.2852557388951775,0.10560080335574955,3,0.00845553482569151
680,0.33068489306407417,0.20860929194099537,0,0.0020121652139938003
681,0.28815600219288723,0.16515797103029553,1,0.0024179095461505738
682,0.15283729491582182,0.04325826230502767,1,0.002215984244314692
683,0.23493089137524678,0.11154327665188837,1,0.0029378553886659927
684,0.19899766795089227,0.04144482341522939,4,0.009407067071656318
685,0.16010318887268898,0.04370730036888539,1,0.002822495175374383
686,0.266917845456153,0.10950571695404067,2,0.006389225305424194
687,0.3203396814351565,0.19334810067504676,1,0.0023873845576397627
688,0.1683955245078886,0.03627599816992661,2,0.0048498882232831326
689,0.20037440151643365,0.022407039316920962,7,0.015530273571549196
690,0.12322204065139832,0.016003702609783687,0,0.0021222913163555877
691,0.3428994335505006,0.08858323352246023,4,0.009512679624205368
692,0.32894244985918064,0.07024032221860092,5,0.011888444258687665
693,0.13436812333548104,0.028307033916289713,0,0.0019948403520181467
694,0.10150516607549509,0.004466273129126747,0,0.0014492016808791963
695,0.1699504715653328,0.04346319163191923,1,0.003968206077284783
696,0.23331900559041885,0.08873661205669639,2,0.005563116867708151
697,0.2555512562255622,0.14086566373710085,0,0.0020790239003801287
698,0.2065218899894346,0.0934784600730565,1,0.00224423234332987
699,0.1811788529696176,0.01982607849046971,5,0.011506770443742587
700,0.22551570237930307,0.02899476478098635,8,0.01830154766432516
701,0.20024177881401606,0.01358383594102291,8,0.01882118645580429
702,0.1938263863512936,0.05347446341716731,2,0.005819145844181217
703,0.2640993376983522,0.07098091055642397,5,0.012263054452422406
704,0.2748204535450071,0.1605343559491744,0,0.0019373187359012533
705,0.29361979990736914,0.1731035524584084,1,0.0022052561615130088
706,0.1427975287358204,0.03778850906416047,0,0.001889773966252342
707,0.15903097704392014,0.006125116337642877,4,0.00997809386848756
708,0.19112132880514124,0.03507384658973275,4,0.009402396079628507
709,0.2574663282406477,0.14793277374469185,0,0.0017421180937370689
710,0.28613639384493667,0.11899760591979126,3,0.006852294522141777
711,0.1822495973701933,0.044789339694201714,2,0.005540811158319778
712,0.3236177390688744,0.07404295082251484,5,0.011721795776832937
713,0.16414870526438563,0.03867781090973482,1,0.0038883432735099493
714,0.16294508692995036,0.011308074369229823,4,0.009423030618219263
715,0.13087832506366526,0.0021101846274249013,2,0.004765332029431592
716,0.12114422356114225,0.011720942279677692,1,0.0023213278021474424
717,0.15885314035369077,0.020289299945834446,2,0.006234574925314872
718,0.22036874180132865,0.035567380530365775,7,0.01540480025003493
719,0.27815240555707643,0.10477926437050329,3,0.008066210793105712
720,0.1528523860823176,0.005455110119193331,3,0.008567343095681081
721,0.30305314363690594,0.17723855369929759,1,0.0024767096128274326
722,0.11551576058686715,0.007087231726482909,1,0.0022504608521641566
723,0.31837269501692456,0.06429800979928013,6,0.01309904193842688
724,0.20508829995289193,0.01442572358241325,9,0.019639426411762903
725,0.34833494688924443,0.19093348006667352,1,0.003914314813735491
726,0.1441927925345502,0.01636792411466897,2,0.004455937069459792
727,0.23775712893220544,0.06566052845547418,4,0.0104852663381322
728,0.28348482161581967,0.029002613845749137,9,0.02111648959647985
729,0.3187119501280677,0.19137800902444674,1,0.0024247571350993055
730,0.23845603816697117,0.040296305016201815,7,0.016697970637042366
731,0.19653797774413964,0.024714079454154814,6,0.013797564186768885
732,0.1838454582362066,0.009162489394343675,7,0.016123165587225447
733,0.29476914034342167,0.0686049736223707,6,0.013315857620859935
734,0.34580775351848003,0.2179791619612599,1,0.002195439398733114
735,0.34011821291925054,0.2148630361368775,0,0.002107704040287994
736,0.29191209290488757,0.07237168408499722,5,0.012845576187360534
737,0.1087272854868755,0.0033796923717260923,0,0.0020094465717341546
738,0.1802722806854554,0.02700479051331771,4,0.009151827867300033
739,0.12811453048707044,0.02459554130141726,0,0.0018215199193158617
740,0.34763079391713875,0.14999570491885028,2,0.006153319188530628
741,0.2308654088323881,0.04480346373337898,6,0.014491993023234543
742,0.2517275943474282,0.0980569435501946,2,0.006397840459832652
743,0.2566041255651005,0.1294600570322061,1,0.0030641645494555794
744,0.18850730199086912,0.05998951647311849,1,0.004031226812051219
745,0.10836526883214001,0.0025015086410606654,0,0.002052163204295106
746,0.3330200763788596,0.13860804726978843,3,0.0068072086539670415
747,0.3415509343140036,0.09772223848102977,4,0.008942014458807511
748,0.34543205537044336,0.03538306969342436,7,0.01712983578348541
749,0.32801267039117915,0.12568194811727243,3,0.007630367801628536
750,0.15310885383700956,0.027831002506573263,1,0.003972536969355628
751,0.1097427183976489,0.0014953823441456954,1,0.0022520773465146597
752,0.1176471025549318,0.008787472410874884,1,0.002282121968672048
753,0.25107977365192063,0.14787282998377996,0,0.0014232548246371566
754,0.21155337040374073,0.025353119400718004,7,0.01700879933052481
755,0.1390158982512567,0.03342694028105449,0,0.0019444422640498699
756,0.20314609660292168,0.09038455441603804,1,0.0022402303310141455
757,0.3134854537642699,0.16192461598021377,2,0.0043328066741571405
758,0.29125346753023884,0.16525015612746055,1,0.0026051226166936355
759,0.23331217245656485,0.07644083707292261,3,0.007655174942539848
760,0.24593752002369265,0.1016759973170989,2,0.00519899487696278
761,0.27487627552573085,0.08514379243921158,4,0.010643750038803917
762,0.1482898476983989,0.002171359130697751,3,0.008353611208930415
763,0.16552480711117115,0.042340609721878336,1,0.003570113598841707
764,0.18441784357842322,0.0748659238210838,0,0.002080229120293961
765,0.3359686454476245,0.09022658696811454,4,0.009713740532901754
766,0.16669585588069671,0.05474985021909379,1,0.002359078461171972
767,0.2738087276775983,0.02940815595803328,9,0.02112692986899012
768,0.27896895156917634,0.03401785652805976,9,0.019889024349611536
769,0.20760589637652294,0.05574957374178165,3,0.007693181463219454
770,0.32026858814578013,0.10233116446341094,4,0.009365949034843548
771,0.30832310483348213,0.1837827457343817,1,0.0023433781625519334
772,0.23803943192878926,0.07546370684971426,3,0.008518719647069264
773,0.12510457765876334,0.013008760581352644,1,0.0025607459781499544
774,0.10311175670292275,1.2495100232952914e-05,0,0.0018487325361683906
775,0.3204990303567934,0.13946742032280976,3,0.006558404909417737
776,0.1421419176331793,0.014213307983122845,2,0.004495803522105885
777,0.3386538018742685,0.060101297617992065,5,0.0126756080527902
778,0.16869669847764196,0.0452506186122625,1,0.0035745561331689485
779,0.2649176380621642,0.10633177500712764,3,0.006630858570115401
780,0.19532601346463863,0.04227724899879345,3,0.008454163661077829
781,0.16353207573075806,0.032181135450706395,2,0.004792227646668334
782,0.1618695248598482,0.05252336461343455,1,0.0021598977610009914
783,0.2993274535526302,0.08589061274553485,5,0.011171162587368595
784,0.2704068647098185,0.13716994210583447,1,0.0034619663733569585
785,0.3090329498120752,0.1804412570177,1,0.002606648973819168
786,0.2687819596250869,0.03724996303251116,8,0.019141892192795
787,0.12587549489035335,0.0008498570909852486,1,0.0041917299246462154
788,0.1350378916765309,0.010557339175399645,1,0.004026044316866388
789,0.28620858098795493,0.04440016824731435,8,0.01745269810675191
790,0.21263974877246214,0.0749531262537164,2,0.004976859092178275
791,0.3348669337316702,0.03146121198509465,8,0.01864944592673762
792,0.21955863961972777,0.07554986660134455,2,0.005828320614170974
793,0.25798262101991065,0.11076683135872775,2,0.005290404943569939
794,0.34275008169465265,0.06923993932868576,5,0.01130985154946324
795,0.22451806191741897,0.07774311649424709,2,0.0061577530454935605
796,0.28580933442985446,0.07776326494941943,5,0.012098532496576013
797,0.23269715724651888,0.03166465108960498,8,0.018465131613356188
798,0.25260108424819167,0.1186237982371949,1,0.0038015231906185607
799,0.1647895775949944,0.015502377618289993,3,0.008678806923494663
800,0.30368853111220157,0.18432964618423728,0,0.0020578781194941836
801,0.13236020184233435,0.020070139650667573,1,0.0025492035833462787
802,0.3048975787418073,0.17381260532743584,1,0.0028305459719285787
803,0.10909189852436828,0.0024284504880383645,0,0.002116607695952436
804,0.22453171018968532,0.06431102969650594,4,0.00873658792046579
805,0.32162865708383687,0.056962504228924404,6,0.013971921019376965
806,0.2804116596950044,0.17008165771900524,0,0.0016775464385595544
807,0.28050214377502236,0.07336336044318834,5,0.012620314613372275
808,0.18534529601873667,0.02337596438914399,5,0.011438866704589696
809,0.2527881273060458,0.10643727633950355,2,0.005311673095711451
810,0.2815497966832747,0.16416060209422226,0,0.0020905519912802787
811,0.11136077664874172,0.0014973590907527501,1,0.002395418908201851
812,0.10732612554447377,0.007243065681460145,0,0.0016295328564049465
813,0.17105947417550485,0.034326411075771786,2,0.00562447273449795
814,0.20585355505322184,0.015296201096488505,8,0.019470605857902428
815,0.13443369343234615,0.009383650171745788,1,0.0041178193090370095
816,0.1629083851042633,0.0014482109117749213,5,0.012728473291186567
817,0.292840526233883,0.07014756035071518,6,0.013134319144586527
818,0.24004987279152007,0.036227628367908854,8,0.017974650539671587
819,0.32743890410945925,0.19141947020135408,1,0.002892776394747098
820,0.15823296773048356,0.01996358400807988,2,0.006185113853970883
821,0.1657925824122314,0.005887623211964486,5,0.011974146792181561
822,0.22978479330659013,0.12299371719799188,0,0.001699527612153706
823,0.21030125175612818,0.016279083301002962,9,0.020050077874384602
824,0.27630675713031916,0.16085017224545442,0,0.0020014139113287083
825,0.2654295484685693,0.10868160355856073,2,0.006352512933328054
826,0.27706363612471796,0.16288269676221478,0,0.0019176567054090944
827,0.31169762188575023,0.18845287164122737,1,0.0022322574599226317
828,0.24709524162161792,0.13202415833317152,0,0.002158118560637993
829,0.2176169119832506,0.03607902262266897,6,0.014745031564094043
830,0.3117166320444508,0.053155997802694976,6,0.015017468410382019
831,0.2525883269613993,0.12102780981987299,1,0.0035451194744340175
832,0.3376047365208351,0.0462082014861092,6,0.015041080866368527
833,0.3348700374128144,0.10393634205992223,4,0.008822688336962838
834,0.25380292583792713,0.13312456848190718,1,0.0025351285769416652
835,0.3001571833318419,0.08968995276795008,4,0.010755782504713048
836,0.28321849859484416,0.10517544914883051,3,0.008379673421708108
837,0.13187185453116573,0.02313008748509051,1,0.002223434259671153
838,0.23862244853720094,0.05767885639056662,5,0.012390498824123632
839,0.3469060580576549,0.026650063428991306,9,0.019623755292147674
840,0.1606924692661445,0.0499739582517353,1,0.002279972020779119
841,0.16178096966125396,0.05554690221913089,0,0.001919156654361573
842,0.28897146617214736,0.16769220583173383,1,0.002292493611984173
843,0.30034177280506835,0.17199598653826967,1,0.0026820802028522913
844,0.28374437508944633,0.1111952600298333,3,0.007643411325393538
845,0.1904323892412016,0.020513078654565826,6,0.013692263149627713
846,0.241873766588702,0.06772361492051363,4,0.01061555949007701
847,0.13360016492624976,0.003646098198601783,2,0.004945293700374486
848,0.34755650211218425,0.04340678436474756,6,0.015137032325407317
849,0.1834904416643565,0.03253730790874036,3,0.008413059735783037
850,0.21108508387129568,0.07765310930304017,2,0.004387498015209405
851,0.15197598315834743,0.023679781995810643,2,0.0044425778551830785
852,0.3199774740726102,0.19581287833203634,1,0.0022178587557007082
853,0.33497903771682064,0.04751885383113103,6,0.014916006281513171
854,0.225249410518759,0.04225742822245044,6,0.014302925130743261
855,0.1978500406594394,0.08555219734180593,1,0.002231348521134133
856,0.1259213153702576,0.019746368274040443,0,0.0020290047940029234
857,0.34930019959197106,0.15372157988761276,2,0.005968744379290511
858,0.12289139773679486,0.017666654291258806,0,0.0019627512379173182
859,0.2309438201598467,0.02175938312001478,9,0.021407641041197686
860,0.26820785092925975,0.06566863491074582,6,0.013438701537494222
861,0.17232541684550703,0.007202370812708199,6,0.013438918582838248
862,0.23325406544294305,0.06822886626856897,4,0.009276283142561757
863,0.12176638256649046,0.014534518289594728,0,0.002127868161884356
864,0.3474246144300901,0.22022020817907503,0,0.002147573933194436
865,0.31193827009249053,0.12008451394022962,3,0.0079598870040144
866,0.16759204237822814,0.019629131525368892,3,0.008224040228458405
867,0.27357251975740887,0.11157060294521677,3,0.0067501979934343
868,0.3302531961092787,0.16712470411703054,2,0.004793644373597571
869,0.24116939991620778,0.07651200556618837,4,0.008751919928222314
870,0.2902591792063223,0.12500211954774731,2,0.006448269315335431
871,0.1677081326065356,0.02240766749190694,3,0.00754805491612419
872,0.25578652304009036,0.09290685075695422,3,0.007682833961072748
873,0.20881830423219153,0.0996223285000376,0,0.0019453603160713017
874,0.22559688214178475,0.054631988208579355,5,0.011128359395012112
875,0.2784511238210331,0.07083428310583799,5,0.012952353840833403
876,0.21849911437312963,0.025183073292462506,8,0.01840191090433917
877,0.14403573810683887,0.027659824216722417,1,0.0029159685370069147
878,0.2959266023659797,0.15301905777662134,1,0.003946584074771876
879,0.3277360670207501,0.2095003527505023,0,0.0018301084905465424
880,0.33516637697601165,0.06252464108447982,5,0.01252158426979914
881,0.3464511681932291,0.21815777501743736,1,0.00221438169965992
882,0.3051594168979207,0.159311241720736,1,0.004025099301646647
883,0.20527842915279326,0.024516836452948085,7,0.0159385815658349
884,0.2236834068898652,0.06706852319923075,3,0.008025051093355946
885,0.33265426217596344,0.15368905666421584,2,0.005829593610368583
886,0.23711818686671163,0.11801272322132773,1,0.002539079568285301
887,0.26823621408651077,0.1171566930890221,2,0.005503775166840571
888,0.33275005009414677,0.03000405503503398,8,0.019154968012797702
889,0.30556350588333403,0.15536988179132355,2,0.004404899149707817
890,0.31148554876054296,0.18555252172842038,1,0.002404408743249207
891,0.23707791543399329,0.08547379005159081,3,0.006576265753579855
892,0.17587695478666618,0.013723618098085102,5,0.012116075539167107
893,0.1929224384717102,0.0703632068985908,1,0.0032455359769477153
894,0.2059628239573947,0.0789177282454485,1,0.0036327659731411554
895,0.24453867466539053,0.1417106770031048,0,0.0014260174552523585
896,0.2864098705687081,0.12364537937290589,2,0.00631664465446255
897,0.2767162160810078,0.06947084545257776,6,0.013119297475822887
898,0.24302320979558126,0.026127050151078027,9,0.021158594218538933
899,0.11804137514990065,0.010848918111491824,0,0.0021357528661081473
900,0.30515942999307916,0.08877714290626681,4,0.010818479292801693
901,0.17575092387242897,0.029707028808681438,3,0.007482466390146183
902,0.34901843358463985,0.13953555001344634,3,0.006601876587643498
903,0.3273089878596576,0.017760917861528388,9,0.023511962751759503
904,0.3482576665268105,0.2203726958884971,1,0.002175876201835492
905,0.1072242788108963,0.0011329797032479806,0,0.00207382339385573
906,0.33663705566972646,0.10858408633853571,3,0.008477466665099053
907,0.23081870463931337,0.09503425982043645,2,0.004373324859879641
908,0.22943664520339832,0.036724494267987184,7,0.01653202945284821
909,0.13313901493519606,0.02490034072496081,1,0.0021759437422084896
910,0.2834965980850056,0.044514985012025665,8,0.017478623829204936
911,0.26274162557368125,0.08056158044373912,4,0.010484385872061443
912,0.20224629044426665,0.06414994465652094,2,0.005248639246440279
913,0.303721286358095,0.082381016865342,5,0.011506711645556611
914,0.28022580491201665,0.12221733613392739,2,0.00597916641868827
915,0.1263298960537041,0.019196238138456792,0,0.002105671386368204
916,0.2892813483110218,0.17721361401199898,0,0.0017277568250702651
917,0.3479325898670497,0.0912475468870084,4,0.009074749520987408
918,0.19642837091092322,0.09493789635800044,0,0.0015035539532880266
919,0.2663346423657369,0.0586263188524217,6,0.014633657091697262
920,0.20896284434854112,0.046166715807255496,4,0.010204811152101128
921,0.2931678460228329,0.169995097373896,1,0.0023863218783383975
922,0.1676341040707082,0.0029262430398249825,6,0.013638523386482146
923,0.27707090860145045,0.1528421979825819,1,0.002608997996753921
924,0.3341148271363313,0.2037754147173888,1,0.0024531883178662414
925,0.24009750496428772,0.09972295603356565,2,0.004801928993473125
926,0.3474350928863112,0.12797272743340604,3,0.007142757796109721
927,0.188046993676759,0.020313997098061864,6,0.013138655170967517
928,0.27799226755469203,0.12856959874352414,2,0.005028509651606745
929,0.21944885152386687,0.037226957042278117,6,0.014740775195714028
930,0.20927763106228678,0.050716436612590746,4,0.009137144788603
931,0.16404239200631526,0.0010008816486963765,6,0.013255548099848692
932,0.3185476476397273,0.19466775561951938,1,0.0022130122972279496
933,0.1255782077574753,0.014907735721858174,1,0.002420794821596388
934,0.28953777100283634,0.1445010235395538,1,0.004281486432417064
935,0.31024997773626933,0.1611057922622504,1,0.004201558869008913
936,0.19475236535958676,0.058093567977280304,2,0.0051595629565097355
937,0.12663919932879078,0.0026844864051049646,1,0.004019725679316934
938,0.32998327020887747,0.00954250295979625,9,0.0270611062465078
939,0.22819462394914378,0.1053327910131352,1,0.0029512158237851595
940,0.23660862032631746,0.04611601096134486,6,0.014945524732404286
941,0.12595561361140714,0.020553345252358534,0,0.0019680814543113286
942,0.3400075718204291,0.14439319732810568,2,0.006473229916427467
943,0.12008192582173365,0.009965545068237101,1,0.0023890370346132807
944,0.2135261111972687,0.0593976437898992,3,0.00794243258619404
945,0.16955723381608284,0.053056872775636636,1,0.002774673940082866
946,0.12683977851372918,0.013644528779228619,1,0.0026646291323636777
947,0.25398289474455,0.08988612150044903,3,0.007972634528414704
948,0.3473574768376072,0.07624721915823963,4,0.010338375806425144
949,0.30273573435319306,0.15256306257997554,2,0.0044718998147441485
950,0.3228574791088446,0.20002436224647485,0,0.002115876507472229
951,0.3145309880957872,0.14347304037059255,2,0.006003325369821818
952,0.33949753530525206,0.04553219818770677,6,0.015083499691625557
953,0.27443838951486826,0.15476154921590946,1,0.002296114230285818
954,0.3373752242540141,0.14173270562830073,3,0.006625321090895258
955,0.3104012318920612,0.11554263185217632,3,0.008331594284629725
956,0.2747945562681869,0.04934623189924001,7,0.016579492389088738
957,0.17541720473322203,0.0051976804539538065,6,0.01517194541010245
958,0.1694743807110829,0.022409545706586095,3,0.007930519433696291
959,0.23715529916363548,0.06224673190901783,5,0.011147954624916735
960,0.139894544561484,0.008161078560272534,2,0.005191777671487465
961,0.2413791995109969,0.10521042011553683,1,0.004237975260970664
962,0.3251880820128197,0.10276807955207422,4,0.009213571852457471
963,0.3449828500198732,0.18577633893880652,1,0.004109687810087753
964,0.2815479592999783,0.11730421490661083,3,0.006700075385086714
965,0.20283952191154525,0.017001798505684448,8,0.018113274769896538
966,0.3051714407384217,0.04556189400414942,7,0.016638916945973144
967,0.2935931061665878,0.1275910595549234,2,0.0063910025040969055
968,0.1572529770424636,0.03321564463691314,1,0.0037589530699054774
969,0.3431695974450075,0.18620265669669878,1,0.00401160454144497
970,0.22711313659071722,0.1099359395259013,1,0.00245204040072913
971,0.31464871109365894,0.19162321418728054,1,0.0021942304688641516
972,0.2929109785547589,0.05592316918256148,7,0.015221497185798214
973,0.31417768488493225,0.08151871781939056,5,0.01133206525040575
974,0.23976030199190243,0.10164663403327462,2,0.004511470351998159
975,0.34089410023532785,0.18062432120470415,1,0.004285842248967376
976,0.2748766743978298,0.1487679015973866,1,0.002778897643874922
977,0.12520276615110837,0.010214391906458993,1,0.0028636737221248224
978,0.23927127874217616,0.0728775332285905,4,0.009201098950282016
979,0.20924170979036716,0.04258918653988782,5,0.011208295055546548
980,0.10727919396214508,0.00044782678125731586,0,0.0021357325440393812
981,0.10893019522518246,0.002677047786471413,0,0.002082757931012724
982,0.21400542929382432,0.018093663919908808,9,0.020099430404500723
983,0.2506174267837243,0.03868655456471651,8,0.018183997117176814
984,0.2614619485466617,0.08437138075051835,4,0.009715674186318244
985,0.21362925473464997,0.079467087911506,2,0.004447295578640935
986,0.2998109142785581,0.15235288355204288,1,0.004287415579344519
987,0.2807468527537216,0.1590799914240937,1,0.002386798172491809
988,0.3095424590252663,0.1559932465139589,2,0.004606763755752252
989,0.2702332134902112,0.15486001641641356,0,0.002034028933768511
990,0.29218556117099415,0.08916832717816585,4,0.010751367120765033
991,0.16466248079481613,0.03226275479658204,2,0.004953164204029377
992,0.11185965640932329,0.004994330389544507,0,0.002125988912556243
993,0.33658273846392633,0.21112133346649414,0,0.0021492349836468648
994,0.15461939763635546,0.015908645159599243,2,0.006354688979046023
995,0.22756983471127978,0.08242333306555553,2,0.0058029364362814275
996,0.2620615214160002,0.14902717512604277,0,0.0019323885911483529
997,0.3177313520091106,0.1593398481841151,2,0.004798543408260523
998,0.3490585226286524,0.22467189916516941,0,0.001988892757133076
999,0.2088827179360111,0.04890865893205685,4,0.009499931223417813
1000,0.1370044821048737,0.02308607450721713,1,0.0026917203908361073
1001,0.34918867483341753,0.18588847547257947,1,0.00424960520472788
1002,0.24149860439991258,0.07678099517228648,4,0.008745246152100044
1003,0.17072401444233348,0.007028438185081698,5,0.013023772777624612
1004,0.1648742252187733,0.0038128545224372697,5,0.012450592965987172
1005,0.27887011598209993,0.05543888660396774,7,0.015467418236667564
1006,0.22261908663883204,0.06474759246592447,3,0.008332963199068023
1007,0.3086064068100115,0.13934809971842677,2,0.0060897084470669695
1008,0.12481740229288169,0.019887904279821487,0,0.0019347994783245742
1009,0.2655837578155888,0.1517739600834411,0,0.0019615662516480957
1010,0.2663103465104976,0.09531248582450567,3,0.00841231661560384
1011,0.13796485790622434,0.029100357800979557,1,0.002212215860579665
1012,0.1361653894473922,0.0010857956753771198,2,0.005916875685161613
1013,0.11785980610767433,0.010643511585641079,0,0.0021383039475312165
1014,0.2122280627204865,0.07932048985192383,1,0.004297741403836321
1015,0.24860339328762332,0.030406865702543785,9,0.020273505612166193
1016,0.27081691507011324,0.14623760035035246,1,0.002696220128661236
1017,0.32262781684861347,0.14359570553723366,2,0.006296652463540663
1018,0.2818014862460897,0.1388047543914581,1,0.004238622845409491
1019,0.3483567933040863,0.20571088337559187,1,0.0030123605597897163
1020,0.16697805861317483,0.015810451710928704,4,0.009122449864015357
1021,0.16451291966531936,0.044613697180398273,1,0.0031781896255055546
1022,0.2120647919368736,0.05347235944111844,4,0.009003909160387735
1023,0.16858953806535623,0.041207899611718855,1,0.004110538661457367
1024,0.12969119881956637,0.026522647921704175,0,0.0017925227592800867
1025,0.25752471091984547,0.13466823444674741,1,0.002680462758967572
1026,0.17880883091729338,0.002106480092186804,8,0.0175567989229818
1027,0.3038408260712014,0.13792967334106004,2,0.005961037853270188
1028,0.2651378669895023,0.15354648702046805,0,0.0018266159848943128
1029,0.24820393563051396,0.10779411745820722,2,0.004637465952622835
1030,0.28341274127694194,0.06364057409987887,6,0.014120681088477452
1031,0.2622734726920971,0.14130035797125862,1,0.00248855340281755
1032,0.22503134111640413,0.031374877585174016,8,0.017476803863875796
1033,0.13641344385365795,0.011190841497331384,1,0.004125781125757098
1034,0.2127836511313848,0.02487283325919881,8,0.01742468987646828
1035,0.30370424523368456,0.053136291707317984,7,0.015342396264113245
1036,0.1923094339619941,0.07847264372154492,1,0.002389422678368675
1037,0.21526451408377653,0.1025477967556069,1,0.002170693760766782
1038,0.3009460121666117,0.04748836809487461,7,0.016433380900901795
1039,0.25173917517796923,0.055445961975698184,6,0.014356087809756703
1040,0.18013284296511314,0.056677533030406055,1,0.003468842207087563
1041,0.2707830550819434,0.14225477089780109,1,0.00302684317765488
1042,0.1989811205189518,0.07014729052582244,1,0.003941574954405324
1043,0.34638510245392945,0.019531325566418914,9,0.02220110124161007
1044,0.2595388690670521,0.11617180739682594,2,0.004761842039048661
1045,0.17385834006418055,0.04051963340562335,2,0.004970200511057738
1046,0.23004117795253992,0.07152300659021717,3,0.00811857055484095
1047,0.11394146173845615,0.005935280471155586,1,0.0022180596515031436
1048,0.3001883259398393,0.1768271401646763,1,0.002337993398461188
1049,0.2011063614080007,0.025380910106156167,6,0.014673410341223428
1050,0.3207386188612394,0.19542451554761422,1,0.002280411754429465
1051,0.316304447134711,0.05935222767673826,6,0.01386569629609866
1052,0.3432029883735617,0.07152283168391202,5,0.011033887669725729
1053,0.20865966130651414,0.05769460515898839,3,0.007465682616076589
1054,0.25579715420170457,0.13904567535663878,1,0.002222060427558318
1055,0.18191839180646613,0.05441208219126368,1,0.003972967753276393
1056,0.20882020090699296,0.05298318042292954,3,0.00852276187294505
1057,0.13818065439109814,0.025820664944677805,1,0.002530389251729261
1058,0.20548411123324134,0.04230749445872973,4,0.010517870784070855
1059,0.11613193007669588,0.009982618712867635,0,0.0020547587784892967
1060,0.2243347298238952,0.09080787687018517,1,0.004189629978212426
1061,0.20110082086551928,0.09121865493191571,0,0.0020297563104856573
1062,0.2754945204001355,0.11736796783277637,2,0.006165547194564151
1063,0.27639575131813154,0.13885759420103155,1,0.003787783055604198
1064,0.13481232263403212,0.027040939689883497,0,0.0021310735034904497
1065,0.33592415073525245,0.20921455011194362,1,0.002224618362987615
1066,0.2907292659534434,0.07807081980770804,5,0.012105304900235658
1067,0.3156451034499606,0.14009883032688,2,0.006343094841775595
1068,0.23608736093628646,0.03793221603724828,7,0.017067718007907413
1069,0.23005766725847934,0.05684014146338266,5,0.011325157943294398
1070,0.21444386740885582,0.05589960346335323,4,0.008874016668369159
1071,0.18241975293936927,0.007784467287772511,7,0.016259922870424742
1072,0.2802666420323256,0.02792169062349001,9,0.021468527900965494
1073,0.12796388423222332,0.0027865427469860944,1,0.004196829425498179
1074,0.23955016282201153,0.04282555089921196,7,0.016153236338478098
1075,0.3201416258269196,0.09018018949947344,4,0.010343316756863714
1076,0.27668852016364853,0.08152979472960499,5,0.011279416800987596
1077,0.15241700175588507,0.0457293897674864,0,0.0019850994612814364
1078,0.26216650426888655,0.06624910656673286,5,0.012988328431576636
1079,0.2162623244450718,0.059319562238327024,3,0.008429578113917324
1080,0.12021035012156663,0.01149590501415572,1,0.002260736335371157
1081,0.21605522183368803,0.03825053900524289,6,0.013799562403300403
1082,0.25348541584927964,0.09425182311091082,3,0.007198817634918065
1083,0.2357893675509126,0.03907505981379906,7,0.01671588954472064
1084,0.19407504409119486,0.05008984680792012,2,0.006504462317888395
1085,0.13944775348158975,0.016351924706130404,1,0.0037866231211772963
1086,0.18151252073995297,0.0666703946088208,1,0.0025413094622721436
1087,0.2247143798916789,0.060468734009492174,4,0.009610356341477055
1088,0.3281222086464922,0.047462197817560316,7,0.01525772292113725
1089,0.27966623345467034,0.14308162749118086,1,0.0036413865165260246
1090,0.24116732469806446,0.0871046724592159,3,0.006842360460198593
1091,0.12012255202742862,0.006089641913731577,1,0.0027832100223158943
1092,0.3495596348809144,0.05396439466417599,6,0.01305627664890901
1093,0.24841419206008403,0.07374390001943104,4,0.010230798897964062
1094,0.27025369568053703,0.10723671441972235,3,0.007033717404098886
1095,0.18701205297878826,0.007809221437870519,8,0.017612248922538976
1096,0.2713821042765825,0.15281452549363891,1,0.0022411905343294796
1097,0.3202733473441732,0.11455078561281563,3,0.008450150490533216
1098,0.1389521539962525,0.004725027917976033,2,0.005694086080843839
1099,0.18384741100627525,0.038156630223757385,3,0.007155366150190222
1100,0.2710944347739371,0.07739836759010267,5,0.011623353528386069
1101,0.3497209344154874,0.05300776894701933,6,0.013207426103965006
1102,0.33797859321766566,0.07605738458205077,4,0.010832252087100182
1103,0.2801246938439923,0.0692257089533802,6,0.013233153589943631
1104,0.10949799504253771,0.0024715071811460677,0,0.0021462547626779653
1105,0.14823318097343302,0.0288987080743037,1,0.0032296284023793998
1106,0.26929598631410445,0.04849626497296855,7,0.01668685635060691
1107,0.3433876443902476,0.2208960282076682,0,0.0019374662950915897
1108,0.2915146333940833,0.11890439213991866,3,0.007238113381009169
1109,0.14926699042871658,0.043244814214394224,0,0.0019451210743257992
1110,0.21906412970335518,0.040536770375822456,6,0.013703549917818634
1111,0.14214557407343478,0.01731245639677395,1,0.0040133865215449295
1112,0.11492648962073092,0.0005968949515257024,1,0.0028390079459290024
1113,0.21286248076597636,0.01591844400660014,9,0.02070247321676396
1114,0.17138442906273155,0.025049896560814106,3,0.007688026872582745
1115,0.27963019482867896,0.11927468903735243,2,0.006291368147926157
1116,0.2657070623895646,0.1412896298997098,1,0.0027325251968906604
1117,0.11283045903316456,0.007020367825817601,0,0.0020361377861112706
1118,0.34057539053919533,0.21358569376434208,1,0.002197872426054606
1119,0.28227413410680013,0.03286154850777079,9,0.02012683986104996
1120,0.2801759041569337,0.11459222924393996,3,0.0069311865488520625
1121,0.2381139898729486,0.10803826054137403,1,0.0035821382029067083
1122,0.20966874029489502,0.011120755744281369,9,0.021967397630245335
1123,0.2326868312948365,0.02853878548867458,8,0.01941847849097529
1124,0.33201342646773474,0.1804881752748926,1,0.0038993715256935343
1125,0.34348882152436716,0.1035124248157986,3,0.008504165174716725
1126,0.28775092490612614,0.13842874981300923,2,0.004762564355924051
1127,0.31192483769971546,0.03234502536368973,8,0.019349409766887003
1128,0.31812377260379704,0.19498907528410364,1,0.0021720685584834185
1129,0.25041399904317496,0.13235905681264723,1,0.002356192893190481
1130,0.3149410363497572,0.19103089593761957,1,0.0022456660094353864
1131,0.2537683554012792,0.10224593599230028,2,0.006010046655473589
1132,0.33419375106858457,0.04759972483644639,6,0.014938877037528556
1133,0.16451787390669986,0.022739304429045173,3,0.006808988410006738
1134,0.21242774214624377,0.07684335426637473,2,0.004669245292345119
1135,0.31106970956462265,0.11000974543409073,4,0.008822899306953324
1136,0.29987095949796094,0.1273774953329679,3,0.006806076911019001
1137,0.3378939677758318,0.04523348407223926,7,0.015220559393364133
1138,0.13618232817563247,0.009353965813269149,2,0.004380635096109461
1139,0.21893634302960552,0.08840605677290819,1,0.0038927705803108352
1140,0.3289047333529573,0.08211061793700078,4,0.010698357321316115
1141,0.17814246240416684,0.004917707695829093,7,0.01613748024036038
1142,0.334112501418645,0.07108800624223495,5,0.011540886076392948
1143,0.3456645917464615,0.06883604430690339,5,0.011206201024861907
1144,0.2247504924776836,0.02083109432663769,9,0.020913412626886126
1145,0.247276415699476,0.0760967202726625,4,0.009634853119125786
1146,0.25226793820587384,0.0903378391746699,3,0.0076944366489648764
1147,0.19729812143717262,0.015570195747028937,7,0.017297774077923753
1148,0.285511988764199,0.17298512677238576,0,0.0017732477759487494
1149,0.15823864494738318,0.008830326260039623,4,0.00895375686084488
1150,0.2884802170353071,0.1078287993263937,3,0.008369539344841612
1151,0.31718833263850416,0.13977456242344902,2,0.006428037282760086
1152,0.23906044305086177,0.09178308236869098,2,0.00582019898612644
1153,0.14944411054409357,0.013343170802083068,2,0.005901492532518194
1154,0.19145608930617708,0.05055247410095673,2,0.005975982880118613
1155,0.2582604002652148,0.05461606626939065,6,0.015012868126802787
1156,0.34272164217792583,0.05589839059780831,6,0.013090925186004576
1157,0.2957681986385069,0.17794578124271526,0,0.0020207685226947803
1158,0.11662330929883002,0.008137357127667237,1,0.002252054795000964
1159,0.3335083699025561,0.038403717366034304,7,0.016915311184593117
1160,0.16418559106198533,0.020521595478098134,3,0.007254606300195373
1161,0.29523655959404865,0.13934120240282555,2,0.0052423138685988935
1162,0.26437820823614694,0.15031094766219216,0,0.0019851142865087725
1163,0.34957358858791704,0.027857387805301094,8,0.01912860875107385
1164,0.1515327194404809,0.04664517654030633,0,0.001854632201475342
1165,0.3004185464830979,0.1526033801173849,1,0.004306938838700908
1166,0.3267003490116059,0.06296485792408915,5,0.012883500213142001
1167,0.17950987447285666,0.029782280978982775,3,0.008254530693605575
1168,0.32368732249158144,0.1985680057877268,1,0.0022424542550028
1169,0.25658759292417854,0.07369460966520819,5,0.01113873224730279
1170,0.2187282257167515,0.10745469783774077,0,0.002045490036589762
1171,0.20287227105785163,0.03319686370252769,5,0.01256207217303003
1172,0.2140825997692925,0.04672933073381521,5,0.011055129621171358
1173,0.1687225621636199,0.008735836494498746,5,0.01182326911558321
1174,0.19655560548153433,0.04856095532930221,3,0.007257999707357424
1175,0.32960818182940577,0.05597496687690621,6,0.013736154725489728
1176,0.29441242087492386,0.181913246783052,0,0.0017241182267648289
1177,0.14699015180852107,0.03247830189340758,1,0.0027020302049281597
1178,0.2998523583220697,0.11096530924361844,3,0.008522391981129689
1179,0.2825641882326695,0.1594719370616389,1,0.002473836866259385
1180,0.264854746545116,0.11854555638315124,2,0.00499754386887502
1181,0.26047948360574846,0.05147022187429957,7,0.015788885130867233
1182,0.3427862951432256,0.18260641816148654,1,0.004229277954812336
1183,0.2294119114591931,0.06410494532766293,4,0.009564765995917757
1184,0.29952054157916225,0.14311189476530434,2,0.005163101695825327
1185,0.19472591574610526,0.041163854520695126,3,0.008604303712370524
1186,0.3322716514358984,0.2081753885656211,0,0.002110283437215558
1187,0.14187386529076554,0.006908895890685363,2,0.005798119246042877
1188,0.23073936089037084,0.08685351207500358,2,0.0055221979752422155
1189,0.2386363503348925,0.036964263422502586,8,0.01762450400781423
1190,0.26865342777814394,0.14856523970150695,1,0.002370538562246898
1191,0.3287777230583125,0.11748899876831735,3,0.008146721258497686
1192,0.24493512443264956,0.05563493695934201,6,0.0136410931924023
1193,0.20471778070833607,0.05882458188017637,3,0.00657700617497299
1194,0.32759390571321145,0.030367702571092003,8,0.01926118610872839
1195,0.3183854393519085,0.1955696561671796,0,0.0021510506934970764
1196,0.31083209869783623,0.05182265384235148,7,0.015276908795311857
1197,0.3370187894042395,0.17678165250689215,2,0.004389389559108505
1198,0.13431022062273093,0.024014870140601788,1,0.0023523747555156773
1199,0.2694799724099765,0.0719079505652473,5,0.012433419325355645
1200,0.2790982809198304,0.03876962974858793,8,0.018766734752584967
1201,0.34039374814134027,0.10856411638771639,3,0.008341982888337703
1202,0.30486160178225913,0.1309856248698629,3,0.006703749874361623
1203,0.2987995927336287,0.14835468696432957,2,0.0045956701376433425
1204,0.2616117664966322,0.04761150255647952,7,0.01665580460686195
1205,0.339917185900166,0.18301202733016558,1,0.004087448382860564
1206,0.323409520471141,0.17832433828408664,1,0.0036015657622134097
1207,0.2397640385680528,0.07622537266640367,3,0.008613331966770853
1208,0.1522770008433977,0.054470460625538376,0,0.001404643952378364
1209,0.2505333517735125,0.08189146191763147,4,0.00895521506000951
1210,0.2907539380434967,0.03764674878693007,8,0.018787691502754656
1211,0.2586002477720474,0.026372537682005624,9,0.02184012848526924
1212,0.30596414430437,0.12871872245760949,3,0.006977252155274013
1213,0.1501357137237465,0.023469451056098066,1,0.004208860341846919
1214,0.24704460499287378,0.04103706094924784,7,0.01733387005919725
1215,0.3220647197622277,0.1999269069114145,0,0.0020823651161861025
1216,0.21386777965777617,0.02182047228075551,8,0.018711892834491387
1217,0.32773770423613335,0.20063947818998187,1,0.002323219921323865
1218,0.1911105541951441,0.06175833935137082,1,0.004112453042623134
1219,0.12825356571743649,0.003928567830594325,1,0.004062239780854865
1220,0.30109400225459515,0.1475802329835089,2,0.004832221648094233
1221,0.1179770053648822,0.010105540488369882,1,0.0021939535777476533
1222,0.1777809700824806,0.032630508675277836,3,0.007214329032321964
1223,0.2294028104091363,0.11398214406209656,1,0.002295727612486884
1224,0.26881956493199627,0.10012117385146524,3,0.007923486834987125
1225,0.18922503309847824,0.021004023038557907,6,0.013209564850201451
1226,0.33155722064138593,0.20730843189318016,0,0.0021247100696277885
1227,0.20597512894717468,0.034444719594130764,5,0.01286606167500046
1228,0.24207504552029666,0.12773810981004774,0,0.002136332030663269
1229,0.24101571678797032,0.029999133485915774,9,0.019837329317390785
1230,0.1635647683826545,0.05713753185795158,0,0.0019271698168098312
1231,0.16919398505644323,0.01851749414290891,4,0.008896624669895528
1232,0.3476408312823469,0.03574926996102895,7,0.016937031458061545
1233,0.20491262783061717,0.08896491784114258,1,0.0024963552967458536
1234,0.33205133704657325,0.04551618104696901,7,0.015444616954382743
1235,0.23718043241692455,0.03806710924235572,7,0.01715841418446349
1236,0.2111254596875217,0.0007708378663477322,9,0.02680188527171454
1237,0.2841191699505017,0.04021580447983688,8,0.018369718704585765
1238,0.2819040568870423,0.07010932202107983,6,0.01312810465423167
1239,0.3421742850605535,0.05536208931467924,6,0.013202583908437919
1240,0.10935197594108247,0.0005594183345603394,1,0.0023024552829681677
1241,0.3443051813582334,0.21775879565322148,0,0.0021405054886814564
1242,0.16286391733409694,0.03593881683460701,1,0.004108959972661827
1243,0.1617874065098186,0.011292260055172558,4,0.00913408702199019
1244,0.28794065183252987,0.10933947341969245,3,0.008153662853025228
1245,0.24861080720535672,0.05614485439195475,6,0.013913434823240894
1246,0.16916763143349003,0.0026239368794751406,6,0.01424213637781316
1247,0.31949395698026967,0.19728766885677387,0,0.0021065275011184917
1248,0.291995842119878,0.12172184753638436,3,0.006945153169765726
1249,0.27304767680893105,0.15135178966531118,1,0.0024534114770611206
1250,0.11971551924762655,0.000319531914037927,1,0.0034258685201719037
1251,0.21972987891698653,0.046419979763663986,5,0.012196680624030289
1252,0.34118584557774534,0.054727267013445775,6,0.013353185677050964
1253,0.24093424211754466,0.038790247059867305,7,0.017366619483733758
1254,0.30977754740132446,0.10870902320273218,4,0.008929898554141348
1255,0.27474750317861346,0.15405302787109118,1,0.0023661745563663267
1256,0.2795721963558962,0.13699986810074266,1,0.004240454388297596
1257,0.2293749885633802,0.08412180153977546,2,0.005771542166732533
1258,0.3309882657262421,0.1491496476722234,2,0.00610113104148789
1259,0.22125181226225385,0.0545308003410061,4,0.010405843644410159
1260,0.15123786049501575,0.01794033068561781,2,0.005319317790601867
1261,0.19326418561422065,0.005044888844024586,9,0.020602229357208592
1262,0.15904851366383818,0.02960983422170544,2,0.0045392136125200905
1263,0.3345026289735324,0.09819408424937988,4,0.00921002366706322
1264,0.1671996880772148,0.00019516127298411235,6,0.014593699446983221
1265,0.1263133510462106,0.018343455949979215,1,0.0021759293455005245
1266,0.3338974784653737,0.1409930058249868,3,0.006663826821139657
1267,0.3125929232247035,0.13461867468245958,3,0.006703526269576823
1268,0.3141948345102362,0.08688338798307517,4,0.010816904735011335
1269,0.19212808462062428,0.016346231168610958,7,0.015647207587402463
1270,0.33782908120834226,0.06634573837976711,5,0.011901361696519666
1271,0.26852130652169026,0.08054227358370786,5,0.010949365016603124
1272,0.254541300497365,0.03648914594182103,8,0.018956449890669223
1273,0.20401990523572136,0.08425370679401639,1,0.0028575395292509726
1274,0.12805968619901778,0.02019098334100067,1,0.0021616326001961243
1275,0.23431782965663545,0.06181094136773668,4,0.010830824940983513
1276,0.34596016776141725,0.023531495351095128,9,0.02072170045016352
1277,0.14797976821400138,0.008903272240524882,3,0.006576083495578948
1278,0.3029371194292135,0.11362723451093766,3,0.008346815140543248
1279,0.29323609580370563,0.0466489697090998,7,0.016840691788860662
1280,0.32958368405029065,0.19976430752813004,1,0.002469407470070964
1281,0.21696676969099932,0.015506648054465222,9,0.021619010911845146
1282,0.26367577046113455,0.04689522453823227,7,0.016882209658109038
1283,0.2707912117578729,0.04668010606435518,7,0.017079421728921445
1284,0.2673192014156932,0.14583623380782054,1,0.002485630783279435
1285,0.3336986859610178,0.20838741757714846,1,0.0021658758702858953
1286,0.12360205410630021,0.016539521493307,0,0.0021081647933813836
1287,0.1911516854428332,0.025764566452278134,5,0.012126381706200184
1288,0.3008614732368432,0.04207400767487652,8,0.01750031819200095
1289,0.19150706835110873,7.562003198418044e-05,9,0.022403704679756532
1290,0.18411502278075031,0.03999264545394397,3,0.006806942764253861
1291,0.23464188837472658,0.07386124619566387,3,0.008342512125623662
1292,0.29555091940756,0.0763234788162106,5,0.012312496912142258
1293,0.31353365367848035,0.19019124218630426,1,0.0022228247855220888
1294,0.14791430154678661,0.0395071773099531,0,0.00213732334625631
1295,0.11394633341405082,0.0073910157415097025,0,0.002094207879097616
1296,0.19714573315683412,0.06423496775344367,2,0.00453367120498827
1297,0.320150564993864,0.19658040602886712,1,0.002181047417666281
1298,0.11306955482354875,0.006329302772889168,0,0.0021120838856291927
1299,0.28737461269572023,0.055697630345502944,7,0.015365706407295572
1300,0.12356493057663112,0.012967518647438857,1,0.002421513483084982
1301,0.30796935054051383,0.15470231981811222,2,0.004623028254232938
1302,0.3173178582669912,0.06259178753099233,6,0.013370944746419049
1303,0.2770394745320138,0.026669663357286568,9,0.021862189399907538
1304,0.19969596998304986,0.05009575988306085,3,0.007497314157932639
1305,0.33188046740740146,0.05046443776755555,6,0.014530476028022734
1306,0.11883699981070033,0.013597849844539454,0,0.0019747666692838464
1307,0.3340108794999487,0.07523191963415397,5,0.011110403707700804
1308,0.20527233241053527,0.05363557369680503,3,0.007734878379283647
1309,0.20491451503435987,0.09497548478582628,0,0.0020162180429606495
1310,0.3298643859257617,0.05175979702308823,6,0.01440546133901099
1311,0.2083162779077052,0.03925064574378173,5,0.011949702776908672
1312,0.31845031805761254,0.05569626886417656,6,0.014313259847450133
1313,0.2673870763059842,0.10776150540737127,3,0.00667926183109618
1314,0.11885928587971013,0.014667507239333773,0,0.0018943168436663872
1315,0.19631403030400896,0.05344439302933635,2,0.0062280060727416256
1316,0.22569716478603274,0.06287230774227842,4,0.00923771146538558
1317,0.18577776684931205,0.010739522314763833,7,0.016054124482241434
1318,0.10965228797738973,0.005530057709942054,0,0.0019113104439308058
1319,0.345018389927961,0.13972463787347764,3,0.006665227788337682
1320,0.2716794021062147,0.14922764368481753,1,0.002522022712345398
1321,0.202003851473167,0.029191866360488868,6,0.013620857801057097
1322,0.24544243970637522,0.03487873205518141,8,0.018821183661930866
1323,0.26111548544677465,0.06048481566657034,6,0.014012435367976384
1324,0.19837837465301497,0.025993743990063576,6,0.0138159473742832
1325,0.34700809960099505,0.22064250921516218,0,0.0021072908889469047
1326,0.22472907112114887,0.06871844399545915,3,0.007857646536291295
1327,0.20690942855791392,0.05973910562912532,3,0.0067588511343529036
1328,0.2589922069993055,0.07608486188967108,5,0.010930424295599844
1329,0.16597912523610403,0.02675707983980018,2,0.006221098026751792
1330,0.12905568217589236,0.007777448006370718,1,0.003615588920195452
1331,0.31237726908769065,0.132837313963546,3,0.006853617928531176
1332,0.2369650833170962,0.04755884186331467,6,0.01462285602426042
1333,0.1822860819533638,0.05133902759143619,2,0.004462225985340896
1334,0.17778523122145312,0.001619206089645202,8,0.01744299372795621
1335,0.3490557334385345,0.1824535473558402,2,0.0044491830066904015
1336,0.171181213379661,0.030494271403854967,2,0.006410162860316331
1337,0.23781728660214102,0.07390421790417101,4,0.008791821717777629
1338,0.33301240686001976,0.10372843756875647,4,0.008902472256698704
1339,0.11617849812822395,0.007699229853749242,1,0.0022528737308420374
1340,0.15629561563594807,0.009799735337764093,3,0.00820617359689404
1341,0.28883709450682055,0.15039622996503169,1,0.003664168422809435
1342,0.17248796954951393,0.030575824743423526,3,0.006639725843731007
1343,0.28321039521819263,0.10107512887296628,4,0.008913524751841184
1344,0.3117799451708368,0.1422224935313497,2,0.005984776053072711
1345,0.32130527511507423,0.16258964997436678,2,0.004720856387849391
1346,0.27918025334711855,0.07538693378164538,5,0.012286241199281091
1347,0.1466807309902179,0.00920043860354568,2,0.006246144011035268
1348,0.23213667851389214,0.06567085927167533,4,0.009649388249924767
1349,0.2669274665605902,0.14795135194279313,1,0.0023029916356341845
1350,0.12021303898212071,0.0124900616863546,1,0.0021742453186680524
1351,0.332074222437022,0.03672779864929921,8,0.017383607996948304
1352,0.12867783524394544,0.018172518683090968,1,0.002393471653195825
1353,0.1289893818323472,0.0030112035083381897,1,0.004314778388368041
1354,0.12695090607550905,0.02232686127289794,0,0.0019058971126625066
1355,0.33806941306980537,0.021705995068301343,9,0.021661603041476914
1356,0.17348867551948013,0.05905451628817792,1,0.002549629437399817
1357,0.11861783966965857,0.0082647529120984,1,0.0024165810526266544
1358,0.26980945949510876,0.11293383980297603,2,0.006209626618042866
1359,0.17141112068112077,0.020669820808892618,4,0.008827860393732866
1360,0.22386747953273636,0.028853380914255235,8,0.01809104238618977
1361,0.29078401207240984,0.08838088154126421,4,0.010820702017846663
1362,0.15127393097541797,0.04045810786148639,1,0.002329570758460097
1363,0.304701558006053,0.07587270021831269,5,0.012207858986231194
1364,0.2585110585739065,0.10562679703034666,2,0.006051150896933392
1365,0.30576512408572754,0.05363147024770007,6,0.01518289278456374
1366,0.2672887599295465,0.07070430339427759,5,0.012515234965993665
1367,0.2882863517397898,0.07513516721847309,5,0.012479095643939462
1368,0.2863010996113682,0.13538876332191827,2,0.004970982458429682
1369,0.15137723310231618,0.01536370988249263,2,0.005848732023453719
1370,0.1925402509765533,0.0541507120254455,2,0.005497128713869668
1371,0.3200775200863425,0.08242901369080091,5,0.011035770997136908
1372,0.34939454746368537,0.07224644814847146,4,0.010638229266247719
1373,0.2727781582545222,0.11737527966412545,2,0.005912598697418564
1374,0.33446106083754035,0.21292206482669976,0,0.001955101613672001
1375,0.26228950989942273,0.13639199065324487,1,0.002891696919178057
1376,0.23479844459275073,0.026552306057808367,9,0.02027960528104656
1377,0.1475130274103389,0.02223990832580617,1,0.004026929671388669
1378,0.22336567075766373,0.0746847694012589,3,0.006524180729582006
1379,0.12003251500184262,0.008815749765331818,1,0.002494344952012696
1380,0.21922744018581516,0.06946406827223932,3,0.0068570567977089885
1381,0.2632093543879819,0.12373054391392158,1,0.004228721617160769
1382,0.15760461400901377,0.005603879115321608,4,0.009756176618660104
1383,0.2760709452479151,0.03691951953693935,8,0.01922061618557256
1384,0.3387366630459975,0.15104496472850507,2,0.006093691305370813
1385,0.22158456355887582,0.024588675202124856,8,0.019130746970984453
1386,0.11876056286110863,0.010013883600161125,1,0.002268365973292899
1387,0.2588622916163373,0.09699298718378167,3,0.00737780708669202
1388,0.10891995298033623,9.270805129154387e-05,1,0.002306956832926059
1389,0.2105195985216533,0.08106974973073215,1,0.0038715574487856374
1390,0.14138115203535545,0.03363661787938009,0,0.002106446059492772
1391,0.2958603515506348,0.05270573998281137,7,0.015676272531673117
1392,0.1866304067913731,0.014867522450913107,6,0.01470425487221109
1393,0.1734765660531021,0.05430238151920871,1,0.00302989485774377
1394,0.2556922044361647,0.12498111039959432,1,0.0034169796257068935
1395,0.2818681410948546,0.12453912840960332,2,0.0058392601593451506
1396,0.27468013545325426,0.10847516609247435,3,0.007270604803294043
1397,0.11431130421174031,0.005703505773486663,1,0.0022702516542511026
1398,0.23506523255453748,0.11816430896259145,1,0.002374694894679132
1399,0.24408998048677508,0.05044611957296413,6,0.014754890122052396
1400,0.32841349251857016,0.10859827480892834,4,0.008727975534039383
1401,0.17106480306591645,0.05742176056322941,1,0.002489572322967933
1402,0.10898869569175981,0.0014248286128754183,1,0.0021940156810878555
1403,0.24710981633094806,0.10977278107121698,1,0.004278276781542887
1404,0.32839053562503534,0.03601594888825651,8,0.017722637460138507
1405,0.217016529165614,0.06055050995091154,3,0.008291814163239632
1406,0.30877526340311195,0.03290189395085122,8,0.01932571005293865
1407,0.3145165880238693,0.06574177798212441,6,0.01308066399019746
1408,0.22378946965937024,0.09236588984034476,1,0.0039343565827901225
1409,0.2708750614458553,0.1551898604090311,0,0.002050270752922152
1410,0.34223311553058494,0.18343410974724855,1,0.004154070638036359
1411,0.2598566061553653,0.07472095836173687,5,0.011256015809987871
1412,0.2779889881436318,0.08611657873566093,4,0.010672922914763648
1413,0.3343409372283671,0.052871306755240384,6,0.013998066548515863
1414,0.30993772368869954,0.13238738081865434,3,0.006800365737710615
1415,0.165819868747529,0.033534164087538204,2,0.0049163307969394545
1416,0.23731771144062794,0.04182420027695985,7,0.01615711133707827
1417,0.19333755364884028,0.024916158836931275,5,0.012940997823188099
1418,0.3217147296570628,0.03036858795321665,8,0.019499115114320575
1419,0.1961345382907714,0.009167354714958975,9,0.019587488922407883
1420,0.2208255310884104,0.1090194556027264,0,0.002073172379642721
1421,0.12582455454642416,0.002457823564626736,1,0.003938225611697947
1422,0.11798717480038441,0.017892898091438722,0,0.0016102617637179539
1423,0.28855865077214987,0.11554125086287581,3,0.0074414546912180005
1424,0.28342337349248936,0.1193328627027508,3,0.0066003657171810155
1425,0.34872919140239783,0.14483104418655876,2,0.006376565283872098
1426,0.3080777073067888,0.03221817293686384,8,0.01953001991201211
1427,0.3322363362590734,0.14363027880476567,2,0.00648617232918017
1428,0.17583358048591866,0.049950526164984244,1,0.0038218983571978627
1429,0.20021522607084008,0.09003025639879622,0,0.002056270574929804
1430,0.3383510581545782,0.1014330272874524,4,0.008844200357790401
1431,0.30692643577719897,0.07040572385315065,5,0.012786871924273021
1432,0.21565604438261074,0.02289405566014473,8,0.01867358702908708
1433,0.24197335084205823,0.08487672159298905,3,0.007328933696173303
1434,0.15423920766657442,0.03573467970919188,1,0.0030910113210317284
1435,0.29361361843630995,0.1767803066574235,0,0.0019755628597106422
1436,0.34446048716221817,0.028782858010974053,8,0.019043469357520767
1437,0.28594951825752446,0.0743600694347347,5,0.012566679570409096
1438,0.16131990549827738,0.013475496475727678,3,0.008406297539220169
1439,0.2673971702646872,0.12366309019112695,2,0.0046289409019430825
1440,0.2108538529712655,0.05557000998404309,3,0.008307543897601757
1441,0.2937294352259486,0.16246110009070755,1,0.0029799985426161193
1442,0.15246005355883857,0.013511662212863002,2,0.00645240430371272
1443,0.16165341054142424,0.05239081512002172,0,0.0021539597141871886
1444,0.13858146347146355,0.006670097853155913,2,0.005243532385857899
1445,0.2773993879319627,0.10745964820381164,3,0.007641836611653815
1446,0.16782661616608327,0.0578921663313013,1,0.0021829793797493906
1447,0.11361118513574613,0.005376942746547295,1,0.002239162195062976
1448,0.3417185796298731,0.027804389585491075,8,0.019457935461070306
1449,0.19697957859011975,0.05037068002215303,3,0.006952599631618767
1450,0.19013308904402249,0.04626480974726026,3,0.006588443422437322
1451,0.24168173766346063,0.12538654674092561,1,0.002283067893298178
1452,0.30737795293442643,0.18314552712900448,1,0.0023319292816249577
1453,0.15969390933672936,0.05034635577757067,1,0.002168901424468448
1454,0.1366580762185083,0.025189142498809748,1,0.0024516857795766
1455,0.2696813322120128,0.13166491504429234,1,0.003951987181235119
1456,0.21050781055138076,0.026919496624091238,7,0.01625746731551477
1457,0.17025727670718793,0.03663334001163416,2,0.00507675530609895
1458,0.21261837330017894,0.09439142877511549,1,0.0026465585071995326
1459,0.33817050876864974,0.09920566014226424,4,0.008992918910849182
1460,0.347711247788989,0.22460982237232693,0,0.0019352442567731163
1461,0.20576471649018785,0.05154613888164954,3,0.008288245799492965
1462,0.34044886653037004,0.03739028588968227,7,0.016844694354863642
1463,0.15635671170056317,0.04862359591360226,0,0.0020521106590339353
1464,0.15839815156128847,0.010102594590834532,3,0.008631395092328699
1465,0.3309610489877894,0.1774416299051339,1,0.004067677420632423
1466,0.3368037809735501,0.0372623117536002,7,0.0170404855112326
1467,0.2110645144577765,0.07342283908205413,2,0.005000892612818804
1468,0.19294877782155603,0.08518475537830827,0,0.0019125740351857547
1469,0.1301341432804584,0.014255696463489554,1,0.00293773968586074
1470,0.2943449440704142,0.016362305221740824,9,0.02492010433618256
1471,0.14532517915909815,0.010819275146742108,2,0.0056477710560824445
1472,0.21789444247797765,0.0402494587183129,6,0.01356811976336799
1473,0.1696078278093838,0.017488848395231002,4,0.009286646443812831
1474,0.2761224668426864,0.08706701036161013,4,0.010431959580900667
1475,0.17892790508636414,0.07426146978767398,0,0.0017521307159375813
1476,0.27825861862325046,0.15517312499658426,1,0.002511614850966723
1477,0.21502534301846837,0.0727992636376697,2,0.005645696959569819
1478,0.15941109806620057,0.05038314048237846,0,0.0021438933288865304
1479,0.2367794903674689,0.09644166741941484,2,0.004867034178899745
1480,0.1285933541680423,0.004833687327728298,1,0.003974007644913758
1481,0.18155056168817485,0.02841704085456359,4,0.009060170151715742
1482,0.300927147011316,0.1338659198483758,2,0.006195469466579556
1483,0.22736649883436424,0.0908466654497609,2,0.004531954906792294
1484,0.12193261076292819,0.015398852591664873,0,0.002069634091698426
1485,0.23543322297116878,0.0476369398506135,6,0.014400041237289078
1486,0.24967586940102954,0.07482728144023826,4,0.010172258418709501
1487,0.3316711671652281,0.20901143825833926,0,0.002036238906601111
1488,0.34816987871656185,0.1857998493378283,1,0.004221603596413984
1489,0.20886945253096284,0.03235137446179597,6,0.014137212514416604
1490,0.33707958574331104,0.20896732091212836,1,0.0022932849272037283
1491,0.3057205539362072,0.03340008952019563,8,0.01931306225397071
1492,0.2562105986790308,0.11914068588754798,1,0.00408522267190277
1493,0.3194363388932081,0.16709771714048252,1,0.004252835765200332
1494,0.34618156697428687,0.03547707814432006,7,0.017072257638754352
1495,0.34334701860732914,0.20272319248219892,1,0.002965210480508171
1496,0.16637741581058788,0.04023739124894544,1,0.003958306177128919
1497,0.22940596034850988,0.03913594366655838,7,0.01583580452755767
1498,0.15901463922420603,0.01715780761723954,3,0.006963792645486686
1499,0.19972239542786926,0.05239914000435151,3,0.007014627358090509
1500,0.280004846315955,0.05729204860581855,6,0.015148660172976346
1501,0.33142135356412344,0.0318832499190383,8,0.01867627375695991
1502,0.3170391351840621,0.16404035516860319,2,0.0043660777533354725
1503,0.10953755629492683,0.003231195589498381,0,0.0020855588278382736
1504,0.34909740792052324,0.02263641937409726,9,0.020929482600506456
1505,0.12007207461541965,0.012213649811993212,1,0.0021863139665711153
1506,0.2607660049131926,0.10712802069405618,2,0.00608222382017185
1507,0.21055931801461156,0.05279263287500093,4,0.008886051830681885
1508,0.3471204009622703,0.0587006212618561,5,0.012445147368626489
1509,0.1894643670009482,0.013257081695353109,7,0.01610510708127313
1510,0.21934676740563908,0.08187136414978344,2,0.0048152927589181025
1511,0.1130512141597833,0.017141861790302127,0,0.0013677400469905775
1512,0.3373664691885506,0.13482324492691805,3,0.007010988372768502
1513,0.3476109950144728,0.1811602906450211,2,0.004483577550950835
1514,0.23757966121974772,0.05842451677694416,5,0.0120750796051273
1515,0.3330909098577653,0.11005171409752412,3,0.008504861820565661
1516,0.13045652085547266,0.005052442227944917,1,0.004209595216593278
1517,0.20269384468476798,0.007886884352907474,9,0.02178325063972587
1518,0.11209410296533075,0.006938046240873862,0,0.0019857202144136243
1519,0.13832373185417524,0.02936836536136122,1,0.0022186993131374797
1520,0.2776718594081778,0.14695165310777486,1,0.003134703692945829
1521,0.18741867035786045,0.009830569042273418,7,0.016893284586481518
1522,0.21443712729579978,0.05379036447473062,4,0.009362155877495393
1523,0.15898652028143365,0.0026748562961539483,5,0.01110233753640971
1524,0.11222345211465674,0.004818683310988956,1,0.0021709165992856642
1525,0.26397984107010775,0.12063162219739225,2,0.004659856021636724
1526,0.1857492218931772,0.01590173956024956,6,0.01408006375974257
1527,0.2760294593135559,0.04194169798942359,8,0.01809224921705504
1528,0.3412733285681922,0.17892122496171778,2,0.004412185688148753
1529,0.3413599082913757,0.1047347691797307,3,0.00852238061779202
1530,0.18663449676806332,0.04142519035880127,3,0.006967665511295435
1531,0.15501548269564794,0.027177652004163985,2,0.004335123402063101
1532,0.14475718180228347,0.004022869924702328,3,0.007038220609529212
1533,0.23255990305156707,0.10575244519461159,1,0.0033013953320780126
1534,0.1719490404557496,0.044853974510400504,1,0.0040312070426938625
1535,0.29767307620007777,0.10217629870738046,4,0.00939144668203518
1536,0.3098961720764684,0.1881334342200793,0,0.002156135341742948
1537,0.330271571078852,0.14525304091514696,2,0.006352278411253653
1538,0.11682108689670768,0.0105814335607185,0,0.0020602134997629233
1539,0.19860831981564328,0.07545371779398977,1,0.0032594105989760236
1540,0.2062731894640571,0.030335679252940145,6,0.014215419003311424
1541,0.15566009093894234,0.007776428277566453,3,0.008610103765140127
1542,0.22552648462911243,0.02580442945916388,8,0.019337530437229127
1543,0.31612938011203495,0.11689142689803778,3,0.008274038176386245
1544,0.1115372475906637,0.0035877873296340226,1,0.0022203173694214954
1545,0.33836993763236084,0.14610359449892388,2,0.006377297668587052
1546,0.33367333383494346,0.1730998450463356,2,0.004506648769006454
1547,0.3224573879827351,0.06113550925959936,6,0.013332704616273455
1548,0.13505083184093813,0.0015607826392591616,2,0.005604345848816879
1549,0.23421448878138165,0.01899005455485356,9,0.022713591061307506
1550,0.3176221320761295,0.16621820857798683,1,0.004220161230560071
1551,0.2757856936015451,0.07036120052935231,5,0.012951580354965044
1552,0.30289918907028146,0.08943701051204582,4,0.01077209173640571
1553,0.14610011032385625,0.038152634571329044,0,0.002106369661742355
1554,0.12899593276246393,0.002742575043235597,2,0.004359267454628327
1555,0.27645032941095554,0.08572992699059113,4,0.010646961675992644
1556,0.27353960117624265,0.036985943015226175,8,0.01921695600333563
1557,0.23090578633836292,0.04779453890651237,6,0.01370958007190862
1558,0.20577535693326546,0.03553017881219724,5,0.012496367560734757
1559,0.11357887663977338,0.006905962903514149,0,0.0021050259680453804
1560,0.13399844721093818,0.006813599651527514,2,0.004461508961380373
1561,0.30315757373654595,0.13256493243925674,2,0.006457109526214038
1562,0.1292296338282124,0.021224192034335888,1,0.0021693606811514737
1563,0.10979836959178071,0.0018729137504921993,1,0.0022233562584853253
1564,0.19946860677292028,0.03187673652518348,5,0.012195312611769182
1565,0.2114247301733572,0.02398564287546802,8,0.017456586859365072
1566,0.22240330625326205,0.10511099501618208,1,0.0024945469933914015
1567,0.19748844112347422,0.01894186040473202,7,0.01607120987465542
1568,0.19687595759211468,0.037900180283553894,4,0.009890847202778887
1569,0.25135066512582516,0.0754285059012216,4,0.010252995719032031
1570,0.1374032340874685,0.02905701549511807,1,0.002170205730346003
1571,0.19661346900777132,0.08465655582421923,1,0.002210496231758003
1572,0.24386358253268953,0.03973460290873935,8,0.01739694687957018
1573,0.19237944979085214,0.020914868259772866,6,0.014056099975053986
1574,0.346789496230948,0.02591915967736479,9,0.01986974981730395
1575,0.1404098641040197,0.0030514116670439986,2,0.006339425972565695
1576,0.14761441172054246,0.02045004350520202,1,0.004312950754284271
1577,0.291773519229651,0.12365713568773493,3,0.0067090339323936455
1578,0.19148345693719607,0.05996820072017712,2,0.004414471341895954
1579,0.3002814175209223,0.15299324164105418,1,0.004260980800369802
1580,0.21777530049296598,0.06025087643554801,3,0.008485911055010903
1581,0.12835249648385968,0.0004930688177846232,2,0.00463473156965807
1582,0.31207016193982173,0.12828205895048983,3,0.0072464200610943335
1583,0.22845878755129925,0.06840483755602396,3,0.008504133410142422
1584,0.19341120818321483,0.018622581963689624,6,0.015142506281343811
1585,0.21156054141084948,0.030649413325930217,7,0.01524533851136123
1586,0.31415365997883515,0.03572470833257355,8,0.018403901563724793
1587,0.3337697404293072,0.20976809395795312,0,0.002092704023819841
1588,0.2942343015125162,0.03252540781466856,9,0.01992288582346225
1589,0.28741512194511504,0.13145074476283716,2,0.00549601313027975
1590,0.2975321788337009,0.151059982490334,1,0.004245746382612407
1591,0.22783421135838366,0.07744020405071278,3,0.006682050046305869
1592,0.14324271295781915,0.01665401223496739,1,0.004269435615122008
1593,0.15522615578195242,0.03173565153769328,1,0.0037035016262147763
1594,0.15112521946362129,0.021161058157376456,2,0.004726943302312744
1595,0.1735016884965567,0.014872699641043041,5,0.01108512464670317
1596,0.1299848831338934,0.019494905863092528,1,0.0023870197332475493
1597,0.1066329439674436,7.103284599504423e-05,0,0.0021146571443352554
1598,0.11228812496892947,0.0005756620548372096,1,0.0025729002134792837
1599,0.13467362521375129,0.022063145036925438,1,0.0025706140804589747
1600,0.34602777052504025,0.14186118280092944,3,0.006550347025069515
1601,0.2562329864331055,0.10684667381525365,2,0.005632158976705566
1602,0.29776818473907823,0.08693810500673219,5,0.01105750197938239
1603,0.3327942337660769,0.2090176544176175,0,0.00208833591378272
1604,0.22184323875719228,0.08820835130959864,1,0.00424314079334499
1605,0.11666270418068611,0.011976438536552662,0,0.0019374844757893343
1606,0.13848863051164975,0.011658229122218632,2,0.004357100974084786
1607,0.17948708175324066,0.027037629562806302,4,0.008964042833199801
1608,0.24414693952789435,0.07446540398703205,4,0.00954959269256852
1609,0.2127784408043382,0.0710962649550265,2,0.00560924377853056
1610,0.3453845957407199,0.047140641961274356,6,0.014481827062056668
1611,0.14159041132083833,0.03839685312977451,0,0.0017636156411620144
1612,0.32566970902362213,0.20436913249763633,0,0.002007825345646549
1613,0.3013007483842365,0.10387956475669873,4,0.00928924607813761
1614,0.31384914038772704,0.15973977805100686,2,0.004542047440479267
1615,0.343991516802146,0.21445029280393038,1,0.0023061563863172466
1616,0.22414789535103513,0.10541912120670417,1,0.002605593148445737
1617,0.13037308341172463,0.004109725533726372,2,0.0043474874736312945
1618,0.293610028528036,0.1719869063862437,1,0.0022779701155460383
1619,0.2914030014569209,0.06916903395579455,6,0.013281406555206083
1620,0.28156606831781306,0.08270594523578813,5,0.01131169555503705
1621,0.30995437445119284,0.0906340124092789,4,0.010565010292800967
1622,0.32340942146239304,0.20399083960305553,0,0.0019216107985371535
1623,0.22217499838020902,0.048100284155751884,5,0.012190530050277521
1624,0.14469847844871708,0.03022404045738436,1,0.0027101676993611973
1625,0.2882319332104558,0.03863161379075043,8,0.018630375042562326
1626,0.3421564977567521,0.14259738843559788,3,0.006557300622498837
1627,0.2581683884842698,0.07589693399669953,5,0.010886326979012593
1628,0.21011201620085318,0.042526460638141146,5,0.011401208351837411
1629,0.14049855149828194,0.0007899835463895679,3,0.006884616449707796
1630,0.21145331082418337,0.04564642868649631,4,0.01082973945194849
1631,0.1733008441348539,0.011716611364338079,5,0.012089057115429564
1632,0.28215825059889227,0.06795942340167235,6,0.013453139762956482
1633,0.29466218086565193,0.1469242828061015,2,0.004432636115379636
1634,0.19155173990087862,0.06353470668987159,1,0.003926464036189364
1635,0.33868791624432387,0.1391926360576847,3,0.006761583928617209
1636,0.34254319941866673,0.14951785427248004,2,0.006195605175697399
1637,0.348633377641194,0.02606162279652875,9,0.019751204250630504
1638,0.349879280198093,0.22364051807208565,0,0.002075940697414362
1639,0.2639318912010654,0.10498688175468508,3,0.006721612949247706
1640,0.3301209598882759,0.14178093800038838,3,0.006583028685525483
1641,0.26701383134994483,0.13585809698653362,1,0.003311113542758397
1642,0.2355319572096549,0.02433048071095622,9,0.02106350042536432
1643,0.31185339816946855,0.06686099433082157,6,0.013047049676720298
1644,0.1930598085855509,0.03949165388335619,3,0.008677111029897993
1645,0.14089793575299386,0.010340454298008263,2,0.004962376777557848
1646,0.19169037546699938,0.04538939162227953,3,0.00705023871004005
1647,0.30927987408709046,0.03154932152306614,9,0.019661744907420464
1648,0.3419541352774937,0.21560783732656383,0,0.002150534821338403
1649,0.30713253490196774,0.13296640819139158,3,0.006622033993380028
1650,0.2678022487011802,0.05126610206027795,7,0.016099548133108346
1651,0.16654366335130794,0.0007224688118590136,6,0.014165741763436766
1652,0.2579429816306898,0.05127350847053959,7,0.01569664478938954
1653,0.2587305009057253,0.10773279218645483,2,0.0057799630557375135
1654,0.24961567348602678,0.11921254344849636,1,0.0034656750481961095
1655,0.20453619783839957,0.019120692935468104,8,0.017710084213580297
1656,0.16264726689390638,0.03100147541204326,2,0.004854428105000417
1657,0.3137645464165711,0.06985356871583012,5,0.01260701617656678
1658,0.22843886638803076,0.09055141376213582,2,0.004698420061280518
1659,0.1765976647463113,0.06973288999155076,0,0.0019120471857720603
1660,0.15253960310834738,0.004393807852762412,4,0.008792224884791441
1661,0.13904899428625037,0.03629930957146667,0,0.0017397147365757362
1662,0.3496608955756938,0.03174907288303036,8,0.017944170371367606
1663,0.22409194820957443,0.07623517541340429,2,0.006356574808125235
1664,0.33415442982113097,0.08349507859480006,4,0.010337121200727044
1665,0.23178544535562198,0.02462461828020468,9,0.020556001048686965
1666,0.2840186215195508,0.16955637831914008,0,0.0018936471149443624
1667,0.17915596097095368,0.0060555708543772015,7,0.015978995030462875
1668,0.2479866108067671,0.12986877200759972,1,0.0023786219742516616
1669,0.23347657577774011,0.027366979993982854,9,0.019876648785389372
1670,0.3426694342225498,0.07641237737047094,4,0.010561583643318937
1671,0.11169020283769004,0.006002596792760553,0,0.0020292310541929373
1672,0.15555931616282592,0.025680232929552193,2,0.0046556105931322206
1673,0.2916452657994795,0.09450312805823376,4,0.010104901796889481
1674,0.3362688161442121,0.21083315019391816,0,0.002150531601146579
1675,0.34901626301411637,0.2202669341383826,1,0.002214538531537703
1676,0.11981775351405145,0.012336406347365613,0,0.0021548555020986437
1677,0.1348126971383504,0.03139243029054144,0,0.0017972842895913764
1678,0.25483370056792787,0.0547611053923901,6,0.01475088143435006
1679,0.30233508403462755,0.1584523615075543,1,0.003909002286809379
1680,0.3006590501615095,0.15676380836553677,1,0.003943244052864322
1681,0.32085585787485205,0.19642101537282197,1,0.002226444904628872
1682,0.3307540357473217,0.1722028022071915,2,0.004441631992183755
1683,0.16151673462402885,0.02238916652941724,2,0.006297799431218102
1684,0.30822583094943845,0.16037335782534948,1,0.004134854802982723
1685,0.12549654860298667,0.00010291826532271369,1,0.004253528092206662
1686,0.23857647135476956,0.10545596100788841,1,0.003919268805032875
1687,0.2433928225422824,0.060436920301635076,5,0.012382709884761634
1688,0.24936998551167308,0.04905243414476692,7,0.015586846366790781
1689,0.222753472500501,0.09145022911731408,1,0.003934375406616125
1690,0.2182132289533255,0.03498173546595919,6,0.015189804041827798
1691,0.2872516237104452,0.06736451641261554,6,0.013560053644824042
1692,0.125613544489229,0.01667727655439905,1,0.0022622137188781006
1693,0.31185656920336036,0.1388482807081366,2,0.006293854670434782
1694,0.1882959341131528,0.07522759981485021,1,0.0023458735669782235
1695,0.23600039502600423,0.04342353092821673,7,0.015569732297968047
1696,0.27359795626063665,0.15613720885586096,0,0.0021497421923199127
1697,0.2717855740413443,0.09987910658954251,3,0.008229146701966051
1698,0.18354878109213207,0.05697444196237285,1,0.00382919338517696
1699,0.2731138187640068,0.08856435643157257,4,0.010015836862952262
1700,0.23092367514351853,0.11659170426194704,1,0.0022030349719013597
1701,0.2881690276811633,0.09260243629116797,4,0.010231190342356072
1702,0.21473417599980982,0.040709088529596205,5,0.012830084567689356
1703,0.15454113281646709,0.0077794384571677755,3,0.008334732001860051
1704,0.2911453984077581,0.1296326517946791,2,0.005988260160695934
1705,0.26926969023955993,0.15530781797254653,0,0.0019497168635248187
1706,0.29661082510760295,0.07304519493302417,5,0.012709172053948163
1707,0.24999335906020395,0.029805221927636284,9,0.020522265927973373
1708,0.3333890312301252,0.174703139896066,2,0.004379710543160207
1709,0.13640768534057834,0.02812273710701132,1,0.0021685380712877993
1710,0.20940138755260604,0.041972413337761916,5,0.011409656623970912
1711,0.28617846005543035,0.1279389838184809,2,0.0057963134362152835
1712,0.17563022019244076,9.93433904401958e-05,8,0.017415980031575875
1713,0.11451639421280828,0.006293717205786017,1,0.0022353493983282334
1714,0.11776925073347108,0.00266521505522432,1,0.0029125472062554426
1715,0.31403597932846056,0.19070179687946712,1,0.002218100251440487
1716,0.10917853853079573,0.0018589206944040733,1,0.002172297821293149
1717,0.279583342926059,0.05783076195972117,6,0.015055888179993322
1718,0.16085675829384097,0.0542459061087184,0,0.0019502035897647385
1719,0.3481822917731058,0.06949356181894048,5,0.01100170293911388
1720,0.3237811667972774,0.1714638974240871,1,0.0041470547801319224
1721,0.24820835212560188,0.13194449416078577,1,0.0022374199099981385
1722,0.31552605497840297,0.04664398247750469,7,0.01599662979073573
1723,0.12472489182447066,0.016326247567466826,1,0.00221806246885791
1724,0.24704321058412074,0.1270413077566467,1,0.002535238407122109
1725,0.19614940696739008,0.007043933989866342,9,0.020503166799841845
1726,0.1722697664631288,0.021368718044654157,4,0.008837838525934292
1727,0.32404858300774086,0.1148965277889856,3,0.008389076760245102
1728,0.1956676137261447,0.026466490736508502,5,0.013004958767322097
1729,0.20347199954088294,0.07030338198965366,2,0.00447147225469945
1730,0.2668586495662728,0.044491283055715765,8,0.017479364612371144
1731,0.1964404770113333,0.07254078650449058,1,0.0033645558311388227
1732,0.2582185155374848,0.1373547518935082,1,0.002513500793347151
1733,0.12397806337113308,0.01694080369458802,0,0.002104925684252393
1734,0.20663156825677045,0.0414869274870901,5,0.010975851524541985
1735,0.22884576229615528,0.09404202314619194,1,0.004280302296403687
1736,0.3075700500800434,0.06709648615033698,6,0.013176261738403663
1737,0.32023789403085806,0.1651908557355055,2,0.0044524045701565705
1738,0.32380719211784764,0.16984832777140527,1,0.004274439590813749
1739,0.2181391438985863,0.05136601064028698,4,0.010626905779950062
1740,0.19908515972056226,0.08400720708881924,1,0.00245699172700207
1741,0.1825927939083536,0.010748579917512588,6,0.015126792051549608
1742,0.20360595268867468,0.09045570541762299,1,0.002268925482093724
1743,0.27040743809325,0.014758064370252132,9,0.025748407698440747
1744,0.24714113488535583,0.12486211916067784,1,0.0027252393362031738
1745,0.1536049948464662,0.02586587380391234,2,0.004335933322315628
1746,0.1466059018428059,0.0138348523633017,2,0.005290631864710714
1747,0.26686149671911097,0.14883015534120228,1,0.002236223249921006
1748,0.26031287360728594,0.053860466873353746,7,0.01528592093199917
1749,0.11664663242669525,0.007638838877258249,1,0.002298760829618885
1750,0.24208999495199487,0.0827524220268415,3,0.007718916457842032
1751,0.24285952434137467,0.12839811791420022,0,0.002140514526701856
1752,0.13874442370624,0.011516156401029395,2,0.0044185963128866475
1753,0.30495787941659525,0.03629178320496176,8,0.018631866340357146
1754,0.3183406014111947,0.1674807903227577,1,0.004158856045150896
1755,0.1723963598282653,0.015786484285681614,4,0.010502047888758938
1756,0.2816897997192609,0.10537086696921506,3,0.00824967098675052
1757,0.2044169992954093,0.03205539309071072,6,0.013258582660706234
1758,0.26231995944041697,0.07721986366733387,5,0.011026302252319237
1759,0.2510544585538277,0.06051553450018669,6,0.013210007505864924
1760,0.2742945978009233,0.06493539089724769,6,0.013787593551233598
1761,0.14738559226268336,0.008544721110800992,3,0.006534983143766707
1762,0.27143511782054186,0.07024976212194353,5,0.012805018682753801
1763,0.2242993987456587,0.05370737209631882,5,0.011134769941281845
1764,0.25035384770377767,0.11577437502027922,1,0.0039030290124949046
1765,0.3401580412368989,0.04436979714088351,7,0.015287615709754222
1766,0.3195645458174941,0.14151296376562397,2,0.00636609492665768
1767,0.305154430245456,0.04807073386988163,7,0.01616806188358978
1768,0.3401300485347101,0.14108593710906409,3,0.006650494953570369
1769,0.15288894580585374,0.010156991053441058,3,0.007329887470055645
1770,0.3469183032081563,0.025078782120218503,9,0.020148209323873022
1771,0.11096538629896352,0.004043146504539094,0,0.0021333019251119534
1772,0.330326534421307,0.17169115779207714,2,0.004459562061966952
1773,0.16123907380912236,0.053189237990920325,0,0.00205870049176931
1774,0.20879961252409918,0.09694408032063868,0,0.0021395949607857638
1775,0.1963388637678496,0.0157836396460457,7,0.016968715482845308
1776,0.285667065094572,0.16782796925495996,0,0.0020911478452032236
1777,0.24773323900714342,0.039319062586909086,8,0.01782401864783548
1778,0.2821245361232885,0.16394112136460576,0,0.002138157672044837
1779,0.2770172275786323,0.04874534904877096,7,0.01670059345728982
1780,0.30150413583798463,0.08504257473954253,5,0.011248764028244911
1781,0.10850144185029882,0.0012477469915485738,1,0.002168518503092291
1782,0.31169763859128546,0.1830000200872425,1,0.0025856554436390626
1783,0.3402627304245659,0.051723717443080276,6,0.01389748765866188
1784,0.28632985993551746,0.0871609984338786,5,0.010865685735591435
1785,0.22790707098347618,0.09970011120276587,1,0.003505974924499247
1786,0.33721474251150896,0.1801670731156926,1,0.00416474651471699
1787,0.130737263569702,0.0241109139753349,0,0.002050700552330566
1788,0.30602173325148596,0.07115884455080763,5,0.012724183356467668
1789,0.32853994432701766,0.03513833978654277,8,0.017936415965988214
1790,0.3331442979252745,0.20592556230683443,1,0.002279343760382534
1791,0.16846394491278846,0.001441380126941172,6,0.014494088571101477
1792,0.3221176729669016,0.19899875058515173,0,0.0021383728523837998
1793,0.13877814081613776,0.014886101536242194,1,0.00390612264497387
1794,0.15271442147614966,0.0009651963955342215,4,0.009881979695355782
1795,0.3287390899007787,0.1441005131156539,2,0.006404616611574622
1796,0.3413229115842666,0.21492224498660611,1,0.0021590529592614457
1797,0.27930699439653217,0.05666936133375691,7,0.0152541026221229
1798,0.3205676512995013,0.04701152403456051,7,0.015698380531581367
1799,0.2871417449679341,0.14147924018721986,2,0.00439719915669574
1800,0.18890825584821483,0.00043478707967301575,9,0.021471150204861022
1801,0.1699568318671106,0.039780248954062486,2,0.004513786780284679
1802,0.19551008463212288,0.06233886002590061,2,0.00459816827440672
1803,0.2905508798506292,0.18029563592157255,0,0.0016246558995015542
1804,0.13612459905486443,0.008853892745517821,2,0.004453303442014728
1805,0.2555390176558565,0.042803455508249356,8,0.0174620056432861
1806,0.3201182175224767,0.0525594615228382,6,0.014738538540456288
1807,0.16235112307340208,0.013670841638031775,3,0.008599258911346526
1808,0.1351651594666164,0.0077707147930294275,2,0.0044838552855696445
1809,0.22541000772041342,0.06605725663483487,3,0.008509379932964908
1810,0.3427278859553511,0.04765130011545757,6,0.014513138841545087
1811,0.3498845596363128,0.2256779087672528,0,0.0019733205145003358
1812,0.22917516852687245,0.057611012811417714,5,0.011001902943148591
1813,0.2768995205417723,0.11436820328980137,3,0.006679747980862744
1814,0.2415908088112541,0.030385656961670133,9,0.01977384896954357
1815,0.3069839847573623,0.1080399903070434,4,0.00896660615153068
1816,0.306439142938259,0.1558010525899313,2,0.0044238721222000016
1817,0.1900569580058289,0.07427680170707492,1,0.002575918356827886
1818,0.34103515944454504,0.045514241218730066,6,0.015012969989545075
1819,0.19438412014645162,0.008845463493315187,8,0.019255584076308604
1820,0.13294170606690028,0.00015885014664872386,2,0.0054929600899771116
1821,0.1859874198147565,0.06012365514173686,1,0.0037101727740804684
1822,0.2253146013560784,0.0538557214268003,5,0.011270735798807042
1823,0.2018815474143159,0.016142883448606628,8,0.01821489323969468
1824,0.10644771859112057,9.611466928555491e-05,0,0.0020974908018445834
1825,0.28479724645552895,0.047909878268537286,7,0.016792354543120853
1826,0.25695316777986177,0.04485381853051855,7,0.017059240005862248
1827,0.19306614320579185,0.01869183816950961,6,0.015027261639322916
1828,0.17384546160182876,0.022335024060373562,4,0.008941609762431663
1829,0.14042532385069123,0.0024503002691729416,2,0.006478774750305611
1830,0.26390653334892333,0.057002598312416795,6,0.014837523602637166
1831,0.3238484840513882,0.09504889001684287,4,0.00982748688292256
1832,0.32053951024428673,0.17288354136853581,1,0.0038550858346699723
1833,0.13319291853030898,0.0021759930594545153,2,0.005146873232412993
1834,0.3235429057173994,0.13386220781273267,3,0.0070494201375975694
1835,0.19218376255603553,0.08196585156709259,0,0.002096222613609866
1836,0.1251048949303277,0.021106121017064692,0,0.0018641502941228575
1837,0.16753718019267258,0.05444168145472088,1,0.0024579752813933113
1838,0.32662419176988783,0.19916785182831917,1,0.002355370617257989
1839,0.1686896701598026,0.02452760365840325,3,0.007247338227975162
1840,0.1788580968894223,0.011427391320812873,6,0.013782916150571244
1841,0.32717469179637676,0.050037660205580294,6,0.014834332504959828
1842,0.3050742664479211,0.14019353861340578,2,0.005811749492035832
1843,0.3120931555829501,0.04953475354385672,7,0.01561837135191147
1844,0.310674394092077,0.08641463467535389,5,0.010952658699846553
1845,0.3368879722894779,0.0415750951131523,7,0.01603687775100176
1846,0.1720457075501893,0.04151041482440223,2,0.004541568579849609
1847,0.27814574653161556,0.036754164584431426,8,0.019240924669326205
1848,0.29517337869614313,0.04017442769434218,8,0.018095991340089913
1849,0.2347567192289084,0.09941331014980023,1,0.0042494078802115965
1850,0.2780660313290741,0.04317047786116846,8,0.01781923107781142
1851,0.11677407461997479,0.009041721872900423,1,0.002185623172881167
1852,0.3068350501880239,0.07231251844235952,5,0.012561622851522567
1853,0.19037005252633096,0.015342808497115785,7,0.01555239494503873
1854,0.24073950574436143,0.09129872309372468,2,0.006106148611455914
1855,0.2758861161393757,0.07814493233141825,5,0.011750834503277652
1856,0.3150063893805302,0.04940256376315311,7,0.01551397357570047
1857,0.2616236595310649,0.04574678416846954,7,0.017061160848943994
1858,0.227723968986392,0.06813658776322273,3,0.008444613357768667
1859,0.2955352591594555,0.17424916793488118,1,0.0022402930564870607
1860,0.22601413880587307,0.05255640123830759,5,0.011710219047857785
1861,0.29351704394766237,0.1287468840863334,2,0.006257631249117088
1862,0.1369646772334744,0.009638720072047179,2,0.004453461166880576
1863,0.3186576090777087,0.10750745871948017,4,0.008996885891574562
1864,0.22742148684860347,0.06965028478170344,3,0.008090536514347567
1865,0.17877030756371087,0.020596623367773303,4,0.010646903893042244
1866,0.1667298716646751,0.01723192696298706,3,0.00866543125211141
1867,0.2176957892148525,0.06945185812257304,3,0.0066247608942054375
1868,0.2400535590900832,0.05499399431678639,6,0.01320495133450323
1869,0.3160282605506533,0.16127657168043125,2,0.004539133312361638
1870,0.3192884094742377,0.08556378988538126,4,0.010776162496025277
1871,0.3138478490162061,0.18981002039234401,1,0.0022629595687265916
1872,0.13637249154903083,0.029049007922554864,0,0.00208907801917942
1873,0.31200179865615973,0.17999190506999277,1,0.0028122485665415123
1874,0.13812979781646123,0.030557771743743658,0,0.002103475113658111
1875,0.3336973664368318,0.0434178063768275,7,0.015792653050395924
1876,0.29423409036979997,0.1478927359437138,1,0.004306357547092046
1877,0.2785661219663013,0.036151005588928226,8,0.019378393908835265
1878,0.2965938150958625,0.15902367261041028,1,0.0034603593538567964
1879,0.2057976429564893,0.07635960206946378,1,0.0039318581893737
1880,0.24657242699885853,0.11367321499708342,1,0.0037742547853667576
1881,0.254168599731486,0.1402474994190285,0,0.002035559534402988
1882,0.19718512464969082,0.01033811574640428,8,0.019371207955436637
1883,0.15275854153773968,0.024418605426590932,2,0.004440355966182905
1884,0.31687034996565766,0.0785080858210556,5,0.011539186997052336
1885,0.1439153953088769,0.013280661946141626,2,0.004936865540856479
1886,0.22610883114953467,0.06728378070835127,3,0.008366025930697137
1887,0.331845351331482,0.10123186082701778,4,0.009107393556348233
1888,0.19482518876290078,0.012248394006823957,8,0.017966101956627192
1889,0.28775790398040346,0.17464574026386126,0,0.0017940393753431635
1890,0.18947333861331972,0.06276361590519662,1,0.0037800928099503694
1891,0.24742324798899434,0.09724283961824536,2,0.00601217512845477
1892,0.16338637360632374,0.02459473933375311,2,0.006187108274235821
1893,0.24185123677029324,0.12735535019290387,0,0.002149100708907499
1894,0.3043573239428277,0.15657393801855812,1,0.004214841720988108
1895,0.11081120485018453,0.0006926490387338946,1,0.0024215118728881093
1896,0.22544330360524475,0.05743758939339241,4,0.010430774820250194
1897,0.2629622259802085,0.1028174791867427,3,0.006936462445051821
1898,0.24171166102750108,0.11564296543355816,1,0.0031259476679711203
1899,0.11588045317338042,0.009001626558918667,0,0.002115710755013146
1900,0.3420651500898924,0.18029025354664507,2,0.004352290402715194
1901,0.24880660403207133,0.05799118357874181,6,0.013528071959025865
1902,0.20842406238770203,0.0759429147376139,1,0.004298202560913956
1903,0.1733242971482006,0.016232039061733042,4,0.010604530365676193
1904,0.12136198201455531,0.011044429367432804,1,0.0024032848873974904
1905,0.26148613080117566,0.15129521983758396,0,0.0017615856558051005
1906,0.18791608660926631,0.0695063204243659,1,0.0028441334127468376
1907,0.2695962014763806,0.05560348992281736,7,0.015309793402266797
1908,0.16870748979439648,0.011845227020141326,4,0.010775302482542042
1909,0.22331280172602655,0.046249630435181016,5,0.01288096580365782
1910,0.2833744831377439,0.14030508639211262,1,0.0042136606582823125
1911,0.11620551078929195,0.006899347471685699,1,0.00232739113886254
1912,0.25494099014228816,0.062466063549147126,6,0.013164068308333573
1913,0.1862022772080779,0.04554443027011218,2,0.006052403349309619
1914,0.2473197196469013,0.08024982485665429,4,0.008857619242209383
1915,0.2074890467083047,0.02896376402990385,6,0.01492862230981737
1916,0.317637775832494,0.19465475033187998,1,0.0021670561823574934
1917,0.31788998773366617,0.08544827559999725,4,0.010834770005543082
1918,0.22453779387604297,0.05581089783057771,4,0.010664576346717842
1919,0.1242529122678392,0.014707615852368863,1,0.002321546839034533
1920,0.28453944133175707,0.12173660747756217,2,0.0063969545771114635
1921,0.13993999298746365,0.03232936795937005,0,0.0021004805922724894
1922,0.32087048066710067,0.03338078603028835,8,0.018716298530442023
1923,0.3236023554100837,0.20037071057372638,0,0.0021327616010837253
1924,0.34560621325695173,0.09999641529689456,3,0.008618224973754278
1925,0.1425706485810977,0.005374445282394444,2,0.006262371032497807
1926,0.2945728966883555,0.17386376470453294,1,0.0022103677753239847
1927,0.11697631752670452,0.00707393741749906,1,0.0023799578440556863
1928,0.33369058020786196,0.06005110990618719,5,0.012933437016101362
1929,0.14346858593226258,0.031770845641837395,1,0.002443840802980225
1930,0.1742971683747131,0.01901565521964714,4,0.010000908461298318
1931,0.1456719799918053,0.0008689556349014971,3,0.008067175817064585
1932,0.17225799678922477,0.027261542143164463,3,0.007340869234596387
1933,0.21020838475412384,0.09323286806854152,1,0.0025515542468168466
1934,0.126489461619322,0.019516305682589264,0,0.002091952381163927
1935,0.3171282270660117,0.1349282169074485,3,0.006829057420751312
1936,0.22603042335862042,0.09228283204634333,1,0.004190956936775336
1937,0.26690053579886575,0.032214452237631426,9,0.020375562350206666
1938,0.19591762569189464,0.08835484758936697,0,0.001886504873791011
1939,0.33433108036880244,0.1747494927649483,2,0.004417756822023648
1940,0.31025456418853303,0.13763649002427017,2,0.006330769730166896
1941,0.17313259996836253,0.02927118042691825,3,0.00705411576374917
1942,0.137644774104165,0.009835779172316315,2,0.004525857920761016
1943,0.17601506355111782,0.048177735124457804,1,0.004088856632154104
1944,0.12277435533663143,0.01433236257564507,1,0.0022282826572319336
1945,0.33321619052068574,0.17780545127207756,1,0.00414977885108843
1946,0.24002920948210316,0.027627807294325853,9,0.02045895389394253
1947,0.16064080702578126,0.01803108721874898,3,0.007099146658204705
1948,0.19850943168786442,0.03564216550860855,5,0.010870223266110375
1949,0.2208958630014274,0.022557894366468934,9,0.019715014829328328
1950,0.21604015175306301,0.05074136302013662,4,0.010397364451031338
1951,0.27351062147083866,0.06809225200884907,6,0.013242169236099376
1952,0.1600040973864603,0.002019234655360087,5,0.01163235734808008
1953,0.3166691811180519,0.08492933738767511,5,0.010923215933577113
1954,0.330496019560871,0.14117087767558464,3,0.006627674464515444
1955,0.20479696235075576,0.07278896725117721,1,0.004287876461876228
1956,0.23503231839895658,0.09740150202975936,2,0.004538199172109379
1957,0.13116169359768734,0.020904348435309385,1,0.0023610571178174842
1958,0.2707254325524942,0.12394754896584763,2,0.004907584468740536
1959,0.3318530480397641,0.0442613947048055,7,0.015706058596612334
1960,0.12477982943298456,0.015578142537936952,1,0.0022887212799793267
1961,0.30221930741115816,0.15322214045885427,2,0.0043750396799548666
1962,0.2584862860486163,0.07683796226242808,4,0.010746288795687045
1963,0.13193374411235959,0.022800562791778646,1,0.00225734146065819
1964,0.15285805020173496,0.02033539002227386,2,0.005151582914328961
1965,0.32704150217180944,0.1701501793823692,2,0.004417614389503234
1966,0.31739278480390104,0.0641180952952628,6,0.013165887555591942
1967,0.2084208507107191,0.044264109303388324,4,0.010593264205273196
1968,0.23833814071735032,0.06253280502607886,5,0.011251491862237369
1969,0.303351086090277,0.06922897100694084,6,0.013041033266916684
1970,0.18802908969496984,0.02551415621828632,5,0.011436771494920577
1971,0.28252496218903744,0.1726419084207211,0,0.0016432992171132026
1972,0.24616616429810953,0.07224299277078514,4,0.010248974558351751
1973,0.3389867867704553,0.09552038906468296,4,0.009201037409496888
1974,0.17592392237586943,0.05952611438384744,1,0.002724180761028207
1975,0.33796823662543846,0.21290740416558884,0,0.0021154564223966514
1976,0.20968280663983463,0.0210062089792038,8,0.018154761447163832
1977,0.23447213477904963,0.04517901320399699,6,0.014906051003122615
1978,0.2907020468708501,0.05446946905997152,7,0.015510500852867247
1979,0.14218155288984638,0.010204529160264337,2,0.005205533153787396
1980,0.1130819428140873,0.0026912595739236006,1,0.0024397824457794283
1981,0.3441132656095112,0.21286754255786608,1,0.002400231255692173
1982,0.33637565664557495,0.21211142030061095,0,0.0020855622611841377
1983,0.1481659664476963,0.01618363226527626,2,0.005121573936712248
1984,0.28406580525879216,0.12640204100454872,2,0.005802777086193314
1985,0.1880218647327057,0.023994066252554076,5,0.01191404710388879
1986,0.1764890362947456,0.061982390207315094,1,0.002539348468959576
1987,0.1312041328451513,0.0073879006350986015,1,0.003960414606204832
1988,0.31536777979362035,0.13218578796810257,3,0.00700714625888842
1989,0.21510404939985248,0.03248583910385613,7,0.01537171895945235
1990,0.21257055396246066,0.10087537793941925,0,0.0021079695269143836
1991,0.12567947291069825,0.0038851124239461746,1,0.0037118681879768443
1992,0.3007389115261467,0.0889980613348562,4,0.010828714193251867
1993,0.1705247685033642,0.028940812488582435,3,0.006617458709001838
1994,0.20534870127341362,0.0714623051349606,2,0.004544496997911522
1995,0.16974239853331677,0.010402407812123725,5,0.011539424753170432
1996,0.33555996048483416,0.17593532120775882,2,0.004387021257280277
1997,0.2182827841190435,0.06912697000922709,3,0.006774878154635039
1998,0.2753076772407577,0.16313959894152508,0,0.0018072711469733658
1999,0.2681911117008474,0.12857436932032304,1,0.004149597202176339
