,X1,X2,Label,f
0,0.241889063467819,0.2973027663270108,0,-1.5550529307871132e-05
1,0.056335059274325444,0.4529730431411301,0,-6.310048110139102e-07
2,0.15512214973784666,0.0721635358705159,0,0.0007694415463739261
3,0.09688543365042522,0.5176794338578773,0,-4.953392469340881e-07
4,0.23476571223052342,0.3457678463815123,0,-1.0554282412946645e-05
5,0.10311066081225076,0.47183419179732283,0,-8.336617021876195e-07
6,0.2076896149921807,0.2995713126817447,0,-1.2424277517738345e-05
7,0.09871861998819877,0.40415541776973446,0,-1.569698923958761e-06
8,0.09678228330960423,0.3999701152424594,0,-1.6054322051835975e-06
9,0.09534925217104508,0.21100727631706234,0,-1.014768214841569e-05
10,0.23084346751163196,0.4399675182710783,0,-4.094617870262485e-06
11,0.22459634863203626,0.4029004486660524,0,-5.5570814877323845e-06
12,0.12086364503601237,0.1716046889951729,0,-1.570196757134149e-05
13,0.015157526622443405,0.12565018474778536,0,-1.0638421686884954e-05
14,0.3467182655238794,0.14063548449424979,3,0.006596047537621066
15,0.13495170966469255,0.06058036708405394,0,0.0005476442425215715
16,0.1364835920041083,0.3302563702342935,0,-4.777698406576335e-06
17,0.046278441742365145,0.5466104780663685,0,-2.2374710455210664e-07
18,0.3071011280651038,0.4203604206701114,0,-1.0325552699432574e-05
19,0.10373592302374662,0.5987452475303378,0,-2.3581060382650244e-07
20,0.1704530477116946,0.4408022463460649,0,-2.22635147527622e-06
21,0.12653236498844736,0.06891324597525605,0,0.0002627670615934262
22,0.23349069267032777,0.22998140917886045,0,1.977653726510964e-06
23,0.12408605439609523,0.3754554309123096,0,-2.693145621736317e-06
24,0.2717494254640754,0.2799367828625848,0,-7.966235911571516e-06
25,0.27592941814499,0.31594436104819673,0,-1.579925647050957e-05
26,0.1687178250507642,0.48295371768908524,0,-1.4359233131868013e-06
27,0.13454907016247114,0.5139156269010481,0,-7.491551963173566e-07
28,0.21848380755046917,0.4601498220112453,0,-2.9617643857332722e-06
29,0.13599653969480688,0.10005121348923907,0,8.852444466532139e-05
30,0.15195976582428952,0.10967959714020958,0,0.00012289489882162644
31,0.32524893681261124,0.07291140087585941,5,0.011768685927905384
32,0.3155074088785367,0.2666304596554745,0,0.0001437597105667602
33,0.2145502596618176,0.5040136846386037,0,-1.8377564349661607e-06
34,0.18830049440262098,0.10974163406550887,0,0.000617167499962471
35,0.026891226160118825,0.4557085638216195,0,-4.5754192382840055e-07
36,0.21467174721390014,0.11558269176434527,0,0.001326328501059084
37,0.07091924228131018,0.26967135413949656,0,-4.552227435957807e-06
38,0.09862493731750736,0.3920909579414566,0,-1.7692255501233207e-06
39,0.23102493174981029,0.12674497474862553,0,0.0015493763021198926
40,0.1816712020458937,0.5029064842633977,0,-1.3385807728191375e-06
41,0.19654694593378935,0.40238552125093596,0,-4.233672393860739e-06
42,0.3267743670495758,0.5640510976120563,0,-3.0862592228334026e-06
43,0.032052717327198145,0.2409403748789821,0,-4.118279456533471e-06
44,0.00799750758468533,0.34891737015329644,0,-1.1021341364193154e-06
45,0.07598940460590009,0.3069412101427346,0,-3.304062396657361e-06
46,0.1036387473043567,0.5363967324176991,0,-4.394468841515918e-07
47,0.2596311821746476,0.3023150894092274,0,-1.5841723793134056e-05
48,0.19113757348310503,0.3302401092849197,0,-8.142483904863887e-06
49,0.1920447134498369,0.2084047493431978,0,-1.1410796864462868e-05
50,0.05869877481077921,0.05390301737364713,0,5.225260615595351e-06
51,0.3405799568910185,0.20543242105834775,1,0.002668331794021249
52,0.024422476506398758,0.4169795781747795,0,-6.575290761698384e-07
53,0.30194418483115515,0.11411729769239126,3,0.008266847847910515
54,0.2271362478800744,0.21258546424602123,0,1.7884796817857766e-05
55,0.19747894728941207,0.19813218697116977,0,-1.7391360259927892e-06
56,0.19684061008029757,0.47930017375581974,0,-1.971663332607346e-06
57,0.30740633927914657,0.06383536916800803,6,0.013608797999841065
58,0.06558116422855717,0.4654091396727106,0,-6.111247288315559e-07
59,0.33238891142111215,0.46371540089794655,0,-8.734303533711886e-06
60,0.3143794530349109,0.23030657896144863,0,0.000621358534854276
61,0.030944192470653574,0.5691430666882944,0,-1.5324324593001823e-07
62,0.09840144181101247,0.4271349097748421,0,-1.243568670549746e-06
63,0.01877158488017787,0.07981122753128701,0,-1.5202694032715834e-05
64,0.21434637206818993,0.09159323699262112,1,0.0030691820373161477
65,0.3177449289601112,0.5435955626878439,0,-3.4593083419288717e-06
66,0.14878311806845812,0.12405798920911179,0,4.431417442840047e-05
67,0.31301246965384183,0.4674206900547472,0,-7.005722421035394e-06
68,0.3176662300671449,0.48653797920636827,0,-6.0825437628088605e-06
69,0.12406751110605634,0.05720887625144008,0,0.00039883651698711177
70,0.09998109602284488,0.09000220814239894,0,1.2262221787330313e-05
71,0.29193194772473274,0.13460435682085892,2,0.005499513445056626
72,0.206913528323263,0.06369803473679467,2,0.006018805274788006
73,0.3112929935193289,0.2584032072256124,0,0.0001743156354289023
74,0.30037269514751214,0.04351909000252789,7,0.01722201743941942
75,0.005646219317160677,0.24528205886304327,0,-3.0325066855482753e-06
76,0.14885257531552132,0.5706379081475362,0,-4.900849195160935e-07
77,0.23049784320515448,0.09707184952795109,1,0.004080194578480404
78,0.1726651538035329,0.18825262795274647,0,-1.1028357703529137e-05
79,0.03806058933468865,0.5266881830714699,0,-2.515526028812338e-07
80,0.2822852655623356,0.04857159447840482,7,0.016701304797785293
81,0.1788485123850579,0.07507148609899246,0,0.0016943563223957073
82,0.007984131784373504,0.27400164418230716,0,-2.330219530219739e-06
83,0.14952360969991493,0.2779480478862814,0,-9.014285126685358e-06
84,0.311422700982004,0.543520509964448,0,-3.251097269976986e-06
85,0.16271043118638306,0.5694097641389938,0,-5.697548077764867e-07
86,0.169939910915361,0.5373451848515348,0,-8.438514737749046e-07
87,0.24689468175637272,0.5090020003659421,0,-2.4136490525105937e-06
88,0.23526002415449118,0.5158877834804977,0,-2.006524611323593e-06
89,0.14548301686720397,0.26981416873293335,0,-9.365194800389076e-06
90,0.21769254962664059,0.28444843309962287,0,-1.4782643018299924e-05
91,0.03066820856038493,0.34010954250325376,0,-1.5094252540982743e-06
92,0.13697541705186064,0.014032700556438859,1,0.0037856236882373075
93,0.23216958802727358,0.28033347439051864,0,-1.58046568580959e-05
94,0.3301208770151727,0.1513420532184244,2,0.005929842892847431
95,0.20091014654994338,0.5563534587061735,0,-9.505411312407631e-07
96,0.1428961276166372,0.5967618760493025,0,-3.556296323280017e-07
97,0.05928063644368222,0.5083922959640886,0,-3.7336503056877737e-07
98,0.2544430048475538,0.33174575966737985,0,-1.3845012741888972e-05
99,0.011702970671421547,0.4041699407487282,0,-6.582114529173949e-07
100,0.09752922667961661,0.4683597795831539,0,-8.163452908371898e-07
101,0.1635012108665694,0.13864108697317964,0,4.4238155549539075e-05
102,0.0454867959957071,0.1440038272519069,0,-1.1792998955065669e-05
103,0.08121154781438031,0.5415394948102863,0,-3.3366069269579983e-07
104,0.14484885658276886,0.14326677198708304,0,9.299621389557804e-07
105,0.03179488497530813,0.31574041991803214,0,-1.947536182315103e-06
106,0.13364194137138435,0.2667757239601124,0,-8.626446798461358e-06
107,0.13928379379476108,0.23481466116104452,0,-1.2074422815864714e-05
108,0.02343904989571889,0.5213996657736419,0,-2.2917459541365386e-07
109,0.015913584846641158,0.24687141379243996,0,-3.306322757541312e-06
110,0.11620618325046835,0.5397119091142851,0,-4.819590798798885e-07
111,0.05384885424559019,0.5676990975966424,0,-1.9543919322160054e-07
112,0.23062173902919944,0.10826799405178533,1,0.0028806826646088452
113,0.26878134625355365,0.4630799269879659,0,-4.739451744117197e-06
114,0.31076000861770103,0.26255164188261804,0,0.00014017656981576404
115,0.024348625767904114,0.450417778009334,0,-4.70303208044686e-07
116,0.03321786669383359,0.08399470313387282,0,-1.5688457834224772e-05
117,0.1427193596096292,0.3947664267761191,0,-2.6741549206954307e-06
118,0.16393322690300594,0.33550853455974466,0,-5.945132945411957e-06
119,0.05372981807284216,0.42860762481246556,0,-7.844138136270482e-07
120,0.24563199618120313,0.02410773589604289,9,0.021960011709876173
121,0.22696070240314253,0.015241527362265183,9,0.023231763580720318
122,0.11452701509297862,0.42299328451545765,0,-1.5225191483142012e-06
123,0.025269780957453553,0.27801915704882235,0,-2.6599014698137758e-06
124,0.01154419392892359,0.3998367045261684,0,-6.862699917220233e-07
125,0.24438296361926304,0.007010716014196961,9,0.02802480458181745
126,0.12566249625389406,0.43992399664923454,0,-1.4365759080101263e-06
127,0.054111454412913144,0.36180301935866593,0,-1.535632918356825e-06
128,0.003152557185105353,0.5701710148599856,0,-1.1490749373835466e-07
129,0.34574586121602063,0.2214864832549732,0,0.0020090067605934214
130,0.06607630965635876,0.5151140686433174,0,-3.736101342452856e-07
131,0.09438646886650155,0.15001542810161705,0,-1.5511539477321208e-05
132,0.25222601366141206,0.26297956384012405,0,-9.223238161295072e-06
133,0.0966536121468886,0.5910841872151766,0,-2.3720149024185378e-07
134,0.2684352307717553,0.14370563529574967,1,0.0027315326524769423
135,0.3093681456584239,0.46546516790180503,0,-6.892449185654372e-06
136,0.09730311608873786,0.20078696867938114,0,-1.1299630583200487e-05
137,0.32404532414902393,0.09013626996597628,4,0.010212027548071578
138,0.2799662962952327,0.45224997613071305,0,-5.888259855234611e-06
139,0.12002003569025567,0.12743657008186157,0,-6.489193590692637e-06
140,0.12598008486656884,0.02104027748387549,0,0.0019324367477110704
141,0.015668585374074156,0.09369822756043782,0,-1.3804020166248093e-05
142,0.316501137156156,0.3655775654985455,0,-1.5837108928309902e-05
143,0.10990190180712328,0.46358228417270314,0,-9.68884838902702e-07
144,0.003058570991069642,0.2073476655465861,0,-4.312233014064314e-06
145,0.23018814065342735,0.411568987308681,0,-5.390307162641407e-06
146,0.33630794946726617,0.3203468465350683,0,1.7062715429562608e-05
147,0.3219130298547414,0.4474710075437742,0,-9.22183048222751e-06
148,0.27925352648583324,0.3122846974793319,0,-1.5369715540472012e-05
149,0.3105621407790554,0.21973286518519855,0,0.0008003578365689536
150,0.21638573116737828,0.2558495916281434,0,-1.5710725406875126e-05
151,0.08617735498735843,0.27595829881384043,0,-4.974430747061321e-06
152,0.16733026450168603,0.15985443011441217,0,7.759240605405946e-06
153,0.16831962529896727,0.034526408975967524,2,0.005137700271693756
154,0.286894125612381,0.5518749115753689,0,-2.343218128465052e-06
155,0.19743946915978347,0.22878540937590539,0,-1.5032604366176468e-05
156,0.06724078747033561,0.3304397098025441,0,-2.3950805613057525e-06
157,0.14464475889540526,0.06760892433857814,0,0.0006077806632610411
158,0.07584817335851063,0.34271010455106643,0,-2.3087597439341045e-06
159,0.2368073383733815,0.02832495045859393,9,0.01994104188599843
160,0.2508531795666758,0.4453250612528545,0,-4.733406508567755e-06
161,0.2005219460483834,0.5279409302646233,0,-1.2579071299233466e-06
162,0.11196140168316158,0.22580142909774004,0,-1.0312825889855686e-05
163,0.02536766922143087,0.1471836421779161,0,-9.60161167052479e-06
164,0.3151676331271058,0.5851600222739585,0,-2.2272905829246324e-06
165,0.0714743231918032,0.5259309089211751,0,-3.538804876551879e-07
166,0.14116588250132014,0.1434970549866972,0,-2.7524923684978527e-06
167,0.04726563013893073,0.20253941591425156,0,-6.9850077703013574e-06
168,0.3293278587048131,0.12386627334803313,3,0.007735992862485138
169,0.11035132202168296,0.38947437430287657,0,-2.0415483556947415e-06
170,0.30008976392758613,0.44784151015051765,0,-7.474470807997336e-06
171,0.2926961502905452,0.5710775794566131,0,-2.0494114086894587e-06
172,0.07289268813387811,0.30002153657191505,0,-3.4325559976723094e-06
173,0.19411688896233717,0.38981770670578225,0,-4.682066230489142e-06
174,0.013910656753753286,0.27388637388689463,0,-2.4750233373671107e-06
175,0.1932552575082119,0.51717395328648,0,-1.3028768719406181e-06
176,0.27877004179376685,0.05625364085410786,7,0.015324643363309779
177,0.03563188149065889,0.06380199789688742,0,-1.4360469167033662e-05
178,0.0801712577237795,0.4097541861760838,0,-1.2333627313891667e-06
179,0.19942317207215218,0.2279475367766154,0,-1.4633587350799186e-05
180,0.22234655436583037,0.441253963784168,0,-3.715578708006041e-06
181,0.04737069425512419,0.12746743482505435,0,-1.3604886751762145e-05
182,0.06392094136728979,0.1651379002303908,0,-1.1525449279380969e-05
183,0.20263774189289777,0.04869071870791388,3,0.00835897812431104
184,0.004073923917083033,0.538501128616458,0,-1.5917839769341506e-07
185,0.23313861101487507,0.5595535515864469,0,-1.2697948795238095e-06
186,0.10841209997437191,0.22166833536590433,0,-1.0367566333936845e-05
187,0.3016256233794691,0.3987946684045443,0,-1.187754655862675e-05
188,0.13434463361778462,0.29706976927529005,0,-6.487294894108344e-06
189,0.2084495910585267,0.5169729948774542,0,-1.5191921223726375e-06
190,0.29464436269851507,0.5412735848287108,0,-2.8137342027678053e-06
191,0.1760129664414764,0.42378523229086934,0,-2.78906034972324e-06
192,0.33648822604261014,0.02302343541868432,9,0.021246188374778745
193,0.11176431347682203,0.566624609154928,0,-3.522681046658086e-07
194,0.09560071710803064,0.21094416356806187,0,-1.0176532048912362e-05
195,0.31375996242097187,0.5798950271619451,0,-2.3148346680375043e-06
196,0.2918825733426358,0.1738548554269287,0,0.0020600235348118613
197,0.00014002589388625863,0.015737168830064773,0,-1.0657574992603879e-05
198,0.2087538255600876,0.30424918770515524,0,-1.2064947323464902e-05
199,0.0032221980083959323,0.10318854961278656,0,-1.1655113751739694e-05
200,0.0014048474185208491,0.020594275394860074,0,-1.2042428479221745e-05
201,0.06801419652414838,0.49946822392104273,0,-4.4542158243795166e-07
202,0.012332183198550022,0.09382981725105441,0,-1.3474051751816772e-05
203,0.2800865163352627,0.5360244216318916,0,-2.565029774068168e-06
204,0.3285256566121134,0.22483799629862486,0,0.00117960873124298
205,0.08959305527005729,0.23528877698869644,0,-7.658209860135544e-06
206,0.014624274502398752,0.2214323248361188,0,-4.205127929827301e-06
207,0.06108149558327435,0.0463603058617708,0,2.1109682143458494e-05
208,0.0073263993065366345,0.3140932022635653,0,-1.5507202520836932e-06
209,0.053248136219280234,0.2591397537809103,0,-4.241666596699315e-06
210,0.03119467674503344,0.4527227408824949,0,-4.921148999582183e-07
211,0.05835932708661154,0.20922662174900586,0,-7.28878103085449e-06
212,0.09521029668902162,0.22466566957042444,0,-8.935714279514548e-06
213,0.28120492575134515,0.3966984319833081,0,-1.0126088087014915e-05
214,0.07193724043940528,0.03278312139143897,0,0.00010870858245627179
215,0.15730575162010724,0.4821600202435461,0,-1.2915644434399963e-06
216,0.10461161798697068,0.21562628194258335,0,-1.0577798423429633e-05
217,0.08673766599206392,0.15461873601733522,0,-1.4695263437223293e-05
218,0.07387286669404408,0.2709026819697622,0,-4.630483373467594e-06
219,0.17198678392006508,0.0044119168269255655,6,0.014416915362780563
220,0.08627699631580249,0.1620493673787066,0,-1.4007125587727807e-05
221,0.3068063938345441,0.054413670238472676,6,0.015015615412295466
222,0.04962988251910395,0.5520032148342746,0,-2.1921767756054832e-07
223,0.29020647110449943,0.23070186719629826,0,0.00024130781958574407
224,0.24944936705398008,0.15797981071866238,0,0.0009320060444583618
225,0.3487807541907653,0.3946530531845461,0,-1.592869600168114e-05
226,0.2640473043333472,0.5072876558744582,0,-2.912646642262373e-06
227,0.27276377772839244,0.5861667173348338,0,-1.4449556974349777e-06
228,0.1722936747189193,0.37129704952082077,0,-4.533192849729705e-06
229,0.3233578183737298,0.1720355282513097,1,0.004079570735767845
230,0.1458753114005067,0.5555311730555668,0,-5.533045388111435e-07
231,0.003735586619754061,0.5327413060670334,0,-1.6804689140256246e-07
232,0.11840496383477578,0.4921422179520497,0,-7.927239967068709e-07
233,0.1646159545731695,0.33780966142602004,0,-5.851238023962742e-06
234,0.061507353383827894,0.5830138134897731,0,-1.8101835619363259e-07
235,0.12967834983150664,0.2680117154600082,0,-8.21201475443367e-06
236,0.26084430077195114,0.3005875226993729,0,-1.577167325696542e-05
237,0.13420464970959894,0.019949276521824433,1,0.0027404635308033226
238,0.08710130395230159,0.20472651144747997,0,-9.96940918062224e-06
239,0.28403452373713517,0.42971039398419175,0,-7.628732577809951e-06
240,0.20042951023728944,0.10303983930270123,0,0.0012778463544840329
241,0.03810881212800572,0.5201731181918863,0,-2.6861613322208535e-07
242,0.008644752068039623,0.3458930922773408,0,-1.1433385300597462e-06
243,0.12538968503922085,0.5773673680930517,0,-3.6250028108431613e-07
244,0.1808428891614483,0.42452645249688964,0,-2.9049489170469724e-06
245,0.09007101738148071,0.2177702225290246,0,-9.084421988101927e-06
246,0.3033456197869905,0.2641170224670516,0,9.017353459176015e-05
247,0.07567930364980857,0.22609193656326695,0,-7.319162389673392e-06
248,0.08708063402249495,0.34955500970560666,0,-2.411817508708179e-06
249,0.20276966630689472,0.37793282110296944,0,-5.734461794819038e-06
250,0.3295709177098325,0.5590145870633642,0,-3.3366094534425068e-06
251,0.20629747741622903,0.05682674342359386,3,0.007240092744188473
252,0.215251459000456,0.3699210741805166,0,-7.005413238088625e-06
253,0.33542525149283425,0.2754730962302256,0,0.00022973304515712484
254,0.11021078544430064,0.15240170972110642,0,-1.572237401739174e-05
255,0.053231472673420537,0.21416212835249285,0,-6.6101930674446756e-06
256,0.1412694146214343,0.06799090699633414,0,0.0005197712701780014
257,0.2766429035750995,0.48489243521423325,0,-4.125849456770853e-06
258,0.12247187016841116,0.14161852245050943,0,-1.219415275716997e-05
259,0.197986984150574,0.3904416208900644,0,-4.834731996220072e-06
260,0.07998742489323374,0.36293062122214687,0,-1.9659466057851158e-06
261,0.33652225271349384,0.27092648946496983,0,0.0002905557666771519
262,0.2563442106281283,0.3767801216989056,0,-9.685585193691161e-06
263,0.04813166659397798,0.4924560548776321,0,-3.9172518343483307e-07
264,0.2463233567961542,0.342421702464213,0,-1.199704649596511e-05
265,0.08597255382761287,0.4393553084222068,0,-9.720983479044506e-07
266,0.24645267615103753,0.07390438213131141,4,0.00995674832882547
267,0.19440176364806475,0.5537586451826706,0,-9.141747256351734e-07
268,0.14855965262170248,0.24396096214997554,0,-1.208567260753864e-05
269,0.11525750848204072,0.46048517698249625,0,-1.0542476735648888e-06
270,0.2895466292665079,0.5124005449599258,0,-3.5667320021028907e-06
271,0.24257325284809275,0.357102007989477,0,-1.0224047811381738e-05
272,0.3183076928360408,0.4804607822797315,0,-6.495844481871387e-06
273,0.13177002333781618,0.21528438143786624,0,-1.3264272314348617e-05
274,0.3169712657414871,0.4736734702196233,0,-6.850531302778507e-06
275,0.1763350878320648,0.1655803990296875,0,1.2466439204119417e-05
276,0.2128537068915672,0.10349050153639394,0,0.0019387382614911152
277,0.32257314957035643,0.08993261475978617,4,0.010281695817671764
278,0.01008010618316979,0.3617882627599803,0,-9.894110199543982e-07
279,0.1270430476925844,0.5248742989061018,0,-6.229268155280812e-07
280,0.07574725608740165,0.38188281909795596,0,-1.5592708518118738e-06
281,0.23640511748668072,0.02302018983259737,9,0.021574783165479342
282,0.034072393866578336,0.38472622367235715,0,-9.99635254067371e-07
283,0.0022692501586600907,0.34931028719400986,0,-1.0367611972354319e-06
284,0.2584551957991347,0.5747458561211447,0,-1.4042844031289566e-06
285,0.12514425075527477,0.03280725803771043,0,0.0011675248432701608
286,0.19716546117254766,0.4078403805504639,0,-4.034909859884901e-06
287,0.10650536645781365,0.10230315958076981,0,4.186803733213553e-06
288,0.024382790971906126,0.3020772267401626,0,-2.073251844538088e-06
289,0.18442831270578763,0.05997343185944528,1,0.0035496179366148015
290,0.20546161607635566,0.06799223767198481,2,0.005083877666108748
291,0.34948425531311994,0.4810077446724122,0,-8.713700595663031e-06
292,0.03369619811649499,0.5577873830703604,0,-1.7645586245495776e-07
293,0.17288181029547736,0.4653799905878405,0,-1.784267702950273e-06
294,0.09611980863461933,0.4943967358832745,0,-6.204296597685364e-07
295,0.023471612040228854,0.30242417788225195,0,-2.0473702415187272e-06
296,0.07013881661126088,0.38527157298530534,0,-1.4252502923671892e-06
297,0.2821501109680112,0.0020562240871546456,9,0.03128866049727546
298,0.3004319189718369,0.2823067385979831,0,2.2451932756459536e-05
299,0.1573316855162871,0.33038939011405044,0,-5.85989012605627e-06
300,0.06371312829127725,0.559816627592521,0,-2.333631379741332e-07
301,0.2692476392691541,0.2697304497738826,0,-2.399653808854603e-06
302,0.18924530223502434,0.18618427080759944,0,2.060533572811205e-06
303,0.09620291261336976,0.42106878642281104,0,-1.2926368714014103e-06
304,0.33219657023032834,0.04977553884950723,6,0.014636961792770044
305,0.1398259489475142,0.28986004019789946,0,-7.338399009584374e-06
306,0.10078656148671346,0.13941347670247708,0,-1.5575067052983194e-05
307,0.14705133505385062,0.23123283367690162,0,-1.3196829678096827e-05
308,0.34160802943883967,0.18664476147802023,1,0.003918034091595784
309,0.09564314301601226,0.3637281971337038,0,-2.280082199519074e-06
310,0.11455190057330703,0.5295726872582397,0,-5.246476950404366e-07
311,0.015885054387563945,0.534546084626619,0,-1.8633819350449102e-07
312,0.07763755702669439,0.4222513994909563,0,-1.0612973265539027e-06
313,0.11003140159658635,0.21305139132570403,0,-1.134277652041075e-05
314,0.3348021986128618,0.5586114690597914,0,-3.52871317623097e-06
315,0.236955732320039,0.5042752995479807,0,-2.2917254959442133e-06
316,0.17633212476543172,0.44906829668323434,0,-2.1736568025134843e-06
317,0.046465031824582614,0.2680236424475949,0,-3.629714061423545e-06
318,0.2427697126367718,0.41828919213832927,0,-5.709163740650297e-06
319,0.3243285012451744,0.046270450929544404,7,0.015664138615654806
320,0.25413623997356627,0.5399681532978717,0,-1.9040894343884903e-06
321,0.1809443049582766,0.38991161960682214,0,-4.1053531104534016e-06
322,0.06443676944818257,0.06698315890056714,0,-2.5357886006726764e-06
323,0.2229814111305622,0.5894055252928594,0,-8.51363750203735e-07
324,0.3267265446486026,0.4073941033064054,0,-1.35097091864807e-05
325,0.24199641349032672,0.06834572637502523,4,0.010501908923518643
326,0.1732405488238476,0.14520621687352955,0,5.406490417679719e-05
327,0.1921636955527738,0.31165785285319636,0,-9.783335076809225e-06
328,0.29385090311996737,0.12010543939495821,3,0.007246078309883124
329,0.13525974670359778,0.43471098696002214,0,-1.6655512272666549e-06
330,0.25662534861327535,0.2085620638605791,0,0.00014903585095614867
331,0.031901551333013124,0.5546096991037317,0,-1.789167620329738e-07
332,0.07094575133527671,0.031845961552254276,0,0.00010843092721598398
333,0.20188954250834043,0.5565104291436137,0,-9.583719313535464e-07
334,0.05227566549395393,0.21536236983975524,0,-6.472544421238897e-06
335,0.3464590865745063,0.2975913114242587,0,0.0001373409708434135
336,0.1643606410398741,0.2996508930588523,0,-8.44752367093593e-06
337,0.1528952356129076,0.24860873263682726,0,-1.2053972227391031e-05
338,0.16695162371577119,0.3763250005267378,0,-4.089928386989115e-06
339,0.031140497126091186,0.3967433375166983,0,-8.608711786432088e-07
340,0.07394586074234252,0.14559908966424084,0,-1.4378027295314604e-05
341,0.20254545703488622,0.03684251360859934,5,0.011411681086669071
342,0.2577563780749394,0.4266514108897103,0,-6.090915290118546e-06
343,0.10444583017354922,0.2622712600049616,0,-6.808273353575881e-06
344,0.3294153005121265,0.49102712407824756,0,-6.528161005590522e-06
345,0.25011259210735837,0.40169117648393493,0,-7.212577295396679e-06
346,0.2187752365981551,0.2884504140332665,0,-1.4539594481412901e-05
347,0.20124661621621748,0.0061083243476699025,9,0.022212056797163763
348,0.2293801085389858,0.16769848216276687,0,0.0002872268404521675
349,0.11433016095971373,0.3204592147019025,0,-4.227905660091006e-06
350,0.2778248713933256,0.12852264287406842,2,0.005019130992067315
351,0.1302728737933125,0.4344780216535858,0,-1.5883846114308684e-06
352,0.31437550596899416,0.040090516268375696,8,0.01738394881171781
353,0.09177336091214795,0.43713443800092927,0,-1.053196136348432e-06
354,0.19831642480472106,0.5453331154750976,0,-1.0341392620837517e-06
355,0.03447717536452946,0.3542414043710365,0,-1.3613572372367046e-06
356,0.10544210728380143,0.4911467134999762,0,-7.034509021753329e-07
357,0.3481410137442212,0.12124581567536279,3,0.0074196296681739845
358,0.33764357806657286,0.5410817116945867,0,-4.320716302998627e-06
359,0.17476913428812413,0.09950475708288205,0,0.0005468197361728326
360,0.06736058062409958,0.28960756059879594,0,-3.60393051593757e-06
361,0.0394876325877698,0.5590401536739954,0,-1.8463707646865473e-07
362,0.11252586821275594,0.17756732583216991,0,-1.4917499943654807e-05
363,0.12586262071202906,0.21472543756143084,0,-1.2738354762475641e-05
364,0.19563631675174858,0.1657657280927613,0,5.9501747557249324e-05
365,0.2754005486100749,0.25651103447614526,0,2.496300007531705e-05
366,0.24194203251507113,0.4687839837077715,0,-3.431753680002465e-06
367,0.29739866197902015,0.15012568208505012,1,0.004324661612844807
368,0.2474791214286256,0.022814083116239402,9,0.022474726741403085
369,0.28817907663515613,0.07473621093024294,5,0.012532214515967015
370,0.307716569694459,0.2787784777800667,0,4.9521321260241746e-05
371,0.21744180264039262,0.06865289598836129,3,0.00673389406592327
372,0.3148777933214877,0.3419826903618037,0,-1.4701381126280508e-05
373,0.15234678299830273,0.46375306344619294,0,-1.4775330133598277e-06
374,0.21756027060277178,0.21872682594981074,0,-2.399764934055882e-06
375,0.007885551120602264,0.5249537465514464,0,-1.8934568090648792e-07
376,0.14690575405152603,0.12614245277748207,0,3.3390560572816184e-05
377,0.17991525713785933,0.17463314045138723,0,4.7498651380925235e-06
378,0.24724541160961158,0.08440526465046827,3,0.008096021274722245
379,0.18948782100131242,0.08172290854116084,0,0.0019266166835904723
380,0.108109863578325,0.5017192795757697,0,-6.499646871934572e-07
381,0.005878018612319097,0.3327176466323745,0,-1.2687761420339754e-06
382,0.08826245895006787,0.36024539866287647,0,-2.193232281493111e-06
383,0.30356978843974214,0.5010662139875643,0,-4.587426274681271e-06
384,0.024282726490407257,0.5911867301008427,0,-1.1501380984915949e-07
385,0.10277788129758728,0.5477430706624484,0,-3.889544451579532e-07
386,0.30217745299638704,0.11529072370488784,3,0.008155955332033001
387,0.16775891297824622,0.40018137906526613,0,-3.2510844225106543e-06
388,0.28969556427743437,0.4029069315964881,0,-1.0334551520438998e-05
389,0.21637257856440298,0.042465552277435405,5,0.012650823537211106
390,0.13583204281685568,0.355034967689939,0,-3.7109470896111753e-06
391,0.07461379245191968,0.03914588216502681,0,8.881166383025802e-05
392,0.2919919267875618,0.09215972827458693,4,0.010391571812732536
393,0.05965540664612962,0.35745717214777734,0,-1.6950889799877635e-06
394,0.25640469553863476,0.2744198351724935,0,-1.2282475314268083e-05
395,0.283940689077192,0.5675257096260884,0,-1.946004736169032e-06
396,0.2756396355560093,0.09460691571460601,4,0.009303260068925968
397,0.27771883929615715,0.03003567672293754,9,0.020925539879609368
398,0.20402931811002764,0.37452119517817434,0,-6.003759528449294e-06
399,0.11781967268178704,0.12148546441404245,0,-3.721887674694139e-06
400,0.08981233336453712,0.25488764846593365,0,-6.344541869342049e-06
401,0.1531367526815912,0.08718557336839305,0,0.00037452021908452633
402,0.2538684358772419,0.5771534670140048,0,-1.3095918450710446e-06
403,0.21876397058785768,0.16298085117933792,0,0.00022315404594115795
404,0.21294802791155565,0.3366725221122911,0,-9.405514004422959e-06
405,0.15698898376907705,0.16845235037555795,0,-9.050462725680275e-06
406,0.028220844568080453,0.4038067138640572,0,-7.791103477210031e-07
407,0.1979726168967277,0.1813940077607961,0,2.2543545186775635e-05
408,0.2494386398368072,0.4691782547527143,0,-3.6826634922526285e-06
409,0.13323121348177858,0.472643318708521,0,-1.1170596571037727e-06
410,0.17210581965468402,0.4845615641799772,0,-1.461617045010168e-06
411,0.3343172303890342,0.5778653317828323,0,-2.8985711164782923e-06
412,0.2845085117173121,0.1472956845093665,1,0.003622305705856196
413,0.1899001604860135,0.5945585285241001,0,-5.812393133796875e-07
414,0.05085273978420622,0.3353623328094011,0,-1.9361480821200785e-06
415,0.1100315863373018,0.08468952960302782,0,4.732143998677175e-05
416,0.3359267060647093,0.3462917966244972,0,-9.679345608574382e-06
417,0.24024298783188036,0.0595146460396208,5,0.01218724273185418
418,0.01095833199830521,0.17730275125527387,0,-6.2725120493327845e-06
419,0.3496550107297621,0.1110930937158693,3,0.00783661730876969
420,0.17977876256724948,0.25331476869317576,0,-1.4202212059064157e-05
421,0.025994946546614286,0.00777113764356343,0,2.8992092919888465e-05
422,0.09984701267954274,0.1121037950402415,0,-9.248279776715398e-06
423,0.34096367990940335,0.45531274641729363,0,-1.0215375188252719e-05
424,0.28062242779770324,0.12182366367079978,2,0.006061430900566133
425,0.24604778286859316,0.41180623201929,0,-6.282855383591596e-06
426,0.2273386454061517,0.3282477056134669,0,-1.1526709510276145e-05
427,0.2661053124731735,0.42315827422663804,0,-6.8366281841436725e-06
428,0.31694639343368486,0.3800089841438987,0,-1.5075625584362083e-05
429,0.04451586596670472,0.03370814895768126,0,1.405749376228869e-05
430,0.3305121348820987,0.5103321291996638,0,-5.459620563196979e-06
431,0.04791234289860549,0.5999699230230088,0,-1.3338668431251857e-07
432,0.320918335118859,0.48832714279485645,0,-6.169831315937789e-06
433,0.10325290886028476,0.4963152251609564,0,-6.535746726689885e-07
434,0.3159621629718262,0.563470606321481,0,-2.7876475555154734e-06
435,0.13378660671545503,0.45652290243273286,0,-1.3197095295312303e-06
436,0.03458516290247557,0.32391152202651236,0,-1.8455085606274378e-06
437,0.10408155657815435,0.47450587269048866,0,-8.195928436038668e-07
438,0.10860181143462849,0.3143250756837845,0,-4.2453801172711495e-06
439,0.2375979921673016,0.03343035700160186,8,0.018510124932626996
440,0.24749452574562578,0.10534908563107967,2,0.004877073074457158
441,0.0003108048919391204,0.39890091528597205,0,-6.191905983122438e-07
442,0.19149694277722845,0.2803294177233883,0,-1.2730435361920087e-05
443,0.09236322461555724,0.20516568369645713,0,-1.0412210158048724e-05
444,0.23862818428566027,0.5609222976219072,0,-1.323044522144323e-06
445,0.06366757998469043,0.081100694787404,0,-1.1465413966706632e-05
446,0.12713496999676707,0.4755846869205899,0,-1.0206436021911798e-06
447,0.12007363788143828,0.4347018224222014,0,-1.4314428683849287e-06
448,0.01538036013110147,0.3986071519257487,0,-7.218996303825803e-07
449,0.2742085929446175,0.17815615802563578,0,0.0010466144265315466
450,0.19801322656625417,0.44485291762093465,0,-2.813935187832482e-06
451,0.19083265801181037,0.5155783915458655,0,-1.2922069632520417e-06
452,0.06806004203779192,0.05065885388746687,0,2.673232349575279e-05
453,0.25341424131735846,0.5100108988744854,0,-2.549797487853431e-06
454,0.25915845908479057,0.5177601449830888,0,-2.498939832948058e-06
455,0.29425882444666007,0.17324293943762462,1,0.0022327868673430013
456,0.24266013881974996,0.27530004461347896,0,-1.526046647396225e-05
457,0.00047087510454302815,0.18417545834371957,0,-5.288098516997696e-06
458,0.345655217461689,0.18213318116710459,2,0.004362196755978853
459,0.20401212415293654,0.3008151538000187,0,-1.1936329761936303e-05
460,0.10310936501529697,0.48670319572796916,0,-7.184793864690217e-07
461,0.08392650834610027,0.4849671351299189,0,-6.036170827317265e-07
462,0.1683712816282375,0.03314588093464481,2,0.005393614956496369
463,0.34093145619640836,0.1619570155450916,2,0.005475260912649949
464,0.2005146849807113,0.507721732763195,0,-1.5395463461618776e-06
465,0.12957563656385365,0.48597339553594376,0,-9.426382809306969e-07
466,0.33340278500143733,0.2571020581054825,0,0.00044661147399067264
467,0.20831915047172922,0.41029807078996405,0,-4.398017685986895e-06
468,0.014592593709334798,0.035444961605229364,0,-1.2589940936698294e-05
469,0.07226751157791436,0.41352288224876493,0,-1.0976185956403403e-06
470,0.10114852731495966,0.26381891550559344,0,-6.494380126822726e-06
471,0.1433676665359506,0.2960444489937834,0,-7.152638725568546e-06
472,0.12722772680010772,0.23724641782783928,0,-1.0668108059104554e-05
473,0.06347444591709686,0.3767391122452175,0,-1.452243612904332e-06
474,0.2688763950811159,0.3508521977704249,0,-1.3392647135318153e-05
475,0.2106638127900756,0.5663872184297817,0,-9.477130450113804e-07
476,0.0038723042105602286,0.3292257181704167,0,-1.287796719615758e-06
477,0.11022089330503329,0.2634922879675992,0,-7.115607963270586e-06
478,0.2525684820260666,0.058951904176991254,6,0.013680004165584304
479,0.1815275225644113,0.017647844011677183,5,0.012318430512399147
480,0.20742819862069584,0.05124005006079666,3,0.008667279360090997
481,0.2803487957402057,0.07243425208727243,5,0.012754610451138028
482,0.33095338737456215,0.033277529155379494,8,0.018316783206675163
483,0.23308102586053303,0.5417706243962165,0,-1.5159291905805193e-06
484,0.13285798257336448,0.04083029398400157,0,0.0011429881118154136
485,0.27192379151376755,0.14480477158334382,1,0.0028934450848266957
486,0.3077327782864385,0.5346194902183738,0,-3.4246993090755883e-06
487,0.3273567927824677,0.4080099532199761,0,-1.3510994490361232e-05
488,0.2072660958568948,0.5348621650001514,0,-1.2555233444781572e-06
489,0.1371439888207295,0.47289937783613734,0,-1.1585837577761052e-06
490,0.12712599664153842,0.5182822683706786,0,-6.659216534060851e-07
491,0.24572588568717957,0.12054491746042803,1,0.002999058470355879
492,0.2729282687016734,0.30866313854192556,0,-1.558094689006348e-05
493,0.03706176839437959,0.4956691392862784,0,-3.396312486774314e-07
494,0.010356106483605264,0.5312535200288994,0,-1.8222775432945102e-07
495,0.24356319422828557,0.42819945305308754,0,-5.218158013670134e-06
496,0.005709062997417502,0.03366633086516939,0,-1.4310173088527803e-05
497,0.13577797541169243,0.5383852640644867,0,-5.937997071460122e-07
498,0.2983469592538111,0.2019236168984702,0,0.0010024662660748454
499,0.22315379832451082,0.39219485521825687,0,-6.087247187702299e-06
500,0.14984894148283898,0.5901029842479563,0,-4.074391833952478e-07
501,0.1665691760842857,0.1443442394377566,0,3.665977033476057e-05
502,0.26950945754689704,0.028788994330993287,9,0.021302685494736663
503,0.19044998123986318,0.3540353173970066,0,-6.425976474047668e-06
504,0.24889563458767758,0.5547499483770262,0,-1.558987976244672e-06
505,0.2547880769303183,0.22321653046390263,0,6.21846194630643e-05
506,0.20079891258985083,0.3157012837927171,0,-1.0198675975174442e-05
507,0.22654107486883368,0.03041344721220067,8,0.018007748966415785
508,0.30538630714252746,0.22059504848055594,0,0.0006500125226658587
509,0.09710172211578452,0.5933156569190022,0,-2.3300761220002954e-07
510,0.11162426159109277,0.003577121301124131,1,0.00222866242696581
511,0.12231898741603729,0.14633164378994537,0,-1.3585127364141709e-05
512,0.1644306618346663,0.536174959819697,0,-8.080990638954493e-07
513,0.33508780154523354,0.4373235864944691,0,-1.1369696516149731e-05
514,0.3308780644951381,0.05918966272752672,6,0.013196042897346593
515,0.32187487405983545,0.14630110696256868,2,0.006060627263623045
516,0.3468232200080849,0.17394902648419425,2,0.004888881100667436
517,0.133224116022402,0.44972568707221533,0,-1.4045963240542655e-06
518,0.11794565663224114,0.5048644460315679,0,-6.94837687419831e-07
519,0.0762984550214892,0.3668382303610511,0,-1.8223061261725458e-06
520,0.22364325337963592,0.03055111499115217,8,0.017514385777357065
521,0.11624904933455892,0.24554016500730214,0,-8.94654605095945e-06
522,0.16901232696298102,0.563553437562153,0,-6.433390139517499e-07
523,0.16879251713242174,0.43866805017307536,0,-2.2369783540428526e-06
524,0.07976839196620851,0.40058140772494016,0,-1.346395248854739e-06
525,0.1718729156085741,0.08623527292752443,0,0.0008411843452772441
526,0.21900848200284428,0.18563817414623016,0,7.171480814851821e-05
527,0.12977116348928,0.4783791827410503,0,-1.018988300860225e-06
528,0.2124347008673866,0.1938252328056547,0,2.646331554091285e-05
529,0.1775821468358966,0.1991585909352379,0,-1.3079342152343833e-05
530,0.3438609738703686,0.26208180392177266,0,0.0005367014000900658
531,0.12207315821527498,0.12174981655202304,0,-1.703137698472089e-07
532,0.20099220231198017,0.3933392797876027,0,-4.839576698823263e-06
533,0.0035011911031227858,0.12352957754515786,0,-9.762630084399683e-06
534,0.2939395162235773,0.2311431957588919,0,0.00027663985079259937
535,0.044332012502653506,0.45639245859885624,0,-5.409011560293915e-07
536,0.1352321347518217,0.28095317056009433,0,-7.650632829193954e-06
537,0.222446237702251,0.3745908690234383,0,-7.177884091105787e-06
538,0.1578786074003817,0.20937652640926455,0,-1.5689266969167576e-05
539,0.05813112031686577,0.5067641742095299,0,-3.751614072487074e-07
540,0.1493377400063793,0.16621187633366385,0,-1.1454629389178347e-05
541,0.1482252414174814,0.19475807299198783,0,-1.578121684288506e-05
542,0.22959421283895895,0.2257680223322099,0,2.3808681020711123e-06
543,0.2685601446406335,0.5955023002677395,0,-1.2621903499471472e-06
544,0.2860124387140019,0.0836625760876234,5,0.011314284664255417
545,0.01583625159750152,0.1393843508686304,0,-9.450352855683838e-06
546,0.015307897328949315,0.18321959120661513,0,-6.176628986129212e-06
547,0.2405278016927059,0.27934857050860545,0,-1.5710290275553245e-05
548,0.18086395830289365,0.13908254140581985,0,0.00011722197659517174
549,0.29089188039547276,0.24738894084433102,0,0.00011424989434110643
550,0.05847550788747221,0.09802151423509584,0,-1.5603712570664068e-05
551,0.007722253503171078,0.15884325548581354,0,-7.275206666313177e-06
552,0.13305712308199344,0.5022485684214669,0,-8.294051758536384e-07
553,0.11122318152173537,0.13556126437635266,0,-1.3643966991082747e-05
554,0.3121494016062193,0.3000148690811932,0,1.1564252624649156e-05
555,0.26432711530139547,0.17555682314160218,0,0.0008183299408974883
556,0.331265218236389,0.09245062744035715,4,0.009749753162106935
557,0.2770412666289848,0.07923512395618361,5,0.01163688398399934
558,0.09739453256345662,0.04013986115770378,0,0.0002628213510524258
559,0.004157846338186327,0.30902101982099067,0,-1.5805648411211655e-06
560,0.34315635020871943,0.24400430866066203,0,0.00097876134427109
561,0.2074841445104609,0.23404105339654946,0,-1.4307430717099736e-05
562,0.026806903583592327,0.42636539665397305,0,-6.130528018627929e-07
563,0.2671028073057686,0.5243080399952409,0,-2.5335589428207005e-06
564,0.22701499735178235,0.49235904048354395,0,-2.3378842765942133e-06
565,0.3016587703999398,0.37064463897139527,0,-1.4595667048350663e-05
566,0.33498923162737343,0.3105051960975077,0,3.523016044356663e-05
567,0.14467919929407438,0.39284835790333605,0,-2.77960941643563e-06
568,0.08241022916834315,0.5747605681339145,0,-2.4223183992897853e-07
569,0.3191748426063395,0.5675660111064129,0,-2.762973359956917e-06
570,0.284662906666314,0.5633939714995203,0,-2.0426549697100584e-06
571,0.271220187043134,0.37548576058034416,0,-1.118913946778568e-05
572,0.02133625287783489,0.30507914252780266,0,-1.9517138371610193e-06
573,0.29193971268834484,0.24254050083549947,0,0.00015213232296956076
574,0.2744201589609898,0.36628432943239886,0,-1.2411780617006225e-05
575,0.03848844090260172,0.10034471612172847,0,-1.5147742282624043e-05
576,0.3029185342702557,0.3163778782129207,0,-1.0832010233160413e-05
577,0.2536142301946099,0.0029157085175257613,9,0.03027199616529416
578,0.03992454972998563,0.2528963715934704,0,-3.953967506391712e-06
579,0.11976507854217892,0.5487928467969515,0,-4.560449482804725e-07
580,0.23877100790049607,0.3279562421247631,0,-1.2686300041284134e-05
581,0.23750080988953276,0.07156548320193974,4,0.009213865831362108
582,0.032800261458227634,0.15139673736735307,0,-9.888290193979675e-06
583,0.10247480680271724,0.3908849089803956,0,-1.8608205468547143e-06
584,0.15982274604412053,0.2248445927453457,0,-1.4918701610214915e-05
585,0.2704583707748327,0.3501015243652572,0,-1.3618883483143949e-05
586,0.11683268432120698,0.25622113230818594,0,-8.131626787673645e-06
587,0.2617452974460073,0.38928652588714663,0,-9.06722674744031e-06
588,0.23232120760953734,0.20988719394513666,0,3.49180547381485e-05
589,0.33317416710779374,0.4588541207464131,0,-9.208420374231307e-06
590,0.17176297286567446,0.2787370325761013,0,-1.094996344979969e-05
591,0.19700804747958142,0.4399587901171608,0,-2.9253390769116057e-06
592,0.00984131162936922,0.25046166523646063,0,-3.0027330950159432e-06
593,0.09428929231150683,0.49155690431741667,0,-6.267386980162072e-07
594,0.2512597923539663,0.27846091769298564,0,-1.4532959433639904e-05
595,0.15443104188942847,0.2036322141045873,0,-1.5748748516108862e-05
596,0.3430361660256597,0.009433401434986232,9,0.026830450057545332
597,0.0095647655931975,0.1977921748752666,0,-5.056389560611689e-06
598,0.3120343104364494,0.06582128601347526,6,0.013171675895409513
599,0.06433602176352923,0.5561942854519711,0,-2.4348117095437385e-07
600,0.002816468267158878,0.576073263112277,0,-1.0795866780430044e-07
601,0.308715179286962,0.1584627857781008,2,0.004334333270908026
602,0.24837225820567166,0.3735605805083913,0,-9.271224428866828e-06
603,0.18357848679002184,0.3490177418850861,0,-6.311387029315593e-06
604,0.34291691462831986,0.46501433317908136,0,-9.516765225967986e-06
605,0.10982689686073237,0.33978508957518105,0,-3.335278569587454e-06
606,0.2582469881478936,0.2335111682661003,0,3.9941480814409015e-05
607,0.15939774522066236,0.08720792709117113,0,0.00048783642202124695
608,0.30432713547368756,0.37081273932639197,0,-1.4805515753567254e-05
609,0.2041054591652178,0.2618257555402472,0,-1.541640614714127e-05
610,0.34856014510937294,0.4877360597946221,0,-8.103979132949351e-06
611,0.2928990059730992,0.13322670206145112,2,0.005721311522142903
612,0.2202374272588786,0.0205819014360642,9,0.020302000277654712
613,0.03338679075321523,0.16491094114278346,0,-8.770932371053527e-06
614,0.15542020343774343,0.20018751145962824,0,-1.5784589505755707e-05
615,0.17247000478721294,0.4396963840661338,0,-2.2968102505130465e-06
616,0.19938695647491528,0.4224430061677364,0,-3.5669475223790412e-06
617,0.3449131206420023,0.2831833267342811,0,0.0002439063501741664
618,0.29732993902788957,0.1346632484189322,2,0.005880841998972232
619,0.08121053219571192,0.009063577124742817,0,0.0005165039870596784
620,0.25144262306912973,0.24229895423518827,0,8.652101809270854e-06
621,0.2319275883227757,0.4999735221430626,0,-2.275404620091833e-06
622,0.09909585138686283,0.5969750713859614,0,-2.2915363123214568e-07
623,0.2127936086359414,0.4822356991622917,0,-2.2447859748273257e-06
624,0.007721386550790298,0.5226096292029992,0,-1.93518912412627e-07
625,0.040983929786471626,0.5721325995976995,0,-1.644186515246146e-07
626,0.08214421560158627,0.28025554130744706,0,-4.580530163426141e-06
627,0.00518086245251701,0.12974692791812453,0,-9.36270664899127e-06
628,0.13899643884544918,0.5041531879566048,0,-8.634699540029242e-07
629,0.021775276995529596,0.5346068790705886,0,-1.9751100755930274e-07
630,0.2416833745707855,0.482659830824543,0,-2.9807014185656575e-06
631,0.34973616294821225,0.20567029268117176,1,0.0030754256240235677
632,0.17578953100533196,0.5419668229521308,0,-8.541914772939886e-07
633,0.19574739974301514,0.5471923037767243,0,-9.894011315774334e-07
634,0.2784143309990756,0.4565061455500023,0,-5.561386531818131e-06
635,0.14109525945431836,0.45197706687318234,0,-1.4855758696632738e-06
636,0.21973533853862162,0.22890191764911766,0,-8.14038783390769e-06
637,0.05888916161100455,0.43748085576678714,0,-7.557698417684333e-07
638,0.1855324154646175,0.06058840565779606,1,0.0035990128133938115
639,0.07406570831845699,0.5002337597417582,0,-4.695634037353069e-07
640,0.19067835764158622,0.4204210717220122,0,-3.3376240924728894e-06
641,0.25239040098896875,0.5242119801102582,0,-2.190222641228414e-06
642,0.09825285442427599,0.03673492173122432,0,0.00031933511688789505
643,0.21172959047040024,0.03410310440478934,6,0.014189470337893017
644,0.26974492948191364,0.014795040486606736,9,0.025732363025918206
645,0.06568639695963864,0.21149106158272915,0,-7.652800608235522e-06
646,0.21914294233803885,0.5096199186584067,0,-1.819069764287612e-06
647,0.09258991634974832,0.3337073102206701,0,-2.984761697367094e-06
648,0.061511975523908434,0.012848757645319986,0,0.0001772250531203962
649,0.05757152237619547,0.1708004400732789,0,-1.0377208943462728e-05
650,0.3452084698295665,0.5489849355059716,0,-4.305288352860563e-06
651,0.06295677306900901,0.10790445810920783,0,-1.5751129346269744e-05
652,0.2473090922184822,0.49269498620612867,0,-2.852059876960927e-06
653,0.171271836259003,0.32600436993203646,0,-7.0076866134517145e-06
654,0.14547529310159948,0.49142407498714746,0,-1.0461863832397665e-06
655,0.1884161089931234,0.14416326364149037,0,0.0001321637191188547
656,0.30175310335469224,0.27796052948426525,0,3.526060173043463e-05
657,0.3030571243782186,0.37326800767398977,0,-1.4489249019060473e-05
658,0.34228964346120744,0.09890601026834578,4,0.008834056324312427
659,0.28053519814896233,0.23995522095411478,0,9.962724931924235e-05
660,0.18463362378981618,0.22580528441032835,0,-1.5741729791372574e-05
661,0.26720939474397176,0.3117062689867931,0,-1.5861875580662396e-05
662,0.2895560014351962,0.2868221622876928,0,3.199216633977782e-07
663,0.29949840637277925,0.2480172814505648,0,0.00016605659499188368
664,0.10410736430730434,0.33860214732092003,0,-3.1880532523444865e-06
665,0.240260640958581,0.1298614621351078,0,0.001878178363203037
666,0.27551791876629744,0.31583967901296284,0,-1.5808203397770474e-05
667,0.009815369608556217,0.5531024539633311,0,-1.4567374319558918e-07
668,0.13848933402865973,0.5172807088178477,0,-7.534306239117089e-07
669,0.33599876997386063,0.05195407046039382,6,0.014070007153252033
670,0.13306419705389547,0.48618953460264225,0,-9.739388710309468e-07
671,0.07727019862600884,0.5019355520233969,0,-4.766531117975183e-07
672,0.278713526670076,0.14331938498717747,1,0.003543686589122929
673,0.2720227763515835,0.2901494746790094,0,-1.2392491282914645e-05
674,0.26128309350469897,0.44408498553477943,0,-5.3112540566868925e-06
675,0.30378706893826035,0.07957027334595976,5,0.011812603718780717
676,0.059955716008463125,0.42368313652808226,0,-8.768684395276844e-07
677,0.13506623968721576,0.33520007840759247,0,-4.485715821255123e-06
678,0.07938880643639191,0.5289242315047444,0,-3.7169351222432386e-07
679,0.30128534871467183,0.004953687670494955,9,0.02979285749949307
680,0.3056320972709247,0.012891637300558178,9,0.026060492081110186
681,0.05704056370825882,0.10986419186014329,0,-1.5626466138662506e-05
682,0.05093722225242921,0.12883678099874976,0,-1.3812750723313874e-05
683,0.065421640909418,0.1735966464997411,0,-1.0852382978256991e-05
684,0.088300804887848,0.20183021333611773,0,-1.0345167104544886e-05
685,0.14831358927666216,0.11974992195724754,0,5.692880866602374e-05
686,0.22124563272533956,0.28104492891825156,0,-1.5291952015750876e-05
687,0.16314003685335643,0.5580683768257885,0,-6.409143250560245e-07
688,0.06339214980615486,0.1853133292822705,0,-9.58803447680848e-06
689,0.021344070554482657,0.23119974355460585,0,-4.079326769012454e-06
690,0.1526779489888881,0.4198180542034137,0,-2.2996046137783857e-06
691,0.32856129213903496,0.021114455452747215,9,0.02220527583115175
692,0.33136176565285147,0.18484356417229625,1,0.003555858993474339
693,0.29895420363071357,0.5963231799767666,0,-1.695046050849717e-06
694,0.155593187181924,0.4360950564577956,0,-2.012130176038747e-06
695,0.27657182321587487,0.5521784433931951,0,-2.107808346264835e-06
696,0.21527299737742353,0.3045595566918196,0,-1.2680888095474421e-05
697,0.1410563931228898,0.47123062241563046,0,-1.2249931608055636e-06
698,0.33024561677947833,0.21259452607423204,0,0.001784200551694222
699,0.2005315592287448,0.561863391028997,0,-8.962023092643699e-07
700,0.16740690836287697,0.1986709902155063,0,-1.4975083908261913e-05
701,0.1948605915287709,0.14768404986181036,0,0.00015199194524501686
702,0.20014636166838604,0.2639573419576457,0,-1.5010852365973823e-05
703,0.34829148911000274,0.10835138606668682,3,0.008033093172229656
704,0.05611672323831823,0.1463154995309529,0,-1.2615580920431978e-05
705,0.277315533396993,0.5408764300682878,0,-2.3772177242323918e-06
706,0.29407197070460533,0.29305611605073556,0,-1.3987161445668818e-06
707,0.1264627970603413,0.187160812009607,0,-1.5224861634556474e-05
708,0.11622601918799616,0.1874646165331287,0,-1.4410911297982853e-05
709,0.2914121461925371,0.4095790914797144,0,-9.880373325335164e-06
710,0.1417891041842638,0.3056803547679277,0,-6.412908912572132e-06
711,0.2526661960156674,0.14175036674538657,0,0.0018491799014405462
712,0.3034117868064429,0.35518454674489447,0,-1.573918844492438e-05
713,0.046983357497366894,0.5427124200463623,0,-2.3428473361628976e-07
714,0.30328575411878955,0.28050825198433643,0,3.264878364823996e-05
715,0.2742913758275778,0.5532081241790757,0,-2.0393612175663857e-06
716,0.16320230231616023,0.10956343554944332,0,0.00021270095749070924
717,0.13786545432287295,0.3936181581090084,0,-2.5772373922597683e-06
718,0.11186677573077516,0.3775060043777742,0,-2.335906245814262e-06
719,0.04435051616147915,0.0675321724246821,0,-1.3273357004207876e-05
720,0.02298661906082091,0.06417724960433577,0,-1.566464746389722e-05
721,0.23443838818294782,0.09003286143739384,2,0.00550754256425696
722,0.07488593750596337,0.33689436843980636,0,-2.4234808569253676e-06
723,0.23218902400963848,0.03531741131060679,7,0.017321344305718266
724,0.3193225264835283,0.2978751438502159,0,2.87529620871136e-05
725,0.32646496128605107,0.03887725487971749,7,0.01712370053910088
726,0.2686533244368639,0.10897481067119119,3,0.006635611139043239
727,0.1950683727464504,0.5344813260917249,0,-1.1158832123202099e-06
728,0.31211341751267263,0.41992739591963585,0,-1.083708495241926e-05
729,0.2415919810351346,0.13066480819723336,0,0.001905809591124629
730,0.3203819258813157,0.004348521632242175,9,0.029917764237584684
731,0.021348940139554382,0.5796325806651182,0,-1.2537204222388842e-07
732,0.2773548404190571,0.5581787041551941,0,-2.000735502325801e-06
733,0.14415020112234223,0.16890734497467025,0,-1.3798882016773397e-05
734,0.20389873065147196,0.2882928671220217,0,-1.3166986331596309e-05
735,0.17056877837219195,0.41863258210139004,0,-2.7812405422341064e-06
736,0.1498082601729486,0.3405858412098292,0,-4.920384674344515e-06
737,0.22692789296139473,0.1209809536262471,0,0.0016602720726932889
738,0.32159413296218486,0.5945532798748681,0,-2.1619193581241714e-06
739,0.10411234574190611,0.07159321261805708,0,7.413955591303497e-05
740,0.005813590142364582,0.17911875736434069,0,-5.858610117714374e-06
741,0.19939990175656747,0.4141273031440454,0,-3.875314901166303e-06
742,0.30683509511985296,0.49457358054124,0,-5.052372106880915e-06
743,0.08491196349591869,0.5169953886939712,0,-4.4253181529861426e-07
744,0.21893218639626758,0.0028389947718431064,9,0.027197407505246244
745,0.1569659135236288,0.21954383938158892,0,-1.5098442497333761e-05
746,0.08927241213972024,0.5982194695131983,0,-2.0517142655004376e-07
747,0.1852033916310331,0.14879699188564313,0,8.76874995811195e-05
748,0.23349348682942767,0.5017667306997861,0,-2.2701690159447617e-06
749,0.02821678417374091,0.5705208670807542,0,-1.4708414148112917e-07
750,0.012352624076418933,0.41745375914472793,0,-5.800888569929371e-07
751,0.17949371628751246,0.4945872896614898,0,-1.423393700114174e-06
752,0.24328526329798833,0.5678105520822126,0,-1.2937412641455262e-06
753,0.010282944161888746,0.2858362119371235,0,-2.1184113461098125e-06
754,0.26045660630194983,0.2850380983580364,0,-1.405924500290458e-05
755,0.11184167129652804,0.33538617191382053,0,-3.5553127781775983e-06
756,0.1448893639634392,0.07227827130006889,0,0.0005035026778366044
757,0.14047215269577448,0.48055718084405463,0,-1.1094428296860185e-06
758,0.15467040550891567,0.35834860764608195,0,-4.329076659654228e-06
759,0.26993038914528733,0.07550812624637475,5,0.011862424898751642
760,0.1358379082975043,0.46595132814172907,0,-1.2258400061533162e-06
761,0.03972876234397145,0.5891720815366028,0,-1.3693233500631603e-07
762,0.09197935514129355,0.4899854540463383,0,-6.221470560161981e-07
763,0.15201766408942344,0.4577995559155718,0,-1.5629907435908026e-06
764,0.011018203322312903,0.4834268906103076,0,-2.9593239350799824e-07
765,0.025027484830979555,0.14025596678739743,0,-1.0195981982894772e-05
766,0.23246734771709116,0.5621234427099373,0,-1.2293307141219675e-06
767,0.10572579286088715,0.29383284688592143,0,-5.055995778740876e-06
768,0.13423875585932118,0.14672485563545068,0,-9.479507321961876e-06
769,0.13515909071259213,0.39248525105157495,0,-2.5371764882294556e-06
770,0.023018938115847768,0.5151628401016911,0,-2.42901239130339e-07
771,0.14253306932751117,0.5581070717168433,0,-5.215386945851569e-07
772,0.26065213740134413,0.4854185891599425,0,-3.501924315463846e-06
773,0.20103925932020425,0.38559888276495996,0,-5.227147529615583e-06
774,0.3176912405527469,0.5074071797333857,0,-4.953020149433317e-06
775,0.11426045439791878,0.2860983806540737,0,-5.935116792046366e-06
776,0.11324760033362052,0.28922564194410344,0,-5.698368467445404e-06
777,0.2777506527988759,0.516830213810809,0,-3.0350768679129406e-06
778,0.268153738328204,0.42264717341286184,0,-7.008440404815366e-06
779,0.06581358477477606,0.3546350412968417,0,-1.854131202809795e-06
780,0.2816320228735181,0.03191549261743369,9,0.020378423259419028
781,0.0997863848198007,0.449589099388437,0,-1.007333744973141e-06
782,0.3202081178015199,0.37879167815633974,0,-1.538917766483939e-05
783,0.13681805948552794,0.31348015021201797,0,-5.657824253050723e-06
784,0.34100096887910086,0.02724869973725672,9,0.019662071872755666
785,0.0768118938215907,0.3346509424675043,0,-2.5264611240569565e-06
786,0.13644204108786998,0.2134934757022943,0,-1.3883127561949817e-05
787,0.21551892688625188,0.4581206313532064,0,-2.9344286638015313e-06
788,0.2761772557542199,0.5184411569277758,0,-2.940307641312622e-06
789,0.18377165540382503,0.2813254545323073,0,-1.1866115461115478e-05
790,0.26496492569427516,0.00825086989405488,9,0.028247116720223973
791,0.19838805180686556,0.22599969035265577,0,-1.4478376622021165e-05
792,0.16177563537990786,0.3318203931735942,0,-6.035417627671773e-06
793,0.2444648502716811,0.0375829818648896,8,0.018015911252613353
794,0.22680079179386206,0.5262787960813586,0,-1.6623294348191673e-06
795,0.12658399794076014,0.548756840657866,0,-4.883526524700562e-07
796,0.20412702993848925,0.5075072655583086,0,-1.5994626220537227e-06
797,0.07584231586272688,0.5714521193325434,0,-2.344832247005792e-07
798,0.25318803537142853,0.4757999875484841,0,-3.578514777890314e-06
799,0.044003799513521916,0.4556099782793367,0,-5.433658887246974e-07
800,0.3448227037323474,0.2756221809720567,0,0.0003312787900129494
801,0.22504312299000076,0.06523045650505663,3,0.008624161884140173
802,0.3455913258246894,0.29708627841904617,0,0.00013518559129627734
803,0.11261842004975071,0.3381740143699258,0,-3.4847372711339448e-06
804,0.046354636939833826,0.40155184981437375,0,-9.551014517815584e-07
805,0.00506184689530082,0.09700971549280736,0,-1.2447867291214091e-05
806,0.08653052653184963,0.1296496425910658,0,-1.5733501834382975e-05
807,0.2221625149851464,0.43497819047478103,0,-3.947799601899018e-06
808,0.27929635809023406,0.16152299185764676,0,0.002131068890957613
809,0.19592264707171503,0.07331392563780308,1,0.003223683149690758
810,0.012618304008914538,0.25999813459085425,0,-2.8067679555189096e-06
811,0.2557128262442255,0.5059938404453708,0,-2.715571337843226e-06
812,0.08124005796684831,0.5453673888739036,0,-3.212217134249566e-07
813,0.06359851099801285,0.132489109239298,0,-1.461381640029712e-05
814,0.3109179778828005,0.204342920941371,0,0.001360737198998023
815,0.34739704145806627,0.41973585819716197,0,-1.4295798617748385e-05
816,0.3184502040473957,0.31945643531906914,0,-3.497020638034769e-06
817,0.3052536117650054,0.5079096071028315,0,-4.358313359612603e-06
818,0.18031901858683466,0.27999904459758673,0,-1.1657169112785392e-05
819,0.10982260074974169,0.462980166683103,0,-9.739640671601164e-07
820,0.26774678708341965,0.43866021275266603,0,-5.9699409462325125e-06
821,0.1717060262772133,0.17361882401741094,0,-2.622155314569475e-06
822,0.1984060534713571,0.03463382232032603,5,0.011136118445095912
823,0.10275872191189696,0.2157797248567118,0,-1.0390313025782851e-05
824,0.13679877495325693,0.33689584417512997,0,-4.487216854235649e-06
825,0.3402685728027458,0.5880400395649,0,-2.7785466324949873e-06
826,0.0013433485573897896,0.00771200063711892,0,-5.440526445481163e-06
827,0.12672007035619695,0.29142092206850767,0,-6.364025728487182e-06
828,0.02206993616222238,0.5297547949721636,0,-2.0794171684610873e-07
829,0.17014144510046653,0.1294135013285704,0,0.00011190048385013942
830,0.10843447235861911,0.11243598220801329,0,-3.942404692668443e-06
831,0.15219034072941476,0.512014882850037,0,-9.10564080503011e-07
832,0.22578723319380561,0.08969698020406393,2,0.00450242667611967
833,0.3411599409913153,0.1426154337058305,3,0.006563311904286225
834,0.1739516363241338,0.0013686388539573045,7,0.01630731260315482
835,0.08787085455295743,0.5294261102656156,0,-4.0252571466208977e-07
836,0.027394425976639446,0.16940003662381245,0,-7.940665193771332e-06
837,0.16334530238891362,0.31025325961895805,0,-7.559781471499837e-06
838,0.3338468142173484,0.02164105879090017,9,0.021832796280426624
839,0.20415823678707537,0.13025055302835756,0,0.0004990957073763856
840,0.30344193428577654,0.391620018243996,0,-1.2772531740878834e-05
841,0.018647183941596132,0.057180424590915324,0,-1.5539613532601264e-05
842,0.3007801941152394,0.11727257412863085,3,0.007901857876200138
843,0.000689000468154105,0.44506828636859347,0,-3.917118412302039e-07
844,0.08624971724901538,0.4649736534701555,0,-7.54506020679862e-07
845,0.08984635349349697,0.32120709217389815,0,-3.2899653902170178e-06
846,0.05472601027915258,0.043977983931157816,0,1.38947932504689e-05
847,0.20788326318272515,0.23794034049720614,0,-1.4880670451419468e-05
848,0.2630771777683957,0.49604022708759016,0,-3.2270738538556523e-06
849,0.10931731456115157,0.05130349652974315,0,0.0002704335940704427
850,0.1272002779778248,0.26754065280302314,0,-8.056681870688309e-06
851,0.3336868328708349,0.07807374096975496,4,0.010848194040849116
852,0.138077992157322,0.4613849208706367,0,-1.3121127533705666e-06
853,0.3142657954642653,0.1667001100336732,1,0.003979569192974166
854,0.18964608761633833,0.47329864587663323,0,-1.9485672355303287e-06
855,0.2783894729751217,0.46159920602644605,0,-5.287609019858667e-06
856,0.029945831172922363,0.3836669290715321,0,-9.694870904122952e-07
857,0.28500676562000227,0.21823532429959908,0,0.0003315259445503779
858,0.2842769928884957,0.221840447040191,0,0.00027628041629419395
859,0.07977264732534348,0.26170445611178805,0,-5.376286171583259e-06
860,0.14863028972175912,0.18750668600281964,0,-1.5620995197180252e-05
861,0.3012306828746697,0.3509955363495331,0,-1.5807390521674737e-05
862,0.22079585343456098,0.4369726352397743,0,-3.8180801487314616e-06
863,0.22555190812922815,0.2883023313911364,0,-1.5090130460189238e-05
864,0.28282442833355187,0.44777722093036626,0,-6.326670110906589e-06
865,0.10888198194687629,0.11159094456142504,0,-2.8777935817892303e-06
866,0.10975882095232115,0.5546783742298104,0,-3.8909473904995047e-07
867,0.15004232891028702,0.5430388664282829,0,-6.535510758606708e-07
868,0.30801822489116154,0.5049400031965032,0,-4.613081070691822e-06
869,0.1590939209614434,0.22711343006932772,0,-1.468084497187438e-05
870,0.23828776196681672,0.5485961911918529,0,-1.4914399658505857e-06
871,0.01023236612805619,0.03487835818324647,0,-1.361762974472117e-05
872,0.08453873432715207,0.365930180075331,0,-1.996544375984848e-06
873,0.154591581811183,0.45492152343191317,0,-1.6504577434259293e-06
874,0.34386435718525865,0.11856499056020155,3,0.007693328198796063
875,0.22936052099056647,0.07482044294822032,3,0.007381644988050953
876,0.29084532975881056,0.3477480548301619,0,-1.548370115744624e-05
877,0.1545507739872376,0.5768954292002537,0,-4.873086151422339e-07
878,0.2793994219156453,0.0426553301633835,8,0.01791600152813801
879,0.2291136972967281,0.068939446175172,3,0.008496193298774216
880,0.04315131423254678,0.2468686007895766,0,-4.334847469855726e-06
881,0.13755989015862305,0.2890053190037724,0,-7.239205644220059e-06
882,0.26224388419669725,0.30093729278019254,0,-1.5731848005823296e-05
883,0.2684386184718056,0.024136167112775397,9,0.02263520936482488
884,0.06855070552255783,0.2964360687852752,0,-3.40697362018701e-06
885,0.2640212650191964,0.0910826146101151,4,0.008857256821843842
886,0.31660968994997496,0.0981131367171484,4,0.009777166488829148
887,0.28309142129903464,0.5021343434936196,0,-3.705266469516092e-06
888,0.26694593076201034,0.212323318281358,0,0.0002001824584735059
889,0.29373837277406734,0.42527185521749583,0,-8.726709616337004e-06
890,0.32201380992473994,0.2594124739611222,0,0.0002627369088148985
891,0.349755863257148,0.3743789877354013,0,-1.438686667700049e-05
892,0.11952329676188998,0.10048609070339588,0,2.974900766497268e-05
893,0.15942409928268436,0.5858612531054013,0,-4.677341518321476e-07
894,0.17993057426322323,0.5132611378813885,0,-1.1861644862038515e-06
895,0.14544646183116305,0.0335531621260559,1,0.0024533483862668646
896,0.24690868579090874,0.08480227638377459,3,0.007983092293113819
897,0.126790757463983,0.44142530719002204,0,-1.4312032844855485e-06
898,0.27151260783842035,0.5197116583977611,0,-2.7715627448808095e-06
899,0.18359167076480126,0.4955547887012027,0,-1.4685305626156978e-06
900,0.12590260670140951,0.23438903120016832,0,-1.0813696823334887e-05
901,0.22559118115521654,0.1650712517229954,0,0.0002740842193300827
902,0.30649322264733386,0.30404993596950963,0,-2.4113272881086304e-07
903,0.21353559301752872,0.2883199880419495,0,-1.4085110880335283e-05
904,0.23416860044081153,0.3807473419784608,0,-7.572224242875897e-06
905,0.21510052742293526,0.5645253357863033,0,-1.0092255080645272e-06
906,0.0391047236256996,0.0040941295903227145,0,8.745668190450324e-05
907,0.3446220227825858,0.3953184620346961,0,-1.5803603511539755e-05
908,0.2769959929854796,0.20441313490897853,0,0.0004261803080225682
909,0.2444363388617756,0.060584282242709085,5,0.01247693286766967
910,0.18155374475984454,0.08840956016673031,0,0.0011191463996993742
911,0.29672187201011574,0.33888165165758183,0,-1.5873213575929496e-05
912,0.21036070136007304,0.5871748621918811,0,-7.675443748878342e-07
913,0.32325163218770336,0.06730953831321344,5,0.012499968509400194
914,0.21820612569821699,0.17687049070063182,0,0.00011084802034735028
915,0.12366900092586935,0.38112304299945426,0,-2.5344163568655206e-06
916,0.14636285242020014,0.19220634898648095,0,-1.5782563384087326e-05
917,0.061204752071447314,0.2316690110619979,0,-6.020523998209635e-06
918,0.019212718758080137,0.19703684772931454,0,-5.602901245120343e-06
919,0.24616637979786496,0.5773028411176232,0,-1.2109374296642592e-06
920,0.34986768548174074,0.019369532186977012,9,0.02214901133149769
921,0.051344582060006715,0.23927335458318424,0,-5.068885752209519e-06
922,0.0911002179688802,0.19167139772115868,0,-1.158491596017674e-05
923,0.20432346111955887,0.507925413060564,0,-1.5959161152672151e-06
924,0.1593463806139556,0.4887867982489469,0,-1.2336422386975401e-06
925,0.18561606945605472,0.4592152153566375,0,-2.154624195254754e-06
926,0.02098843874023802,0.38992343901784116,0,-8.32753195947879e-07
927,0.23859055370439225,0.16267146815950517,0,0.0005174183473559288
928,0.17883661952036584,0.23389466176321413,0,-1.5551934042159295e-05
929,0.2137775957527727,0.38972077421148377,0,-5.689222256885807e-06
930,0.31620180383485696,0.16996211687353113,1,0.003831425766358087
931,0.037729232345386804,0.02934847435619807,0,1.0248185173003535e-05
932,0.024962880294755595,0.23031821639973893,0,-4.2657908060906365e-06
933,0.3242365354835057,0.35700243047028934,0,-1.544068211340108e-05
934,0.1631151078624641,0.49277107682002036,0,-1.2309082278137166e-06
935,0.23362566358520973,0.07383617440613789,3,0.008198721342769295
936,0.03252134645718932,0.3403291310352576,0,-1.534245127427561e-06
937,0.16725565527170203,0.29414404397372007,0,-9.141518040372424e-06
938,0.2714564761979375,0.5125795427638399,0,-2.9742952537364148e-06
939,0.056430972827540796,0.4144443348720593,0,-9.284686245933865e-07
940,0.3162317535624565,0.4652311952327869,0,-7.3816744229597e-06
941,0.30893950224031086,0.44716874629127495,0,-8.1869018226628e-06
942,0.06680957853867449,0.13895214547680904,0,-1.4335790468357161e-05
943,0.20595099321105004,0.558709474308925,0,-9.763108557961497e-07
944,0.2238304815076535,0.13294465809464528,0,0.0009559385556026041
945,0.013622015200353154,0.4801979793400931,0,-3.136978749727897e-07
946,0.07786288824358704,0.29824433326178507,0,-3.6709893542844775e-06
947,0.31622391558862817,0.49607810339879876,0,-5.460011612589589e-06
948,0.22024210360948923,0.22350761687284668,0,-4.164306185251764e-06
949,0.03662698406698325,0.4744498701756543,0,-4.1809404916683513e-07
950,0.17639988110526805,0.4086453572218712,0,-3.2562925591274538e-06
951,0.34577698612867624,0.30789605784801394,0,7.908692212261147e-05
952,0.1749210774249981,0.5512489930485382,0,-7.717651205771492e-07
953,0.28375196863049823,0.4836817697463327,0,-4.480373884171656e-06
954,0.043419478257173745,0.3480269676718531,0,-1.5839214718854652e-06
955,0.29810657945009944,0.4128760781288239,0,-1.0188298013886282e-05
956,0.08091542971381639,0.4189205118521649,0,-1.1337456223573792e-06
957,0.19638471465200366,0.45758749446694896,0,-2.438119352061342e-06
958,0.15323600557524933,0.2366959054121254,0,-1.3266518686370247e-05
959,0.055899961953703385,0.2855849510955661,0,-3.3469604171866104e-06
960,0.04515960451956391,0.49298600596981823,0,-3.782576896101013e-07
961,0.11943376169314215,0.5542407476490591,0,-4.30439739402947e-07
962,0.04126347633374164,0.44459270181329696,0,-5.902710318509055e-07
963,0.214654437393411,0.44252974240922405,0,-3.398641183336621e-06
964,0.24998551875275377,0.17528761634562265,0,0.0004841300257786684
965,0.047800055442069604,0.3594059461661622,0,-1.4768158000344615e-06
966,0.05882548509892591,0.5326817893725891,0,-2.9152370674037795e-07
967,0.25136806341873486,0.3488994968459419,0,-1.1853946607433333e-05
968,0.1782681013232974,0.5521831836063991,0,-7.905651513104739e-07
969,0.006071128973876299,0.5419860144685563,0,-1.5682471294365274e-07
970,0.06145582171088367,0.49456768330237627,0,-4.3813367972844243e-07
971,0.09681740450638456,0.46946638473153796,0,-8.016439258147632e-07
972,0.08250414010763768,0.25342830544624667,0,-5.991601805510485e-06
973,0.15757666060700404,0.4305941204445085,0,-2.1682894147351827e-06
974,0.053094363918035986,0.09794461728611305,0,-1.5748348859997682e-05
975,0.1138857675796424,0.3119100262275601,0,-4.582244171765264e-06
976,0.12064755369466602,0.14334956597482987,0,-1.3251619697545616e-05
977,0.11514874823350224,0.39204892338742836,0,-2.087247659422492e-06
978,0.11985966530421834,0.3920602567193466,0,-2.187431233812246e-06
979,0.24141270766790424,0.4986903353009936,0,-2.533198605516857e-06
980,0.13579526900246439,0.38014102614786066,0,-2.8881653475823363e-06
981,0.26904163756100874,0.09372465730213354,4,0.00890792052208541
982,0.10102459516879916,0.011074103745004126,0,0.001083999674758283
983,0.19486766226362953,0.33347379304626884,0,-8.1804561691636e-06
984,0.04612468109298814,0.2067450862425881,0,-6.630832610075545e-06
985,0.1269451147105197,0.07362540624803134,0,0.0002149957004913088
986,0.27110560970633624,0.2175080178889819,0,0.00019001909968311377
987,0.03493177475276231,0.37437780992601716,0,-1.1181676624571381e-06
988,0.21831081788503742,0.19900142648193722,0,2.7851368692675035e-05
989,0.07748151134747777,0.19612866516937702,0,-9.878322770946202e-06
990,0.3479078201172438,0.05833856353498703,5,0.012458245928101009
991,0.293461632839603,0.19919168106523952,0,0.0009402423979190595
992,0.06167341698587541,0.0786048374310093,0,-1.1268510674971937e-05
993,0.008566574317015145,0.4531727100461914,0,-3.9079298011963565e-07
994,0.15367313265431393,0.2781193722613594,0,-9.353836102563174e-06
995,0.049841098761432764,0.5397884770422025,0,-2.482210959327662e-07
996,0.01741014446799613,0.0796451847988295,0,-1.5122993062568484e-05
997,0.016078852573431394,0.5694408420236619,0,-1.3170399802072554e-07
998,0.17280245924690973,0.4569976523237896,0,-1.938634282039281e-06
999,0.19172532621993094,0.15200963857219343,0,0.00010428161683133346
1000,0.03267546114404624,0.5578082640098303,0,-1.7462940141532574e-07
1001,0.2799421380442115,0.1534613551292854,1,0.002756305707327793
1002,0.17384489945132822,0.44042022926363306,0,-2.311736570208873e-06
1003,0.2572278392827077,0.24698595848683377,0,1.0103940648336661e-05
1004,0.20986973985032423,0.14336602764233025,0,0.0003623271183857512
1005,0.2870041040878842,0.03615555583318712,8,0.019227992524864648
1006,0.31297482177374636,0.05551323335231284,6,0.014586409186416939
1007,0.26970752774088347,0.41145615025650173,0,-7.924687282121753e-06
1008,0.04978446184027219,0.25520538579859475,0,-4.261741381241205e-06
1009,0.09331987722854387,0.22681012214732418,0,-8.603065927785958e-06
1010,0.32194049377180506,0.49178915944536367,0,-6.023791353168984e-06
1011,0.019140957349105037,0.033072240562745624,0,-9.919049529067477e-06
1012,0.2310720395176244,0.1191021841836582,0,0.002030795236705412
1013,0.19452099680014254,0.4677096574883157,0,-2.1631097639882723e-06
1014,0.02547191030093235,0.3007761518467801,0,-2.1233393362477106e-06
1015,0.10272160942179479,0.4221018455659588,0,-1.3653819125419032e-06
1016,0.015273155706187407,0.4947616404044153,0,-2.7569346608942087e-07
1017,0.34016623010444436,0.41705455778475414,0,-1.3872023415076156e-05
1018,0.14701431952861188,0.40938248782040493,0,-2.4121012667007833e-06
1019,0.2291528871816909,0.5800216340218877,0,-9.944939500834872e-07
1020,0.13696283849787086,0.3983509009802256,0,-2.43624391251513e-06
1021,0.0819720766943057,0.4254321287904565,0,-1.0735497598855799e-06
1022,0.12813704441333237,0.3449677856188934,0,-3.800130681707257e-06
1023,0.10097930859880486,0.024260144000643667,0,0.000621703778458702
1024,0.30436921108342874,0.09391957249466092,4,0.010309623347603741
1025,0.17399625527320356,0.5250881821534094,0,-9.932791165235531e-07
1026,0.006974204892365454,0.5748588042130741,0,-1.1391212869171844e-07
1027,0.05945435146789176,0.5501985564561213,0,-2.462232299961527e-07
1028,0.16603373180398576,0.01415576602941897,4,0.009366115108784342
1029,0.1863191628261487,0.4803843367526637,0,-1.7561118387290029e-06
1030,0.1250021966927642,0.001585741950278474,1,0.003952279512002237
1031,0.3187394355918476,0.5992864307949952,0,-2.0042793960794727e-06
1032,0.05980345635135336,0.43893084662102755,0,-7.517237872717903e-07
1033,0.1543368421291939,0.06281631590398935,0,0.001090698612926631
1034,0.17911344632553935,0.48431064966232396,0,-1.5714094537290938e-06
1035,0.026278573874149263,0.15344818377862837,0,-9.136841520984952e-06
1036,0.022004003665072547,0.5905015807774504,0,-1.1319829074504324e-07
1037,0.013003330785137662,0.4407457511558953,0,-4.62555391560292e-07
1038,0.12430973832390353,0.5935711539939648,0,-3.0496988423052077e-07
1039,0.0723561765002408,0.09349415800176412,0,-1.2732086281886862e-05
1040,0.1548986346171548,0.08366894054684017,0,0.00047020840316191906
1041,0.1406686471192361,0.3587885920902821,0,-3.7508620034959135e-06
1042,0.1397703909789573,0.27103646819356986,0,-8.778685296862919e-06
1043,0.004940974049404556,0.3362441746722421,0,-1.2134090437463855e-06
1044,0.0909116047816673,0.5943073537311271,0,-2.1687822715462557e-07
1045,0.15723925664556526,0.3006692266432945,0,-7.817686834371636e-06
1046,0.1725844859814546,0.5384769117383574,0,-8.566744297211581e-07
1047,0.042090623283796674,0.4801220454775763,0,-4.1719713389170296e-07
1048,0.07312171044852302,0.29425575602964676,0,-3.6438174261798573e-06
1049,0.0158408105777245,0.40727977145121147,0,-6.649836449117143e-07
1050,0.14110941976815647,0.15846366047467836,0,-1.1610398690564806e-05
1051,0.30083453724322445,0.1486531695026866,2,0.004710607149864192
1052,0.3112262128641477,0.5407517540466357,0,-3.335528808051417e-06
1053,0.11525967213004047,0.3044129336801187,0,-5.003153008986831e-06
1054,0.26426599008581464,0.5310080104127782,0,-2.3035871454112994e-06
1055,0.24828258297158812,0.18385978210968754,0,0.00031605660073750027
1056,0.0353571473924099,0.45431142520048784,0,-5.049214381868825e-07
1057,0.0864658676021802,0.4485847532647435,0,-8.907802298276847e-07
1058,0.21622635289660888,0.5338157467566654,0,-1.38736869286087e-06
1059,0.050486581705526695,0.1801381394944911,0,-8.924745354354739e-06
1060,0.03797396331116489,0.0036586007421492094,0,8.411229840136973e-05
1061,0.018428954021358933,0.1909709293901996,0,-5.901949670904929e-06
1062,0.06363409815240521,0.22852715141742785,0,-6.358253939002543e-06
1063,0.06988746073579388,0.36207143573251654,0,-1.792757470683505e-06
1064,0.022838375846087472,0.11178494217829095,0,-1.2743484073760983e-05
1065,0.043510399607792176,0.16994562526225587,0,-9.1977746615637e-06
1066,0.2878863639764239,0.37306237509620005,0,-1.3074140199842294e-05
1067,0.07070671310816096,0.37529703868620573,0,-1.5836500920724645e-06
1068,0.26564944856850675,0.503428964704868,0,-3.0755753596347863e-06
1069,0.1417342805691415,0.5940541741468434,0,-3.6117572121769096e-07
1070,0.2747550070349707,0.2350681413052209,0,9.572680056696602e-05
1071,0.2967700683509715,0.3511429447301701,0,-1.5621172987089034e-05
1072,0.34916785193781,0.3653662194188287,0,-1.2180080886104562e-05
1073,0.30017933361626425,0.05036487617445153,7,0.01594123628584175
1074,0.0825974910315242,0.1341481669341984,0,-1.567138485183973e-05
1075,0.22413987752953687,0.10921023478986744,1,0.00229031109730233
1076,0.014737423593568775,0.4467426549159898,0,-4.432441490949262e-07
1077,0.027551592921202725,0.13881502574284713,0,-1.0564520237497798e-05
1078,0.021540767453547938,0.24084798168628874,0,-3.713113009469846e-06
1079,0.27073327215148674,0.02944724044388647,9,0.021124610078810342
1080,0.007995243822778752,0.45412087965486625,0,-3.849021170969532e-07
1081,0.01561987100480578,0.5996427100953331,0,-9.692703217846386e-08
1082,0.14388910248797315,0.08630728558930807,0,0.00025917298587776127
1083,0.2724600284307724,0.10909137722212585,3,0.006984317225649075
1084,0.05353021834031041,0.5672440788445269,0,-1.9570664366168313e-07
1085,0.22341108069794405,0.5874696354295081,0,-8.71731278231436e-07
1086,0.3135204601801244,0.029732828720358404,9,0.019998890955963758
1087,0.33968716508325775,0.5725766615837383,0,-3.2230881156039212e-06
1088,0.2437718894182176,0.3762392418481726,0,-8.66118350817487e-06
1089,0.11588233283779545,0.48496918053628824,0,-8.304863346139606e-07
1090,0.07812317153125893,0.5492860851237048,0,-2.994110628592281e-07
1091,0.07819837500630056,0.002858354324490153,0,0.0005941709358416273
1092,0.003993428700095036,0.5316593455818245,0,-1.7031306102462503e-07
1093,0.1763859749173839,0.3656175763825876,0,-4.9937102794577085e-06
1094,0.20158995521072132,0.5595313701756585,0,-9.270835642024608e-07
1095,0.26289189855165207,0.4504006463475858,0,-5.06969344497741e-06
1096,0.13711519701563357,0.23811691895538065,0,-1.1535380730242e-05
1097,0.1861092780563544,0.22225101362498997,0,-1.5488057888040446e-05
1098,0.07345894252280102,0.21226366437200875,0,-8.182396439714089e-06
1099,0.04877614850712379,0.44047015719420235,0,-6.630444411670092e-07
1100,0.2867576711557837,0.569874851414634,0,-1.9549922556045e-06
1101,0.0804747663013193,0.1558385659963554,0,-1.4045237114950204e-05
1102,0.14639817039944286,0.020922824786710304,1,0.004067779098981265
1103,0.2496039079147191,0.4797173620632518,0,-3.3210956758524086e-06
1104,0.03221136896230426,0.5896360747616982,0,-1.2643870849473914e-07
1105,0.11598050015402755,0.25900438932668784,0,-7.853940322129963e-06
1106,0.15335057178167902,0.08856518330182946,0,0.0003557171077545103
1107,0.07801848561031914,0.5679074616492565,0,-2.4828158803833723e-07
1108,0.27500840623974765,0.4376453869758852,0,-6.472886722533262e-06
1109,0.22262803016177954,0.4517428386995569,0,-3.3563416875662573e-06
1110,0.030424052202418554,0.5890237571118847,0,-1.2496421429816512e-07
1111,0.3332803667425375,0.4028444258366311,0,-1.4544519636034036e-05
1112,0.20063944801491657,0.3571956436106372,0,-6.880391753840541e-06
1113,0.023848730415786196,0.36737513554123086,0,-1.0735993054471183e-06
1114,0.18395045997550877,0.4887390015345108,0,-1.5777027052769244e-06
1115,0.07319237633144747,0.022847491468285797,0,0.00019157460400598126
1116,0.019711352625533543,0.08692849613969426,0,-1.4752786917242433e-05
1117,0.10443942360076537,0.4479398384098026,0,-1.0727817415487747e-06
1118,0.00012486597136990296,0.14690259907486966,0,-7.587240002441876e-06
1119,0.26560944035065776,0.1213768108802897,2,0.004728090402142328
1120,0.046883973482304525,0.3301936833800646,0,-1.9596006542741095e-06
1121,0.0688698472304412,0.5494859031693377,0,-2.724359993939353e-07
1122,0.08098881911170956,0.07421654795943529,0,7.685992585447672e-06
1123,0.040133738584907035,0.09941570076637547,0,-1.5311959640761854e-05
1124,0.294090257443002,0.5264572385218439,0,-3.2438369326416434e-06
1125,0.08103655071015888,0.3853012837844074,0,-1.5885927469488343e-06
1126,0.0010309897638565101,0.13352008562997644,0,-8.694524169361582e-06
1127,0.3413092590537934,0.25149392520143776,0,0.0007189689740455527
1128,0.03766418946437711,0.01729169069836953,0,3.4224357004721876e-05
1129,0.14105846563504407,0.14269437988395112,0,-2.144054139622801e-06
1130,0.22703571450244203,0.30173681808399705,0,-1.4091363791694198e-05
1131,0.18385215381493625,0.420988863703196,0,-3.100829489374671e-06
1132,0.12663414115873428,0.42607768554647285,0,-1.6659085868920602e-06
1133,0.22890575225239249,0.007590008077015286,9,0.026470211346211744
1134,0.08371565520646976,0.01759801611531193,0,0.0003955777451674874
1135,0.19109223382166982,0.5988177323392253,0,-5.636735074031313e-07
1136,0.038655892577033175,0.48940720190604414,0,-3.6738180801082597e-07
1137,0.06154249887384406,0.28508322615164305,0,-3.5580558536876698e-06
1138,0.17253362079243226,0.17777234306138603,0,-5.270866128724051e-06
1139,0.3173889130233767,0.3843438451006191,0,-1.476707589233144e-05
1140,0.21168745693638136,0.1895342916073378,0,3.497415727357674e-05
1141,0.3365383243512026,0.32715187999618395,0,7.029392582967709e-06
1142,0.23556463506196498,0.047919381225841606,6,0.014345752029661022
1143,0.3052123817757492,0.06519438045658887,6,0.0135041567633785
1144,0.29942989011660814,0.16680265417173293,1,0.0030151092171007685
1145,0.3200858728672067,0.09354377341191089,4,0.010064709672851736
1146,0.15447358080608378,0.4792175799280831,0,-1.29305033954384e-06
1147,0.07558657991403267,0.1704133538357211,0,-1.2153938956481404e-05
1148,0.2126201814252077,0.4827340939061615,0,-2.2297805131162567e-06
1149,0.02710426710312873,0.5654882877155903,0,-1.529661780859834e-07
1150,0.17974605699292384,0.315900497641472,0,-8.37603203502169e-06
1151,0.17711770607012325,0.24977212203510782,0,-1.4281608213422151e-05
1152,0.3188701335916411,0.4373978325930831,0,-9.840734214936562e-06
1153,0.20574368941986376,0.45245902308231567,0,-2.816989158450958e-06
1154,0.05561008520532666,0.46751381149009325,0,-5.416771335443363e-07
1155,0.038579705812021484,0.4342551807066428,0,-6.372408865611664e-07
1156,0.17373234854466715,0.2567448242563392,0,-1.3307151630339733e-05
1157,0.13164774477351643,0.034544362088517855,0,0.0014044951000098706
1158,0.09681953395114654,0.21656456437768373,0,-9.77703993821718e-06
1159,0.2601630848835186,0.46973132401829265,0,-4.073780616086905e-06
1160,0.1915525578717904,0.15946660197369023,0,6.82061077733603e-05
1161,0.1032712771535041,0.2871226577168902,0,-5.2734539096057895e-06
1162,0.0229184352455183,0.07666166016720079,0,-1.559058455079841e-05
1163,0.33544421599151925,0.4415472152222962,0,-1.0994571382666552e-05
1164,0.05034457947238365,0.055912993777297436,0,-4.93430567284169e-06
1165,0.13906334446794064,0.32001719470801243,0,-5.4232160778838075e-06
1166,0.10859981615454738,0.10865076000404751,0,-4.484708489482994e-07
1167,0.04302539900233415,0.363259995478554,0,-1.3548348503382886e-06
1168,0.016452681816670426,0.28645892680670976,0,-2.238988678714982e-06
1169,0.01579880425966551,0.1359859773240282,0,-9.747276639629102e-06
1170,0.210902613603336,0.5787473160231985,0,-8.395468131030541e-07
1171,0.2693322726247441,0.2160610875307341,0,0.0001876058274335443
1172,0.32951523909701524,0.007643405412999215,9,0.028026132575418198
1173,0.3143988179898027,0.08858897434427675,4,0.010654131049937088
1174,0.3019345661564518,0.19253941905110325,0,0.00152826378322773
1175,0.24989213444274794,0.20396155344067415,0,0.00013533935484325688
1176,0.3038646764707508,0.5477344790566333,0,-2.8915959833674835e-06
1177,0.1798731517905235,0.4562652282279494,0,-2.095560583831875e-06
1178,0.15282573255883325,0.2558125408472322,0,-1.1338752254293591e-05
1179,0.32284390036984745,0.4336832376633007,0,-1.054742487015095e-05
1180,0.2031950118783437,0.3697957783228863,0,-6.237409337683954e-06
1181,0.2416411782093168,0.17852698593732932,0,0.0003012453221094421
1182,0.34304806592878834,0.07381208810933877,4,0.010801176606801568
1183,0.004808923681740651,0.4695324315623699,0,-3.195921086405814e-07
1184,0.13256221415938507,0.13385011290351717,0,-1.7716655935130082e-06
1185,0.023405611103576404,0.05538127779781419,0,-1.4939104638443698e-05
1186,0.21163922570067728,0.551577830535862,0,-1.109693517192536e-06
1187,0.05363558727555779,0.34851256091951327,0,-1.745509186168156e-06
1188,0.17141854659172262,0.1322858638775916,0,0.00010275858051091678
1189,0.16209024450862075,0.03936148193795534,1,0.003542404564233257
1190,0.035166421716383615,0.18978235811576047,0,-7.030805503494649e-06
1191,0.1462578655489297,0.1509685156758236,0,-4.70689497428893e-06
1192,0.0976301093140033,0.33639899770347753,0,-3.0552950528286075e-06
1193,0.21687739685601598,0.5036077864647344,0,-1.8885487906962934e-06
1194,0.33766808830462125,0.42905025517985895,0,-1.2444361918548058e-05
1195,0.008057647356304886,0.09235761341916826,0,-1.3202419800560843e-05
1196,0.013019502657122678,0.15299404095302552,0,-8.097560629380704e-06
1197,0.3044613395669779,0.24422251589606242,0,0.00024403105650434257
1198,0.2523110640364999,0.24842930902758625,0,2.1060162456161993e-06
1199,0.2564410771336699,0.4075237102842327,0,-7.246140348583942e-06
1200,0.18007616716977817,0.297078543565704,0,-1.0010599239530693e-05
1201,0.1122314527533863,0.35488367981117086,0,-2.9385191202008207e-06
1202,0.17220733681121694,0.3579193403075743,0,-5.171030226068167e-06
1203,0.26311234863301153,0.5665904816593781,0,-1.5959642822481805e-06
1204,0.2722492059391804,0.2996313891291756,0,-1.4620474828214491e-05
1205,0.20372667163229458,0.4074192183763405,0,-4.32424051095627e-06
1206,0.09698718017237368,0.5818846270082212,0,-2.6092508540488927e-07
1207,0.028066162406229465,0.033738628310001025,0,-4.963669526146035e-06
1208,0.05373826244976026,0.5284729298430546,0,-2.8899179527299676e-07
1209,0.11361240873902527,0.5387853577768033,0,-4.7400821708799136e-07
1210,0.12022264460761252,0.0920062640243624,0,5.6682425592814914e-05
1211,0.18272698531940346,0.566309852108776,0,-7.176696168356784e-07
1212,0.19957127085182938,0.47559127531893397,0,-2.1025760421047726e-06
1213,0.12157220460686856,0.48531774659493315,0,-8.759725897271541e-07
1214,0.20212668575842124,0.2995075499276135,0,-1.1879548414386893e-05
1215,0.2777885366360508,0.2287335720672537,0,0.00015238788152405718
1216,0.18523636002262714,0.5954777288439989,0,-5.497256371646853e-07
1217,0.11700417887761401,0.1579806593411382,0,-1.5689350489410073e-05
1218,0.14939542251372667,0.04916384986252049,0,0.0015519050301776032
1219,0.19216810709459306,0.43939414177656966,0,-2.803432111489105e-06
1220,0.10731713858293797,0.2558548688822455,0,-7.449339942381629e-06
1221,0.13734480838734364,0.33486060905617937,0,-4.603580316243953e-06
1222,0.2385694529396564,0.037219827102563795,8,0.017546774411780555
1223,0.24684594987571107,0.2844048971923796,0,-1.565544567437779e-05
1224,0.007599927227287145,0.3241170398032008,0,-1.4066902771912852e-06
1225,0.31042420023331446,0.2449678480584647,0,0.00030167605364925465
1226,0.32175319672858704,0.16571609223904563,2,0.0044921785414420235
1227,0.00990515424642151,0.49575694485927946,0,-2.5871144564310343e-07
1228,0.08068780896173418,0.27679087112857687,0,-4.6727828420258275e-06
1229,0.14946174119688715,0.2687956024466277,0,-9.805572198164711e-06
1230,0.22804359032018212,0.09515958320210584,1,0.004051136388785671
1231,0.20524274902078457,0.35585061994901124,0,-7.288259758789271e-06
1232,0.012099097390505341,0.3295610801769017,0,-1.3933990820349834e-06
1233,0.24795449845357234,0.29408096528699407,0,-1.5841285825873288e-05
1234,0.041342446717388924,0.5826988909964506,0,-1.4846304007254978e-07
1235,0.048159265145753895,0.5729809918329516,0,-1.7514296621766095e-07
1236,0.2371760045144879,0.5771658720740507,0,-1.1085749604748141e-06
1237,0.18750363897720462,0.214264325061402,0,-1.4301072898114194e-05
1238,0.051808010081915545,0.1007870593046029,0,-1.5728508724027455e-05
1239,0.23148021924159168,0.15042071612992272,0,0.0006430331692150286
1240,0.240848022199085,0.3005272211439744,0,-1.5302642998088327e-05
1241,0.2103282691250672,0.30980243847388017,0,-1.1671331149484796e-05
1242,0.030288937273174353,0.18913724301250118,0,-6.747671512174198e-06
1243,0.028069889691627322,0.12987178079223888,0,-1.1472646596915577e-05
1244,0.12710491122959555,0.48232850873697847,0,-9.53805964688911e-07
1245,0.29455526886281713,0.2300742094431959,0,0.0002968485079432165
1246,0.3063463554398156,0.20176489597194755,0,0.0012926350703934737
1247,0.23085673340609825,0.11992999478603592,0,0.0019598785527975234
1248,0.30851471164760513,0.32461627523691544,0,-1.1895490012546878e-05
1249,0.07563329383905115,0.4799254044994143,0,-5.843700478769483e-07
1250,0.09746003731229694,0.12242094645212158,0,-1.3767471087390338e-05
1251,0.06534565338609492,0.1532247268329834,0,-1.284408280172169e-05
1252,0.21704880916793912,0.3523703525645062,0,-8.435760289865514e-06
1253,0.2208624379678051,0.4600974456104626,0,-3.0343121636960935e-06
1254,0.32338163608894477,0.349709919836638,0,-1.4599324763255194e-05
1255,0.0018995141029744976,0.42884718793918114,0,-4.6629927689223524e-07
1256,0.3305056288778821,0.4110601143641993,0,-1.3520022101811913e-05
1257,0.0963085651266682,0.1499751599348315,0,-1.559836676867438e-05
1258,0.2871467735854985,0.4963551905591602,0,-4.085625635197705e-06
1259,0.21744227859263907,0.0345042879718302,6,0.015191873065558543
1260,0.265027137330935,0.5539869284377634,0,-1.8450595299487535e-06
1261,0.10640183956901092,0.17553363792078927,0,-1.4591128327060932e-05
1262,0.14603970019016602,0.5994298357337342,0,-3.573081412847316e-07
1263,0.24540343679296237,0.2194358613461465,0,4.4105226043635895e-05
1264,0.13883281003581693,0.28135187282776214,0,-7.888920698948404e-06
1265,0.09159741951119323,0.30193963703069177,0,-4.055918416001401e-06
1266,0.10731298499815783,0.3716860856471269,0,-2.3658015761037544e-06
1267,0.22083475499100563,0.31019960613689834,0,-1.2672023975784543e-05
1268,0.09552827303524801,0.02277996009501817,0,0.0005258484829981095
1269,0.10793066506382613,0.10750936706769924,0,2.2140667693992754e-08
1270,0.05020671615677136,0.013600522834739403,0,9.531609564777724e-05
1271,0.12953115804077672,0.11962753811822004,0,1.1809278942749233e-05
1272,0.2233085021374294,0.2831828703135272,0,-1.5287389571963736e-05
1273,0.15564504913437652,0.5591228485368767,0,-5.884727734834448e-07
1274,0.25610181133705295,0.41331167637536687,0,-6.827928894986188e-06
1275,0.029937228460408676,0.15487582070856235,0,-9.328045468734342e-06
1276,0.3264350372745663,0.20206037510048286,1,0.0021750358230643563
1277,0.05587638768982225,0.5944541011021294,0,-1.5262075683940077e-07
1278,0.3452535053335928,0.5213611974881526,0,-5.660518730367227e-06
1279,0.16723637374733538,0.3150123233720404,0,-7.496242052265285e-06
1280,0.29901229080532626,0.5152377387992447,0,-3.8090719668033212e-06
1281,0.14613066902340646,0.5832389706445245,0,-4.204826360811193e-07
1282,0.17560133858948776,0.42030163067684384,0,-2.8759131677679598e-06
1283,0.3407041529128017,0.20454668132459564,1,0.002727897788562056
1284,0.09607658540332331,0.5659241508157553,0,-3.0330488752096324e-07
1285,0.18662339421696983,0.3851219527638809,0,-4.554649444670198e-06
1286,0.17540185190930174,0.2656328175920094,0,-1.2594439475571547e-05
1287,0.2889878733855215,0.10188324969803324,4,0.00912003928617248
1288,0.12153569601690904,0.48817465324440895,0,-8.509934815790714e-07
1289,0.32581245767231254,0.35887215352554264,0,-1.5470981978440615e-05
1290,0.16298678562204544,0.07301832385882183,0,0.0010132573724079867
1291,0.03165533872707177,0.4673804023277833,0,-4.269811867417526e-07
1292,0.3302963896092563,0.3391801652734485,0,-8.873028605303601e-06
1293,0.26213823610155074,0.08077069582984277,4,0.01039436556112977
1294,0.29366665866088876,0.48041189740485335,0,-5.104050883694746e-06
1295,0.11746593074429285,0.3285631389613728,0,-4.023946067392921e-06
1296,0.21747680143988066,0.15486144140514224,0,0.0003033775226576825
1297,0.3436802856522439,0.146796708425923,2,0.006333871793947435
1298,0.2717954152998562,0.13171488328309625,1,0.00413124116656024
1299,0.011580285047442311,0.42285869010461336,0,-5.453447137456492e-07
1300,0.293117217000593,0.3802404794147126,0,-1.2879834370995765e-05
1301,0.05826221146709488,0.027641231628090866,0,6.746915715871805e-05
1302,0.10465443430330251,0.18359655808642852,0,-1.370851068869345e-05
1303,0.22962737235746944,0.0749382357196103,3,0.007398925664261133
1304,0.0808914465197745,0.44854797221323683,0,-8.428597056903139e-07
1305,0.30349497973063927,0.03969733969982148,8,0.017910396082809903
1306,0.3435101033501495,0.5631462474757772,0,-3.6774979630503594e-06
1307,0.04623317886823759,0.26781131702355154,0,-3.6290185760119156e-06
1308,0.21615127124816763,0.22271259159004242,0,-6.507539385447011e-06
1309,0.05363166433521463,0.2592285093360407,0,-4.25408852024906e-06
1310,0.11666122884694652,0.39843695500643367,0,-1.987950527811659e-06
1311,0.22382534388342587,0.37942863505046437,0,-6.940813249451518e-06
1312,0.2295338545074625,0.035135114203973104,7,0.01701064742991774
1313,0.16863228281242218,0.4284001213189458,0,-2.474611413277728e-06
1314,0.266745779905796,0.36261923102357546,0,-1.2014640991060134e-05
1315,0.23232264528814076,0.39538337520251576,0,-6.452978175171081e-06
1316,0.3031691566564322,0.04231247647013296,7,0.017365553670213352
1317,0.047082494212629056,0.023245298060381645,0,4.38326592664208e-05
1318,0.3210690356657259,0.4125338927045232,0,-1.2440360870447892e-05
1319,0.07185307584302808,0.20718865829700106,0,-8.456792264615197e-06
1320,0.1874879127852694,0.5769638224290784,0,-6.765499599291255e-07
1321,0.22804859959895898,0.5657760257383713,0,-1.1341378589478186e-06
1322,0.2996721251161733,0.08665420646306665,5,0.011085764200278042
1323,0.18264006833535634,0.21312459778731144,0,-1.4895102557475039e-05
1324,0.2835410368839362,0.015694285402510454,9,0.025341804546121102
1325,0.08899906748307791,0.4888705790779587,0,-6.106740524546714e-07
1326,0.32682542601233644,0.07807457722629964,5,0.011168584333806018
1327,0.07047894934082266,0.06136842955405914,0,1.1162259367625944e-05
1328,0.015711229963842017,0.02635311978115591,0,-8.203016237257531e-06
1329,0.16777484157943678,0.4455347565387533,0,-2.0675738151091655e-06
1330,0.20620870704507743,0.42383911358491666,0,-3.764418746769539e-06
1331,0.2395497956569679,0.15738151622389787,0,0.0006633800045184711
1332,0.2750277368398655,0.3749491170887567,0,-1.1612521222556238e-05
1333,0.2851446540557723,0.13872701833781534,2,0.004520701079911292
1334,0.2135010424420755,0.48526689666229467,0,-2.1932495438437035e-06
1335,0.23909266404603435,0.4523777298249782,0,-3.927913301002617e-06
1336,0.2187441035295929,0.48306356163561115,0,-2.362336970182776e-06
1337,0.28248897678319923,0.5587637835169812,0,-2.09349831189581e-06
1338,0.2152889968110556,0.45188664761061104,0,-3.1155548631840185e-06
1339,0.21059663343637994,0.3646732249306872,0,-7.046587762919707e-06
1340,0.30162838167222267,0.31946238731016474,0,-1.2446417232463596e-05
1341,0.1639636441110954,0.23073224978156748,0,-1.4782121397843331e-05
1342,0.15115779403927435,0.30295154353261966,0,-7.213039411163704e-06
1343,0.26295261364187683,0.349738262876311,0,-1.2919760253553558e-05
1344,0.34328875332981035,0.3149328985032375,0,4.528213730352969e-05
1345,0.20201977050201025,0.13061211943649997,0,0.00045061451494567725
1346,0.10514057573919694,0.21322122188631495,0,-1.0855694235556268e-05
1347,0.21039387029431386,0.04172254063015712,5,0.01167987904041155
1348,0.3237763819052567,0.3475756040949086,0,-1.4119811228422948e-05
1349,0.22481628501049428,0.00041058306533956477,9,0.029144641232167066
1350,0.3312572689368378,0.28445613338628195,0,0.00012728259706629324
1351,0.2280414614150336,0.4892691187019408,0,-2.4359379013128046e-06
1352,0.03618490177020836,0.38554607194249574,0,-1.0126153011248547e-06
1353,0.12100070333145582,0.31642453643535323,0,-4.7013997693354715e-06
1354,0.17617316504478955,0.5963393765870156,0,-4.978674001164816e-07
1355,0.3130135319809564,0.39615265910575126,0,-1.3270106630522564e-05
1356,0.21554061976099237,0.274212651483065,0,-1.5361853226753116e-05
1357,0.29226782343567387,0.06372182939679295,6,0.014039177738282137
1358,0.3251638658239474,0.3012850704207001,0,3.425021482234684e-05
1359,0.10307849858733233,0.31322798686556014,0,-4.0629868212749505e-06
1360,0.2515067486376792,0.5084672993648552,0,-2.540660486175787e-06
1361,0.10949610222359009,0.573273552743849,0,-3.22227060298859e-07
1362,0.187886993180081,0.5648573817561092,0,-7.666532294969075e-07
1363,0.11459685071318954,0.23840417591877308,0,-9.415615500504675e-06
1364,0.19469479046684557,0.5382055922586781,0,-1.0710990781824257e-06
1365,0.13290315291343205,0.29875363806050725,0,-6.292135224055501e-06
1366,0.02308365964716043,0.41391842877465906,0,-6.689613877114044e-07
1367,0.009376095236337771,0.13064770998173791,0,-9.651374094466872e-06
1368,0.16526543591597623,0.04753947683241244,1,0.0029305289974405403
1369,0.2563890613240845,0.5465974219844553,0,-1.8225323934853607e-06
1370,0.1031810286466138,0.3596190550507847,0,-2.561080415751362e-06
1371,0.0999058332407469,0.07852739153038431,0,3.602536897224241e-05
1372,0.22388832254101448,0.5302308441303003,0,-1.5521991780831794e-06
1373,0.17457081347344539,0.22330079729194924,0,-1.5765771565596955e-05
1374,0.16048056128912114,0.23305180360817418,0,-1.4290367907339595e-05
1375,0.2652516162584627,0.5797368451857071,0,-1.429645053751476e-06
1376,0.3399411402427423,0.16489911443384367,2,0.005272735651193183
1377,0.04161555212580314,0.12850660233578226,0,-1.2944443759815518e-05
1378,0.037051936571088934,0.5419986114848823,0,-2.1367910371896264e-07
1379,0.21314632162927666,0.542596288276986,0,-1.232331689677401e-06
1380,0.046658283315761995,0.3638052783388896,0,-1.3972488245424859e-06
1381,0.3145170121241559,0.268029977623043,0,0.00012835736926236125
1382,0.16643583995564917,0.3167983304278584,0,-7.311473803976992e-06
1383,0.10056949927648037,0.028449096774083336,0,0.0005100929699468448
1384,0.2311968116956673,0.3745295201976349,0,-7.812709192871162e-06
1385,0.055099883866253176,0.49390284523897365,0,-4.1392766155822075e-07
1386,0.27394105468195923,0.4380846164192418,0,-6.378440323188207e-06
1387,0.22269619131349988,0.5995947489237885,0,-7.66722071929274e-07
1388,0.33590442807158444,0.43153730368690774,0,-1.2020934795942546e-05
1389,0.16854882771245894,0.4399219581030332,0,-2.203770969534377e-06
1390,0.24249167253766707,0.14584644929227775,0,0.0011452628299620958
1391,0.09762822759393161,0.42048628107601077,0,-1.3188203406439389e-06
1392,0.12115565903296237,0.17186193503376954,0,-1.570298525169521e-05
1393,0.054262980537592355,0.11904520538520841,0,-1.4938788899778613e-05
1394,0.23878790285863524,0.4132862388707899,0,-5.767370059775887e-06
1395,0.18678888902542123,0.2906050213271927,0,-1.1251657041658646e-05
1396,0.3416944925059259,0.16448790761808899,2,0.005337427382800722
1397,0.077374178152875,0.07625966667519317,0,9.0667947968719e-07
1398,0.20835406749742405,0.2739836159758177,0,-1.487217660106036e-05
1399,0.34397114624550174,0.3313971528402056,0,1.1298768828511091e-05
1400,0.2718257337998345,0.3804140097052806,0,-1.0773774851720132e-05
1401,0.16485948950574306,0.23349316632541692,0,-1.4629822776439756e-05
1402,0.2733796797601666,0.5451266558749379,0,-2.1908140529869247e-06
1403,0.044592449067072826,0.5645728116743691,0,-1.8383821316482495e-07
1404,0.281030550248477,0.40843739186963396,0,-9.074201018094504e-06
1405,0.18105844699201867,0.43228847561244477,0,-2.6941837660645254e-06
1406,0.018939987828643905,0.48377635977227873,0,-3.191846938444797e-07
1407,0.3231188752653442,0.5764510135702026,0,-2.6297825509424273e-06
1408,0.16963586887709256,0.021730570880818156,3,0.008139460014380203
1409,0.0575255085709248,0.3803088411985432,0,-1.3205136980759367e-06
1410,0.31142992978193346,0.5960500847553744,0,-1.9247176459703736e-06
1411,0.1841657743249426,0.39027101918951507,0,-4.22353909976354e-06
1412,0.29997968592962315,0.41685553374437095,0,-9.99510418751115e-06
1413,0.30658872140803434,0.3797724491199715,0,-1.4222488874881178e-05
1414,0.14107845622425116,0.550367181414117,0,-5.553802765971299e-07
1415,0.06282414747752608,0.22196572960656327,0,-6.725676642207643e-06
1416,0.011321073812792114,0.5603613377213884,0,-1.3752738309890695e-07
1417,0.3038863428377349,0.19806229151941585,0,0.0013552555908837958
1418,0.1803198232513961,0.4300377975500691,0,-2.7351947284303224e-06
1419,0.2123858656657876,0.565365395883963,0,-9.740392230105458e-07
1420,0.2628637076706033,0.23037622359761611,0,6.505564467906442e-05
1421,0.04013891297692637,0.40952356880997637,0,-8.288392391215141e-07
1422,0.09016463339006925,0.5400114265721061,0,-3.7048636440935564e-07
1423,0.009313915974462905,0.02910538955462325,0,-1.224869449639133e-05
1424,0.02300656938140666,0.17809275482573436,0,-6.999751962508384e-06
1425,0.046861544930181576,0.08342868268275931,0,-1.5414046443242825e-05
1426,0.0053248452273443655,0.005165833851364154,0,1.535640955443804e-07
1427,0.06128142708338429,0.2734697916147133,0,-3.983825520143494e-06
1428,0.14973498742099542,0.19795022746601487,0,-1.576459592488161e-05
1429,0.1709831854776114,0.1746365447447195,0,-4.056328100929364e-06
1430,0.3229580377687649,0.2597373161045459,0,0.0002692730474712225
1431,0.14644286345280685,0.2553413774633934,0,-1.0770973233225675e-05
1432,0.0926843611347619,0.35491973246167213,0,-2.417386761328949e-06
1433,0.03852082107069077,0.5226417806623659,0,-2.631469238568766e-07
1434,0.033200033121425304,0.19159005465093545,0,-6.777630788333739e-06
1435,0.03504738457394821,0.1298201734918252,0,-1.2164415948070484e-05
1436,0.343450671977887,0.44600498105708775,0,-1.133620645161089e-05
1437,0.045593350408481434,0.287264700999363,0,-2.970196464133933e-06
1438,0.3061642299495959,0.5072386097907972,0,-4.42715908389461e-06
1439,0.1532037501308659,0.17437849975130862,0,-1.2901013550366889e-05
1440,0.041599629857906495,0.5792971057024674,0,-1.539953098415256e-07
1441,0.21705668233387126,0.507882763766361,0,-1.8128108798930624e-06
1442,0.18364965953678497,0.45515069072720504,0,-2.200343097165275e-06
1443,0.03664619849536828,0.3261115748066506,0,-1.8429018487991638e-06
1444,0.23803829264692875,0.4905162886346222,0,-2.657723825084848e-06
1445,0.23008075572972622,0.2148737296089238,0,1.9023612890726625e-05
1446,0.22709402266646891,0.40311513016502676,0,-5.6831398952795635e-06
1447,0.32926899194001596,0.5706534915894653,0,-2.962200390673864e-06
1448,0.12330754327910784,0.3795488762268548,0,-2.5653090373649965e-06
1449,0.07349225652196006,0.301081444832683,0,-3.4168144667676226e-06
1450,0.1996186527329899,0.11233972390471658,0,0.0008640996621493475
1451,0.02274255786177961,0.13414547397859336,0,-1.0551934874456995e-05
1452,0.1818351670181261,0.36997311244031245,0,-5.047485616775731e-06
1453,0.08874566811854138,0.11779037635164319,0,-1.4551848755273575e-05
1454,0.021480029141901016,0.3239277223188392,0,-1.6188981137640994e-06
1455,0.26664799492448166,0.16088999780142307,0,0.0014959284805693834
1456,0.007817226628531548,0.28837964638695174,0,-2.015035252771714e-06
1457,0.13943427503928446,0.08147460058195467,0,0.0002645588717173429
1458,0.16646038583821549,0.006496126110955136,5,0.011954170088495227
1459,0.11865840628430545,0.19250484713544666,0,-1.4179679038955716e-05
1460,0.12541394756071006,0.4848302802188392,0,-9.146706612874108e-07
1461,0.22550241171716964,0.49729511591165126,0,-2.1921205722002897e-06
1462,0.0919003659162469,0.5477526085064455,0,-3.4888472931124277e-07
1463,0.14415740698868484,0.024443001929555973,1,0.00330441302091903
1464,0.011992679049020826,0.33147715846884357,0,-1.3655082663940173e-06
1465,0.2204605702103684,0.14116864448064387,0,0.0006089854209109523
1466,0.2439975227495576,0.2705717957756413,0,-1.4402386009714319e-05
1467,0.23604890432999573,0.20355466396995586,0,6.700726914461835e-05
1468,0.25461900357853423,0.35463774582146496,0,-1.1607874016168883e-05
1469,0.1751030355514542,0.34381076776187725,0,-6.113511025134211e-06
1470,0.2066578729002385,0.2670703720427842,0,-1.5250105007770487e-05
1471,0.3236308472499296,0.4108708705857899,0,-1.286128995755196e-05
1472,0.32575747760628176,0.4656370332423126,0,-8.055193152792182e-06
1473,0.3006287963183022,0.213512155864134,0,0.0007152116119684324
1474,0.21210346454100384,0.016351002005737247,9,0.020387459930811154
1475,0.19348318045756668,0.1915421216086102,0,8.194453928676183e-07
1476,0.23889793065520304,0.39642097667926396,0,-6.81002234027496e-06
1477,0.06945381536639328,0.23143475569102478,0,-6.54134173832417e-06
1478,0.0925558973751483,0.4544302761367508,0,-8.928867000433659e-07
1479,0.04562106169543454,0.585335712907027,0,-1.5091326403467314e-07
1480,0.26782615738022253,0.38948498319662694,0,-9.574569640646454e-06
1481,0.32783623803825124,0.4454203883057362,0,-9.923443304934737e-06
1482,0.2436346082790648,0.35428423432254874,0,-1.058542033710982e-05
1483,0.10624375868268672,0.510408907611272,0,-5.848724422658442e-07
1484,0.22993559294602553,0.011762405033308276,9,0.02491130716980805
1485,0.05506903738619696,0.14737296715654474,0,-1.2406879331735489e-05
1486,0.27039230013910537,0.4194167598032786,0,-7.389111160915018e-06
1487,0.1035691526197274,0.021982633642101512,0,0.0007629995760285304
1488,0.07029738923347009,0.25603888294057325,0,-5.178409027917999e-06
1489,0.25216526843425774,0.21236458051958948,0,9.880851308857153e-05
1490,0.002126447896217709,0.587970436893037,0,-9.51910185232716e-08
1491,0.273831262612134,0.3520359588213345,0,-1.3756466431376423e-05
1492,0.2378343385431936,0.3984351566109718,0,-6.6089878384091685e-06
1493,0.04863110658559444,0.3612606233593379,0,-1.4617651645862804e-06
1494,0.1636130517708197,0.11364997196012251,0,0.00017857485480204615
1495,0.3265817391620886,0.3348341196045809,0,-8.495143476784031e-06
1496,0.0507390996295634,0.5150245220356554,0,-3.20833995571593e-07
1497,0.19002077182125754,0.3674024589137806,0,-5.612072438714894e-06
1498,0.2581242878700022,0.5225779443817483,0,-2.3571636359693474e-06
1499,0.03021965876898342,0.5859345491114307,0,-1.2862192311875691e-07
1500,0.2961219124551502,0.2368176936626202,0,0.00023719578967698658
1501,0.29398364371638913,0.11532675213133567,3,0.007793344824172965
1502,0.1983829061648797,0.12362419556879868,0,0.0005208086915925225
1503,0.28995529598722475,0.10533615595795817,4,0.008748934057730525
1504,0.33068527818903615,0.20940635604007837,0,0.0019692917592007294
1505,0.18068187746563238,0.13936045576456693,0,0.00011447580501979563
1506,0.15349017326428524,0.5271693687074905,0,-7.92756835249178e-07
1507,0.2190675996393777,0.17080259130685166,0,0.00015667161841959566
1508,0.15871883096018755,0.5098781152027063,0,-9.928658749004339e-07
1509,0.10847290377457927,0.02886096770167521,0,0.0006992964563502714
1510,0.08789375062870054,0.5208966136335427,0,-4.384647133757831e-07
1511,0.2590477872498966,0.13194095513969212,1,0.0030336043027155294
1512,0.17456774692457894,0.3756847788481737,0,-4.438894450519028e-06
1513,0.05175757276132284,0.15091414582803717,0,-1.172924278657944e-05
1514,0.21257865237736895,0.01949388589552221,8,0.0193021809656605
1515,0.09410427155136275,0.567167510514318,0,-2.9371472957744904e-07
1516,0.12714599627142797,0.03895531270650849,0,0.0009834236543629317
1517,0.3046128003746833,0.32816394999638815,0,-1.3992762930635221e-05
1518,0.3366429826900438,0.14379014703331827,2,0.006506035529870411
1519,0.10570390300998554,0.5213896985103812,0,-5.212352653379078e-07
1520,0.03874177170151605,0.05566479598396563,0,-1.1234207214384541e-05
1521,0.3147021393252041,0.04219152335857583,7,0.016919146574153183
1522,0.25764354174554316,0.4944167881146833,0,-3.107177699790112e-06
1523,0.13031675259140063,0.070851207608807,0,0.0002852205159109605
1524,0.25341306393034113,0.4296839073245237,0,-5.665623702411595e-06
1525,0.09275414350984172,0.19053340591784315,0,-1.185939294934965e-05
1526,0.20150016830822642,0.09447594684598011,0,0.001827535577036441
1527,0.2800070969338062,0.17162609512525925,0,0.0015757113758026252
1528,0.32760599643689836,0.1943201146717488,1,0.002710352977415662
1529,0.1260112824448836,0.5400401224792011,0,-5.297899278559921e-07
1530,0.2865052176147032,0.5727095574961087,0,-1.8956292206603046e-06
1531,0.1201112279469295,0.48196288364276857,0,-8.92738020467805e-07
1532,0.1992439101547849,0.5180640632844574,0,-1.370849542407872e-06
1533,0.03304606988951401,0.483239790105998,0,-3.6945927054577565e-07
1534,0.17199643683002647,0.1788791583092499,0,-6.413754006589539e-06
1535,0.16694923894508168,0.39451468077199164,0,-3.4124139654947747e-06
1536,0.1407028253927496,0.4225681427741637,0,-1.985404735223407e-06
1537,0.025962347986136235,0.3079792917471618,0,-1.9855682806258216e-06
1538,0.11634389381245196,0.40089347976142925,0,-1.933611378638902e-06
1539,0.11614130419734199,0.13556604819673104,0,-1.2272042029656403e-05
1540,0.005981362260120032,0.2697400100430251,0,-2.383446968519992e-06
1541,0.2114740505410148,0.4163136596623428,0,-4.2745434141693935e-06
1542,0.34566385310661885,0.1655199449459485,2,0.005348251263418575
1543,0.21975093463581505,0.14238165528784935,0,0.0005638738134047746
1544,0.02493465012796901,0.4303797962544382,0,-5.780189726764773e-07
1545,0.009140292988960668,0.36438087874957553,0,-9.55082931886839e-07
1546,0.1554219442317069,0.41051213124223757,0,-2.5935550482615464e-06
1547,0.27733860933312804,0.5778317697145104,0,-1.6437683952174108e-06
1548,0.16151548621189238,0.002403486450552461,5,0.011948666104745842
1549,0.32449704600075147,0.2411193115379855,0,0.0005929982982511306
1550,0.11971267432919613,0.48614732054161913,0,-8.527567845679584e-07
1551,0.003223734541821793,0.1286231935161853,0,-9.290770876767238e-06
1552,0.20179096828682103,0.11035009631218519,0,0.0010139503015669713
1553,0.15309043341818876,0.39515746621592845,0,-2.9537026958275596e-06
1554,0.28294200059488134,0.45020418338325274,0,-6.185189669514847e-06
1555,0.08574310817490971,0.45486263730270654,0,-8.305656902800212e-07
1556,0.23060539691255083,0.21589686658573767,0,1.8084927781570447e-05
1557,0.08265441294750857,0.5174688461342434,0,-4.306228277804974e-07
1558,0.3142564791401584,0.19433621175003246,0,0.002014424263137508
1559,0.15199218433230774,0.30678813118302095,0,-7.005990066668065e-06
1560,0.26836741873758807,0.508150627919972,0,-3.0145320515043874e-06
1561,0.2958944998943638,0.11621608399785849,3,0.007793467811945024
1562,0.09269707566288164,0.4235547477048124,0,-1.2175342301861292e-06
1563,0.23776750912214556,0.34371446103751235,0,-1.1034710560567343e-05
1564,0.07579397611061865,0.18632015166977933,0,-1.0627987847370678e-05
1565,0.2067444489762536,0.43123881286873794,0,-3.5156685401591802e-06
1566,0.31218916778108746,0.5656195033330103,0,-2.6279493008967093e-06
1567,0.06578340949014552,0.2719066811098411,0,-4.231211376337271e-06
1568,0.009785493338190353,0.2581890058867528,0,-2.778315564727094e-06
1569,0.2715886772774895,0.5032850581636454,0,-3.2674117695576196e-06
1570,0.14761190344700534,0.08404708214065452,0,0.00033859770401190704
1571,0.249975342379608,0.19795598578333737,0,0.00018118903195092457
1572,0.20017977772844175,0.5706415901330133,0,-8.180238139619053e-07
1573,0.003204812236035859,0.3326018134620643,0,-1.236779100021532e-06
1574,0.18933066087696923,0.037115368759009205,3,0.008496902437142977
1575,0.1850290163291538,0.5668152219142846,0,-7.306493647364518e-07
1576,0.28475235144066935,0.5406657814844422,0,-2.565368893879703e-06
1577,0.11509451888087303,0.5085657655812357,0,-6.507985088492568e-07
1578,0.21303207172413965,0.0037790393362635566,9,0.025775042046395254
1579,0.016483301870378025,0.29930437374724383,0,-1.9698810999311786e-06
1580,0.07496433734753034,0.10806569550501696,0,-1.510059611691806e-05
1581,0.00720546297040096,0.20613729877266093,0,-4.547625079135506e-06
1582,0.31123760724578087,0.577212186363743,0,-2.3186943451415257e-06
1583,0.027400001632822295,0.2218493721668063,0,-4.75330621420595e-06
1584,0.23850553033191635,0.3819171479988428,0,-7.805448475662442e-06
1585,0.006359264278704129,0.062119953874021513,0,-1.5502901026106585e-05
1586,0.27049849896159117,0.2995319616078032,0,-1.487238694350541e-05
1587,0.24750457287472255,0.39894037703863156,0,-7.223015625860051e-06
1588,0.2169760012404836,0.14743972232797237,0,0.0004088931598739113
1589,0.34485531337753966,0.48135905049934635,0,-8.31373284339023e-06
1590,0.20378891314840125,0.2244485237718023,0,-1.2898574005352966e-05
1591,0.12565093402234231,0.09561796995312252,0,6.322059083965926e-05
1592,0.07693090414761314,0.1958803257268022,0,-9.85117685083794e-06
1593,0.1840547051005365,0.1906493476558846,0,-6.29883663150476e-06
1594,0.25104292693727115,0.027634577643961978,9,0.021198427692248164
1595,0.04271432572329799,0.4915717574842531,0,-3.7438840239512285e-07
1596,0.0640255506851552,0.2655827343426893,0,-4.427649822345706e-06
1597,0.22142233621162533,0.32421982733558913,0,-1.1343446705372473e-05
1598,0.29612520769385586,0.0914967732312276,4,0.010537135878900582
1599,0.10955374508335071,0.3286344538215728,0,-3.717083001527563e-06
1600,0.1782448044940381,0.23183610788711717,0,-1.5617440200580844e-05
1601,0.07872570324468309,0.11162459772159321,0,-1.5080014289093275e-05
1602,0.2839311289064467,0.3364309571837074,0,-1.570050970104817e-05
1603,0.05704081218278858,0.5792213889590504,0,-1.7981171797560315e-07
1604,0.0013680693910697204,0.05603089638232532,0,-1.5552967111621668e-05
1605,0.15491835166137138,0.18750123127894172,0,-1.5118316752209888e-05
1606,0.02454324146887118,0.44736324526630195,0,-4.858336764891767e-07
1607,0.11991546189902173,0.5575145707893259,0,-4.185853714120879e-07
1608,0.28833434944407577,0.5459068813823768,0,-2.5230135492084257e-06
1609,0.06200229386071396,0.07940651085418231,0,-1.145184260676208e-05
1610,0.30458456897690883,0.06486957083547992,6,0.013568289247503302
1611,0.3267347305369225,0.24531441860359537,0,0.0005490156483868525
1612,0.09506302276761705,0.04354899539165948,0,0.00020079597629462948
1613,0.169891236605857,0.5211946123039356,0,-9.912509408701727e-07
1614,0.3227576223160526,0.12630452902757744,3,0.0075904835688367376
1615,0.03994259981180251,0.28421167018810073,0,-2.894386596589713e-06
1616,0.062119323640003596,0.3004354256048604,0,-3.0706647872049794e-06
1617,0.07836518055691623,0.2880121967078164,0,-4.084845281470066e-06
1618,0.16888135963095063,0.015165482862491685,4,0.009786448953621739
1619,0.06652688684892187,0.277081133804417,0,-4.048823751007885e-06
1620,0.26844315264987195,0.31490530729862154,0,-1.585317051933419e-05
1621,0.13016344855950585,0.22185066820917101,0,-1.245741572457476e-05
1622,0.30430903198569603,0.4591309058298624,0,-6.979356346152219e-06
1623,0.06256065569458777,0.13945871669149582,0,-1.3905235382425053e-05
1624,0.048037579160615504,0.5475558185065148,0,-2.255707789104126e-07
1625,0.32128679227800666,0.07957936199355475,5,0.011260257426687625
1626,0.21762682619816587,0.5196711718093817,0,-1.6205340636395651e-06
1627,0.20724996916872931,0.09886485989843292,0,0.0018960652638089742
1628,0.14846738799110235,0.4343154391316746,0,-1.9076901457147862e-06
1629,0.01930895375340179,0.45482926147914415,0,-4.279139378659221e-07
1630,0.31017100554801497,0.22130089881415624,0,0.0007468318392463653
1631,0.33987379947776397,0.5250786967353082,0,-5.175625151485108e-06
1632,0.09945708025491894,0.2954519197352002,0,-4.6764836234317535e-06
1633,0.08550053888847542,0.4572129929604159,0,-8.093108226783347e-07
1634,0.028961571649590855,0.375877211592453,0,-1.037766985461689e-06
1635,0.23929731184223868,0.5046176359282204,0,-2.337824722024839e-06
1636,0.24547179793144658,0.43198981715524576,0,-5.121779276599239e-06
1637,0.20731228468209995,0.5714011385304752,0,-8.717288950335184e-07
1638,0.07851252529454988,0.16492615122267537,0,-1.2987010161117718e-05
1639,0.029734648736122606,0.4234993525688913,0,-6.495986782373336e-07
1640,0.17996177222780077,0.3813365346873982,0,-4.427079054715144e-06
1641,0.25609534737987477,0.5467967474756799,0,-1.8135875310671812e-06
1642,0.18976701181993352,0.2997638541143322,0,-1.0658677399373984e-05
1643,0.015865105682338104,0.31715059259189543,0,-1.6379157415985373e-06
1644,0.1164245491256412,0.07303934959543047,0,0.00013292952452458818
1645,0.34328161694837306,0.02702485977278062,9,0.01964397093176433
1646,0.2450723011360163,0.5453596812688534,0,-1.6483136702700623e-06
1647,0.0931957365959942,0.5945357800722837,0,-2.2137604987086552e-07
1648,0.14669120692390503,0.4377604842436221,0,-1.810754683253954e-06
1649,0.1375416455692294,0.4345508516531066,0,-1.7066421294270625e-06
1650,0.07461232838647819,0.274050456324713,0,-4.521109536566494e-06
1651,0.24902231492494,0.034502853257476214,8,0.01917283973114202
1652,0.16899089793101982,0.10320115180535284,0,0.0003666100800517562
1653,0.20357155303372446,0.44657613726802076,0,-2.9233799843797156e-06
1654,0.26380267115821393,0.2484413780207543,0,1.8365095997223515e-05
1655,0.0014304721800959541,0.10273830296688777,0,-1.1523774699260037e-05
1656,0.10816527212595546,0.46135255795027985,0,-9.736980322883617e-07
1657,0.3156670093136311,0.03445412849923148,8,0.018656449097093516
1658,0.12710421925621765,0.5431893752478301,0,-5.189994647130115e-07
1659,0.0957550480122311,0.14191936853852144,0,-1.576324162499332e-05
1660,0.14613926855599743,0.3710261193256132,0,-3.506055990142485e-06
1661,0.15164992166564364,0.53183606077419,0,-7.428430144614536e-07
1662,0.07740870406097507,0.4604162442448463,0,-7.229546817110271e-07
1663,0.12517781374839115,0.24480700805546107,0,-9.783128626498349e-06
1664,0.05792855144130513,0.4364421037101419,0,-7.563695398290474e-07
1665,0.22378559105843643,0.48897161843550985,0,-2.341735274670568e-06
1666,0.16844820534453833,0.5831342473154196,0,-5.259758093107891e-07
1667,0.058305506191511106,0.32588623636647024,0,-2.29277358120129e-06
1668,0.24633522192795376,0.23177012697260768,0,1.7409549222325902e-05
1669,0.21856274704847764,0.024249312373338317,8,0.01873238599008028
1670,0.005964126685448268,0.16694157871161303,0,-6.6107741513314375e-06
1671,0.05473639987065571,0.4993821225609453,0,-3.904380603404216e-07
1672,0.10392155962018071,0.4913489809426482,0,-6.914511664117316e-07
1673,0.17355035482988787,0.18987644551857946,0,-1.132630328732349e-05
1674,0.008324476560996562,0.2963891472322542,0,-1.8694678285722021e-06
1675,0.335388641901399,0.27456286903343,0,0.00023848015696376496
1676,0.13571460134830757,0.024412279415912064,1,0.002439932890219236
1677,0.07473289922047453,0.4054414742700677,0,-1.2196480629985862e-06
1678,0.2987339330943476,0.13476349603149657,2,0.005963922114363132
1679,0.3244294136980923,0.0657826414087548,5,0.012631852595233662
1680,0.17024234263956597,0.4456159593680227,0,-2.1173664578347404e-06
1681,0.12485926924413282,0.2685722715301792,0,-7.801046996991826e-06
1682,0.2812101994116568,0.005641961946336837,9,0.029530902361422046
1683,0.0742924035129615,0.09127393676893492,0,-1.130934521543315e-05
1684,0.24590793381135082,0.31411592367720836,0,-1.4662945789233365e-05
1685,0.045668298880935106,0.2590622473429112,0,-3.937117643580112e-06
1686,0.29586104471397523,0.25657247567591873,0,9.133563183527539e-05
1687,0.039125951007716146,0.0691840778357202,0,-1.4675900159746263e-05
1688,0.24517660793906532,0.13147139614296527,0,0.0020734106291699027
1689,0.31198335770841673,0.12080020063855858,3,0.00789866834788571
1690,0.17387791462327973,0.4527348842561031,0,-2.044808549658376e-06
1691,0.17263616504272541,0.32996862884008277,0,-6.832624174520817e-06
1692,0.18483125250037677,0.06361345985640669,1,0.0031662135032504155
1693,0.17064199115229753,0.013273998256876984,4,0.010835479167823422
1694,0.24961905175810356,0.30689049377756455,0,-1.5451695556968818e-05
1695,0.1306151804239828,0.20302875486748131,0,-1.4306758572665936e-05
1696,0.0076222425780390615,0.2673473614943959,0,-2.4813899176933005e-06
1697,0.054917005318087825,0.2969307415602473,0,-2.9597194137770344e-06
1698,0.179530814463168,0.12434056361342742,0,0.00022554659852620917
1699,0.2256820989587825,0.13214566791558105,0,0.0010540076464079153
1700,0.013186985534991869,0.2622541448575334,0,-2.759870884771287e-06
1701,0.32113279343356604,0.4428500876869632,0,-9.55609693459704e-06
1702,0.2646831616039614,0.29421883228246576,0,-1.4929378539435441e-05
1703,0.20274858663675843,0.36129189921841703,0,-6.748295477967474e-06
1704,0.2804209862221815,0.15041135347366377,1,0.0030397854772155597
1705,0.29194645375372286,0.2743708483974527,0,2.166922107052503e-05
1706,0.21587423200488406,0.27829567251949855,0,-1.5113025087356376e-05
1707,0.28338492610887267,0.12763155437526144,2,0.00560241569951231
1708,0.1200413442837306,0.01208255648656551,1,0.0021950668754526998
1709,0.22939030103816443,0.22263853646704782,0,5.862548935735196e-06
1710,0.08221693384569716,0.33850186834938484,0,-2.5657837336606186e-06
1711,0.0038310103485524323,0.07756149744459118,0,-1.4200356030234013e-05
1712,0.015630176207699614,0.19236326887591096,0,-5.6636733761056865e-06
1713,0.0036885780120737284,0.30213109913379865,0,-1.6853455579321847e-06
1714,0.1822194192682542,0.13773952720721697,0,0.00013437388992601861
1715,0.2698765538837487,0.5526023067074087,0,-1.9634167054565923e-06
1716,0.13774953445872562,0.18737161799872729,0,-1.5734266092555354e-05
1717,0.3485924558857489,0.19966086692832072,1,0.003389126059651402
1718,0.032792971572647774,0.5151315512289405,0,-2.6789631321249106e-07
1719,0.020033874391629146,0.2959820206940387,0,-2.109848629127962e-06
1720,0.09463342557014759,0.5783054736383701,0,-2.641501807975656e-07
1721,0.34457399178389453,0.34480216003045044,0,-3.2425125774590204e-06
1722,0.2963659959725391,0.05055525178087401,7,0.016032560953500172
1723,0.23585512763489555,0.008658047056030571,9,0.026727509697808703
1724,0.038661827736861304,0.36516111483678376,0,-1.2726435927436685e-06
1725,0.1876351581695197,0.1057594980829267,0,0.000707480894843297
1726,0.13799574617826887,0.43294940497275014,0,-1.7420548912780612e-06
1727,0.09201931984918786,0.5467851240564608,0,-3.526951167726037e-07
1728,0.2227343891623775,0.1538280135151179,0,0.00039529875784906403
1729,0.18155737727948268,0.5286239048481892,0,-1.0339337672479002e-06
1730,0.3078688573362735,0.15876127339635632,1,0.004253074501603829
1731,0.07104342931059132,0.23493571916738118,0,-6.420149968548258e-06
1732,0.031038558247807154,0.5678560656337746,0,-1.5537458888328692e-07
1733,0.3246385888899402,0.16869383530788362,2,0.004408260239808661
1734,0.0316821562620262,0.5878954036629535,0,-1.2798048999358104e-07
1735,0.07345046548735715,0.35210504373028895,0,-2.05221453356243e-06
1736,0.05406075428277621,0.08917451971501615,0,-1.5294799951769014e-05
1737,0.2056519609609389,0.34368693346740664,0,-8.223169255465352e-06
1738,0.33630209537926997,0.30610314632423513,0,5.1448022283616785e-05
1739,0.21659283044543345,0.229905825940647,0,-1.024657882585613e-05
1740,0.004405165261961918,0.5339587835989499,0,-1.6712756235432763e-07
1741,0.2010467989277251,0.30196400001385126,0,-1.153154505116087e-05
1742,0.05348360162391809,0.1532410620657887,0,-1.1669938045030952e-05
1743,0.27948621038597077,0.519181765123335,0,-3.0163611066552844e-06
1744,0.28477731774233417,0.26320068654092527,0,3.0614453012896654e-05
1745,0.15000438343157607,0.3926038828485088,0,-2.938212422713401e-06
1746,0.0758814970791116,0.013452850784949422,0,0.00033645626853979056
1747,0.0663779003855535,0.5682746350018332,0,-2.2022122138291348e-07
1748,0.23656758250146337,0.3488894139229148,0,-1.0430227435715379e-05
1749,0.3052241844630518,0.3461409951108744,0,-1.5860397269198763e-05
1750,0.2628165555928946,0.5558657100523234,0,-1.7712761180889108e-06
1751,0.3384099059320446,0.3777952154546314,0,-1.5865404659634815e-05
1752,0.33419095762369516,0.3228580236157602,0,9.762595779190443e-06
1753,0.10188189329834402,0.45485992859659424,0,-9.75825091700232e-07
1754,0.1760203228019196,0.3569618265890387,0,-5.4200709668133565e-06
1755,0.16725676918973323,0.5499992460665339,0,-7.239133680150343e-07
1756,0.27138852034652994,0.4707665158502756,0,-4.506386345110735e-06
1757,0.1601009303625582,0.36800050105675586,0,-4.15083134897522e-06
1758,0.034186989865970935,0.37282392513933305,0,-1.1272599294701567e-06
1759,0.32992924760402254,0.08130874786859281,4,0.010724486983575955
1760,0.023110472134426466,0.23975365482523547,0,-3.8128525750558643e-06
1761,0.0031043406156711028,0.2115101646930048,0,-4.139363002209354e-06
1762,0.3155936521627515,0.18348124358213105,1,0.0027761911998118384
1763,0.13133128217861031,0.5790363915713844,0,-3.7829055405002686e-07
1764,0.0668828975735025,0.5680772220952512,0,-2.2177212676683633e-07
1765,0.08731398895179182,0.5112381321386688,0,-4.801365336491572e-07
1766,0.27637211690343366,0.2536846041859275,0,3.369078761049717e-05
1767,0.3029037160381388,0.36453674097647637,0,-1.517887835428367e-05
1768,0.10830591040878083,0.5543826367116866,0,-3.8462612024407316e-07
1769,0.06711653901397979,0.4686819774476678,0,-6.005872728169946e-07
1770,0.3365210965978154,0.16329048226000506,2,0.00528680706805809
1771,0.3352604805763994,0.11959875707174929,3,0.007888003306296259
1772,0.15047690218231122,0.009006059690578128,3,0.00708179285243515
1773,0.12419103630338195,0.1618750969418334,0,-1.55347219012398e-05
1774,0.2914008161457342,0.41656763122008394,0,-9.263115134466281e-06
1775,0.25242301487820185,0.15785242230485536,0,0.0010395430615069631
1776,0.055152900559727255,0.567542146843487,0,-1.9831242562670913e-07
1777,0.17987806043002594,0.1371438012598916,0,0.00012321137998014755
1778,0.1833445511165968,0.510367052229287,0,-1.2632990155130036e-06
1779,0.1579791320909531,0.02168402958173803,2,0.005785203311565665
1780,0.31031768080069394,0.06314199439789814,6,0.01359159427621905
1781,0.24627630935510017,0.08697353556587036,3,0.007524746325496902
1782,0.1389083998530672,0.45053555568745374,0,-1.4746005090508526e-06
1783,0.2501834384556347,0.27659143934405234,0,-1.4388689931509623e-05
1784,0.30602198856440965,0.5512476391529831,0,-2.8525924144167146e-06
1785,0.23486759205332491,0.39196345001978167,0,-6.839047075988433e-06
1786,0.02278515669195223,0.47442232309228693,0,-3.642056922088458e-07
1787,0.007646097531349499,0.09820622588466878,0,-1.2585242764018076e-05
1788,0.17744544921420832,0.4781719167697889,0,-1.6432708902954246e-06
1789,0.192218707559505,0.39809526152295055,0,-4.232453960117354e-06
1790,0.08379366373652863,0.11187399531829013,0,-1.4381529267410853e-05
1791,0.05521329041748845,0.12594284920823445,0,-1.4459342418512139e-05
1792,0.03204878748392318,0.2440175881879584,0,-3.993995478273374e-06
1793,0.28080080135018887,0.07829286557416666,5,0.01191107953144063
1794,0.29119823974148373,0.44850494701878746,0,-6.815260650391203e-06
1795,0.29340055674703946,0.09905521534160486,4,0.00962340788079255
1796,0.23130120335927146,0.06818225386572087,4,0.008989234272734266
1797,0.21029137190242336,0.43920622594344005,0,-3.363923604052486e-06
1798,0.19132543069519842,0.1357048902866925,0,0.0002276273975933709
1799,0.026522511222738274,0.5263165740362343,0,-2.2500365333906653e-07
1800,0.22296317481701394,0.238759189109416,0,-1.1326328761492672e-05
1801,0.026469617448103503,0.14536148130617363,0,-9.862347155772353e-06
1802,0.1401450882991589,0.4242525764184096,0,-1.941432974973672e-06
1803,0.12178412602794655,0.41938446616680297,0,-1.6970138668252235e-06
1804,0.07157912644129256,0.32430502952695317,0,-2.6589960499111256e-06
1805,0.3368022024359414,0.27760719960968094,0,0.00022188653155820256
1806,0.2648583869252127,0.3181793607809654,0,-1.5657503378975655e-05
1807,0.07076522441486591,0.2077213293794323,0,-8.327888915558491e-06
1808,0.15505492996855375,0.3946702714637657,0,-3.0267356745566736e-06
1809,0.2585682877058642,0.4145017398962349,0,-6.912781134046269e-06
1810,0.19765871617505057,0.5526544022240514,0,-9.548608636641555e-07
1811,0.2675944827169654,0.04049807519603638,8,0.018375242708019844
1812,0.03590262665408222,0.3366307130792369,0,-1.6466989760985145e-06
1813,0.19639971157302927,0.5384680485329911,0,-1.0866235472256854e-06
1814,0.022667193019331493,0.2870492663316198,0,-2.368227827637014e-06
1815,0.28057190577440866,0.01803495144016629,9,0.024539115276809742
1816,0.26090520467674283,0.23809511862602026,0,3.4690803676813835e-05
1817,0.06593649253233086,0.13022229799119192,0,-1.4975164623785855e-05
1818,0.27847265587583914,0.22742967857498958,0,0.0001672428623342291
1819,0.07070701476523775,0.5216033337239334,0,-3.667096783075849e-07
1820,0.33884337402317655,0.1742348290170056,2,0.004632948573216444
1821,0.24924989843181605,0.46651943095601456,0,-3.774349320256747e-06
1822,0.2846708083403629,0.0766090878779332,5,0.012238383940797912
1823,0.3245049036743538,0.0015549952923447961,9,0.03147424419180431
1824,0.01679438041043054,0.4579888977311484,0,-4.0432041934554444e-07
1825,0.33491018703422537,0.47275378152907543,0,-8.210890740551211e-06
1826,0.10061426144441689,0.2794577765505881,0,-5.540863593349679e-06
1827,0.17252057033573925,0.06576284658284026,0,0.0019193301478591127
1828,0.2966423321516456,0.4381992997721963,0,-7.933566678660915e-06
1829,0.2892906009184847,0.2539568171784937,0,7.422884255422116e-05
1830,0.17606477459842837,0.07409207473533423,0,0.0015898032074101308
1831,0.14193479659496377,0.2238606229168544,0,-1.3417437671169081e-05
1832,0.027249366093949606,0.164339751762398,0,-8.321767929959728e-06
1833,0.19988305433939213,0.576421499156744,0,-7.698086948830073e-07
1834,0.05309375467629471,0.03428213291803348,0,3.0178742559566212e-05
1835,0.18728715987278177,0.10634920826509217,0,0.000681267030499365
1836,0.2910691330470841,0.527110378154725,0,-3.127409463535054e-06
1837,0.04664882212703908,0.16147270720858245,0,-1.023082299379968e-05
1838,0.10468457308326026,0.046099412939230255,0,0.00027836269847251555
1839,0.10335534661250378,0.24578171941033128,0,-7.900643029915574e-06
1840,0.2519496497204957,0.03544943634733042,8,0.019093869599942158
1841,0.11141742121986108,0.5539504411435534,0,-3.9848266541303517e-07
1842,0.31953614595810037,0.11930304222373157,3,0.008096866529634242
1843,0.32822267801085026,0.016323630391962385,9,0.02406156494137132
1844,0.3442091476747416,0.2991963864674885,0,0.00011445827585595716
1845,0.2686570352974463,0.21720387802090918,0,0.00017257910067781224
1846,0.34885720328594777,0.3922911798998688,0,-1.5942961224110247e-05
1847,0.29585881433357414,0.03578469548332808,8,0.019069991426620646
1848,0.14095088019983945,0.5144111485953619,0,-7.946516126170235e-07
1849,0.19367534921169086,0.050144433764036586,2,0.006425359855823329
1850,0.015109998357483716,0.03345244645078407,0,-1.1750314777858955e-05
1851,0.03680766078981326,0.4683586752401198,0,-4.4515468384557624e-07
1852,0.19554939047553538,0.4192721879650182,0,-3.5436145878921636e-06
1853,0.1264197230598276,0.5162575267980939,0,-6.74766062319994e-07
1854,0.14957459876662255,0.29801090017262066,0,-7.451169397149155e-06
1855,0.3349862540249955,0.11223561175404122,3,0.00831739964953213
1856,0.28468543599005547,0.4460394151078011,0,-6.552820095894746e-06
1857,0.16851308042263557,0.26644559813576596,0,-1.1831619720369975e-05
1858,0.3182255234924674,0.02666042995157041,9,0.020724649920448077
1859,0.3299448192957729,0.07401399637660415,5,0.011431754673881049
1860,0.234190594586204,0.5407800962629242,0,-1.5480491244287104e-06
1861,0.1717908237849077,0.023115011104112314,3,0.008263900093812391
1862,0.303665464329782,0.03006086291685579,9,0.020267414884862837
1863,0.3008087050719099,0.5646344718599259,0,-2.369595514846487e-06
1864,0.007427155416015945,0.09664737258205833,0,-1.2718020805815888e-05
1865,0.2828451971681244,0.15819348624858556,1,0.002586482065060154
1866,0.24011320523153148,0.10751082044804158,1,0.0038364581958817384
1867,0.19306561264137592,0.4845963282563843,0,-1.8009321166745328e-06
1868,0.1713973255342972,0.32340632453118706,0,-7.195203700182647e-06
1869,0.07870901642787616,0.43632267912734746,0,-9.319221356436064e-07
1870,0.30369558860724494,0.48652493336063096,0,-5.303924010276717e-06
1871,0.15200318487708084,0.5906854895203804,0,-4.1387946466725117e-07
1872,0.14429031706979636,0.42125534505608436,0,-2.0849127499013567e-06
1873,0.2504028697235981,0.5361413814079505,0,-1.9060221777674569e-06
1874,0.08450656328015911,0.0837739371731897,0,4.7473993816577056e-07
1875,0.27830489293568095,0.2941580988676908,0,-1.1631564078595657e-05
1876,0.3299034555106025,0.48585600362010123,0,-6.89805166531067e-06
1877,0.16150674527764905,0.5049072868415674,0,-1.072900985255354e-06
1878,0.0063996556885847706,0.43429084667248047,0,-4.6189933283554436e-07
1879,0.322358601415471,0.4633118394596004,0,-7.973755964681788e-06
1880,0.23250983228819772,0.5335016714915973,0,-1.6371782825132191e-06
1881,0.24278912555948004,0.3706748212189758,0,-9.04221707197251e-06
1882,0.031177557609992804,0.34697413354069373,0,-1.4164977395534366e-06
1883,0.25545347054189455,0.04934643778963128,7,0.015966536916653323
1884,0.2971356085872441,0.533835801046818,0,-3.1064545362770895e-06
1885,0.008533899599918064,0.060380133990060654,0,-1.5657625869771383e-05
1886,0.08002616054192115,0.06366247709761187,0,2.4313312413311782e-05
1887,0.205985996499117,0.0953733851203655,0,0.0020604918936705796
1888,0.0028827715756145067,0.04640932723901949,0,-1.572535932712844e-05
1889,0.1086554974580887,0.3443980454662357,0,-3.1484031027833905e-06
1890,0.3346564211661508,0.12199747803688754,3,0.007765494079206623
1891,0.11487478710679809,0.254786347083499,0,-8.091406403458628e-06
1892,0.08161948417714973,0.5336656857579007,0,-3.624672606705542e-07
1893,0.12871632603171718,0.23658172501186014,0,-1.0872439883335574e-05
1894,0.1845251062214245,0.5131746102418647,0,-1.2428913213819326e-06
1895,0.21740182000081182,0.2762323411267807,0,-1.5352444146538746e-05
1896,0.1441215769099951,0.06567486517340937,0,0.000645270859407687
1897,0.25075519334731067,0.5509917975517136,0,-1.648951158088813e-06
1898,0.024239575124949224,0.08139751952521865,0,-1.543220152653077e-05
1899,0.07992421927553546,0.4358479870802512,0,-9.477876605407795e-07
1900,0.06606404830178055,0.5133285983309384,0,-3.802939844777244e-07
1901,0.06841885584556552,0.5787124879242315,0,-2.0247995699704073e-07
1902,0.03945686782596379,0.532990381403992,0,-2.3950589833870444e-07
1903,0.02912379425221918,0.03526711089306828,0,-5.312347856459042e-06
1904,0.20726575387016782,0.3352510408840751,0,-9.041035669377313e-06
1905,0.02157564678392837,0.21016229190396205,0,-5.037796358601835e-06
1906,0.06521225565024322,0.574270708511909,0,-2.0500435452258048e-07
1907,0.10905509666456442,0.019242356320197107,0,0.0010701189770768143
1908,0.11964493658807883,0.4224939971932619,0,-1.6103298895145267e-06
1909,0.29267395575005284,0.5447198530968164,0,-2.665817326540299e-06
1910,0.2457219855759298,0.41350395101496873,0,-6.159584606842673e-06
1911,0.3069023191121876,0.5844167497814544,0,-2.0665249198206613e-06
1912,0.2007211421625883,0.5430740602582425,0,-1.083450732058778e-06
1913,0.0704153076285948,0.20799142211008556,0,-8.278995994230287e-06
1914,0.14203105084684056,0.19652189571452797,0,-1.557062403808166e-05
1915,0.346059927772933,0.028867720457590982,8,0.018952610056436957
1916,0.28735792734866433,0.4677899888730152,0,-5.43327385414275e-06
1917,0.14413593570755412,0.33122948357944015,0,-5.1035938262013516e-06
1918,0.06712314876742047,0.23511504054147656,0,-6.167861387570725e-06
1919,0.04971037681699448,0.4949963145924335,0,-3.8796951204586406e-07
1920,0.2726441393659205,0.5545937682391181,0,-1.978574789160014e-06
1921,0.26877381657654564,0.3489564789527178,0,-1.3567035074324305e-05
1922,0.15244346017621532,0.21223016232275452,0,-1.528496240761031e-05
1923,0.2687764083949408,0.2649732972473615,0,1.762515214824719e-06
1924,0.23647715423062632,0.07111009592936002,4,0.009158637056380826
1925,0.14653654991893889,0.4449152438907837,0,-1.683191001493509e-06
1926,0.13950945666655448,0.039450554574435893,0,0.0015635220209639057
1927,0.004804184809788592,0.1848193639465028,0,-5.483997260358048e-06
1928,0.032626219021032306,0.3661930899484556,0,-1.185899350542322e-06
1929,0.3436588096433127,0.5306743107889857,0,-5.0832777329536365e-06
1930,0.041551369182000204,0.417513966454572,0,-7.760632315527847e-07
1931,0.06370832264479169,0.2902767201777246,0,-3.4522136806245803e-06
1932,0.024556300629875898,0.2510479116270789,0,-3.456521486520726e-06
1933,0.0505269600537259,0.3705194767388584,0,-1.3579952187147596e-06
1934,0.18345559836580033,0.3368735854916907,0,-7.095887942069746e-06
1935,0.2340192591385341,0.1509635977214535,0,0.0006931468653297094
1936,0.24263916076886896,0.22270854424544947,0,2.8449158221897804e-05
1937,0.19158753066390852,0.42512517595996485,0,-3.213652920673237e-06
1938,0.2681366029853426,0.5922447805716019,0,-1.2984664964324261e-06
1939,0.04308203354679002,0.015784243207233904,0,5.5170321483331386e-05
1940,0.025645843336726874,0.5847641183925445,0,-1.2432430523487897e-07
1941,0.25031234698882354,0.5870439753431986,0,-1.1449715279042593e-06
1942,0.10004409016619606,0.19510742416460097,0,-1.2127000700972545e-05
1943,0.1026742743047644,0.2816208039364686,0,-5.535059115674803e-06
1944,0.04748056402061204,0.027831552890515976,0,3.229157941643883e-05
1945,0.32841675681900384,0.43443742412747394,0,-1.1004483277641636e-05
1946,0.12886774253607589,0.4915917089296118,0,-8.848690092138057e-07
1947,0.3197627358574062,0.1648251715918669,2,0.004455953125624103
1948,0.31100405716721685,0.38841828212497087,0,-1.3826330660984612e-05
1949,0.2547400806944681,0.4227630328921244,0,-6.143688572949049e-06
1950,0.14537052928750005,0.4026633691390727,0,-2.5375816158528525e-06
1951,0.2755155646241936,0.5355317738027124,0,-2.4629627408672176e-06
1952,0.12960834535572655,0.035187060620408994,0,0.0012640018400036852
1953,0.3312725808225916,0.4665865144204684,0,-8.41154638411077e-06
1954,0.2975870872445204,0.34947104656555783,0,-1.5731854495025758e-05
1955,0.03330261230006188,0.18502371050531488,0,-7.2310616797456004e-06
1956,0.11968322013949617,0.2308234510842374,0,-1.0563621142548724e-05
1957,0.19911164580918908,0.11561250985588804,0,0.0007437560348918311
1958,0.3000933487503407,0.513677183789664,0,-3.910382940983331e-06
1959,0.3374489352622136,0.5992931541140547,0,-2.4146715945683896e-06
1960,0.2707353773403101,0.2225864507386561,0,0.00014718566859796595
1961,0.20456681843916089,0.35308260991926976,0,-7.437164858165898e-06
1962,0.060020476515210364,0.41511237158453645,0,-9.559487542206428e-07
1963,0.18712664145790403,0.012309761232441917,7,0.01582003881556667
1964,0.22004344386469715,0.14505813099775616,0,0.0005112262798575415
1965,0.20121983648513297,0.2898770213013532,0,-1.2746057474564197e-05
1966,0.07634642843918074,0.028218784328347277,0,0.00017172721110486532
1967,0.2974913668585363,0.41055543063322647,0,-1.0346221719750343e-05
1968,0.046902717932201604,0.07438388148127832,0,-1.424009069501316e-05
1969,0.10631638529840405,0.19952568637227924,0,-1.2309979550723987e-05
1970,0.10983405622951446,0.35531116400958945,0,-2.856943379870322e-06
1971,0.2689135998631368,0.3823768959601477,0,-1.031637076964103e-05
1972,0.12361714716070718,0.15244484765172284,0,-1.4556480922082632e-05
1973,0.06428611387149705,0.5483368630009682,0,-2.63252464083944e-07
1974,0.1405946894707026,0.1401176275312323,0,-1.5718419568346713e-07
1975,0.15465470855848715,0.03709059325235109,1,0.0029823548719228256
1976,0.31344024178767094,0.19106840210767062,1,0.0021646498261950697
1977,0.061083244562299306,0.2837620393757702,0,-3.588762596512437e-06
1978,0.3285577295329143,0.07204898110035873,5,0.01170689323805214
1979,0.3066334000221541,0.2595522413140062,0,0.0001335329939982826
1980,0.08123421459617551,0.45380503100555625,0,-8.024397769445494e-07
1981,0.25649977889576303,0.007596239122710502,9,0.028322572527316497
1982,0.32002287163127524,0.1078248598504246,4,0.008954167027429823
1983,0.08122907997866687,0.5973518543113808,0,-1.909846158945962e-07
1984,0.21448533773045228,0.35185844334586747,0,-8.273506673943798e-06
1985,0.0015227133818996761,0.25371931510004986,0,-2.6752995264255093e-06
1986,0.27674978904798,0.22497038962935165,0,0.00017346747301239432
1987,0.24045011405998043,0.20095539141172178,0,9.844571538613793e-05
1988,0.024242141400133532,0.5808273922600481,0,-1.275155594223228e-07
1989,0.24350006175714672,0.3004374678978705,0,-1.5469250536219047e-05
1990,0.11317631878514374,0.017835173183033046,0,0.0013363615343098538
1991,0.21677105228674212,0.13677270534028738,0,0.0006299370283360887
1992,0.14722252956458542,0.31320049230451197,0,-6.2826586962654475e-06
1993,0.030909122433040618,0.33602637595496976,0,-1.5761005030594067e-06
1994,0.08308565899854489,0.12142644904828082,0,-1.5549326211668436e-05
1995,0.08547219027401677,0.10182425156619301,0,-1.1081150188597828e-05
1996,0.043183727236584486,0.47972343999060896,0,-4.2346169269954255e-07
1997,0.31907084369917615,0.48545707814300504,0,-6.232276812153615e-06
1998,0.11989562293170689,0.05780345309574483,0,0.0003234960152753032
1999,0.01886063479353739,0.5616990481262575,0,-1.4631499214797493e-07
