,X1,X2,Label,f
0,0.017592390035050823,0.016670160772895824,0,9.172298677236878e-07
1,0.1471403406616577,0.10462041152692093,0,0.00012482716639022833
2,0.24861185772808395,0.439841338233371,0,-4.8881535320246415e-06
3,0.14648416141046086,0.5508516033792976,0,-5.833448303744639e-07
4,0.008934805980534137,0.03903875431840056,0,-1.4671858897099206e-05
5,0.332110366142828,0.06393337517321729,5,0.01249108877228655
6,0.0765639806912821,0.08933412378737471,0,-9.446290209457405e-06
7,0.052202200678090435,0.008829620077684106,0,0.00013635758759597384
8,0.20822789016408047,0.00551239169942562,9,0.024057294429647345
9,0.14139121675502084,0.03813485572820721,0,0.0017684914978573873
10,0.2594416974455336,0.043812349244756355,8,0.01740908711634816
11,0.16361532729333758,0.09950172929164244,0,0.0003422470094132523
12,0.04201235324764529,0.02979360725182692,0,1.6514602995528477e-05
13,0.1454515627125923,0.0022234779455394954,3,0.007651316432787196
14,0.1335356281417731,0.07115125230423267,0,0.0003246961032330646
15,0.04367574806594143,0.03427060325529507,0,1.17886179185774e-05
16,0.30208269245139446,0.12256424781560046,3,0.007414885064087009
17,0.3446689291827682,0.00972440402637706,9,0.0266454405576886
18,0.22688717730064167,0.03711321263621957,7,0.016035619939231784
19,0.31646549200792035,0.09188029432304035,4,0.010306458589640497
20,0.3021118644243181,0.10616511335694526,4,0.009073122303208109
21,0.09834939516814051,0.08599132160482682,0,1.6274691183017986e-05
22,0.1728033241011018,0.0011695983137832155,7,0.016017980762681974
23,0.23290911372704598,0.0008184352503242676,9,0.029861743709741657
24,0.054046413103154806,0.10139237381297482,0,-1.5748831452175544e-05
25,0.03991888821526968,0.0077550889317833105,0,7.427993279041508e-05
26,0.32895473511081547,0.1280084843133531,3,0.007475569235916428
27,0.19319789551149524,0.059363285883899254,2,0.004736389845203692
28,0.2603365243213947,0.05195277032750045,7,0.015681205479989642
29,0.14233735630707472,0.053089373353182444,0,0.0010098544021720141
30,0.2082237850348095,0.050976021382681126,4,0.008877739797359192
31,0.010661257767002724,0.12084370998606858,0,-1.0668170688886604e-05
32,0.23267356357332253,0.11053527211205386,1,0.0028421542677689233
33,0.32031625257078955,0.045032970251959556,7,0.016091177833173077
34,0.2740816832096312,0.03952315091814497,8,0.018631230029339873
35,0.07257533743235359,0.10152320152647941,0,-1.452090065317828e-05
36,0.0014882947152581982,0.0653838393467695,0,-1.5007062698555993e-05
37,0.18275845085233122,0.04553558249266065,2,0.005488027927694541
38,0.1484551161407187,0.06232004167132486,0,0.0008832183013960574
39,0.2788912065399858,0.027758066275413676,9,0.021533174803041955
40,0.14298049531837523,0.05316074622738966,0,0.0010328022033519258
41,0.1919225018212549,0.06468637191807179,1,0.003819864793431909
42,0.06769347363040087,0.01112378510648801,0,0.0002579586713909301
43,0.21675370811104655,0.10440500909073036,0,0.0021348003296259247
44,0.0020554903634906027,0.11545719687971417,0,-1.0367235313034985e-05
45,0.07312053592135581,0.09304528873086326,0,-1.2355603606915096e-05
46,0.274471956752333,0.11692572280233347,2,0.006128430827030153
47,0.19360491575948321,0.00427389289422303,9,0.02104302987594249
48,0.09220107774350804,0.055053326426292896,0,9.677133850802856e-05
49,0.08416507887717325,0.012908776832079666,0,0.0004960352901183716
50,0.16087982734736603,0.039033970890304276,1,0.0034410727695272417
51,0.19541117713428993,0.05979669163078571,2,0.004977882310045655
52,0.15755951192198606,0.00010572621388416081,5,0.011579723798892322
53,0.30898910291768356,0.04656737564834465,7,0.01629281345570536
54,0.08192650367861182,0.04075488224605457,0,0.00012048709327583612
55,0.15402006898286924,0.04428928520101661,1,0.002224024886522473
56,0.050214540729257934,0.027552745307836968,0,4.0339466180030364e-05
57,0.2945445863406555,0.10134873535442634,4,0.009396846132156503
58,0.25030974652023513,0.013428564239780727,9,0.025809256892196583
59,0.06153691293036976,0.037672138752194495,0,4.372403277640577e-05
60,0.12741665485369227,0.09657138846996717,0,6.632912876338871e-05
61,0.062051972058407956,0.0940275780708979,0,-1.4957056304744756e-05
62,0.20528924028063988,0.04322636027496021,4,0.010234316398805331
63,0.27556699660915523,0.02920080134051206,9,0.021171203478775928
64,0.10303217026670404,0.0905051416405153,0,1.6520717561335513e-05
65,0.05671134420048718,0.06907729373936428,0,-9.198830870286412e-06
66,0.17017693814730575,0.012660304243687331,5,0.010908757940540694
67,0.2906409904950512,0.1049257229460563,4,0.008830824856740603
68,0.03874541599352013,0.055311139080872145,0,-1.1091749174962805e-05
69,0.17430972525655758,0.058103793237772636,1,0.002715346993839179
70,0.3438935511185949,0.0039607738387789915,9,0.029820459488870563
71,0.2499671719128256,0.0030131055706186516,9,0.03006491646233998
72,0.19764606770477638,0.03400799489978866,5,0.011147130885049934
73,0.07477437085853673,0.0544199070378227,0,3.3758830017223624e-05
74,0.15186905236701312,0.01636010885229272,2,0.0057379516748804595
75,0.19717163977728452,0.03722286425244789,4,0.01013770131467557
76,0.2080778687498285,0.03869558476913107,5,0.012058966832292671
77,0.22399704563320216,0.0885083560264274,2,0.004452906391337044
78,0.23808018374897838,0.023493388703677884,9,0.0215780483524489
79,0.34566332602781774,0.1475250895912609,2,0.006285578555994528
80,0.13931492138275825,0.09641539453820143,0,0.00012793344693926283
81,0.32496729110252764,0.12194332313447213,3,0.007896178171400493
82,0.10841603339561497,0.0008260674698369469,1,0.0021979305791551417
83,0.09779141174273792,0.01965017530315298,0,0.0006620804932447416
84,0.19717733025344167,0.06598296566473386,1,0.004286037645467069
85,0.12602467296701744,0.04561800599477444,0,0.0007126112390518777
86,0.07316720319945158,0.09842427125232348,0,-1.3804192167701768e-05
87,0.0018426279546758404,0.0667902263929197,0,-1.492952948468879e-05
88,0.2922916933308019,0.09429081162820484,4,0.010146896888535737
89,0.2892740978611067,0.0013072247437100198,9,0.03171952878420893
90,0.03426797723333458,0.028094880522947036,0,7.125916320018718e-06
91,0.07699801647698425,0.08053783655430453,0,-3.426144728544066e-06
92,0.33013959437348384,0.1415134511002982,3,0.006601036010879915
93,0.0731217688501119,0.1014679020107261,0,-1.4418448704590908e-05
94,0.0038753119270253985,0.0882924934868255,0,-1.3191380522139958e-05
95,0.0427513088511345,0.030356327137156858,0,1.682667485776033e-05
96,0.23277431963209289,0.046130050152004554,6,0.014419614432598364
97,0.19745050000419295,0.10404261821207254,0,0.0011022788438326719
98,0.25625333944237716,0.06536690469353422,5,0.012700418320572409
99,0.24756778299311663,0.038593636832115766,8,0.017998085624952857
100,0.3103066629070785,0.04224213253206277,7,0.017095776470998355
101,0.22641642816036373,0.0066162915281341855,9,0.02658339825013754
102,0.016918512228883006,0.1181464025579712,0,-1.1530005676570101e-05
103,0.04048409850771609,0.05340225296881437,0,-9.451503803951836e-06
104,0.2718933206676394,0.08649299585196026,4,0.010245945728744441
105,0.3462823536619896,0.02256665383929166,9,0.02105622007926256
106,0.08672502951085034,0.049212165555637295,0,9.894579955597859e-05
107,0.3379729987080057,0.07830297502769423,4,0.010617214423695709
108,0.007844936370157318,0.11225983118653567,0,-1.1220577604782869e-05
109,0.13791327683895124,0.037963845306459264,0,0.0015602157554662215
110,0.15257969496263768,0.08184600472116295,0,0.00046128074708323284
111,0.13249294236610365,0.08337321208571445,0,0.00017520913799655736
112,0.3343253642904741,0.07216283765584405,5,0.011413710236324918
113,0.18664926348186534,0.016339720921359588,6,0.014167333021468326
114,0.022933588408758847,0.07054979663533581,0,-1.574347215449174e-05
115,0.3252150643561546,0.04617307725771699,7,0.015641209220657457
116,0.18590706633425275,0.0022702512816043935,9,0.019710388515172282
117,0.08115060269350757,0.04974635174076162,0,7.01389014988381e-05
118,0.1890457767623141,0.06710506325199918,1,0.003210833373483575
119,0.3099849949934749,0.01908541941958872,9,0.023530609916983716
120,0.2635664062053871,0.09695826421285016,3,0.007885036865007614
121,0.10194546369656321,0.05378540984165472,0,0.00017007976806021933
122,0.15704031497018398,0.007435822428806901,4,0.009055294766036252
123,0.3209269785434208,0.051993426907441104,6,0.014795209706011168
124,0.02698427940917974,0.014184211786296252,0,1.764893205275251e-05
125,0.10718601475211646,0.05631160620804854,0,0.00019353931001383012
126,0.042303041373491085,0.007407106677804646,0,8.683299850014906e-05
127,0.2658026697197332,0.013500245857586912,9,0.026181029886943614
128,0.3226697497661354,0.08543956519902325,4,0.010662886195547111
129,0.3409858229847549,0.14444209325721724,2,0.006467792301987384
130,0.04974100444174776,0.022930953872337498,0,5.338129079060141e-05
131,0.23403961184090977,0.060522245954660374,5,0.011081090092683701
132,0.3485567611487527,0.08411524613195719,4,0.009580564762281949
133,0.013714302420881952,0.0020741196997951404,0,1.5618148487811113e-05
134,0.0525855134854935,0.052558178274940456,0,-9.404021505104304e-08
135,0.17372535690006544,0.0740070920139708,0,0.0014637297696590754
136,0.1989895861462021,0.09427341686188241,0,0.001687452846003209
137,0.1563586807005017,0.010151417585933452,3,0.008126539863634128
138,0.0057663729282281355,0.0751409970822683,0,-1.4577861613742206e-05
139,0.21643421574912855,0.0039398331031925,9,0.026300419675991615
140,0.1611073787917729,0.09262922992416997,0,0.00041518543850077095
141,0.014158413767525461,0.1012396335170886,0,-1.2928697383184233e-05
142,0.018674237017353334,0.007120332711783227,0,1.545136517694324e-05
143,0.053545031001334085,0.07333854289755584,0,-1.228649455609943e-05
144,0.10027018997675642,0.10004622347977446,0,-1.2698168082195087e-07
145,0.21641715395493472,0.06425552061411367,3,0.007422051085271783
146,0.029031074495804814,0.09229523300499003,0,-1.5050656424053319e-05
147,0.06913192286854868,0.04354713898202997,0,4.897781758746795e-05
148,0.10176383623016738,0.0452457299396749,0,0.00025341406457358523
149,0.027362684067939395,0.042836329737324264,0,-1.0623923853364257e-05
150,0.33172643204169705,0.09792007629637797,4,0.009337210395193453
151,0.25087960163390194,0.005340484546051613,9,0.029071758167057277
152,0.11399380749508645,0.07871038304986852,0,8.638679178352146e-05
153,0.12259748375018736,0.08210407994208398,0,0.00011404510443840229
154,0.18683249973808833,0.05667039934653153,1,0.004283541689121555
155,0.05627247171539542,0.09686138032561202,0,-1.56491160841984e-05
156,0.02656306998099564,0.11000988537644922,0,-1.3283734588906817e-05
157,0.29027175998471755,0.0988300246968423,4,0.009543602340951434
158,0.07814617029782589,0.05440439151594031,0,4.308828512615794e-05
159,0.31923262256035173,0.13047193107021282,3,0.0072369710503119205
160,0.0074912097878645275,0.08475114139995463,0,-1.3876872742134597e-05
161,0.019932185473512276,0.06779785614634899,0,-1.5740961697855416e-05
162,0.044552902970588025,0.02661222357947826,0,2.8196483677443894e-05
163,0.2719739938809096,0.0411597696150956,8,0.018264146345993416
164,0.2142989140516272,0.023773197169534813,8,0.018106165359788314
165,0.3474766365419102,0.11021311465216703,3,0.00797188859409154
166,0.28268666127855174,0.08236901525379575,5,0.011395819538609582
167,0.2572844600331791,0.05802276601666156,6,0.014248862448943477
168,0.3029826306538045,0.11393099443414018,3,0.008317900986022525
169,0.11208972172873817,0.08328122313620034,0,5.9079817248691695e-05
170,0.28793759202825864,0.07107191573339983,6,0.01303324609745564
171,0.07035647481377948,0.007749986922877594,0,0.0003399694286473529
172,0.04364822785113685,0.05162744439343851,0,-6.610951523735986e-06
173,0.13544818246530055,0.0396855160238742,0,0.001324668683805092
174,0.07961323373014562,0.08034577859901734,0,-9.464118849796657e-07
175,0.31115905049365344,0.05825972783113223,6,0.014246688091303007
176,0.18357160695678434,0.07187058447570653,1,0.00225556943702447
177,0.18934268232670548,0.00045083239750214055,9,0.021592590168882098
178,0.15180643449589976,0.10202167179197583,0,0.0001786064153104079
179,0.04188228258211385,0.1142147239499348,0,-1.4321177941888482e-05
180,0.06382965423640813,0.02185548719318875,0,0.0001264411973577669
181,0.3237031345221384,0.13206313603064818,3,0.007182235215945328
182,0.2624973347496876,0.01801067252917514,9,0.02453539496397998
183,0.10779645551298557,0.08465696947853572,0,4.0737135871715e-05
184,0.30835780868097074,0.016392162843787805,9,0.024585388058795843
185,0.14975507327182028,0.04901776014924327,0,0.0015821629650508405
186,0.09002121498677573,0.09575402992436531,0,-5.185623278688953e-06
187,0.2547156253359959,0.11101938302085486,2,0.0049138974913564525
188,0.3487189296054596,0.12044932991357518,3,0.007434897502953513
189,0.29587768586618934,0.05704753839615184,6,0.014966851308842061
190,0.2505943916984201,0.014320325750976526,9,0.025494844409863545
191,0.21353325965509984,0.031243950805179582,7,0.015455538475685263
192,0.3437021492338202,0.13231596021630862,3,0.007039415346650247
193,0.2539062452279495,0.05300192712227584,6,0.015060289059803647
194,0.16885579484004523,0.054463447812793365,1,0.002571687295867774
195,0.24987648701006995,0.08205358783055446,4,0.00884592230193693
196,0.07505581385414975,0.006777134422686126,0,0.0004371991138299173
197,0.05748369896746721,0.005457800122716988,0,0.0002088491112002002
198,0.34119051216854956,0.04469505269901736,6,0.015171394369018026
199,0.10627475640074116,0.02915285543232471,0,0.0006301202882265051
200,0.11642092064043585,0.057793390638400395,0,0.0002769948737085383
201,0.2718621003112909,0.04512350763141368,8,0.017412131171576712
202,0.03579422239080809,0.009763060713024893,0,5.092314637782696e-05
203,0.024404974938294764,0.008242402267614083,0,2.4358550664395396e-05
204,0.10205645403675585,0.05828178194801234,0,0.00013659672222274914
205,0.05219699997696616,0.005918285668193567,0,0.00015794030489631194
206,0.06365829041338143,0.05613567671889527,0,8.853646580040536e-06
207,0.19754073458886187,0.08652474469157233,0,0.0021320457067964134
208,0.07835762327983922,0.0750196941875354,0,3.354559074224453e-06
209,0.13380396057932425,0.10115462385542638,0,7.35061378889557e-05
210,0.3154852504662197,0.08523230435777454,5,0.010932752481444399
211,0.29112584663875934,0.07262454544508674,5,0.012816120623695866
212,0.30302538535123863,0.12383315630530005,3,0.007328629796871416
213,0.2963137890511909,0.08609264446531022,5,0.011150964615018433
214,0.209529297695671,0.02586242331128727,7,0.016409903957796994
215,0.33373427155878227,0.13525182904274516,3,0.007010051828748174
216,0.1147003851190851,0.002355471471460188,1,0.00262809858766483
217,0.23453091586717617,0.012586124831268808,9,0.025067487798825887
218,0.29000323952110935,0.05089142161895584,7,0.016143179198818046
219,0.23110465048032486,0.06545947040125526,4,0.009535837948651692
220,0.1682394445001949,0.06352730138970815,0,0.0017899852741112068
221,0.03343944936197668,0.06056050132893175,0,-1.416250499650907e-05
222,0.32896447705627263,0.0030383700834465954,9,0.030557260958043432
223,0.14101380881931833,0.022836986167208653,1,0.003139690523486673
224,0.106638750828011,0.07670011683207496,0,6.350650144046723e-05
225,0.09864241005499251,0.0572782779543044,0,0.00012083644388277259
226,0.19213830541810076,0.06713626760342431,1,0.003537948940383444
227,0.10001311169666051,0.03617634039429814,0,0.0003541616613735508
228,0.12735176836416504,0.03868974241550958,0,0.0010024196155228812
229,0.15786387967136922,0.019293805058485394,2,0.006256542039776942
230,0.25733703492952836,0.0662515431689735,5,0.012620678720162452
231,0.098049369039721,0.06549997397649888,0,7.448286932640609e-05
232,0.3217429834037382,0.12436086057960873,3,0.007727161775559222
233,0.220269783820615,0.06381999654312122,3,0.008142534316487298
234,0.2647517408701604,0.052781900895052025,7,0.015703094032688367
235,0.04030668342855909,0.025890040009655786,0,2.0663215625776344e-05
236,0.027833954140946113,0.0904015072192719,0,-1.509957791123943e-05
237,0.07066902665456992,0.07630549510701559,0,-5.044564604711126e-06
238,0.12285421345962562,0.038074330622364566,0,0.0008578509416950522
239,0.3340031011714615,0.025876646404398754,9,0.020374945253903227
240,0.05098428151123255,0.10096186638983655,0,-1.5708960542499163e-05
241,0.11936943932893647,0.0548588676255995,0,0.00036062148864666945
242,0.2700975675291062,0.021609559705171408,9,0.02341691769148286
243,0.11147962127145765,0.051133947807636373,0,0.00030050010475756714
244,0.22791726055152842,0.07156983072731034,3,0.007786986115577885
245,0.248436307285476,0.10400814911042426,2,0.005160589774356746
246,0.22081529661391391,0.10086262180801646,1,0.002741361112077047
247,0.18778309375522514,0.003882438350384654,8,0.01954583698032003
248,0.13622542887203065,0.09030776093048998,0,0.00014930931601811551
249,0.2825557610354369,0.10456052317650559,3,0.00841555459410439
250,0.19051145748504297,0.07728554688119141,1,0.0023472412426703685
251,0.2784096248011454,0.012356756198154142,9,0.026654450741457968
252,0.043246265562113806,0.05596934600434611,0,-9.357610127223924e-06
253,0.3105443456457307,0.011937576896564064,9,0.026366177922410743
254,0.3317218437349683,0.039447366964586804,7,0.016753827111194386
255,0.3198743279758196,0.041610010805442216,7,0.016813769253271427
256,0.08439776728038176,0.006318920196570141,0,0.0006660346773042403
257,0.2545820217149197,0.011680985344960136,9,0.026628008727280737
258,0.26396570133034053,0.01863384475387664,9,0.02434555533437966
259,0.1150614688996638,0.06729813528339637,0,0.00016565849285844406
260,0.2907109249100433,0.031743902230563045,9,0.02022310159689151
261,0.07706532527501114,0.08479963981533195,0,-6.535649804161373e-06
262,0.31049754087373305,0.004072242182531133,9,0.030172697572531878
263,0.1341422290118173,0.07528316738367075,0,0.0002767066801335948
264,0.05345098332010273,0.1051243824236104,0,-1.5664425964903098e-05
265,0.06784326109426092,0.07984481235543402,0,-9.03268525773598e-06
266,0.10499515477039008,0.017731423776246036,0,0.0009664765334934738
267,0.1688738865916739,0.001127070869616012,6,0.014755231913929811
268,0.3037141167444966,0.08728619166043086,5,0.010987898353722138
269,0.018112369945646533,0.005253668180520981,0,1.7793927354161812e-05
270,0.110117976760754,0.08051849365478146,0,6.209614331332931e-05
271,0.1996048298380406,0.020117093795415986,7,0.01616618261096677
272,0.017517037477554023,0.06665581339772533,0,-1.5723357363361652e-05
273,0.24781021813390003,0.04360886284629076,7,0.016755352177502406
274,0.0520795791322445,0.0013781018436765007,0,0.0001962667238051231
275,0.05627826576315075,0.05673994961677343,0,-5.879470797646973e-07
276,0.34944146311063656,0.10151397004607501,3,0.00835346210017555
277,0.3019544639100842,0.12282452381641289,3,0.007382592200324458
278,0.007385726900873939,0.0928988834329257,0,-1.3083667022651107e-05
279,0.13739166519407922,0.016992485227846396,1,0.0034387691282058287
280,0.30958822943687514,0.09756000659397719,4,0.00992952547449027
281,0.050166790321614446,0.04761021705249646,0,2.596947929028725e-06
282,0.29311881722778355,0.04332615197383864,8,0.01749772062709822
283,0.2561461351096344,0.11551102737123997,2,0.004502302796355573
284,0.13052743339907058,0.09029477579387117,0,0.00011197741137148455
285,0.011672180326097126,0.09914121359550047,0,-1.2890699666808606e-05
286,0.003130070931049311,0.004457625178809058,0,-1.2874571095206819e-06
287,0.26046943650860965,0.005856184874375203,9,0.02917895482595434
288,0.20093410961672714,0.07834477329805245,1,0.003175669229386631
289,0.0230682694362388,0.058468978093071,0,-1.5310235589177436e-05
290,0.19580125648331667,0.07033903706867158,1,0.0035550843933364958
291,0.157054242088889,0.043618485091348184,1,0.0025435957665390263
292,0.21928842859578468,0.0022535867695964995,9,0.027518242526857424
293,0.20456257461235583,0.0408870432336296,4,0.010710521822856787
294,0.25295974748441125,0.07496214292674572,4,0.01052266581845291
295,0.012412098424443081,0.09713976084892055,0,-1.3160150724161931e-05
296,0.32215335282614416,0.09767145679137075,4,0.0096765584930229
297,0.06337222147845975,0.047829864310159474,0,2.2760662456013523e-05
298,0.1358467458154256,0.06369837306040341,0,0.0004975044150113598
299,0.22652152951298127,0.09304647166871245,1,0.004148571358557795
300,0.22089449672533776,0.061223965918346265,4,0.008802282018130967
301,0.24940484986167458,0.04498179171057176,7,0.016548968914436527
302,0.23357503087152523,0.09847727811361122,1,0.0042385061896351795
303,0.1951146250304514,0.028574920832411213,5,0.012198940797669061
304,0.14058821250279613,0.058052272108988355,0,0.0007680329338945342
305,0.2814119948810119,0.006596673822221816,9,0.029090478974469623
306,0.030741531143140446,0.0035560169139574466,0,5.4923981371580336e-05
307,0.09581537982665028,0.09878231511221718,0,-3.0299070627151025e-06
308,0.022525393098048033,0.05980088287967267,0,-1.5459398157781626e-05
309,0.17848692171061484,0.07271690501066919,0,0.001828180777168452
310,0.006998607269178358,0.06051586886737065,0,-1.5599593974706203e-05
311,0.21811174236742326,0.03179812792750475,7,0.016160923726500742
312,0.11505495019008181,0.05134841906868996,0,0.00034890036107053303
313,0.22025061147051397,0.012058441529383623,9,0.02350294656755532
314,0.33379513554194135,0.10743512443083643,3,0.008642833440992325
315,0.3428569811871033,0.09331190279270632,4,0.00917511902688935
316,0.19308454281499868,0.08661903350724244,0,0.001822473841154079
317,0.08047418662451346,0.00590343804628661,0,0.0005740385197123954
318,0.10782804696086352,0.03146529506065136,0,0.0006093297789613087
319,0.09923358114132966,0.021726014620566936,0,0.000643782253594219
320,0.17564603500668555,0.10118950913364863,0,0.0005280633608596156
321,0.272332791156802,0.02054036750896711,9,0.02375743891390567
322,0.31575687367768446,0.07652456576841099,5,0.011785833079760822
323,0.022569390991077392,0.06928052788832387,0,-1.574892426872343e-05
324,0.018560485460237502,0.06684352102684751,0,-1.573616480722735e-05
325,0.2916836675807099,0.10809330578966914,3,0.008507161670720555
326,0.20113659010221066,0.029364394669569513,6,0.013365272498757158
327,0.16166170742895367,0.0006514070176280307,5,0.01264073664477436
328,0.11055496914826282,0.0723145170053078,0,0.00010180482308224067
329,0.12071163782312477,0.04409408611894474,0,0.0006099061325495357
330,0.2813421674906953,0.06671192757252205,6,0.013634519622272034
331,0.060748276246402846,0.01917851084233249,0,0.00012393036456139113
332,0.321464023566359,0.11831725906033538,3,0.00816757691591036
333,0.12152363188496842,0.051894818676145954,0,0.00045114081911282075
334,0.01986320000896194,0.0011081398185987992,0,3.029502318588253e-05
335,0.22499720896631262,0.018504341393727114,9,0.021773926420184327
336,0.14860475124620232,0.04068000432321107,0,0.002095543546098181
337,0.14486710652220317,0.0616758158790461,0,0.0007856417681617286
338,0.108121419654267,0.018045522067949488,0,0.0010827249642463724
339,0.1370565568768943,0.03279272955015537,0,0.001851728214414802
340,0.06994327620526325,0.022630051504369433,0,0.0001653526330843609
341,0.11917137762933827,0.09971158340103502,0,3.077199253246263e-05
342,0.21447528399528032,0.017740893919269404,9,0.020320567743300145
343,0.1977634785207084,0.03254488855284314,5,0.011604115353610998
344,0.13983772951805187,0.07909445297904286,0,0.0003001879456616526
345,0.05819917916600928,0.0794988267920988,0,-1.2762273497973022e-05
346,0.19588484767457492,0.08070725614547816,1,0.002485334304024531
347,0.17196486500046057,0.045804935839230516,1,0.003900976943042331
348,0.03664965883401838,0.044629270774046326,0,-6.597678499641747e-06
349,0.33257718459487245,0.047140828701465604,6,0.015104115292718474
350,0.0510818092042797,0.09488978165152218,0,-1.5735714311204852e-05
351,0.1744456674247117,0.03950196637670804,2,0.005236807368955164
352,0.12263393651856054,0.058793190509526874,0,0.00034923494043574417
353,0.07809948942938572,0.08201850230868778,0,-3.740399186334097e-06
354,0.10055449760341874,0.05718141427271548,0,0.00013392201025649544
355,0.1699104608871565,0.039096611527818514,2,0.004615039712140606
356,0.06194143433606019,0.00036505334490546937,0,0.0003255026412624008
357,0.2876256923704468,0.01136956904549627,9,0.026984257508925247
358,0.2230421907666279,0.003913670517620968,9,0.02731468214143134
359,0.10891491399376294,0.055277813518164916,0,0.0002205709012082141
360,0.11194274380371942,0.07104782433364284,0,0.00011714379857234357
361,0.032134481598492595,0.0828632161497967,0,-1.5689648917060323e-05
362,0.2899795031874249,0.04901840467106319,7,0.016482339602504514
363,0.15457223866385356,0.027618872319965543,1,0.004204574126086505
364,0.25854869606181474,0.006713103032287809,9,0.028756603259331496
365,0.28282613672312285,0.01103221233209084,9,0.02716397873834553
366,0.2654537444858615,0.04501215934708154,7,0.01733627767698872
367,0.03933226884167095,0.1073441016901896,0,-1.468751378852267e-05
368,0.08982866845736479,0.016866906463380876,0,0.0005325653460168692
369,0.17574672588312779,0.06517883480618931,1,0.002199637748362621
370,0.19230914477233932,0.07385203208826552,1,0.0028169797190987713
371,0.11004567209493078,0.0222990878574173,0,0.000981666894165117
372,0.14397639474930096,0.027053679438812525,1,0.0029770436097521285
373,0.039208404370818795,0.03259606388071486,0,7.704277924238203e-06
374,0.21111872705209528,0.010497352337024438,9,0.022517056327788523
375,0.04173636047509656,0.024376236737678726,0,2.6888474567569145e-05
376,0.08709410121224316,0.010083338946991496,0,0.0006352175921735013
377,0.15325572132219029,0.09215331835169986,0,0.00030192326163501774
378,0.08726596032143726,0.095259705417941,0,-6.739194693711272e-06
379,0.11637162841217864,0.010863766101637112,0,0.0020025090046659325
380,0.03561108598871877,0.04040195602869731,0,-4.305745225402321e-06
381,0.16544084573567389,0.06632167043604735,0,0.0014495854182808624
382,0.16742824370334666,0.039997988556512626,1,0.004130943537806098
383,0.26944688554343993,0.04513839118616772,8,0.017383777212579093
384,0.3238438480705229,0.13608846815188924,3,0.00689100705035642
385,0.19344451650667607,0.025012340945097952,5,0.012935855736252302
386,0.07501795971373601,0.03962271514507075,0,8.843890464729087e-05
387,0.19230203180597602,0.02116909559614205,6,0.013947517790319454
388,0.24532823827736489,0.03861730421222119,8,0.01781578687553005
389,0.026985687927377044,0.021433412332868638,0,6.326243998366725e-06
390,0.004591418517922485,0.0037619899364729793,0,8.414927908281381e-07
391,0.13919302027753555,0.0037077097123031505,2,0.005952292504342064
392,0.07758871039608295,0.019793916737966488,0,0.00027198981083679483
393,0.2603346142180423,0.0851298330993297,4,0.009475348628941489
394,0.08623578988818692,0.012749050056276912,0,0.0005459625492605014
395,0.22951264467353993,0.10854390314390938,1,0.0027625626728906187
396,0.19986202050168242,0.08974517221031815,0,0.002052856542582792
397,0.23314331163740573,0.09899819521500522,1,0.0041270072831257
398,0.13125942161313278,0.04390197169347358,0,0.0009462749391251239
399,0.2368699150247892,0.002700441980111226,9,0.02935690996999909
400,0.015834065700845588,0.11299648626259282,0,-1.1930063807800983e-05
401,0.21641605464371536,0.10092974402782393,1,0.002383523158418429
402,0.11943304130907595,0.06892310705424284,0,0.00018888736496060776
403,0.08716429316534821,0.0789668580992219,0,9.660838945707935e-06
404,0.16722763077602837,0.07833695327679435,0,0.000964905068940981
405,0.08015710323673816,0.10573996862911712,0,-1.3883801750910488e-05
406,0.18539698979291616,0.0895456143969954,0,0.0012361679038623227
407,0.27895231052785696,0.10593325851104747,3,0.007972247389755294
408,0.32756498985222327,0.13837307825029754,3,0.006782384553116988
409,0.15984441061205093,0.05160943757259502,0,0.0020785783906437983
410,0.2654723764135888,0.0339995088289175,9,0.019903173652981356
411,0.2587303663266121,0.08676774695558313,4,0.00903102277794543
412,0.26557143677151984,0.10812285998124178,2,0.006445002993324741
413,0.08158007395729708,0.0008265174660248911,0,0.0007477674118650505
414,0.2050432244154508,0.08801132009136195,1,0.0025919279945677354
415,0.2821526056086723,0.04875331190698262,7,0.016668334906266926
416,0.26637565312832967,0.015779119936418118,9,0.02535566932405008
417,0.3378658325636624,0.00365415834584798,9,0.030086639391105605
418,0.1598964817262184,0.09496184922707962,0,0.0003560413491364345
419,0.33787297356451546,0.13630939298178088,3,0.006924921066329997
420,0.34658541325767284,0.14742976763230586,2,0.006282789859595509
421,0.06671469848604877,0.017579514548226483,0,0.0001810526254829409
422,0.006517684856630878,0.0809008736663668,0,-1.4141359631903148e-05
423,0.23741284910492666,0.05018841692369859,6,0.014022039907515322
424,0.328728550641496,0.1352113663676401,3,0.0070065245751059066
425,0.08154378228957614,0.07988372757321012,0,1.4616935862464268e-06
426,0.005881284317478646,0.07782038065249806,0,-1.4358725935084675e-05
427,0.31390903265987924,0.01735419482818343,9,0.024065217761668346
428,0.09308040548205898,0.0953740941665129,0,-2.4371618629153793e-06
429,0.30022187039008225,0.114125553422002,3,0.008206316892343725
430,0.25566696140513123,0.041280659168084655,8,0.01782949318955979
431,0.11416325895898796,0.022226073122982058,0,0.0011619636269440254
432,0.30992535939897015,0.08760471774101988,4,0.01085445462861151
433,0.15115427130080963,0.09881973752746988,0,0.000201859779820403
434,0.3421653533131515,0.03732718048799011,7,0.01678274193881093
435,0.2534894027463677,0.02110475768117262,9,0.023292371214294717
436,0.022289956449416563,0.02087634155482878,0,1.4272698694728084e-06
437,0.2767157165667231,0.11983805987944551,2,0.005963589920737357
438,0.34018898203054415,0.05658563163150325,6,0.01311289988086834
439,0.2763957396820431,0.009130953821282331,9,0.027973440539540755
440,0.07377913133576383,0.05140776393555669,0,3.919356130982061e-05
441,0.10940924198990931,0.02485433325261279,0,0.0008601402738006392
442,0.21840482394045552,0.10495566118669278,1,0.0022092480076146698
443,0.16194326886616542,0.02162595481546578,3,0.006545357994666627
444,0.28386784994225006,0.007250493431542354,9,0.02879091199303347
445,0.04578139931652392,0.10208006147693814,0,-1.547624559210037e-05
446,0.09683233048458267,0.10233165577371472,0,-5.041288594560829e-06
447,0.19866095183152124,0.04905362135865725,3,0.007535341707655125
448,0.09028434068933325,0.10565224034749376,0,-1.0682345899613626e-05
449,0.27442233480509487,0.08334969277460381,5,0.01088739994139849
450,0.09931221102143448,0.025993076610774518,0,0.0005377231363593622
451,0.141676935285381,0.02890015172176484,1,0.0025550131885868623
452,0.3335291938550177,0.06485302618425803,5,0.01230313395382108
453,0.26178034047952753,0.03557970550267445,8,0.019438446129572576
454,0.12353168074807881,0.008969327644913233,1,0.002824946460703265
455,0.15644147103030004,0.0047441414250050775,4,0.009710501452231936
456,0.17027496299410744,0.0177643871391817,4,0.009370954922647143
457,0.031671718709763264,0.015034700480022355,0,2.534743307991478e-05
458,0.15680354793573983,0.058216329149913176,0,0.0014388405292777259
459,0.3293200654905474,0.1095986803958662,3,0.008639211789501413
460,0.28841430740265717,0.0712372208291698,5,0.013010453888281762
461,0.14021801544669682,0.0939189699271826,0,0.00015178181672088624
462,0.22314559505514672,0.03409901327224055,7,0.01633148347745524
463,0.11151069879606605,0.06490930641707876,0,0.00015671177544899562
464,0.20566506684866187,0.07762090048038912,1,0.0037580273582599327
465,0.061410410396358535,0.10602247020282718,0,-1.5747948151041055e-05
466,0.16410203621575642,0.0877049227991003,0,0.0005801153829308712
467,0.16787647214158347,0.0021932288984445104,6,0.014003694504529407
468,0.29704315831302874,0.04182970087361683,8,0.01768356830989959
469,0.17729414826981804,0.07253207431866264,0,0.0017638828750314356
470,0.03170559181245959,0.08278501359277297,0,-1.5680314782812364e-05
471,0.2523296705747558,0.08754111883217268,3,0.008174959953821174
472,0.34806587215466445,0.0874467649611096,4,0.009344473490859425
473,0.34836111142073833,0.1362580274036605,3,0.006757267233502213
474,0.24879094413754566,0.06593861988323273,5,0.01184197465890652
475,0.029324581881508452,0.07239009702506004,0,-1.5718480803169343e-05
476,0.29458939908683546,0.08028614163181198,5,0.01183347565811049
477,0.07061599254218093,0.08727065508229218,0,-1.1173998416658922e-05
478,0.09743641221352016,0.09857336628154922,0,-1.416756919063658e-06
479,0.21008241277031617,0.03635677525118025,6,0.013163359647160625
480,0.12475583584269656,0.08383496493487479,0,0.00011648917545953704
481,0.33469524609330675,0.04311920690518692,7,0.015808042544929804
482,0.27632170867581607,0.12024809240508544,2,0.0058767391420602505
483,0.18510882355523106,0.08416579328978195,0,0.0015040408760491218
484,0.1563405732948103,0.09606317601897817,0,0.00029018214567937665
485,0.15804414321875057,0.008097399718980144,4,0.009117869609407999
486,0.11215601568311832,0.0228631340066238,0,0.0010444006471969122
487,0.04658212165468964,0.10266754132007719,0,-1.548681103438475e-05
488,0.19467720550330914,0.08688526576622181,0,0.0019075151398274827
489,0.31449192005528503,0.05397080413538258,6,0.014764279676094784
490,0.15824494139151518,0.057288667091143136,0,0.001574962381424703
491,0.2965162375473772,0.12203874353198696,3,0.00718752351869181
492,0.33439704397628706,0.09813246096214344,4,0.009218407784326654
493,0.0540501748329731,0.10775962610139149,0,-1.5592792422822783e-05
494,0.25533081135062036,0.011300394931539115,9,0.02679849080539568
495,0.23431635044735913,0.05554499018563383,5,0.012285214045651825
496,0.22596114273177667,0.015407618978915488,9,0.02303941639481286
497,0.3379569803749319,0.10478468243125841,3,0.008654624326188427
498,0.346054021716843,0.07910210463123542,4,0.010137551130440455
499,0.09791181829094028,0.052213619022478605,0,0.00015082949268800455
500,0.02689227771148792,0.03432216642783563,0,-6.213360532477608e-06
501,0.28753119401642724,0.07243915193121685,5,0.012842871757583358
502,0.06450299519702828,0.013257417514059608,0,0.00020070994180033271
503,0.0550964583290736,0.08010957030541992,0,-1.3731240991059056e-05
504,0.20922322159287374,0.0808520880311229,1,0.0037545199464037605
505,0.046999111967662356,0.037594026412551995,0,1.1770652793509456e-05
506,0.1452416105796588,0.05963725696123594,0,0.0008673628658035485
507,0.0020660500813854564,0.060688866120322385,0,-1.535209983650411e-05
508,0.08935634376733995,0.06927468730346581,0,3.2844364466882075e-05
509,0.0025543166346508658,0.11452829607765946,0,-1.0500410788688689e-05
510,0.02817795363516853,0.009793254821133912,0,2.9359496848932586e-05
511,0.2940308803149387,0.06562263588505414,6,0.013737869449697532
512,0.3161478336102215,0.06048542161072315,6,0.013711856792423292
513,0.31262146328812673,0.1217151913560311,3,0.007832010190865608
514,0.3071614293878977,0.01794643168869925,9,0.024027657294837357
515,0.04476854085549098,0.0975652211501478,0,-1.5626688023341326e-05
516,0.1447838695496377,0.0768113753549492,0,0.0004120797186975679
517,0.08942785643991527,0.09228352572317097,0,-2.905346405398211e-06
518,0.1348527491253618,0.09034357684523939,0,0.00013924038369746212
519,0.20104402892950862,0.018787549777204274,7,0.017007932806875948
520,0.213817974576037,0.05151798056533998,4,0.009793370960603353
521,0.3035562228217004,0.06676684897304004,6,0.013350484693916597
522,0.08426412962586745,0.017333805296481597,0,0.00041001180537720975
523,0.18487340055904006,0.00485119374745098,8,0.018242671183320656
524,0.027388767789183352,0.10549418670345628,0,-1.3795756035826286e-05
525,0.06999624918534285,0.013119359406028392,0,0.00026144845723029904
526,0.17095509927741367,0.021511780412015166,3,0.008495259929572603
527,0.10780547365028162,0.03758612168379325,0,0.00046737505518893693
528,0.218028531230162,0.02053637407104099,9,0.019942258855425218
529,0.2273821397540296,0.0325521385249055,8,0.017472157634946646
530,0.17460004153459055,0.0686096845862661,0,0.0018571479742742459
531,0.2894922208674714,0.07963581565174617,5,0.011896223070507516
532,0.2193745490032529,0.09871691497758293,1,0.0028188339060980167
533,0.2580653139174219,0.1106540269815964,2,0.005314018432132434
534,0.3142497479144224,0.08630243160377132,5,0.010869556461998936
535,0.20500153968593995,0.05836322367324278,3,0.006713333421580115
536,0.02194214822678544,0.053575345200162564,0,-1.4893888191774758e-05
537,0.029102330718669047,0.11453990839727228,0,-1.3088812794040515e-05
538,0.2902294822007751,0.06821875741812965,6,0.013423034863133142
539,0.21496775584585476,0.10229578092496978,1,0.0021689061266906046
540,0.12154664825345261,0.009728842971814422,1,0.0025475758616760108
541,0.016324034003276592,0.06008144608151714,0,-1.573003635365759e-05
542,0.21443006814014706,0.05606447028984384,4,0.008834023731878646
543,0.20543117995175797,0.0018243555862639121,9,0.025131909606649603
544,0.014175482921772058,0.01708089276465982,0,-2.719204621547249e-06
545,0.3327371951498023,0.11698796263090404,3,0.008098022186972528
546,0.2722571690026784,0.07128218188091322,5,0.0126715517823124
547,0.2983920067583836,0.12029522269098222,3,0.007476210112074919
548,0.2798870923339865,0.108260665758905,3,0.007734112756605019
549,0.18500238462767504,0.0932338308513211,0,0.001054681683881319
550,0.3213834218200353,0.02271288775927753,9,0.021889330014411547
551,0.3231679068280171,0.028252124963542374,9,0.02005518278249841
552,0.2577447727382107,0.10578537318618977,2,0.005945224592537561
553,0.31269458916659426,0.09482990858710716,4,0.010132509876610357
554,0.3453216447742745,0.142007972036114,3,0.006553136009755124
555,0.1602315801514521,0.07038712161883329,0,0.0010118899764044512
556,0.3475236412224728,0.12603091975287503,3,0.007226121264610752
557,0.315474687344558,0.08200993926711396,5,0.011240881561420522
558,0.044054522999874925,0.05715547090708932,0,-9.54778804674411e-06
559,0.0785863994943385,0.05961439435787138,0,3.026509230433511e-05
560,0.20034250253348612,0.05638054171828792,2,0.006329895877545327
561,0.15069478182683488,0.08910439612087821,0,0.000309250856898652
562,0.3194342547307681,0.015287042882950951,9,0.024733782293673092
563,0.18237519747860312,0.09062617800262714,0,0.0010580863116418158
564,0.1430012633263069,0.01683797034234235,1,0.004205902538399307
565,0.32428582889852386,0.12327530217202858,3,0.007806904103517388
566,0.29268436002460985,0.11905215687224516,3,0.007294558848932623
567,0.2118810345091956,0.04801194772471002,4,0.010300473984323941
568,0.25319017834145296,0.03191513904859961,9,0.02009615940464467
569,0.09235749040510774,0.00649615116589064,0,0.0009208237975538061
570,0.17746274405460077,0.02454866874170246,4,0.009176570807229152
571,0.10909268034049437,0.09169651464044745,0,2.615711181787041e-05
572,0.3374863250232727,0.05361620367947578,6,0.01371853668043254
573,0.10463595236418284,0.08602108116354426,0,2.9017566369560175e-05
574,0.2527244057210265,0.04598021592426946,7,0.01655286446653933
575,0.042313766543457296,0.07180491315035804,0,-1.4588707175953689e-05
576,0.24144091650408045,0.09474055987328452,2,0.005666223077005475
577,0.1509907663308626,0.06385910809755992,0,0.00091717375336587
578,0.28418435697336786,0.067110842578589,6,0.013594937530925364
579,0.2708992063848949,0.08806886833724911,4,0.009930605771798513
580,0.10785497895202299,0.05196485078897959,0,0.0002453024156311618
581,0.10553685773948099,0.030887837739705576,0,0.0005670914002292073
582,0.30806469304858636,0.02681239433897678,9,0.02104378303460037
583,0.043531185855888714,0.04172055792635311,0,1.7949704057709085e-06
584,0.18779417159939463,0.09838108573694362,0,0.0009570587712661705
585,0.18548480462952294,0.018519763315271248,6,0.013079206225999684
586,0.26900761902558074,0.10303292616446107,3,0.007514340180581502
587,0.1306207027893577,0.08385017151172904,0,0.00015631770204683094
588,0.16897155854214288,0.006511454723465135,5,0.012691098860303694
589,0.08932368722547918,0.07875076868199112,0,1.332517333646709e-05
590,0.21933835610655952,0.10053550493024861,1,0.0026484792795225007
591,0.2849598729372886,0.11680595207807007,3,0.007031436466186755
592,0.25613881735449556,0.05371514016745395,6,0.015065207036108568
593,0.10524845447030157,0.0056848335720313115,0,0.001599328847064686
594,0.10857270013468219,0.013685766370536062,0,0.0013181648767245893
595,0.3408115303917574,0.11828201020254706,3,0.007806434972395019
596,0.14810120690096323,0.09666232364596299,0,0.00019387038396465137
597,0.3080468892094634,0.033861780263173075,8,0.019108594430097495
598,0.10364908237848627,0.02382869990005078,0,0.0007080814896278161
599,0.30855040960814095,0.07599661506834175,5,0.012087823899135536
600,0.21651561495223712,0.05823778411037952,4,0.00871207976773303
601,0.2237324935676899,0.08841682464694801,2,0.004434240269862447
602,0.07360618812865719,0.07291396855908869,0,4.887597904192885e-07
603,0.02814498470681046,0.07440985815899122,0,-1.5750223816283524e-05
604,0.22109522755525582,0.02067022603388881,9,0.02041064599682093
605,0.05674976247913616,0.021444441388350863,0,8.851939078706434e-05
606,0.04687126757517869,0.04858526262536769,0,-1.734849267734156e-06
607,0.2429401815766594,0.08231490766786496,3,0.007910547666133127
608,0.16591119717900443,0.08010240461782123,0,0.000853490705333271
609,0.14389543146697945,0.049160476461985216,0,0.0012575938899958843
610,0.16567713019333696,0.0638051779545654,0,0.0016122294495611806
611,0.3412299401151256,0.05581466975126299,6,0.013179289760045622
612,0.25265300754618053,0.11113123228807452,2,0.004684240505582472
613,0.3086855369018586,0.005380393653155513,9,0.029505008421152275
614,0.11795004287194044,0.01724993975282499,0,0.001649915768132467
615,0.027374336497433253,0.039973118661385566,0,-9.272743999622102e-06
616,0.2731093951385001,0.11815170383492707,2,0.0058445944493107525
617,0.30410655329860675,0.061776300192591324,6,0.01400911511534239
618,0.1633726616667977,0.00931562306369374,4,0.01014418791285458
619,0.3470248576077571,0.022629874899982916,9,0.02100651845038679
620,0.3083937539654232,0.06402681324189649,6,0.01354667460541703
621,0.1611990757176565,0.09115512630036053,0,0.0004441921794883117
622,0.2977429526489621,0.05706220214671373,6,0.014911988621022478
623,0.3382716248151618,0.0686627784094891,5,0.011604522474895313
624,0.334775957544035,0.12191914696389633,3,0.007767493447744301
625,0.30366749799239406,0.04925406038710831,7,0.016011277479013552
626,0.23264154946535442,0.019559139692280292,9,0.02235208367756445
627,0.048333502078419646,0.01239998804233973,0,9.188202054175871e-05
628,0.3243102596282261,0.006236341118192268,9,0.02884893544036877
629,0.23425437219517015,0.11030366864950152,1,0.00299795392542488
630,0.34733387730576554,0.07192860212766355,4,0.010778164397435596
631,0.06409242261341729,0.10379510474634587,0,-1.561315176139732e-05
632,0.08082409227188736,0.10558853605393108,0,-1.3700952447970813e-05
633,0.3389208322404418,0.14407197056450347,2,0.006492415958791668
634,0.009597379854313803,0.07008842100739064,0,-1.5238429978854919e-05
635,0.07183889335342641,0.004317408166511452,0,0.0004234050840513124
636,0.346760798374092,0.1416193143412379,3,0.006550560516142035
637,0.19069521584325524,0.05502806835122299,2,0.005071471919535457
638,0.14436423692301606,0.05364718008417194,0,0.001069267478443278
639,0.08058854560785111,0.013088022357592669,0,0.00042128195104801554
640,0.2617163706856991,0.05850193605689503,6,0.014433662534295344
641,0.0016961901196942018,0.008937545920139702,0,-6.055341709733419e-06
642,0.12562992144903865,0.019049459150667636,0,0.0020625040318940895
643,0.30950961401169486,0.07108364176784761,5,0.012619322145123764
644,0.08953630909409724,0.05369937189086589,0,9.012896394553415e-05
645,0.26808338311546054,0.09809392230198856,3,0.008156732741471672
646,0.3297516717043657,0.12750015612312146,3,0.007503605294281369
647,0.3108039397839383,0.11163454228180747,3,0.008679499423987875
648,0.061214360555013815,0.09618147149652095,0,-1.5284626885159195e-05
649,0.11148426810969439,0.05053700449482595,0,0.0003088212115179256
650,0.20700965173455446,0.010454503404580123,9,0.02167855598825303
651,0.08208227005126832,0.09817209426461684,0,-1.0967330112294925e-05
652,0.14719010551972528,0.048841800814925805,0,0.0014455151266192653
653,0.29062717014029793,0.09753810229446801,4,0.009711535267540242
654,0.16002480126691734,0.06432051222049841,0,0.0012783531535091586
655,0.25429743190252374,0.023391818170678313,9,0.022602217501404804
656,0.1693973271129406,0.05646326635247868,1,0.0024337348163623244
657,0.16406277403828554,0.10188825777965005,0,0.0003139016343541513
658,0.13023308318539675,0.022530832085417743,0,0.0021405147355615444
659,0.04495852564618307,0.007450168995214543,0,0.00010027182914656495
660,0.1812227037505579,0.03553087355849062,3,0.007234540659464646
661,0.2576997852678737,0.08650227310570277,4,0.008965680983437982
662,0.05235343568368866,0.08055121699920241,0,-1.4375712034498408e-05
663,0.29880273352404146,0.020849506097199627,9,0.02322321639159689
664,0.2660589264032333,0.046776273141789684,7,0.01697428862602571
665,0.16412965248056097,0.00035204220727695634,6,0.013536978767912882
666,0.20446002585248046,0.05845410955058403,3,0.006606380301371024
667,0.32798982768441615,0.11595229377240623,3,0.008258817632548087
668,0.024789696106163387,0.02210219668141426,0,2.8289476924707254e-06
669,0.22042788535226013,0.017973811967405925,9,0.02127655449601714
670,0.1979541878785673,0.049659019588073686,3,0.007276032275218481
671,0.3446621034785922,0.12917100675222679,3,0.007164754679280201
672,0.15218237562943543,0.07553353161074682,0,0.0005935478696037033
673,0.3322922266795729,0.010681254585901412,9,0.02645734025598472
674,0.1255903991773935,0.05201254708847191,0,0.0005335039537624357
675,0.1775011871497128,0.02086996385151363,4,0.010245397562687211
676,0.046340519793196644,0.01399850479449477,0,7.494441557458898e-05
677,0.23159606239021438,0.043417059353837745,6,0.014971651324971798
678,0.1276542839986869,0.09455865238498361,0,7.570886652394579e-05
679,0.33730065852466107,0.11270266935768994,3,0.008218390015159891
680,0.32981505752039314,0.07689095716705564,5,0.011146777623369153
681,0.23624551015186776,0.0422467875084378,7,0.01591312954079811
682,0.12315266037719408,0.0017592165404340804,1,0.003673911423337188
683,0.2172949788836227,0.04145101195151052,6,0.013111959906828426
684,0.021574714384075353,0.06596752906225473,0,-1.5739376180244262e-05
685,0.009393312156518244,0.12057887310196855,0,-1.0573736926601982e-05
686,0.06640841043269577,0.01640255572989345,0,0.0001889127740813648
687,0.1415067364022046,0.06735155011703066,0,0.0005394830864333056
688,0.32217587605784015,0.09389378093272645,4,0.00997227393559645
689,0.22228942148770992,0.07783642663975925,2,0.0058304524142565595
690,0.029458551654015945,0.0259685876523182,0,3.748628164951547e-06
691,0.17445845422212347,0.030867555073481615,3,0.00695688831198262
692,0.254821222984717,0.10550354309934497,2,0.00566387527320525
693,0.20748619216459516,0.03740483894733265,5,0.01230866503324665
694,0.34631398959987175,0.024211232493542886,9,0.02046986380592464
695,0.1912184956281806,0.06203781972234843,1,0.004087466666032707
696,0.23911642807567737,0.10985429009056719,1,0.003481504829045532
697,0.06503910199072006,0.06941514387257441,0,-4.0594339334122135e-06
698,0.06041093464579455,0.006499412343822477,0,0.00022825907209307814
699,0.0013165201775835467,0.06391041387663798,0,-1.5099303178747021e-05
700,0.10059619861966267,0.008818567735837064,0,0.0011693264730939187
701,0.2457898494241085,0.09472056220038771,2,0.00619951957762608
702,0.2628637064776645,0.027643833970623047,9,0.02156326644311105
703,0.32905550353546187,0.09870849374964699,4,0.009379785003655118
704,0.09429202094876829,0.04891099559161037,0,0.00014869683090033795
705,0.2427471002831702,0.054246014948026146,6,0.013710293460263314
706,0.1275995758016967,0.03176723426896771,0,0.00134120698495005
707,0.03969337778419236,0.06369424147080067,0,-1.347790463092323e-05
708,0.07496709141142967,0.07508028278712368,0,-3.2558155352122464e-07
709,0.062231234158159225,0.034330677413232036,0,5.7009655235350355e-05
710,0.21162433468492545,0.09071003051669761,1,0.002908529523881896
711,0.14386625946868176,0.06852374236436547,0,0.0005661965185112686
712,0.0009994891364843216,0.01920407651938951,0,-1.169297204857843e-05
713,0.3448496479121198,0.05259489733857986,6,0.013520234401128177
714,0.3323614515154244,0.045964884537952735,7,0.015341465472825378
715,0.18962535476429815,0.021394784324585053,6,0.013179999674708261
716,0.11324805253756524,0.10172787065561112,0,1.4644864453805947e-05
717,0.2510733536168164,0.07506712076581139,4,0.010289939214172867
718,0.20477483796797433,0.07032428027565628,2,0.004636250250803528
719,0.14484329768650134,0.042624276126058014,0,0.0016892355474275975
720,0.1625075384695627,0.08034400084212662,0,0.0007384121510391507
721,0.04722751199515543,0.029983564786717487,0,2.6582072534503327e-05
722,0.09547447182582373,0.04548245017226668,0,0.00018655688380517574
723,0.03667011697365642,0.0104488929195918,0,5.154916197618619e-05
724,0.04204335431799762,0.027830299077962094,0,2.0250771504414967e-05
725,0.07755479238049877,0.05483620023672349,0,4.0115669488919745e-05
726,0.27570275113955695,0.029061022487519406,9,0.021208061897562542
727,0.1878761642836525,0.0527401325756109,2,0.005034403368375347
728,0.31651457176639936,0.041690314446168775,7,0.016945674393242637
729,0.34231673988240857,0.14652670001310703,2,0.006353388726596432
730,0.24687837110707414,0.11012998543035314,1,0.004211768302000813
731,0.32667781136343305,0.032309055032089334,8,0.018758729164467504
732,0.3409666778557439,0.1417489793405489,3,0.0066099364086964095
733,0.2978267490740042,0.037306364070974665,8,0.01864972951864828
734,0.2931415953872642,0.034648071437297256,8,0.01942634552358414
735,0.025203525951642075,0.06014058165480518,0,-1.52682442469945e-05
736,0.027747648358467956,0.06622539274056445,0,-1.5538000243004658e-05
737,0.23301838323168475,0.1024430036254356,1,0.0037058529183297685
738,0.33693755543681436,0.025160114339071754,9,0.020498860730868283
739,0.15863849363183677,0.059402424548215295,0,0.001471783759275368
740,0.30513117466698425,0.03722256549445184,8,0.018406843004256015
741,0.012182571888500651,0.10473389239997725,0,-1.2387262653939319e-05
742,0.19989174690481026,0.07335034367220758,1,0.0036411871286928907
743,0.04595634640302663,0.07347031346216293,0,-1.424566784224414e-05
744,0.13319220284825764,0.017317738034362526,1,0.0029209573809140213
745,0.06658205222338669,0.08606435692453485,0,-1.2200592878419758e-05
746,0.09099008841295611,0.05859587509449271,0,7.404400425883228e-05
747,0.03874899030036478,0.07947048358744516,0,-1.5649874483647654e-05
748,0.10121811778046089,0.015377076143725276,0,0.000913749375569274
749,0.29279580916728815,0.007364694249950357,9,0.02869093180888045
750,0.20082718545142655,0.012040616294638262,9,0.01958896451666214
751,0.19962230069281867,0.06932125572119159,1,0.004128384207038832
752,0.18771641822404309,0.006996566640876681,8,0.018162778553080867
753,0.05950203018211588,0.07690205984363664,0,-1.1446476117260816e-05
754,0.12883734185794884,0.0561356625913053,0,0.0005124480891909529
755,0.1997781814268564,0.06913976556348415,1,0.004172153072819744
756,0.13790320361130826,0.02324484653436467,1,0.0027643348371360283
757,0.028489704964172604,0.08732082506031176,0,-1.5338921509106175e-05
758,0.2419682214960568,0.05516122975546703,6,0.013404482560675912
759,0.3185679271152029,0.06858504785952042,5,0.012558069872899319
760,0.1199055496808495,0.06564054879243929,0,0.00022576056770054346
761,0.25268766519518493,0.09873583892615975,2,0.006406713001027341
762,0.0908088816715183,0.008421911411556543,0,0.0007965693883015235
763,0.20970946886730227,0.09270447798437685,1,0.0025575785709046495
764,0.18725217767484237,0.09117539480856984,0,0.0012431751922533196
765,0.19800127644706142,0.07268970012197948,1,0.0035137172239245638
766,0.02593302331031838,0.07591599582213256,0,-1.5707115474337775e-05
767,0.23533029740198075,0.08298428532618898,3,0.006763174748120999
768,0.16669751571907224,0.019972484651536726,3,0.007934156329263664
769,0.24331731338190662,0.06879258566601401,4,0.010583831163093927
770,0.18580677162695747,0.10342839182189573,0,0.0007238178818461741
771,0.21992542075584556,0.09950042881160735,1,0.002792408426331212
772,0.31516838873319797,0.008185845285494209,9,0.028009584490000145
773,0.20374473956550976,0.09365803652047505,0,0.0020324602328758907
774,0.11566072884356905,0.09600156730234055,0,3.132687079276496e-05
775,0.30710877106472795,0.05397463549497318,6,0.015074462084326567
776,0.03688165815037595,0.08052025664028137,0,-1.5730443666334723e-05
777,0.3083995210411892,0.10737868598119114,4,0.009040377107433367
778,0.1442563336185898,0.058884918901769785,0,0.0008600455816184901
779,0.34847328715514997,0.14519272631334626,2,0.006364166038250427
780,0.009160227889738463,0.07956406639150244,0,-1.4490838580999417e-05
781,0.03705723024893931,0.09101035410828034,0,-1.5582352871813452e-05
782,0.3052570886014695,0.05075651816870939,7,0.015686003494190345
783,0.2223218884004997,0.09276401792734731,1,0.003730424085080828
784,0.09901881958096323,0.08631742244405659,0,1.6880743709818265e-05
785,0.19541429264384444,0.09420480847559488,0,0.0014906024622489285
786,0.2916082312984411,0.01835906302918114,9,0.02425090332038583
787,0.12137897985493494,0.060154381966816994,0,0.0003107757947403622
788,0.08642010751113817,0.10557626487972516,0,-1.2122694248385204e-05
789,0.10136058038120291,0.03302687621067818,0,0.0004320854179908563
790,0.09341958831658123,0.04651007646149211,0,0.00016054886006178578
791,0.2455738419748103,0.0975565948473934,2,0.0057453094568525025
792,0.055693641444704234,0.05575799752505466,0,-1.9644360896037966e-07
793,0.08917484994814923,0.08086445910307169,0,9.810069736173742e-06
794,0.31132626299594385,0.026016441007963853,9,0.021171250247085407
795,0.1461950719130307,0.044011940061347204,0,0.0016834206501451154
796,0.30723955975231415,0.03790900992412127,8,0.018166929165537436
797,0.3233273336757416,0.024564912063335637,9,0.021201290546054432
798,0.16860663398579825,0.0277489505644668,3,0.006507181478538694
799,0.2910289242624462,0.12013324893569162,3,0.007064105057773977
800,0.32121405395381286,0.13681692446671953,3,0.0067840786111322444
801,0.34862283694444596,0.1361513043438005,3,0.006755790425649432
802,0.23674452373245605,0.10501449314907615,1,0.0037856753663866437
803,0.31086364757196305,0.030871023223975683,9,0.019784758974182255
804,0.24342324435324436,0.086926427640705,3,0.007166135410478433
805,0.09177855123090232,0.08189893251035274,0,1.2184952901162333e-05
806,0.32810053936010136,0.06375396112325236,5,0.012712335678395501
807,0.12924178182922885,0.059425802418022304,0,0.0004521837845639758
808,0.17142425331066447,0.038315143209769115,2,0.004969992498480601
809,0.2584951496070973,0.08620339904550202,4,0.009102004486153328
810,0.0414440823530876,0.10497853657981951,0,-1.5030768342768685e-05
811,0.07847680449197131,0.09387949760326389,0,-1.067156105414989e-05
812,0.33053805674462483,0.08489557002223533,4,0.010382754280760706
813,0.26721244000855465,0.050513702192172494,7,0.01623448667467503
814,0.03295605715109564,0.10784712567449055,0,-1.4092881961998844e-05
815,0.010446963949777947,0.1228309654246618,0,-1.0461282341972917e-05
816,0.018030651058462088,0.06628856731694403,0,-1.573645849868123e-05
817,0.207304292766813,0.07093123634534257,2,0.004878960348882712
818,0.32362008839989603,0.13631247152590079,3,0.006870731875383082
819,0.2943919028160966,0.016009509905357835,9,0.02505128797784165
820,0.001745472539026016,0.11713568392592608,0,-1.0183423156215967e-05
821,0.1785132274921194,0.06363807765145948,1,0.0025619679571225952
822,0.22293828728816675,0.05994658214675779,4,0.009430831650847711
823,0.20821195212015126,0.025416859853156323,7,0.016279178127719778
824,0.0067518406986382725,0.019547388700673896,0,-9.353636670646913e-06
825,0.007757378720479635,0.015157965085400711,0,-6.1694909000367794e-06
826,0.28738359095227606,0.10513346787651118,3,0.008638936735611443
827,0.02696592498955412,0.07560498873661349,0,-1.5731721196665754e-05
828,0.03109025623226717,0.02179251659164215,0,1.1679602559860775e-05
829,0.10376165930507471,0.028009577134121583,0,0.0005953315802816832
830,0.19236338192770452,0.019607741761054263,6,0.014513851892576143
831,0.13005153078074175,0.08139117064201777,0,0.0001715942995679228
832,0.17042989374469006,0.0694864718387531,0,0.0015431142824803062
833,0.028409749383460536,0.04267266375037849,0,-1.0083599763713306e-05
834,0.33720766448265965,0.04691573415645281,6,0.014922858848881166
835,0.32293966496162835,0.12913735941721913,3,0.007386701326076357
836,0.3301868209171779,0.024539418272692876,9,0.020958116147349545
837,0.033717995552180004,0.09843905931519586,0,-1.4944380423485675e-05
838,0.3064297531610824,0.12010126046164785,3,0.007822390397642699
839,0.25116365776912397,0.025196797736802473,9,0.021925749394800163
840,0.15872321544615156,0.0886093545271339,0,0.00044657793315408474
841,0.32138052151943547,0.1273550802084308,3,0.007503932180533821
842,0.22166297715904654,0.04319373627836624,6,0.01342485311380608
843,0.13768504545659122,0.023312597897898385,1,0.0027354369895122277
844,0.15837828673409496,0.08915837865072906,0,0.000429820010531767
845,0.018835031983940008,0.09687019802797366,0,-1.3803195211504516e-05
846,0.020590621488034422,0.11644847255411918,0,-1.2058569509870026e-05
847,0.349493526909767,0.12608020526522792,3,0.007160957059050319
848,0.3286982227275901,0.007590877565803816,9,0.028068271196410557
849,0.060000163413865056,0.06503552706355449,0,-4.557688079674519e-06
850,0.09192413732556759,0.02373622630138139,0,0.0004316979312554665
851,0.021186146211403092,0.11419302622060712,0,-1.2341101981279403e-05
852,0.34803452497054266,0.02569217638862671,9,0.019897965818910027
853,0.18532163899212017,0.05771150669752092,1,0.003946877516480204
854,0.15989087535893998,0.035409077238118716,1,0.003794544509448743
855,0.20516223764368244,0.10593849637354473,0,0.0013577893801824897
856,0.22324121092075486,0.011728234255192427,9,0.02407792494722398
857,0.06262384632182301,0.06811561519298699,0,-4.911384481527446e-06
858,0.0940663231036538,0.08853773186621303,0,5.934752099284258e-06
859,0.11335578458028353,0.06737834872928973,0,0.00015176824625656913
860,0.29347608103095524,0.056407558945770875,6,0.015129898820595714
861,0.22870674566850982,0.0664211289348401,4,0.00895605600651877
862,0.33567137967964455,0.14072838432730925,3,0.006683770593651438
863,0.12099066604672179,0.08793479833307598,0,7.582023435224021e-05
864,0.2543938481765513,0.056257483008830975,6,0.014400356912837541
865,0.10102308731971232,0.04174526645375731,0,0.0002879268743467095
866,0.06631080636019694,0.05659631924639885,0,1.2135199800900878e-05
867,0.1269706241002287,0.031069523022792284,0,0.0013459348601788784
868,0.27755651676456794,0.08582764961286467,4,0.010692251253993392
869,0.28606176646533865,0.10037051370327656,4,0.00916449008750716
870,0.00642254824157199,0.0014416963735022527,0,5.637032533603361e-06
871,0.2810566262932912,0.06701304039658276,6,0.013585096038372565
872,0.0373837605477441,0.10788945921863963,0,-1.4479874043969791e-05
873,0.03369821011378779,0.10441371024920681,0,-1.4462231334023594e-05
874,0.2856729487448347,0.012628791702097728,9,0.026493241690970948
875,0.13462143307796,0.038111990309374184,0,0.0013663402968272554
876,0.3115704954754081,0.021627099564962435,9,0.022586053194754176
877,0.07288782154921775,0.030346565755792303,0,0.0001298068174691972
878,0.3013063230189021,0.09602653498031581,4,0.010093189361533667
879,0.19566317589504661,0.09481080644186066,0,0.0014699659905872858
880,0.06870234453556844,0.0034433454143574377,0,0.0003833265956015274
881,0.1102404406009053,0.06241194170692556,0,0.0001666227637086214
882,0.30323743845536927,0.07137147922378918,5,0.012778218090630495
883,0.009616439963454026,0.08585542287663238,0,-1.3971452625797215e-05
884,0.1689424274831079,0.06996258695956846,0,0.001433687886014773
885,0.3217417549384851,0.021061941818778268,9,0.022453134665305387
886,0.21608817873371394,0.010578359878938431,9,0.023410469404613256
887,0.016058061279954267,0.10888903581359952,0,-1.2359107379951034e-05
888,0.06458094114985297,0.029003748194496443,0,8.966039856149154e-05
889,0.34800242558897465,0.13753146610614086,3,0.006709915537931556
890,0.016546639349761957,0.0934552493790065,0,-1.3908741412986163e-05
891,0.079001495264417,0.07178321326730049,0,8.319367083482337e-06
892,0.3494975446770894,0.11443224728951724,3,0.007682099603917892
893,0.15930752716452767,0.0013535559791444524,5,0.01166075990563447
894,0.14976085004498182,0.03598765545834358,1,0.002613522686713916
895,0.14900299869618422,0.0761937241874781,0,0.0005058878118852427
896,0.20447360947401613,0.0651770025764483,2,0.005400005397360619
897,0.334726090927982,0.05950095947118986,5,0.012959096503794596
898,0.3173517276135541,0.002719008171824522,9,0.030856448041290094
899,0.24602081480757057,0.055048562844950216,6,0.013892619764889258
900,0.176866681689102,0.07509207434722948,0,0.001575569020125223
901,0.169412228939494,0.030982909547350737,2,0.005986455816848471
902,0.06211460596317965,0.08816952503283274,0,-1.3966539165365313e-05
903,0.11934498057003451,0.030707560192322864,0,0.0010095669277011203
904,0.03210870437331286,0.08824814524105194,0,-1.5484053847450027e-05
905,0.12048072308954226,0.09815495074631359,0,3.816136760899862e-05
906,0.15142439819954415,0.047691569037555115,0,0.0017737455856332528
907,0.18077161684220955,0.06984271016823766,1,0.002205751356997113
908,0.016353717905861664,0.10227113621875362,0,-1.304304189833521e-05
909,0.0799606184535107,0.015507308614063992,0,0.0003679017051163377
910,0.011314406399335397,0.10953459948914737,0,-1.182613555829489e-05
911,0.00434388118603517,0.08384553071380059,0,-1.3665948372887819e-05
912,0.17035403204969254,0.035771361482199296,2,0.005243335698852051
913,0.20882356885361034,0.02814247590566278,7,0.015489538521423584
914,0.26554122554445064,0.11114261535315136,2,0.006025758939286702
915,0.027343493449162523,0.1166597328231764,0,-1.2706394970304679e-05
916,0.03023769740049281,0.01905736686375578,0,1.4760834542620488e-05
917,0.07143128240331573,0.010568999750424371,0,0.00031393799398821636
918,0.27278368024561084,0.07597006990104425,5,0.01194228550830855
919,0.08499395461682294,0.05543841614974667,0,6.265444506034116e-05
920,0.043197165114440605,0.0962965920533764,0,-1.5615634913141036e-05
921,0.10422327597585553,0.09843088376456387,0,6.195393302328183e-06
922,0.12853000534826448,0.02622382413394299,0,0.001735133091735859
923,0.23168419113072375,0.08007044435928862,3,0.006764704001708752
924,0.31315567451449006,0.055756733909206505,6,0.014540711758684743
925,0.33677055969463854,0.10616858597855537,3,0.008616092660830549
926,0.11858356535738335,0.060163177479647764,0,0.0002740094263591948
927,0.001951574595095662,0.12594386577122593,0,-9.412879601714828e-06
928,0.3130760632399152,0.004273830312275795,9,0.030039574565626972
929,0.08382260758656754,0.09193709298390947,0,-6.806093777823173e-06
930,0.23513668308818322,0.0612466971069255,5,0.011079627712328434
931,0.2306758319782207,0.04382057169413023,6,0.014727868566731842
932,0.33019745774232806,0.10366541452776658,4,0.009001595377938924
933,0.22318372303375433,0.042594836496191016,6,0.013858348210289128
934,0.3396324509532139,0.0809359510286272,4,0.010295681146888487
935,0.3343816287545361,0.13142942921502043,3,0.007230396971373652
936,0.1064024554303692,0.020202477921632593,0,0.0009235499572877448
937,0.02828055660585425,0.02437021660981365,0,4.255324955004267e-06
938,0.2645515806109484,0.009900925466411956,9,0.027562081026681985
939,0.12034272073122668,0.04292539111958166,0,0.0006311848166181392
940,0.2117185735142324,0.04773416078847475,4,0.010340002253106946
941,0.10091808785301482,0.05079226324896734,0,0.00018727453746223847
942,0.19962549082483563,0.07561674422274949,1,0.0033456901515730234
943,0.3479867421408285,0.14526090130864425,2,0.006367711424232427
944,0.00047310884160269847,0.12455870510656689,0,-9.404883664019699e-06
945,0.18013536923136386,0.04050579233689666,2,0.005991827185417864
946,0.04718355695270306,0.10475641762306856,0,-1.540976579011945e-05
947,0.2842885908118393,0.11622984920586617,3,0.007051729368865999
948,0.30773610237151944,0.11178387323542205,3,0.008630227517009308
949,0.33281593559844186,0.014616925441040568,9,0.02464942744319459
950,0.19286574716740357,0.05251591527917303,2,0.0058407068618571015
951,0.08447672845414922,0.05137484834918294,0,7.735842820260175e-05
952,0.10916622550228275,0.08918740108814728,0,3.224145959590048e-05
953,0.0959961149628794,0.08403643696790537,0,1.5600430647660527e-05
954,0.20871390751873561,0.09265842354486545,1,0.0024810998863993624
955,0.26282027125496493,0.06147820656601919,6,0.013923277223324381
956,0.1898752815919758,0.019706725538631342,6,0.013828321455732307
957,0.12050608906864718,0.06960350892101227,0,0.00019236856109781337
958,0.26067001045633786,0.06299811061711373,6,0.013499593119958821
959,0.22580148504613554,0.07274556027554463,3,0.007241022475684687
960,0.24376640447067358,0.10583790175266643,2,0.0044123652696874795
961,0.1098656939338069,0.04405580777393534,0,0.00038444918568042886
962,0.26892758284946944,0.11467974970816079,2,0.005892039521413939
963,0.330824257518622,0.07478410539311177,5,0.01131022120770189
964,0.32455187190576296,0.06308120980982336,5,0.012971612914562397
965,0.24209026746826445,0.1011519565040183,2,0.00483512046455748
966,0.03129935369875694,0.009871639118076753,0,3.7079221861430596e-05
967,0.1707220551410648,0.018023939798943373,4,0.009405845146504293
968,0.3091717190317642,0.13255492246893652,3,0.006752882577919121
969,0.3004099392593491,0.04625954130815467,7,0.016683645891865537
970,0.31114000380457935,0.061308393863425,6,0.013810014165672587
971,0.17313937347299835,0.014614274561121757,5,0.01107195918940959
972,0.34554507265240036,0.08411629981874755,4,0.00973177041187367
973,0.3216890938378338,0.01597219641129244,9,0.024392042138201606
974,0.34152959939025757,0.14147936784652584,3,0.006619704335762558
975,0.03376578675859693,0.014222753024488062,0,3.214368575110447e-05
976,0.11358895759330266,0.027892116747622646,0,0.0008987763972482739
977,0.1301321133943552,0.02701140999422052,0,0.0017880359759940112
978,0.09287284679620285,0.07774651313879014,0,2.1581622236891694e-05
979,0.3092518057041203,0.02576514884349458,9,0.021320193729137356
980,0.049720079831734904,0.08052479689564941,0,-1.4791845030635021e-05
981,0.26534834956969783,0.012995520047013986,9,0.02636533352155408
982,0.2388216757307515,0.03230845099647402,8,0.018959641178968478
983,0.24984163313917673,0.08529871137146393,3,0.008262830259529196
984,0.3357718351648618,0.027821904911492404,9,0.019688888281302726
985,0.27480862711665577,0.00019989284262730833,9,0.032164448680429523
986,0.11767026403004464,0.06226971572304146,0,0.0002384101398388975
987,0.04973023133012813,0.07443948659029617,0,-1.3656295121726772e-05
988,0.027745100073858716,0.01605609150304128,0,1.5651138196032095e-05
989,0.10355385504080777,0.04791904434393114,0,0.00024296764219085664
990,0.1713552746775237,0.0052500627516288475,6,0.013891131204480657
991,0.13012420768500904,0.09683592997775715,0,7.644495489000144e-05
992,0.13991216314007457,0.06877374690502608,0,0.00047468651768783286
993,0.1317253994697444,0.08484459118623663,0,0.00015706680530404882
994,0.051441354711463,0.09910456993013879,0,-1.5745769474558028e-05
995,0.17984563005572665,0.016155201582981366,5,0.012372208378511246
996,0.3409195954822682,0.014814363362732036,9,0.024334757954159212
997,0.04186751708964855,0.07515854897952565,0,-1.5104138693522431e-05
998,0.12658162039786652,0.08532649254924236,0,0.00011841709610674646
999,0.041403096332449936,0.02952105930276385,0,1.592053614214993e-05
1000,0.3116379638573119,0.08598467758904195,5,0.010970497661591349
1001,0.32198298607181547,0.09141200384638293,4,0.010179657006662658
1002,0.19352715637964713,0.012137978152648346,8,0.017662610438750354
1003,0.2782636953340151,0.10748376177181124,3,0.007709099767161557
1004,0.04504999122404144,0.09555604608241279,0,-1.569605998229509e-05
1005,0.027123657281122752,0.06112859425896981,0,-1.517624399991098e-05
1006,0.2762836315569919,0.05400244889747059,7,0.01571304763951451
1007,0.28936707755363,0.051170597641502766,7,0.016107487322564465
1008,0.3451387155455138,0.007257410134356123,9,0.027931022382644607
1009,0.10409764139530128,0.049000493484898607,0,0.00023686599460873766
1010,0.3470025931462365,0.05743220601341002,5,0.012639278071068459
1011,0.0020147374344660182,0.12459426830300736,0,-9.536532201231345e-06
1012,0.1483366460314551,0.01213719722375281,2,0.005941918829250038
1013,0.18505513180266553,0.030562265574651748,4,0.009270795014376004
1014,0.12575827774041,0.008045631988269103,1,0.003176689966292555
1015,0.13563429908407967,0.040838626736754084,0,0.0012739218041732457
1016,0.1454388899433194,0.014606960926843673,2,0.004951831320955055
1017,0.18513708499981485,0.09099683193516234,0,0.0011570902180372674
1018,0.1313834678135873,0.042314356370574714,0,0.0010149181481543318
1019,0.09162382002417126,0.09449779914207965,0,-2.931128925478903e-06
1020,0.06372383173126273,0.023618391950443685,0,0.00011465872857698078
1021,0.05418150226479768,0.055287345360056674,0,-1.1954648015107286e-06
1022,0.15572758671353296,0.07823144520890361,0,0.0006128418174495492
1023,0.035259601115051754,0.06248504585398135,0,-1.4183848841468895e-05
1024,0.14354772985462103,0.0363693978932782,0,0.0020534346383289325
1025,0.27981462921212935,0.0029560193762779574,9,0.030818137383547682
1026,0.32766891597170134,0.11735453957922402,3,0.008173325118572737
1027,0.17290305881218623,0.08375138141203262,0,0.0009675762074516542
1028,0.2668281696685352,0.052865096206352186,7,0.015756575327575892
1029,0.27226839073136244,0.08060393036497077,5,0.011184071914480228
1030,0.3235897072259741,0.11635911994062663,3,0.00829247110508292
1031,0.3160427476306567,0.08401416145105649,5,0.011029585953665594
1032,0.1539066410200731,0.02263216810296176,2,0.004914454326629001
1033,0.3323666727142593,0.005203798791350911,9,0.02928238238147501
1034,0.24403936774692034,0.04724107089089233,7,0.015521356774393667
1035,0.29963132180023005,0.12079418743065924,3,0.0074841918619072455
1036,0.10942007588881617,0.03190171986502107,0,0.0006393670148384981
1037,0.215871635208807,0.06194893758183631,3,0.007802876826605468
1038,0.32158773052049516,0.06507328176260756,5,0.012853720185404122
1039,0.025855981105283934,0.09840187821826583,0,-1.4303747267487992e-05
1040,0.241921792626606,0.10792480086658467,1,0.00396974984429625
1041,0.08038095749387902,0.051043792777497786,0,6.19362072181017e-05
1042,0.29922744536914936,0.10164133491850916,4,0.009482357910917994
1043,0.2659406777187913,0.10366092764733938,3,0.0071204331843824535
1044,0.16140514559695066,0.01504413563267025,3,0.00800868264991802
1045,0.02405816385114676,0.06009425738161657,0,-1.5365059357244278e-05
1046,0.18946336627542193,0.09427101708031187,0,0.0011969328689842933
1047,0.19794926601784532,0.0740798588550952,1,0.0033463083603654134
1048,0.24510910424601492,0.03542849385544615,8,0.018646120465963825
1049,0.3203073742238651,0.004304753530510685,9,0.029942632247389894
1050,0.3387638242199037,0.004610831080816974,9,0.02951910526672496
1051,0.17904611856480607,0.08017485296853935,0,0.0014040394197264547
1052,0.002715248230153583,0.021049313102582696,0,-1.1740826399066208e-05
1053,0.2994466633715785,0.11469627086479808,3,0.008117102834202073
1054,0.3314526507356053,0.08590261313649306,4,0.010257659715438934
1055,0.24733777690450323,0.10767410104881828,2,0.00456075111170006
1056,0.25350055893459394,0.11196452262562318,2,0.00466790766582694
1057,0.30482923281569385,0.1192887838697867,3,0.007848857508622705
1058,0.0024848144772934397,0.08590177993981458,0,-1.3289092909684047e-05
1059,0.3081901699659956,0.12906325359097548,3,0.007038570779752709
1060,0.10904580755103349,0.09002823410338871,0,2.989602951473292e-05
1061,0.17728141376759074,0.04850276933633736,1,0.004208285875673025
1062,0.27738819032332757,0.07603356713212023,5,0.01213053036343447
1063,0.15561833593231397,0.07130301560198436,0,0.0008130805379711141
1064,0.2634745113763099,0.0694998298933598,5,0.012484383440418294
1065,0.050768295314198554,0.08373869995345716,0,-1.5071640628167034e-05
1066,0.2372433878359916,0.030157546345264893,8,0.01943233365501786
1067,0.17695054509018832,0.09047035402653898,0,0.0008644823309415755
1068,0.08294597900836272,0.08290645998914893,0,-2.1392907685678208e-07
1069,0.05933522782175373,0.09434655269263063,0,-1.5287808808044578e-05
1070,0.1287114993516131,0.05952658581284264,0,0.0004401108931975667
1071,0.1494371133632569,0.07042781439289231,0,0.0006571533620134517
1072,0.30764243865717605,0.017216066711102783,9,0.024288577423295123
1073,0.2695504595546719,0.06935194157778098,5,0.012867570958780153
1074,0.009818954261452472,0.10293759761034213,0,-1.2331225811584454e-05
1075,0.14110065798083996,0.04459998106296089,0,0.0013544670371891713
1076,0.12065116699897055,0.080476692019762,0,0.00011226674445372463
1077,0.2565544444244718,0.04199361440953675,8,0.0177031788013315
1078,0.056555222274286075,0.09257922196062487,0,-1.5374770883438808e-05
1079,0.13211100287088412,0.09333704298169535,0,0.00010352731066541329
1080,0.2921528277378341,0.0036617857024539707,9,0.030494124849162852
1081,0.15412871771511327,0.06290368878421868,0,0.001078126296485655
1082,0.29686099131615923,0.02219861712462727,9,0.022826747237218285
1083,0.1943959280146367,0.06534440507313417,1,0.004028999677232521
1084,0.07121547605996746,0.002456443538014441,0,0.0004473616620254279
1085,0.21501909503243788,0.05767825960511443,3,0.008575266922535756
1086,0.34062440071206657,0.12467061033621599,3,0.007485722088722591
1087,0.16279873095834044,0.0895289995484673,0,0.0005090730805868607
1088,0.32664078215762504,0.11222588652472888,3,0.008528473195079184
1089,0.31938225172351037,0.0741339202669596,5,0.011895541607703739
1090,0.08263466114456783,0.017987302521862744,0,0.0003706415112396952
1091,0.31817268777481256,0.08441730204320745,5,0.010919957172298099
1092,0.2938310162318208,0.06164100907055485,6,0.014315367671349739
1093,0.1661216459632153,0.008795596906423758,5,0.01106619282267885
1094,0.004724401213770729,0.09951862107856957,0,-1.2165594655645896e-05
1095,0.15486602292202797,0.04556773782553582,1,0.0021842981138526854
1096,0.18627293510348059,0.06388082166131362,1,0.0032866225592646623
1097,0.3294741822618031,0.1404535846479183,3,0.00666395522127023
1098,0.0873714621226373,0.01746406723037945,0,0.00046678284754094954
1099,0.34533271095977586,0.03798145753516971,7,0.016479009239277812
1100,0.2323841945206646,0.08700065496270037,2,0.005711392942126079
1101,0.010705344124871063,0.10000283969809806,0,-1.271003268507205e-05
1102,0.26908727986790026,0.05628705487366706,6,0.015167734510853827
1103,0.3041799895916794,0.10506843315184504,4,0.00921543721171461
1104,0.17972264233770577,0.02965616881326888,3,0.008332312889375774
1105,0.26890070415046446,0.11661653828342314,2,0.005637835915098044
1106,0.21828198258197093,0.09867794275760461,1,0.0027294324522902885
1107,0.02410836055997893,0.08176712220259756,0,-1.5405316740898662e-05
1108,0.096293504791161,0.009054683597290392,0,0.0009724121755613028
1109,0.18512238717267213,0.017647150756064295,6,0.013285922294869502
1110,0.09138403676862411,0.02181753099535283,0,0.00045882727936640265
1111,0.010947630362454996,0.0020966991112418842,0,1.1053746375099062e-05
1112,0.12212335180126228,0.06190762736883688,0,0.0002967431505206594
1113,0.1256001926217754,0.06287749662600836,0,0.00033151781891563586
1114,0.02152411088154365,0.07972779371865578,0,-1.5375159727664507e-05
1115,0.15329902914498408,0.023197110990179,2,0.004722052849040966
1116,0.325219286195655,0.12975704968829285,3,0.0073579383464867105
1117,0.047834062591828375,0.10124816137481547,0,-1.560399921393069e-05
1118,0.25410066223077543,0.09119832449841046,3,0.0077679958916784956
1119,0.33184437535473266,0.01706042314544029,9,0.023653490995175226
1120,0.3135096625790321,0.04733311204984432,7,0.01595639244409765
1121,0.0168014610903377,0.004274011689678982,0,1.7190952905461626e-05
1122,0.25650384199882287,0.0867746440624456,4,0.008787910142454714
1123,0.24374105422595416,0.0075151060987654755,9,0.027776605307860143
1124,0.15736134434707014,0.02585663883717755,2,0.004905849762297989
1125,0.30366970118571074,0.06427315933475233,6,0.013678455818731977
1126,0.18781093830901896,0.04141159632471891,3,0.007190886831460641
1127,0.09434258406748705,0.03879775084156871,0,0.00024309454520428185
1128,0.20582027702396682,0.004119350230446794,9,0.024163204795668157
1129,0.1847301173602998,0.026658942351406242,4,0.010292136128276631
1130,0.23476936491292938,0.04021789448566099,7,0.016274628745219323
1131,0.1467875275563147,0.06773254401426981,0,0.0006601809771124993
1132,0.17665194464347692,0.0722199367206276,0,0.001744050070414675
1133,0.31536734090419904,0.12405667079166491,3,0.007684642852896657
1134,0.3459891725943489,0.11433251326493792,3,0.00782493128079126
1135,0.12602599730209785,0.005019115685824915,1,0.003600138931468645
1136,0.2644504853293454,0.014797503929665001,9,0.025687811826891296
1137,0.21419087806243833,0.0957712790323697,1,0.0026524547787874398
1138,0.06187488879481267,0.10468727583992263,0,-1.571948676664102e-05
1139,0.04321630228929012,0.018810441529016095,0,4.561688684550846e-05
1140,0.14637690863693847,0.026946314992151763,1,0.003254163761058321
1141,0.3059617943986258,0.09871236134988763,4,0.009839218533983599
1142,0.26561476930682004,0.08562434714474444,4,0.009889550167170674
1143,0.16267755825043798,0.009290766871861367,4,0.009966287338889953
1144,0.10766561161668572,0.057088349961471274,0,0.00019074128873235906
1145,0.2038026676498554,0.06148704237469187,2,0.005936306735434096
1146,0.08364891574758371,0.040315675079429625,0,0.00013464531020565033
1147,0.11051513350908156,0.08654604726691781,0,4.3099799829787655e-05
1148,0.10915551482712695,0.06839968191401387,0,0.00011645869040925165
1149,0.3231528676240759,0.04744607354996197,7,0.015496456676629787
1150,0.11666127340026125,0.05659625698974401,0,0.0002957466934750173
1151,0.19100205797270353,0.030935535393564306,4,0.010521963300277652
1152,0.21023451212899716,0.02495654143668774,7,0.016871006025231075
1153,0.20728812822531706,0.08890657857240268,1,0.002699912255160636
1154,0.339050717359638,0.06314147192817218,5,0.012243258836313263
1155,0.17722223569957976,0.012877601584423193,5,0.012787915625033666
1156,0.19802986989674712,0.006930846323639633,9,0.02104422933766321
1157,0.2791115477376017,0.09319439638556996,4,0.009731939419182718
1158,0.1790347248888915,0.010251823589907033,6,0.014277118718238729
1159,0.2089640338315406,0.02384343135913274,7,0.016988564659075046
1160,0.19435938400102062,0.06837296089492559,1,0.003634559621620741
1161,0.3069514108001913,0.1187337065936018,3,0.007967048352937692
1162,0.31434145758197346,0.07939386814555296,5,0.011539952705062214
1163,0.3228225126347682,0.010464753664390302,9,0.026771201107453117
1164,0.026991536242673173,0.06830228556062665,0,-1.5669443932346902e-05
1165,0.10642902357518844,0.06549174253327186,0,0.00011773171164118966
1166,0.06908665068829614,0.0515410346080199,0,2.7047261612381037e-05
1167,0.3491801322348071,0.09734352947501237,3,0.008613723487285757
1168,0.18879594932871885,0.08503216512919463,0,0.0016619347625034238
1169,0.1916268894689479,0.0482846296070834,2,0.006442518159155576
1170,0.23588576233160186,0.061778295017654444,5,0.011069641947583114
1171,0.18614613087926404,0.09407342628697778,0,0.0010654855520108475
1172,0.024975066954710738,0.005185112823359352,0,3.282556758673899e-05
1173,0.15388671935541115,0.07498007840183904,0,0.0006513369498278472
1174,0.2163188034853366,0.04759549353242485,5,0.011253108966653026
1175,0.23473792733638613,0.08633547948983483,2,0.006124394678855339
1176,0.016838366891830735,0.09126589772602242,0,-1.4136415176056742e-05
1177,0.14915469358979627,0.030991745328998427,1,0.0030856066432453106
1178,0.1685797575107424,0.016952755214670878,4,0.00918855727194867
1179,0.19779620879308538,0.10239286516505891,0,0.0011898352383582732
1180,0.3371919122474372,0.1315647154062312,3,0.007191268840698606
1181,0.18776606335573268,0.07813060897003313,0,0.002071800273015441
1182,0.2546323889846397,0.09642315458317058,3,0.006988567059947225
1183,0.24738128211535737,0.09421840612524335,2,0.006471791672391096
1184,0.2995949631724688,0.11829418386457728,3,0.0077452239757547356
1185,0.057905060499206844,0.07747512607829327,0,-1.221807803123899e-05
1186,0.33107590684090044,0.02104430801451776,9,0.02214517521873875
1187,0.06138982008456571,0.0029013901183634894,0,0.0002826100584181878
1188,0.0034678220934021174,0.08618304464999244,0,-1.3357190071684828e-05
1189,0.04811097351471949,0.10422752542479256,0,-1.5485308888615713e-05
1190,0.2524683142889821,0.03659824337364087,8,0.01882449117679184
1191,0.12701439267621517,0.004430357426542977,1,0.0038142324107629474
1192,0.013259308999245399,0.10540426844661055,0,-1.2427465808964005e-05
1193,0.12726322857670055,4.4448964701446214e-05,2,0.004536678282933087
1194,0.15439130567264336,0.001259921423204441,4,0.010256590353874856
1195,0.1891318895294225,0.01151446280177959,7,0.016700519800276203
1196,0.26783965228238643,0.0009371548401760243,9,0.031654527984022525
1197,0.18433070353568787,0.002440131394523079,8,0.019148644967494147
1198,0.34397088336031734,0.10911250632839012,3,0.008172420686033115
1199,0.29441865473761114,0.01809685159627092,9,0.02428532511572267
1200,0.26139550556324487,0.02871028006487089,9,0.02123834279336042
1201,0.05038690779182422,0.066863068051416,0,-1.1070436101881213e-05
1202,0.3026224374123728,0.11622923559874125,3,0.008076594801269725
1203,0.237964913749297,0.06600136147750335,4,0.010441534822967268
1204,0.07681179898469352,0.007495955918135858,0,0.0004572862102343754
1205,0.2408997939536205,0.03186191852616431,8,0.01928555932511248
1206,0.20016813224486268,0.03682232142067285,5,0.01090007799931686
1207,0.28471334213981303,0.05032899230287574,7,0.016342552455538967
1208,0.09321477705453705,0.04334905811257324,0,0.000185614022517805
1209,0.010257230051777665,0.05922689924301387,0,-1.5726061905693433e-05
1210,0.12829425622744325,0.00047285460432659743,2,0.004628801291449764
1211,0.03349915357223877,0.018577910775448063,0,2.1716382007175404e-05
1212,0.08069926070325788,0.017894983941515258,0,0.0003414758165583239
1213,0.09283891030872456,0.07081618056017167,0,3.79008914039866e-05
1214,0.20606026981745756,0.0340382381180572,5,0.013008216727087966
1215,0.2932771595254589,0.06024270928338732,6,0.014536427767605904
1216,0.01165234939049347,0.06705912355103383,0,-1.5519326243005435e-05
1217,0.006772932822442894,0.12230090681845164,0,-1.0170288558388587e-05
1218,0.31129988909783396,0.0001231671784446553,9,0.03239641976512474
1219,0.15625961084932027,0.04231462673870018,1,0.002596814381544625
1220,0.015524047335818912,0.07213984926837594,0,-1.5460514404517457e-05
1221,0.049687913076393475,0.03653594370764677,0,1.8169550558784836e-05
1222,0.10333950968210759,0.04754632282880291,0,0.00024479825452699514
1223,0.20232386575656067,0.06009585424427483,2,0.005957204622968055
1224,0.1939832767944259,0.00539103360964116,9,0.020646411913144234
1225,0.12439912285036149,0.09486445919573963,0,6.137051360352218e-05
1226,0.2814363871939523,0.017172180032788184,9,0.024831969971134234
1227,0.28743155669329284,0.09480193073407643,4,0.009929120944372623
1228,0.3280090471567423,0.13448054104601617,3,0.007050934191700138
1229,0.07242705930801033,0.07572722714233347,0,-3.209250743794791e-06
1230,0.054746707331355116,0.05824291276502205,0,-3.312046910482965e-06
1231,0.05304492047674222,0.03629548857790388,0,2.5432738181982337e-05
1232,0.10596781969835965,0.07207956197118538,0,8.015891744554904e-05
1233,0.15350857415481461,0.06993210589188403,0,0.0007906908946048421
1234,0.2894181361378308,0.06887683072853558,6,0.013336152989909006
1235,0.2620390111835769,0.0666962224386399,5,0.012896811077091902
1236,0.08441704728755742,0.013161857431701077,0,0.000495943689630457
1237,0.25737661407257634,0.0517423642290224,7,0.015563575072932776
1238,0.09340279164500676,0.03445508852743498,0,0.0002847371587465745
1239,0.3285255567836982,0.12978066197763188,3,0.007362345662829635
1240,0.21233934636825125,0.08339956692628103,1,0.003784965636046658
1241,0.008803597933979156,0.08742145271751539,0,-1.3749270328682685e-05
1242,0.305388922613259,0.010355343708712633,9,0.027164629792147822
1243,0.17929818630444133,0.03574350901333567,3,0.0068173641661941
1244,0.33112380858337315,0.0014549590186555272,9,0.03147873283108044
1245,0.13751060565528656,0.060357325192853604,0,0.0006149138347821211
1246,0.2299849364388643,0.09349562806239549,2,0.004480529694600644
1247,0.30552958097386174,0.1146390386178454,3,0.008318165370826787
1248,0.33406775778987985,0.09176900195507862,4,0.009682394155090875
1249,0.21021874348305908,0.0765148234260892,2,0.004439224470963368
1250,0.20091488186376377,0.06993970376975418,1,0.004202273266489653
1251,0.12859393029732152,0.026279424003182728,0,0.0017355549527153138
1252,0.2288441713056369,0.012866396333959432,9,0.024360220437348718
1253,0.30363962043814974,0.12309159980984356,3,0.007429346117802402
1254,0.29093841038191737,0.08472403420354467,5,0.011271465141914789
1255,0.27429240791015846,0.06648016297167003,6,0.01353196777446072
1256,0.0597202111463253,0.08578029209820423,0,-1.3965487487886317e-05
1257,0.21536935554191333,0.08187412510081724,1,0.004327802027783381
1258,0.18526788297279015,0.04490751267706333,2,0.006016890253522298
1259,0.31820800944681277,0.10517865175235781,4,0.009183298642837573
1260,0.15893367538727976,0.0626888038805455,0,0.0013080009946994187
1261,0.10939877512174964,0.019601177048273886,0,0.0010691103029940613
1262,0.2508933873518285,0.003568139671795929,9,0.029856893410568075
1263,0.13464002757057258,0.03824144448966566,0,0.001360254129168584
1264,0.23890242334872383,0.04423522451520942,7,0.01571315798332217
1265,0.27914330311729074,0.10671936989705708,3,0.007881500199063128
1266,0.039853098389311115,0.10396728518011472,0,-1.498884900241948e-05
1267,0.3142004398362092,0.11922078793648927,3,0.00806780850261061
1268,0.21008147757251766,0.10334189059325043,0,0.0017749765043620325
1269,0.3462404768622589,0.028272250704719476,8,0.019130494116878633
1270,0.32187890455541657,0.07939384386216167,5,0.011254078035390734
1271,0.30320235801011863,0.0807821352265963,5,0.011689880905924679
1272,0.28827101420701523,0.11447793464347164,3,0.007550322255322931
1273,0.12075676913429848,0.018793849735163397,0,0.001729247634637916
1274,0.21171431791178538,0.058703657297170385,3,0.007778734121496365
1275,0.3098994283153858,0.10597075860963967,4,0.009173550780673745
1276,0.34712606106018257,0.07584894523033504,4,0.010388902184364356
1277,0.25567201570868514,0.09710885351599398,3,0.007001020051090714
1278,0.27508520856671226,0.09985712323708706,3,0.008508895954687618
1279,0.1402466021144295,0.003184194895683237,2,0.006276381291048908
1280,0.13127374615362566,0.037446929055724255,0,0.001231597058661801
1281,0.1376071947292982,0.09514547564280432,0,0.00012522288836260288
1282,0.3227215152245661,0.13612082047214408,3,0.0068686873711955474
1283,0.33348434916559794,0.009164312811270503,9,0.02717447255641679
1284,0.10521733911618578,0.048255221923938454,0,0.00025820650514736223
1285,0.02889537234688399,0.059285735726149875,0,-1.472141956510416e-05
1286,0.05655106871391269,0.06614179418802935,0,-7.652680199093052e-06
1287,0.03491239004246499,0.021659805158034263,0,1.8450504529399746e-05
1288,0.0341087949097832,0.04254239458627772,0,-6.8886649898162405e-06
1289,0.30520071022331224,0.05871497570650963,6,0.014413087297147572
1290,0.04644490477371632,0.02758573987739421,0,3.03567310694727e-05
1291,0.0589927510570756,0.10446028036498985,0,-1.5753233045160585e-05
1292,0.12041724871332991,0.005868185145317992,1,0.0028381565872457183
1293,0.062168085565014665,0.0646923170114916,0,-2.5083200947180663e-06
1294,0.019989434879495543,0.0029816448566397143,0,2.6232645535570584e-05
1295,0.13702762008698757,0.010268951593101427,2,0.004360691131177108
1296,0.24706203576602348,0.11186623468777405,1,0.00402623328937777
1297,0.2222107529364306,0.03918910506182982,6,0.014657848706300065
1298,0.1000140457125208,0.0424232295239034,0,0.0002665748300406307
1299,0.3198969227381603,0.13468226481382164,3,0.006920335894741632
1300,0.010266893113757385,0.09497790689834681,0,-1.3161998456852365e-05
1301,0.27456456230901183,0.08025532123660788,5,0.01136585530175632
1302,0.2201701063679844,0.06523202333089548,3,0.00783455452712295
1303,0.13509219545448645,0.038864805585208,0,0.0013501842416700485
1304,0.33482119383675885,0.1256512900634707,3,0.0075551984811304635
1305,0.020522851280455737,0.10598720546125544,0,-1.3087102384546442e-05
1306,0.19917491220652378,0.02104915642590703,7,0.015722848135518344
1307,0.23699484159278475,0.07469698111536598,3,0.00851916014737836
1308,0.1330233345930044,0.05644001763374506,0,0.0006026940623062071
1309,0.10828952967196315,0.07662990496610407,0,7.034847361394991e-05
1310,0.0629331385883219,0.060913069035473395,0,1.945555652471878e-06
1311,0.013862614228883562,0.05561080722651329,0,-1.5682267679739814e-05
1312,0.33871929058033645,0.12038281803314568,3,0.007757456019719422
1313,0.12527018466925785,0.029718810600180556,0,0.001329746979440064
1314,0.32508701837399157,0.096847127773244,4,0.009649800769306513
1315,0.3058717262320474,0.07524568261139451,5,0.012249045009426415
1316,0.25526790294023277,0.04759276650835152,7,0.016346037796247995
1317,0.06428961905925266,0.09528227178051399,0,-1.4827394330724041e-05
1318,0.1659288174436248,0.0583812925727936,0,0.002002294635174431
1319,0.22389369874445247,0.10147087791643193,1,0.0029484262530146284
1320,0.11490231128178195,0.060083993360434275,0,0.00023238584075735137
1321,0.14661345680097626,0.061034866906793085,0,0.0008651210397667631
1322,0.332753590913422,0.07422815128276616,5,0.011273997437699058
1323,0.18667467838498814,0.08896366328444036,0,0.001325358727072469
1324,0.2540542780310068,0.019057297891326416,9,0.0239808107237953
1325,0.3095064466823061,0.09274725547756846,4,0.010374138333768863
1326,0.24860697356022446,0.03855508391923025,8,0.01808321919973216
1327,0.2996778881675197,0.05157784487392565,7,0.01574791041171431
1328,0.27865895638467914,0.05736929265881585,6,0.015131099771005305
1329,0.10412114231788794,0.01669651297511389,0,0.0009736832000056436
1330,0.22358590582344326,0.10641442717386435,1,0.0024761056151947516
1331,0.28222060193638654,0.014138314945236402,9,0.02593890363385741
1332,0.07974457655403085,0.09384704530432643,0,-1.0094976869703906e-05
1333,0.004797504313457972,0.11352739392859582,0,-1.0806495017257441e-05
1334,0.1255453959499957,0.09997680271773084,0,4.762004225152653e-05
1335,0.16884424899909103,0.07441598813472312,0,0.0011999615937086483
1336,0.15634411199923182,0.05416744466289332,0,0.0016565440619383054
1337,0.33195674475289805,0.10749772794873502,4,0.008697769061973904
1338,0.035854429456941644,0.1143174755550262,0,-1.3761226875891577e-05
1339,0.15278131737692216,0.0469260119649274,0,0.0019212765027601946
1340,0.3240800762972344,0.13135823036889424,3,0.007236823478641287
1341,0.30522277035642814,0.08671144671690152,5,0.011027900638273525
1342,0.28731355059721353,0.09002108746405506,4,0.010528547575641567
1343,0.22675670210729826,0.011606167385618801,9,0.024595025076300025
1344,0.27248990799225703,0.11067914775987658,3,0.006770142463220636
1345,0.12872142316821525,0.036347818729372094,0,0.0011646198015465375
1346,0.23299341414230026,0.021560529987165802,9,0.021707634103406825
1347,0.3324014519300478,0.04367906415761921,7,0.015799690056029256
1348,0.27971233745498864,0.0467976792440471,7,0.01706911774954584
1349,0.33623797557953894,0.06898302059315227,5,0.011670582542336553
1350,0.17092443998061319,0.04632074147650267,1,0.003703029166364351
1351,0.3221281254159692,0.08848978252014386,4,0.010418883813848727
1352,0.19395304305590153,0.02843737510426135,5,0.011964725976742098
1353,0.014316001625738898,0.1085196591721407,0,-1.2223140916657611e-05
1354,0.2143696452965741,0.032953218571313975,6,0.015080294802993829
1355,0.05811141855053128,0.03387520936727283,0,4.490189992738494e-05
1356,0.017990119276858705,0.056808704731035116,0,-1.555583445585399e-05
1357,0.010678967022691792,0.09683374439787562,0,-1.3020291332606574e-05
1358,0.09885320655605734,0.004784788366227574,0,0.0012867932379394221
1359,0.332909417148457,0.0818588349858871,4,0.010537760397096885
1360,0.2912030727768037,0.016569205299697798,9,0.024903480846763186
1361,0.2903440375261793,0.07946497557402292,5,0.011924917960096868
1362,0.03383068082691459,0.08405288787576248,0,-1.57021093559948e-05
1363,0.09442569187024755,0.04239402665102979,0,0.00020589591407466822
1364,0.2736719041049403,0.11455469866389056,2,0.006362562711279444
1365,0.21444658791780957,0.021489522444379117,8,0.018942254918928474
1366,0.09164807261694792,0.05498116719930053,0,9.427590905216464e-05
1367,0.09871590827683255,0.0936291730872759,0,5.336344568133464e-06
1368,0.13558114584402223,0.0379328375831286,0,0.0014282344754179405
1369,0.102824547575835,0.0444855452735234,0,0.00027551345813546697
1370,0.3247168846788992,0.04841662103913083,7,0.015243200947773289
1371,0.3030604200558875,0.11496625742299035,3,0.00821717345841399
1372,0.09389312593572575,0.07758730228453298,0,2.4012405100004885e-05
1373,0.15831537720532074,0.00014775472269056011,5,0.011794080448367213
1374,0.3114176666491244,0.03323444005958323,8,0.019137722035157383
1375,0.00599300365822491,0.1158813597922783,0,-1.0696445880121708e-05
1376,0.06835866532137733,0.04456233064610866,0,4.341460867776836e-05
1377,0.16664655312753154,0.08454561078726291,0,0.0007329527554782345
1378,0.01254553355330108,0.08709980397598019,0,-1.4125330737799648e-05
1379,0.12900260026264976,0.0034356603140254516,1,0.004248858544195203
1380,0.13099609691947117,0.06906107081304619,0,0.00031879021615579536
1381,0.2247278530370821,0.01681191946061611,9,0.02235133440187494
1382,0.2904936119693798,0.028570436034925595,9,0.02107914647391656
1383,0.09494018889589804,0.036530794349621434,0,0.0002775607105431406
1384,0.17100428958433178,0.06827163329319506,0,0.0016513646018466175
1385,0.3154879070250963,0.08661168332595535,4,0.010804508894733417
1386,0.29899460422398627,0.10960761179873035,3,0.008636764092815868
1387,0.08891113791013461,0.004557083647015736,0,0.0008665488041073598
1388,0.33169965874428614,0.13682358822582832,3,0.006914781691951044
1389,0.17167838576485156,0.03822745359347353,2,0.005024124205656247
1390,0.3451044754716259,0.12346067009004973,3,0.007418512372027761
1391,0.12792320589518164,0.032831404876540515,0,0.0013012579549655312
1392,0.2121840851818465,0.10489507634989798,0,0.0018021585718051415
1393,0.2641076291906788,0.03230209899954217,9,0.02031899865309513
1394,0.28175516568265446,0.11789215620460033,3,0.006643444983445181
1395,0.16870401472996308,0.07539455181984679,0,0.0011483423628166711
1396,0.009383153464702431,0.003743261528303083,0,6.486263930534697e-06
1397,0.019583173841242172,0.05285129257867326,0,-1.5094055826416188e-05
1398,0.031180284843651786,0.008920303491513413,0,3.938674305102917e-05
1399,0.0939665212149993,0.10526012201572899,0,-8.723592346507054e-06
1400,0.28589561164432375,0.07892404087668248,5,0.01194293752391206
1401,0.17753042685415882,0.1011753410334188,0,0.0005705747955437165
1402,0.3344945857672764,0.10867625907356951,3,0.008544236662693914
1403,0.04946675188972609,0.10404954141022878,0,-1.5556342064960444e-05
1404,0.031248580148217516,0.07341947778480809,0,-1.5696911144841877e-05
1405,0.024465077803122362,0.09885092750966643,0,-1.4139493590160413e-05
1406,0.06735195666955338,0.030553461467038412,0,9.584176916189174e-05
1407,0.25973613325567063,0.013670684450494033,9,0.026020182953729636
1408,0.34480967837033694,0.056099546848663584,5,0.012954128047486845
1409,0.26748559565338736,0.10427628163532993,3,0.007185792944952491
1410,0.18282540951073878,0.07122928553219575,1,0.0022505795268988288
1411,0.15472456409497984,0.07106379004316823,0,0.0007923433914830987
1412,0.20346513208984685,0.050255992284898056,3,0.0081551548117675
1413,0.2113972200405454,0.014953599609182092,9,0.020786204031448097
1414,0.13307603616933922,0.09835641543822975,0,8.280139056513538e-05
1415,0.3289140827737412,0.11028842369426828,3,0.008604940793069381
1416,0.20415859703235162,0.09026031948982138,1,0.002326825755981793
1417,0.14448804457017275,0.03078233413480161,1,0.002633301796324607
1418,0.24629263899462928,0.09780385426121621,2,0.005794128075136716
1419,0.18717798259600765,0.05760476822623523,1,0.004194843177321436
1420,0.25122382313270525,0.04839664602826106,7,0.015887197795782463
1421,0.058706415770596994,0.022313312942821364,0,9.39809930857737e-05
1422,0.3269922321823257,0.13708143650086635,3,0.0068646946673593945
1423,0.07803436961450559,0.09449453246258782,0,-1.1109836491015701e-05
1424,0.2795915860314988,0.0488869008110808,7,0.01666469070436117
1425,0.2534643158600951,0.013100179574173587,9,0.026054430667180033
1426,0.15432945275016918,0.05372306658414183,0,0.00156314332110744
1427,0.17496455364271513,0.008101938131451089,6,0.013889820513403902
1428,0.20737966337824196,0.06591239490653028,2,0.005700905733644202
1429,0.2509760039453932,0.06827972915740232,5,0.011607140506556205
1430,0.16536060213375692,0.07911575127449517,0,0.0008693209005786603
1431,0.22899681833751018,0.034405687406419624,7,0.01714964482094968
1432,0.18672912835217173,0.06210582229808407,1,0.0035471876453727434
1433,0.22807454349656345,0.017067937920943743,9,0.022701604061401846
1434,0.31448585913719607,0.10617104304570152,4,0.00914438629517565
1435,0.16224589152641986,0.03201146381919986,2,0.004626116314626727
1436,0.21598657793796833,0.08765591978120223,1,0.003666057891233264
1437,0.2959424921153415,0.013344316592672378,9,0.026060813895606647
1438,0.33134141827536473,0.08829947014529853,4,0.01006749068343203
1439,0.14232377529225668,0.06425198766906619,0,0.0006362973729000354
1440,0.21359759149811613,0.002894847861673447,9,0.02627827411344097
1441,0.18502916756334442,0.022285215387943882,5,0.011705461497283359
1442,0.21445575738135533,0.06472498458076875,3,0.007012514933505907
1443,0.16601625947794835,0.028894568009074847,2,0.005796277200664471
1444,0.1934843706673345,0.1013498865126176,0,0.001055818421601503
1445,0.1740411800779441,0.037624210274201375,2,0.005509146228773255
1446,0.15958965289274102,0.08950517546047294,0,0.0004456486723084122
1447,0.047177615374194626,0.06372803443961313,0,-1.1096052710188487e-05
1448,0.11197710678919681,0.04419449546696156,0,0.0004188863168537843
1449,0.11312173654373765,0.04013044125893338,0,0.00052517250949408
1450,0.26443316181397486,0.08636972453474809,4,0.009661922785634701
1451,0.34640178328514465,0.06474191732526521,5,0.011660987792285082
1452,0.13509736668800598,0.03651111834388341,0,0.001483600839886178
1453,0.21204244969259287,0.0401923305556975,5,0.012443485552819173
1454,0.1482224127400688,0.008988833072956046,3,0.006606791664301337
1455,0.2585275478698346,0.08050626872470891,4,0.01009482325603813
1456,0.08220415449105599,0.02176577383675271,0,0.0003064932115290563
1457,0.05478841982791323,0.04920650111842119,0,6.251535915088688e-06
1458,0.3078390965143415,0.013889223879429397,9,0.02559767211748665
1459,0.3050495751668469,0.017767679228670258,9,0.024149870912361003
1460,0.2532821061292067,0.06625931131452699,5,0.012249413144088943
1461,0.12167322837502169,0.08156324585733729,0,0.00011182194212517762
1462,0.10647048679427969,0.08529747085957105,0,3.5354881501563374e-05
1463,0.3423598525625703,0.14041436399847684,3,0.006666145805241842
1464,0.2513732185924858,0.06250826287650342,5,0.012824775387717199
1465,0.018277016872391555,0.0741687168304026,0,-1.5496276964978166e-05
1466,0.11999727066721876,0.059529497710784,0,0.0003005727514677439
1467,0.22172296575189507,0.10144964372208644,1,0.002763570593939255
1468,0.24889162166068673,0.01452270569709184,9,0.02534529945679657
1469,0.04208025025553674,0.09517633703066637,0,-1.56157114516363e-05
1470,0.28471043204024105,0.04273318321077655,8,0.017822727634552858
1471,0.34595791702058637,0.1351494217123602,3,0.006859627021688566
1472,0.31237662214243567,0.11811528580295513,3,0.008136840134516685
1473,0.14347533222822562,0.027155053927619424,1,0.0029130843695385406
1474,0.3406172808664228,0.13987085439782312,3,0.006710847381908912
1475,0.31401653819292297,0.08893982952710237,4,0.01063218363079237
1476,0.2937160222672311,0.09135490438357656,4,0.010519846146192858
1477,0.283424028622991,0.056385395716498615,7,0.015293408240920918
1478,0.0700193815931381,0.08668406576566216,0,-1.1176940254386451e-05
1479,0.24417812907124703,0.03176793749528686,9,0.019586951494993794
1480,0.25852790747977694,0.06344551914127658,6,0.013260237562240084
1481,0.06699272613003866,0.06044587516713352,0,7.470902850595431e-06
1482,0.23112871991670297,0.019203254796544472,9,0.022307455112454078
1483,0.0317583290534846,0.07885858420299814,0,-1.574785275405584e-05
1484,0.22111070029943236,0.07072390960985779,3,0.006909595705885351
1485,0.28185962994386726,0.09097956188429832,4,0.01018553475521201
1486,0.2545985331795617,0.11378679890117147,2,0.004555475148860548
1487,0.17934531640149085,0.020271271905038746,5,0.01089369801090873
1488,0.15422442602306846,0.01808930711825188,2,0.005821898918018094
1489,0.29564482918223456,0.014516786786829078,9,0.025600176941733253
1490,0.3101956705625623,0.047128224045782624,7,0.016137020973444383
1491,0.06611702006076649,0.07965258212821873,0,-9.798778852301975e-06
1492,0.11079892666469061,0.05923801004896544,0,0.00019963319382728078
1493,0.23226032310758676,0.004654890726417518,9,0.028072018979816885
1494,0.013124801187198625,0.11249770683883227,0,-1.1712423982663327e-05
1495,0.16012278349093922,0.09240743573596306,0,0.0004020294030069807
1496,0.11783108899448243,0.03302031373300063,0,0.0008629588256857304
1497,0.07163742207480985,0.09592721683988377,0,-1.3578378991004859e-05
1498,0.21180782472602042,0.05302534424632061,4,0.009061287558225387
1499,0.15461104408613163,0.10211447241082232,0,0.00020289630753369108
1500,0.21433719799833906,0.011198102561872966,9,0.022845028429437843
1501,0.2411946153354831,0.005635994283536311,9,0.028398880259147684
1502,0.1179223879745904,0.04145510788332042,0,0.0006073722873314408
1503,0.19965145838321524,0.09465449895815096,0,0.0017027673159071624
1504,0.05948028868966801,0.091680804438207,0,-1.4983838243914255e-05
1505,0.20842314966142933,0.08434368700369203,1,0.003266425227565544
1506,0.24157031949236768,0.06890414064693363,4,0.010328471449518819
1507,0.16013838292436747,0.07966055519268454,0,0.0006906348911621412
1508,0.1141787648066217,0.055403964871754,0,0.00027925178033281713
1509,0.33625652653114707,0.01910913992632679,9,0.022701086325644198
1510,0.17495643338144004,0.05429285489367805,1,0.003184788405832249
1511,0.2011371692576264,0.028947151136310453,6,0.013499525341374588
1512,0.3039324162932202,0.07842066187563355,5,0.01193753585496838
1513,0.29687952587529837,0.008385230996089232,9,0.02818048135888237
1514,0.22965148724917878,0.025533671075693917,9,0.019996385383767846
1515,0.3460248655613381,0.11501292778114304,3,0.007790084298840793
1516,0.328837120687198,0.09696571478687681,4,0.00951206691395825
1517,0.11980217145411239,0.0980707016480007,0,3.656059876759584e-05
1518,0.19164837620278707,0.06871661805369036,1,0.003299396058715836
1519,0.2552578780045096,0.10440842702723467,2,0.00586643666705285
1520,0.12539749570900105,0.015540093672401209,1,0.002345901537866418
1521,0.19979883499204626,0.04088915901559613,4,0.009716725702775448
1522,0.29897417688823535,0.03166766589378389,9,0.019995876561698288
1523,0.11410296322044783,0.08938820599107766,0,4.526525003272502e-05
1524,0.14252880082361663,0.03090760383917099,1,0.002440803785170312
1525,0.2739278167491997,0.10719327195262322,3,0.007379948231945752
1526,0.02652350099049448,0.03427568643775776,0,-6.429886118645002e-06
1527,0.2757556549832729,0.10745800416154982,3,0.00750364251643454
1528,0.022906255219954878,0.004892465489999165,0,2.851663892650865e-05
1529,0.066076124157589,0.07062657633260563,0,-4.200512755070468e-06
1530,0.0023816244901046944,0.01352244846971521,0,-8.47322191513079e-06
1531,0.15957152415107093,0.02190934489534893,2,0.0060315251511727196
1532,0.3243403468211296,0.12764523661236363,3,0.007501768285690114
1533,0.029258794596537355,0.021434738988676066,0,9.460424495367577e-06
1534,0.009766972429448217,0.005445216639383497,0,4.8031166671862755e-06
1535,0.09063729237017147,0.0425141835027545,0,0.00017067555693627156
1536,0.04013666017655837,0.032073948665165525,0,9.765073157832076e-06
1537,0.22471317919085876,0.042311276838607415,6,0.0141983071830627
1538,0.006766905993092814,0.10044867533804996,0,-1.2275682319493586e-05
1539,0.3463767107265319,0.09953834054605348,3,0.008610702632245849
1540,0.3371132579696142,0.028133311102323887,8,0.01953917362937043
1541,0.0666002614178204,0.07982829738908659,0,-9.650823410264777e-06
1542,0.24246953590766523,0.021903223710914355,9,0.022447677495624544
1543,0.21524810688196258,0.07027126728294943,2,0.006109298239177898
1544,0.22213066768313586,0.025907808215288194,8,0.01877622364093704
1545,0.31647977546510436,0.0191643503053765,9,0.02330879324479223
1546,0.07695071675016246,0.017391851584727423,0,0.0002950926054271505
1547,0.23656297558063408,0.059500091892346084,5,0.01168435197013277
1548,0.12696751762777114,0.0076393413280998685,1,0.003371317466135365
1549,0.0056456838474625674,0.09211433971122641,0,-1.2989917884833333e-05
1550,0.00856317534273649,0.017203500209811085,0,-6.9878530090073435e-06
1551,0.3389581549192541,0.1350704094277893,3,0.006980502532856175
1552,0.06011864919263684,0.025318055216210902,0,8.596065800205224e-05
1553,0.027287091662164267,0.02678241746877303,0,4.640384369256964e-07
1554,0.09646982482864071,0.058419619719688856,0,0.00010144639170355024
1555,0.17077850463666133,0.0444621117383449,1,0.003935395668785211
1556,0.2486995366548049,0.07625388503810211,4,0.009780951396582045
1557,0.2141706973437715,0.0337080912542502,6,0.014805115565559518
1558,0.2544052919987481,0.0050659962652232216,9,0.0293356434510839
1559,0.21777108609604198,0.10099680792135855,1,0.0024825090777699068
1560,0.2676152797250758,0.09177173772787102,4,0.00908371726826584
1561,0.342184696796511,0.135328613857529,3,0.0069219649945385184
1562,0.2546864995381588,0.07260682332401118,5,0.011153252795193726
1563,0.29477939151048155,0.018856321218400838,9,0.02400826221657299
1564,0.0684725263882407,0.07232150499916545,0,-3.647711829159704e-06
1565,0.3379359117932689,0.05014597275392249,6,0.014288874386040797
1566,0.19492093813375394,0.04710362671993704,3,0.007273467794857604
1567,0.3035223817768427,0.07160405269179457,5,0.012742178785524168
1568,0.3181167635941566,0.06261986685578697,6,0.013331492297467966
1569,0.27352142971922183,0.004733468811133262,9,0.02990945907311188
1570,0.343273433239846,0.0924132533269229,4,0.009217724008336876
1571,0.20116911067435558,0.00616699646671609,9,0.022167259128238675
1572,0.16551862815792323,0.03405947297526461,2,0.004781934247479772
1573,0.25715356046495924,0.09462198683750789,3,0.007561659985888345
1574,0.011609708946823265,0.05731534006117127,0,-1.5748461112247292e-05
1575,0.28992445637275155,0.04193937483385404,8,0.017871618835235473
1576,0.024697183457856417,0.02141764345676909,0,3.5139048620849248e-06
1577,0.12811426663126224,0.014393943574177545,1,0.0027133948041135397
1578,0.33783549685604347,0.046487754050218655,6,0.014975289569059967
1579,0.09307939890420105,0.007119476759287466,0,0.0009241326078990955
1580,0.20712362810755894,0.027896104606688746,6,0.015201585156534452
1581,0.33528005425054364,0.044978373854554006,7,0.015397334940043332
1582,0.12355660707355134,0.0367139812749126,0,0.0009336955753220379
1583,0.3233210859724324,0.04187439597289387,7,0.0166015358622316
1584,0.28820397334813147,0.05211559984559095,7,0.015964173338618413
1585,0.12695499065130697,0.008263746869368888,1,0.0032905035120044724
1586,0.3436655796400846,0.029481805463134128,8,0.018862508502045995
1587,0.22336512375923434,0.10147356636236418,1,0.002901936825590793
1588,0.11994341029284748,0.0890947853402049,0,6.662449626254641e-05
1589,0.17157521474554496,0.09936788079867112,0,0.0004822467805676696
1590,0.14733204363811864,0.014379891255703114,2,0.0053139324806063554
1591,0.04422281854706532,0.1094379390147885,0,-1.4906731316453766e-05
1592,0.21448018893845158,0.0283108342831066,7,0.01659874488473427
1593,0.02990602485194516,0.04865152153164745,0,-1.1905444616763163e-05
1594,0.25625023910804856,0.09951970629888102,3,0.006696361501023292
1595,0.034479743218065184,0.08861797238497726,0,-1.5574726829284778e-05
1596,0.008291636060975981,0.0985058262662675,0,-1.2619468883132276e-05
1597,0.15738543484585377,0.0796072005548595,0,0.0006190556764723391
1598,0.25970974532419283,0.0320310146012623,9,0.02029861901017532
1599,0.010933123192717591,0.110529656496434,0,-1.169066458745238e-05
