,f
0,0.3814707502283566
1,0.008770703425776951
2,3.6122977324672633e-08
3,0.17243353855870827
4,0.005802468017105111
5,0.21720566501259292
6,0.8925483307315188
7,1.4734911139421318
8,0.49012272006934604
9,0.4180501946570011
10,3.4677645235661993e-09
11,0.3884308225948962
12,0.04287284770482708
13,0.4308668337792416
14,0.1812516497779538
15,0.8464424285297721
16,7.651675055260306e-11
17,0.07121427149621326
18,0.3865588316856396
19,0.07520368861638384
20,0.47239811129267
21,0.514842771760693
22,0.7936014406329895
23,0.013593475861008902
24,0.1628818803880375
25,1.3834133137653195
26,0.20894707204368929
27,0.0006312219809508635
28,1.2848651672405524
29,0.00012138927510127673
30,0.0642938203494791
31,0.12268868370177471
32,0.09584696518815124
33,0.01822132180531896
34,0.5900850508619164
35,1.459868403949951
36,0.1340198041687923
37,0.06726821221552781
38,0.002398679396783244
39,0.13943543840359132
40,0.012557666476861089
41,1.6022637906251005
42,0.27125974435631073
43,0.00033803040069421816
44,0.0018055403263274783
45,0.08995733244896319
46,2.3702777857929592e-05
47,0.22529917692193124
48,0.0003649198111831148
49,5.650714903006875e-05
50,0.30121628304253056
51,0.20186376055808675
52,1.322179792659941
53,0.8883616793171814
54,0.9459208148893228
55,0.00036851936843947396
56,0.0016993878705236923
57,0.03591537136922746
58,1.162460265757037
59,0.004176643003637336
60,0.0664450635400389
61,0.6411291879716243
62,1.605021391510071
63,0.008928968302140515
64,0.9328905074959878
65,0.20327161784464828
66,1.357658910561631
67,0.5560728851905358
68,0.5758739696060089
69,0.3136112877205247
70,1.009038912867713
71,7.3868216727715555e-06
72,0.3311506098769787
73,0.10442341256855496
74,5.171186558830146e-08
75,3.453939303603851e-05
76,0.0005216353748719734
77,0.006816206974385945
78,0.042270710190572595
79,1.124866446636433
80,0.5514537840994003
81,0.0005216583226344577
82,0.001145236389421872
83,1.5715900611513296
84,1.5661261882775703
85,0.09960531219056909
86,1.0988755514267987
87,0.11466197431664435
88,0.4751691921787963
89,0.6125722771653359
90,3.901353235682112e-05
91,0.8858344691463867
92,0.00041676382670707254
93,1.4592227417092518
94,1.4808331594394868
95,0.0002793926345267383
96,0.8147473647995536
97,1.2440805095790557
98,0.6153697364844714
99,0.7567999876026088
100,1.4660410167449472e-06
101,0.029446530958048903
102,1.3937480441320558
103,0.0019501667438262297
104,1.9803989510518616
105,0.11425675309459567
106,0.03063613242268575
107,0.9733897236437818
108,0.1559708602535053
109,0.0010301656023552711
110,0.0005240848845323261
111,0.004942390042768257
112,9.369259608075605e-05
113,0.43897701491598046
114,0.0007062117075496075
115,1.8428522740127017e-07
116,0.16382667650124239
117,1.2961580506460328
118,0.0008807132630706699
119,0.059622825938268786
120,0.6865961808842639
121,0.9918400009783469
122,0.0029295626289637315
123,0.7459385672820525
124,0.004298671857677808
125,0.002195908748551344
126,1.2162726980622323
127,0.0031655618341060693
128,0.9180550303230666
129,0.9523240303377895
130,0.6502455471915416
131,1.0778870713280664
132,0.9528105621996338
133,0.07443927040499124
134,1.1948820286027455
135,0.041596094205675754
136,1.6190100406087247
137,0.10977517860044655
138,1.4649576352768143
139,1.479850475564392
140,0.7370797639259627
141,3.281137095155456e-08
142,0.3407730088582369
143,0.89534598354919
144,0.5531410959688905
145,0.15818847991806897
146,0.907559128169517
147,0.5082689176205439
148,0.34936141187270886
149,0.5076924280767765
150,0.014916309495013895
151,1.9472706718887363
152,0.8085197844936776
153,0.04461674710595724
154,0.002198987416458243
155,0.7538226489593467
156,1.3138943244237202
157,2.6396646509146443e-05
158,1.9556760842050374
159,0.8642868686077232
160,1.6043844359616128
161,0.34905932203194434
162,1.797369142846101
163,0.2417109307067589
164,0.5107371266249809
165,0.2551803209492661
166,1.0918152624456168
167,0.9168786567087268
168,1.447777274334371
169,0.0008484616918153578
170,1.1466548767008835
171,6.9781674884620185e-06
172,1.2059181946958806
173,0.10693078908889302
174,0.8642197469966203
175,0.11587131283682786
176,0.06700911384963298
177,1.2567589960246368
178,1.0344732798303724
179,0.002323357331981315
180,1.2216060156862738
181,0.0725601342206719
182,0.5499596962732574
183,0.6995329379604813
184,0.003255652747363162
185,8.587957723502392e-05
186,0.8497330767633013
187,0.002689792403484623
188,1.4591095925584439
189,0.07567781532039204
190,1.3079704980873776
191,0.03959432388758584
192,0.1522993677052656
193,0.3143382377156527
194,0.18872407119529802
195,1.6867545519095586
196,0.023851764934317864
197,0.024013891814554926
198,0.00044760177024172213
199,0.7692912234620822
200,0.09169480901005439
201,0.5790739714209245
202,0.0019035082948422226
203,1.4226202245386339e-15
204,0.26681731888128213
205,0.026695999108459247
206,1.4884174549284954
207,0.10427356671310076
208,0.017533802998473992
209,1.64670630100766
210,0.0031296711034461046
211,0.8244963870704742
212,1.088993333166464
213,1.11002597045296
214,0.003644308279609197
215,0.755862064842455
216,0.3837935947075389
217,8.105924951241558e-06
218,0.9037667755464823
219,0.020935489391260706
220,0.003358730971565448
221,0.4645313414162443
222,0.31832931504279927
223,0.036402760618264536
224,0.4257689135039802
225,1.009004914779298
226,1.7399985126107347
227,0.2796947395027285
228,0.007887007568092536
229,0.0018366330537220611
230,1.0919283481566193
231,0.026358707445334296
232,0.38387155890533436
233,0.00021776381775402844
234,7.93413296582269e-07
235,0.45545346488770905
236,0.12986394710686944
237,0.9970136554123276
238,0.1647063716043945
239,0.019912545788189993
240,1.3980707709037044
241,0.40056173842579595
242,1.308203297366482
243,0.0002761865887005296
244,0.00012948613004293053
245,0.23582365764363036
246,1.058424289598625
247,1.4400519400560923
248,1.1997176736963437
249,1.2194915640995385
250,0.7727950408643891
251,0.2416045013267132
252,1.965097586522524
253,5.103032594900096e-06
254,0.011830476247569494
255,1.5418242603092247
256,0.24106486912820424
257,0.4591264432132974
258,0.07581965567989701
259,4.5225645814660307e-13
260,0.6382383266181597
261,1.7363681186356257
262,1.1490099164005971
263,1.3100655577088027
264,0.9313638924216849
265,0.6730550979406911
266,0.37109652153773137
267,0.020468616188907142
268,1.2449771281371678
269,1.0558011677638306
270,2.0281389494050485e-05
271,1.4646702711387745
272,0.007895749036557948
273,3.7219270181777772e-06
274,0.3470995687176378
275,0.0006353767184282163
276,1.6049565170289872
277,0.16601438807284818
278,0.18712812389140923
279,1.200805383452124
280,1.1998758087158771e-09
281,0.42620097123921274
282,0.17474308544228645
283,5.48455916099441e-08
284,0.8952049590018474
285,1.3222509622195062
286,0.0009165970373264292
287,0.9597546037824727
288,0.007528272781907783
289,0.4002211514198494
290,0.43612918729228317
291,0.991852453412315
292,0.5355741233667565
293,0.02683354204717632
294,5.564210413861154e-07
295,0.6976874058242896
296,0.127349144293348
297,0.016128986237225255
298,0.12584685393135955
299,0.610530129084064
300,0.4238014540876659
301,0.7211268454113944
302,1.084881907217291
303,0.2210526521411097
304,0.000920599498251245
305,0.188121776642922
306,0.008916684712506298
307,1.2595349155602513
308,1.1679405946737997
309,1.228022848340049
310,1.1410692562729416
311,1.1163294845430782
312,0.001502505999636038
313,1.145860647172474
314,0.0008069903233064023
315,0.000360052970299586
316,0.6061839428023749
317,0.014209995783363764
318,1.0270219523387112
319,0.8122229259371123
320,0.9911151202879731
321,0.6527572568636069
322,0.06907721631330951
323,0.0010602143855345688
324,1.890781291080729
325,0.3298311853831297
326,0.0004955378767913184
327,3.811628972661837e-05
328,1.4439918504674632e-05
329,0.8755616218161368
330,1.3602208294878166
331,1.505938266043345e-08
332,1.338606584562766
333,1.639517446818223
334,0.22855405261649664
335,0.9673323729864322
336,0.002801286748579136
337,0.026122094016545694
338,2.2662253374384735e-11
339,0.00012174809461118511
340,0.4226187182600597
341,1.3211555373981911
342,0.0005315230088047787
343,0.028672472147862938
344,0.002546886275211195
345,0.0560150589863885
346,1.3483951438606445
347,0.0037402969709827783
348,0.14324076773428152
349,4.035242873510828e-08
350,0.0019214364293615273
351,0.5892134283041349
352,0.0002049070878749419
353,1.9844129685934702e-07
354,0.16703249091963163
355,0.053000949354231774
356,0.7947812653396709
357,0.33016834449644344
358,0.4296500718798922
359,0.07202973678620299
360,0.035874135738012375
361,0.629950158501999
362,0.021333467591713815
363,1.2290417892514438
364,0.866173204704626
365,0.4438835444904202
366,1.3071926334101678
367,0.7911768191302521
368,0.1122043217834781
369,0.9907050116940314
370,0.012840949526008068
371,0.9670449501415946
372,0.023727488408162457
373,0.1955504360810379
374,0.2552470794498269
375,1.001021629850165
376,0.0036593110768118253
377,0.8032292307663135
378,0.9296153214223541
379,0.08335206522497964
380,0.014552318600374224
381,6.827137796517778e-06
382,4.741538095626022e-08
383,1.4710924716802738
384,0.012990196460093506
385,0.33119241367906593
386,0.0001576686914064062
387,0.1025624680319205
388,1.672044318308592
389,1.3292702936991807
390,4.812837121443115e-05
391,0.8059378460519903
392,0.4161508831074033
393,0.08829537745426333
394,0.32023912289292505
395,0.6273784084015108
396,0.853154192105025
397,0.001921580032140924
398,1.5472682727803204
399,0.0035365258656254134
400,1.1010136423778862
401,0.0001799713644787692
402,0.01960983658870618
403,0.005908427767366027
404,0.08430603828413265
405,0.0016032542569474186
406,0.014182223703108825
407,0.5098060650141474
408,0.8625992719258607
409,0.2577052405127652
410,0.1992840228657638
411,0.7039598234486654
412,0.002151118184233858
413,0.9937545340010917
414,0.3701116927395604
415,0.36499504191407345
416,0.8595581672040495
417,0.0370888460306406
418,0.06342935532886242
419,0.01627732047771012
420,5.328159674760312e-05
421,0.16189829928034852
422,0.0007813244003370896
423,1.2987319621496287
424,0.024288633106795784
425,0.8481077285252682
426,0.43412310532361453
427,0.007147887855625579
428,1.4713320965285663
429,9.972274467819461e-06
430,0.05089152655792758
431,4.745925688362319e-09
432,0.5792080380406935
433,7.908131260776741e-05
434,1.062524442864781
435,6.841192172828957e-17
436,6.805176681947428e-08
437,0.3626990503860855
438,1.7176671138116215
439,0.3972054035625395
440,0.5844435076595119
441,0.11342881955709672
442,0.00027990337123495556
443,0.011750938558951823
444,0.002796942211759857
445,1.5752330557780354
446,1.2011152238774445
447,0.00166888258973383
448,0.0003284236360201138
449,0.0007611239830410244
450,0.055594302132875334
451,0.05379941906893073
452,1.3743429533870746
453,1.2258733417541436
454,0.5151822021388816
455,0.4237861005009418
456,0.9086688011236321
457,4.9370556150250054e-06
458,0.020087794076510058
459,0.16457909384081343
460,1.2079878541241975
461,1.2043267608932695
462,0.35201032437082175
463,0.14045391219148198
464,0.0056551454484463325
465,0.326264413541544
466,0.4312503652327434
467,1.766053365535204
468,0.3078523583761001
469,0.19046673573921932
470,0.10084969563368798
471,0.00219583836996197
472,0.9681364128300445
473,0.3333297919497737
474,0.29650469381688704
475,1.2463649038963511
476,0.0027980035042831928
477,2.07170394146855e-05
478,0.24592756146299924
479,0.21419803618148348
480,2.758064525202097e-05
481,0.004557047363917939
482,1.6725449648632447e-07
483,0.4910715705838774
484,0.0010666153509477146
485,2.972063560589259e-06
486,0.058375716141026275
487,0.0017294070452263184
488,1.6842754624346847
489,0.848829046719821
490,0.15958853135806497
491,0.07471512476396855
492,1.3109982835693499
493,1.3246660892217788
494,0.002134925254915941
495,0.02637640316096873
496,6.827032475568473e-07
497,0.047879387000117395
498,4.1543812925230215e-10
499,0.000640908184213282
500,1.3952962281938566
501,0.028381288392076435
502,0.26613938228099787
503,0.32895997255664483
504,0.01342835080980287
505,0.00020686668267621755
506,7.282223132170501e-07
507,0.00013857602558157945
508,0.012717674005536864
509,0.800588823523674
510,0.04873743653732538
511,0.4360112912709598
512,0.5549759002053155
513,0.02821248247698778
514,0.9214512776664449
515,0.530204013759397
516,0.0001301776033360566
517,0.0002663560198070164
518,0.003022536736196241
519,1.295684157910019e-08
520,1.4403447263540208
521,0.24697177187702807
522,0.3279696542474355
523,0.0014474944616692685
524,7.997151504711251e-05
525,1.7943834319546112e-09
526,0.1357305084670086
527,0.43003488721267874
528,0.0022789487865780486
529,0.4875014216345949
530,1.5246963274737561e-05
531,1.237055576000966
532,5.406236931023107e-06
533,0.22056170447099005
534,0.4068963678475897
535,0.08010653078607599
536,0.12402835225468806
537,1.5489238868254465
538,1.464485157636019
539,0.019448466886337796
540,0.4727907446811359
541,7.428481073124241e-08
542,0.029903381953569994
543,1.2224239587891224
544,0.0006295896224691793
545,0.5562392490321985
546,0.047744341751095105
547,0.49501803766214836
548,1.0353854050393883
549,0.5258698470676855
550,0.15238329279832707
551,0.00021479254745207114
552,0.03152749377285697
553,0.16985662421291894
554,0.001256352647209663
555,0.019703658877165922
556,9.136217684243566e-05
557,7.421101546345868e-06
558,9.363930376884051e-11
559,0.8334211805225017
560,0.004410574708423213
561,0.5405299270402556
562,0.0003996884797317758
563,0.21482336880936187
564,0.002221138280309261
565,0.008247604026805475
566,0.005772901562710456
567,0.6084019450999161
568,0.006552226074753514
569,0.004314171121014065
570,0.9185631002992323
571,0.05212897200594502
572,0.010569689523306239
573,0.8146556352756185
574,0.03139893447499119
575,0.023816601591595175
576,0.003963630594555994
577,0.010085521575940004
578,0.46030025445544986
579,1.9040529499664898
580,0.0002995341335114153
581,4.696187453172018e-05
582,0.1461879393133335
583,1.5232134377196815
584,0.06673177295542526
585,0.9873802128563028
586,0.045858571580967136
587,0.07196996460773847
588,4.562039791024225e-05
589,0.04270769610836662
590,1.2375316287739455
591,0.013444618204283174
592,0.417086788393514
593,0.46079358904612294
594,0.0006869604452105287
595,0.2577883008369814
596,1.1802370427635631
597,1.0687626226927982
598,0.24002113758112306
599,0.00018737585122157217
600,0.03018787443720213
601,0.8863010187889407
602,0.015964834701240174
603,1.3788856852349587
604,1.0289053425973631e-06
605,0.003898265909989971
606,0.8899359897994553
607,0.5256695734872097
608,1.820437234915828
609,1.1537276648649906
610,0.01363373877323047
611,0.6146366951774278
612,0.2815446911681616
613,0.23007531858379668
614,0.2186421446331478
615,1.3781464683391653
616,1.5168796258589927
617,3.9653858679693994e-05
618,3.2420398122046663e-07
619,1.064715742851381
620,0.6079450690821954
621,1.163921426088444e-08
622,0.20172408276175915
623,5.12404934214684e-07
624,0.8184820369425371
625,0.4259760602886497
626,0.024532418183689272
627,0.6596436403222523
628,0.8170358440701929
629,0.03517283998791232
630,0.4907366725212097
631,0.37952210303161876
632,1.2997108361824674
633,0.5774857132395755
634,1.704022716662762e-06
635,1.1512296802603443
636,1.3305214073535077
637,0.13671672348088404
638,0.016622291983394495
639,0.39440373205574586
640,1.1441159226528517
641,8.231110262293538e-06
642,0.004588440722105791
643,0.06197224137203975
644,1.5887776219169887
645,0.3146644342305684
646,0.0002093852185604776
647,0.056955201392187155
648,0.00775226001111884
649,0.4915358230654842
650,1.8474339186246427
651,1.6304114623845742
652,0.02180667576326938
653,0.10536643007599181
654,1.079449724403618
655,0.6231308759384971
656,1.6859952257513326
657,1.0456891985543766
658,0.0001067806669142755
659,1.1391335263974314
660,1.2100707917240323
661,0.21741932688966709
662,0.7590620953745886
663,0.0001798340078526343
664,0.0024438361347535677
665,0.00017560238969079175
666,1.2529813929775657
667,0.03843051076111541
668,0.06836285444748229
669,0.2903571474024014
670,1.7692853107633169
671,1.4882485511474293
672,0.527831468519761
673,0.9874979140887152
674,0.07439925014182938
675,0.3374450666472282
676,0.023213992023418215
677,0.00822888304985515
678,0.038698659312595335
679,2.1519216971819583e-08
680,1.2049460799707845
681,0.010531493863183056
682,0.6525313105528857
683,0.42166780195936143
684,0.40488577484436283
685,0.0026671233956578316
686,0.025601225723450388
687,0.008078773428510119
688,2.466163438919344e-09
689,1.4163545163879345
690,8.896817665355891e-17
691,0.7320278753796375
692,0.016703275501378092
693,1.486655321555828
694,0.026092315761911712
695,0.18970746381645195
696,1.252270618223415
697,1.547772002574341
698,0.5809696862500668
699,1.4982263884621307e-14
700,1.2624245197300794e-06
701,0.4465753949050622
702,0.5949050787784302
703,1.0253773201373677
704,0.0005649519556567047
705,0.001078935819477921
706,1.0657929448838288
707,0.5542495246162887
708,0.4824380979968318
709,0.0019128429345698485
710,1.3802303189736729
711,0.39777334995436475
712,0.10529174165651382
713,0.568743831942795
714,1.0132658028420838
715,1.0454675566412297
716,0.6990618507004214
717,1.1487358271973644
718,1.4199659537857083
719,0.007658868161661808
720,1.5611781547598966
721,0.6390403162819109
722,0.0005827068625347219
723,1.2217239076900797
724,0.9240945103135655
725,0.14002972463739125
726,1.1677737491821887
727,0.04015284099020959
728,9.132814140554536e-06
729,0.5542601082403493
730,0.5933421732739017
731,1.3375649403935113
732,2.791059695458677e-05
733,0.3808672335187679
734,2.038175807406781e-06
735,6.595578996117678e-05
736,0.0019086440362948147
737,1.3416280182824074
738,0.3143330126057143
739,0.0005284056710905204
740,0.048634390796992825
741,1.931193307891275e-08
742,1.2097072581927384
743,0.0029109234862919786
744,0.00025629938914187056
745,1.4190007124055803
746,0.047203389841587194
747,0.03291090588763484
748,0.943495021739442
749,0.18959639133421655
750,0.8463839855932184
751,0.05069397645185335
752,1.9543520446212395
753,0.0048934749080023635
754,0.7826148927069843
755,0.00010379669678659708
756,0.006298405686702567
757,0.9045110631958558
758,1.3108826696554843
759,1.5879365875970335
760,1.1450567747607912
761,0.14632312907532796
762,0.9930341597031115
763,1.4673257900606624
764,0.833249209258842
765,0.33629874882995947
766,0.14471664993779068
767,0.30797789823541377
768,0.06666094966542513
769,0.3739093251215624
770,0.40724344743682933
771,0.0016714885149624386
772,0.10748925722850994
773,0.7583103151210362
774,0.06851476251810519
775,0.13412040811740292
776,1.5146128941626087
777,0.9386278991821854
778,0.0004605431607232754
779,3.653821070732301e-05
780,0.015661504125872763
781,0.0005141545254365655
782,0.23492623890214587
783,0.0005175307917525162
784,2.9093920694468526e-06
785,0.003027073936857965
786,0.31635749066982294
787,0.15639194691712083
788,1.406609325960606
789,0.6328429822578547
790,0.9619853170277363
791,0.005102892160792938
792,1.6493215452661152
793,0.17018146200483364
794,0.4926752054873828
795,0.0036841926904619647
796,0.00045213011103812143
797,1.281740668884062
798,9.89278782569789e-07
799,0.8138660623360433
800,1.3110393968949465
801,1.557743339055692
802,1.2300330338132536e-06
803,0.27096038822703755
804,0.3728106118665824
805,0.009924010533864408
806,0.032497116364455625
807,7.04740740130099e-09
808,1.5390739779914435
809,0.0002462507145987823
810,0.6928733102841375
811,0.2856240208714241
812,1.3020037422913306
813,1.1639187665379126e-08
814,1.7541411512297442e-07
815,0.004338707516189603
816,0.000541655181693815
817,1.1319335742596952
818,0.01994274901071834
819,1.3285713943478676
820,0.11814938781326648
821,0.9690003214192721
822,1.7630484038421037
823,0.0006342033696209145
824,0.7314285733297395
825,0.0019509114445753909
826,0.46942166163124377
827,0.15016948345712125
828,0.17003238325548878
829,0.027127719208751466
830,1.3901701883571296
831,0.002686110197313881
832,1.089173521995663
833,0.9412866968253839
834,6.835756240204745e-16
835,1.1669666074278484
836,0.4751101389902895
837,2.620134257067937e-05
838,0.06283570234867385
839,0.036057278229257514
840,0.0031223152339581494
841,0.8517509877358014
842,0.0021800605713907556
843,1.700866256478654
844,0.26774825104982647
845,1.448396057614215
846,0.02013193102608236
847,0.280743742304007
848,0.0002110148927269826
849,0.7679085694459651
850,1.4301047719416309
851,1.9345320628335636
852,1.0254834448888184e-06
853,0.12263255669339229
854,0.03232180244444713
855,0.26136276826651245
856,0.005597754761519407
857,1.813186176575255
858,0.2571742186151297
859,1.906219901017114e-08
860,1.658328160216675e-10
861,1.7217368256097565
862,0.15625076058777085
863,0.00022040566800541456
864,0.022953124818446174
865,0.7128770223801268
866,0.0013642641731333753
867,0.41857048598577734
868,0.7076463131612099
869,0.1323420296157677
870,1.0846657943194928
871,0.8531840015605349
872,2.5344155296210106e-05
873,0.0006101447261664683
874,1.1418065584273502
875,0.02433071280331794
876,0.9477152469596433
877,1.618164280575926
878,0.009719702338160592
879,0.03869357020266256
880,1.2717504297557087
881,1.5538818214838972
882,0.0002683012796945958
883,1.5420507346603352
884,1.2359987079917072
885,4.343474055174674e-06
886,8.544945553358586e-05
887,1.0043459110312373e-05
888,0.0012969299357269903
889,0.1719394652785905
890,0.7537294480087853
891,1.516511368896814
892,0.33055706619860087
893,1.9451044633476609
894,1.07009880640334
895,1.2928713159412442
896,1.0420089419186285
897,0.10445543793925707
898,1.3059164672942376
899,8.253709107314617e-06
900,0.8083377560803032
901,0.6077985042352751
902,8.509264320033948e-07
903,0.009134001274709563
904,0.06620967705582817
905,0.390853960460558
906,0.8570079243394739
907,0.0056949353900615785
908,1.7773436693179283
909,0.0002229825856533506
910,0.11071837118075148
911,0.9730461159021012
912,0.000616420475045455
913,0.3076199559950903
914,0.005996677774318575
915,0.9479114997167541
916,0.49527759533947074
917,1.563803106666405
918,1.2674610410079192
919,0.8465427688298075
920,3.6355309832674084e-05
921,0.7873210886280946
922,0.019464031648541342
923,0.22373186217866503
924,0.048712767713512996
925,1.394559321212983
926,0.19407795505665557
927,2.7013968089910912e-08
928,0.012282694578326137
929,0.6278198894186982
930,0.29723714510310895
931,0.02166808724520306
932,1.2410072896306947
933,0.2542942447639087
934,0.03222307470245749
935,1.4400323157106072
936,0.0035192595838380455
937,0.11325060678094828
938,0.3488861398174656
939,0.929168019629633
940,0.33734363436920933
941,1.0003078324177497
942,1.175558069223139
943,1.0192135798541035
944,0.12216666620171171
945,0.007306929030905742
946,0.5906285243633909
947,0.9219951108593379
948,0.0038212570002944457
949,0.17659667379973498
950,0.6378897035751835
951,0.30976123376946235
952,0.8718693293641088
953,1.5389189614816488e-05
954,2.825332344530161e-06
955,0.001393505672871998
956,4.4771148906852346e-05
957,0.3854507912658322
958,0.13880186228724664
959,0.0009186580814763939
960,1.8032267753950626
961,0.9666383115149909
962,0.37334236879668387
963,0.5778387130706447
964,0.14406535280111282
965,0.4092595496391292
966,1.2667894566027988
967,0.3033211673759164
968,0.0001850019527526766
969,3.0113217432431546e-07
970,0.0161572197380912
971,0.45060239205084374
972,0.026051455479376387
973,1.5641579776344512
974,0.44872983462108573
975,1.0844712808971977
976,1.5225705644666458
977,0.0024838683993167543
978,0.5518769312890303
979,0.002483463928989911
980,0.8615368147154631
981,0.735758410895174
982,1.3694076825586998
983,0.01652504754241853
984,0.031979644320361975
985,0.0053076750441961576
986,0.0015050568782473772
987,0.4979957052353223
988,0.00802286432261441
989,0.09906939288490967
990,1.1375432541221417
991,1.1542894739058502
992,0.9775091254158558
993,0.0012096214492249035
994,0.09732038109485747
995,0.01973100867925238
996,0.001298157467477776
997,0.7732612388893058
998,0.01137345241291265
999,1.0825835894872607e-05
1000,0.6330516200777456
1001,0.0004645601791115289
1002,0.0354484770246024
1003,0.06468292575663594
1004,1.2426380137002488
1005,1.3009764874149303
1006,0.0008370176600720165
1007,0.05225604599721286
1008,0.6046389436646237
1009,5.284001661922885e-08
1010,0.2783147483720116
1011,0.003369112548138869
1012,0.6713397618276983
1013,0.06563772839059229
1014,0.12087163726674843
1015,0.9777533401324767
1016,0.6552588927715584
1017,1.486639400816682
1018,1.0465105940106287
1019,1.6679066085729348
1020,0.0003253004134932117
1021,0.08093779003008433
1022,0.06583821408359215
1023,0.24976827485625508
1024,0.09773571186367802
1025,0.038376458556696975
1026,1.4536978772116032
1027,0.1466158079191499
1028,1.8547787279212848
1029,0.8983319166096567
1030,7.199344880265703e-05
1031,0.268539319066303
1032,0.0007822272712041182
1033,0.07869872823071111
1034,0.9774000680706056
1035,0.11985350409625618
1036,1.5463301663032354
1037,0.27565867532801225
1038,0.005230775513222817
1039,0.13521656043776104
1040,0.00018534418310831572
1041,0.001560557671286466
1042,0.011563239168562502
1043,1.5505763170862061
1044,0.17077232465097467
1045,0.9469978257086813
1046,1.300532716881056
1047,0.013005967827219187
1048,1.416057605558032e-06
1049,0.5727702790660126
1050,0.21446172573605465
1051,0.0001551643070900649
1052,0.24788428984049857
1053,1.7347433902278386
1054,1.6101406548944501
1055,0.0002007551522074592
1056,0.0056542074131428035
1057,0.0025019321472127295
1058,0.10661619811623407
1059,0.0014424448785350672
1060,0.3245990859870156
1061,1.5589366202090136
1062,0.09024845491930754
1063,3.548370594798891e-05
1064,0.011617911218850864
1065,1.04828864483829
1066,0.01947842249975221
1067,0.04445583096348758
1068,0.8705197338974198
1069,3.864352082221498e-05
1070,0.012018763323203712
1071,0.07673800315322993
1072,0.1018616129259417
1073,1.519987092125446
1074,1.108292144272552
1075,0.12153008792245495
1076,0.13772680510323
1077,0.223721927101193
1078,0.010393076160187236
1079,1.1626030337594748
1080,5.465992420298705e-05
1081,0.7580631273267548
1082,1.0785402457250277
1083,0.09894208547081515
1084,1.5502436807897846
1085,0.08968781857683103
1086,0.20913637810698105
1087,0.029725025776096786
1088,1.1314241829718232
1089,0.3753490159766548
1090,4.023072024783849e-05
1091,0.011703474399919565
1092,0.7023804967794909
1093,0.0004902740787760631
1094,0.013882092991769474
1095,0.010632088062118423
1096,0.7954953187044681
1097,1.899997636769443e-05
1098,0.12059173478368661
1099,0.0007868415994541149
1100,0.009970189422412089
1101,0.11897530079426001
1102,0.0030943806924415315
1103,0.04559480398761947
1104,0.0005305591320784067
1105,0.142593078438897
1106,0.5357277414219516
1107,1.7191812732436407
1108,0.02343157525568849
1109,0.20864350284473057
1110,1.6267480503923448
1111,5.932671992492598e-07
1112,0.004080715887258519
1113,0.023387444802986993
1114,0.559608116238625
1115,1.2815741065649164
1116,0.14016449840757403
1117,0.5619740711676565
1118,0.7676573541209168
1119,0.004290257645589035
1120,0.01979350575067772
1121,0.01709362989650205
1122,1.068816408872419
1123,1.3667086446730328
1124,0.6975131531834304
1125,0.0547886952826585
1126,1.5433573821483333
1127,0.01822738617373094
1128,0.001620948393813045
1129,1.110269203921886
1130,0.005026733385885462
1131,0.0884776377314186
1132,1.1071408390647204
1133,0.06100259575598216
1134,0.9998327429773903
1135,0.027800023763276623
1136,0.001891284268395187
1137,0.04504332902671183
1138,0.730162835795984
1139,5.442707657202711e-06
1140,0.64210529911436
1141,0.00012807023540852312
1142,0.5492243762390313
1143,0.6452293762399413
1144,1.2985753661120174
1145,0.7986813012477215
1146,0.013204276028783745
1147,1.1846093572636096
1148,0.896785278604615
1149,0.00045868597350137035
1150,0.0035960965465188714
1151,0.00016632275342942716
1152,0.6377797698237949
1153,0.030169967574779036
1154,0.033876473093706824
1155,0.0003348883340594295
1156,1.2932055905866873
1157,1.092988211228242
1158,0.0005139503461342295
1159,1.3966154154528598
1160,0.686680274534044
1161,1.7299128939925432
1162,0.9923324877000194
1163,0.02790791033686311
1164,0.0005954266100492351
1165,0.04601885332446463
1166,1.3421230499657226
1167,0.39473678578452753
1168,0.5815812172197408
1169,0.2342250293231869
1170,0.8447334456597331
1171,0.00016557203066545385
1172,0.05532318421862687
1173,0.0003457299888623911
1174,0.00722384036462664
1175,0.806359764566838
1176,0.01758581810781033
1177,1.404817067587943
1178,1.280798049078276e-05
1179,0.00026633598114503396
1180,0.31938395467526315
1181,0.22235043550958186
1182,4.886036552386141e-21
1183,0.8108536814316801
1184,0.6735771466920584
1185,0.3844122837356051
1186,0.10514068483318507
1187,0.006891593638290031
1188,3.46092297603361e-05
1189,0.012244166164199446
1190,0.9717706237350838
1191,0.00550330231946133
1192,0.11415100114710061
1193,9.897535721017486e-05
1194,0.6828771905738406
1195,0.08005685481469364
1196,1.753084613690798
1197,0.33659826630048156
1198,0.02228027623869327
1199,1.6300623566075372
1200,0.0002544819766701526
1201,9.181793000128771e-07
1202,0.0073346404884268804
1203,1.0479465264007692
1204,0.7237195979492705
1205,1.1012483003633222
1206,0.060619212593937634
1207,0.048648286209747066
1208,0.18895141000566368
1209,1.627634901253983e-07
1210,1.296312663346828
1211,0.7986950168817529
1212,1.0020535030608968
1213,0.9798932752010779
1214,0.22074759314405026
1215,0.00025892546220841024
1216,0.6045647560380699
1217,1.1050644116837802
1218,0.9171768570062274
1219,1.4309647821230957
1220,0.013710370902852024
1221,0.06706144444627576
1222,0.506184510442459
1223,0.5285226458633828
1224,3.0337565304370967e-07
1225,0.016120626341549347
1226,0.12085284819271958
1227,0.050770069512469714
1228,0.969496419259443
1229,1.0020994587774497
1230,7.321586372591065e-10
1231,1.672212326670423
1232,0.00014780999089952353
1233,0.3288832036590981
1234,0.867709239607941
1235,0.7364835659692152
1236,0.01459595105933508
1237,1.294832349682504
1238,0.7007270854858447
1239,1.222063056117241
1240,0.9001534170464635
1241,0.09310726991697366
1242,1.0982382003570896
1243,0.1798286555765228
1244,0.00014953887472318202
1245,0.9763246082326121
1246,4.843587229536029e-06
1247,1.3104342346677187
1248,0.04170812052855047
1249,0.11256608579227195
1250,0.0002429321229438082
1251,1.12359533011904
1252,0.33071860749416887
1253,0.9227364568231491
1254,0.11680048810306436
1255,0.14477062824663264
1256,0.04199521510797445
1257,2.2450006899484643e-05
1258,0.019437896990824377
1259,0.017925640783661
1260,1.6805514505434794e-05
1261,1.2941540015819706
1262,1.5890775139284672
1263,1.643299448619808e-07
1264,1.3632831153801326
1265,0.04078422126171367
1266,0.047723356436415836
1267,0.022682583708768675
1268,0.0018678270295293235
1269,1.9376920856532045
1270,0.6829874111881966
1271,1.3004654919358967
1272,0.014058661833797633
1273,1.864066700915313
1274,1.6836365361464876
1275,0.0018730253884935196
1276,1.2466035664591462
1277,0.7521316851000035
1278,0.00012219758324464745
1279,1.645526197128826
1280,0.6254096376145869
1281,0.4955445059706797
1282,4.871155797203341e-07
1283,0.0001837313786544085
1284,0.03442925070538126
1285,0.001613097644277663
1286,0.7909983613413201
1287,2.6526460224085076e-11
1288,1.6316845908009738
1289,0.008038388380805114
1290,0.0009320616247355134
1291,0.014347835960271157
1292,1.0870138477855968
1293,1.1256483207125259
1294,0.005407412114533176
1295,0.056301853155352695
1296,0.025399302049325855
1297,0.06511594653347227
1298,0.10459538532017605
1299,0.920175895233481
1300,0.46669330206481274
1301,1.4570415956184
1302,0.0004194972218354304
1303,0.0985568068032709
1304,9.370516389126559e-08
1305,1.3117937789027154
1306,0.0176584001977114
1307,0.0026072827725460764
1308,0.36599012272438924
1309,0.40982238176275765
1310,1.191752166727121
1311,0.000993812198272388
1312,1.3357402998327732e-05
1313,0.02253787293606075
1314,0.642692991950348
1315,0.01714490746496846
1316,1.3865915195524103
1317,0.16781208284084428
1318,4.913112703785704e-08
1319,0.0009407932602767689
1320,1.509531924483387
1321,0.43865909380044643
1322,0.7458352464637277
1323,2.5874043506292264e-05
1324,0.11522472959997156
1325,0.012693940620572745
1326,0.33195611596002755
1327,0.00022236748459400442
1328,0.16051029543809225
1329,0.002865493761367503
1330,1.487519909256918
1331,0.0013182889746791138
1332,0.28752016499049654
1333,0.11826924564368824
1334,0.590655525827868
1335,0.3727999119054858
1336,0.2489853737382287
1337,0.006293476616684359
1338,1.005571021730331
1339,0.006705737557452084
1340,0.0013512809539681639
1341,0.663382761137626
1342,0.3710760132073409
1343,1.0964094768940087
1344,0.018985494312609045
1345,0.0967515796130264
1346,0.028040306662833206
1347,1.4934545749895718
1348,0.4074466647852276
1349,0.013512977923475456
1350,0.027302502994262488
1351,0.24425084643728104
1352,0.007473581258323992
1353,0.6187764559377177
1354,1.3565854949416933
1355,0.6816661581704686
1356,1.3419141486521178
1357,0.0035914133558889072
1358,0.7415567949295595
1359,0.5644881621320421
1360,3.7928296985555052e-06
1361,1.4049263382184436
1362,0.7286236234413975
1363,0.06056433953158543
1364,0.0043146452282639604
1365,0.020143863359159585
1366,0.10318602684144959
1367,8.12816642867533e-05
1368,0.08403041276019768
1369,0.005860259428912069
1370,0.1292392292619863
1371,0.0012210847003205829
1372,2.8810204181889135e-06
1373,0.042961120231748
1374,0.774710952727823
1375,0.5586528289252177
1376,1.1516700676363048
1377,0.009322828768681946
1378,5.863353551849371e-05
1379,0.0013995542649049774
1380,0.7501784204829209
1381,0.0006372368348874065
1382,0.011819409634669407
1383,0.6015491483380592
1384,0.4042913102306596
1385,1.2455714371051358
1386,0.003632189642060607
1387,0.41201370653278185
1388,0.006588116395077015
1389,0.008961256383760122
1390,0.004318692732041643
1391,0.42006699712650475
1392,0.8795676464720535
1393,1.6313616798358495
1394,0.002428635258445926
1395,5.6189084695171436e-08
1396,0.7654505181996579
1397,0.0015862002158313331
1398,0.1436153540733678
1399,1.0867225368857925
1400,0.7477783624975571
1401,0.3422232825373541
1402,0.9183995698977171
1403,1.202191546583813
1404,0.06922679153168725
1405,0.0007979334354901841
1406,0.6171553645388557
1407,2.77090213054077e-10
1408,1.1808446157834316
1409,1.0758013547539371
1410,0.0084311130052769
1411,0.9791618188703601
1412,0.35716511451581906
1413,0.005974665688609775
1414,0.018157397073887815
1415,0.26793851393620816
1416,1.3486688688215676
1417,0.3099134874038052
1418,0.11815455671116422
1419,0.45746269660377664
1420,1.4308677454552876
1421,0.05852492476009456
1422,0.003596522361261035
1423,0.11131373044536357
1424,0.8207531126893038
1425,0.0022942855762537492
1426,1.0509327121561085
1427,0.0015943760786143988
1428,0.2051704011861308
1429,0.0006589254040967976
1430,1.1626332145294218
1431,1.3465664336141665
1432,0.5702104727388663
1433,0.015213253283235889
1434,0.885144729328108
1435,0.5069304774216018
1436,0.84144246082756
1437,1.0944189976100493
1438,0.6809613869588447
1439,0.02893480169949401
1440,0.3344469966857974
1441,0.0008180439828364615
1442,1.262439574889241
1443,0.04643733886009345
1444,0.23806877720457537
1445,0.016776710903519752
1446,0.977408199080688
1447,0.00019896097865658698
1448,0.40116840073852184
1449,5.234748134337128e-07
1450,0.7853119675285688
1451,1.1975127226230908
1452,0.25099515694355695
1453,0.8703957263877785
1454,0.18621512566775306
1455,0.04001947092284977
1456,0.3820569980011961
1457,1.8818135586609752
1458,0.4152840817068088
1459,0.325126575714649
1460,1.37162659465335
1461,1.3545223117430576
1462,0.18201182478047653
1463,0.47826246349945145
1464,0.17636470964790202
1465,0.1485770685767226
1466,0.02154065217181489
1467,0.023883849277096865
1468,0.009113803239797857
1469,0.14981055041237676
1470,0.4808179267430689
1471,0.7953268297852754
1472,0.0006286169305026588
1473,0.001080761480881593
1474,0.40412398014390305
1475,1.2261848587501767
1476,1.940592082792345e-07
1477,0.7396923607049257
1478,1.4127003248870125
1479,1.642633658110425
1480,0.7853271275147966
1481,0.9010872111328377
1482,0.9291366991864068
1483,0.1024187555004901
1484,0.016981967453807152
1485,0.0037835089701976055
1486,1.4128481186098683
1487,0.1463500747938202
1488,1.1225033025199185
1489,0.0033146155205205506
1490,0.6341219113007907
1491,0.25424571586362565
1492,0.10936238600966534
1493,0.00015834007184762407
1494,0.004951306383287904
1495,0.4564524960341682
1496,1.4932168296480997
1497,0.9253004864648555
1498,1.1086287666658239
1499,1.004660927563756
1500,0.00019474980685525717
1501,0.8505208240717578
1502,0.5117411059569843
1503,1.0862750091754272
1504,0.3147471937912331
1505,0.511388964292855
1506,0.3581194658820868
1507,0.00022325280315804532
1508,0.11817257262895998
1509,0.2750676403423807
1510,0.0016416712542274986
1511,7.335586727860396e-05
1512,0.0040890700890283335
1513,0.038886128036516546
1514,2.5851947113471035e-13
1515,0.8968685462879727
1516,0.03954111406174095
1517,1.0404634477690895
1518,1.5199692427997176
1519,0.2987293006025116
1520,0.16521663423951385
1521,1.2338886663658366
1522,5.1422272414458236e-05
1523,0.5873841149364741
1524,1.6451432025819612
1525,0.8047929004380026
1526,0.001970971945349928
1527,1.0598658396408744
1528,0.06978920715487803
1529,1.6359835988714182
1530,0.0004113544356002998
1531,6.216380177326662e-09
1532,1.8764390984514223e-07
1533,0.8943518312751431
1534,0.00027622795897639383
1535,1.2064677700957298
1536,1.927640342002621
1537,0.8543101010796929
1538,0.645429691298798
1539,0.0012540001725334599
1540,0.04744159390023354
1541,0.17750728862181303
1542,0.7204228764414597
1543,1.0282874310748555
1544,0.0034938185304752853
1545,1.520514211308125
1546,0.00021811763338841042
1547,0.061515635246387555
1548,1.2850529999524896
1549,0.2563497049530538
1550,0.5586486381582121
1551,0.930756458254844
1552,4.947212889413211e-05
1553,0.2846270479697082
1554,2.5344566581565705e-05
1555,0.12240479772243403
1556,1.6054111744124768
1557,0.03450711988954263
1558,0.7308723364022427
1559,0.409671623528135
1560,0.04828797733592662
1561,0.667689914708786
1562,0.06810474193253654
1563,1.0511135518492318
1564,0.0014057673507270464
1565,0.0315115821537861
1566,4.406732354412063e-09
1567,0.018476411935746725
1568,0.8593660942480471
1569,0.40727722111769177
1570,0.836451203739252
1571,0.7411129468684274
1572,0.0065690933942808465
1573,0.06954712930393021
1574,1.673962229850058e-05
1575,0.6170793862536472
1576,0.6604864100858153
1577,0.004185172190727063
1578,0.02185228388660161
1579,0.11663629676299604
1580,0.4822688528651417
1581,4.994918493927626e-06
1582,1.3399567209216354
1583,0.08285739996847885
1584,0.6651220673197626
1585,1.1051800263869104e-08
1586,0.940498736207526
1587,0.32929916480945515
1588,0.11705758818894023
1589,0.7356990965268697
1590,0.003748271381494486
1591,0.03359338148257299
1592,0.7587642748104356
1593,1.4604944973807459
1594,0.09810675166001454
1595,0.62807155096222
1596,0.4055843397527959
1597,0.007165656820262918
1598,0.7766904080726265
1599,0.023490137370800825
1600,0.0811369019269153
1601,0.00047269855500423703
1602,0.7422946817747521
1603,0.07357063917703555
1604,0.10637772924709013
1605,0.9089800321426393
1606,0.9764990852619418
1607,7.782438704991248e-07
1608,1.3887650043767534
1609,0.00885806227195754
1610,1.229616514412919
1611,0.002686416016890916
1612,1.2314133014413025
1613,1.720644007556917e-06
1614,0.41669256608434974
1615,0.8878721390725699
1616,0.051567229500239245
1617,0.460990609292447
1618,0.052944719803436326
1619,0.41065679644152675
1620,0.015404125217694072
1621,1.2297769645751044
1622,0.45548110225661914
1623,0.005050772472914047
1624,8.116326087765809e-08
1625,0.00013040126713484418
1626,0.08020929597051502
1627,0.03801493228779322
1628,0.04620917186783299
1629,0.11055594179469909
1630,0.05176678023173452
1631,0.008656299343140864
1632,0.09041912195750464
1633,1.3490604821929206
1634,0.6562760748257561
1635,0.00397240374568116
1636,0.2186920595328946
1637,0.1456842036993336
1638,0.9666780692800213
1639,0.010559149573353053
1640,1.843501609036606e-09
1641,1.5183758472124693
1642,0.0005715899671328305
1643,1.5797143276392538
1644,0.04833955172956543
1645,0.0003753019580959289
1646,0.24577868679874912
1647,0.0356346166339964
1648,0.0008532700309998736
1649,0.00020844507124451788
1650,0.25833678664386894
1651,0.7612816760439189
1652,0.00036514877976977683
1653,1.3101651311125275
1654,0.6169290627767091
1655,1.2393646353799863
1656,1.062756500920584
1657,1.4181740229077756e-05
1658,1.987359776457168
1659,1.4896923685794607
1660,0.6012912278760187
1661,0.0017718535957276143
1662,0.46445801452432184
1663,0.05761304577048527
1664,1.0105597125094914
1665,1.4616537954136122
1666,8.196614332075436e-07
1667,9.901281928467656e-10
1668,0.020066290027176536
1669,0.5220410995709222
1670,0.23424723513719575
1671,1.258819954587256
1672,0.002578311561222861
1673,0.07219627111000863
1674,1.2207998195027085
1675,0.93233434210192
1676,0.1917687563767501
1677,1.2726923246715214
1678,0.48791518979933624
1679,0.8527222096342872
1680,1.1801768024731845
1681,0.013444229344740596
1682,0.735314337281511
1683,1.0812940909131095
1684,1.9216663340443219
1685,0.09640286262924129
1686,0.0977395018400951
1687,0.07102090043558196
1688,0.16282622746225836
1689,0.4331955892758754
1690,0.018698478979124418
1691,0.13794113430222052
1692,0.1835935048111831
1693,2.955390808500271e-07
1694,1.4199969505845758
1695,0.9579508557122756
1696,0.8035604265695131
1697,0.44290695738641317
1698,0.01131621659945091
1699,3.0896996712845054e-05
1700,3.286552576366794e-06
1701,0.026501958679234165
1702,0.16829533509044758
1703,0.11710591244245189
1704,0.881306158900776
1705,2.3904039760237247e-07
1706,0.03106894475974874
1707,0.10191172639902732
1708,0.0001264214827171069
1709,0.7550476363671866
1710,1.3260208929387982
1711,0.22185327397710317
1712,0.5214592928922548
1713,0.0178053944213663
1714,0.1128215527480597
1715,0.022102202528624982
1716,0.49490393411110123
1717,0.8083645538627313
1718,0.30314968559756666
1719,0.6426571344471042
1720,0.6956381071823502
1721,1.7970137537996977e-06
1722,0.16446863721088764
1723,0.0017189091634520854
1724,0.0930045926944411
1725,1.0882878907036528
1726,1.6679901365156262
1727,4.153434170334072e-06
1728,1.485250564495731
1729,0.08245630184647693
1730,0.0026526283199712446
1731,0.0007658956732675341
1732,0.7196456538865122
1733,0.008921133054633086
1734,0.22398080651074373
1735,0.46457371926432267
1736,0.0006015031342609476
1737,0.8699830742811087
1738,1.31380239074605
1739,0.03141678997779029
1740,1.51931648324596
1741,1.30119648637229
1742,2.6673786453201326e-05
1743,0.4678387905775058
1744,1.9131841845507827
1745,0.0018205698133354116
1746,1.5523929823739608
1747,0.5477048400389619
1748,1.1716871777232152
1749,0.0019903903981420075
1750,1.1218293465761646
1751,0.17928105812789447
1752,0.004672771165711115
1753,1.0452854707404342
1754,0.11275941821141909
1755,0.691536902599004
1756,0.0012684803345667539
1757,1.2659927409498501
1758,0.7306198756895645
1759,0.0004683025147348604
1760,0.0001006472006991828
1761,1.642375076875515
1762,0.9722451884991193
1763,0.009222255678478078
1764,0.6829734397952298
1765,0.0062480536708507655
1766,0.011840319108057143
1767,0.020987488272140444
1768,0.010240671095289436
1769,2.790332141175501e-05
1770,0.26257984726876277
1771,0.0017447555897098512
1772,1.3425604430092454e-06
1773,1.511572517312688
1774,0.1219670028897232
1775,1.0096326871418808
1776,0.0007665001658625281
1777,0.15107920162245725
1778,0.00043528326234357537
1779,0.05731606210197704
1780,0.16941410693922498
1781,0.06770110899492689
1782,1.2214462049555967
1783,0.00021884649026332286
1784,1.3999858158251781
1785,0.0007131374148446777
1786,1.5913706943112886
1787,0.008171503028323335
1788,0.03792116629375573
1789,0.3333066963921212
1790,4.64629529488493e-11
1791,0.8630381246021934
1792,9.24644481370952e-05
1793,0.1183427175019128
1794,1.0228272520486663
1795,1.410868730088309
1796,0.030567241291673236
1797,0.006366778583704113
1798,2.5069715426954695e-05
1799,1.6694182601514715
1800,0.03185395425949905
1801,0.40338364987109127
1802,0.13890760452555637
1803,1.0841048704115563
1804,3.0241995667602624e-07
1805,0.3388043062452765
1806,0.018917895557314157
1807,1.0800824240425686
1808,0.9918179001828902
1809,1.47723561856336
1810,0.06995777285995237
1811,0.00031971873715969204
1812,0.002885130442225938
1813,0.188161061332183
1814,0.11002180196181474
1815,1.6483550646656266
1816,1.4404684802326797
1817,1.279729092068132
1818,0.8272352908280011
1819,0.005467463625579197
1820,0.19839621715893133
1821,1.027299048971565
1822,0.9846497714937321
1823,0.49464129965610026
1824,8.944034061730369e-12
1825,9.727354727580654e-08
1826,0.49019963672862826
1827,0.2703307922400144
1828,0.7918812287201428
1829,0.8303249059811181
1830,0.11347116582567669
1831,0.2579567771939886
1832,0.3048466084654547
1833,1.6729708234299823
1834,0.009764765623357683
1835,0.018702186566306723
1836,0.5845188342427585
1837,1.1644697914701494e-05
1838,0.0004030616011941087
1839,1.0013724769292518
1840,0.00013895252567597708
1841,0.759111526808701
1842,0.7802435106493899
1843,1.2906765937036115
1844,0.7893948186338009
1845,1.2987909774480006
1846,1.525624496308569
1847,0.18564964348439525
1848,1.2992868208607158
1849,0.025185532858096972
1850,0.6237842525696936
1851,0.2629276912588178
1852,0.06745214679052752
1853,0.17037440679058483
1854,0.7304238435324667
1855,0.8180581188211095
1856,0.6820117331391954
1857,0.4193662071654288
1858,1.1772802397781108
1859,0.7469042024146534
1860,0.5302356742132488
1861,0.08524504785344375
1862,1.4150605365769156
1863,0.0190835697913216
1864,0.28021607864631176
1865,0.038928394811491185
1866,0.11329825583418525
1867,0.1250481060502389
1868,0.12068482589713972
1869,1.9783403505275535e-05
1870,3.191333477550808e-05
1871,0.4340993609298579
1872,1.3837158460976657
1873,0.5616672136480554
1874,0.35319235912343605
1875,0.9159845430203761
1876,1.0403223392453835
1877,4.932186569333427e-06
1878,1.311245405977509
1879,1.0244477929521399e-08
1880,0.15246012429317454
1881,1.4514066073815415
1882,0.8776790369202634
1883,0.006004787485821114
1884,0.04317418597288378
1885,1.3190946253063174
1886,2.1934832166661492e-07
1887,0.6532469379255328
1888,0.8296552462411878
1889,0.20595747643518642
1890,0.42586105193048196
1891,1.6421137447502396
1892,0.7959104575288855
1893,0.8018220022104138
1894,5.982394272326901e-08
1895,1.0226353595004988e-05
1896,0.011170083493596
1897,0.10012532672791107
1898,0.0026720598663975844
1899,0.16553927879532992
1900,0.005873135337701454
1901,1.3301618560826876
1902,1.3636178035313522
1903,1.686666535520271
1904,1.014845942441525
1905,0.17404290755081162
1906,0.017040263722253778
1907,0.5985219999817283
1908,0.026295410904683302
1909,0.45994409297554634
1910,3.879991407718835e-09
1911,0.15431943087571345
1912,0.5666695898945716
1913,0.9374429307212756
1914,1.7410174578214141
1915,0.22745631570090502
1916,0.5458660464841059
1917,0.30290516635447634
1918,0.0024761619697699763
1919,0.49128563754680604
1920,1.2084178972955824
1921,0.5123515701309751
1922,1.3500917551775535
1923,0.2015972862643922
1924,8.937955849386402e-07
1925,1.280008303161118e-07
1926,0.9462684651142259
1927,0.6499593597811142
1928,0.5936262720732485
1929,0.14267795681779144
1930,0.5491590800108365
1931,1.0297020449428034
1932,1.3372428961739709
1933,1.2601498374913422
1934,1.41504113321825
1935,1.185199300746261
1936,0.5397748685362382
1937,0.0004568495448209994
1938,1.2631663043290464
1939,0.2446373170327529
1940,0.22472324369850172
1941,0.017537488890488114
1942,0.5842856979298358
1943,0.004032324970996418
1944,0.221901710329809
1945,1.2967640397284426
1946,0.31867331129834897
1947,1.5501267062219198e-05
1948,0.2052514670902846
1949,0.02342600167463658
1950,0.0004646920943843618
1951,0.5799015666380373
1952,9.122814583309502e-06
1953,0.0919953259682144
1954,0.0029029892771970526
1955,2.3406614293995323e-05
1956,0.8493667727706318
1957,3.2244225182469566e-05
1958,0.7952648796206143
1959,0.3876476882878887
1960,1.2271987039673753
1961,0.005092260529150013
1962,0.04223599179594442
1963,0.6148566799308685
1964,0.007796303425817532
1965,1.2845648097727476
1966,1.2169119933595578
1967,0.8549057969968246
1968,0.000983454161277045
1969,0.04966540902555016
1970,1.183826979463987
1971,0.0006453211374938996
1972,1.1391411055426215
1973,1.1443640094477627
1974,4.909990517254096e-06
1975,0.7605948683414312
1976,1.1696023525360926
1977,1.5080211361767584
1978,0.6732692371506709
1979,0.13676975268542033
1980,6.231114206061888e-05
1981,0.02874758025287894
1982,1.3052469178292556
1983,1.101670216733117e-05
1984,0.8481541228226696
1985,0.0006369871310360846
1986,1.1730492036515978
1987,1.766434305446037
1988,1.557190572536336
1989,0.9880927695458741
1990,0.0027585020172426066
1991,0.5131309782072474
1992,1.07279642124688
1993,1.337954733474491
1994,0.1158127322958772
1995,0.7414637859450861
1996,0.00018972703287838369
1997,1.4056850529730853
1998,0.004931749383845783
1999,0.5067045593645731
2000,0.30407636307892305
2001,0.014367276824009042
2002,0.02334435848242493
2003,1.644250018645993e-07
2004,0.05916079215444407
2005,0.03149273312089928
2006,1.0320772399034088
2007,1.2000393831704177
2008,1.994524409652661e-08
2009,1.1732381536130911
2010,0.9132608875338646
2011,0.14381350431985482
2012,1.1087025211526051
2013,0.04715483057983688
2014,0.3335967929552772
2015,0.5858711835002725
2016,0.19800674880120245
2017,0.08258375594068841
2018,1.4646619952375337
2019,7.136031843414329e-07
2020,0.24229434399069447
2021,7.789568841251212e-05
2022,0.001520340367900443
2023,3.4641512167475554e-05
2024,4.6067581785884546e-10
2025,0.007433031992125017
2026,0.055876672420229916
2027,1.2713714603244635
2028,0.07824656793308628
2029,0.16289899336976796
2030,4.6426243086271066e-07
2031,0.15249465770675769
2032,0.05106248106266918
2033,1.542739832595717
2034,0.00021675460027131648
2035,1.8684819869219669
2036,0.0020402385955485694
2037,0.749627933475019
2038,1.4539679398223537
2039,0.6595550260647016
2040,0.000904101928035486
2041,0.8543118659649218
2042,0.07429388142993988
2043,0.008553034849154829
2044,0.03883842129980186
2045,0.028380793140950638
2046,0.8557914608082542
2047,0.04671332294739491
2048,0.00031478726108107453
2049,0.6463432959025117
2050,0.043742531853806596
2051,0.7021206891140512
2052,1.1841012950731322
2053,3.1095544636231875e-06
2054,0.08397783475865894
2055,1.2360703890955533
2056,0.46472467908317516
2057,0.005404600176275166
2058,0.0005834119600286311
2059,0.00039312333631219597
2060,1.4223380017305751
2061,0.03286933138177447
2062,0.7120617759078003
2063,1.2493388209673277
2064,0.17439830283288105
2065,0.8893624410379042
2066,0.3844433597833014
2067,0.07212484955377478
2068,0.00047658034748098067
2069,0.011362006041549098
2070,0.26955616983030045
2071,0.022456032091927227
2072,0.017566474571082732
2073,0.003766160635171127
2074,0.4093438635225099
2075,0.5889892807856167
2076,1.019733397136523
2077,1.4919233817045394
2078,0.0039684864238537535
2079,0.01923742468185507
2080,0.0026556735024121907
2081,0.10118748559852356
2082,0.6756767362219979
2083,1.4403089691636237
2084,1.455387963407328
2085,0.00039722089792624876
2086,0.18638640833874434
2087,0.04733908318926149
2088,0.01706495709260974
2089,0.0004751750137977953
2090,0.009179017248514987
2091,1.0528445116761918
2092,5.290530807632519e-06
2093,0.8655601983332217
2094,0.7167590841803313
2095,0.9939128980024504
2096,1.4432284010062475
2097,1.7313739183979683e-05
2098,0.3279164914194689
2099,0.7696596892584536
2100,0.15536829793022758
2101,0.019411233138122357
2102,1.373108520569147
2103,0.1815169058949999
2104,0.00024921551532253703
2105,0.5126863795161207
2106,0.012674083217591154
2107,0.5483098361703617
2108,0.006177347405442466
2109,0.011530434928124764
2110,0.27043960015472657
2111,1.1883359998912384
2112,0.06071125574879686
2113,0.008334173000829139
2114,1.4764558601752729
2115,0.5608068876703458
2116,0.25677338159905017
2117,0.05991572752983061
2118,0.09814947079092384
2119,0.40081467242462815
2120,0.010050288652582253
2121,0.03811355898782082
2122,0.005318214406713367
2123,0.04625868713994048
2124,1.074210932555171e-05
2125,0.0518936803488187
2126,7.735740926017693e-05
2127,0.0005412312736781035
2128,1.4859899211057175
2129,0.4291621717071261
2130,0.9728640341691545
2131,0.008593949820260799
2132,1.3705072024562523
2133,0.03544129011042349
2134,0.636781113948643
2135,0.18491016297248095
2136,0.07167977916616314
2137,0.6667070640477473
2138,0.5193423747437815
2139,0.8042460993866316
2140,0.8454432222881297
2141,0.4902188197751249
2142,0.00040996405021637253
2143,0.8162718917760104
2144,0.4999752617269926
2145,0.7949959865331792
2146,2.837705609714273e-05
2147,0.00019956994567222315
2148,0.07521364022234181
2149,0.10163785911944817
2150,2.6332541964151476e-05
2151,0.09991294575654001
2152,0.2559919537945135
2153,0.00010174229366962395
2154,0.802133435752659
2155,1.0077858550979022
2156,2.106549642806314e-06
2157,1.0772524108139858
2158,1.0068724460599212
2159,0.12075650787468571
2160,0.00788075347719518
2161,0.6114010323747407
2162,0.7900988591740491
2163,0.3273923099853808
2164,4.183583596217737e-05
2165,0.01967551244152507
2166,2.640575806002484e-07
2167,0.6068297446370078
2168,0.7222508642854661
2169,0.7727060340922565
2170,1.467993733147427
2171,0.07636455288488707
2172,1.046065891609515
2173,0.7676413938954771
2174,2.7334764172366903e-06
2175,0.1697435352226636
2176,0.32970180152658696
2177,0.25323339547122414
2178,1.030156511015173
2179,1.370882066048535
2180,0.0783804768961121
2181,0.21367319753423925
2182,1.5117934169577874
2183,0.0263591197080765
2184,0.001886653545660142
2185,1.2046759144910006
2186,5.076873320393795e-09
2187,0.06669592555424018
2188,0.9175022239740037
2189,1.7092847683853465
2190,0.04582064019447072
2191,0.9033037340508028
2192,0.4069191760839112
2193,0.3815296721858482
2194,0.8866378322521711
2195,0.30198118653900236
2196,1.2503657003938562
2197,1.0089067874037678
2198,0.03648221116679462
2199,0.363780482955955
2200,6.338928334414914e-05
2201,0.8385604782463096
2202,1.1223702515556293
2203,0.01611727083862442
2204,0.3213734756921132
2205,0.018587558993787414
2206,0.0002933779209111707
2207,0.1790289641209059
2208,0.8938834308763894
2209,1.2710682188498041
2210,0.0013175956278762414
2211,1.5549568977962596
2212,0.031219518051453635
2213,1.2691604365949762
2214,0.5825603038451339
2215,0.13986774549723396
2216,1.2894154827658688
2217,1.4146123887547948
2218,0.8540917561594054
2219,0.007115292798903818
2220,0.8229893036677998
2221,1.098392289222482
2222,0.031241657091521775
2223,0.5120483867103632
2224,0.013887251113635644
2225,0.00010577855722488394
2226,0.18449204020866347
2227,1.9511443154706731
2228,3.3648960364466893e-09
2229,0.5112411735247001
2230,0.7344820858871459
2231,6.97270931973046e-10
2232,1.673158777873989
2233,0.2937418673301867
2234,0.5301527080677765
2235,4.84654069823091e-05
2236,1.929034592999668
2237,0.004598886742466113
2238,0.0028621792364873504
2239,0.01097685732272726
2240,1.394301992987818
2241,1.9575449837401573
2242,0.5275040267269919
2243,0.19211010232127437
2244,0.7738653488361205
2245,0.23794335186302074
2246,0.02680681530324263
2247,1.892488876674942e-05
2248,1.7555391769057993
2249,0.08062520401859603
2250,0.0016025038548046727
2251,1.5516593424277587
2252,0.032536342288019805
2253,0.2113251205942936
2254,0.05122474106676497
2255,0.1296069003135886
2256,0.002088947720203994
2257,0.3041840897838575
2258,0.1969490777355816
2259,0.0008524832790908606
2260,1.440588256332303
2261,0.13148193976532008
2262,0.007063042192103637
2263,1.7738640669225256
2264,0.16545117049124589
2265,0.01630781324804362
2266,0.537288942515115
2267,1.3114735381416254
2268,0.6443649367347218
2269,1.9636730052630145
2270,0.10122268379051627
2271,0.9800110662716944
2272,0.8009260014118905
2273,0.827953331811089
2274,0.233810355802196
2275,0.6076904689589087
2276,0.32236089649155353
2277,0.11015085873092256
2278,0.018693747449077366
2279,0.0004652513657973929
2280,2.325156028523397e-06
2281,5.653090712408043e-08
2282,1.0181683985236047
2283,0.004633744824167854
2284,0.7740425232499262
2285,0.4338844187881275
2286,0.23198827521962664
2287,1.4375296452428856
2288,0.06627922115646004
2289,0.004162319451867978
2290,0.6138826292668403
2291,1.1825049343820178
2292,0.7987800582217108
2293,0.09741224847708069
2294,0.24992291478334042
2295,0.47703260302394496
2296,0.3227313980605844
2297,0.6286793413135103
2298,0.7859570115972221
2299,0.04901513027594668
2300,0.4697193895293063
2301,0.7206964469819606
2302,3.685923503486154e-05
2303,0.0006296085947825301
2304,1.264907721639941
2305,0.5438056079293956
2306,0.04635874123741572
2307,0.28888802830230326
2308,3.265455078012382e-06
2309,0.3065805078701374
2310,0.6144983438958277
2311,6.274860742796495e-09
2312,0.3206677780397208
2313,0.1696298562927031
2314,0.47209954113530606
2315,1.2100706606890534
2316,1.3956667535790455
2317,1.0148012625599324e-05
2318,0.08391906474241374
2319,0.5757798312117969
2320,0.08228514319718318
2321,0.7752365580394431
2322,0.6554429908126671
2323,1.6229672483002064e-05
2324,0.12445872571845447
2325,1.051618725917479
2326,0.08421313130417232
2327,1.5838740804514386
2328,1.1546764070248416
2329,0.9541684644710906
2330,0.45077853697957904
2331,0.9488481722530597
2332,1.6210207384138418
2333,0.98375782065455
2334,8.809812574319642e-05
2335,1.4862696821362185
2336,0.0022065861703277085
2337,4.193296608676964e-06
2338,0.7733179464466875
2339,1.4107268699462294
2340,1.5863838228386546
2341,0.4213644953358914
2342,0.5906015783670683
2343,0.0053920753916040145
2344,1.36655229499631
2345,0.5981520495663382
2346,7.49342436174426e-07
2347,0.0005814610999034645
2348,0.5998589139952933
2349,0.0007372014789590386
2350,1.0338499834210483e-07
2351,0.7876409591003705
2352,0.00030431945317931975
2353,0.045807689674393234
2354,1.5217098307944528
2355,0.9602625141829748
2356,0.013664495832252951
2357,0.4208307048451578
2358,1.3974291176138982
2359,0.01935047407418843
2360,0.26904763277694393
2361,0.4831371408298537
2362,0.02952924871120714
2363,0.04895535508667227
2364,0.0800731729192729
2365,0.002785712178445472
2366,0.005742252233579204
2367,0.07517794804945599
2368,0.602078254243668
2369,1.47954071952878
2370,4.981168454280587e-08
2371,0.05611664732000627
2372,0.0004049624019634076
2373,0.6367527945691778
2374,0.7490123237374797
2375,0.01540560229653486
2376,0.702652881649171
2377,0.26755688318044546
2378,0.1120004511291951
2379,0.8900943369478869
2380,0.9877035316794587
2381,1.8507383933090247
2382,0.013435980368734777
2383,0.03420635136589282
2384,0.06737750798278933
2385,0.3129917237090746
2386,0.2446635140442297
2387,0.7811528756179078
2388,1.804231596633373
2389,0.9726000208702857
2390,0.0005515929305356737
2391,0.09035686595623198
2392,1.1693910234695273
2393,0.3921883049604782
2394,0.9424815733572985
2395,0.5344324569044344
2396,1.146686178984454
2397,2.2971479591114303e-05
2398,0.18028740509867164
2399,0.6595609061144607
2400,0.11820239862333179
2401,0.22138124410104598
2402,0.05445683819446838
2403,0.0017374125193737
2404,0.10050229665301287
2405,0.016488279751077126
2406,0.14134744395195464
2407,0.761954974271931
2408,0.4503426094814422
2409,0.0008326576370388339
2410,0.6698390735594181
2411,0.0284337260773567
2412,1.0474972538846583
2413,0.6717671227805585
2414,0.4356003006508068
2415,1.142100960568088
2416,0.3444405396726596
2417,0.004119703148930264
2418,9.105424783935134e-05
2419,1.2633216030617338
2420,0.06683412446609346
2421,1.3948014198708083
2422,0.7118487696708361
2423,1.3939834921746055
2424,0.00672965429922245
2425,0.7690631601468118
2426,0.37253753191475397
2427,0.5454405818998157
2428,0.17582614265912233
2429,0.08480492733367592
2430,0.10097527254961061
2431,1.6458416492860295
2432,0.24398133788597676
2433,0.00033454009789678083
2434,0.0016061300787294278
2435,1.7123006567432368
2436,0.004634990675755132
2437,0.6205544134878757
2438,0.7937776404241659
2439,0.09843712618445476
2440,0.49450780955672324
2441,0.5235636344291116
2442,1.1974013323307444
2443,0.9277342808615926
2444,1.9932712036456783e-07
2445,0.0850032264395177
2446,1.8407622228033449e-06
2447,0.17479356927186676
2448,8.700744137773978e-10
2449,0.006260315780115579
2450,0.004355691099506587
2451,1.1592792033742945
2452,0.054048185622071414
2453,2.6043477098079854e-08
2454,0.00397766017676547
2455,0.01874731142702751
2456,0.0034541462837677692
2457,0.4298343985495624
2458,0.1081238607387082
2459,1.0433703445578912
2460,1.3696018507568164
2461,0.6591457260437483
2462,0.872169501664311
2463,0.7793336676251426
2464,0.02238352069029458
2465,1.7538221573335562
2466,0.4986343176076065
2467,0.18464751137203134
2468,0.23514073238335606
2469,0.9670009860694364
2470,0.0011189776426361654
2471,0.9545287901103718
2472,0.29972446779545586
2473,0.026411326876693696
2474,6.785248377016712e-06
2475,0.16906428564394066
2476,0.015356966746515082
2477,6.48174496973559e-05
2478,0.05925923026369355
2479,0.0002443832365706013
2480,0.0003036180908391143
2481,0.6020640997745222
2482,1.1311943830170044
2483,0.22284659774839663
2484,0.4181775974413029
2485,1.4267136600114925
2486,1.268206178938048
2487,0.01944115379033544
2488,0.12326796160751516
2489,1.6303693354239324
2490,6.726878478058558e-05
2491,0.6845812231472148
2492,0.005378786233542171
2493,1.4004111198258224
2494,0.6012167449160171
2495,0.00014854428407612113
2496,0.02076600411845643
2497,0.05937163079219683
2498,0.008592000959295765
2499,1.6731678668000091e-09
2500,1.1355432322525892e-08
2501,1.4646674939925863
2502,1.4887127603422867
2503,0.21407560116979824
2504,3.53154733264321e-05
2505,1.2458942938252129
2506,0.12961490444969004
2507,0.6020002454108317
2508,0.1345315161287926
2509,0.18366433898106824
2510,1.3226279335263131
2511,0.20545738540257866
2512,0.0049707715961686254
2513,0.00019625543996616094
2514,0.8895677097450518
2515,0.0698436388495566
2516,0.2601658516805447
2517,0.2415415484996483
2518,0.6181378094672232
2519,0.015083277397297458
2520,0.9595781956024165
2521,0.001374729524343423
2522,0.1419346790173129
2523,0.002279631197564758
2524,0.5655291303906683
2525,0.259624297060119
2526,1.8355937628092651
2527,0.1260286723202222
2528,1.4040030561620844
2529,0.5576135304123867
2530,1.115784880984284
2531,0.6134923336847611
2532,0.3198726570176514
2533,1.510859119453842
2534,0.00036886285896321535
2535,0.953578574771643
2536,0.4357943359683882
2537,0.009549803548992432
2538,1.3526189786245824
2539,1.1895053717809094
2540,0.39241192253123275
2541,0.7554703904674583
2542,6.949233329305236e-06
2543,0.557906201064964
2544,0.1103035662436975
2545,1.240206489682632e-07
2546,0.00872579812787596
2547,1.1477935043358427
2548,0.16978514194961133
2549,0.028232664146773424
2550,1.0019969359099938
2551,0.04260815262443778
2552,0.7787083472030976
2553,1.1122550219976757
2554,1.3362863737146369
2555,1.2840611546780238
2556,0.24691016131777507
2557,0.4170124321499949
2558,6.6515093850134715e-06
2559,0.036733369900797105
2560,2.178101303100719e-06
2561,0.4341600950904823
2562,0.12229421832436888
2563,0.9609974156184689
2564,0.013785139249871401
2565,0.007821381515213463
2566,0.6242469945109234
2567,1.8362815057084967e-07
2568,0.006269647133123894
2569,0.16291103016791192
2570,1.8574488597015655e-07
2571,0.019362558863908114
2572,0.5612739709290591
2573,1.3928583673889525
2574,1.0097248138840806
2575,0.12319571967987632
2576,0.5027388353985619
2577,0.6618835197424718
2578,1.4306011543026869
2579,0.664488079773369
2580,0.032625576258236484
2581,0.46449201148266334
2582,1.52022490717639
2583,1.4890782401125533
2584,0.310566544798792
2585,0.14620649932457183
2586,1.2755239082882658e-05
2587,1.8590805642301926e-06
2588,0.0019424021302436082
2589,0.07920553927863644
2590,0.20304807749485962
2591,0.004528435398708084
2592,0.6521188437425963
2593,0.004872660013867364
2594,0.9294935562424399
2595,4.754046418441733e-08
2596,0.007430971617162072
2597,1.2821036284450822
2598,0.9433073207290684
2599,0.16155959884865154
2600,1.4236465344576308
2601,0.06138954475002433
2602,1.1547106212485674
2603,1.637816755369121
2604,1.896988243674387
2605,0.0010344693183424586
2606,1.8111685425686554
2607,0.001358153311230812
2608,1.3714527749493644
2609,0.03171880793433895
2610,0.6266680031011703
2611,1.3512901149996648
2612,0.07214879018754757
2613,2.8345355588960513e-07
2614,0.061979018693688236
2615,0.44638240043954236
2616,0.17638377116965173
2617,0.0005263390308273695
2618,0.05846285232648215
2619,0.18229312487688235
2620,0.2378414712898077
2621,0.19650531542515395
2622,0.00012013961524972733
2623,0.2077771304139747
2624,0.6308239686745621
2625,0.018952002076747035
2626,0.005753868016107151
2627,0.0026905192289680877
2628,0.006309121758587614
2629,1.2803447782683899
2630,0.15537990672823934
2631,0.0020933143120825566
2632,0.9849509986509402
2633,0.5354217145886006
2634,6.174183767512186e-05
2635,0.4687126990938635
2636,0.49519012001909
2637,0.010430633000525012
2638,4.943259676605699e-06
2639,0.7746747094562126
2640,0.7719790978271021
2641,1.0592058249639473
2642,0.8048054845087766
2643,0.8848827908965358
2644,0.046768825352222376
2645,0.0373712054440662
2646,2.053633023323754e-06
2647,0.6327621508768752
2648,0.26288193133826293
2649,0.4953536377292764
2650,0.014832592120288353
2651,0.025966306734370444
2652,0.013485547972826485
2653,0.9542685569824347
2654,0.7675048313736705
2655,1.3150156795069337
2656,0.04441106256682352
2657,0.1648036998960313
2658,0.17184358681607087
2659,1.346053685968842
2660,0.11335564468273858
2661,0.070782895385237
2662,1.0176035933502197
2663,0.006057895870056006
2664,0.08993138814562443
2665,0.9198137709102057
2666,0.022563465947326878
2667,1.1841544158983084
2668,1.1865112917365321
2669,0.001450836565034304
2670,1.4394698680261129
2671,0.0007058223240303718
2672,0.8778018312781932
2673,0.2192433155092433
2674,0.5210561704615847
2675,0.00026207679605044483
2676,0.33736501006966596
2677,0.002499292659763838
2678,0.6621464221443518
2679,0.23392324528613104
2680,0.014902066059514114
2681,0.7984878960812855
2682,0.8268422461631465
2683,0.740010368402571
2684,1.2158367572458038
2685,0.5573519855461345
2686,0.12686593243033017
2687,1.008205453559957
2688,0.44150812262756267
2689,1.2496053001171177
2690,0.4002239843978599
2691,3.95882122227179e-08
2692,1.1665286149130014
2693,0.3953158204835796
2694,0.00557107502320301
2695,1.3394361904979621
2696,0.2982363210045168
2697,4.5099910581478636e-06
2698,0.8185102563730685
2699,0.5739207737772913
2700,0.6362021027717607
2701,0.4603809109738866
2702,1.883288875414179
2703,0.05912884756696271
2704,0.0015301098506173433
2705,0.9991975220275511
2706,0.6311449745236272
2707,0.7855330156649841
2708,0.012310785732054507
2709,0.00040587909540992177
2710,0.1985500978542088
2711,0.016175352141995766
2712,0.09246164682022649
2713,0.7776267358809238
2714,7.038991756104336e-07
2715,0.029501657233343977
2716,0.002247571058001317
2717,1.6398230674036827
2718,0.00019229634632165408
2719,0.9069076742440908
2720,1.0217196884561957
2721,0.9496248458004166
2722,0.0009149722729288864
2723,1.2848077527242547
2724,1.3850515206601975e-10
2725,0.7407719804429115
2726,0.0007088232956966795
2727,0.6219343936422038
2728,0.09347981714966505
2729,0.004537741577252788
2730,1.6918330203607974
2731,0.0444886524107522
2732,0.2937149980542252
2733,1.3551584187680494
2734,0.020336908497398696
2735,3.3242639323754586e-09
2736,0.017292110587980986
2737,1.0117226372639747
2738,0.002062662244783201
2739,0.20491070271277118
2740,0.01040582290306052
2741,8.447503939126985e-06
2742,5.243776701949071e-05
2743,0.0007846281251038781
2744,1.0010908099325984
2745,0.08669340758739348
2746,1.0076120383698966e-07
2747,1.0594331321462822
2748,0.00046751376363089644
2749,0.04191405302277761
2750,0.0004564838714242051
2751,0.6149268695868705
2752,0.07164792637030991
2753,0.271574929345092
2754,0.0024261685999346127
2755,0.01686722941539541
2756,0.43070125581902413
2757,0.25019655798346413
2758,1.7921784232068185
2759,1.377259734741059
2760,1.325371138436834
2761,0.5266676162770262
2762,0.17914285682495396
2763,1.8373236123471521
2764,1.3725503293203615e-05
2765,0.5096091428996313
2766,0.06697776006283553
2767,1.8720011214870522
2768,0.752059734744965
2769,0.4902054532870865
2770,0.6208504348610719
2771,0.4413265034300655
2772,1.1476973207914327
2773,0.006069118384956247
2774,0.18258759477528863
2775,0.008808591260058467
2776,0.6124086529201928
2777,0.5064146866922636
2778,0.24479588861970464
2779,0.008746691842544998
2780,1.3274971424701483
2781,0.3945517091342739
2782,0.00011874912604781773
2783,1.1873293940283782
2784,4.095315552206956e-10
2785,8.388685448098836e-11
2786,1.6396557173875377
2787,1.1198431858372961
2788,0.0028976323506853326
2789,1.419667067715438
2790,0.8500431617916359
2791,0.0014732464430951909
2792,3.1108449521636475e-05
2793,0.8282213932980533
2794,0.0036105514063705197
2795,1.7174952502295704
2796,0.06329017232294293
2797,1.40636389599064
2798,0.36327403080241416
2799,0.015914529802738754
2800,3.9968755203661455e-07
2801,1.2139729497852485
2802,0.005522468410152755
2803,0.6497870340265198
2804,0.744907444564291
2805,0.4801337797118629
2806,0.0006379451142335945
2807,2.8276801341905123e-05
2808,0.0001435948704998319
2809,6.813788117877001e-06
2810,0.6607013098614569
2811,0.22399217669149332
2812,0.0006847290848049628
2813,0.002584020523077396
2814,1.4045882399165497
2815,7.65986833171588e-08
2816,0.39444866027317665
2817,0.7022859938269773
2818,0.09113863561326299
2819,0.006895728520329011
2820,0.6685035527313782
2821,0.013191523972266328
2822,0.6276918077494332
2823,0.0002015118401349344
2824,5.03882420440462e-06
2825,1.1782595980193429
2826,0.003517678015334492
2827,0.6929182776470902
2828,0.0016523182044118673
2829,0.9020516820783487
2830,0.04691787040279378
2831,6.21248046255584e-06
2832,0.0026097292165189016
2833,0.7184134163783389
2834,0.03443522296703499
2835,0.000282167066563007
2836,2.4704819812532824e-05
2837,0.256435935832463
2838,0.31525707437341494
2839,1.2771753453070538
2840,0.04308126602097594
2841,0.03079709975885733
2842,7.99891294272964e-06
2843,0.0002290814445231505
2844,0.1193988626787788
2845,0.19245578519144457
2846,0.3000571096194965
2847,0.298011647088651
2848,0.009751488112153903
2849,5.431888796737866e-06
2850,0.28236644125271193
2851,0.04520819221446943
2852,0.003816048036699474
2853,0.0821233242753557
2854,0.6117434681984781
2855,0.413733126488882
2856,0.7004978874624203
2857,1.6188846727673463
2858,0.5558241856763515
2859,0.8737945450838427
2860,0.00043134949345398924
2861,1.0386044522120694
2862,1.7601702166059148
2863,0.3199846176175983
2864,1.2899870867001253
2865,0.5866179920813533
2866,1.606608271067799e-05
2867,0.10838882372683063
2868,5.5558848186889076e-09
2869,0.006564569522375043
2870,0.025143378310509733
2871,1.636603812731735
2872,3.3163016975490763e-05
2873,0.005986295408888181
2874,1.2333639842323814
2875,0.40275146343059076
2876,1.4950521186745807
2877,0.7761882241816666
2878,0.007245922706269314
2879,1.3017966179765679
2880,0.0519574026931188
2881,0.10237617105648074
2882,1.3141551902157764
2883,0.10022686255124348
2884,1.8264085884293683e-09
2885,1.1318477686118829
2886,0.14470656265493625
2887,1.4061052171163588
2888,0.6305165012793962
2889,0.4163536740215402
2890,1.3608536421228832
2891,0.18644853579388035
2892,0.039355979841488996
2893,0.20155520192362003
2894,2.7331732170911463e-07
2895,0.003122761346592263
2896,1.7090997080537026e-05
2897,1.3105232652210954
2898,0.23972168846756556
2899,4.335534174344707e-05
2900,0.0035701482449190785
2901,0.25065941436676636
2902,0.05193116056303769
2903,0.13203363896427803
2904,0.07852916488441072
2905,0.25100701153809246
2906,0.0001702566133617776
2907,1.5422505788689336
2908,0.2561974920932936
2909,0.0003993582017717934
2910,0.030497053765720143
2911,0.7153331756908328
2912,0.00012646755591762927
2913,0.00047792319031862674
2914,1.0605195544259225
2915,0.004273192291144373
2916,0.016570930740145772
2917,0.496167252047773
2918,0.35717885702864555
2919,0.0062598123084233945
2920,3.855075678274354e-05
2921,0.6371943735046884
2922,0.03746248341903908
2923,5.3429724895366314e-05
2924,1.2790018947357598
2925,0.02170247947846109
2926,0.006279965881247662
2927,0.9722297616342401
2928,1.5168392091662135
2929,1.6910139832270485
2930,0.010309393927127932
2931,1.0213163793634292
2932,0.06308542249297223
2933,2.485951780957078e-05
2934,0.0016016104002611875
2935,0.34091059326771517
2936,0.0017280389921435452
2937,1.703440950480749
2938,0.15044128465691006
2939,0.07038658582425837
2940,1.116249836615002e-05
2941,0.0211693295840117
2942,0.010960686930755423
2943,0.05021308495380725
2944,1.2763364913037496
2945,0.6103726701146844
2946,1.0090111335448628
2947,0.2756664475938946
2948,1.8551022499386312e-08
2949,0.00019124184520456983
2950,0.9628359315955286
2951,1.0846254934051356
2952,0.0008928568301562288
2953,0.46876006137534454
2954,0.0047617744498492905
2955,0.1607780640132322
2956,8.433591871615597e-09
2957,0.38191873719858804
2958,1.2130138064526492
2959,1.178694729171114
2960,0.1815767023694692
2961,1.1689926100725842e-10
2962,0.007410407630824373
2963,1.4911663507886297
2964,0.008441782074104925
2965,0.0007118316737022688
2966,0.0008392416549605651
2967,0.0025180387429981363
2968,1.269449120914763e-05
2969,0.013968459577501056
2970,1.054069749083895
2971,0.0034044102300274308
2972,0.612497151844981
2973,0.016061932780378957
2974,0.17781933639741376
2975,0.14305472962189786
2976,0.0026749603352475815
2977,0.26573295895763693
2978,0.12624427540757174
2979,0.014387923901088333
2980,0.0025811135268049793
2981,1.261331455980372
2982,1.3470443721596401
2983,0.0031946009126232995
2984,1.4011353469554295
2985,1.2239213063329588
2986,0.0001769603675901487
2987,0.00012918169526057307
2988,0.0038814170382577306
2989,0.03308654193560894
2990,0.03917012788008229
2991,1.817945142626213
2992,0.8416063340371857
2993,0.09790531802928286
2994,0.029249331915093327
2995,0.00029241718245174653
2996,1.8457033658492358e-05
2997,5.134446151350291e-06
2998,0.5607879181256192
2999,0.8306051910868967
3000,0.21590316528535344
3001,4.0595548992653955e-07
3002,2.028822760451062e-05
3003,1.3087932250038432
3004,0.9538849528852589
3005,0.7902408126931126
3006,0.0029812051529198923
3007,0.1621647868470613
3008,0.03207122910082544
3009,0.00018624991116807265
3010,2.404015898104671e-06
3011,0.009713418439528788
3012,0.0040777278437504165
3013,0.07148838180861662
3014,0.000652451015141937
3015,0.0002867771184100579
3016,0.2410798350161483
3017,0.5270338836845647
3018,0.03323129875946597
3019,1.46730574811726
3020,0.19739283087540915
3021,0.3232365894262012
3022,0.2483708321815675
3023,0.11440283205932518
3024,0.20660545078602077
3025,0.013713460341228592
3026,1.3526098188163855
3027,0.14341426828522844
3028,0.44834756184075686
3029,0.0026258322512254847
3030,0.5038054820015675
3031,0.19485163662780638
3032,1.160143025690066
3033,0.21731259204545722
3034,0.7388075138537564
3035,0.0058584983990323455
3036,0.8452180568444685
3037,0.00043302847769860774
3038,0.11797769416172144
3039,0.7960726589219053
3040,0.6394687486899624
3041,0.01842790894408177
3042,2.1621208817619366e-05
3043,4.226431479022667e-06
3044,0.0035977028716567445
3045,0.19427365054514226
3046,0.00047466688207396655
3047,0.02848509696080782
3048,2.444077061897684e-06
3049,0.5421764756071874
3050,0.5686397691051936
3051,0.2420133579901934
3052,0.0012311210506348214
3053,2.6564509411123525e-10
3054,0.0004645067670114796
3055,5.0402448962873295e-06
3056,0.15035690236205013
3057,0.299478642742846
3058,0.5493194839053539
3059,1.3083819692168988
3060,1.5490572322956366
3061,1.3043156494899244
3062,1.2602139718783176
3063,0.21443089753496025
3064,0.00010415330234266346
3065,1.5255055281025216
3066,0.5059003436179302
3067,0.033095329650350475
3068,1.4771317317343577
3069,0.42694624009646465
3070,1.0010131195477526e-05
3071,9.499038079569934e-09
3072,1.165642679792952e-06
3073,0.35533484823357847
3074,1.4649616184697836
3075,6.0753165903319585e-06
3076,1.4998682818067726
3077,0.001404624634252398
3078,0.1487649952777515
3079,0.9119210187193885
3080,1.5564422005801717
3081,0.4955938631347072
3082,0.17181059974771049
3083,0.005952233079861142
3084,1.1263251843591595
3085,0.04202740049128185
3086,0.006080803821235463
3087,0.008917721663408375
3088,0.10607089396981417
3089,1.617404913961371
3090,0.3855115737779706
3091,0.4939192752603821
3092,0.057371970093508744
3093,0.8325010517857743
3094,0.14411069750766178
3095,1.5154460099577574
3096,1.4008252727363764
3097,1.3747150906954901e-06
3098,2.4640784212517294e-07
3099,0.09990508987943443
3100,0.9526819976746125
3101,0.056532215864602095
3102,0.01436439419469794
3103,1.5435551871551507
3104,0.0385194663604501
3105,0.09955788912565092
3106,0.0019725646360273727
3107,0.056783889434867
3108,1.3654734634859984
3109,0.513264575527012
3110,6.953432294951937e-05
3111,1.3507408813251682
3112,0.25209381077315823
3113,0.0021684282605437554
3114,0.00012855604913887916
3115,0.2962964276202942
3116,1.0476264560453836
3117,0.007125180828470932
3118,0.006285468254326769
3119,0.00018605796346917851
3120,4.185327097942233e-09
3121,1.131059983144048
3122,0.013476225559255229
3123,1.6683657661112922e-05
3124,0.00829232152218919
3125,1.8848101602414793
3126,0.7574715974122899
3127,1.087670870830548
3128,1.6170410160665567
3129,1.6596397942859433
3130,1.404091992004475
3131,0.0030455578272701052
3132,0.003666629398782946
3133,0.5274293189180479
3134,0.024093340358911714
3135,0.2653808649758817
3136,0.06509743835360493
3137,0.6817265650934827
3138,1.559731958553135
3139,0.014702963195925909
3140,0.32866452700067567
3141,2.359217293454229e-05
3142,0.0044795697753042
3143,0.021618463422892704
3144,0.8103942807264034
3145,0.03169138490705964
3146,0.00277876804204455
3147,0.9464229021413618
3148,0.9203573691578439
3149,0.00016399026627039227
3150,0.8850298044491078
3151,9.999444162114507e-07
3152,0.13303783501350205
3153,0.8607430115321462
3154,0.4353705943746686
3155,1.2776131786495815
3156,0.09067452986957218
3157,0.4080201450278475
3158,0.834006450831717
3159,4.349209059827695e-05
3160,0.04207247617218225
3161,0.07149837797132913
3162,1.4549379469149137
3163,1.682502317487934
3164,4.976640222374823e-06
3165,0.32342111788610817
3166,1.8697742104286175
3167,2.68507731283094e-08
3168,0.16296904351843955
3169,1.1870717263207475
3170,1.7169339915859996
3171,0.041700844588233824
3172,0.06515286066691231
3173,0.305651800873113
3174,1.0580161490405463e-05
3175,0.053763669092951986
3176,1.350552279696366
3177,1.490504055210747
3178,0.23474773188076262
3179,0.9151169085352575
3180,0.020216737480320365
3181,0.6068191762850956
3182,0.0020111727257456414
3183,0.053752931155026364
3184,1.047375909996441
3185,0.11036942482656417
3186,0.30473153386843715
3187,0.00013547070751379996
3188,0.7988929404254533
3189,0.12104045415739013
3190,0.09924272140972269
3191,0.015065775843159535
3192,0.9551942346513954
3193,0.8429820962046007
3194,0.935909842579471
3195,0.705938990090201
3196,0.007473129479593584
3197,0.1412004666896241
3198,0.009478278685286981
3199,1.4415726917210925
3200,1.1132646102152173
3201,0.5903268727090716
3202,0.5188073784247229
3203,1.757845207819776
3204,0.2781293958174735
3205,1.8479987873313168
3206,0.3861656757802037
3207,1.2845782607246803
3208,0.09981951500048963
3209,0.0016352812033640968
3210,0.388284354726971
3211,0.0006190236155790278
3212,0.648475567309036
3213,6.708476974863157e-05
3214,1.0909093491779274
3215,0.7181435179230159
3216,1.1267280839194004e-15
3217,1.4140249215488516
3218,1.4624150886763088e-05
3219,0.33694857947209983
3220,0.5840353667913671
3221,0.21841569315397635
3222,0.03169260894100205
3223,0.1868827819955445
3224,0.7262264648012373
3225,0.06289065627589792
3226,0.4051166952294167
3227,0.4200889162570951
3228,0.11526966878946748
3229,0.8394412602661545
3230,0.024365332705175324
3231,0.09050562092278569
3232,0.7653667848651367
3233,0.34632425993483423
3234,1.7916400432846091
3235,0.7013494613113389
3236,4.017968999692357e-06
3237,0.00019160106453181068
3238,0.3146719323599536
3239,2.728612078714039e-05
3240,0.8727928264584944
3241,0.33217929161413934
3242,0.019744897369134682
3243,0.037043311907987576
3244,0.01259509270308164
3245,0.00012094276762106558
3246,0.00428927686429672
3247,0.18000809181920216
3248,2.216666878054852e-05
3249,0.38166057488183697
3250,0.797841651298366
3251,0.6178119223897254
3252,0.027748400840361086
3253,1.470818576160119
3254,0.03451021041246328
3255,0.5583090582008666
3256,0.2244035491140387
3257,0.0006472778562532748
3258,0.03740237191397038
3259,0.7926718690003686
3260,4.5643226366634526e-05
3261,1.326484867962816
3262,0.8834128002688374
3263,1.4242211439859027
3264,1.4384405606963069
3265,1.1462686370363933
3266,7.721858083477043e-06
3267,1.0358476701073913
3268,0.0165659748508323
3269,0.06791851255317699
3270,0.09862140401286928
3271,0.7837845743519185
3272,0.6397268701889014
3273,0.03313498552050589
3274,1.2009959039259483
3275,0.0017015373735977594
3276,0.03501370405153468
3277,1.6773741686642265
3278,0.0004761766854515842
3279,0.05410794093365287
3280,0.021234900217557987
3281,0.9701957484894336
3282,0.0005682929800546254
3283,0.3393357504420791
3284,0.0277381407821984
3285,0.39878687116170614
3286,0.7855797153741093
3287,0.002939578811129086
3288,1.00452906124056
3289,4.498557668910572e-05
3290,0.12101891195923634
3291,0.6543430180527262
3292,1.4819619764477359
3293,0.752369044024197
3294,0.015815679491588516
3295,3.2095139948323556e-05
3296,0.006010943242942598
3297,0.07931214248451568
3298,0.0001147518617152651
3299,0.0075776926995998976
3300,1.237806950762259
3301,1.773929816245588
3302,5.6430644762393283e-05
3303,0.0001748605966058107
3304,1.4622480404742975
3305,0.0007720416666165727
3306,1.5765084299114647
3307,7.992817140125078e-06
3308,0.00038767622206126986
3309,0.5176799766656421
3310,0.12081027354204646
3311,0.6660266012289799
3312,1.1436648641176786e-07
3313,0.005594324318760253
3314,0.0009134603105506753
3315,0.0035482521980299765
3316,0.8256609068677269
3317,0.03592177003885098
3318,2.221758407267586e-07
3319,0.17085304817492145
3320,0.5881905561614073
3321,1.1527414206807172
3322,1.422700418928683
3323,1.5050776088756639
3324,0.04214903647793181
3325,6.930586625281194e-06
3326,0.00013866147775426022
3327,0.874084744340979
3328,4.893489723690727e-06
3329,1.4570193179595579
3330,0.25612015810515776
3331,0.5887058253452822
3332,0.3265812381804136
3333,6.303842312374595e-14
3334,1.00380758604325
3335,0.36281368163932753
3336,0.01330737803403723
3337,0.7842642374912318
3338,0.0005962603186410103
3339,0.017204365833881345
3340,1.4550391049397302
3341,0.0008343810884103653
3342,0.00022359084348780984
3343,0.2548168728305823
3344,0.060740314211193254
3345,0.975061752550461
3346,1.02594193121652
3347,1.333476369591951
3348,0.004689016291370172
3349,0.6263362032064326
3350,0.5887837938830512
3351,2.1669234126927147e-05
3352,0.4496017395349347
3353,0.0016188234276577125
3354,0.9859125284605288
3355,1.54950358140053
3356,0.6537542185322437
3357,1.1256456389975774e-05
3358,1.4080169435071
3359,1.0026330586464104e-08
3360,0.00048499386382143503
3361,0.0805424788892927
3362,1.7854368661751634
3363,0.6078407632011499
3364,1.1223675581826165
3365,0.0009916311623759581
3366,0.8170959298238641
3367,0.002251159853086835
3368,0.03877205454697436
3369,0.9184681369797627
3370,0.5699419771412012
3371,0.06256755936894856
3372,0.10095730147082209
3373,0.6042554284924472
3374,0.5269085320208899
3375,1.08295185406158
3376,2.4554630717072403e-05
3377,0.020064766193941305
3378,1.1415196572182869
3379,0.025080146311342238
3380,0.08640638133438203
3381,0.7919020621931554
3382,0.45967046979353854
3383,0.06836184660579328
3384,0.24633988662672984
3385,0.8125075518542462
3386,0.22193349220225822
3387,1.5778981809796648
3388,1.8907795743490101
3389,0.0004517230488123451
3390,0.012727349858229885
3391,1.0466786207127872
3392,0.003282628374175917
3393,0.12384170158989881
3394,1.2931340463128227
3395,0.16820088207087566
3396,1.5662117043660737e-05
3397,0.07573456269300316
3398,0.05782978186762059
3399,1.3041201489592666
3400,1.3977511710993151
3401,0.2675919895511162
3402,1.6974243772746462
3403,0.002075201023156626
3404,0.060731666308674506
3405,0.16922271286575638
3406,1.7958260434015785
3407,0.013131172620625811
3408,1.0353747499044834e-09
3409,0.04656485078899769
3410,3.302679771925125e-06
3411,0.8801541008644426
3412,0.460994716673436
3413,0.07996626395040572
3414,0.48993169586744767
3415,0.39368594717298727
3416,0.0017763202165291799
3417,0.47763194543177256
3418,0.08879595314891943
3419,0.06188842277986252
3420,0.342722868589044
3421,0.8440413273438748
3422,0.970070203706814
3423,1.1039003637655938
3424,0.3146577598236924
3425,1.1209223550196474
3426,0.21548166927524665
3427,0.008840753390075475
3428,1.4418203422348875e-06
3429,0.0013713060554243436
3430,0.20843633659869593
3431,1.3022577253636176
3432,0.40443291944506893
3433,0.0005482671247674565
3434,0.4413246117329228
3435,3.564332889345391e-08
3436,0.0088338197717495
3437,0.0920009941485145
3438,1.1250623278475102e-05
3439,0.11340700809147815
3440,0.0001918883769142309
3441,1.1474487210666502
3442,0.8841309456928295
3443,0.3580065849894223
3444,1.1254079434888127
3445,0.0687224205508627
3446,0.00019033196055721836
3447,0.35534694589576477
3448,0.019485989636225186
3449,0.22078377076736136
3450,0.66018105833417
3451,0.7635740850272715
3452,0.827448507139463
3453,0.12308208603266683
3454,0.00747735924017953
3455,0.002369307596074817
3456,0.5970153275527892
3457,3.0562099879420305e-07
3458,0.12499368531699026
3459,0.4947749555236603
3460,0.6003030514536902
3461,0.004708934122465464
3462,0.25286560775653677
3463,0.04009152780347552
3464,1.7068685582923843e-07
3465,0.16171655023298642
3466,0.7670904466973651
3467,0.024768427303504655
3468,1.0138981695060205
3469,3.1320339120398475e-05
3470,0.6264046817274938
3471,0.13086017806287237
3472,0.0004657238072031785
3473,9.490364677871126e-05
3474,1.0002804204456412
3475,1.6117303890325003
3476,0.4679178326491559
3477,1.3396114202233216
3478,1.0458797946321143
3479,0.6010503023846384
3480,0.2027711696370979
3481,0.010132077001411706
3482,0.0013722296749356534
3483,0.5450178762217227
3484,0.5191146456264913
3485,0.10537324116796846
3486,0.0001323074906768354
3487,0.2028432734655085
3488,0.03262621460566004
3489,0.0026490270549958746
3490,0.035295254641738515
3491,0.2599779775139769
3492,0.6648005241445059
3493,0.8618405692060055
3494,1.4263502411852307
3495,1.1610361747400186
3496,7.005256167342962e-05
3497,0.2655353657036945
3498,5.618185998899598e-07
3499,0.005318031794041775
3500,0.011722880081553365
3501,3.0138014437013904e-06
3502,0.0010242958648993558
3503,0.7372988076188065
3504,1.1394323521471916
3505,0.001778766707893499
3506,2.086424561653936e-05
3507,0.7765032259875392
3508,0.012347871933339515
3509,4.3982869872033156e-05
3510,0.0017558245653124017
3511,1.2896469161237032
3512,0.00041596493799582983
3513,0.00516870833858276
3514,0.05489535674631369
3515,0.3942162001710502
3516,1.1037375196632353
3517,0.00817722232982956
3518,0.47390455739598086
3519,0.8096061091258787
3520,0.008187858591916907
3521,0.12613653189482205
3522,0.9511456001757863
3523,1.4209067780868815e-07
3524,0.24949536155948637
3525,0.010643325363569883
3526,0.22321763819967805
3527,0.00673982333213367
3528,0.01273862634862017
3529,1.1411096831890851e-06
3530,0.27429411027513373
3531,0.4404084775757156
3532,0.8178269916568999
3533,0.00011348814777950338
3534,0.06667758792840903
3535,0.6251062576910356
3536,0.01474996180540216
3537,0.031774979486249105
3538,6.126675820034838e-07
3539,1.4720563271559048
3540,1.0934236346181745
3541,0.0027849556097361405
3542,0.9845758438725841
3543,1.0153373602735973
3544,9.572274322831406e-05
3545,0.42153854081013437
3546,0.01448813400217988
3547,0.016990541487452826
3548,0.2551680098417121
3549,0.08021306077869811
3550,5.65156967013041e-06
3551,0.3241169967467636
3552,0.2552636013931798
3553,0.004296791332330051
3554,1.322404071889126
3555,1.4680647861582479
3556,0.4543881374375101
3557,0.014150929635647236
3558,1.901593321420261
3559,0.5211774225453853
3560,0.7329461728809368
3561,0.03178136050298973
3562,0.44340585673776967
3563,1.2141251356263274
3564,0.23116229457944534
3565,0.0018783460454707165
3566,1.325005041534105
3567,0.003771381794053323
3568,1.23281641825983
3569,1.5131294394898847
3570,3.3322429508958595e-05
3571,1.4563364980090647
3572,0.04610204378702315
3573,0.49533269630602117
3574,1.374503206815655
3575,0.5213471213134117
3576,0.6869048259901459
3577,0.2169820503983837
3578,0.9079243973740109
3579,0.7400623038205222
3580,1.3457552160490354
3581,0.2856344995242129
3582,0.00437487920941532
3583,0.02435394007059879
3584,0.7435817527538767
3585,1.6930756845127664
3586,1.1352317550448927
3587,1.6582820727191028
3588,0.4940303456994288
3589,0.45787909554080575
3590,0.07644266233589753
3591,0.39986348819834905
3592,1.6172577709326464e-11
3593,0.09809586780462025
3594,0.0054981873368489045
3595,0.6256890135396619
3596,0.019375367318545438
3597,0.020436500172271766
3598,1.9528481605144858
3599,0.03581786625219564
3600,0.0068441922545892835
3601,2.2151242570397548e-13
3602,0.024710701661076577
3603,0.5158840296020881
3604,0.021200710053580825
3605,0.0014642212284030987
3606,0.34072017982814023
3607,1.8282847738327257
3608,7.238464327981492e-08
3609,1.480378869015628
3610,0.07598502064699436
3611,5.9252960547956734e-05
3612,1.5222973434789957
3613,0.001716371819434569
3614,1.838729179529825
3615,0.2215193366437899
3616,0.000521765001167303
3617,0.0003030598593923573
3618,0.021318921945103767
3619,1.5665806485622995
3620,1.0444810605264505
3621,0.040042103812649665
3622,8.085240933922505e-06
3623,0.017776662415586862
3624,4.111159512119845e-12
3625,0.021195177589000996
3626,0.009647678309943411
3627,4.956472194975646e-09
3628,0.41522045854531087
3629,1.1541213310905822
3630,0.0002559971819470903
3631,1.6877030620842487e-06
3632,1.1781320325055344
3633,1.2371080518339719
3634,0.5187989333591835
3635,0.0002442871663954682
3636,5.29414604263593e-05
3637,0.2112374334467819
3638,0.04605162903042007
3639,0.001795670012579564
3640,0.07287229445918977
3641,0.0006205878156167275
3642,2.3357481017486495e-08
3643,0.3243508349478924
3644,0.598620553933409
3645,5.230244432426647e-05
3646,0.5726953290811649
3647,0.6672088689917411
3648,0.8803074343717598
3649,0.30724846494026026
3650,0.020608380531447052
3651,0.5614025697269164
3652,0.9939392265467015
3653,0.840119036570941
3654,0.4501620627723448
3655,0.0007314867637834344
3656,0.25297533704178343
3657,1.3379242668329339
3658,1.5007421688328049
3659,0.45257912531453665
3660,0.004231756710831356
3661,0.010649547792244442
3662,0.9228566357418909
3663,1.6107678631771343
3664,1.7336114521005113
3665,1.035445913773404
3666,0.03553304518821212
3667,3.998014327492965e-10
3668,0.659836915102295
3669,0.6270119101097047
3670,0.004972871515282605
3671,1.1233868808481067
3672,4.6120676873828206e-05
3673,0.12352020409659155
3674,1.118961470736105
3675,0.14438542679320016
3676,1.169738010981285e-05
3677,0.3715118311225344
3678,1.0923878568986272
3679,0.40286121021046056
3680,1.3039277504931746
3681,0.011715840301229094
3682,1.193672279014017e-07
3683,0.30193812617814897
3684,0.4140339052935028
3685,0.0002515627212086949
3686,0.07090653190418994
3687,0.45832017331915
3688,1.3269886183699094e-07
3689,0.000499222615045942
3690,1.3421471842636545
3691,0.00017737976505442234
3692,0.5342294703273255
3693,0.9550853278898839
3694,0.17364265311314758
3695,1.2317007202524812
3696,0.6344020282022198
3697,8.142413171381176e-05
3698,0.04893126114187361
3699,0.02451474280112114
3700,0.47215086856767813
3701,0.15117906341462617
3702,0.812151279938794
3703,3.348780857049402e-05
3704,0.1999840841696281
3705,1.3066237408444987
3706,1.501624843974206
3707,0.14700259907927787
3708,0.0011144278626638482
3709,3.2021004507160204e-08
3710,0.4394740631738071
3711,0.05289523951877462
3712,1.1432455675237068
3713,1.6004330567583298
3714,0.3762228259966005
3715,0.011700402608721261
3716,3.081374859910724e-05
3717,0.24730323853905742
3718,0.5684722568952262
3719,0.02873562646935361
3720,0.023189809018252686
3721,0.0023446949986961844
3722,1.6650316834773309
3723,0.6912264121141107
3724,0.9573238968125708
3725,0.2905906165526683
3726,0.6962959491172243
3727,1.130653046270568
3728,0.9771716877707493
3729,0.2348063775069127
3730,0.38116101245200323
3731,1.4102275275619887
3732,0.001414932435701997
3733,0.0896362245125035
3734,5.811869344905256e-06
3735,0.042857339187818
3736,1.2558885505517634
3737,0.5954969035501398
3738,0.007636475736889394
3739,0.040368115463430256
3740,0.21652452599093075
3741,0.4395441844423367
3742,0.09432787756820385
3743,1.657807774686771
3744,1.7213715693230511
3745,0.05730973808335329
3746,0.14332636238392002
3747,0.5785508278486082
3748,0.2575683996090704
3749,0.7389240781951659
3750,0.04408167852955333
3751,1.0780562373151956
3752,1.1199590163278299e-08
3753,9.432324186285723e-07
3754,0.7967293215126152
3755,0.5712318452685143
3756,1.1917387670256072
3757,0.0013779278418593562
3758,1.4982171092040886
3759,0.2410950525017218
3760,0.39656011810739883
3761,1.263097508802507
3762,0.6091967023836014
3763,0.0019004175482012751
3764,1.3809751367520209
3765,0.780965210734286
3766,0.02335574263790047
3767,0.00265259131227226
3768,0.03233164121217582
3769,0.20038421207603344
3770,1.0364059741146095e-08
3771,0.014750290096469389
3772,0.017334129388948485
3773,1.2889989196112803
3774,1.194776860513917
3775,1.59637820537246
3776,0.7849014168740929
3777,0.20547383005640354
3778,1.4300845816882977
3779,1.3340053396459806
3780,0.005148269428530274
3781,0.4691796800728934
3782,1.5041444349927935
3783,0.00028197644338457095
3784,1.1238795520584528
3785,0.00016523100066154428
3786,1.3893223323780215
3787,0.040712639546410266
3788,6.286785139315324e-05
3789,0.0018292209486702358
3790,0.0034326977171901542
3791,4.934052222178082e-08
3792,2.0699390129243848e-06
3793,1.5161601514335878
3794,1.1469498497175534
3795,0.6138766785741506
3796,1.3759612135273123
3797,0.11103901382790225
3798,0.1271497724493025
3799,0.8039773674516439
3800,1.736230636792481
3801,4.991104605893254e-08
3802,1.3154668551949427
3803,1.439988633314079
3804,0.4724664665268956
3805,4.3925880879924816e-07
3806,1.3778321935264735
3807,0.9374469021424952
3808,0.7423645740548283
3809,1.5884957923224334
3810,0.3196484294790862
3811,0.798072100923481
3812,0.07755751950584047
3813,0.2715947972189058
3814,0.008292171874548903
3815,0.881047906273118
3816,0.07555381442033332
3817,0.3715073900017701
3818,0.02607533179771431
3819,1.3688007690126618
3820,0.808979059711314
3821,0.14875392836374343
3822,0.0005041526217403338
3823,0.6073565265210799
3824,1.4570955987757248
3825,0.00020625125012749347
3826,0.24134205017351376
3827,0.8149956616839545
3828,0.39189472709246564
3829,0.004834316027826596
3830,3.901491948271922e-06
3831,1.527140649470557
3832,0.7983645547302776
3833,0.2674363753325133
3834,0.7325998426445045
3835,1.3782108359399499
3836,0.004366830026129362
3837,0.8792876997901055
3838,3.287422681908744e-06
3839,1.1993248696002294
3840,0.001286684362266263
3841,1.6205220666092408
3842,0.0004407040053273613
3843,1.2251373122608007
3844,0.0025052603524290417
3845,0.20774322323089944
3846,0.14447417839575544
3847,0.2992846475901488
3848,0.16368166763320832
3849,0.9260206135467123
3850,1.8790312645797276
3851,1.0825219554335317
3852,0.4456841412730972
3853,0.16520938821046058
3854,0.19307814667547502
3855,0.5475327310472076
3856,0.040634036613187714
3857,0.8677848059851182
3858,1.0225001900400223e-05
3859,1.2412636010493494
3860,1.3980211039195805
3861,0.0003654170007388604
3862,0.21215130600858814
3863,0.05589595270433991
3864,0.00011259412217681248
3865,0.024749446674276542
3866,0.22930552223029071
3867,1.7786578604653742e-08
3868,0.03965363959376594
3869,0.03610542739369163
3870,1.1675963126078208
3871,1.0470434227421788
3872,0.4540330339216601
3873,0.4346673319027655
3874,0.8076667452882564
3875,0.00024326845451043356
3876,0.7302245580111326
3877,0.9751857071065371
3878,0.1118307931501689
3879,0.042036641910845204
3880,0.16431599035519098
3881,0.007680090087943582
3882,0.0008142578038668168
3883,0.1760246494394457
3884,0.0028548845677280115
3885,0.9090333441337335
3886,0.46635398111119875
3887,1.0139352286664851
3888,0.08425018682164069
3889,0.01792322298634015
3890,1.8534303064285626e-07
3891,0.06179394695980547
3892,0.048535140227017166
3893,9.168182156368072e-07
3894,0.002377194129967035
3895,1.2767460519190035
3896,0.7731565503559599
3897,0.46931212115589493
3898,0.04569362705886902
3899,0.9154458682126946
3900,0.8106455097009522
3901,0.19852001638165007
3902,1.1541178671464627
3903,1.4273898145427095
3904,7.620914840597908e-05
3905,1.6936933648128034
3906,0.8207278391599453
3907,0.5470346141973904
3908,1.1622925157971289
3909,0.44271887987042813
3910,3.47770282986632e-05
3911,0.0006788741523288002
3912,1.8559261352326748
3913,1.6889078674813582e-05
3914,0.007456403583385151
3915,0.0008245066322769022
3916,0.003456721262651232
3917,0.9471628329605116
3918,0.010081122145479833
3919,0.4173854027337608
3920,1.4498750614211813
3921,1.4024009887300378e-05
3922,0.5454091828311273
3923,1.1995177852131904
3924,0.1855717024297492
3925,1.2698846582394148
3926,0.47455212893808696
3927,0.30429703182569906
3928,0.031026788932595858
3929,1.6347914325519293
3930,1.834570617688344
3931,0.1798432459151393
3932,0.8450175075015224
3933,0.8701572610616866
3934,0.03243485790822724
3935,0.5395020213377946
3936,0.004184377376576269
3937,0.3112660409865283
3938,1.6207872269072237
3939,0.021244792337791737
3940,6.0113031867718444e-05
3941,0.728283528578734
3942,1.0642294998117623
3943,0.1870549762833826
3944,0.00012836622526281793
3945,0.9730367728274157
3946,1.1493576827017777
3947,1.114069314026699
3948,0.02229331865342107
3949,0.03340795424188058
3950,1.089779981952223
3951,0.17409140007149462
3952,1.7434855447321156
3953,1.328247542182092
3954,0.49028570289760787
3955,0.019392684034758346
3956,0.9915568615182241
3957,0.018797248807666374
3958,0.12927057780701728
3959,5.207576833678745e-07
3960,0.0006223384323535865
3961,6.541931608627766e-06
3962,0.0068664777313244595
3963,5.219068452274879e-05
3964,0.00010820063886823592
3965,1.633577828513995
3966,0.4449734561275081
3967,0.7437823657756795
3968,0.13657092682829297
3969,0.012161383933651519
3970,0.056848187384823584
3971,1.4114343952157373
3972,1.6347744675034985
3973,0.11542221363869126
3974,0.00013169099193926974
3975,0.000863753264171465
3976,0.04535873428734218
3977,0.12379495313859465
3978,0.5753342463240184
3979,0.4480068294842827
3980,0.7747350074175318
3981,0.27870515496904974
3982,0.1880429555201127
3983,0.30106976538986757
3984,0.29177835313189937
3985,0.2025715446525074
3986,0.02466456311665488
3987,0.5896511895912818
3988,0.913375660248425
3989,0.6731319101647997
3990,0.013597739878436377
3991,0.15044735656192743
3992,0.0027629663471813756
3993,0.0061908019261796956
3994,1.7278281395844264
3995,1.429959341420365
3996,0.4483940262506292
3997,1.2952692604881978e-06
3998,0.4441164498424321
3999,1.0752214001332443
4000,1.3675796620961607
4001,0.06991034890742608
4002,0.2139377018364138
4003,0.0026165883779150447
4004,0.059451163857968066
4005,1.080345246305887
4006,1.0790343368477695
4007,0.00197601819890051
4008,1.916741437072184
4009,0.2474189726731782
4010,1.331752163156649
4011,1.0278557307893363
4012,0.769744644712243
4013,0.0032200916529258306
4014,0.012027127052263793
4015,0.924736422978201
4016,0.20487571598087345
4017,0.10126668531180978
4018,0.667266660645376
4019,0.035323649871445
4020,0.688466068973492
4021,1.3353816160702299
4022,0.9206734948788152
4023,0.9852889557018689
4024,0.016889366127529924
4025,0.006732871734752255
4026,1.6105079098144957
4027,0.016691583011309293
4028,5.128882239749391e-06
4029,1.0357217628091073
4030,0.2998626046492803
4031,1.0985167270249192
4032,0.0018979401817275255
4033,0.005274193873715658
4034,1.4530708402388663
4035,0.014569955346351434
4036,0.3813173903109155
4037,6.77327158693547e-08
4038,1.1833509998887077
4039,0.0018036335511192726
4040,0.042216804440372395
4041,0.02958120460310762
4042,8.756669052983262e-14
4043,0.0001571984211808084
4044,0.00011800458090946597
4045,0.009824515065263382
4046,0.915352541665178
4047,0.006954305144107816
4048,0.7510662862287156
4049,0.12867038174455556
4050,0.09629201008681205
4051,0.030265999989808938
4052,0.6369677378020627
4053,0.8046051865913995
4054,2.3860752233748718e-14
4055,1.3044263931037214
4056,0.0014437933148370606
4057,1.6732390553646692
4058,0.00013734960508881067
4059,1.3177931272287797e-05
4060,1.9011840142409467e-05
4061,0.002354212212007486
4062,1.6308248049357008
4063,1.036247997641763
4064,0.10357164083194935
4065,4.294960337792376e-06
4066,1.6500486547785598
4067,0.8807526714118414
4068,0.7108972774550453
4069,0.506878631962634
4070,1.3789673827745454e-05
4071,0.33897700690649607
4072,0.0012249119200826203
4073,0.0240688408043108
4074,1.2844907559814864
4075,1.917181878349306
4076,0.07612386123767362
4077,2.9521102007494185e-05
4078,0.900201324652897
4079,0.0009171255575392202
4080,3.730964470089588e-05
4081,1.2144934811955856
4082,0.00011655163613741845
4083,9.445563376354016e-05
4084,0.069825547569067
4085,0.9987250111212318
4086,0.46367939683438597
4087,0.5612192896473881
4088,1.162242072906364
4089,0.2939706608471872
4090,0.006562911068750882
4091,0.0006549627383929536
4092,3.3267747049065963e-09
4093,0.3689700264816944
4094,0.9514442394616835
4095,0.26797674743598254
4096,0.0011595257811645434
4097,1.135125441455809
4098,0.002355803974035037
4099,0.0019924010266289165
4100,0.5880617530554947
4101,0.4802488705186067
4102,0.0015932729790444473
4103,0.33551410416773836
4104,1.3861116470944246
4105,0.2606034530765452
4106,1.3559072450566052
4107,0.4011321738987965
4108,0.10212487872703724
4109,0.03204800119796625
4110,0.9842258712612113
4111,1.2809247900281249
4112,0.0001298884338731997
4113,0.7145078074990587
4114,2.7165130299086774e-06
4115,0.3894765441761591
4116,0.005081840665212212
4117,0.040547065525916456
4118,1.7512048024166849
4119,0.4713036281000001
4120,0.1985520791704834
4121,0.0026811436820776587
4122,0.00017423589017471892
4123,0.00042653450063102644
4124,0.6706531873984724
4125,1.9850437778120542e-05
4126,0.5763922143107495
4127,0.2049177130601641
4128,0.7227264113721497
4129,0.19773542323815124
4130,0.12096678367837611
4131,0.03550423133287488
4132,1.2732338085574584
4133,0.01042958550414513
4134,0.0007353201621133301
4135,0.10351712005542278
4136,1.7623318512553528e-05
4137,1.2033825084842538
4138,0.05047580912369542
4139,1.9591174122037778
4140,0.018688454696734382
4141,1.2115667864017483
4142,1.6269208825024812
4143,2.4541373489075646e-05
4144,0.5333212205416004
4145,0.8305027665857597
4146,0.005100132535008796
4147,7.567257250195007e-05
4148,1.2236623389229924
4149,0.5394248935700499
4150,0.8000180356208729
4151,0.10528453686724752
4152,0.02603929584847481
4153,0.06864993547049325
4154,0.0005819696849090497
4155,1.5960324717497807
4156,0.005114339973783401
4157,0.26931674922852994
4158,0.19822416637091683
4159,0.01878214904445929
4160,0.8080573649539423
4161,0.5284312201089064
4162,0.004837872992296632
4163,8.117607321985686e-05
4164,0.33441599364774194
4165,1.0180290715589877
4166,0.14676099481415997
4167,0.9255241922478583
4168,0.6230843073186965
4169,0.014169939749392629
4170,0.2208742051038761
4171,1.6318969435309487
4172,0.0007459704334513815
4173,0.0009165295235178667
4174,0.015917954816791258
4175,0.003376257170240957
4176,0.00039220957612286423
4177,0.043071712768863055
4178,0.6191972335684136
4179,1.5666924787277965
4180,0.028468407185842655
4181,0.41177517512509787
4182,0.14259569490590931
4183,1.1172196395441327
4184,0.9658893721328431
4185,0.003418396988233865
4186,0.0032010307378055546
4187,0.631113356293983
4188,0.00033128847985445934
4189,0.2601988664722048
4190,0.020320477190393833
4191,0.1258343200848827
4192,0.19224316416329518
4193,0.9675905452979253
4194,1.8876625420484143
4195,1.2681087485125324
4196,0.9035626297693901
4197,0.1695239858164058
4198,0.008800151431557147
4199,0.2882877279707876
4200,0.18570447943762713
4201,1.5966093869178045e-05
4202,0.05846824036827134
4203,0.021120420350805816
4204,0.3912408345754273
4205,0.3649048343352152
4206,1.934671833038926
4207,0.02001561830262154
4208,0.8594742995313539
4209,0.003963758521016671
4210,0.21915436249540698
4211,0.07736985928526596
4212,0.21525141868834077
4213,1.422425098080677
4214,0.07885377319483905
4215,1.1267035892390567
4216,0.790930030096867
4217,0.025079582246486026
4218,1.5858209700490982
4219,0.13280243556827062
4220,0.21267448428128707
4221,1.545676928224563e-08
4222,0.00023448224201212995
4223,0.06835769378646649
4224,0.49985577738054915
4225,1.3848094250711864
4226,0.0004324548465970344
4227,0.7403312252611267
4228,1.458208021761336
4229,0.003913363478078139
4230,0.005106858422592167
4231,1.1671045334482776e-08
4232,0.05925790887234317
4233,0.006087168646828502
4234,0.039468265370219725
4235,0.18120846028318788
4236,0.2069149591900024
4237,0.34008150902549966
4238,0.12098168314427168
4239,1.2973838881445727
4240,0.33279826403717794
4241,0.01673118069740376
4242,0.1650758770770681
4243,0.3996942756260636
4244,2.3668818591202425e-08
4245,0.8357933366863329
4246,0.5242945078585052
4247,0.21136491841245475
4248,1.0505386624558304
4249,1.7820678219355923
4250,1.6559775472341094
4251,0.9247457590422635
4252,1.8686859650363055e-06
4253,0.000687947212216411
4254,0.7420912327512369
4255,1.112452172078032
4256,1.6594555110217581
4257,0.04190913336137117
4258,0.059569702679008955
4259,1.4127970185901098
4260,1.1792427117755968
4261,0.06436410021099916
4262,1.2838348139551252
4263,0.5288525588206213
4264,1.1787507958092152
4265,0.012256914576776025
4266,1.3937894050662154
4267,0.2895141304883505
4268,0.0061271322929891195
4269,1.0388262340503482
4270,0.9587602317121906
4271,0.43339940284192696
4272,1.273079388861481
4273,0.001041203451242144
4274,1.1434336604840152
4275,0.36502159204591644
4276,0.06485653946103503
4277,0.003522756893352511
4278,0.04040734811849071
4279,0.5061190601695836
4280,1.9189402630888526
4281,0.00411747831927058
4282,2.2654587292734594e-08
4283,0.4707913699568896
4284,0.04120886374487365
4285,0.3131092450394933
4286,1.144006295496578
4287,0.00017514731387772807
4288,0.08076571409147557
4289,1.2602392267514793
4290,0.010021373445127643
4291,0.044421839851878794
4292,0.014040233661342787
4293,0.32319173964918296
4294,0.4634788437461826
4295,1.0429297409826233
4296,1.3566249157343255
4297,8.24435244645335e-06
4298,0.0008855636458790241
4299,0.2489218253917112
4300,0.1833671256984428
4301,0.0021020465002249415
4302,0.0038828939210413683
4303,0.6033188522246907
4304,0.0013063866304458096
4305,0.033730014388272854
4306,0.0003806526482035256
4307,0.4012054389678267
4308,0.08725512304216194
4309,1.1912489586770982
4310,0.00016007851394236614
4311,0.68032078951937
4312,0.0027459133261060076
4313,0.08882165977162003
4314,1.43345412440702
4315,8.539280020488384e-08
4316,0.02116367642857726
4317,8.281982766842003e-10
4318,0.9254876286612488
4319,1.5673839935889629
4320,0.618145997099747
4321,1.238571012920427
4322,0.09151457371167053
4323,0.47010041823035037
4324,0.014729964127374625
4325,7.3625964224547326e-06
4326,0.00014047480908142777
4327,0.566965328153804
4328,0.04374330919330204
4329,1.540951785768326
4330,0.6528056789999989
4331,0.0012380614632684645
4332,0.015994334016509033
4333,1.630471392964752e-06
4334,0.6594303120631148
4335,0.00469548444954061
4336,0.21348074572890052
4337,0.7279356811559422
4338,1.4196298649970116
4339,0.05164382435776226
4340,0.00013610399379472725
4341,1.2934330256975384
4342,0.1892145143405055
4343,1.2690828951397508
4344,0.009247318334027033
4345,0.718487099399241
4346,0.02011246742776181
4347,0.035431783867718364
4348,1.3574643684855034
4349,2.749817045901136e-13
4350,0.10366327238301061
4351,1.6432965217320765
4352,0.021189328465946875
4353,0.03554333049574388
4354,0.002728445188591493
4355,0.006748132186608869
4356,0.715333427376848
4357,0.02895012316404218
4358,1.0858548390797423e-05
4359,0.027067575299873563
4360,0.1269890361504763
4361,1.4402154533468536e-07
4362,7.920568280922714e-05
4363,9.237363154037307e-08
4364,0.9011946266201694
4365,0.0016626802743319779
4366,0.4465802415715193
4367,0.00020954514025648245
4368,0.08113622120726874
4369,3.871789948109227e-05
4370,0.18504120051863132
4371,1.2319713921267637
4372,0.6734284287633532
4373,5.629921546878111e-12
4374,7.446619486877316e-05
4375,0.41396558815131207
4376,0.8289683475708975
4377,0.9839218698765679
4378,0.2724928890933982
4379,0.00659982075340415
4380,0.0015575720456349614
4381,0.37806005912440394
4382,1.17789962585097e-09
4383,1.4281825282365175
4384,1.0984838783282325
4385,0.001235265934024091
4386,4.2952736063357576e-11
4387,0.001346001840255419
4388,0.006361808570751044
4389,0.031095980796250606
4390,1.4833381649047457
4391,0.0007993436302831285
4392,1.1388304513328116
4393,0.3023004120595816
4394,0.11851998141451557
4395,1.4417431329570571
4396,0.04027368986896385
4397,9.001322433372581e-07
4398,0.0019367524204457252
4399,0.9971411694401235
4400,0.12589957634206958
4401,0.8749639391331101
4402,0.01565864131003486
4403,0.3312170355961192
4404,0.0020932990050417863
4405,0.4705199057975458
4406,0.439761282091862
4407,0.35205472458203363
4408,0.012606048315755784
4409,0.880413259558512
4410,0.8290543667415348
4411,0.5438378476813411
4412,0.3972693899582917
4413,1.101631161659866
4414,0.07156073705605309
4415,0.0027899476977466297
4416,0.5593782970511062
4417,3.9383638308118496e-09
4418,1.4465352232241213
4419,0.15221853419811734
4420,0.15534387627792498
4421,0.00035389884749639344
4422,0.6509479939126231
4423,0.9877689893212013
4424,0.0415263433156686
4425,4.393163915944033e-07
4426,0.0005662210784763083
4427,0.9590291540085003
4428,0.2264716431382202
4429,2.2957480642214468e-06
4430,0.8858415193629829
4431,0.0001533258737460214
4432,1.7343381335148393
4433,0.1370741181708928
4434,0.0032300890539607822
4435,0.9560683903779292
4436,6.955744625440563e-05
4437,2.3227369924247355e-06
4438,1.288547226942544
4439,0.500109351724919
4440,1.4367973670179548
4441,0.6831686843084671
4442,0.00229054626444281
4443,0.023284546541054787
4444,0.0006367315905910666
4445,0.000158453902022922
4446,0.00834437955106677
4447,0.6978117591606326
4448,1.582753496832451e-05
4449,0.007431853804889702
4450,0.126213858746595
4451,0.0005262049131870598
4452,1.565053269454379
4453,0.3373953044562608
4454,0.010317512232612892
4455,0.0012868350880923946
4456,0.3439211482469708
4457,0.00011280331878359811
4458,0.7407440606330882
4459,0.0008073191152292991
4460,0.002149660040212066
4461,0.745474886906218
4462,0.0885837677878079
4463,0.7527261665424956
4464,0.7307796780230369
4465,0.010146306136559409
4466,1.9861665824988723
4467,0.01646323328645891
4468,0.6898482067839387
4469,0.216744724705633
4470,1.5709411771278354
4471,0.0055016997610655505
4472,1.328360922749536
4473,0.5595765295054402
4474,0.008126252726376534
4475,0.005764997234323897
4476,1.0065780749236077
4477,5.027707085700621e-08
4478,0.581879233461854
4479,1.12628252467072
4480,0.7409373537793583
4481,0.7873858323355444
4482,0.4895795879914292
4483,0.0003084481911965564
4484,0.06369822334301081
4485,0.05139912724309848
4486,0.6129641909205898
4487,0.08700186843991264
4488,7.977658495465051e-06
4489,1.070188088584069
4490,0.003919269118124673
4491,0.22633888206296549
4492,0.000499146606878876
4493,1.0490817752944774
4494,0.051864668345434246
4495,4.953227817238493e-05
4496,1.055881371435159
4497,0.0034213947225688484
4498,0.02283755758372084
4499,1.0858948904132104
4500,1.408944280348527
4501,1.5683466087554718
4502,0.11144848759552495
4503,0.036866480425093724
4504,0.013850833675375726
4505,0.13832609927174178
4506,1.873376312721331e-05
4507,1.3436822661841068
4508,0.08500127510063746
4509,0.3327691401324264
4510,0.0032514621157507255
4511,0.42160812735160286
4512,0.0047721603080763475
4513,1.5082116369621545
4514,1.273506450034986
4515,0.11980659517250392
4516,1.2370886016023603
4517,3.6870646541524824e-05
4518,0.15730617159892532
4519,0.9598564292231613
4520,1.6709801670354727
4521,1.1185248269789023
4522,1.0422455897934277
4523,0.6137741103459632
4524,0.008137710159158417
4525,0.01572423013108609
4526,1.3565024874841733
4527,0.32934168409427345
4528,0.5943683019687466
4529,0.020978409841804994
4530,0.3088674704912202
4531,1.5118020277080062
4532,0.21586091424060122
4533,0.20825173315662168
4534,0.0031110082488885037
4535,0.01408805749373118
4536,0.00014262375979352612
4537,0.5113035968965931
4538,0.0004883281186174548
4539,0.5233968678596728
4540,0.05423704438901583
4541,2.2159660470159354e-05
4542,0.007270097004642401
4543,0.6417897986811234
4544,1.1303033994619116
4545,1.4565058942867541
4546,0.23564252956421416
4547,1.2362741575696337
4548,1.4503527957842306
4549,1.6672126749222733e-05
4550,0.0011505670717976417
4551,0.4774580676111325
4552,1.295547994466613e-05
4553,0.09347731816775896
4554,0.8444071479426414
4555,0.7638751853326501
4556,1.2357309228278668
4557,2.3466981132099988e-05
4558,0.0012029533481118311
4559,1.6045110487149283
4560,0.9816559005395771
4561,1.4451016768075824
4562,0.45180520579688555
4563,0.8572887611811469
4564,0.0029454699671298207
4565,0.05605034767236043
4566,0.026764032658446894
4567,0.0746815716490293
4568,1.2955724556541055
4569,1.345736291977434
4570,0.04802445207198057
4571,1.0446740865005186
4572,0.17154930122210324
4573,0.01821105596117708
4574,0.6405849254700959
4575,0.013984707534844276
4576,0.5340082650339597
4577,0.6532568965557821
4578,0.4826138817933531
4579,1.2857284087805498
4580,1.0542337631755272e-06
4581,2.8818459561608384e-06
4582,0.020440085544458617
4583,0.0054050867861550915
4584,0.14978271866839463
4585,0.03507950492544997
4586,1.1210535725270203
4587,0.07938889426034819
4588,5.901508390622215e-05
4589,0.005766278897444183
4590,0.0014368701446792265
4591,0.6857486331310635
4592,1.9228442947589204
4593,0.0008652143947434496
4594,0.7287169686868594
4595,0.2847483947309582
4596,0.09352935835408994
4597,0.6127108606391782
4598,1.1841292644358343
4599,0.3179681006584584
4600,0.0018574788266022726
4601,0.9507420620678264
4602,0.04360811249728988
4603,1.6101260482164652
4604,1.2309512142232166
4605,2.248208026172527e-05
4606,3.230309134198773e-07
4607,0.05852278215447349
4608,0.0002245097628042462
4609,1.439303798229406
4610,0.5673189480202374
4611,0.48892215922238585
4612,0.009495959655899416
4613,1.4458490139638576
4614,0.21521420977713954
4615,0.018965819165326712
4616,1.7783979506870102
4617,0.00024010901845163046
4618,0.530631356832095
4619,0.0001314301136976197
4620,0.33125953958181337
4621,0.6607984620426935
4622,1.0065053021704153
4623,0.011376269238358558
4624,1.4713072575496782
4625,0.009350514670283706
4626,0.0034495891219601723
4627,0.7673836753901409
4628,0.06131967059244308
4629,1.1215428699190677
4630,0.8857166146159628
4631,0.027110619334976674
4632,5.1058784734276354e-06
4633,0.0037681034307840916
4634,0.06322339946596486
4635,0.0340184190112136
4636,0.3178727528279125
4637,0.01443047068887991
4638,0.45111576704817796
4639,0.0022928166348357574
4640,1.0368708186547666
4641,0.03248879702831149
4642,1.8974693534863731
4643,0.3361345100363009
4644,1.0027528424481749
4645,0.07570463105174256
4646,0.9948776839345757
4647,0.011252477787340785
4648,0.004143427124357533
4649,0.013785254342355856
4650,0.1989100069913014
4651,1.3823967635895493
4652,0.4604575110983835
4653,1.1329630418089964
4654,0.7391604284224623
4655,1.5066630493996656
4656,1.3669339608006268
4657,0.19979607919568393
4658,0.5709092289890232
4659,0.8962625023260103
4660,0.05485873179445295
4661,0.18916990009774778
4662,0.060614031887176
4663,1.6598247282431782
4664,0.8807567987284612
4665,0.38692205711858524
4666,1.1315006793449467
4667,0.5923762273947928
4668,0.09579241896623412
4669,0.4343035304110562
4670,1.4825349681713701e-05
4671,0.3329800644233068
4672,1.5849026023445827
4673,1.608354023157079
4674,1.5328625174582047
4675,1.015018888281884
4676,0.0640864969553606
4677,0.01078841737652033
4678,0.0005870655436681018
4679,0.043509501693811604
4680,0.07578775125316106
4681,0.6938095852577109
4682,1.3860476724283959
4683,0.001987976883780383
4684,1.1545535652034415
4685,1.6067862954355067e-08
4686,2.3229734360316742e-05
4687,0.47467318881264275
4688,1.3392992604941831
4689,0.03995314576681613
4690,0.4795085017347237
4691,0.21835681827155307
4692,0.5548708530674953
4693,0.7027157546747753
4694,1.1902569499586764
4695,0.5378379291535644
4696,0.03509092313085287
4697,0.351075479684172
4698,1.2985397830666279
4699,1.4267806456113914
4700,0.0017898385122930632
4701,0.032820753677387744
4702,1.0396947753781071e-16
4703,0.011799859119571317
4704,0.0020152539085969466
4705,0.8675610266002007
4706,0.0020938558122711058
4707,0.8759781023035953
4708,0.8556656202028732
4709,0.3194810356363422
4710,2.764224556259763e-05
4711,0.06007602499659929
4712,1.3212589281273872
4713,1.328637995533822
4714,0.051149497625823555
4715,0.02732529463476823
4716,0.2704683742104877
4717,9.139286883352766e-11
4718,1.9117008576634564
4719,0.0030553060782592474
4720,0.06153685764115776
4721,0.37238095117716546
4722,1.488072357977058
4723,0.9749460764880238
4724,0.00015428947765542498
4725,8.97712142507943e-06
4726,0.00017757243423326233
4727,0.8762391589821614
4728,0.20422867787594143
4729,1.3807761211684528
4730,0.0015002667897491412
4731,1.7792430496772003
4732,1.1613261190598165
4733,0.0008128980717811204
4734,0.008176973264280185
4735,0.5659246996540169
4736,0.00016990914036821555
4737,0.5007573584178036
4738,3.0218945071864313e-07
4739,0.0006757788634782601
4740,0.30115318147101444
4741,0.0009163060484731105
4742,0.0032786345974662556
4743,0.10807100578842585
4744,0.11320618335428502
4745,0.8859597991297491
4746,0.40922928866068314
4747,1.5400483959335765
4748,1.5003958756195677
4749,0.04546645802949763
4750,3.9285192594193646e-05
4751,0.07687872342566729
4752,1.9085648240513773e-06
4753,1.1308272960169667
4754,0.12375653189512865
4755,0.03132690983298127
4756,7.994911186642018e-05
4757,0.526566220327443
4758,0.20475495205158506
4759,8.498527142437712e-07
4760,1.596000007291879
4761,0.7516291779667412
4762,0.3324908250744277
4763,0.9463237096226313
4764,0.0003525319038113404
4765,0.3265271889722516
4766,1.0548702782785588e-05
4767,3.898953616297506e-09
4768,0.046188182876858865
4769,0.5111959585455361
4770,0.03778031935298746
4771,0.34370188674577495
4772,4.012921140045127e-06
4773,0.5402200640376152
4774,8.646223948187538e-05
4775,0.8388809934596835
4776,0.001230405867632415
4777,0.26868242088742983
4778,1.2693831555875743
4779,4.005462381007143e-05
4780,1.3327162403552768
4781,1.8110715124148207e-05
4782,1.5968142403412704e-05
4783,0.9858062621434542
4784,0.012502628702889568
4785,0.9561899563124449
4786,1.0994378593857522e-05
4787,0.041899410989353424
4788,0.005370661447037708
4789,1.9159262243508737
4790,0.291164263671805
4791,0.7884019966184426
4792,0.5329496396527307
4793,1.3729441607514543
4794,0.10325863984488297
4795,1.21628449665913
4796,0.18253704651685732
4797,0.5476300682368926
4798,0.4134759641673901
4799,0.726773821089772
4800,0.0003088813835489561
4801,0.0004846811654944249
4802,0.8624891926828847
4803,0.013042808109294441
4804,0.5399244739750906
4805,4.17676520410995e-07
4806,0.0017061714274449046
4807,1.4711234188521414
4808,0.022078705553704742
4809,1.4265637255308214
4810,1.422084759965369e-06
4811,1.2029848935546628
4812,3.7478957449453963e-07
4813,1.1055667523381634
4814,0.6796625250196106
4815,1.3965897336863585e-05
4816,0.0005598366224423325
4817,0.019117564030112583
4818,0.31602978576325097
4819,0.00018311589056587267
4820,0.003914063108702301
4821,4.004206460777484e-10
4822,1.2613402054809444
4823,0.6362358478589899
4824,0.5600914797662265
4825,0.000145110403895013
4826,1.7083099640223698
4827,0.05915417069881273
4828,0.0873379038015908
4829,1.5151317462836418
4830,5.434119068446629e-07
4831,0.00011898553145450528
4832,0.17257099442130988
4833,0.043310117341167784
4834,1.0312747227010436e-10
4835,0.0032493096289783773
4836,0.04608695817435758
4837,1.5076897310564366
4838,0.8915130280010449
4839,1.3900043137282116
4840,0.07222537441859019
4841,1.2893332400237997e-08
4842,0.1586159323822954
4843,1.7163599572919759
4844,0.0836156706008417
4845,0.608541253539189
4846,1.2439025348517734
4847,0.0014371374323900728
4848,0.3251479897173023
4849,0.01379979307203596
4850,0.4699353420300188
4851,0.7792907294538831
4852,5.911220081168018e-10
4853,0.8658179130309606
4854,0.012169202715951902
4855,1.5037629690121326
4856,1.0680471509534135
4857,0.0023584847293818185
4858,1.8100062950587572
4859,0.8552690665291681
4860,0.6123304682665759
4861,0.11845535033660405
4862,0.5013205166672187
4863,0.028926466716931238
4864,0.41931286263809925
4865,0.33740037296338965
4866,1.307683890796518
4867,1.3976413383336186
4868,1.1706804141791988e-05
4869,0.9619725895896736
4870,0.008919655154703575
4871,0.6323408978505184
4872,0.5011027575108072
4873,0.9305058839538328
4874,0.03348911574099372
4875,0.27886654907800823
4876,0.00048434663507248096
4877,0.007826499093576538
4878,1.6058583597928318
4879,1.6061384627981287e-05
4880,0.8118173416381624
4881,0.13085054476341695
4882,0.17120115634698377
4883,0.024258891804093668
4884,0.07800469389434558
4885,0.0009017261754020102
4886,0.8163631002368289
4887,1.0865132170869747
4888,0.6460177143663235
4889,1.5372934520336232
4890,0.7746285663224997
4891,1.3007733187862238
4892,4.49097518860502e-05
4893,0.15300908215298623
4894,0.000519793071770549
4895,0.017160273475856195
4896,0.0006848220377777732
4897,0.5102356511854385
4898,0.22519852067741722
4899,0.03134720219414239
4900,1.0767865939275456
4901,0.874763723812759
4902,0.06844635325257771
4903,0.798657829666532
4904,1.131771172381031
4905,0.06948228811244021
4906,1.4759034713122576
4907,0.4711602220093876
4908,0.01528112473788546
4909,0.0014948264201683412
4910,0.003612966741368015
4911,1.4165537820699066e-08
4912,0.1896135182629238
4913,1.6019396235831553
4914,1.6478528280879516
4915,1.1322372809389818
4916,0.23904129221397896
4917,1.184692391376176
4918,0.9319805527217556
4919,1.0077398873664047
4920,1.133583760387035e-06
4921,0.5724776820392217
4922,0.4200099190833036
4923,0.9446204006331899
4924,0.8044613866494045
4925,1.04502151372246
4926,0.00019231847536406186
4927,0.17692822304504835
4928,0.2757901469516576
4929,0.0024854251534948725
4930,0.14462597799412302
4931,0.030946529764473513
4932,0.12748749102161225
4933,0.9208364079817731
4934,0.004675651450510746
4935,0.7842183483301135
4936,0.1571037534125293
4937,0.0010652001299994078
4938,0.6371075876820707
4939,1.4515944730603556
4940,0.00532077968563543
4941,0.24009155610355656
4942,6.129387296935432e-11
4943,0.9259712482631969
4944,0.12054789045003422
4945,1.8340906568861106
4946,4.103499218410497e-05
4947,0.0010011082143971896
4948,0.0007946275215660296
4949,1.482932353851013
4950,4.894329980885607e-07
4951,0.01262757291485528
4952,0.007073197248025453
4953,1.415216783202773
4954,0.11269178398835919
4955,1.388107075419363e-12
4956,0.0005278027580755848
4957,0.4630821445503819
4958,1.4234541357880822e-07
4959,1.1498094211942922e-10
4960,0.156477388328947
4961,1.241881398601975
4962,6.567038595469904e-05
4963,0.22852495965961725
4964,0.0001283671205972409
4965,0.9870102733761735
4966,0.03620131548091356
4967,0.2028636325536524
4968,0.3750433519303815
4969,0.17378953070447203
4970,0.025212982671665673
4971,1.9637830942048944
4972,0.04707007527482502
4973,0.553252016306808
4974,2.6807518821924717e-06
4975,0.5751699838235317
4976,0.024063258737451586
4977,0.049242375940074155
4978,0.39564265502712737
4979,0.2612048262862025
4980,3.519072647893529e-11
4981,0.012019097501158985
4982,0.781053656124033
4983,0.11593838596845567
4984,0.4193140440603759
4985,8.985634050622732e-07
4986,0.0043496501678500984
4987,1.8313838406423484
4988,9.299401780162451e-05
4989,1.2564393536108773
4990,1.6258217014020804
4991,0.7964773628946192
4992,0.07806416251133422
4993,0.2357123349387064
4994,0.7965056615056815
4995,0.038418045625564334
4996,0.016363217045349245
4997,0.3532075978776895
4998,1.1189272828583676
4999,0.6050161031885025
